timestamp,pitch,roll,yaw,light,led_status,solar_status,mode
22:04:27,8.15752186,43.15300924,0,427,OFF,RETRACTED,MANUAL
22:04:27,9.385165667,42.45388892,0,430,OFF,RETRACTED,MANUAL
22:04:27,10.51715276,41.64652358,0,438,OFF,RETRACTED,MANUAL
22:04:27,11.54194554,40.73297176,0,440,OFF,RETRACTED,MANUAL
22:04:27,12.44909899,39.71556276,0,437,OFF,RETRACTED,MANUAL
22:04:27,13.2293671,38.59689066,0,428,OFF,RETRACTED,MANUAL
22:04:27,13.87479712,37.37980776,0,415,OFF,RETRACTED,MANUAL
22:04:27,14.37881061,36.06741727,0,412,OFF,RETRACTED,MANUAL
22:04:28,14.73627051,34.66306539,0,413,OFF,RETRACTED,MANUAL
22:04:28,14.94353345,33.17033281,0,423,OFF,RETRACTED,MANUAL
22:04:28,14.99848694,31.59302557,0,430,OFF,RETRACTED,MANUAL
22:04:28,14.90057089,29.93516533,0,438,OFF,RETRACTED,MANUAL
22:04:28,14.65078329,28.20097916,0,440,OFF,RETRACTED,MANUAL
22:04:28,14.25167005,26.39488873,0,437,OFF,RETRACTED,MANUAL
22:04:28,13.70729907,24.52149904,0,428,OFF,RETRACTED,MANUAL
22:04:28,13.02321875,22.58558668,0,415,OFF,RETRACTED,MANUAL
22:04:28,12.20640148,20.59208768,0,412,OFF,RETRACTED,MANUAL
22:04:28,11.26517252,18.54608486,0,413,OFF,RETRACTED,MANUAL
22:04:29,10.20912518,16.45279493,0,422,OFF,RETRACTED,MANUAL
22:04:29,9.049023067,14.31755519,0,430,OFF,RETRACTED,MANUAL
22:04:29,7.79669031,12.14580985,0,438,OFF,RETRACTED,MANUAL
22:04:29,6.464891102,9.943096252,0,440,OFF,RETRACTED,MANUAL
22:04:29,5.067199582,7.715030658,0,437,OFF,RETRACTED,MANUAL
22:04:29,3.617861486,5.467293987,0,428,OFF,RETRACTED,MANUAL
22:04:29,2.131648947,3.205617313,0,416,OFF,RETRACTED,MANUAL
22:04:29,0.623709936,0.935767251,0,412,OFF,RETRACTED,MANUAL
22:04:29,-0.890586133,-1.336468744,0,414,OFF,RETRACTED,MANUAL
22:04:29,-2.395805053,-3.605297135,0,423,OFF,RETRACTED,MANUAL
22:04:30,-3.876605135,-5.86493307,0,430,OFF,RETRACTED,MANUAL
22:04:30,-5.317893573,-8.109615138,0,438,OFF,RETRACTED,MANUAL
22:04:30,-6.704980278,-10.33362006,0,440,OFF,RETRACTED,MANUAL
22:04:30,-8.023727603,-12.53127726,0,437,OFF,RETRACTED,MANUAL
22:04:30,-9.260694439,-14.69698336,0,428,OFF,RETRACTED,MANUAL
22:04:30,-10.40327321,-16.82521645,0,416,OFF,RETRACTED,MANUAL
22:04:30,-11.43981837,-18.91055015,0,412,OFF,RETRACTED,MANUAL
22:04:30,-12.35976512,-20.94766746,0,413,OFF,RETRACTED,MANUAL
22:04:30,-13.15373704,-22.93137434,0,423,OFF,RETRACTED,MANUAL
22:04:30,-13.81364172,-24.85661291,0,430,OFF,RETRACTED,MANUAL
22:04:31,-14.33275319,-26.71847437,0,438,OFF,RETRACTED,MANUAL
22:04:31,-14.70578049,-28.51221152,0,440,OFF,RETRACTED,MANUAL
22:04:31,-14.9289216,-30.23325086,0,437,OFF,RETRACTED,MANUAL
22:04:31,-14.9999022,-31.87720423,0,429,OFF,RETRACTED,MANUAL
22:04:31,-14.91799883,-33.43988004,0,416,OFF,RETRACTED,MANUAL
22:04:31,-14.68404627,-34.91729391,0,412,OFF,RETRACTED,MANUAL
22:04:31,-14.30042905,-36.30567888,0,413,OFF,RETRACTED,MANUAL
22:04:31,-13.77105712,-37.60149497,0,423,OFF,RETRACTED,MANUAL
22:04:31,-13.10132601,-38.80143822,0,430,OFF,RETRACTED,MANUAL
22:04:31,-12.29806185,-39.90244914,0,438,OFF,RETRACTED,MANUAL
22:04:32,-11.36945177,-40.90172045,0,440,OFF,RETRACTED,MANUAL
22:04:32,-10.32496047,-41.79670432,0,437,OFF,RETRACTED,MANUAL
22:04:32,-9.17523375,-42.5851188,0,428,OFF,RETRACTED,MANUAL
22:04:32,-7.93199001,-43.26495366,0,416,OFF,RETRACTED,MANUAL
22:04:32,-6.607900801,-43.83447551,0,412,OFF,RETRACTED,MANUAL
22:04:32,-5.216461678,-44.29223225,0,414,OFF,RETRACTED,MANUAL
22:04:32,-3.77185465,-44.63705672,0,422,OFF,RETRACTED,MANUAL
22:04:32,-2.28880363,-44.86806974,0,430,OFF,RETRACTED,MANUAL
22:04:32,-0.782424365,-44.98468227,0,438,OFF,RETRACTED,MANUAL
22:04:32,0.731929629,-44.986597,0,440,OFF,RETRACTED,MANUAL
22:04:33,2.238823553,-44.87380904,0,438,OFF,RETRACTED,MANUAL
22:04:33,3.722898646,-44.64660596,0,429,OFF,RETRACTED,MANUAL
22:04:33,5.169028723,-44.30556707,0,416,OFF,RETRACTED,MANUAL
22:04:33,6.562474346,-43.85156192,0,412,OFF,RETRACTED,MANUAL
22:04:33,7.889033058,-43.2857481,0,413,OFF,RETRACTED,MANUAL
22:04:33,9.135184131,-42.60956824,0,423,OFF,RETRACTED,MANUAL
22:04:33,10.28822638,-41.82474643,0,430,OFF,RETRACTED,MANUAL
22:04:33,11.33640762,-40.93328373,0,438,OFF,RETRACTED,MANUAL
22:04:33,12.26904444,-39.9374531,0,440,OFF,RETRACTED,MANUAL
22:04:33,13.07663109,-38.83979363,0,437,OFF,RETRACTED,MANUAL
22:04:34,13.75093639,-37.64310402,0,428,OFF,RETRACTED,MANUAL
22:04:34,14.28508759,-36.35043549,0,416,OFF,RETRACTED,MANUAL
22:04:34,14.67364044,-34.96508395,0,412,OFF,RETRACTED,MANUAL
22:04:34,14.91263469,-33.49058167,0,413,OFF,RETRACTED,MANUAL
22:04:34,14.99963443,-31.93068817,0,423,OFF,RETRACTED,MANUAL
22:04:34,14.93375292,-30.28938074,0,430,OFF,RETRACTED,MANUAL
22:04:34,14.71566166,-28.57084423,0,438,OFF,RETRACTED,MANUAL
22:04:34,14.3475835,-26.77946041,0,440,OFF,RETRACTED,MANUAL
22:04:34,13.83327002,-24.91979679,0,437,OFF,RETRACTED,MANUAL
22:04:34,13.17796326,-22.99659496,0,429,OFF,RETRACTED,MANUAL
22:04:35,12.38834234,-21.01475852,0,416,OFF,RETRACTED,MANUAL
22:04:35,11.47245533,-18.97934059,0,412,OFF,RETRACTED,MANUAL
22:04:35,10.43963726,-16.89553087,0,413,OFF,RETRACTED,MANUAL
22:04:35,9.300414941,-14.76864249,0,423,OFF,RETRACTED,MANUAL
22:04:35,8.066399716,-12.60409838,0,430,OFF,RETRACTED,MANUAL
22:04:35,6.750169073,-10.4074175,0,438,OFF,RETRACTED,MANUAL
22:04:35,5.36513847,-8.184200737,0,440,OFF,RETRACTED,MANUAL
22:04:35,3.925424599,-5.940116656,0,437,OFF,RETRACTED,MANUAL
22:04:35,2.445701501,-3.680887011,0,428,OFF,RETRACTED,MANUAL
22:04:35,0.941051002,-1.41227218,0,416,OFF,RETRACTED,MANUAL
22:04:36,-0.573191,0.859943534,0,412,OFF,RETRACTED,MANUAL
22:04:36,-2.081590849,3.129966643,0,413,OFF,RETRACTED,MANUAL
22:04:36,-3.568774436,5.39200925,0,423,OFF,RETRACTED,MANUAL
22:04:36,-5.01958389,7.640303808,0,430,OFF,RETRACTED,MANUAL
22:04:36,-6.419232084,9.869117822,0,438,OFF,RETRACTED,MANUAL
22:04:36,-7.753453337,12.07276847,0,440,OFF,RETRACTED,MANUAL
22:04:36,-9.008648826,14.24563708,0,437,OFF,RETRACTED,MANUAL
22:04:36,-10.17202518,16.38218347,0,429,OFF,RETRACTED,MANUAL
22:04:36,-11.23172489,18.47696008,0,416,OFF,RETRACTED,MANUAL
22:04:36,-12.17694713,20.52462583,0,412,OFF,RETRACTED,MANUAL
22:04:37,-12.9980579,22.51995978,0,413,OFF,RETRACTED,MANUAL
22:04:37,-13.68668815,24.45787441,0,422,OFF,RETRACTED,MANUAL
22:04:37,-14.23581915,26.3334286,0,430,OFF,RETRACTED,MANUAL
22:04:37,-14.63985396,28.14184023,0,437,OFF,RETRACTED,MANUAL
22:04:37,-14.89467453,29.87849838,0,440,OFF,RETRACTED,MANUAL
22:04:37,-14.99768364,31.53897509,0,438,OFF,RETRACTED,MANUAL
22:04:37,-14.9478314,33.11903662,0,429,OFF,RETRACTED,MANUAL
22:04:37,-14.7456259,34.61465427,0,416,OFF,RETRACTED,MANUAL
22:04:37,-14.3931281,36.02201466,0,412,OFF,RETRACTED,MANUAL
22:04:38,-13.89393077,37.33752943,0,413,OFF,RETRACTED,MANUAL
22:04:38,-13.2531219,38.5578444,0,422,OFF,RETRACTED,MANUAL
22:04:38,-12.47723282,39.67984812,0,429,OFF,RETRACTED,MANUAL
22:04:38,-11.57417165,40.70067981,0,437,OFF,RETRACTED,MANUAL
22:04:38,-10.55314268,41.61773666,0,440,OFF,RETRACTED,MANUAL
22:04:38,-9.424552596,42.42868042,0,437,OFF,RETRACTED,MANUAL
22:04:38,-8.199904345,43.13144343,0,429,OFF,RETRACTED,MANUAL
22:04:38,-6.891679953,43.72423386,0,416,OFF,RETRACTED,MANUAL
22:04:38,-5.513213276,44.20554025,0,412,OFF,RETRACTED,MANUAL
22:04:38,-4.078554103,44.57413542,0,412,OFF,RETRACTED,MANUAL
22:04:39,-2.602324956,44.82907956,0,421,OFF,RETRACTED,MANUAL
22:04:39,-1.099572051,44.96972263,0,429,OFF,RETRACTED,MANUAL
22:04:39,0.414388057,44.99570604,0,437,OFF,RETRACTED,MANUAL
22:04:39,1.924124585,44.90696353,0,440,OFF,RETRACTED,MANUAL
22:04:39,3.414249797,44.70372138,0,438,OFF,RETRACTED,MANUAL
22:04:39,4.869575845,44.38649779,0,430,OFF,RETRACTED,MANUAL
22:04:39,6.275269562,43.95610158,0,416,OFF,RETRACTED,MANUAL
22:04:39,7.617003654,43.41363015,0,412,OFF,RETRACTED,MANUAL
22:04:39,8.881102721,42.76046664,0,413,OFF,RETRACTED,MANUAL
22:04:39,10.05468265,41.99827642,0,417,OFF,RETRACTED,MANUAL
22:04:40,11.12578192,41.12900285,0,428,OFF,RETRACTED,MANUAL
22:04:40,12.08348353,40.15486234,0,437,OFF,RETRACTED,MANUAL
22:04:40,12.91802628,39.07833865,0,440,OFF,RETRACTED,MANUAL
22:04:40,13.62090423,37.9021766,0,439,OFF,RETRACTED,MANUAL
22:04:40,14.1849534,36.62937507,0,430,OFF,RETRACTED,MANUAL
22:04:40,14.60442484,35.26317933,0,421,OFF,RETRACTED,MANUAL
22:04:40,14.87504314,33.80707277,0,413,OFF,RETRACTED,MANUAL
22:04:40,14.99405007,32.26476805,0,413,OFF,RETRACTED,MANUAL
22:04:40,14.96023268,30.64019758,0,417,OFF,RETRACTED,MANUAL
22:04:40,14.77393564,28.93750356,0,428,OFF,RETRACTED,MANUAL
22:04:41,14.43705775,27.16102735,0,437,OFF,RETRACTED,MANUAL
22:04:41,13.95303259,25.31529846,0,440,OFF,RETRACTED,MANUAL
22:04:41,13.3267935,23.40502294,0,439,OFF,RETRACTED,MANUAL
22:04:41,12.56472331,21.43507144,0,432,OFF,RETRACTED,MANUAL
22:04:41,11.6745893,19.41046677,0,422,OFF,RETRACTED,MANUAL
22:04:41,10.66546402,17.33637108,0,413,OFF,RETRACTED,MANUAL
22:04:41,9.547632785,15.2180727,0,412,OFF,RETRACTED,MANUAL
22:04:41,8.332488919,13.06097268,0,417,OFF,RETRACTED,MANUAL
22:04:41,7.032417565,10.87057099,0,428,OFF,RETRACTED,MANUAL
22:04:41,5.660669482,8.652452523,0,436,OFF,RETRACTED,MANUAL
22:04:42,4.23122598,6.412272824,0,440,OFF,RETRACTED,MANUAL
22:04:42,2.758656422,4.155743702,0,439,OFF,RETRACTED,MANUAL
22:04:42,1.257969724,1.888618646,0,434,OFF,RETRACTED,MANUAL
22:04:42,-0.255538619,-0.383321835,0,423,OFF,RETRACTED,MANUAL
22:04:42,-1.766442427,-2.654284958,0,413,OFF,RETRACTED,MANUAL
22:04:42,-3.259342069,-4.918480429,0,413,OFF,RETRACTED,MANUAL
22:04:42,-4.719021417,-7.170135211,0,416,OFF,RETRACTED,MANUAL
22:04:42,-6.130602935,-9.403508242,0,427,OFF,RETRACTED,MANUAL
22:04:42,-7.479699317,-11.61290507,0,435,OFF,RETRACTED,MANUAL
22:04:42,-8.752560127,-13.79269238,0,439,OFF,RETRACTED,MANUAL
22:04:43,-9.936211944,-15.93731236,0,440,OFF,RETRACTED,MANUAL
22:04:43,-11.0185906,-18.04129683,0,434,OFF,RETRACTED,MANUAL
22:04:43,-11.98866413,-20.09928127,0,424,OFF,RETRACTED,MANUAL
22:04:43,-12.83654522,-22.10601841,0,414,OFF,RETRACTED,MANUAL
22:04:43,-13.55359199,-24.05639166,0,412,OFF,RETRACTED,MANUAL
22:04:43,-14.13249606,-25.94542813,0,415,OFF,RETRACTED,MANUAL
22:04:43,-14.56735705,-27.76831133,0,426,OFF,RETRACTED,MANUAL
22:04:43,-14.85374272,-29.52039345,0,434,OFF,RETRACTED,MANUAL
22:04:43,-14.98873411,-31.19720718,0,439,OFF,RETRACTED,MANUAL
22:04:43,-14.97095537,-32.79447714,0,440,OFF,RETRACTED,MANUAL
22:04:44,-14.80058769,-34.30813075,0,436,OFF,RETRACTED,MANUAL
22:04:44,-14.47936751,-35.73430865,0,426,OFF,RETRACTED,MANUAL
22:04:44,-14.01056883,-37.0693745,0,414,OFF,RETRACTED,MANUAL
22:04:44,-13.39896978,-38.30992426,0,412,OFF,RETRACTED,MANUAL
22:04:44,-12.650804,-39.4527949,0,415,OFF,RETRACTED,MANUAL
22:04:44,-11.77369703,-40.49507242,0,424,OFF,RETRACTED,MANUAL
22:04:44,-10.77658865,-41.43409934,0,433,OFF,RETRACTED,MANUAL
22:04:44,-9.669641699,-42.2674814,0,439,OFF,RETRACTED,MANUAL
22:04:44,-8.464138559,-42.99309372,0,440,OFF,RETRACTED,MANUAL
22:04:44,-7.172366116,-43.6090862,0,437,OFF,RETRACTED,MANUAL
22:04:45,-5.807490542,-44.11388825,0,427,OFF,RETRACTED,MANUAL
22:04:45,-4.3834231,-44.50621275,0,415,OFF,RETRACTED,MANUAL
22:04:45,-2.914678358,-44.78505941,0,412,OFF,RETRACTED,MANUAL
22:04:45,-1.416226248,-44.94971724,0,414,OFF,RETRACTED,MANUAL
22:04:45,0.096660508,-44.99976642,0,423,OFF,RETRACTED,MANUAL
22:04:45,1.608562068,-44.93507932,0,430,OFF,RETRACTED,MANUAL
22:04:45,3.104068631,-44.75582089,0,438,OFF,RETRACTED,MANUAL
22:04:45,4.567937499,-44.46244819,0,440,OFF,RETRACTED,MANUAL
22:04:45,5.985248434,-44.05570922,0,437,OFF,RETRACTED,MANUAL
22:04:45,7.341555735,-43.53664106,0,428,OFF,RETRACTED,MANUAL
22:04:46,8.623035467,-42.90656717,0,416,OFF,RETRACTED,MANUAL
22:04:46,9.816626366,-42.16709406,0,412,OFF,RETRACTED,MANUAL
22:04:46,10.91016296,-41.32010717,0,414,OFF,RETRACTED,MANUAL
22:04:46,11.89249955,-40.36776607,0,422,OFF,RETRACTED,MANUAL
22:04:46,12.75362386,-39.31249895,0,429,OFF,RETRACTED,MANUAL
22:04:46,13.484759,-38.15699643,0,437,OFF,RETRACTED,MANUAL
22:04:46,14.07845301,-36.90420472,0,440,OFF,RETRACTED,MANUAL
22:04:46,14.52865477,-35.55731805,0,437,OFF,RETRACTED,MANUAL
22:04:46,14.83077566,-34.11977061,0,429,OFF,RETRACTED,MANUAL
22:04:46,14.98173637,-32.59522771,0,416,OFF,RETRACTED,MANUAL
22:04:47,14.97999827,-30.98757649,0,412,OFF,RETRACTED,MANUAL
22:04:47,14.82557906,-29.30091601,0,412,OFF,RETRACTED,MANUAL
22:04:47,14.52005264,-27.53954674,0,416,OFF,RETRACTED,MANUAL
22:04:47,14.06653303,-25.70795966,0,428,OFF,RETRACTED,MANUAL
22:04:47,13.46964266,-23.8108248,0,436,OFF,RETRACTED,MANUAL
22:04:47,12.73546523,-21.85297928,0,439,OFF,RETRACTED,MANUAL
22:04:47,11.87148372,-19.83941504,0,438,OFF,RETRACTED,MANUAL
22:04:47,10.88650411,-17.77526609,0,430,OFF,RETRACTED,MANUAL
22:04:47,9.790565647,-15.6657954,0,422,OFF,RETRACTED,MANUAL
22:04:48,8.594838496,-13.5163815,0,413,OFF,RETRACTED,MANUAL
22:04:48,7.311509905,-11.33250478,0,412,OFF,RETRACTED,MANUAL
22:04:48,5.953659982,-9.119733475,0,415,OFF,RETRACTED,MANUAL
22:04:48,4.535128385,-6.883709514,0,427,OFF,RETRACTED,MANUAL
22:04:48,3.070373257,-4.630134104,0,434,OFF,RETRACTED,MANUAL
22:04:48,1.574323868,-2.364753204,0,439,OFF,RETRACTED,MANUAL
22:04:48,0.062228448,-0.093342873,0,439,OFF,RETRACTED,MANUAL
22:04:48,-1.450501224,2.178305454,0,433,OFF,RETRACTED,MANUAL
22:04:48,-2.948446908,4.444399739,0,424,OFF,RETRACTED,MANUAL
22:04:48,-4.416341044,6.699162102,0,413,OFF,RETRACTED,MANUAL
22:04:49,-5.839222369,8.936843557,0,411,OFF,RETRACTED,MANUAL
22:04:49,-7.202588405,11.15173867,0,414,OFF,RETRACTED,MANUAL
22:04:49,-8.492543275,13.33820011,0,424,OFF,RETRACTED,MANUAL
22:04:49,-9.695939331,15.49065302,0,433,OFF,RETRACTED,MANUAL
22:04:49,-10.80051116,17.6036093,0,438,OFF,RETRACTED,MANUAL
22:04:49,-11.7950006,19.67168151,0,439,OFF,RETRACTED,MANUAL
22:04:49,-12.66927149,21.68959668,0,436,OFF,RETRACTED,MANUAL
22:04:49,-13.41441297,23.6522097,0,427,OFF,RETRACTED,MANUAL
22:04:49,-14.02283031,25.5545165,0,415,OFF,RETRACTED,MANUAL
22:04:49,-14.48832231,27.39166674,0,412,OFF,RETRACTED,MANUAL
22:04:50,-14.80614454,29.15897623,0,413,OFF,RETRACTED,MANUAL
22:04:50,-14.97305763,30.85193884,0,423,OFF,RETRACTED,MANUAL
22:04:50,-14.98736037,32.46623801,0,430,OFF,RETRACTED,MANUAL
22:04:50,-14.84890696,33.99775775,0,437,OFF,RETRACTED,MANUAL
22:04:50,-14.55910857,35.44259314,0,440,OFF,RETRACTED,MANUAL
22:04:50,-14.12091893,36.79706026,0,437,OFF,RETRACTED,MANUAL
22:04:50,-13.5388042,38.05770562,0,428,OFF,RETRACTED,MANUAL
22:04:50,-12.81869749,39.22131494,0,416,OFF,RETRACTED,MANUAL
22:04:50,-11.96793838,40.28492136,0,412,OFF,RETRACTED,MANUAL
22:04:50,-10.99519807,41.24581298,0,412,OFF,RETRACTED,MANUAL
22:04:51,-9.910391062,42.10153983,0,417,OFF,RETRACTED,MANUAL
22:04:51,-8.724574064,42.84992004,0,428,OFF,RETRACTED,MANUAL
22:04:51,-7.449833318,43.48904547,0,436,OFF,RETRACTED,MANUAL
22:04:51,-6.099161403,44.01728652,0,440,OFF,RETRACTED,MANUAL
22:04:51,-4.686324814,44.43329634,0,438,OFF,RETRACTED,MANUAL
22:04:51,-3.225723651,44.73601423,0,432,OFF,RETRACTED,MANUAL
22:04:51,-1.732244843,44.92466835,0,422,OFF,RETRACTED,MANUAL
22:04:51,-0.221110423,44.99877767,0,413,OFF,RETRACTED,MANUAL
22:04:51,1.292277629,44.95815325,0,411,OFF,RETRACTED,MANUAL
22:04:51,2.792494358,44.80289866,0,415,OFF,RETRACTED,MANUAL
22:04:52,4.264249061,44.53340976,0,427,OFF,RETRACTED,MANUAL
22:04:52,5.692541124,44.15037367,0,434,OFF,RETRACTED,MANUAL
22:04:52,7.062812922,43.65476701,0,439,OFF,RETRACTED,MANUAL
22:04:52,8.361098192,43.04785344,0,439,OFF,RETRACTED,MANUAL
22:04:52,9.574164379,42.33118041,0,434,OFF,RETRACTED,MANUAL
22:04:52,10.68964751,41.50657523,0,424,OFF,RETRACTED,MANUAL
22:04:52,11.69617822,40.5761404,0,414,OFF,RETRACTED,MANUAL
22:04:52,12.5834976,39.54224826,0,412,OFF,RETRACTED,MANUAL
22:04:52,13.3425618,38.40753493,0,414,OFF,RETRACTED,MANUAL
22:04:52,13.9656342,37.17489359,0,423,OFF,RETRACTED,MANUAL
22:04:53,14.44636422,35.84746713,0,430,OFF,RETRACTED,MANUAL
22:04:53,14.77985212,34.4286401,0,438,OFF,RETRACTED,MANUAL
22:04:53,14.96269887,32.92203008,0,440,OFF,RETRACTED,MANUAL
22:04:53,14.99304083,31.3314785,0,437,OFF,RETRACTED,MANUAL
22:04:53,14.87056876,29.66104079,0,428,OFF,RETRACTED,MANUAL
22:04:53,14.59653092,27.91497609,0,416,OFF,RETRACTED,MANUAL
22:04:53,14.17372041,26.09773635,0,412,OFF,RETRACTED,MANUAL
22:04:53,13.60644664,24.213955,0,413,OFF,RETRACTED,MANUAL
22:04:53,12.90049146,22.26843514,0,421,OFF,RETRACTED,MANUAL
22:04:53,12.0630502,20.26613726,0,428,OFF,RETRACTED,MANUAL
22:04:54,11.10265833,18.21216666,0,437,OFF,RETRACTED,MANUAL
22:04:54,10.0291045,16.11176034,0,440,OFF,RETRACTED,MANUAL
22:04:54,8.853330707,13.97027374,0,438,OFF,RETRACTED,MANUAL
22:04:54,7.587320836,11.79316702,0,430,OFF,RETRACTED,MANUAL
22:04:54,6.243978477,9.585991163,0,421,OFF,RETRACTED,MANUAL
22:04:54,4.836995422,7.35437383,0,412,OFF,RETRACTED,MANUAL
22:04:54,3.380712107,5.104004991,0,411,OFF,RETRACTED,MANUAL
22:04:54,1.889971455,2.840622429,0,415,OFF,RETRACTED,MANUAL
22:04:54,0.379967587,0.569997109,0,426,OFF,RETRACTED,MANUAL
22:04:54,-1.133909036,-1.702081537,0,434,OFF,RETRACTED,MANUAL
22:04:55,-2.636228482,-3.969820372,0,439,OFF,RETRACTED,MANUAL
22:04:55,-4.111678615,-6.227437324,0,439,OFF,RETRACTED,MANUAL
22:04:55,-5.545221157,-8.469176129,0,434,OFF,RETRACTED,MANUAL
22:04:55,-6.922244968,-10.68932101,0,426,OFF,RETRACTED,MANUAL
22:04:55,-8.228714966,-12.88221124,0,414,OFF,RETRACTED,MANUAL
22:04:55,-9.451315175,-15.04225559,0,412,OFF,RETRACTED,MANUAL
22:04:55,-10.57758445,-17.16394658,0,414,OFF,RETRACTED,MANUAL
22:04:55,-11.59604348,-19.24187452,0,424,OFF,RETRACTED,MANUAL
22:04:55,-12.49631179,-21.2707413,0,432,OFF,RETRACTED,MANUAL
22:04:55,-13.26921356,-23.24537389,0,438,OFF,RETRACTED,MANUAL
22:04:56,-13.9068711,-25.16073757,0,440,OFF,RETRACTED,MANUAL
22:04:56,-14.40278521,-27.01194871,0,437,OFF,RETRACTED,MANUAL
22:04:56,-14.75190136,-28.79428727,0,428,OFF,RETRACTED,MANUAL
22:04:56,-14.95066124,-30.50320881,0,415,OFF,RETRACTED,MANUAL
22:04:56,-14.99703903,-32.13435606,0,412,OFF,RETRACTED,MANUAL
22:04:56,-14.89056204,-33.68357009,0,415,ON,RETRACTED,MANUAL
22:04:56,-14.6323155,-35.14690085,0,425,ON,RETRACTED,MANUAL
22:04:56,-14.22493155,-36.52061727,0,433,ON,RETRACTED,MANUAL
22:04:56,-13.6725624,-37.80121678,0,439,ON,RETRACTED,MANUAL
22:04:56,-12.98083795,-38.98543422,0,442,ON,RETRACTED,MANUAL
22:04:57,-12.15680851,-40.07025019,0,440,ON,RETRACTED,MANUAL
22:04:57,-11.20887284,-41.05289871,0,435,ON,RETRACTED,MANUAL
22:04:57,-10.14669264,-41.93087433,0,426,ON,RETRACTED,MANUAL
22:04:57,-8.981093976,-42.70193846,0,415,ON,RETRACTED,MANUAL
22:04:57,-7.723957031,-43.36412512,0,415,ON,RETRACTED,MANUAL
22:04:57,-6.388094957,-43.91574591,0,423,ON,RETRACTED,MANUAL
22:04:57,-4.987123304,-44.35539437,0,429,ON,RETRACTED,MANUAL
22:04:57,-3.535321237,-44.68194953,0,437,ON,RETRACTED,MANUAL
22:04:57,-2.047486006,-44.89457876,0,441,ON,RETRACTED,MANUAL
22:04:58,-0.538782119,-44.99273992,0,441,ON,RETRACTED,MANUAL
22:04:58,0.975413214,-44.97618273,0,437,ON,RETRACTED,MANUAL
22:04:58,2.479666813,-44.8449494,0,425,OFF,RETRACTED,MANUAL
22:04:58,3.958646825,-44.59937454,0,413,OFF,RETRACTED,MANUAL
22:04:58,5.397278999,-44.2400843,0,411,OFF,RETRACTED,MANUAL
22:04:58,6.780900316,-43.76799475,0,414,OFF,RETRACTED,MANUAL
22:04:58,8.095408452,-43.1843096,0,424,OFF,RETRACTED,MANUAL
22:04:58,9.327405503,-42.49051707,0,432,OFF,RETRACTED,MANUAL
22:04:58,10.46433455,-41.68838612,0,438,OFF,RETRACTED,MANUAL
22:04:58,11.49460763,-40.77996196,0,440,OFF,RETRACTED,MANUAL
22:04:59,12.40772386,-39.7675608,0,437,OFF,RETRACTED,MANUAL
22:04:59,13.19437646,-38.65376397,0,427,OFF,RETRACTED,MANUAL
22:04:59,13.8465476,-37.44141132,0,416,OFF,RETRACTED,MANUAL
22:04:59,14.35759015,-36.13359401,0,412,OFF,RETRACTED,MANUAL
22:04:59,14.72229538,-34.73364658,0,413,OFF,RETRACTED,MANUAL
22:04:59,14.9369461,-33.2451385,0,418,OFF,RETRACTED,MANUAL
22:04:59,14.99935452,-31.67186501,0,429,OFF,RETRACTED,MANUAL
22:04:59,14.90888454,-30.01783752,0,437,OFF,RETRACTED,MANUAL
22:04:59,14.66645828,-28.2872733,0,440,OFF,RETRACTED,MANUAL
22:04:59,14.27454661,-26.48458479,0,438,OFF,RETRACTED,MANUAL
22:05:00,13.73714404,-24.61436833,0,430,OFF,RETRACTED,MANUAL
22:05:00,13.05972795,-22.68139241,0,417,OFF,RETRACTED,MANUAL
22:05:00,12.24920278,-20.69058556,0,412,OFF,RETRACTED,MANUAL
22:05:00,11.31382968,-18.64702376,0,412,OFF,RETRACTED,MANUAL
22:05:00,10.26314228,-16.55591749,0,416,OFF,RETRACTED,MANUAL
22:05:00,9.107849538,-14.42259847,0,427,OFF,RETRACTED,MANUAL
22:05:00,7.859726573,-12.25250603,0,434,OFF,RETRACTED,MANUAL
22:05:00,6.531494672,-10.05117327,0,439,OFF,RETRACTED,MANUAL
22:05:00,5.136691613,-7.824212961,0,439,OFF,RETRACTED,MANUAL
22:05:00,3.689533692,-5.577303191,0,434,OFF,RETRACTED,MANUAL
22:05:01,2.204770822,-3.316172926,0,423,OFF,RETRACTED,MANUAL
22:05:01,0.697536197,-1.046587389,0,413,OFF,RETRACTED,MANUAL
22:05:01,-0.816807948,1.225666641,0,412,OFF,RETRACTED,MANUAL
22:05:01,-2.322826916,3.494795579,0,414,OFF,RETRACTED,MANUAL
22:05:01,-3.805170863,5.755013808,0,427,ON,RETRACTED,MANUAL
22:05:01,-5.248731248,8.000558432,0,436,ON,RETRACTED,MANUAL
22:05:01,-6.638794825,10.22570397,0,440,ON,RETRACTED,MANUAL
22:05:01,-7.961193606,12.42477694,0,441,ON,RETRACTED,MANUAL
22:05:01,-9.202449265,14.59217037,0,438,ON,RETRACTED,MANUAL
22:05:01,-10.34991051,16.72235801,0,430,ON,RETRACTED,MANUAL
22:05:02,-11.39188204,18.80990853,0,417,ON,RETRACTED,MANUAL
22:05:02,-12.31774374,20.84949927,0,414,ON,RETRACTED,MANUAL
22:05:02,-13.11805891,22.83592988,0,415,ON,RETRACTED,MANUAL
22:05:02,-13.78467048,24.76413553,0,424,ON,RETRACTED,MANUAL
22:05:02,-14.31078412,26.62919986,0,433,ON,RETRACTED,MANUAL
22:05:02,-14.69103751,28.42636751,0,439,ON,RETRACTED,MANUAL
22:05:02,-14.92155498,30.15105622,0,441,ON,RETRACTED,MANUAL
22:05:02,-14.99998702,31.79886854,0,440,ON,RETRACTED,MANUAL
22:05:02,-14.92553422,33.36560302,0,434,ON,RETRACTED,MANUAL
22:05:02,-14.69895544,34.84726496,0,424,ON,RETRACTED,MANUAL
22:05:03,-14.32256003,36.24007655,0,415,ON,RETRACTED,MANUAL
22:05:03,-13.80018434,37.54048652,0,415,ON,RETRACTED,MANUAL
22:05:03,-13.1371526,38.74517921,0,423,ON,RETRACTED,MANUAL
22:05:03,-12.34022266,39.85108301,0,430,ON,RETRACTED,MANUAL
22:05:03,-11.41751707,40.85537817,0,438,ON,RETRACTED,MANUAL
22:05:03,-10.37844037,41.75550405,0,442,ON,RETRACTED,MANUAL
22:05:03,-9.233583169,42.54916559,0,441,ON,RETRACTED,MANUAL
22:05:03,-7.994614229,43.23433917,0,423,ON,RETRACTED,MANUAL
22:05:03,-6.674161532,43.80927781,0,149,ON,RETRACTED,MANUAL
22:05:03,-5.28568357,44.27251558,0,106,ON,RETRACTED,MANUAL
22:05:04,-3.84333217,44.62287137,0,96,ON,RETRACTED,MANUAL
22:05:04,-2.361808255,44.85945185,0,88,ON,RETRACTED,AUTO
22:05:04,-0.856212009,44.98165383,0,88,ON,RETRACTED,AUTO
22:05:04,0.658111034,44.98916573,0,355,ON,RETRACTED,AUTO
22:05:04,2.165726391,44.88196838,0,412,ON,RETRACTED,AUTO
22:05:04,3.651267948,44.66033512,0,429,ON,RETRACTED,AUTO
22:05:04,5.099594572,44.32483104,0,429,ON,RETRACTED,AUTO
22:05:04,6.495944439,43.87631159,0,422,ON,RETRACTED,AUTO
22:05:04,7.826085488,43.31592035,0,412,ON,RETRACTED,AUTO
22:05:04,9.076460482,42.64508615,0,408,ON,RETRACTED,AUTO
22:05:05,10.23432518,41.86551944,0,303,ON,RETRACTED,AUTO
22:05:05,11.28787825,40.97920787,0,128,ON,RETRACTED,AUTO
22:05:05,12.22638153,39.98841129,0,115,ON,RETRACTED,AUTO
22:05:05,13.04026947,38.89565593,0,108,ON,RETRACTED,AUTO
22:05:05,13.72124667,37.70372801,0,103,ON,RETRACTED,AUTO
22:05:05,14.26237238,36.41566658,0,98,ON,RETRACTED,AUTO
22:05:05,14.65813126,35.03475584,0,99,ON,RETRACTED,AUTO
22:05:05,14.90448962,33.5645167,0,100,ON,RETRACTED,AUTO
22:05:05,14.99893648,32.00869783,0,100,ON,RETRACTED,AUTO
22:05:05,14.94050921,30.37126614,0,99,ON,RETRACTED,AUTO
22:05:06,14.72980332,28.65639658,0,99,ON,RETRACTED,AUTO
22:05:06,14.3689664,26.86846157,0,99,ON,RETRACTED,AUTO
22:05:06,13.86167621,25.01201984,0,99,ON,RETRACTED,AUTO
22:05:06,13.21310323,23.09180475,0,99,ON,RETRACTED,AUTO
22:05:06,12.42985792,21.1127123,0,99,ON,RETRACTED,AUTO
22:05:06,11.51992338,19.0797886,0,99,ON,RETRACTED,AUTO
22:05:06,10.49257397,16.99821701,0,99,ON,RETRACTED,AUTO
22:05:06,9.358280762,14.87330493,0,98,ON,RETRACTED,AUTO
22:05:06,8.128604862,12.71047026,0,98,ON,RETRACTED,AUTO
22:05:06,6.816079529,10.51522761,0,98,ON,RETRACTED,AUTO
22:05:07,5.434082455,8.293174189,0,93,ON,RETRACTED,AUTO
22:05:07,3.996699413,6.0499756,0,386,ON,RETRACTED,AUTO
22:05:07,2.518580687,3.791351338,0,421,ON,RETRACTED,AUTO
22:05:07,1.014791751,1.523060238,0,432,ON,RETRACTED,AUTO
22:05:07,-0.499340277,-0.749114221,0,433,ON,RETRACTED,AUTO
22:05:07,-2.008382865,-3.019378658,0,427,ON,RETRACTED,AUTO
22:05:07,-3.496955349,-5.281944561,0,414,ON,RETRACTED,AUTO
22:05:07,-4.949885705,-7.531043047,0,413,ON,RETRACTED,AUTO
22:05:07,-6.352365187,-9.760939572,0,415,ON,RETRACTED,AUTO
22:05:08,-7.690099259,-11.96594855,0,426,ON,RETRACTED,AUTO
22:05:08,-8.949453291,-14.14044785,0,434,ON,RETRACTED,AUTO
22:05:08,-10.11759153,-16.27889314,0,440,ON,RETRACTED,AUTO
22:05:08,-11.18260793,-18.37583201,0,442,ON,RETRACTED,AUTO
22:05:08,-12.13364748,-20.42591786,0,440,ON,RETRACTED,AUTO
22:05:08,-12.96101688,-22.42392359,0,433,ON,RETRACTED,AUTO
22:05:08,-13.6562833,-24.36475486,0,709,ON,DEPLOYED,AUTO
22:05:08,-14.21236035,-26.24346312,0,691,ON,DEPLOYED,AUTO
22:05:08,-14.62358033,-28.05525821,0,775,ON,DEPLOYED,AUTO
22:05:08,-14.88575192,-29.79552058,0,808,ON,DEPLOYED,AUTO
22:05:09,-14.99620301,-31.45981307,0,859,ON,DEPLOYED,AUTO
22:05:09,-14.95380782,-33.04389223,0,928,ON,DEPLOYED,AUTO
22:05:09,-14.75899847,-34.5437191,0,994,ON,DEPLOYED,AUTO
22:05:09,-14.41376052,-35.95546957,0,1024,ON,DEPLOYED,AUTO
22:05:09,-13.92161275,-37.2755441,0,1024,ON,DEPLOYED,AUTO
22:05:09,-13.28757129,-38.50057687,0,1024,ON,DEPLOYED,AUTO
22:05:09,-12.51809851,-39.6274444,0,1024,ON,DEPLOYED,AUTO
22:05:09,-11.62103711,-40.65327353,0,1024,ON,DEPLOYED,AUTO
22:05:09,-10.60553026,-41.57544867,0,1024,ON,DEPLOYED,AUTO
22:05:09,-9.481928326,-42.39161856,0,1024,ON,DEPLOYED,AUTO
22:05:10,-8.26168344,-43.09970219,0,1024,ON,DEPLOYED,AUTO
22:05:10,-6.95723274,-43.69789417,0,1024,ON,DEPLOYED,AUTO
22:05:10,-5.581871619,-44.18466927,0,1024,ON,DEPLOYED,AUTO
22:05:10,-4.149618213,-44.55878637,0,1024,ON,DEPLOYED,AUTO
22:05:10,-2.675070525,-44.81929157,0,1024,ON,DEPLOYED,AUTO
22:05:10,-1.173257631,-44.96552066,0,1024,ON,DEPLOYED,AUTO
22:05:10,0.340513493,-44.9971008,0,1024,ON,DEPLOYED,AUTO
22:05:10,1.850813991,-44.91395147,0,1024,ON,DEPLOYED,AUTO
22:05:10,3.342250379,-44.71628467,0,1024,ON,DEPLOYED,AUTO
22:05:10,4.799621445,-44.4046044,0,1024,ON,DEPLOYED,AUTO
22:05:11,6.208073179,-43.97970536,0,1024,ON,DEPLOYED,AUTO
22:05:11,7.553250175,-43.4426709,0,1024,ON,DEPLOYED,AUTO
22:05:11,8.821441942,-42.79487032,0,1024,ON,DEPLOYED,AUTO
22:05:11,9.999722652,-42.03795531,0,1024,ON,DEPLOYED,AUTO
22:05:11,11.07608288,-41.17385579,0,1024,ON,DEPLOYED,AUTO
22:05:11,12.03955199,-40.20477495,0,1024,ON,DEPLOYED,AUTO
22:05:11,12.88031001,-39.13318368,0,1024,ON,DEPLOYED,AUTO
22:05:11,13.58978764,-37.96181421,0,1024,ON,DEPLOYED,AUTO
22:05:11,14.16075365,-36.6936532,0,1024,ON,DEPLOYED,AUTO
22:05:11,14.58738857,-35.33193408,0,1024,ON,DEPLOYED,AUTO
22:05:12,14.865344,-33.88012885,0,1024,ON,DEPLOYED,AUTO
22:05:12,14.99178691,-32.34193918,0,1024,ON,DEPLOYED,AUTO
22:05:12,14.96542857,-30.721287,0,1024,ON,DEPLOYED,AUTO
22:05:12,14.78653762,-29.02230452,0,1024,ON,DEPLOYED,AUTO
22:05:12,14.45693738,-27.24932363,0,1024,ON,DEPLOYED,AUTO
22:05:12,13.97998725,-25.40686492,0,1024,ON,DEPLOYED,AUTO
22:05:12,13.36054845,-23.49962612,0,1024,ON,DEPLOYED,AUTO
22:05:12,12.60493452,-21.53247013,0,1024,ON,DEPLOYED,AUTO
22:05:12,11.72084693,-19.51041263,0,1024,ON,DEPLOYED,AUTO
22:05:12,10.71729657,-17.43860928,0,1024,ON,DEPLOYED,AUTO
22:05:13,9.604511986,-15.32234256,0,1024,ON,DEPLOYED,AUTO
22:05:13,8.39383503,-13.16700834,0,1024,ON,DEPLOYED,AUTO
22:05:13,7.097605326,-10.9781021,0,1024,ON,DEPLOYED,AUTO
22:05:13,5.729034478,-8.761204897,0,1024,ON,DEPLOYED,AUTO
22:05:13,4.302071413,-6.521969181,0,1024,ON,DEPLOYED,AUTO
22:05:13,2.831260211,-4.266104349,0,1024,ON,DEPLOYED,AUTO
22:05:13,1.331591867,-1.999362195,0,1024,ON,DEPLOYED,AUTO
22:05:13,-0.181648502,0.272477748,0,1024,ON,DEPLOYED,AUTO
22:05:13,-1.69303745,2.543622953,0,1024,ON,DEPLOYED,AUTO
22:05:13,-3.187170399,4.808282662,0,1024,ON,DEPLOYED,AUTO
22:05:14,-4.648818652,7.060682654,0,1024,ON,DEPLOYED,AUTO
22:05:14,-6.063084605,9.295079966,0,1024,ON,DEPLOYED,AUTO
22:05:14,-7.415553591,11.50577754,0,1024,ON,DEPLOYED,AUTO
22:05:14,-8.692440799,13.68713874,0,1024,ON,DEPLOYED,AUTO
22:05:14,-9.880731771,15.83360173,0,1024,ON,DEPLOYED,AUTO
22:05:14,-10.96831505,17.93969365,0,1024,ON,DEPLOYED,AUTO
22:05:14,-11.94410563,20.0000446,0,1024,ON,DEPLOYED,AUTO
22:05:14,-12.79815793,22.00940127,0,1024,ON,DEPLOYED,AUTO
22:05:14,-13.52176717,23.9626404,0,1024,ON,DEPLOYED,AUTO
22:05:14,-14.10755807,25.85478178,0,1024,ON,DEPLOYED,AUTO
22:05:15,-14.54956007,27.68100102,0,1024,ON,DEPLOYED,AUTO
22:05:15,-14.84326813,29.43664179,0,1024,ON,DEPLOYED,AUTO
22:05:15,-14.98568869,31.11722772,0,1024,ON,DEPLOYED,AUTO
22:05:15,-14.97537015,32.7184738,0,1024,ON,DEPLOYED,AUTO
22:05:15,-14.81241767,34.23629732,0,1024,ON,DEPLOYED,AUTO
22:05:15,-14.49849212,35.66682828,0,1024,ON,DEPLOYED,AUTO
22:05:15,-14.03679314,37.00641924,0,1024,ON,DEPLOYED,AUTO
22:05:15,-13.43202652,38.25165463,0,1024,ON,DEPLOYED,AUTO
22:05:15,-12.69035623,39.39935947,0,1024,ON,DEPLOYED,AUTO
22:05:15,-11.81934162,40.44660745,0,1024,ON,DEPLOYED,AUTO
22:05:16,-10.82786038,41.39072839,0,1024,ON,DEPLOYED,AUTO
22:05:16,-9.726017989,42.22931505,0,1024,ON,DEPLOYED,AUTO
22:05:16,-8.525044804,42.96022929,0,1024,ON,DEPLOYED,AUTO
22:05:16,-7.237181538,43.58160748,0,1024,ON,DEPLOYED,AUTO
22:05:16,-5.875554521,44.0918653,0,1024,ON,DEPLOYED,AUTO
22:05:16,-4.454041906,44.48970173,0,996,ON,DEPLOYED,AUTO
22:05:16,-2.987132221,44.77410241,0,507,ON,DEPLOYED,AUTO
22:05:16,-1.489776694,44.94434221,0,449,ON,DEPLOYED,AUTO
22:05:16,0.02276313,44.99998705,0,434,ON,DEPLOYED,AUTO
22:05:16,1.535070944,44.94089506,0,417,ON,DEPLOYED,AUTO
22:05:17,3.031732808,44.7672169,0,408,ON,DEPLOYED,AUTO
22:05:17,4.497494246,44.47939542,0,403,ON,DEPLOYED,AUTO
22:05:17,5.917415733,44.07816446,0,405,ON,DEPLOYED,AUTO
22:05:17,7.277024959,43.56454705,0,414,ON,DEPLOYED,AUTO
22:05:17,8.562464335,42.93985276,0,536,ON,DEPLOYED,AUTO
22:05:17,9.76063224,42.20567438,0,626,ON,DEPLOYED,AUTO
22:05:17,10.85931655,41.36388386,0,499,ON,DEPLOYED,AUTO
22:05:17,11.8473191,40.4166275,0,567,ON,DEPLOYED,AUTO
22:05:17,12.71456986,39.36632055,0,495,ON,DEPLOYED,AUTO
22:05:18,13.4522295,38.21564097,0,440,ON,DEPLOYED,AUTO
22:05:18,14.05277957,36.96752266,0,405,ON,DEPLOYED,AUTO
22:05:18,14.51009906,35.62514797,0,404,ON,DEPLOYED,AUTO
22:05:18,14.8195268,34.19193954,0,412,ON,DEPLOYED,AUTO
22:05:18,14.97790903,32.67155165,0,420,ON,DEPLOYED,AUTO
22:05:18,14.98363144,31.06786084,0,428,ON,DEPLOYED,AUTO
22:05:18,14.83663571,29.38495606,0,432,ON,DEPLOYED,AUTO
22:05:18,14.53842009,27.62712822,0,429,ON,DEPLOYED,AUTO
22:05:18,14.09202406,25.79885926,0,422,ON,DEPLOYED,AUTO
22:05:18,13.50199746,23.90481075,0,409,ON,DEPLOYED,AUTO
22:05:19,12.77435403,21.94981195,0,402,ON,DEPLOYED,AUTO
22:05:19,11.91651015,19.93884753,0,402,ON,DEPLOYED,AUTO
22:05:19,10.93720926,17.87704488,0,408,ON,DEPLOYED,AUTO
22:05:19,9.846432701,15.76966097,0,415,ON,DEPLOYED,AUTO
22:05:19,8.65529804,13.62206904,0,174,ON,RETRACTED,AUTO
22:05:19,7.375945715,11.43974481,0,104,ON,RETRACTED,AUTO
22:05:19,6.021415308,9.228252569,0,87,ON,RETRACTED,AUTO
22:05:19,4.605512642,6.993230977,0,88,ON,RETRACTED,AUTO
22:05:19,3.142669065,4.740378688,0,100,ON,RETRACTED,AUTO
22:05:19,1.647794364,2.475439817,0,109,ON,RETRACTED,AUTO
22:05:20,0.136124797,0.204189297,0,114,ON,RETRACTED,AUTO
22:05:20,-1.376932199,-2.067581845,0,116,ON,RETRACTED,AUTO
22:05:20,-2.875955046,-4.334081258,0,115,ON,RETRACTED,AUTO
22:05:20,-4.345665206,-6.589530029,0,113,ON,RETRACTED,AUTO
22:05:20,-5.771082908,-8.828177422,0,108,ON,RETRACTED,AUTO
22:05:20,-7.13767982,-11.04431554,0,106,ON,RETRACTED,AUTO
22:05:20,-8.431527135,-13.23229388,0,105,ON,RETRACTED,AUTO
22:05:20,-9.639437533,-15.38653373,0,103,ON,RETRACTED,AUTO
22:05:20,-10.74909959,-17.50154241,0,87,ON,RETRACTED,AUTO
22:05:20,-11.74920326,-19.57192727,0,70,ON,RETRACTED,AUTO
22:05:21,-12.62955517,-21.59240942,0,334,ON,RETRACTED,AUTO
22:05:21,-13.38118246,-23.55783724,0,389,ON,RETRACTED,AUTO
22:05:21,-13.99642431,-25.46319945,0,406,ON,RETRACTED,AUTO
22:05:21,-14.46900996,-27.30363793,0,422,ON,RETRACTED,AUTO
22:05:21,-14.79412268,-29.07446011,0,428,ON,RETRACTED,AUTO
22:05:21,-14.96844879,-30.77115091,0,427,ON,RETRACTED,AUTO
22:05:21,-14.99021152,-32.38938425,0,417,ON,RETRACTED,AUTO
22:05:21,-14.85918904,-33.92503411,0,410,ON,RETRACTED,AUTO
22:05:21,-14.57671679,-35.37418505,0,402,ON,RETRACTED,AUTO
22:05:21,-14.14567381,-36.73314214,0,402,ON,RETRACTED,AUTO
22:05:22,-13.57045344,-37.99844044,0,406,ON,RETRACTED,AUTO
22:05:22,-12.85691851,-39.16685381,0,414,ON,RETRACTED,AUTO
22:05:22,-12.01234161,-40.23540313,0,426,ON,RETRACTED,AUTO
22:05:22,-11.04533095,-41.20136393,0,430,ON,RETRACTED,AUTO
22:05:22,-9.965742611,-42.06227327,0,430,ON,RETRACTED,AUTO
22:05:22,-8.784580124,-42.8159361,0,426,ON,RETRACTED,AUTO
22:05:22,-7.513882287,-43.46043079,0,414,ON,RETRACTED,AUTO
22:05:22,-6.166600472,-43.99411407,0,405,ON,RETRACTED,AUTO
22:05:22,-4.756466623,-44.4156252,0,402,ON,RETRACTED,AUTO
22:05:22,-3.297853291,-44.72388946,0,405,ON,RETRACTED,AUTO
22:05:23,-1.805627145,-44.91812085,0,412,ON,RETRACTED,AUTO
22:05:23,-0.29499745,-44.99782415,0,423,ON,RETRACTED,AUTO
22:05:23,1.218638957,-44.96279613,0,429,ON,RETRACTED,AUTO
22:05:23,2.719854593,-44.81312611,0,433,ON,RETRACTED,AUTO
22:05:23,4.193348569,-44.5491957,0,429,ON,RETRACTED,AUTO
22:05:23,5.624102548,-44.17167785,0,423,ON,RETRACTED,AUTO
22:05:23,6.997533811,-43.68153511,0,406,OFF,RETRACTED,AUTO
22:05:23,8.299643891,-43.08001721,0,401,OFF,RETRACTED,AUTO
22:05:23,9.517161251,-42.36865784,0,401,OFF,RETRACTED,AUTO
22:05:23,10.63767655,-41.54927077,0,405,OFF,RETRACTED,AUTO
22:05:24,11.64976913,-40.62394518,0,414,OFF,RETRACTED,AUTO
22:05:24,12.5431234,-39.59504039,0,424,OFF,RETRACTED,AUTO
22:05:24,13.308634,-38.46517981,0,428,OFF,RETRACTED,AUTO
22:05:24,13.9384986,-37.23724425,0,428,OFF,RETRACTED,AUTO
22:05:24,14.4262974,-35.91436459,0,423,OFF,RETRACTED,AUTO
22:05:24,14.7670586,-34.49991378,0,412,OFF,RETRACTED,AUTO
22:05:24,14.95730905,-32.99749827,0,403,OFF,RETRACTED,AUTO
22:05:24,14.99510965,-31.41094877,0,400,OFF,RETRACTED,AUTO
22:05:24,14.88007512,-29.74431051,0,403,OFF,RETRACTED,AUTO
22:05:24,14.61337794,-28.00183295,0,410,OFF,RETRACTED,AUTO
22:05:25,14.19773637,-26.18795889,0,417,OFF,RETRACTED,AUTO
22:05:25,13.63738677,-24.30731318,0,427,OFF,RETRACTED,AUTO
22:05:25,12.9380404,-22.36469092,0,430,OFF,RETRACTED,AUTO
22:05:25,12.10682525,-20.36504523,0,427,OFF,RETRACTED,AUTO
22:05:25,11.15221332,-18.31347461,0,416,OFF,RETRACTED,AUTO
22:05:25,10.08393433,-16.21520998,0,406,OFF,RETRACTED,AUTO
22:05:25,8.912876549,-14.0756013,0,401,OFF,RETRACTED,AUTO
22:05:25,7.650975776,-11.90010395,0,401,OFF,RETRACTED,AUTO
22:05:25,6.311093724,-9.6942648,0,406,OFF,RETRACTED,AUTO
22:05:25,4.906886914,-7.463708109,0,414,OFF,RETRACTED,AUTO
22:05:26,3.452667487,-5.214121141,0,424,OFF,RETRACTED,AUTO
22:05:26,1.96325733,-2.951239687,0,429,OFF,RETRACTED,AUTO
22:05:26,0.453837003,-0.680833433,0,429,OFF,RETRACTED,AUTO
22:05:26,-1.06020898,1.591308748,0,423,OFF,RETRACTED,AUTO
22:05:26,-2.563448963,3.859393556,0,412,OFF,RETRACTED,AUTO
22:05:26,-4.040561425,6.117638037,0,403,OFF,RETRACTED,AUTO
22:05:26,-5.476491146,8.360284327,0,402,OFF,RETRACTED,AUTO
22:05:26,-6.856602655,10.58161433,0,405,OFF,RETRACTED,AUTO
22:05:26,-8.166829399,12.77596431,0,413,OFF,RETRACTED,AUTO
22:05:26,-9.393817112,14.93773931,0,424,OFF,RETRACTED,AUTO
22:05:27,-10.52505993,17.06142743,0,430,OFF,RETRACTED,AUTO
22:05:27,-11.54902785,19.1416139,0,433,OFF,RETRACTED,AUTO
22:05:27,-12.45528425,21.17299484,0,429,OFF,RETRACTED,AUTO
22:05:27,-13.23459227,23.15039082,0,423,OFF,RETRACTED,AUTO
22:05:27,-13.87900894,25.06876007,0,412,OFF,RETRACTED,AUTO
22:05:27,-14.38196616,26.92321129,0,405,OFF,RETRACTED,AUTO
22:05:27,-14.73833761,28.70901619,0,405,OFF,RETRACTED,AUTO
22:05:27,-14.94449104,30.42162147,0,412,OFF,RETRACTED,AUTO
22:05:27,-14.99832527,32.0566605,0,421,OFF,RETRACTED,AUTO
22:05:28,-14.89929161,33.60996441,0,429,OFF,RETRACTED,AUTO
22:05:28,-14.64839942,35.07757272,0,434,OFF,RETRACTED,AUTO
22:05:28,-14.2482059,36.45574346,0,434,OFF,RETRACTED,AUTO
22:05:28,-13.70278994,37.74096269,0,428,OFF,RETRACTED,AUTO
22:05:28,-13.01771061,38.92995349,0,415,OFF,RETRACTED,AUTO
22:05:28,-12.19995046,40.01968427,0,408,OFF,RETRACTED,AUTO
22:05:28,-11.25784437,41.00737654,0,404,OFF,RETRACTED,AUTO
22:05:28,-10.2009946,41.89051198,0,408,OFF,RETRACTED,AUTO
22:05:28,-9.04017292,42.66683883,0,414,OFF,RETRACTED,AUTO
22:05:28,-7.787210801,43.3343777,0,426,OFF,RETRACTED,AUTO
22:05:29,-6.45487885,43.89142656,0,432,OFF,RETRACTED,AUTO
22:05:29,-5.056756636,44.3365651,0,435,OFF,RETRACTED,AUTO
22:05:29,-3.607094283,44.66865834,0,429,OFF,RETRACTED,AUTO
22:05:29,-2.12066723,44.88685954,0,423,OFF,RETRACTED,AUTO
22:05:29,-0.612625634,44.99061235,0,410,OFF,RETRACTED,AUTO
22:05:29,0.901660045,44.97965224,0,403,OFF,RETRACTED,AUTO
22:05:29,2.406755706,44.85400714,0,403,OFF,RETRACTED,AUTO
22:05:29,3.887320916,44.61399742,0,406,OFF,RETRACTED,AUTO
22:05:29,5.328265263,44.26023503,0,414,OFF,RETRACTED,AUTO
22:05:29,6.714902166,43.79362196,0,424,OFF,RETRACTED,AUTO
22:05:30,8.033098562,43.21534794,0,429,OFF,RETRACTED,AUTO
22:05:30,9.269418956,42.5268874,0,429,OFF,RETRACTED,AUTO
22:05:30,10.41126236,41.72999571,0,425,OFF,RETRACTED,AUTO
22:05:30,11.44699073,40.82670472,0,413,OFF,RETRACTED,AUTO
22:05:30,12.36604758,39.81931755,0,404,OFF,RETRACTED,AUTO
22:05:30,13.15906558,38.71040274,0,401,OFF,RETRACTED,AUTO
22:05:30,13.81796202,37.5027877,0,403,OFF,RETRACTED,AUTO
22:05:30,14.33602122,36.19955151,0,410,OFF,RETRACTED,AUTO
22:05:30,14.70796293,34.80401703,0,417,OFF,RETRACTED,AUTO
22:05:30,14.92999622,33.31974246,0,428,OFF,RETRACTED,AUTO
22:05:31,14.99985804,31.75051228,0,430,OFF,RETRACTED,AUTO
22:05:31,14.91683634,30.10032756,0,428,OFF,RETRACTED,AUTO
22:05:31,14.6817773,28.37339579,0,422,OFF,RETRACTED,AUTO
22:05:31,14.29707673,26.57412015,0,410,OFF,RETRACTED,AUTO
22:05:31,13.76665561,24.70708826,0,402,OFF,RETRACTED,AUTO
22:05:31,13.09592018,22.77706051,0,401,OFF,RETRACTED,AUTO
22:05:31,12.29170679,20.7889579,0,405,OFF,RETRACTED,AUTO
22:05:31,11.36221225,18.74784951,0,413,OFF,RETRACTED,AUTO
22:05:31,10.31691029,16.65893959,0,423,OFF,RETRACTED,AUTO
22:05:31,9.166454955,14.52755423,0,429,OFF,RETRACTED,AUTO
22:05:32,7.922572076,12.35912785,0,430,OFF,RETRACTED,AUTO
22:05:32,6.597939718,10.1591893,0,427,OFF,RETRACTED,AUTO
22:05:32,5.206058973,7.933347789,0,415,OFF,RETRACTED,AUTO
22:05:32,3.761116351,5.687278553,0,405,OFF,RETRACTED,AUTO
22:05:32,2.277839185,3.426708418,0,401,OFF,RETRACTED,AUTO
22:05:32,0.771345527,1.157401176,0,403,OFF,RETRACTED,AUTO
22:05:32,-0.74300994,-1.114857101,0,408,OFF,RETRACTED,AUTO
22:05:32,-2.249792403,-3.384272818,0,416,OFF,RETRACTED,AUTO
22:05:32,-3.733644237,-5.645059627,0,427,OFF,RETRACTED,AUTO
22:05:32,-5.179441532,-7.891453182,0,430,OFF,RETRACTED,AUTO
22:05:33,-6.572448243,-10.11772583,0,429,OFF,RETRACTED,AUTO
22:05:33,-7.898466385,-12.31820124,0,423,OFF,RETRACTED,AUTO
22:05:33,-9.143980741,-14.48726883,0,412,OFF,RETRACTED,AUTO
22:05:33,-10.29629662,-16.61939811,0,404,OFF,RETRACTED,AUTO
22:05:33,-11.34366923,-18.70915278,0,402,OFF,RETRACTED,AUTO
22:05:33,-12.2754234,-20.75120457,0,406,OFF,RETRACTED,AUTO
22:05:33,-13.08206239,-22.74034685,0,414,OFF,RETRACTED,AUTO
22:05:33,-13.75536468,-24.67150788,0,424,OFF,RETRACTED,AUTO
22:05:33,-14.28846772,-26.53976377,0,430,OFF,RETRACTED,AUTO
22:05:33,-14.67593797,-28.34035101,0,433,OFF,RETRACTED,AUTO
22:05:34,-14.9138262,-30.06867863,0,428,OFF,RETRACTED,AUTO
22:05:34,-14.99970778,-31.7203399,0,420,OFF,RETRACTED,AUTO
22:05:34,-14.93270736,-33.29112356,0,408,OFF,RETRACTED,AUTO
22:05:34,-14.71350784,-34.77702457,0,403,OFF,RETRACTED,AUTO
22:05:34,-14.34434338,-36.17425432,0,403,OFF,RETRACTED,AUTO
22:05:34,-13.82897662,-37.47925029,0,410,OFF,RETRACTED,AUTO
22:05:34,-13.17266035,-38.68868511,0,416,OFF,RETRACTED,AUTO
22:05:34,-12.38208396,-39.79947507,0,427,OFF,RETRACTED,AUTO
22:05:34,-11.46530526,-40.808788,0,433,OFF,RETRACTED,AUTO
22:05:34,-10.43166838,-41.71405042,0,433,OFF,RETRACTED,AUTO
22:05:35,-9.291708483,-42.5129542,0,427,OFF,RETRACTED,AUTO
22:05:35,-8.057044412,-43.20346236,0,414,OFF,RETRACTED,AUTO
22:05:35,-6.740260276,-43.78381429,0,405,OFF,RETRACTED,AUTO
22:05:35,-5.354777174,-44.25253029,0,403,OFF,RETRACTED,AUTO
22:05:35,-3.914716409,-44.60841525,0,405,OFF,RETRACTED,AUTO
22:05:35,-2.434755558,-44.85056177,0,413,OFF,RETRACTED,AUTO
22:05:35,-0.929978872,-44.97835246,0,422,OFF,RETRACTED,AUTO
22:05:35,0.584276466,-44.99146148,0,429,OFF,RETRACTED,AUTO
22:05:35,2.092576666,-44.8898554,0,433,OFF,RETRACTED,AUTO
22:05:35,3.579548631,-44.6737933,0,430,OFF,RETRACTED,AUTO
22:05:36,5.030036651,-44.34382607,0,423,OFF,RETRACTED,AUTO
22:05:36,6.42925687,-43.90079502,0,412,OFF,RETRACTED,AUTO
22:05:36,7.762947975,-43.34582977,0,404,OFF,RETRACTED,AUTO
22:05:36,9.017516542,-42.6803453,0,403,OFF,RETRACTED,AUTO
22:05:36,10.18017559,-41.90603842,0,408,OFF,RETRACTED,AUTO
22:05:36,11.23907492,-41.02488337,0,415,OFF,RETRACTED,AUTO
22:05:36,12.18342188,-40.03912684,0,426,OFF,RETRACTED,AUTO
22:05:36,13.00359136,-38.95128223,0,432,OFF,RETRACTED,AUTO
22:05:36,13.69122393,-37.76412322,0,433,OFF,RETRACTED,AUTO
22:05:36,14.23931102,-36.48067672,0,428,OFF,RETRACTED,AUTO
22:05:37,14.64226633,-35.10421514,0,416,OFF,RETRACTED,AUTO
22:05:37,14.89598281,-33.63824807,0,408,OFF,RETRACTED,AUTO
22:05:37,14.9978745,-32.08651328,0,403,OFF,RETRACTED,AUTO
22:05:37,14.94690288,-30.45296725,0,404,OFF,RETRACTED,AUTO
22:05:37,14.74358748,-28.74177504,0,412,OFF,RETRACTED,AUTO
22:05:37,14.39000055,-26.9572997,0,422,OFF,RETRACTED,AUTO
22:05:37,13.88974597,-25.10409112,0,428,OFF,RETRACTED,AUTO
22:05:37,13.2479225,-23.18687443,0,430,OFF,RETRACTED,AUTO
22:05:37,12.47107181,-21.21053798,0,429,OFF,RETRACTED,AUTO
22:05:38,11.56711183,-19.18012085,0,423,OFF,RETRACTED,AUTO
22:05:38,10.54525601,-17.10080001,0,412,OFF,RETRACTED,AUTO
22:05:38,9.415919451,-14.97787712,0,403,OFF,RETRACTED,AUTO
22:05:38,8.190612722,-12.81676502,0,402,OFF,RETRACTED,AUTO
22:05:38,6.881824554,-10.62297391,0,404,OFF,RETRACTED,AUTO
22:05:38,5.502894551,-8.402097321,0,406,OFF,RETRACTED,AUTO
22:05:38,4.067877224,-6.159797834,0,408,OFF,RETRACTED,AUTO
22:05:38,2.591398745,-3.901792661,0,414,OFF,RETRACTED,AUTO
22:05:38,1.088507871,-1.633839055,0,417,OFF,RETRACTED,AUTO
22:05:38,-0.425477436,0.638280363,0,415,OFF,RETRACTED,AUTO
22:05:39,-1.935126135,2.908772353,0,408,OFF,RETRACTED,AUTO
22:05:39,-3.425051388,5.171847822,0,397,OFF,RETRACTED,AUTO
22:05:39,-4.880067383,7.421736589,0,391,OFF,RETRACTED,AUTO
22:05:39,-6.285344114,9.652702095,0,389,OFF,RETRACTED,AUTO
22:05:39,-7.626558536,11.85905603,0,394,OFF,RETRACTED,AUTO
22:05:39,-8.890040547,14.03517283,0,402,OFF,RETRACTED,AUTO
22:05:39,-10.06291232,16.17550404,0,409,OFF,RETRACTED,AUTO
22:05:39,-11.13321956,18.27459244,0,415,OFF,RETRACTED,AUTO
22:05:39,-12.09005333,20.32708596,0,417,OFF,RETRACTED,AUTO
22:05:39,-12.92366128,22.32775134,0,415,OFF,RETRACTED,AUTO
22:05:40,-13.62554699,24.27148748,0,412,OFF,RETRACTED,AUTO
22:05:40,-14.18855661,26.15333841,0,404,OFF,RETRACTED,AUTO
22:05:40,-14.60695177,27.96850596,0,401,OFF,RETRACTED,AUTO
22:05:40,-14.87646803,29.71236199,0,402,OFF,RETRACTED,AUTO
22:05:40,-14.9943584,31.38046017,0,408,OFF,RETRACTED,AUTO
22:05:40,-14.95942131,32.96854733,0,416,OFF,RETRACTED,AUTO
22:05:40,-14.77201284,34.47257433,0,427,OFF,RETRACTED,AUTO
22:05:40,-14.43404312,35.88870632,0,430,OFF,RETRACTED,AUTO
22:05:40,-13.94895685,37.21333259,0,429,OFF,RETRACTED,AUTO
22:05:40,-13.32169819,38.44307573,0,423,OFF,RETRACTED,AUTO
22:05:41,-12.55866037,39.57480024,0,412,OFF,RETRACTED,AUTO
22:05:41,-11.66762052,40.60562057,0,403,OFF,RETRACTED,AUTO
22:05:41,-10.65766043,41.53290842,0,401,OFF,RETRACTED,AUTO
22:05:41,-9.539073923,42.35429948,0,404,OFF,RETRACTED,AUTO
22:05:41,-8.323262018,43.06769944,0,412,OFF,RETRACTED,AUTO
22:05:41,-7.022616669,43.67128934,0,420,OFF,RETRACTED,AUTO
22:05:41,-5.650394485,44.1635302,0,428,OFF,RETRACTED,AUTO
22:05:41,-4.220581609,44.54316695,0,430,OFF,RETRACTED,AUTO
22:05:41,-2.747751167,44.80923163,0,428,OFF,RETRACTED,AUTO
22:05:42,-1.246914735,44.96104585,0,417,OFF,RETRACTED,AUTO
22:05:42,0.266630665,44.99822253,0,409,OFF,RETRACTED,AUTO
22:05:42,1.777458477,44.92066687,0,402,OFF,RETRACTED,AUTO
22:05:44,3.270169843,44.72857664,0,402,OFF,RETRACTED,AUTO
22:05:44,4.729550555,44.42244158,0,405,OFF,RETRACTED,AUTO
22:05:45,6.140726121,44.00304228,0,413,OFF,RETRACTED,AUTO
22:05:46,7.489313373,43.47144805,0,424,OFF,RETRACTED,AUTO
22:05:46,8.761567062,42.82901433,0,429,OFF,RETRACTED,AUTO
22:05:47,9.944519957,42.07737913,0,430,OFF,RETRACTED,AUTO
22:05:47,11.02611501,41.21845889,0,427,OFF,RETRACTED,AUTO
22:05:47,11.99532825,40.25444361,0,415,OFF,RETRACTED,AUTO
22:05:47,12.84228113,39.18779126,0,406,OFF,RETRACTED,AUTO
22:08:11,3.29182002,-44.72491455,0,10,OFF,RETRACTED,AUTO
22:08:11,4.750601066,-44.41711438,0,10,OFF,RETRACTED,AUTO
22:08:11,6.160962413,-43.99606354,0,10,OFF,RETRACTED,AUTO
22:08:11,7.508529189,-43.46283558,0,10,OFF,RETRACTED,AUTO
22:08:11,8.779566549,-42.81879008,0,10,OFF,RETRACTED,AUTO
22:08:11,9.961119659,-42.06556917,0,10,OFF,RETRACTED,AUTO
22:08:11,11.04114574,-41.20509333,0,10,OFF,RETRACTED,AUTO
22:08:11,12.0086368,-40.23955653,0,10,OFF,RETRACTED,AUTO
22:08:11,12.85373186,-39.17142061,0,10,OFF,RETRACTED,AUTO
22:08:11,13.56781743,-38.00340901,0,10,OFF,RETRACTED,AUTO
22:08:11,14.1436153,-36.73849981,0,9,OFF,RETRACTED,AUTO
22:08:11,14.57525677,-35.37991815,0,10,OFF,RETRACTED,AUTO
22:08:11,14.85834239,-33.93112804,0,10,OFF,RETRACTED,AUTO
22:08:11,14.98998686,-32.39582345,0,9,OFF,RETRACTED,AUTO
22:08:11,14.96884842,-30.77791897,0,10,OFF,RETRACTED,AUTO
22:08:11,14.79514252,-29.08153979,0,10,OFF,RETRACTED,AUTO
22:08:11,14.47063963,-27.31101116,0,10,OFF,RETRACTED,AUTO
22:08:11,13.99864718,-25.47084744,0,10,OFF,RETRACTED,AUTO
22:08:11,13.38397589,-23.56574048,0,10,OFF,RETRACTED,AUTO
22:08:11,12.63289067,-21.60054777,0,10,OFF,RETRACTED,AUTO
22:08:11,11.75304686,-19.58027997,0,10,OFF,RETRACTED,AUTO
22:08:11,10.75341209,-17.51008817,0,10,OFF,RETRACTED,AUTO
22:08:11,9.644174991,-15.39525075,0,10,OFF,RETRACTED,AUTO
22:08:11,8.436641262,-13.24115994,0,10,OFF,RETRACTED,AUTO
22:08:11,7.143118491,-11.05330804,0,10,OFF,RETRACTED,AUTO
22:08:11,5.77679069,-8.837273431,0,10,OFF,RETRACTED,AUTO
22:08:11,4.351583925,-6.598706354,0,10,OFF,RETRACTED,AUTO
22:08:12,2.882024376,-4.343314502,0,10,OFF,RETRACTED,AUTO
22:08:12,1.383090279,-2.076848466,0,10,OFF,RETRACTED,AUTO
22:08:12,-0.129940732,0.194912927,0,10,OFF,RETRACTED,AUTO
22:08:12,-1.641647345,2.466177349,0,10,OFF,RETRACTED,AUTO
22:08:12,-3.136621743,4.731153739,0,10,OFF,RETRACTED,AUTO
22:08:12,-4.599626654,6.984067068,0,9,OFF,RETRACTED,AUTO
22:08:12,-6.015750646,9.219173065,0,10,OFF,RETRACTED,AUTO
22:08:12,-7.370560116,11.43077286,0,10,OFF,RETRACTED,AUTO
22:08:12,-8.650246394,13.61322753,0,10,OFF,RETRACTED,AUTO
22:08:12,-9.841766497,15.76097243,0,10,OFF,RETRACTED,AUTO
22:08:12,-10.93297605,17.86853146,0,10,OFF,RETRACTED,AUTO
22:08:12,-11.9127531,19.93053095,0,10,OFF,RETRACTED,AUTO
22:08:12,-12.77111142,21.94171341,0,10,OFF,RETRACTED,AUTO
22:08:12,-13.49930234,23.8969509,0,10,OFF,RETRACTED,AUTO
22:08:12,-14.0899039,25.79125814,0,10,OFF,RETRACTED,AUTO
22:08:12,-14.53689649,27.6198052,0,10,OFF,RETRACTED,AUTO
22:08:12,-14.83572422,29.37792983,0,10,OFF,RETRACTED,AUTO
22:08:12,-14.98334133,31.06114931,0,10,OFF,RETRACTED,AUTO
22:08:12,-14.97824327,32.66517192,0,10,OFF,RETRACTED,AUTO
22:08:12,-14.82048198,34.18590788,0,10,OFF,RETRACTED,AUTO
22:08:12,-14.51166544,35.61947976,0,10,OFF,RETRACTED,AUTO
22:08:12,-14.05494119,36.96223237,0,10,OFF,RETRACTED,AUTO
22:08:12,-13.45496433,38.21074207,0,10,OFF,RETRACTED,AUTO
22:08:12,-12.71785002,39.36182553,0,10,OFF,RETRACTED,AUTO
22:08:12,-11.85111116,40.41254783,0,10,OFF,RETRACTED,AUTO
22:08:12,-10.86358185,41.36022994,0,10,OFF,RETRACTED,AUTO
22:08:12,-9.765327324,42.20245553,0,10,OFF,RETRACTED,AUTO
22:08:12,-8.567541342,42.93707717,0,10,OFF,RETRACTED,AUTO
22:08:12,-7.282432142,43.56222181,0,10,OFF,RETRACTED,AUTO
22:08:12,-5.92309798,44.0762955,0,10,OFF,RETRACTED,AUTO
22:08:12,-4.503393642,44.4779875,0,10,OFF,RETRACTED,AUTO
22:08:12,-3.037789224,44.76627362,0,10,OFF,RETRACTED,AUTO
22:08:12,-1.541222652,44.94041881,0,10,OFF,RETRACTED,AUTO
22:08:12,-0.028947428,44.99997905,0,10,OFF,RETRACTED,AUTO
22:08:12,1.483622837,44.94480248,0,10,OFF,RETRACTED,AUTO
22:08:12,2.981071527,44.77502979,0,10,OFF,RETRACTED,AUTO
22:08:12,4.448136149,44.49109384,0,10,OFF,RETRACTED,AUTO
22:08:12,5.869863894,44.09371859,0,10,OFF,RETRACTED,AUTO
22:08:12,7.231764041,43.58391723,0,10,OFF,RETRACTED,AUTO
22:08:12,8.519955654,42.96298961,0,10,OFF,RETRACTED,AUTO
22:08:12,9.721309056,42.23251891,0,10,OFF,RETRACTED,AUTO
22:08:12,10.82357966,41.39436761,0,10,OFF,RETRACTED,AUTO
22:08:12,11.81553275,40.45067276,0,10,OFF,RETRACTED,AUTO
22:08:12,12.68705802,39.4038405,0,9,OFF,RETRACTED,AUTO
22:08:12,13.42927259,38.25653995,0,10,OFF,RETRACTED,AUTO
22:08:12,14.03461156,37.01169639,0,10,OFF,RETRACTED,AUTO
22:08:12,14.49690513,35.67248381,0,10,OFF,RETRACTED,AUTO
22:08:12,14.81144143,34.24231682,0,10,OFF,RETRACTED,AUTO
22:08:12,14.97501462,32.72484191,0,10,OFF,RETRACTED,AUTO
22:08:12,14.9859575,31.12392821,0,10,OFF,RETRACTED,AUTO
22:08:12,14.84415854,29.44365757,0,10,OFF,RETRACTED,AUTO
22:08:12,14.55106299,27.68831421,0,10,OFF,RETRACTED,AUTO
22:08:12,14.10965819,25.86237373,0,10,OFF,RETRACTED,AUTO
22:08:12,13.52444308,23.97049174,0,10,OFF,RETRACTED,AUTO
22:08:12,12.80138237,22.017492,0,10,OFF,RETRACTED,AUTO
22:08:12,11.94784573,20.00835408,0,10,OFF,RETRACTED,AUTO
22:08:12,10.97253269,17.9482007,0,10,OFF,RETRACTED,AUTO
22:08:12,9.885383956,15.84228465,0,10,OFF,RETRACTED,AUTO
22:08:12,8.697480117,13.6959754,0,10,OFF,RETRACTED,AUTO
22:08:12,7.420928679,11.51474541,0,10,OFF,RETRACTED,AUTO
22:08:12,6.068740679,9.304156178,0,10,OFF,RETRACTED,AUTO
22:08:12,4.654698063,7.069844066,0,10,OFF,RETRACTED,AUTO
22:08:12,3.193213222,4.817505914,0,10,OFF,RETRACTED,AUTO
22:08:12,1.699182095,2.552884529,0,9,OFF,RETRACTED,AUTO
22:08:12,0.187832341,0.281754034,0,10,OFF,RETRACTED,AUTO
22:08:12,-1.325431863,-1.990094852,0,10,OFF,RETRACTED,AUTO
22:08:12,-2.825186826,-4.256869576,0,10,OFF,RETRACTED,AUTO
22:08:12,-4.296146549,-6.512790527,0,10,OFF,RETRACTED,AUTO
22:08:12,-5.723318523,-8.752105762,0,10,OFF,RETRACTED,AUTO
22:08:12,-7.092156539,-10.96910568,0,10,OFF,RETRACTED,AUTO
22:08:12,-8.388708946,-13.15813759,0,10,OFF,RETRACTED,AUTO
22:08:12,-9.599760853,-15.31362008,0,10,OFF,RETRACTED,AUTO
22:08:12,-10.71296882,-17.43005731,0,10,OFF,RETRACTED,AUTO
22:08:12,-11.71698666,-19.50205299,0,10,OFF,RETRACTED,AUTO
22:08:12,-12.60158108,-21.52432412,0,10,OFF,RETRACTED,AUTO
22:08:12,-13.35773602,-23.49171452,0,10,OFF,RETRACTED,AUTO
22:08:12,-13.97774449,-25.39920789,0,10,OFF,RETRACTED,AUTO
22:08:12,-14.45528716,-27.24194071,0,10,OFF,RETRACTED,AUTO
22:08:12,-14.78549675,-29.01521452,0,10,OFF,RETRACTED,AUTO
22:08:12,-14.96500766,-30.71450801,0,10,OFF,RETRACTED,AUTO
22:08:12,-14.99199026,-32.33548847,0,10,OFF,RETRACTED,AUTO
22:08:12,-14.86616953,-33.87402288,0,10,OFF,RETRACTED,AUTO
22:08:12,-14.58882787,-35.32618841,0,10,OFF,RETRACTED,AUTO
22:08:12,-14.16279204,-36.68828248,0,10,OFF,RETRACTED,AUTO
22:08:12,-13.59240435,-37.95683214,0,10,OFF,RETRACTED,AUTO
22:08:12,-12.88347837,-39.12860296,0,10,OFF,RETRACTED,AUTO
22:08:12,-12.04323971,-40.20060726,0,10,OFF,RETRACTED,AUTO
22:08:12,-11.08025237,-41.17011175,0,10,OFF,RETRACTED,AUTO
22:08:12,-10.00433142,-42.03464448,0,10,OFF,RETRACTED,AUTO
22:08:12,-8.826443005,-42.79200113,0,10,OFF,RETRACTED,AUTO
22:08:12,-7.558592565,-43.44025067,0,10,OFF,RETRACTED,AUTO
22:08:12,-6.213702445,-43.97774026,0,10,OFF,RETRACTED,AUTO
22:08:12,-4.805480211,-44.40309944,0,10,OFF,RETRACTED,AUTO
22:08:12,-3.348278932,-44.71524369,0,10,OFF,RETRACTED,AUTO
22:08:12,-1.856950884,-44.91337711,0,10,OFF,RETRACTED,AUTO
22:08:12,-0.346696178,-44.99699454,0,10,OFF,RETRACTED,AUTO
22:08:12,1.16709217,-44.96588277,0,10,OFF,RETRACTED,AUTO
22:08:12,2.668985129,-44.82012112,0,10,OFF,RETRACTED,AUTO
22:08:12,4.143674906,-44.56008125,0,10,OFF,RETRACTED,AUTO
22:08:12,5.576130977,-44.18642618,0,10,OFF,RETRACTED,AUTO
22:08:12,6.951753274,-43.70010863,0,10,OFF,RETRACTED,AUTO
22:08:12,8.256520998,-43.10236855,0,10,OFF,RETRACTED,AUTO
22:08:12,9.477135526,-42.39473002,0,10,OFF,RETRACTED,AUTO
22:08:12,10.60115595,-41.5789973,0,10,OFF,RETRACTED,AUTO
22:08:12,11.61712588,-40.65725028,0,10,OFF,RETRACTED,AUTO
22:08:12,12.51469021,-39.63183914,0,10,OFF,RETRACTED,AUTO
22:08:12,13.28470068,-38.50537838,0,10,OFF,RETRACTED,AUTO
22:08:12,13.91930908,-37.28074014,0,10,OFF,RETRACTED,AUTO
22:08:12,14.41204726,-35.96104691,0,10,OFF,RETRACTED,AUTO
22:08:12,14.75789309,-34.5496635,0,10,OFF,RETRACTED,AUTO
22:08:12,14.95332159,-33.05018853,0,10,OFF,RETRACTED,AUTO
22:08:12,14.99634087,-31.46644523,0,10,OFF,RETRACTED,AUTO
22:08:12,14.88651249,-29.80247169,0,10,OFF,RETRACTED,AUTO
22:08:12,14.62495583,-28.06251054,0,10,OFF,RETRACTED,AUTO
22:08:12,14.21433678,-26.25099818,0,10,OFF,RETRACTED,AUTO
22:08:12,13.65884051,-24.37255344,0,10,OFF,RETRACTED,AUTO
22:08:12,12.9641288,-22.4319658,0,10,OFF,RETRACTED,AUTO
22:08:12,12.1372824,-20.4341832,0,10,OFF,RETRACTED,AUTO
22:08:12,11.1867288,-18.3842994,0,10,OFF,RETRACTED,AUTO
22:08:12,10.12215636,-16.287541,0,10,OFF,RETRACTED,AUTO
22:08:12,8.954415538,-14.14925413,0,10,OFF,RETRACTED,AUTO
22:08:12,7.695408351,-11.97489079,0,10,OFF,RETRACTED,AUTO
22:08:12,6.357967013,-9.769994969,0,10,OFF,RETRACTED,AUTO
22:08:12,4.955723169,-7.540188517,0,10,OFF,RETRACTED,AUTO
22:08:12,3.502968953,-5.291156786,0,10,OFF,RETRACTED,AUTO
22:08:12,2.014511317,-3.02863415,0,10,OFF,RETRACTED,AUTO
22:08:12,0.505521115,-0.758389382,0,10,OFF,RETRACTED,AUTO
22:08:12,-1.008621526,1.513789059,0,10,OFF,RETRACTED,AUTO
22:08:12,-2.512483963,3.782107779,0,10,OFF,RETRACTED,AUTO
22:08:12,-3.990738331,6.040783229,0,10,OFF,RETRACTED,AUTO
22:08:12,-5.428317771,8.284056445,0,10,OFF,RETRACTED,AUTO
22:08:12,-6.810569999,10.50620773,0,10,OFF,RETRACTED,AUTO
22:08:12,-8.123406642,12.70157126,0,10,OFF,RETRACTED,AUTO
22:08:12,-9.353446833,14.86454949,0,10,OFF,RETRACTED,AUTO
22:08:12,-10.4881536,16.98962746,0,10,OFF,RETRACTED,AUTO
22:08:12,-11.51596162,19.07138684,0,10,OFF,RETRACTED,AUTO
22:08:12,-12.42639515,21.10451974,0,10,OFF,RETRACTED,AUTO
22:08:12,-13.21017475,23.08384229,0,10,OFF,RETRACTED,AUTO
22:08:12,-13.85931187,25.00430777,0,10,OFF,RETRACTED,AUTO
22:08:12,-14.36719029,26.86101957,0,10,OFF,RETRACTED,AUTO
22:08:12,-14.72863355,28.64924362,0,10,OFF,RETRACTED,AUTO
22:08:12,-14.9399577,30.36442045,0,10,OFF,RETRACTED,AUTO
22:08:12,-14.99900885,32.00217688,0,10,OFF,RETRACTED,AUTO
22:08:12,-14.90518513,33.55833709,0,10,OFF,RETRACTED,AUTO
22:08:12,-14.65944283,35.02893335,0,10,OFF,RETRACTED,AUTO
22:08:12,-14.26428663,36.41021605,0,10,OFF,RETRACTED,AUTO
22:08:12,-13.7237441,37.69866333,0,10,OFF,RETRACTED,AUTO
22:08:12,-13.04332462,38.89099003,0,10,OFF,RETRACTED,AUTO
22:08:12,-12.22996325,39.98415605,0,10,OFF,RETRACTED,AUTO
22:08:12,-11.29195005,40.97537415,0,10,OFF,RETRACTED,AUTO
22:08:12,-10.23884556,41.862117,0,10,OFF,RETRACTED,AUTO
22:08:12,-9.081383357,42.64212368,0,10,OFF,RETRACTED,AUTO
22:08:12,-7.831360688,43.31340539,0,10,OFF,RETRACTED,AUTO
22:08:12,-6.501518197,43.87425057,0,10,OFF,RETRACTED,AUTO
22:08:12,-5.105410079,44.32322921,0,10,OFF,RETRACTED,AUTO
22:08:12,-3.65726593,44.65919656,0,10,OFF,RETRACTED,AUTO
22:08:12,-2.171845716,44.88129599,0,10,OFF,RETRACTED,AUTO
22:08:12,-0.664289331,44.98896122,0,10,OFF,RETRACTED,AUTO
22:08:12,0.850037712,44.98191774,0,10,OFF,RETRACTED,AUTO
22:08:12,2.355700888,44.86018349,0,10,OFF,RETRACTED,AUTO
22:08:12,3.837353981,44.62406888,0,10,OFF,RETRACTED,AUTO
22:08:12,5.27989549,44.27417591,0,10,OFF,RETRACTED,AUTO
22:08:12,6.668622556,43.81139673,0,10,OFF,RETRACTED,AUTO
22:08:12,7.989380812,43.23691127,0,10,OFF,RETRACTED,AUTO
22:08:12,9.228708652,42.55218431,0,10,OFF,RETRACTED,AUTO
22:08:12,10.37397444,41.7589617,0,10,OFF,RETRACTED,AUTO
22:08:12,11.41350524,40.85926593,0,10,OFF,RETRACTED,AUTO
22:08:12,12.33670581,39.85539096,0,10,OFF,RETRACTED,AUTO
22:08:12,13.13416659,38.74989638,0,10,OFF,RETRACTED,AUTO
22:08:12,13.7977596,37.54560088,0,10,OFF,RETRACTED,AUTO
22:08:12,14.32072127,36.24557505,0,10,OFF,RETRACTED,AUTO
22:08:12,14.69772141,34.85313359,0,10,OFF,RETRACTED,AUTO
22:08:12,14.92491749,33.37182681,0,10,OFF,RETRACTED,AUTO
22:08:12,14.99999388,31.80543162,0,10,OFF,RETRACTED,AUTO
22:08:12,14.92218536,30.15794186,0,10,OFF,RETRACTED,AUTO
22:08:12,14.69228499,28.43355816,0,10,OFF,RETRACTED,AUTO
22:08:12,14.31263597,26.63667718,0,10,OFF,RETRACTED,AUTO
22:08:12,13.78710784,24.77188045,0,10,OFF,RETRACTED,AUTO
22:08:12,13.12105693,22.84392266,0,10,OFF,RETRACTED,AUTO
22:08:12,12.32127186,20.85771953,0,10,OFF,RETRACTED,AUTO
22:08:12,11.39590431,18.81833531,0,10,OFF,RETRACTED,AUTO
22:08:12,10.35438593,16.73096983,0,10,OFF,RETRACTED,AUTO
22:08:12,9.207332214,14.60094526,0,10,OFF,RETRACTED,AUTO
22:08:12,7.96643432,12.43369254,0,10,OFF,RETRACTED,AUTO
22:08:12,6.644339889,10.23473753,0,10,OFF,RETRACTED,AUTO
22:08:12,5.254524145,8.009686935,0,10,OFF,RETRACTED,AUTO
22:08:12,3.81115255,5.764213974,0,10,OFF,RETRACTED,AUTO
22:08:12,2.328936426,3.504043949,0,10,OFF,RETRACTED,AUTO
22:08:12,0.822983011,1.234939635,0,10,OFF,RETRACTED,AUTO
22:08:12,-0.69135852,-1.037313414,0,10,OFF,RETRACTED,AUTO
22:08:13,-2.198653496,-3.306921617,0,10,OFF,RETRACTED,AUTO
22:08:13,-3.683539067,-5.568098135,0,10,OFF,RETRACTED,AUTO
22:08:13,-5.130880788,-7.815077629,0,10,OFF,RETRACTED,AUTO
22:08:13,-6.525926872,-10.04213096,0,10,OFF,RETRACTED,AUTO
22:08:13,-7.854458548,-12.24357978,0,10,OFF,RETRACTED,AUTO
22:08:13,-9.102934981,-14.41381105,0,10,OFF,RETRACTED,AUTO
22:08:13,-10.25863128,-16.54729131,0,10,OFF,RETRACTED,AUTO
22:08:13,-11.30976822,-18.63858081,0,10,OFF,RETRACTED,AUTO
22:08:13,-12.24563225,-20.68234737,0,10,OFF,RETRACTED,AUTO
22:08:13,-13.05668474,-22.67337998,0,10,OFF,RETRACTED,AUTO
22:08:13,-13.73465918,-24.60660209,0,10,OFF,RETRACTED,AUTO
22:08:13,-14.27264542,-26.47708455,0,10,OFF,RETRACTED,AUTO
22:08:13,-14.66516013,-28.28005817,0,10,OFF,RETRACTED,AUTO
22:08:13,-14.90820267,-30.0109259,0,10,OFF,RETRACTED,AUTO
22:08:13,-14.99929587,-31.66527453,0,10,OFF,RETRACTED,AUTO
22:08:13,-14.93751128,-33.23888596,0,10,OFF,RETRACTED,AUTO
22:08:13,-14.72347862,-34.72774793,0,10,OFF,RETRACTED,AUTO
22:08:13,-14.3593794,-36.12806428,0,10,OFF,RETRACTED,AUTO
22:08:13,-13.84892462,-37.43626461,0,10,OFF,RETRACTED,AUTO
22:08:13,-13.19731701,-38.6490134,0,10,OFF,RETRACTED,AUTO
22:08:13,-12.41119798,-39.76321848,0,10,OFF,RETRACTED,AUTO
22:08:13,-11.49857991,-40.77603897,0,10,OFF,RETRACTED,AUTO
22:08:13,-10.4687645,-41.68489246,0,10,OFF,RETRACTED,AUTO
22:08:13,-9.332247979,-42.48746165,0,10,OFF,RETRACTED,AUTO
22:08:13,-8.100614093,-43.18170021,0,10,OFF,RETRACTED,AUTO
22:08:13,-6.786416065,-43.76583805,0,10,OFF,RETRACTED,AUTO
22:08:13,-5.403048637,-44.23838577,0,10,OFF,RETRACTED,AUTO
22:08:13,-3.964611547,-44.59813852,0,10,OFF,RETRACTED,AUTO
22:08:13,-2.485765823,-44.84417904,0,10,OFF,RETRACTED,AUTO
22:08:13,-0.98158435,-44.97588,0,10,OFF,RETRACTED,AUTO
22:08:13,0.532601756,-44.99290559,0,10,OFF,RETRACTED,AUTO
22:08:13,2.041359408,-44.89521241,0,10,OFF,RETRACTED,AUTO
22:08:13,3.529310849,-44.68304954,0,10,OFF,RETRACTED,AUTO
22:08:13,4.981290384,-44.35695794,0,10,OFF,RETRACTED,AUTO
22:08:13,6.382498958,-43.91776904,0,10,OFF,RETRACTED,AUTO
22:08:13,7.718654989,-43.36660266,0,10,OFF,RETRACTED,AUTO
22:08:13,8.97613993,-42.7048641,0,10,OFF,RETRACTED,AUTO
22:08:13,10.14213708,-41.93424061,0,10,OFF,RETRACTED,AUTO
22:08:13,11.20476221,-41.05669704,0,10,OFF,RETRACTED,AUTO
22:08:13,12.15318469,-40.07447088,0,10,OFF,RETRACTED,AUTO
22:08:13,12.97773789,-38.99006652,0,10,OFF,RETRACTED,AUTO
22:08:13,13.67001768,-37.80624887,0,10,OFF,RETRACTED,AUTO
22:08:13,14.22296813,-36.52603632,0,10,OFF,RETRACTED,AUTO
22:08:13,14.63095337,-35.15269305,0,10,OFF,RETRACTED,AUTO
22:08:13,14.88981509,-33.68972067,0,10,OFF,RETRACTED,AUTO
22:08:13,14.99691489,-32.14084934,0,10,OFF,RETRACTED,AUTO
22:08:13,14.95116115,-30.51002822,0,10,OFF,RETRACTED,AUTO
22:08:13,14.75302023,-28.80141544,0,10,OFF,RETRACTED,AUTO
22:08:13,14.40451165,-27.01936746,0,10,OFF,RETRACTED,AUTO
22:08:13,13.9091875,-25.16842798,0,10,OFF,RETRACTED,AUTO
22:08:13,13.27209632,-23.25331636,0,10,OFF,RETRACTED,AUTO
22:08:13,12.49973153,-21.27891556,0,10,OFF,RETRACTED,AUTO
22:08:13,11.59996533,-19.25025975,0,10,OFF,RETRACTED,AUTO
22:08:13,10.58196845,-17.17252139,0,10,OFF,RETRACTED,AUTO
22:08:13,9.456116635,-15.05099812,0,10,OFF,RETRACTED,AUTO
22:08:13,8.23388495,-12.89109919,0,10,OFF,RETRACTED,AUTO
22:08:13,6.927730783,-10.69833173,0,10,OFF,RETRACTED,AUTO
22:08:13,5.550966888,-8.47828664,0,10,OFF,RETRACTED,AUTO
22:08:13,4.1176257,-6.236624397,0,10,OFF,RETRACTED,AUTO
22:08:13,2.642316308,-3.979060582,0,10,OFF,RETRACTED,AUTO
22:08:13,1.140075552,-1.711351325,0,10,OFF,RETRACTED,AUTO
22:08:13,-0.373785232,0.560721379,0,10,OFF,RETRACTED,AUTO
22:08:13,-1.883836273,2.831364407,0,10,OFF,RETRACTED,AUTO
22:08:13,-3.37468663,5.094788283,0,10,OFF,RETRACTED,AUTO
22:08:13,-4.831141063,7.345221936,0,10,OFF,RETRACTED,AUTO
22:08:13,-6.238354907,9.576927417,0,10,OFF,RETRACTED,AUTO
22:08:13,-7.581985371,11.78421453,0,10,OFF,RETRACTED,AUTO
22:08:13,-8.848337728,13.96145533,0,10,OFF,RETRACTED,AUTO
22:08:13,-10.0245049,16.1030985,0,10,OFF,RETRACTED,AUTO
22:08:13,-11.09849899,18.20368347,0,10,OFF,RETRACTED,AUTO
22:08:13,-12.05937351,20.25785436,0,10,OFF,RETRACTED,AUTO
22:08:13,-12.89733489,22.26037364,0,10,OFF,RETRACTED,AUTO
22:08:13,-13.60384237,24.20613546,0,10,OFF,RETRACTED,AUTO
22:08:13,-14.17169498,26.09017871,0,10,OFF,RETRACTED,AUTO
22:08:13,-14.59510498,27.90769961,0,10,OFF,RETRACTED,AUTO
22:08:13,-14.86975683,29.65406403,0,10,OFF,RETRACTED,AUTO
22:08:13,-14.9928512,31.32481924,0,10,OFF,RETRACTED,AUTO
22:08:13,-14.96313346,32.91570531,0,10,OFF,RETRACTED,AUTO
22:08:13,-14.78090651,34.42266594,0,10,OFF,RETRACTED,AUTO
22:08:13,-14.44802767,35.84185882,0,10,OFF,RETRACTED,AUTO
22:08:13,-13.96788974,37.16966542,0,10,OFF,RETRACTED,AUTO
22:08:13,-13.34538645,38.40270022,0,10,OFF,RETRACTED,AUTO
22:08:13,-12.58686256,39.53781936,0,10,OFF,RETRACTED,AUTO
22:08:13,-11.7000492,40.57212859,0,10,OFF,RETRACTED,AUTO
22:08:13,-10.69398506,41.50299074,0,10,OFF,RETRACTED,AUTO
22:08:13,-9.578924284,42.32803239,0,10,OFF,RETRACTED,AUTO
22:08:13,-8.366231939,43.0451499,0,10,OFF,RETRACTED,AUTO
22:08:13,-7.068268186,43.65251485,0,10,OFF,RETRACTED,AUTO
22:08:13,-5.698262303,44.14857863,0,10,OFF,RETRACTED,AUTO
22:08:13,-4.270177843,44.53207643,0,10,OFF,RETRACTED,AUTO
22:08:13,-2.798570316,44.80203043,0,10,OFF,RETRACTED,AUTO
22:08:13,-1.298438833,44.95775233,0,10,OFF,RETRACTED,AUTO
22:08:13,0.214926768,44.99884509,0,10,OFF,RETRACTED,AUTO
22:08:13,1.726101765,44.92520393,0,10,OFF,RETRACTED,AUTO
22:08:13,3.21968376,44.73701661,0,10,OFF,RETRACTED,AUTO
22:08:13,4.680449673,44.43476297,0,10,OFF,RETRACTED,AUTO
22:08:13,6.093510892,44.01921364,0,10,OFF,RETRACTED,AUTO
22:08:13,-8.710513504,-13.71883935,0,10,OFF,RETRACTED,AUTO
22:08:13,-9.897414622,-15.86475036,0,9,OFF,RETRACTED,AUTO
22:08:13,-10.98343801,-17.97021088,0,10,OFF,RETRACTED,AUTO
22:08:13,-11.95751456,-20.02985261,0,10,OFF,RETRACTED,AUTO
22:08:13,-12.80971616,-22.03842406,0,9,OFF,RETRACTED,AUTO
22:08:13,-13.53135689,-23.99080396,0,9,OFF,RETRACTED,AUTO
22:08:13,-14.11508155,-25.88201432,0,10,OFF,RETRACTED,AUTO
22:08:13,-14.55494063,-27.7072331,0,9,OFF,RETRACTED,AUTO
22:08:13,-14.84645092,-29.46180652,0,9,OFF,RETRACTED,AUTO
22:08:13,-14.98664127,-31.14126094,0,9,OFF,RETRACTED,AUTO
22:08:13,-14.97408281,-32.74131423,0,9,OFF,RETRACTED,AUTO
22:08:13,-14.80890354,-34.25788673,0,9,OFF,RETRACTED,AUTO
22:08:13,-14.49278701,-35.68711162,0,9,OFF,RETRACTED,AUTO
22:08:13,-14.0289552,-37.02534479,0,9,OFF,RETRACTED,AUTO
22:08:13,-13.42213564,-38.26917414,0,9,OFF,RETRACTED,AUTO
22:08:13,-12.67851321,-39.41542827,0,9,OFF,RETRACTED,AUTO
22:08:13,-11.80566719,-40.46118457,0,9,OFF,RETRACTED,AUTO
22:08:13,-10.81249389,-41.40377666,0,9,OFF,RETRACTED,AUTO
22:08:13,-9.709116073,-42.2408012,0,9,OFF,RETRACTED,AUTO
22:08:13,-8.506779729,-42.97012403,0,9,OFF,RETRACTED,AUTO
22:08:13,-7.217739467,-43.58988559,0,9,OFF,RETRACTED,AUTO
22:08:13,-5.855133615,-44.09850567,0,10,OFF,RETRACTED,AUTO
22:08:13,-4.432850301,-44.49468743,0,9,OFF,RETRACTED,AUTO
22:08:13,-2.965385908,-44.77742073,0,9,OFF,RETRACTED,AUTO
22:08:13,-1.46769732,-44.94598468,0,9,OFF,RETRACTED,AUTO
22:08:13,0.044950525,-44.99994949,0,10,OFF,RETRACTED,AUTO
22:08:13,1.55714022,-44.93917756,0,10,OFF,RETRACTED,AUTO
22:08:13,3.053459025,-44.76382385,0,9,OFF,RETRACTED,AUTO
22:08:13,4.518655965,-44.47433546,0,9,OFF,RETRACTED,AUTO
22:08:13,5.937797267,-44.07145049,0,9,OFF,RETRACTED,AUTO
22:08:13,7.296418572,-43.5561962,0,9,OFF,RETRACTED,AUTO
22:08:13,8.580672362,-42.92988632,0,9,OFF,RETRACTED,AUTO
22:08:13,9.777469096,-42.19411776,0,9,OFF,RETRACTED,AUTO
22:08:13,10.87461063,-41.35076652,0,9,OFF,RETRACTED,AUTO
22:08:13,11.86091452,-40.40198289,0,9,OFF,RETRACTED,AUTO
22:08:13,12.72632805,-39.35018601,0,9,OFF,RETRACTED,AUTO
22:08:13,13.46203063,-38.19805763,0,9,OFF,RETRACTED,AUTO
22:08:13,14.06052373,-36.94853537,0,9,OFF,RETRACTED,AUTO
22:08:13,14.51570732,-35.60480512,0,9,OFF,RETRACTED,AUTO
22:08:13,14.822942,-34.17029301,0,9,OFF,RETRACTED,AUTO
22:08:13,14.97909636,-32.64865664,0,9,OFF,RETRACTED,AUTO
22:08:13,14.9825788,-31.04377572,0,9,OFF,RETRACTED,AUTO
22:08:13,14.83335383,-29.35974223,0,9,OFF,RETRACTED,AUTO
22:08:13,14.53294241,-27.60084998,0,9,OFF,RETRACTED,AUTO
22:08:13,14.08440643,-25.77158361,0,10,OFF,RETRACTED,AUTO
22:08:13,13.49231751,-23.87660723,0,10,OFF,RETRACTED,AUTO
22:08:13,12.76271042,-21.92075247,0,10,OFF,RETRACTED,AUTO
22:08:13,11.90302156,-19.90900619,0,9,OFF,RETRACTED,AUTO
22:08:13,10.92201316,-17.84649776,0,10,OFF,RETRACTED,AUTO
22:08:13,9.829683987,-15.73848597,0,10,OFF,RETRACTED,AUTO
22:08:13,8.637167417,-13.59034563,0,10,OFF,RETRACTED,AUTO
22:08:13,7.356617975,-11.40755388,0,9,OFF,RETRACTED,AUTO
22:08:13,6.001087445,-9.195676198,0,9,OFF,RETRACTED,AUTO
22:08:13,4.584391845,-6.960352226,0,9,OFF,RETRACTED,AUTO
22:08:13,3.120970604,-4.707281388,0,9,OFF,RETRACTED,AUTO
22:08:13,1.625739397,-2.442208356,0,9,OFF,RETRACTED,AUTO
22:08:13,0.113938116,-0.170908406,0,9,OFF,RETRACTED,AUTO
22:08:13,-1.39902446,2.10082731,0,9,OFF,RETRACTED,AUTO
22:08:13,-2.897727716,4.36720653,0,10,OFF,RETRACTED,AUTO
22:08:13,-4.366896371,6.622450648,0,9,OFF,RETRACTED,AUTO
22:08:13,-5.791556172,8.86080945,0,9,OFF,RETRACTED,AUTO
22:08:13,-7.157186513,11.07657578,0,9,OFF,RETRACTED,AUTO
22:08:13,-8.449868439,13.26410007,0,9,OFF,RETRACTED,AUTO
22:08:13,-9.656426507,15.41780477,0,9,OFF,RETRACTED,AUTO
22:08:13,-10.76456308,17.53219858,0,9,OFF,RETRACTED,AUTO
22:08:13,-11.76298365,19.6018904,0,10,OFF,RETRACTED,AUTO
22:08:13,-12.64151201,21.62160312,0,9,OFF,RETRACTED,AUTO
22:08:13,-13.39119388,23.58618706,0,10,OFF,RETRACTED,AUTO
22:08:13,-14.00438827,25.49063312,0,9,OFF,RETRACTED,AUTO
22:08:13,-14.4748453,27.3300855,0,10,OFF,RETRACTED,AUTO
22:08:13,-14.7977699,29.09985414,0,9,OFF,RETRACTED,AUTO
22:08:13,-14.96987074,30.79542665,0,10,OFF,RETRACTED,AUTO
22:08:13,-14.98939369,32.41247981,0,9,OFF,RETRACTED,AUTO
22:08:13,-14.85613978,33.9468906,0,9,OFF,RETRACTED,AUTO
22:08:13,-14.57146717,35.39474674,0,9,OFF,RETRACTED,AUTO
22:08:13,-14.13827734,36.75235661,0,10,OFF,RETRACTED,AUTO
22:08:13,-13.56098551,38.0162587,0,9,OFF,RETRACTED,AUTO
22:08:13,-12.84547561,39.18323042,0,9,OFF,RETRACTED,AUTO
22:08:13,-11.99904038,40.25029635,0,9,OFF,RETRACTED,AUTO
22:08:13,-11.03030695,41.21473577,0,9,OFF,RETRACTED,AUTO
22:08:13,-9.949148979,42.07408965,0,9,OFF,RETRACTED,AUTO
22:08:13,-8.766585987,42.82616688,0,9,OFF,RETRACTED,AUTO
22:08:13,-7.494671045,43.46904989,0,9,OFF,RETRACTED,AUTO
22:08:13,-6.146367934,44.00109951,0,9,OFF,RETRACTED,AUTO
22:08:13,-4.735419005,44.42095918,0,9,OFF,RETRACTED,AUTO
22:08:13,-3.276205117,44.72755836,0,9,OFF,RETRACTED,AUTO
22:08:13,-1.783599061,44.92011533,0,9,OFF,RETRACTED,AUTO
22:08:13,-0.272813973,44.99813912,0,10,OFF,RETRACTED,AUTO
22:08:13,1.240751726,44.96143079,0,9,OFF,RETRACTED,AUTO
22:08:13,2.741671272,44.81008394,0,9,OFF,RETRACTED,AUTO
22:08:13,4.214646797,44.54448446,0,9,OFF,RETRACTED,AUTO
22:08:13,5.644665245,44.16530954,0,10,OFF,RETRACTED,AUTO
22:08:13,7.017151395,43.67352598,0,9,OFF,RETRACTED,AUTO
22:08:13,8.318116414,43.07038768,0,9,OFF,RETRACTED,AUTO
22:08:13,9.534300435,42.35743246,0,9,OFF,RETRACTED,AUTO
22:08:13,10.65330771,41.53647815,0,9,OFF,RETRACTED,AUTO
22:08:13,11.66373294,40.60961796,0,9,OFF,RETRACTED,AUTO
22:08:13,12.55527754,39.57921509,0,9,OFF,RETRACTED,AUTO
22:08:13,13.3188546,38.44789678,0,10,OFF,RETRACTED,AUTO
22:08:13,13.94668147,37.21854755,0,10,OFF,RETRACTED,AUTO
22:08:13,14.43235915,35.89430189,0,10,OFF,RETRACTED,AUTO
22:08:13,14.77093744,34.47853625,0,10,OFF,RETRACTED,AUTO
22:08:13,14.95896545,32.9748604,0,10,OFF,RETRACTED,AUTO
22:08:13,14.99452673,31.38710828,0,10,OFF,RETRACTED,AUTO
22:08:13,14.87725882,29.7193282,0,10,OFF,RETRACTED,AUTO
22:08:13,14.60835696,27.97577251,0,10,OFF,RETRACTED,AUTO
22:08:13,14.19056189,26.16088677,0,10,OFF,RETRACTED,AUTO
22:08:13,13.62813191,24.2792984,0,10,OFF,RETRACTED,AUTO
22:08:13,12.9267995,22.33580491,0,10,OFF,RETRACTED,AUTO
22:08:13,12.09371286,20.33536164,0,10,OFF,RETRACTED,AUTO
22:08:13,11.1373631,18.28306914,0,10,OFF,RETRACTED,AUTO
22:08:13,10.06749764,16.18416014,0,10,OFF,RETRACTED,AUTO
22:08:13,8.895020917,14.04398626,0,10,OFF,RETRACTED,AUTO
22:08:13,7.631883189,11.86800431,0,10,OFF,RETRACTED,AUTO
22:08:13,6.290958781,9.661762423,0,9,OFF,RETRACTED,AUTO
22:08:13,4.885914836,7.430885859,0,10,OFF,RETRACTED,AUTO
22:08:13,3.431072029,5.181062704,0,9,OFF,RETRACTED,AUTO
22:08:13,1.941258599,2.918029353,0,10,OFF,RETRACTED,AUTO
22:08:13,0.431659219,0.647555878,0,9,OFF,RETRACTED,AUTO
22:08:13,-1.082339776,-1.624568675,0,9,OFF,RETRACTED,AUTO
22:08:13,-2.585307204,-3.892551052,0,10,OFF,RETRACTED,AUTO
22:08:13,-4.061924325,-6.150608561,0,10,OFF,RETRACTED,AUTO
22:08:13,-5.497140968,-8.392983813,0,10,OFF,RETRACTED,AUTO
22:08:13,-6.87632893,-10.61395941,0,10,OFF,RETRACTED,AUTO
22:08:13,-8.185431069,-12.8078725,0,10,OFF,RETRACTED,AUTO
22:08:13,-9.411104583,-14.96912926,0,10,OFF,RETRACTED,AUTO
22:08:13,-10.540857,-17.09221911,0,10,OFF,RETRACTED,AUTO
22:08:13,-11.56317351,-19.17172879,0,10,OFF,RETRACTED,AUTO
22:08:13,-12.46763433,-21.20235616,0,10,OFF,RETRACTED,AUTO
22:08:13,-13.24502089,-23.17892372,0,10,OFF,RETRACTED,AUTO
22:08:13,-13.88740981,-25.09639178,0,10,OFF,RETRACTED,AUTO
22:08:13,-14.38825365,-26.94987137,0,10,OFF,RETRACTED,AUTO
22:08:13,-14.74244764,-28.73463665,0,10,OFF,RETRACTED,AUTO
22:08:13,-14.94638172,-30.446137,0,10,OFF,RETRACTED,AUTO
22:08:13,-14.99797733,-32.08000859,0,10,OFF,RETRACTED,AUTO
22:08:13,-14.89670858,-33.63208553,0,10,OFF,RETRACTED,AUTO
22:08:13,-14.64360765,-35.09841046,0,10,OFF,RETRACTED,AUTO
22:08:13,-14.24125421,-36.47524469,0,10,OFF,RETRACTED,AUTO
22:08:13,-13.6937492,-37.7590777,0,10,OFF,RETRACTED,AUTO
22:08:13,-13.00667296,-38.94663609,0,10,OFF,RETRACTED,AUTO
22:08:13,-12.1870284,-40.03489192,0,10,OFF,RETRACTED,AUTO
22:08:13,-11.2431696,-41.02107046,0,10,OFF,RETRACTED,AUTO
22:08:13,-10.1847167,-41.90265725,0,10,OFF,RETRACTED,AUTO
22:08:13,-9.022457797,-42.6774045,0,10,OFF,RETRACTED,AUTO
22:08:13,-7.768239011,-43.34333682,0,10,OFF,RETRACTED,AUTO
22:08:13,-6.434843761,-43.89875629,0,10,OFF,RETRACTED,AUTO
22:08:13,-5.035862451,-44.34224674,0,10,OFF,RETRACTED,AUTO
22:08:13,-3.585553963,-44.67267742,0,10,OFF,RETRACTED,AUTO
22:08:13,-2.098700322,-44.8892058,0,10,OFF,RETRACTED,AUTO
22:08:13,-0.590456031,-44.99127982,0,10,OFF,RETRACTED,AUTO
22:08:13,0.923806383,-44.9786392,0,10,OFF,RETRACTED,AUTO
22:08:13,2.428653056,-44.85131619,0,10,OFF,RETRACTED,AUTO
22:08:13,3.908746093,-44.60963542,0,9,OFF,RETRACTED,AUTO
22:08:13,5.348999895,-44.2542131,0,10,OFF,RETRACTED,AUTO
22:08:13,6.734734918,-43.78595545,0,10,OFF,RETRACTED,AUTO
22:08:13,8.051827292,-43.2060564,0,10,OFF,RETRACTED,AUTO
22:08:13,9.286852775,-42.51599452,0,10,OFF,RETRACTED,AUTO
22:08:13,10.42722358,-41.71752926,0,10,OFF,RETRACTED,AUTO
22:08:13,11.46131666,-40.81269649,0,10,OFF,RETRACTED,AUTO
22:08:13,12.37859222,-39.80380325,0,10,OFF,RETRACTED,AUTO
22:08:13,13.16970105,-38.69342194,0,10,OFF,RETRACTED,AUTO
22:08:13,13.82657994,-37.48438369,0,9,OFF,RETRACTED,AUTO
22:08:13,14.34253374,-36.17977121,0,9,OFF,RETRACTED,AUTO
22:08:13,14.71230368,-34.78291088,0,10,OFF,RETRACTED,AUTO
22:08:13,14.93212095,-33.29736427,0,10,OFF,RETRACTED,AUTO
22:08:13,14.9997451,-31.72691911,0,9,OFF,RETRACTED,AUTO
22:08:13,14.91448688,-30.07557957,0,10,OFF,RETRACTED,AUTO
22:08:13,14.67721527,-28.34755608,0,10,OFF,RETRACTED,AUTO
22:08:13,14.29034862,-26.5472546,0,10,OFF,RETRACTED,AUTO
22:08:13,13.75783,-24.67926536,0,10,OFF,RETRACTED,AUTO
22:08:13,13.08508702,-22.74835121,0,10,OFF,RETRACTED,AUTO
22:08:13,12.2789765,-20.7594354,0,10,OFF,RETRACTED,AUTO
22:08:13,11.34771459,-18.71758909,0,9,OFF,RETRACTED,AUTO
22:08:13,10.300793,-16.6280184,0,10,OFF,RETRACTED,AUTO
22:08:13,9.148882327,-14.49605111,0,9,OFF,RETRACTED,AUTO
22:08:13,7.903723211,-12.32712312,0,10,OFF,RETRACTED,AUTO
22:08:13,6.578006731,-10.12676457,0,9,OFF,RETRACTED,AUTO
22:08:13,5.185245026,-7.900585722,0,10,OFF,RETRACTED,AUTO
22:08:13,3.739633587,-5.654262689,0,10,OFF,RETRACTED,AUTO
22:08:13,2.255906563,-3.393522937,0,10,OFF,RETRACTED,AUTO
22:08:13,0.749186592,-1.124130692,0,9,OFF,RETRACTED,AUTO
22:08:13,-0.765169336,1.148127759,0,10,OFF,RETRACTED,AUTO
22:08:13,-2.271726405,3.417458818,0,10,OFF,RETRACTED,AUTO
22:08:13,-3.755129286,5.678076355,0,10,OFF,RETRACTED,AUTO
22:08:13,-5.200258646,7.924216455,0,10,OFF,RETRACTED,AUTO
22:08:13,-6.592385247,10.15015212,0,10,OFF,RETRACTED,AUTO
22:08:13,-7.917320074,12.35020785,0,10,OFF,RETRACTED,AUTO
22:08:13,-9.161558952,14.51877417,0,10,OFF,RETRACTED,AUTO
22:08:13,-10.31242019,16.65032184,0,10,OFF,RETRACTED,AUTO
22:08:13,-11.35817382,18.73941606,0,9,OFF,RETRACTED,AUTO
22:08:13,-12.28816118,20.78073024,0,9,OFF,RETRACTED,AUTO
22:08:13,-13.09290353,22.76905962,0,9,OFF,RETRACTED,AUTO
22:08:13,-13.76419868,24.69933454,0,9,OFF,RETRACTED,AUTO
22:08:13,-14.29520455,26.56663338,0,9,OFF,RETRACTED,AUTO
22:08:13,-14.68050896,28.36619505,0,10,OFF,RETRACTED,AUTO
22:08:13,-14.91618476,30.09343121,0,10,OFF,RETRACTED,AUTO
22:08:13,-14.99982986,31.7439379,0,9,OFF,RETRACTED,AUTO
22:08:13,-14.93059173,33.31350682,0,10,OFF,RETRACTED,AUTO
22:08:13,-14.70917607,34.79813602,0,9,OFF,RETRACTED,AUTO
22:08:13,-14.3378396,36.19404014,0,10,OFF,RETRACTED,AUTO
22:08:13,-13.82036713,37.49766002,0,10,OFF,RETRACTED,AUTO
22:08:13,-13.1620329,38.70567181,0,10,OFF,RETRACTED,AUTO
22:08:13,-12.36954687,39.81499544,0,10,OFF,RETRACTED,AUTO
22:08:13,-11.45098632,40.82280245,0,10,OFF,RETRACTED,AUTO
22:08:13,-10.41571352,41.72652323,0,9,OFF,RETRACTED,AUTO
22:08:13,-9.274280324,42.52385357,0,9,OFF,RETRACTED,AUTO
22:08:13,-8.038320588,43.21276049,0,10,OFF,RETRACTED,AUTO
22:08:13,-6.720431627,43.79148748,0,9,OFF,RETRACTED,AUTO
22:08:13,-5.3340458,44.25855897,0,10,OFF,RETRACTED,AUTO
22:08:13,-3.893293611,44.61278405,0,10,OFF,RETRACTED,AUTO
22:08:13,-2.412859684,44.85325956,0,10,OFF,RETRACTED,AUTO
22:08:13,-0.907833093,44.97937235,0,9,OFF,RETRACTED,AUTO
22:08:13,0.606446435,44.99080087,0,10,OFF,RETRACTED,AUTO
22:08:13,2.114544859,44.88751598,0,9,OFF,RETRACTED,AUTO
22:08:13,3.601091142,44.66978103,0,10,OFF,RETRACTED,AUTO
22:08:13,5.050933911,44.33815118,0,9,OFF,RETRACTED,AUTO
22:08:13,6.449295889,43.89347199,0,9,OFF,RETRACTED,AUTO
22:08:13,7.781924506,43.33687726,0,9,OFF,RETRACTED,AUTO
22:08:13,9.035237171,42.66978614,0,10,OFF,RETRACTED,AUTO
22:08:13,10.19645971,41.89389953,0,9,OFF,RETRACTED,AUTO
22:08:13,11.25375655,41.0111957,0,10,OFF,RETRACTED,AUTO
22:08:13,12.19635137,40.0239253,0,10,OFF,RETRACTED,AUTO
22:08:13,13.01463694,38.93460557,0,10,OFF,RETRACTED,AUTO
22:08:13,13.70027303,37.74601396,0,10,OFF,RETRACTED,AUTO
22:08:13,14.24627139,36.46118104,0,10,OFF,RETRACTED,AUTO
22:08:13,14.64706703,35.08338275,0,10,OFF,RETRACTED,AUTO
22:08:13,14.89857492,33.61613208,0,10,OFF,RETRACTED,AUTO
22:08:13,14.99823159,32.06317008,0,10,OFF,RETRACTED,AUTO
22:08:13,14.94502132,30.42845636,0,10,OFF,RETRACTED,AUTO
22:08:13,14.73948644,28.71615896,0,10,OFF,RETRACTED,AUTO
22:08:13,14.38372183,26.93064373,0,10,OFF,RETRACTED,AUTO
22:08:13,13.88135357,25.07646323,0,10,OFF,RETRACTED,AUTO
22:08:13,13.23750195,23.15834507,0,10,OFF,RETRACTED,AUTO
22:08:13,12.45872933,21.18117988,0,10,OFF,RETRACTED,AUTO
22:08:13,11.55297321,19.15000888,0,10,OFF,RETRACTED,AUTO
22:08:13,10.52946536,17.07001094,0,10,OFF,RETRACTED,AUTO
22:08:13,9.398637715,14.94648945,0,10,OFF,RETRACTED,AUTO
22:08:13,8.172016039,12.78485878,0,10,OFF,RETRACTED,AUTO
22:08:13,6.862102468,10.59063046,0,10,OFF,RETRACTED,AUTO
22:08:13,5.482248076,8.369399113,0,10,OFF,RETRACTED,AUTO
22:08:13,4.046516795,6.126828247,0,10,OFF,RETRACTED,AUTO
22:08:13,2.569542075,3.868635756,0,10,OFF,RETRACTED,AUTO
22:08:13,1.066377731,1.600579374,0,10,OFF,RETRACTED,AUTO
22:08:13,-0.447655488,-0.671558018,0,10,OFF,RETRACTED,AUTO
22:08:13,-1.957126054,-2.941983134,0,10,OFF,RETRACTED,AUTO
22:08:13,-3.446648944,-5.204907051,0,10,OFF,RETRACTED,AUTO
22:08:13,-4.901042445,-7.454559975,0,10,OFF,RETRACTED,AUTO
22:08:13,-6.305482898,-9.685205947,0,10,OFF,RETRACTED,AUTO
22:08:13,-7.645655781,-11.89115747,0,10,OFF,RETRACTED,AUTO
22:08:13,-8.907901608,-14.06679002,0,10,OFF,RETRACTED,AUTO
22:08:13,-10.07935515,-16.20655635,0,10,OFF,RETRACTED,AUTO
22:08:13,-11.14807657,-18.3050007,0,10,OFF,RETRACTED,AUTO
22:08:13,-12.10317309,-20.35677264,0,10,OFF,RETRACTED,AUTO
22:08:13,-12.93491007,-22.35664076,0,9,OFF,RETRACTED,AUTO
22:08:13,-13.63481016,-24.29950596,0,10,OFF,RETRACTED,AUTO
22:08:13,-14.19573975,-26.18041452,0,10,OFF,RETRACTED,AUTO
22:08:13,-14.61198166,-27.99457067,0,10,OFF,RETRACTED,AUTO
22:08:13,-14.87929341,-29.73734883,0,10,OFF,RETRACTED,AUTO
22:08:13,-14.99495047,-31.40430544,0,10,OFF,RETRACTED,AUTO
22:08:13,-14.95777403,-32.99119023,0,10,OFF,RETRACTED,AUTO
22:08:13,-14.768143,-34.49395712,0,10,OFF,RETRACTED,AUTO
22:08:13,-14.42799017,-35.90877449,0,10,OFF,RETRACTED,AUTO
22:08:13,-13.94078248,-37.23203497,0,10,OFF,RETRACTED,AUTO
22:08:13,-13.31148572,-38.46036463,0,9,OFF,RETRACTED,AUTO
22:08:13,-12.54651388,-39.59063158,0,10,OFF,RETRACTED,AUTO
22:08:13,-11.65366382,-40.61995399,0,10,OFF,RETRACTED,AUTO
22:08:13,-10.64203576,-41.54570737,0,10,OFF,RETRACTED,AUTO
22:08:13,-9.521940549,-42.36553132,0,9,OFF,RETRACTED,AUTO
22:08:13,-8.304794563,-43.07733554,0,10,OFF,RETRACTED,AUTO
22:08:13,-7.00300336,-43.67930513,0,10,OFF,RETRACTED,AUTO
22:08:13,-5.629835226,-44.16990524,0,10,OFF,RETRACTED,AUTO
22:08:13,-4.199285947,-44.54788498,0,10,OFF,RETRACTED,AUTO
22:08:13,-2.725936155,-44.81228063,0,10,OFF,RETRACTED,AUTO
22:08:13,-1.224802718,-44.96241804,0,10,OFF,RETRACTED,AUTO
22:08:13,0.288814313,-44.99791442,0,10,OFF,RETRACTED,AUTO
22:08:13,1.799487654,-44.91867924,0,10,OFF,RETRACTED,AUTO
22:08:13,3.29182002,-44.72491455,0,10,OFF,RETRACTED,AUTO
22:08:13,4.750601066,-44.41711438,0,10,OFF,RETRACTED,AUTO
22:08:13,6.160962413,-43.99606354,0,10,OFF,RETRACTED,AUTO
22:08:13,7.508529189,-43.46283558,0,10,OFF,RETRACTED,AUTO
22:08:13,8.779566549,-42.81879008,0,10,OFF,RETRACTED,AUTO
22:08:13,9.961119659,-42.06556917,0,10,OFF,RETRACTED,AUTO
22:08:13,11.04114574,-41.20509333,0,10,OFF,RETRACTED,AUTO
22:08:13,12.0086368,-40.23955653,0,10,OFF,RETRACTED,AUTO
22:08:13,12.85373186,-39.17142061,0,10,OFF,RETRACTED,AUTO
22:08:13,13.56781743,-38.00340901,0,10,OFF,RETRACTED,AUTO
22:08:13,14.1436153,-36.73849981,0,9,OFF,RETRACTED,AUTO
22:08:13,14.57525677,-35.37991815,0,10,OFF,RETRACTED,AUTO
22:08:13,14.85834239,-33.93112804,0,10,OFF,RETRACTED,AUTO
22:08:13,14.98998686,-32.39582345,0,9,OFF,RETRACTED,AUTO
22:08:13,14.96884842,-30.77791897,0,10,OFF,RETRACTED,AUTO
22:08:13,14.79514252,-29.08153979,0,10,OFF,RETRACTED,AUTO
22:08:13,14.47063963,-27.31101116,0,10,OFF,RETRACTED,AUTO
22:08:13,13.99864718,-25.47084744,0,10,OFF,RETRACTED,AUTO
22:08:13,13.38397589,-23.56574048,0,10,OFF,RETRACTED,AUTO
22:08:13,12.63289067,-21.60054777,0,10,OFF,RETRACTED,AUTO
22:08:13,11.75304686,-19.58027997,0,10,OFF,RETRACTED,AUTO
22:08:13,10.75341209,-17.51008817,0,10,OFF,RETRACTED,AUTO
22:08:13,9.644174991,-15.39525075,0,10,OFF,RETRACTED,AUTO
22:08:13,8.436641262,-13.24115994,0,10,OFF,RETRACTED,AUTO
22:08:13,7.143118491,-11.05330804,0,10,OFF,RETRACTED,AUTO
22:08:14,5.77679069,-8.837273431,0,10,OFF,RETRACTED,AUTO
22:08:14,4.351583925,-6.598706354,0,10,OFF,RETRACTED,AUTO
22:08:14,2.882024376,-4.343314502,0,10,OFF,RETRACTED,AUTO
22:08:14,1.383090279,-2.076848466,0,10,OFF,RETRACTED,AUTO
22:08:14,-0.129940732,0.194912927,0,10,OFF,RETRACTED,AUTO
22:08:14,-1.641647345,2.466177349,0,10,OFF,RETRACTED,AUTO
22:08:14,-3.136621743,4.731153739,0,10,OFF,RETRACTED,AUTO
22:08:14,-4.599626654,6.984067068,0,9,OFF,RETRACTED,AUTO
22:08:14,-6.015750646,9.219173065,0,10,OFF,RETRACTED,AUTO
22:08:14,-7.370560116,11.43077286,0,10,OFF,RETRACTED,AUTO
22:08:14,-8.650246394,13.61322753,0,10,OFF,RETRACTED,AUTO
22:08:14,-9.841766497,15.76097243,0,10,OFF,RETRACTED,AUTO
22:08:14,-10.93297605,17.86853146,0,10,OFF,RETRACTED,AUTO
22:08:14,-11.9127531,19.93053095,0,10,OFF,RETRACTED,AUTO
22:08:14,-12.77111142,21.94171341,0,10,OFF,RETRACTED,AUTO
22:08:14,-13.49930234,23.8969509,0,10,OFF,RETRACTED,AUTO
22:08:14,-14.0899039,25.79125814,0,10,OFF,RETRACTED,AUTO
22:08:14,-14.53689649,27.6198052,0,10,OFF,RETRACTED,AUTO
22:08:14,-14.83572422,29.37792983,0,10,OFF,RETRACTED,AUTO
22:08:14,-14.98334133,31.06114931,0,10,OFF,RETRACTED,AUTO
22:08:14,-14.97824327,32.66517192,0,10,OFF,RETRACTED,AUTO
22:08:14,-14.82048198,34.18590788,0,10,OFF,RETRACTED,AUTO
22:08:14,-14.51166544,35.61947976,0,10,OFF,RETRACTED,AUTO
22:08:14,-14.05494119,36.96223237,0,10,OFF,RETRACTED,AUTO
22:08:14,-13.45496433,38.21074207,0,10,OFF,RETRACTED,AUTO
22:08:14,-12.71785002,39.36182553,0,10,OFF,RETRACTED,AUTO
22:08:14,-11.85111116,40.41254783,0,10,OFF,RETRACTED,AUTO
22:08:14,-10.86358185,41.36022994,0,10,OFF,RETRACTED,AUTO
22:08:14,-9.765327324,42.20245553,0,10,OFF,RETRACTED,AUTO
22:08:14,-8.567541342,42.93707717,0,10,OFF,RETRACTED,AUTO
22:08:14,-7.282432142,43.56222181,0,10,OFF,RETRACTED,AUTO
22:08:14,-5.92309798,44.0762955,0,10,OFF,RETRACTED,AUTO
22:08:14,-4.503393642,44.4779875,0,10,OFF,RETRACTED,AUTO
22:08:14,-3.037789224,44.76627362,0,10,OFF,RETRACTED,AUTO
22:08:14,-1.541222652,44.94041881,0,10,OFF,RETRACTED,AUTO
22:08:14,-0.028947428,44.99997905,0,10,OFF,RETRACTED,AUTO
22:08:14,1.483622837,44.94480248,0,10,OFF,RETRACTED,AUTO
22:08:14,2.981071527,44.77502979,0,10,OFF,RETRACTED,AUTO
22:08:14,4.448136149,44.49109384,0,10,OFF,RETRACTED,AUTO
22:08:14,5.869863894,44.09371859,0,10,OFF,RETRACTED,AUTO
22:08:14,7.231764041,43.58391723,0,10,OFF,RETRACTED,AUTO
22:08:14,8.519955654,42.96298961,0,10,OFF,RETRACTED,AUTO
22:08:14,9.721309056,42.23251891,0,10,OFF,RETRACTED,AUTO
22:08:14,10.82357966,41.39436761,0,10,OFF,RETRACTED,AUTO
22:08:14,11.81553275,40.45067276,0,10,OFF,RETRACTED,AUTO
22:08:14,12.68705802,39.4038405,0,9,OFF,RETRACTED,AUTO
22:08:14,13.42927259,38.25653995,0,10,OFF,RETRACTED,AUTO
22:08:14,14.03461156,37.01169639,0,10,OFF,RETRACTED,AUTO
22:08:14,14.49690513,35.67248381,0,10,OFF,RETRACTED,AUTO
22:08:14,14.81144143,34.24231682,0,10,OFF,RETRACTED,AUTO
22:08:14,14.97501462,32.72484191,0,10,OFF,RETRACTED,AUTO
22:08:14,14.9859575,31.12392821,0,10,OFF,RETRACTED,AUTO
22:08:14,14.84415854,29.44365757,0,10,OFF,RETRACTED,AUTO
22:08:14,14.55106299,27.68831421,0,10,OFF,RETRACTED,AUTO
22:08:14,14.10965819,25.86237373,0,10,OFF,RETRACTED,AUTO
22:08:14,13.52444308,23.97049174,0,10,OFF,RETRACTED,AUTO
22:08:14,12.80138237,22.017492,0,10,OFF,RETRACTED,AUTO
22:08:14,11.94784573,20.00835408,0,10,OFF,RETRACTED,AUTO
22:08:14,10.97253269,17.9482007,0,10,OFF,RETRACTED,AUTO
22:08:14,9.885383956,15.84228465,0,10,OFF,RETRACTED,AUTO
22:08:14,8.697480117,13.6959754,0,10,OFF,RETRACTED,AUTO
22:08:14,7.420928679,11.51474541,0,10,OFF,RETRACTED,AUTO
22:08:14,6.068740679,9.304156178,0,10,OFF,RETRACTED,AUTO
22:08:14,4.654698063,7.069844066,0,10,OFF,RETRACTED,AUTO
22:08:14,3.193213222,4.817505914,0,10,OFF,RETRACTED,AUTO
22:08:14,1.699182095,2.552884529,0,9,OFF,RETRACTED,AUTO
22:08:14,0.187832341,0.281754034,0,10,OFF,RETRACTED,AUTO
22:08:14,-1.325431863,-1.990094852,0,10,OFF,RETRACTED,AUTO
22:08:14,-2.825186826,-4.256869576,0,10,OFF,RETRACTED,AUTO
22:08:14,-4.296146549,-6.512790527,0,10,OFF,RETRACTED,AUTO
22:08:14,-5.723318523,-8.752105762,0,10,OFF,RETRACTED,AUTO
22:08:14,-7.092156539,-10.96910568,0,10,OFF,RETRACTED,AUTO
22:08:14,-8.388708946,-13.15813759,0,10,OFF,RETRACTED,AUTO
22:08:14,-9.599760853,-15.31362008,0,10,OFF,RETRACTED,AUTO
22:08:14,-10.71296882,-17.43005731,0,10,OFF,RETRACTED,AUTO
22:08:14,-11.71698666,-19.50205299,0,10,OFF,RETRACTED,AUTO
22:08:14,-12.60158108,-21.52432412,0,10,OFF,RETRACTED,AUTO
22:08:14,-13.35773602,-23.49171452,0,10,OFF,RETRACTED,AUTO
22:08:14,-13.97774449,-25.39920789,0,10,OFF,RETRACTED,AUTO
22:08:14,-14.45528716,-27.24194071,0,10,OFF,RETRACTED,AUTO
22:08:14,-14.78549675,-29.01521452,0,10,OFF,RETRACTED,AUTO
22:08:14,-14.96500766,-30.71450801,0,10,OFF,RETRACTED,AUTO
22:08:14,-14.99199026,-32.33548847,0,10,OFF,RETRACTED,AUTO
22:08:14,-14.86616953,-33.87402288,0,10,OFF,RETRACTED,AUTO
22:08:14,-14.58882787,-35.32618841,0,10,OFF,RETRACTED,AUTO
22:08:14,-14.16279204,-36.68828248,0,10,OFF,RETRACTED,AUTO
22:08:14,-13.59240435,-37.95683214,0,10,OFF,RETRACTED,AUTO
22:08:14,-12.88347837,-39.12860296,0,10,OFF,RETRACTED,AUTO
22:08:14,-12.04323971,-40.20060726,0,10,OFF,RETRACTED,AUTO
22:08:14,-11.08025237,-41.17011175,0,10,OFF,RETRACTED,AUTO
22:08:14,-10.00433142,-42.03464448,0,10,OFF,RETRACTED,AUTO
22:08:14,-8.826443005,-42.79200113,0,10,OFF,RETRACTED,AUTO
22:08:14,-7.558592565,-43.44025067,0,10,OFF,RETRACTED,AUTO
22:08:14,-6.213702445,-43.97774026,0,10,OFF,RETRACTED,AUTO
22:08:14,-4.805480211,-44.40309944,0,10,OFF,RETRACTED,AUTO
22:08:14,-3.348278932,-44.71524369,0,10,OFF,RETRACTED,AUTO
22:08:14,-1.856950884,-44.91337711,0,10,OFF,RETRACTED,AUTO
22:08:14,-0.346696178,-44.99699454,0,10,OFF,RETRACTED,AUTO
22:08:14,1.16709217,-44.96588277,0,10,OFF,RETRACTED,AUTO
22:08:14,2.668985129,-44.82012112,0,10,OFF,RETRACTED,AUTO
22:08:14,4.143674906,-44.56008125,0,10,OFF,RETRACTED,AUTO
22:08:14,5.576130977,-44.18642618,0,10,OFF,RETRACTED,AUTO
22:08:14,6.951753274,-43.70010863,0,10,OFF,RETRACTED,AUTO
22:08:14,8.256520998,-43.10236855,0,10,OFF,RETRACTED,AUTO
22:08:14,9.477135526,-42.39473002,0,10,OFF,RETRACTED,AUTO
22:08:14,10.60115595,-41.5789973,0,10,OFF,RETRACTED,AUTO
22:08:14,11.61712588,-40.65725028,0,10,OFF,RETRACTED,AUTO
22:08:14,12.51469021,-39.63183914,0,10,OFF,RETRACTED,AUTO
22:08:14,13.28470068,-38.50537838,0,10,OFF,RETRACTED,AUTO
22:08:14,13.91930908,-37.28074014,0,10,OFF,RETRACTED,AUTO
22:08:14,14.41204726,-35.96104691,0,10,OFF,RETRACTED,AUTO
22:08:14,14.75789309,-34.5496635,0,10,OFF,RETRACTED,AUTO
22:08:14,14.95332159,-33.05018853,0,10,OFF,RETRACTED,AUTO
22:08:14,14.99634087,-31.46644523,0,10,OFF,RETRACTED,AUTO
22:08:14,14.88651249,-29.80247169,0,10,OFF,RETRACTED,AUTO
22:08:14,14.62495583,-28.06251054,0,10,OFF,RETRACTED,AUTO
22:08:14,14.21433678,-26.25099818,0,10,OFF,RETRACTED,AUTO
22:08:14,13.65884051,-24.37255344,0,10,OFF,RETRACTED,AUTO
22:08:14,12.9641288,-22.4319658,0,10,OFF,RETRACTED,AUTO
22:08:14,12.1372824,-20.4341832,0,10,OFF,RETRACTED,AUTO
22:08:14,11.1867288,-18.3842994,0,10,OFF,RETRACTED,AUTO
22:08:14,10.12215636,-16.287541,0,10,OFF,RETRACTED,AUTO
22:08:14,8.954415538,-14.14925413,0,10,OFF,RETRACTED,AUTO
22:08:14,7.695408351,-11.97489079,0,10,OFF,RETRACTED,AUTO
22:08:14,6.357967013,-9.769994969,0,10,OFF,RETRACTED,AUTO
22:08:14,4.955723169,-7.540188517,0,10,OFF,RETRACTED,AUTO
22:08:14,3.502968953,-5.291156786,0,10,OFF,RETRACTED,AUTO
22:08:14,2.014511317,-3.02863415,0,10,OFF,RETRACTED,AUTO
22:08:14,0.505521115,-0.758389382,0,10,OFF,RETRACTED,AUTO
22:08:14,-1.008621526,1.513789059,0,10,OFF,RETRACTED,AUTO
22:08:14,-2.512483963,3.782107779,0,10,OFF,RETRACTED,AUTO
22:08:14,-3.990738331,6.040783229,0,10,OFF,RETRACTED,AUTO
22:08:14,-5.428317771,8.284056445,0,10,OFF,RETRACTED,AUTO
22:08:14,-6.810569999,10.50620773,0,10,OFF,RETRACTED,AUTO
22:08:14,-8.123406642,12.70157126,0,10,OFF,RETRACTED,AUTO
22:08:14,-9.353446833,14.86454949,0,10,OFF,RETRACTED,AUTO
22:08:14,-10.4881536,16.98962746,0,10,OFF,RETRACTED,AUTO
22:08:14,-11.51596162,19.07138684,0,10,OFF,RETRACTED,AUTO
22:08:14,-12.42639515,21.10451974,0,10,OFF,RETRACTED,AUTO
22:08:14,-13.21017475,23.08384229,0,10,OFF,RETRACTED,AUTO
22:08:14,-13.85931187,25.00430777,0,10,OFF,RETRACTED,AUTO
22:08:14,-14.36719029,26.86101957,0,10,OFF,RETRACTED,AUTO
22:08:14,-14.72863355,28.64924362,0,10,OFF,RETRACTED,AUTO
22:08:14,-14.9399577,30.36442045,0,10,OFF,RETRACTED,AUTO
22:08:14,-14.99900885,32.00217688,0,10,OFF,RETRACTED,AUTO
22:08:14,-14.90518513,33.55833709,0,10,OFF,RETRACTED,AUTO
22:08:14,-14.65944283,35.02893335,0,10,OFF,RETRACTED,AUTO
22:08:14,-14.26428663,36.41021605,0,10,OFF,RETRACTED,AUTO
22:08:14,-13.7237441,37.69866333,0,10,OFF,RETRACTED,AUTO
22:08:14,-13.04332462,38.89099003,0,10,OFF,RETRACTED,AUTO
22:08:14,-12.22996325,39.98415605,0,10,OFF,RETRACTED,AUTO
22:08:14,-11.29195005,40.97537415,0,10,OFF,RETRACTED,AUTO
22:08:14,-10.23884556,41.862117,0,10,OFF,RETRACTED,AUTO
22:08:14,-9.081383357,42.64212368,0,10,OFF,RETRACTED,AUTO
22:08:14,-7.831360688,43.31340539,0,10,OFF,RETRACTED,AUTO
22:08:14,-6.501518197,43.87425057,0,10,OFF,RETRACTED,AUTO
22:08:14,-5.105410079,44.32322921,0,10,OFF,RETRACTED,AUTO
22:08:14,-3.65726593,44.65919656,0,10,OFF,RETRACTED,AUTO
22:08:14,-2.171845716,44.88129599,0,10,OFF,RETRACTED,AUTO
22:08:14,-0.664289331,44.98896122,0,10,OFF,RETRACTED,AUTO
22:08:14,0.850037712,44.98191774,0,10,OFF,RETRACTED,AUTO
22:08:14,2.355700888,44.86018349,0,10,OFF,RETRACTED,AUTO
22:08:14,3.837353981,44.62406888,0,10,OFF,RETRACTED,AUTO
22:08:14,5.27989549,44.27417591,0,10,OFF,RETRACTED,AUTO
22:08:14,6.668622556,43.81139673,0,10,OFF,RETRACTED,AUTO
22:08:14,7.989380812,43.23691127,0,10,OFF,RETRACTED,AUTO
22:08:14,9.228708652,42.55218431,0,10,OFF,RETRACTED,AUTO
22:08:14,10.37397444,41.7589617,0,10,OFF,RETRACTED,AUTO
22:08:14,11.41350524,40.85926593,0,10,OFF,RETRACTED,AUTO
22:08:14,12.33670581,39.85539096,0,10,OFF,RETRACTED,AUTO
22:08:14,13.13416659,38.74989638,0,10,OFF,RETRACTED,AUTO
22:08:14,13.7977596,37.54560088,0,10,OFF,RETRACTED,AUTO
22:08:14,14.32072127,36.24557505,0,10,OFF,RETRACTED,AUTO
22:08:14,14.69772141,34.85313359,0,10,OFF,RETRACTED,AUTO
22:08:14,14.92491749,33.37182681,0,10,OFF,RETRACTED,AUTO
22:08:14,14.99999388,31.80543162,0,10,OFF,RETRACTED,AUTO
22:08:14,14.92218536,30.15794186,0,10,OFF,RETRACTED,AUTO
22:08:14,14.69228499,28.43355816,0,10,OFF,RETRACTED,AUTO
22:08:14,14.31263597,26.63667718,0,10,OFF,RETRACTED,AUTO
22:08:14,13.78710784,24.77188045,0,10,OFF,RETRACTED,AUTO
22:08:14,13.12105693,22.84392266,0,10,OFF,RETRACTED,AUTO
22:08:14,12.32127186,20.85771953,0,10,OFF,RETRACTED,AUTO
22:08:14,11.39590431,18.81833531,0,10,OFF,RETRACTED,AUTO
22:08:14,10.35438593,16.73096983,0,10,OFF,RETRACTED,AUTO
22:08:14,9.207332214,14.60094526,0,10,OFF,RETRACTED,AUTO
22:08:14,7.96643432,12.43369254,0,10,OFF,RETRACTED,AUTO
22:08:14,6.644339889,10.23473753,0,10,OFF,RETRACTED,AUTO
22:08:14,5.254524145,8.009686935,0,10,OFF,RETRACTED,AUTO
22:08:14,3.81115255,5.764213974,0,10,OFF,RETRACTED,AUTO
22:08:14,2.328936426,3.504043949,0,10,OFF,RETRACTED,AUTO
22:08:14,0.822983011,1.234939635,0,10,OFF,RETRACTED,AUTO
22:08:14,-0.69135852,-1.037313414,0,10,OFF,RETRACTED,AUTO
22:08:14,-2.198653496,-3.306921617,0,10,OFF,RETRACTED,AUTO
22:08:14,-3.683539067,-5.568098135,0,10,OFF,RETRACTED,AUTO
22:08:15,-5.130880788,-7.815077629,0,10,OFF,RETRACTED,AUTO
22:08:15,-6.525926872,-10.04213096,0,10,OFF,RETRACTED,AUTO
22:08:15,-7.854458548,-12.24357978,0,10,OFF,RETRACTED,AUTO
22:08:15,-9.102934981,-14.41381105,0,10,OFF,RETRACTED,AUTO
22:08:15,-10.25863128,-16.54729131,0,10,OFF,RETRACTED,AUTO
22:08:15,-11.30976822,-18.63858081,0,10,OFF,RETRACTED,AUTO
22:08:15,-12.24563225,-20.68234737,0,10,OFF,RETRACTED,AUTO
22:08:15,-13.05668474,-22.67337998,0,10,OFF,RETRACTED,AUTO
22:08:15,-13.73465918,-24.60660209,0,10,OFF,RETRACTED,AUTO
22:08:15,-14.27264542,-26.47708455,0,10,OFF,RETRACTED,AUTO
22:08:15,-14.66516013,-28.28005817,0,10,OFF,RETRACTED,AUTO
22:08:15,-14.90820267,-30.0109259,0,10,OFF,RETRACTED,AUTO
22:08:15,-14.99929587,-31.66527453,0,10,OFF,RETRACTED,AUTO
22:08:15,-14.93751128,-33.23888596,0,10,OFF,RETRACTED,AUTO
22:08:15,-14.72347862,-34.72774793,0,10,OFF,RETRACTED,AUTO
22:08:15,-14.3593794,-36.12806428,0,10,OFF,RETRACTED,AUTO
22:08:15,-13.84892462,-37.43626461,0,10,OFF,RETRACTED,AUTO
22:08:15,-13.19731701,-38.6490134,0,10,OFF,RETRACTED,AUTO
22:08:15,-12.41119798,-39.76321848,0,10,OFF,RETRACTED,AUTO
22:08:15,-11.49857991,-40.77603897,0,10,OFF,RETRACTED,AUTO
22:08:15,-10.4687645,-41.68489246,0,10,OFF,RETRACTED,AUTO
22:08:15,-9.332247979,-42.48746165,0,10,OFF,RETRACTED,AUTO
22:08:15,-8.100614093,-43.18170021,0,10,OFF,RETRACTED,AUTO
22:08:15,-6.786416065,-43.76583805,0,10,OFF,RETRACTED,AUTO
22:08:15,-5.403048637,-44.23838577,0,10,OFF,RETRACTED,AUTO
22:08:15,-3.964611547,-44.59813852,0,10,OFF,RETRACTED,AUTO
22:08:15,-2.485765823,-44.84417904,0,10,OFF,RETRACTED,AUTO
22:08:15,-0.98158435,-44.97588,0,10,OFF,RETRACTED,AUTO
22:08:15,0.532601756,-44.99290559,0,10,OFF,RETRACTED,AUTO
22:08:15,2.041359408,-44.89521241,0,10,OFF,RETRACTED,AUTO
22:08:15,3.529310849,-44.68304954,0,10,OFF,RETRACTED,AUTO
22:08:15,4.981290384,-44.35695794,0,10,OFF,RETRACTED,AUTO
22:08:15,6.382498958,-43.91776904,0,10,OFF,RETRACTED,AUTO
22:08:15,7.718654989,-43.36660266,0,10,OFF,RETRACTED,AUTO
22:08:15,8.97613993,-42.7048641,0,10,OFF,RETRACTED,AUTO
22:08:15,10.14213708,-41.93424061,0,10,OFF,RETRACTED,AUTO
22:08:15,11.20476221,-41.05669704,0,10,OFF,RETRACTED,AUTO
22:08:15,12.15318469,-40.07447088,0,10,OFF,RETRACTED,AUTO
22:08:15,12.97773789,-38.99006652,0,10,OFF,RETRACTED,AUTO
22:08:15,13.67001768,-37.80624887,0,10,OFF,RETRACTED,AUTO
22:08:15,14.22296813,-36.52603632,0,10,OFF,RETRACTED,AUTO
22:08:15,14.63095337,-35.15269305,0,10,OFF,RETRACTED,AUTO
22:08:15,14.88981509,-33.68972067,0,10,OFF,RETRACTED,AUTO
22:08:15,14.99691489,-32.14084934,0,10,OFF,RETRACTED,AUTO
22:08:15,14.95116115,-30.51002822,0,10,OFF,RETRACTED,AUTO
22:08:15,14.75302023,-28.80141544,0,10,OFF,RETRACTED,AUTO
22:08:15,14.40451165,-27.01936746,0,10,OFF,RETRACTED,AUTO
22:08:15,13.9091875,-25.16842798,0,10,OFF,RETRACTED,AUTO
22:08:15,13.27209632,-23.25331636,0,10,OFF,RETRACTED,AUTO
22:08:15,12.49973153,-21.27891556,0,10,OFF,RETRACTED,AUTO
22:08:15,11.59996533,-19.25025975,0,10,OFF,RETRACTED,AUTO
22:08:15,10.58196845,-17.17252139,0,10,OFF,RETRACTED,AUTO
22:08:15,9.456116635,-15.05099812,0,10,OFF,RETRACTED,AUTO
22:08:15,8.23388495,-12.89109919,0,10,OFF,RETRACTED,AUTO
22:08:15,6.927730783,-10.69833173,0,10,OFF,RETRACTED,AUTO
22:08:15,5.550966888,-8.47828664,0,10,OFF,RETRACTED,AUTO
22:08:15,4.1176257,-6.236624397,0,10,OFF,RETRACTED,AUTO
22:08:15,2.642316308,-3.979060582,0,10,OFF,RETRACTED,AUTO
22:08:15,1.140075552,-1.711351325,0,10,OFF,RETRACTED,AUTO
22:08:15,-0.373785232,0.560721379,0,10,OFF,RETRACTED,AUTO
22:08:15,-1.883836273,2.831364407,0,10,OFF,RETRACTED,AUTO
22:08:15,-3.37468663,5.094788283,0,10,OFF,RETRACTED,AUTO
22:08:15,-4.831141063,7.345221936,0,10,OFF,RETRACTED,AUTO
22:08:15,-6.238354907,9.576927417,0,10,OFF,RETRACTED,AUTO
22:08:15,-7.581985371,11.78421453,0,10,OFF,RETRACTED,AUTO
22:08:15,-8.848337728,13.96145533,0,10,OFF,RETRACTED,AUTO
22:08:15,-10.0245049,16.1030985,0,10,OFF,RETRACTED,AUTO
22:08:15,-11.09849899,18.20368347,0,10,OFF,RETRACTED,AUTO
22:08:15,-12.05937351,20.25785436,0,10,OFF,RETRACTED,AUTO
22:08:15,-12.89733489,22.26037364,0,10,OFF,RETRACTED,AUTO
22:08:15,-13.60384237,24.20613546,0,10,OFF,RETRACTED,AUTO
22:08:15,-14.17169498,26.09017871,0,10,OFF,RETRACTED,AUTO
22:08:15,-14.59510498,27.90769961,0,10,OFF,RETRACTED,AUTO
22:08:15,-14.86975683,29.65406403,0,10,OFF,RETRACTED,AUTO
22:08:15,-14.9928512,31.32481924,0,10,OFF,RETRACTED,AUTO
22:08:15,-14.96313346,32.91570531,0,10,OFF,RETRACTED,AUTO
22:08:15,-14.78090651,34.42266594,0,10,OFF,RETRACTED,AUTO
22:08:15,-14.44802767,35.84185882,0,10,OFF,RETRACTED,AUTO
22:08:15,-13.96788974,37.16966542,0,10,OFF,RETRACTED,AUTO
22:08:15,-13.34538645,38.40270022,0,10,OFF,RETRACTED,AUTO
22:08:15,-12.58686256,39.53781936,0,10,OFF,RETRACTED,AUTO
22:08:15,-11.7000492,40.57212859,0,10,OFF,RETRACTED,AUTO
22:08:15,-10.69398506,41.50299074,0,10,OFF,RETRACTED,AUTO
22:08:15,-9.578924284,42.32803239,0,10,OFF,RETRACTED,AUTO
22:08:15,-8.366231939,43.0451499,0,10,OFF,RETRACTED,AUTO
22:08:15,-7.068268186,43.65251485,0,10,OFF,RETRACTED,AUTO
22:08:15,-5.698262303,44.14857863,0,10,OFF,RETRACTED,AUTO
22:08:15,-4.270177843,44.53207643,0,10,OFF,RETRACTED,AUTO
22:08:15,-2.798570316,44.80203043,0,10,OFF,RETRACTED,AUTO
22:08:15,-1.298438833,44.95775233,0,10,OFF,RETRACTED,AUTO
22:08:15,0.214926768,44.99884509,0,10,OFF,RETRACTED,AUTO
22:08:15,1.726101765,44.92520393,0,10,OFF,RETRACTED,AUTO
22:08:15,3.21968376,44.73701661,0,10,OFF,RETRACTED,AUTO
22:08:15,4.680449673,44.43476297,0,10,OFF,RETRACTED,AUTO
22:08:15,6.093510892,44.01921364,0,10,OFF,RETRACTED,AUTO
22:08:15,7.444465029,43.49142818,0,10,OFF,RETRACTED,AUTO
22:08:15,8.719542713,42.85275227,0,10,OFF,RETRACTED,AUTO
22:08:15,9.905747929,42.10481435,0,10,OFF,RETRACTED,AUTO
22:08:15,10.99099048,41.24952145,0,10,OFF,RETRACTED,AUTO
22:08:15,11.96420922,40.28905431,0,10,OFF,RETRACTED,AUTO
22:08:15,12.81548477,39.22586184,0,10,OFF,RETRACTED,AUTO
22:08:15,13.53614066,38.06265488,0,10,OFF,RETRACTED,AUTO
22:08:15,14.11883171,36.80239926,0,10,OFF,RETRACTED,AUTO
22:08:15,14.55761896,35.44830826,0,10,OFF,RETRACTED,AUTO
22:08:15,14.84803014,34.00383443,0,10,OFF,RETRACTED,AUTO
22:08:15,14.98710527,32.47266075,0,10,OFF,RETRACTED,AUTO
22:08:15,14.97342686,30.85869126,0,10,OFF,RETRACTED,AUTO
22:08:15,14.80713432,29.16604111,0,10,OFF,RETRACTED,AUTO
22:08:15,14.48992257,27.39902608,0,10,OFF,RETRACTED,AUTO
22:08:15,14.02502472,25.56215153,0,10,OFF,RETRACTED,AUTO
22:08:15,13.41717918,23.66010096,0,10,OFF,RETRACTED,AUTO
22:08:15,12.6725813,21.69772403,0,10,OFF,RETRACTED,AUTO
22:08:15,11.79882028,19.68002424,0,10,OFF,RETRACTED,AUTO
22:08:15,10.80480177,17.61214614,0,10,OFF,RETRACTED,AUTO
22:08:15,9.700657146,15.49936221,0,10,OFF,RETRACTED,AUTO
22:08:15,-7.217739467,-43.58988559,0,9,OFF,RETRACTED,AUTO
22:08:15,-5.855133615,-44.09850567,0,10,OFF,RETRACTED,AUTO
22:08:15,-4.432850301,-44.49468743,0,9,OFF,RETRACTED,AUTO
22:08:15,-2.965385908,-44.77742073,0,9,OFF,RETRACTED,AUTO
22:08:15,-1.46769732,-44.94598468,0,9,OFF,RETRACTED,AUTO
22:08:15,0.044950525,-44.99994949,0,10,OFF,RETRACTED,AUTO
22:08:15,1.55714022,-44.93917756,0,10,OFF,RETRACTED,AUTO
22:08:15,3.053459025,-44.76382385,0,9,OFF,RETRACTED,AUTO
22:08:15,4.518655965,-44.47433546,0,9,OFF,RETRACTED,AUTO
22:08:15,5.937797267,-44.07145049,0,9,OFF,RETRACTED,AUTO
22:08:15,7.296418572,-43.5561962,0,9,OFF,RETRACTED,AUTO
22:08:15,8.580672362,-42.92988632,0,9,OFF,RETRACTED,AUTO
22:08:15,9.777469096,-42.19411776,0,9,OFF,RETRACTED,AUTO
22:08:15,10.87461063,-41.35076652,0,9,OFF,RETRACTED,AUTO
22:08:15,11.86091452,-40.40198289,0,9,OFF,RETRACTED,AUTO
22:08:15,12.72632805,-39.35018601,0,9,OFF,RETRACTED,AUTO
22:08:15,13.46203063,-38.19805763,0,9,OFF,RETRACTED,AUTO
22:08:15,14.06052373,-36.94853537,0,9,OFF,RETRACTED,AUTO
22:08:15,14.51570732,-35.60480512,0,9,OFF,RETRACTED,AUTO
22:08:15,14.822942,-34.17029301,0,9,OFF,RETRACTED,AUTO
22:08:15,14.97909636,-32.64865664,0,9,OFF,RETRACTED,AUTO
22:08:15,14.9825788,-31.04377572,0,9,OFF,RETRACTED,AUTO
22:08:15,14.83335383,-29.35974223,0,9,OFF,RETRACTED,AUTO
22:08:15,14.53294241,-27.60084998,0,9,OFF,RETRACTED,AUTO
22:08:15,14.08440643,-25.77158361,0,10,OFF,RETRACTED,AUTO
22:08:15,13.49231751,-23.87660723,0,10,OFF,RETRACTED,AUTO
22:08:15,12.76271042,-21.92075247,0,10,OFF,RETRACTED,AUTO
22:08:15,11.90302156,-19.90900619,0,9,OFF,RETRACTED,AUTO
22:08:15,10.92201316,-17.84649776,0,10,OFF,RETRACTED,AUTO
22:08:15,9.829683987,-15.73848597,0,10,OFF,RETRACTED,AUTO
22:08:15,8.637167417,-13.59034563,0,10,OFF,RETRACTED,AUTO
22:08:15,7.356617975,-11.40755388,0,9,OFF,RETRACTED,AUTO
22:08:15,6.001087445,-9.195676198,0,9,OFF,RETRACTED,AUTO
22:08:15,4.584391845,-6.960352226,0,9,OFF,RETRACTED,AUTO
22:08:15,3.120970604,-4.707281388,0,9,OFF,RETRACTED,AUTO
22:08:15,1.625739397,-2.442208356,0,9,OFF,RETRACTED,AUTO
22:08:15,0.113938116,-0.170908406,0,9,OFF,RETRACTED,AUTO
22:08:15,-1.39902446,2.10082731,0,9,OFF,RETRACTED,AUTO
22:08:15,-2.897727716,4.36720653,0,10,OFF,RETRACTED,AUTO
22:08:15,-4.366896371,6.622450648,0,9,OFF,RETRACTED,AUTO
22:08:15,-5.791556172,8.86080945,0,9,OFF,RETRACTED,AUTO
22:08:15,-7.157186513,11.07657578,0,9,OFF,RETRACTED,AUTO
22:08:15,-8.449868439,13.26410007,0,9,OFF,RETRACTED,AUTO
22:08:15,-9.656426507,15.41780477,0,9,OFF,RETRACTED,AUTO
22:08:15,-10.76456308,17.53219858,0,9,OFF,RETRACTED,AUTO
22:08:15,-11.76298365,19.6018904,0,10,OFF,RETRACTED,AUTO
22:08:15,-12.64151201,21.62160312,0,9,OFF,RETRACTED,AUTO
22:08:15,-13.39119388,23.58618706,0,10,OFF,RETRACTED,AUTO
22:08:15,-14.00438827,25.49063312,0,9,OFF,RETRACTED,AUTO
22:08:15,-14.4748453,27.3300855,0,10,OFF,RETRACTED,AUTO
22:08:15,-14.7977699,29.09985414,0,9,OFF,RETRACTED,AUTO
22:08:15,-14.96987074,30.79542665,0,10,OFF,RETRACTED,AUTO
22:08:15,-14.98939369,32.41247981,0,9,OFF,RETRACTED,AUTO
22:08:15,-14.85613978,33.9468906,0,9,OFF,RETRACTED,AUTO
22:08:15,-14.57146717,35.39474674,0,9,OFF,RETRACTED,AUTO
22:08:15,-14.13827734,36.75235661,0,10,OFF,RETRACTED,AUTO
22:08:15,-13.56098551,38.0162587,0,9,OFF,RETRACTED,AUTO
22:08:15,-12.84547561,39.18323042,0,9,OFF,RETRACTED,AUTO
22:08:15,-11.99904038,40.25029635,0,9,OFF,RETRACTED,AUTO
22:08:15,-11.03030695,41.21473577,0,9,OFF,RETRACTED,AUTO
22:08:15,-9.949148979,42.07408965,0,9,OFF,RETRACTED,AUTO
22:08:15,-8.766585987,42.82616688,0,9,OFF,RETRACTED,AUTO
22:08:15,-7.494671045,43.46904989,0,9,OFF,RETRACTED,AUTO
22:08:15,-6.146367934,44.00109951,0,9,OFF,RETRACTED,AUTO
22:08:15,-4.735419005,44.42095918,0,9,OFF,RETRACTED,AUTO
22:08:15,-3.276205117,44.72755836,0,9,OFF,RETRACTED,AUTO
22:08:15,-1.783599061,44.92011533,0,9,OFF,RETRACTED,AUTO
22:08:15,-0.272813973,44.99813912,0,10,OFF,RETRACTED,AUTO
22:08:15,1.240751726,44.96143079,0,9,OFF,RETRACTED,AUTO
22:08:15,2.741671272,44.81008394,0,9,OFF,RETRACTED,AUTO
22:08:15,4.214646797,44.54448446,0,9,OFF,RETRACTED,AUTO
22:08:15,5.644665245,44.16530954,0,10,OFF,RETRACTED,AUTO
22:08:15,7.017151395,43.67352598,0,9,OFF,RETRACTED,AUTO
22:08:15,8.318116414,43.07038768,0,9,OFF,RETRACTED,AUTO
22:08:15,9.534300435,42.35743246,0,9,OFF,RETRACTED,AUTO
22:08:15,10.65330771,41.53647815,0,9,OFF,RETRACTED,AUTO
22:08:15,11.66373294,40.60961796,0,9,OFF,RETRACTED,AUTO
22:08:15,12.55527754,39.57921509,0,9,OFF,RETRACTED,AUTO
22:08:15,13.3188546,38.44789678,0,10,OFF,RETRACTED,AUTO
22:08:15,13.94668147,37.21854755,0,10,OFF,RETRACTED,AUTO
22:08:15,14.43235915,35.89430189,0,10,OFF,RETRACTED,AUTO
22:08:15,14.77093744,34.47853625,0,10,OFF,RETRACTED,AUTO
22:08:15,14.95896545,32.9748604,0,10,OFF,RETRACTED,AUTO
22:08:15,14.99452673,31.38710828,0,10,OFF,RETRACTED,AUTO
22:08:15,14.87725882,29.7193282,0,10,OFF,RETRACTED,AUTO
22:08:15,14.60835696,27.97577251,0,10,OFF,RETRACTED,AUTO
22:08:15,14.19056189,26.16088677,0,10,OFF,RETRACTED,AUTO
22:08:15,13.62813191,24.2792984,0,10,OFF,RETRACTED,AUTO
22:08:15,12.9267995,22.33580491,0,10,OFF,RETRACTED,AUTO
22:08:15,12.09371286,20.33536164,0,10,OFF,RETRACTED,AUTO
22:08:15,11.1373631,18.28306914,0,10,OFF,RETRACTED,AUTO
22:08:15,10.06749764,16.18416014,0,10,OFF,RETRACTED,AUTO
22:08:15,8.895020917,14.04398626,0,10,OFF,RETRACTED,AUTO
22:08:15,7.631883189,11.86800431,0,10,OFF,RETRACTED,AUTO
22:08:15,6.290958781,9.661762423,0,9,OFF,RETRACTED,AUTO
22:08:15,4.885914836,7.430885859,0,10,OFF,RETRACTED,AUTO
22:08:15,3.431072029,5.181062704,0,9,OFF,RETRACTED,AUTO
22:08:15,1.941258599,2.918029353,0,10,OFF,RETRACTED,AUTO
22:08:15,0.431659219,0.647555878,0,9,OFF,RETRACTED,AUTO
22:08:15,-1.082339776,-1.624568675,0,9,OFF,RETRACTED,AUTO
22:08:15,-2.585307204,-3.892551052,0,10,OFF,RETRACTED,AUTO
22:08:15,-4.061924325,-6.150608561,0,10,OFF,RETRACTED,AUTO
22:08:15,-5.497140968,-8.392983813,0,10,OFF,RETRACTED,AUTO
22:08:15,-6.87632893,-10.61395941,0,10,OFF,RETRACTED,AUTO
22:08:15,-8.185431069,-12.8078725,0,10,OFF,RETRACTED,AUTO
22:08:15,-9.411104583,-14.96912926,0,10,OFF,RETRACTED,AUTO
22:08:15,-10.540857,-17.09221911,0,10,OFF,RETRACTED,AUTO
22:08:15,-11.56317351,-19.17172879,0,10,OFF,RETRACTED,AUTO
22:08:15,-12.46763433,-21.20235616,0,10,OFF,RETRACTED,AUTO
22:08:15,-13.24502089,-23.17892372,0,10,OFF,RETRACTED,AUTO
22:08:15,-13.88740981,-25.09639178,0,10,OFF,RETRACTED,AUTO
22:08:15,-14.38825365,-26.94987137,0,10,OFF,RETRACTED,AUTO
22:08:15,-14.74244764,-28.73463665,0,10,OFF,RETRACTED,AUTO
22:08:15,-14.94638172,-30.446137,0,10,OFF,RETRACTED,AUTO
22:08:15,-14.99797733,-32.08000859,0,10,OFF,RETRACTED,AUTO
22:08:15,-14.89670858,-33.63208553,0,10,OFF,RETRACTED,AUTO
22:08:15,-14.64360765,-35.09841046,0,10,OFF,RETRACTED,AUTO
22:08:15,-14.24125421,-36.47524469,0,10,OFF,RETRACTED,AUTO
22:08:15,-13.6937492,-37.7590777,0,10,OFF,RETRACTED,AUTO
22:08:15,-13.00667296,-38.94663609,0,10,OFF,RETRACTED,AUTO
22:08:15,-12.1870284,-40.03489192,0,10,OFF,RETRACTED,AUTO
22:08:15,-11.2431696,-41.02107046,0,10,OFF,RETRACTED,AUTO
22:08:15,-10.1847167,-41.90265725,0,10,OFF,RETRACTED,AUTO
22:08:15,-9.022457797,-42.6774045,0,10,OFF,RETRACTED,AUTO
22:08:15,-7.768239011,-43.34333682,0,10,OFF,RETRACTED,AUTO
22:08:15,-6.434843761,-43.89875629,0,10,OFF,RETRACTED,AUTO
22:08:15,-5.035862451,-44.34224674,0,10,OFF,RETRACTED,AUTO
22:08:15,-3.585553963,-44.67267742,0,10,OFF,RETRACTED,AUTO
22:08:15,-2.098700322,-44.8892058,0,10,OFF,RETRACTED,AUTO
22:08:15,-0.590456031,-44.99127982,0,10,OFF,RETRACTED,AUTO
22:08:15,0.923806383,-44.9786392,0,10,OFF,RETRACTED,AUTO
22:08:15,2.428653056,-44.85131619,0,10,OFF,RETRACTED,AUTO
22:08:15,3.908746093,-44.60963542,0,9,OFF,RETRACTED,AUTO
22:08:15,5.348999895,-44.2542131,0,10,OFF,RETRACTED,AUTO
22:08:15,6.734734918,-43.78595545,0,10,OFF,RETRACTED,AUTO
22:08:15,8.051827292,-43.2060564,0,10,OFF,RETRACTED,AUTO
22:08:15,9.286852775,-42.51599452,0,10,OFF,RETRACTED,AUTO
22:08:15,10.42722358,-41.71752926,0,10,OFF,RETRACTED,AUTO
22:08:15,11.46131666,-40.81269649,0,10,OFF,RETRACTED,AUTO
22:08:15,12.37859222,-39.80380325,0,10,OFF,RETRACTED,AUTO
22:08:15,13.16970105,-38.69342194,0,10,OFF,RETRACTED,AUTO
22:08:15,13.82657994,-37.48438369,0,9,OFF,RETRACTED,AUTO
22:08:15,14.34253374,-36.17977121,0,9,OFF,RETRACTED,AUTO
22:08:15,14.71230368,-34.78291088,0,10,OFF,RETRACTED,AUTO
22:08:15,14.93212095,-33.29736427,0,10,OFF,RETRACTED,AUTO
22:08:15,14.9997451,-31.72691911,0,9,OFF,RETRACTED,AUTO
22:08:15,14.91448688,-30.07557957,0,10,OFF,RETRACTED,AUTO
22:08:15,14.67721527,-28.34755608,0,10,OFF,RETRACTED,AUTO
22:08:15,14.29034862,-26.5472546,0,10,OFF,RETRACTED,AUTO
22:08:15,13.75783,-24.67926536,0,10,OFF,RETRACTED,AUTO
22:08:15,13.08508702,-22.74835121,0,10,OFF,RETRACTED,AUTO
22:08:15,12.2789765,-20.7594354,0,10,OFF,RETRACTED,AUTO
22:08:15,11.34771459,-18.71758909,0,9,OFF,RETRACTED,AUTO
22:08:15,10.300793,-16.6280184,0,10,OFF,RETRACTED,AUTO
22:08:15,9.148882327,-14.49605111,0,9,OFF,RETRACTED,AUTO
22:08:15,7.903723211,-12.32712312,0,10,OFF,RETRACTED,AUTO
22:08:15,6.578006731,-10.12676457,0,9,OFF,RETRACTED,AUTO
22:08:15,5.185245026,-7.900585722,0,10,OFF,RETRACTED,AUTO
22:08:15,3.739633587,-5.654262689,0,10,OFF,RETRACTED,AUTO
22:08:15,2.255906563,-3.393522937,0,10,OFF,RETRACTED,AUTO
22:08:15,0.749186592,-1.124130692,0,9,OFF,RETRACTED,AUTO
22:08:15,-0.765169336,1.148127759,0,10,OFF,RETRACTED,AUTO
22:08:15,-2.271726405,3.417458818,0,10,OFF,RETRACTED,AUTO
22:08:15,-3.755129286,5.678076355,0,10,OFF,RETRACTED,AUTO
22:08:15,-5.200258646,7.924216455,0,10,OFF,RETRACTED,AUTO
22:08:15,-6.592385247,10.15015212,0,10,OFF,RETRACTED,AUTO
22:08:15,-7.917320074,12.35020785,0,10,OFF,RETRACTED,AUTO
22:08:15,-9.161558952,14.51877417,0,10,OFF,RETRACTED,AUTO
22:08:15,-10.31242019,16.65032184,0,10,OFF,RETRACTED,AUTO
22:08:15,-11.35817382,18.73941606,0,9,OFF,RETRACTED,AUTO
22:08:15,-12.28816118,20.78073024,0,9,OFF,RETRACTED,AUTO
22:08:15,-13.09290353,22.76905962,0,9,OFF,RETRACTED,AUTO
22:08:15,-13.76419868,24.69933454,0,9,OFF,RETRACTED,AUTO
22:08:15,-14.29520455,26.56663338,0,9,OFF,RETRACTED,AUTO
22:08:15,-14.68050896,28.36619505,0,10,OFF,RETRACTED,AUTO
22:08:15,-14.91618476,30.09343121,0,10,OFF,RETRACTED,AUTO
22:08:15,-14.99982986,31.7439379,0,9,OFF,RETRACTED,AUTO
22:08:15,-14.93059173,33.31350682,0,10,OFF,RETRACTED,AUTO
22:08:15,-14.70917607,34.79813602,0,9,OFF,RETRACTED,AUTO
22:08:15,-14.3378396,36.19404014,0,10,OFF,RETRACTED,AUTO
22:08:15,-13.82036713,37.49766002,0,10,OFF,RETRACTED,AUTO
22:08:15,-13.1620329,38.70567181,0,10,OFF,RETRACTED,AUTO
22:08:15,-12.36954687,39.81499544,0,10,OFF,RETRACTED,AUTO
22:08:15,-11.45098632,40.82280245,0,10,OFF,RETRACTED,AUTO
22:08:15,-10.41571352,41.72652323,0,9,OFF,RETRACTED,AUTO
22:08:15,-9.274280324,42.52385357,0,9,OFF,RETRACTED,AUTO
22:08:15,-8.038320588,43.21276049,0,10,OFF,RETRACTED,AUTO
22:08:15,-6.720431627,43.79148748,0,9,OFF,RETRACTED,AUTO
22:08:15,-5.3340458,44.25855897,0,10,OFF,RETRACTED,AUTO
22:08:15,-3.893293611,44.61278405,0,10,OFF,RETRACTED,AUTO
22:08:15,-2.412859684,44.85325956,0,10,OFF,RETRACTED,AUTO
22:08:15,-0.907833093,44.97937235,0,9,OFF,RETRACTED,AUTO
22:08:15,0.606446435,44.99080087,0,10,OFF,RETRACTED,AUTO
22:08:15,2.114544859,44.88751598,0,9,OFF,RETRACTED,AUTO
22:08:15,3.601091142,44.66978103,0,10,OFF,RETRACTED,AUTO
22:08:15,5.050933911,44.33815118,0,9,OFF,RETRACTED,AUTO
22:08:15,6.449295889,43.89347199,0,9,OFF,RETRACTED,AUTO
22:08:15,7.781924506,43.33687726,0,9,OFF,RETRACTED,AUTO
22:08:15,9.035237171,42.66978614,0,10,OFF,RETRACTED,AUTO
22:08:15,10.19645971,41.89389953,0,9,OFF,RETRACTED,AUTO
22:08:15,11.25375655,41.0111957,0,10,OFF,RETRACTED,AUTO
22:08:15,12.19635137,40.0239253,0,10,OFF,RETRACTED,AUTO
22:08:15,13.01463694,38.93460557,0,10,OFF,RETRACTED,AUTO
22:08:15,13.70027303,37.74601396,0,10,OFF,RETRACTED,AUTO
22:08:15,14.24627139,36.46118104,0,10,OFF,RETRACTED,AUTO
22:08:15,14.64706703,35.08338275,0,10,OFF,RETRACTED,AUTO
22:08:15,14.89857492,33.61613208,0,10,OFF,RETRACTED,AUTO
22:08:15,14.99823159,32.06317008,0,10,OFF,RETRACTED,AUTO
22:08:15,14.94502132,30.42845636,0,10,OFF,RETRACTED,AUTO
22:08:15,14.73948644,28.71615896,0,10,OFF,RETRACTED,AUTO
22:08:15,14.38372183,26.93064373,0,10,OFF,RETRACTED,AUTO
22:08:15,13.88135357,25.07646323,0,10,OFF,RETRACTED,AUTO
22:08:15,13.23750195,23.15834507,0,10,OFF,RETRACTED,AUTO
22:08:15,12.45872933,21.18117988,0,10,OFF,RETRACTED,AUTO
22:08:15,11.55297321,19.15000888,0,10,OFF,RETRACTED,AUTO
22:08:15,10.52946536,17.07001094,0,10,OFF,RETRACTED,AUTO
22:08:15,9.398637715,14.94648945,0,10,OFF,RETRACTED,AUTO
22:08:15,8.172016039,12.78485878,0,10,OFF,RETRACTED,AUTO
22:08:15,6.862102468,10.59063046,0,10,OFF,RETRACTED,AUTO
22:08:15,5.482248076,8.369399113,0,10,OFF,RETRACTED,AUTO
22:08:15,4.046516795,6.126828247,0,10,OFF,RETRACTED,AUTO
22:08:15,2.569542075,3.868635756,0,10,OFF,RETRACTED,AUTO
22:08:15,1.066377731,1.600579374,0,10,OFF,RETRACTED,AUTO
22:08:15,-0.447655488,-0.671558018,0,10,OFF,RETRACTED,AUTO
22:08:15,-1.957126054,-2.941983134,0,10,OFF,RETRACTED,AUTO
22:08:15,-3.446648944,-5.204907051,0,10,OFF,RETRACTED,AUTO
22:08:15,-4.901042445,-7.454559975,0,10,OFF,RETRACTED,AUTO
22:08:15,-6.305482898,-9.685205947,0,10,OFF,RETRACTED,AUTO
22:08:15,-7.645655781,-11.89115747,0,10,OFF,RETRACTED,AUTO
22:08:15,-8.907901608,-14.06679002,0,10,OFF,RETRACTED,AUTO
22:08:15,-10.07935515,-16.20655635,0,10,OFF,RETRACTED,AUTO
22:08:15,-11.14807657,-18.3050007,0,10,OFF,RETRACTED,AUTO
22:08:15,-12.10317309,-20.35677264,0,10,OFF,RETRACTED,AUTO
22:08:15,-12.93491007,-22.35664076,0,9,OFF,RETRACTED,AUTO
22:08:15,-13.63481016,-24.29950596,0,10,OFF,RETRACTED,AUTO
22:08:15,-14.19573975,-26.18041452,0,10,OFF,RETRACTED,AUTO
22:08:15,-14.61198166,-27.99457067,0,10,OFF,RETRACTED,AUTO
22:08:15,-14.87929341,-29.73734883,0,10,OFF,RETRACTED,AUTO
22:08:15,-14.99495047,-31.40430544,0,10,OFF,RETRACTED,AUTO
22:08:15,-14.95777403,-32.99119023,0,10,OFF,RETRACTED,AUTO
22:08:15,-14.768143,-34.49395712,0,10,OFF,RETRACTED,AUTO
22:08:15,-14.42799017,-35.90877449,0,10,OFF,RETRACTED,AUTO
22:08:15,-13.94078248,-37.23203497,0,10,OFF,RETRACTED,AUTO
22:08:15,-13.31148572,-38.46036463,0,9,OFF,RETRACTED,AUTO
22:08:15,-12.54651388,-39.59063158,0,10,OFF,RETRACTED,AUTO
22:08:15,-11.65366382,-40.61995399,0,10,OFF,RETRACTED,AUTO
22:08:15,-10.64203576,-41.54570737,0,10,OFF,RETRACTED,AUTO
22:08:15,-9.521940549,-42.36553132,0,9,OFF,RETRACTED,AUTO
22:08:15,-8.304794563,-43.07733554,0,10,OFF,RETRACTED,AUTO
22:08:15,-7.00300336,-43.67930513,0,10,OFF,RETRACTED,AUTO
22:08:15,-5.629835226,-44.16990524,0,10,OFF,RETRACTED,AUTO
22:08:15,-4.199285947,-44.54788498,0,10,OFF,RETRACTED,AUTO
22:08:15,-2.725936155,-44.81228063,0,10,OFF,RETRACTED,AUTO
22:08:15,-1.224802718,-44.96241804,0,10,OFF,RETRACTED,AUTO
22:08:15,0.288814313,-44.99791442,0,10,OFF,RETRACTED,AUTO
22:08:15,1.799487654,-44.91867924,0,10,OFF,RETRACTED,AUTO
22:08:15,3.29182002,-44.72491455,0,10,OFF,RETRACTED,AUTO
22:08:15,4.750601066,-44.41711438,0,10,OFF,RETRACTED,AUTO
22:08:15,6.160962413,-43.99606354,0,10,OFF,RETRACTED,AUTO
22:08:15,7.508529189,-43.46283558,0,10,OFF,RETRACTED,AUTO
22:08:15,8.779566549,-42.81879008,0,10,OFF,RETRACTED,AUTO
22:08:15,9.961119659,-42.06556917,0,10,OFF,RETRACTED,AUTO
22:08:15,11.04114574,-41.20509333,0,10,OFF,RETRACTED,AUTO
22:08:15,12.0086368,-40.23955653,0,10,OFF,RETRACTED,AUTO
22:08:15,12.85373186,-39.17142061,0,10,OFF,RETRACTED,AUTO
22:08:15,13.56781743,-38.00340901,0,10,OFF,RETRACTED,AUTO
22:08:15,14.1436153,-36.73849981,0,9,OFF,RETRACTED,AUTO
22:08:15,14.57525677,-35.37991815,0,10,OFF,RETRACTED,AUTO
22:08:15,14.85834239,-33.93112804,0,10,OFF,RETRACTED,AUTO
22:08:15,14.98998686,-32.39582345,0,9,OFF,RETRACTED,AUTO
22:08:15,14.96884842,-30.77791897,0,10,OFF,RETRACTED,AUTO
22:08:15,14.79514252,-29.08153979,0,10,OFF,RETRACTED,AUTO
22:08:15,14.47063963,-27.31101116,0,10,OFF,RETRACTED,AUTO
22:08:15,13.99864718,-25.47084744,0,10,OFF,RETRACTED,AUTO
22:08:15,13.38397589,-23.56574048,0,10,OFF,RETRACTED,AUTO
22:08:15,12.63289067,-21.60054777,0,10,OFF,RETRACTED,AUTO
22:08:15,11.75304686,-19.58027997,0,10,OFF,RETRACTED,AUTO
22:08:15,10.75341209,-17.51008817,0,10,OFF,RETRACTED,AUTO
22:08:15,9.644174991,-15.39525075,0,10,OFF,RETRACTED,AUTO
22:08:15,8.436641262,-13.24115994,0,10,OFF,RETRACTED,AUTO
22:08:15,7.143118491,-11.05330804,0,10,OFF,RETRACTED,AUTO
22:08:15,5.77679069,-8.837273431,0,10,OFF,RETRACTED,AUTO
22:08:15,4.351583925,-6.598706354,0,10,OFF,RETRACTED,AUTO
22:08:15,2.882024376,-4.343314502,0,10,OFF,RETRACTED,AUTO
22:08:15,1.383090279,-2.076848466,0,10,OFF,RETRACTED,AUTO
22:08:15,-0.129940732,0.194912927,0,10,OFF,RETRACTED,AUTO
22:08:15,-1.641647345,2.466177349,0,10,OFF,RETRACTED,AUTO
22:08:15,-3.136621743,4.731153739,0,10,OFF,RETRACTED,AUTO
22:08:15,-4.599626654,6.984067068,0,9,OFF,RETRACTED,AUTO
22:08:15,-6.015750646,9.219173065,0,10,OFF,RETRACTED,AUTO
22:08:15,-7.370560116,11.43077286,0,10,OFF,RETRACTED,AUTO
22:08:15,-8.650246394,13.61322753,0,10,OFF,RETRACTED,AUTO
22:08:15,-9.841766497,15.76097243,0,10,OFF,RETRACTED,AUTO
22:08:15,-10.93297605,17.86853146,0,10,OFF,RETRACTED,AUTO
22:08:15,-11.9127531,19.93053095,0,10,OFF,RETRACTED,AUTO
22:08:15,-12.77111142,21.94171341,0,10,OFF,RETRACTED,AUTO
22:08:15,-13.49930234,23.8969509,0,10,OFF,RETRACTED,AUTO
22:08:15,-14.0899039,25.79125814,0,10,OFF,RETRACTED,AUTO
22:08:15,-14.53689649,27.6198052,0,10,OFF,RETRACTED,AUTO
22:08:15,-14.83572422,29.37792983,0,10,OFF,RETRACTED,AUTO
22:08:15,-14.98334133,31.06114931,0,10,OFF,RETRACTED,AUTO
22:08:15,-14.97824327,32.66517192,0,10,OFF,RETRACTED,AUTO
22:08:16,-14.82048198,34.18590788,0,10,OFF,RETRACTED,AUTO
22:08:16,-14.51166544,35.61947976,0,10,OFF,RETRACTED,AUTO
22:08:16,-14.05494119,36.96223237,0,10,OFF,RETRACTED,AUTO
22:08:16,-13.45496433,38.21074207,0,10,OFF,RETRACTED,AUTO
22:08:16,-12.71785002,39.36182553,0,10,OFF,RETRACTED,AUTO
22:08:16,-11.85111116,40.41254783,0,10,OFF,RETRACTED,AUTO
22:08:16,-10.86358185,41.36022994,0,10,OFF,RETRACTED,AUTO
22:08:16,-9.765327324,42.20245553,0,10,OFF,RETRACTED,AUTO
22:08:16,-8.567541342,42.93707717,0,10,OFF,RETRACTED,AUTO
22:08:16,-7.282432142,43.56222181,0,10,OFF,RETRACTED,AUTO
22:08:16,-5.92309798,44.0762955,0,10,OFF,RETRACTED,AUTO
22:08:16,-4.503393642,44.4779875,0,10,OFF,RETRACTED,AUTO
22:08:16,-3.037789224,44.76627362,0,10,OFF,RETRACTED,AUTO
22:08:16,-1.541222652,44.94041881,0,10,OFF,RETRACTED,AUTO
22:08:16,-0.028947428,44.99997905,0,10,OFF,RETRACTED,AUTO
22:08:16,1.483622837,44.94480248,0,10,OFF,RETRACTED,AUTO
22:08:16,2.981071527,44.77502979,0,10,OFF,RETRACTED,AUTO
22:08:16,4.448136149,44.49109384,0,10,OFF,RETRACTED,AUTO
22:08:16,5.869863894,44.09371859,0,10,OFF,RETRACTED,AUTO
22:08:16,7.231764041,43.58391723,0,10,OFF,RETRACTED,AUTO
22:08:16,8.519955654,42.96298961,0,10,OFF,RETRACTED,AUTO
22:08:16,9.721309056,42.23251891,0,10,OFF,RETRACTED,AUTO
22:08:16,10.82357966,41.39436761,0,10,OFF,RETRACTED,AUTO
22:08:16,11.81553275,40.45067276,0,10,OFF,RETRACTED,AUTO
22:08:16,12.68705802,39.4038405,0,9,OFF,RETRACTED,AUTO
22:08:16,13.42927259,38.25653995,0,10,OFF,RETRACTED,AUTO
22:08:16,14.03461156,37.01169639,0,10,OFF,RETRACTED,AUTO
22:08:16,14.49690513,35.67248381,0,10,OFF,RETRACTED,AUTO
22:08:16,14.81144143,34.24231682,0,10,OFF,RETRACTED,AUTO
22:08:16,14.97501462,32.72484191,0,10,OFF,RETRACTED,AUTO
22:08:16,14.9859575,31.12392821,0,10,OFF,RETRACTED,AUTO
22:08:16,14.84415854,29.44365757,0,10,OFF,RETRACTED,AUTO
22:08:16,14.55106299,27.68831421,0,10,OFF,RETRACTED,AUTO
22:08:16,14.10965819,25.86237373,0,10,OFF,RETRACTED,AUTO
22:08:16,13.52444308,23.97049174,0,10,OFF,RETRACTED,AUTO
22:08:16,12.80138237,22.017492,0,10,OFF,RETRACTED,AUTO
22:08:16,11.94784573,20.00835408,0,10,OFF,RETRACTED,AUTO
22:08:16,10.97253269,17.9482007,0,10,OFF,RETRACTED,AUTO
22:08:16,9.885383956,15.84228465,0,10,OFF,RETRACTED,AUTO
22:08:16,8.697480117,13.6959754,0,10,OFF,RETRACTED,AUTO
22:08:16,7.420928679,11.51474541,0,10,OFF,RETRACTED,AUTO
22:08:16,6.068740679,9.304156178,0,10,OFF,RETRACTED,AUTO
22:08:16,4.654698063,7.069844066,0,10,OFF,RETRACTED,AUTO
22:08:16,3.193213222,4.817505914,0,10,OFF,RETRACTED,AUTO
22:08:16,1.699182095,2.552884529,0,9,OFF,RETRACTED,AUTO
22:08:16,0.187832341,0.281754034,0,10,OFF,RETRACTED,AUTO
22:08:16,-1.325431863,-1.990094852,0,10,OFF,RETRACTED,AUTO
22:08:16,-2.825186826,-4.256869576,0,10,OFF,RETRACTED,AUTO
22:08:16,-4.296146549,-6.512790527,0,10,OFF,RETRACTED,AUTO
22:08:16,-5.723318523,-8.752105762,0,10,OFF,RETRACTED,AUTO
22:08:16,-7.092156539,-10.96910568,0,10,OFF,RETRACTED,AUTO
22:08:16,-8.388708946,-13.15813759,0,10,OFF,RETRACTED,AUTO
22:08:16,-9.599760853,-15.31362008,0,10,OFF,RETRACTED,AUTO
22:08:16,-10.71296882,-17.43005731,0,10,OFF,RETRACTED,AUTO
22:08:16,-11.71698666,-19.50205299,0,10,OFF,RETRACTED,AUTO
22:08:16,-12.60158108,-21.52432412,0,10,OFF,RETRACTED,AUTO
22:08:16,-13.35773602,-23.49171452,0,10,OFF,RETRACTED,AUTO
22:08:16,-13.97774449,-25.39920789,0,10,OFF,RETRACTED,AUTO
22:08:16,-14.45528716,-27.24194071,0,10,OFF,RETRACTED,AUTO
22:08:16,-14.78549675,-29.01521452,0,10,OFF,RETRACTED,AUTO
22:08:16,-14.96500766,-30.71450801,0,10,OFF,RETRACTED,AUTO
22:08:16,-14.99199026,-32.33548847,0,10,OFF,RETRACTED,AUTO
22:08:16,-14.86616953,-33.87402288,0,10,OFF,RETRACTED,AUTO
22:08:16,-14.58882787,-35.32618841,0,10,OFF,RETRACTED,AUTO
22:08:16,-14.16279204,-36.68828248,0,10,OFF,RETRACTED,AUTO
22:08:16,-13.59240435,-37.95683214,0,10,OFF,RETRACTED,AUTO
22:08:16,-12.88347837,-39.12860296,0,10,OFF,RETRACTED,AUTO
22:08:16,-12.04323971,-40.20060726,0,10,OFF,RETRACTED,AUTO
22:08:16,-11.08025237,-41.17011175,0,10,OFF,RETRACTED,AUTO
22:08:16,-10.00433142,-42.03464448,0,10,OFF,RETRACTED,AUTO
22:08:16,-8.826443005,-42.79200113,0,10,OFF,RETRACTED,AUTO
22:08:16,-7.558592565,-43.44025067,0,10,OFF,RETRACTED,AUTO
22:08:16,-6.213702445,-43.97774026,0,10,OFF,RETRACTED,AUTO
22:08:16,-4.805480211,-44.40309944,0,10,OFF,RETRACTED,AUTO
22:08:16,-3.348278932,-44.71524369,0,10,OFF,RETRACTED,AUTO
22:08:16,-1.856950884,-44.91337711,0,10,OFF,RETRACTED,AUTO
22:08:16,-0.346696178,-44.99699454,0,10,OFF,RETRACTED,AUTO
22:08:16,1.16709217,-44.96588277,0,10,OFF,RETRACTED,AUTO
22:08:16,2.668985129,-44.82012112,0,10,OFF,RETRACTED,AUTO
22:08:16,4.143674906,-44.56008125,0,10,OFF,RETRACTED,AUTO
22:08:16,5.576130977,-44.18642618,0,10,OFF,RETRACTED,AUTO
22:08:16,6.951753274,-43.70010863,0,10,OFF,RETRACTED,AUTO
22:08:16,8.256520998,-43.10236855,0,10,OFF,RETRACTED,AUTO
22:08:16,9.477135526,-42.39473002,0,10,OFF,RETRACTED,AUTO
22:08:16,10.60115595,-41.5789973,0,10,OFF,RETRACTED,AUTO
22:08:16,11.61712588,-40.65725028,0,10,OFF,RETRACTED,AUTO
22:08:16,12.51469021,-39.63183914,0,10,OFF,RETRACTED,AUTO
22:08:16,13.28470068,-38.50537838,0,10,OFF,RETRACTED,AUTO
22:08:16,13.91930908,-37.28074014,0,10,OFF,RETRACTED,AUTO
22:08:16,14.41204726,-35.96104691,0,10,OFF,RETRACTED,AUTO
22:08:16,14.75789309,-34.5496635,0,10,OFF,RETRACTED,AUTO
22:08:16,14.95332159,-33.05018853,0,10,OFF,RETRACTED,AUTO
22:08:16,14.99634087,-31.46644523,0,10,OFF,RETRACTED,AUTO
22:08:16,14.88651249,-29.80247169,0,10,OFF,RETRACTED,AUTO
22:08:16,14.62495583,-28.06251054,0,10,OFF,RETRACTED,AUTO
22:08:16,14.21433678,-26.25099818,0,10,OFF,RETRACTED,AUTO
22:08:16,13.65884051,-24.37255344,0,10,OFF,RETRACTED,AUTO
22:08:16,12.9641288,-22.4319658,0,10,OFF,RETRACTED,AUTO
22:08:16,12.1372824,-20.4341832,0,10,OFF,RETRACTED,AUTO
22:08:16,11.1867288,-18.3842994,0,10,OFF,RETRACTED,AUTO
22:08:16,10.12215636,-16.287541,0,10,OFF,RETRACTED,AUTO
22:08:16,8.954415538,-14.14925413,0,10,OFF,RETRACTED,AUTO
22:08:16,7.695408351,-11.97489079,0,10,OFF,RETRACTED,AUTO
22:08:16,6.357967013,-9.769994969,0,10,OFF,RETRACTED,AUTO
22:08:16,4.955723169,-7.540188517,0,10,OFF,RETRACTED,AUTO
22:08:16,3.502968953,-5.291156786,0,10,OFF,RETRACTED,AUTO
22:08:16,2.014511317,-3.02863415,0,10,OFF,RETRACTED,AUTO
22:08:16,0.505521115,-0.758389382,0,10,OFF,RETRACTED,AUTO
22:08:16,-1.008621526,1.513789059,0,10,OFF,RETRACTED,AUTO
22:08:16,-2.512483963,3.782107779,0,10,OFF,RETRACTED,AUTO
22:08:16,-3.990738331,6.040783229,0,10,OFF,RETRACTED,AUTO
22:08:16,-5.428317771,8.284056445,0,10,OFF,RETRACTED,AUTO
22:08:16,-6.810569999,10.50620773,0,10,OFF,RETRACTED,AUTO
22:08:16,-8.123406642,12.70157126,0,10,OFF,RETRACTED,AUTO
22:08:16,-9.353446833,14.86454949,0,10,OFF,RETRACTED,AUTO
22:08:16,-10.4881536,16.98962746,0,10,OFF,RETRACTED,AUTO
22:08:16,-11.51596162,19.07138684,0,10,OFF,RETRACTED,AUTO
22:08:16,-12.42639515,21.10451974,0,10,OFF,RETRACTED,AUTO
22:08:16,-13.21017475,23.08384229,0,10,OFF,RETRACTED,AUTO
22:08:16,-13.85931187,25.00430777,0,10,OFF,RETRACTED,AUTO
22:08:16,-14.36719029,26.86101957,0,10,OFF,RETRACTED,AUTO
22:08:16,-14.72863355,28.64924362,0,10,OFF,RETRACTED,AUTO
22:08:16,-14.9399577,30.36442045,0,10,OFF,RETRACTED,AUTO
22:08:16,-14.99900885,32.00217688,0,10,OFF,RETRACTED,AUTO
22:08:16,-14.90518513,33.55833709,0,10,OFF,RETRACTED,AUTO
22:08:16,-14.65944283,35.02893335,0,10,OFF,RETRACTED,AUTO
22:08:16,-14.26428663,36.41021605,0,10,OFF,RETRACTED,AUTO
22:08:16,-13.7237441,37.69866333,0,10,OFF,RETRACTED,AUTO
22:08:16,-13.04332462,38.89099003,0,10,OFF,RETRACTED,AUTO
22:08:16,-12.22996325,39.98415605,0,10,OFF,RETRACTED,AUTO
22:08:16,-11.29195005,40.97537415,0,10,OFF,RETRACTED,AUTO
22:08:16,-10.23884556,41.862117,0,10,OFF,RETRACTED,AUTO
22:08:16,-9.081383357,42.64212368,0,10,OFF,RETRACTED,AUTO
22:08:16,-7.831360688,43.31340539,0,10,OFF,RETRACTED,AUTO
22:08:16,-6.501518197,43.87425057,0,10,OFF,RETRACTED,AUTO
22:08:16,-5.105410079,44.32322921,0,10,OFF,RETRACTED,AUTO
22:08:16,-3.65726593,44.65919656,0,10,OFF,RETRACTED,AUTO
22:08:16,-2.171845716,44.88129599,0,10,OFF,RETRACTED,AUTO
22:08:16,-0.664289331,44.98896122,0,10,OFF,RETRACTED,AUTO
22:08:16,0.850037712,44.98191774,0,10,OFF,RETRACTED,AUTO
22:08:16,2.355700888,44.86018349,0,10,OFF,RETRACTED,AUTO
22:08:16,3.837353981,44.62406888,0,10,OFF,RETRACTED,AUTO
22:08:16,5.27989549,44.27417591,0,10,OFF,RETRACTED,AUTO
22:08:16,6.668622556,43.81139673,0,10,OFF,RETRACTED,AUTO
22:08:16,7.989380812,43.23691127,0,10,OFF,RETRACTED,AUTO
22:08:16,9.228708652,42.55218431,0,10,OFF,RETRACTED,AUTO
22:08:16,10.37397444,41.7589617,0,10,OFF,RETRACTED,AUTO
22:08:16,11.41350524,40.85926593,0,10,OFF,RETRACTED,AUTO
22:08:16,12.33670581,39.85539096,0,10,OFF,RETRACTED,AUTO
22:08:16,13.13416659,38.74989638,0,10,OFF,RETRACTED,AUTO
22:08:16,13.7977596,37.54560088,0,10,OFF,RETRACTED,AUTO
22:08:16,14.32072127,36.24557505,0,10,OFF,RETRACTED,AUTO
22:08:16,14.69772141,34.85313359,0,10,OFF,RETRACTED,AUTO
22:08:16,14.92491749,33.37182681,0,10,OFF,RETRACTED,AUTO
22:08:16,14.99999388,31.80543162,0,10,OFF,RETRACTED,AUTO
22:08:16,14.92218536,30.15794186,0,10,OFF,RETRACTED,AUTO
22:08:16,14.69228499,28.43355816,0,10,OFF,RETRACTED,AUTO
22:08:16,14.31263597,26.63667718,0,10,OFF,RETRACTED,AUTO
22:08:16,13.78710784,24.77188045,0,10,OFF,RETRACTED,AUTO
22:08:16,13.12105693,22.84392266,0,10,OFF,RETRACTED,AUTO
22:08:16,12.32127186,20.85771953,0,10,OFF,RETRACTED,AUTO
22:08:16,11.39590431,18.81833531,0,10,OFF,RETRACTED,AUTO
22:08:16,10.35438593,16.73096983,0,10,OFF,RETRACTED,AUTO
22:08:16,9.207332214,14.60094526,0,10,OFF,RETRACTED,AUTO
22:08:16,7.96643432,12.43369254,0,10,OFF,RETRACTED,AUTO
22:08:16,6.644339889,10.23473753,0,10,OFF,RETRACTED,AUTO
22:08:16,5.254524145,8.009686935,0,10,OFF,RETRACTED,AUTO
22:08:16,3.81115255,5.764213974,0,10,OFF,RETRACTED,AUTO
22:08:16,2.328936426,3.504043949,0,10,OFF,RETRACTED,AUTO
22:08:16,0.822983011,1.234939635,0,10,OFF,RETRACTED,AUTO
22:08:16,-0.69135852,-1.037313414,0,10,OFF,RETRACTED,AUTO
22:08:16,-2.198653496,-3.306921617,0,10,OFF,RETRACTED,AUTO
22:08:16,-3.683539067,-5.568098135,0,10,OFF,RETRACTED,AUTO
22:08:16,-5.130880788,-7.815077629,0,10,OFF,RETRACTED,AUTO
22:08:16,-6.525926872,-10.04213096,0,10,OFF,RETRACTED,AUTO
22:08:16,-7.854458548,-12.24357978,0,10,OFF,RETRACTED,AUTO
22:08:16,-9.102934981,-14.41381105,0,10,OFF,RETRACTED,AUTO
22:08:16,-10.25863128,-16.54729131,0,10,OFF,RETRACTED,AUTO
22:08:16,-11.30976822,-18.63858081,0,10,OFF,RETRACTED,AUTO
22:08:16,-12.24563225,-20.68234737,0,10,OFF,RETRACTED,AUTO
22:08:16,-13.05668474,-22.67337998,0,10,OFF,RETRACTED,AUTO
22:08:16,-13.73465918,-24.60660209,0,10,OFF,RETRACTED,AUTO
22:08:16,-14.27264542,-26.47708455,0,10,OFF,RETRACTED,AUTO
22:08:16,-14.66516013,-28.28005817,0,10,OFF,RETRACTED,AUTO
22:08:16,-14.90820267,-30.0109259,0,10,OFF,RETRACTED,AUTO
22:08:16,-14.99929587,-31.66527453,0,10,OFF,RETRACTED,AUTO
22:08:16,-14.93751128,-33.23888596,0,10,OFF,RETRACTED,AUTO
22:08:16,-14.72347862,-34.72774793,0,10,OFF,RETRACTED,AUTO
22:08:16,-14.3593794,-36.12806428,0,10,OFF,RETRACTED,AUTO
22:08:16,-13.84892462,-37.43626461,0,10,OFF,RETRACTED,AUTO
22:08:16,-13.19731701,-38.6490134,0,10,OFF,RETRACTED,AUTO
22:08:16,-12.41119798,-39.76321848,0,10,OFF,RETRACTED,AUTO
22:08:16,-11.49857991,-40.77603897,0,10,OFF,RETRACTED,AUTO
22:08:16,-10.4687645,-41.68489246,0,10,OFF,RETRACTED,AUTO
22:08:16,-9.332247979,-42.48746165,0,10,OFF,RETRACTED,AUTO
22:08:16,-8.100614093,-43.18170021,0,10,OFF,RETRACTED,AUTO
22:08:16,-6.786416065,-43.76583805,0,10,OFF,RETRACTED,AUTO
22:08:16,-5.403048637,-44.23838577,0,10,OFF,RETRACTED,AUTO
22:08:16,-3.964611547,-44.59813852,0,10,OFF,RETRACTED,AUTO
22:08:16,-2.485765823,-44.84417904,0,10,OFF,RETRACTED,AUTO
22:08:16,-0.98158435,-44.97588,0,10,OFF,RETRACTED,AUTO
22:08:16,0.532601756,-44.99290559,0,10,OFF,RETRACTED,AUTO
22:08:16,2.041359408,-44.89521241,0,10,OFF,RETRACTED,AUTO
22:08:16,3.529310849,-44.68304954,0,10,OFF,RETRACTED,AUTO
22:08:16,4.981290384,-44.35695794,0,10,OFF,RETRACTED,AUTO
22:08:16,6.382498958,-43.91776904,0,10,OFF,RETRACTED,AUTO
22:08:16,7.718654989,-43.36660266,0,10,OFF,RETRACTED,AUTO
22:08:16,8.97613993,-42.7048641,0,10,OFF,RETRACTED,AUTO
22:08:16,10.14213708,-41.93424061,0,10,OFF,RETRACTED,AUTO
22:08:16,11.20476221,-41.05669704,0,10,OFF,RETRACTED,AUTO
22:08:16,12.15318469,-40.07447088,0,10,OFF,RETRACTED,AUTO
22:08:16,12.97773789,-38.99006652,0,10,OFF,RETRACTED,AUTO
22:08:16,13.67001768,-37.80624887,0,10,OFF,RETRACTED,AUTO
22:08:16,14.22296813,-36.52603632,0,10,OFF,RETRACTED,AUTO
22:08:16,14.63095337,-35.15269305,0,10,OFF,RETRACTED,AUTO
22:08:16,14.88981509,-33.68972067,0,10,OFF,RETRACTED,AUTO
22:08:16,14.99691489,-32.14084934,0,10,OFF,RETRACTED,AUTO
22:08:16,14.95116115,-30.51002822,0,10,OFF,RETRACTED,AUTO
22:08:16,14.75302023,-28.80141544,0,10,OFF,RETRACTED,AUTO
22:08:16,14.40451165,-27.01936746,0,10,OFF,RETRACTED,AUTO
22:08:16,13.9091875,-25.16842798,0,10,OFF,RETRACTED,AUTO
22:08:16,13.27209632,-23.25331636,0,10,OFF,RETRACTED,AUTO
22:08:16,12.49973153,-21.27891556,0,10,OFF,RETRACTED,AUTO
22:08:16,11.59996533,-19.25025975,0,10,OFF,RETRACTED,AUTO
22:08:16,10.58196845,-17.17252139,0,10,OFF,RETRACTED,AUTO
22:08:16,9.456116635,-15.05099812,0,10,OFF,RETRACTED,AUTO
22:08:16,8.23388495,-12.89109919,0,10,OFF,RETRACTED,AUTO
22:08:16,6.927730783,-10.69833173,0,10,OFF,RETRACTED,AUTO
22:08:16,5.550966888,-8.47828664,0,10,OFF,RETRACTED,AUTO
22:08:16,4.1176257,-6.236624397,0,10,OFF,RETRACTED,AUTO
22:08:16,2.642316308,-3.979060582,0,10,OFF,RETRACTED,AUTO
22:08:16,1.140075552,-1.711351325,0,10,OFF,RETRACTED,AUTO
22:08:16,-0.373785232,0.560721379,0,10,OFF,RETRACTED,AUTO
22:08:16,-1.883836273,2.831364407,0,10,OFF,RETRACTED,AUTO
22:08:16,-3.37468663,5.094788283,0,10,OFF,RETRACTED,AUTO
22:08:16,-4.831141063,7.345221936,0,10,OFF,RETRACTED,AUTO
22:08:16,-6.238354907,9.576927417,0,10,OFF,RETRACTED,AUTO
22:08:16,-7.581985371,11.78421453,0,10,OFF,RETRACTED,AUTO
22:08:16,-8.848337728,13.96145533,0,10,OFF,RETRACTED,AUTO
22:08:16,-10.0245049,16.1030985,0,10,OFF,RETRACTED,AUTO
22:08:16,-11.09849899,18.20368347,0,10,OFF,RETRACTED,AUTO
22:08:16,-12.05937351,20.25785436,0,10,OFF,RETRACTED,AUTO
22:08:16,-12.89733489,22.26037364,0,10,OFF,RETRACTED,AUTO
22:08:16,-13.60384237,24.20613546,0,10,OFF,RETRACTED,AUTO
22:08:16,-14.17169498,26.09017871,0,10,OFF,RETRACTED,AUTO
22:08:16,-14.59510498,27.90769961,0,10,OFF,RETRACTED,AUTO
22:08:16,-14.86975683,29.65406403,0,10,OFF,RETRACTED,AUTO
22:08:16,-14.9928512,31.32481924,0,10,OFF,RETRACTED,AUTO
22:08:16,-14.96313346,32.91570531,0,10,OFF,RETRACTED,AUTO
22:08:16,-14.78090651,34.42266594,0,10,OFF,RETRACTED,AUTO
22:08:16,-14.44802767,35.84185882,0,10,OFF,RETRACTED,AUTO
22:08:16,-13.96788974,37.16966542,0,10,OFF,RETRACTED,AUTO
22:08:16,-13.34538645,38.40270022,0,10,OFF,RETRACTED,AUTO
22:08:16,-12.58686256,39.53781936,0,10,OFF,RETRACTED,AUTO
22:08:16,-11.7000492,40.57212859,0,10,OFF,RETRACTED,AUTO
22:08:16,-10.69398506,41.50299074,0,10,OFF,RETRACTED,AUTO
22:08:16,-9.578924284,42.32803239,0,10,OFF,RETRACTED,AUTO
22:08:16,-8.366231939,43.0451499,0,10,OFF,RETRACTED,AUTO
22:08:16,-7.068268186,43.65251485,0,10,OFF,RETRACTED,AUTO
22:08:16,-5.698262303,44.14857863,0,10,OFF,RETRACTED,AUTO
22:08:16,-4.270177843,44.53207643,0,10,OFF,RETRACTED,AUTO
22:08:16,-2.798570316,44.80203043,0,10,OFF,RETRACTED,AUTO
22:08:16,-1.298438833,44.95775233,0,10,OFF,RETRACTED,AUTO
22:08:16,0.214926768,44.99884509,0,10,OFF,RETRACTED,AUTO
22:08:16,1.726101765,44.92520393,0,10,OFF,RETRACTED,AUTO
22:08:16,3.21968376,44.73701661,0,10,OFF,RETRACTED,AUTO
22:08:16,4.680449673,44.43476297,0,10,OFF,RETRACTED,AUTO
22:08:16,6.093510892,44.01921364,0,10,OFF,RETRACTED,AUTO
22:08:16,7.444465029,43.49142818,0,10,OFF,RETRACTED,AUTO
22:08:16,8.719542713,42.85275227,0,10,OFF,RETRACTED,AUTO
22:08:16,9.905747929,42.10481435,0,10,OFF,RETRACTED,AUTO
22:08:16,10.99099048,41.24952145,0,10,OFF,RETRACTED,AUTO
22:08:16,11.96420922,40.28905431,0,10,OFF,RETRACTED,AUTO
22:08:16,12.81548477,39.22586184,0,10,OFF,RETRACTED,AUTO
22:08:16,13.53614066,38.06265488,0,10,OFF,RETRACTED,AUTO
22:08:16,14.11883171,36.80239926,0,10,OFF,RETRACTED,AUTO
22:08:16,14.55761896,35.44830826,0,10,OFF,RETRACTED,AUTO
22:08:16,14.84803014,34.00383443,0,10,OFF,RETRACTED,AUTO
22:08:16,14.98710527,32.47266075,0,10,OFF,RETRACTED,AUTO
22:08:16,14.97342686,30.85869126,0,10,OFF,RETRACTED,AUTO
22:08:16,14.80713432,29.16604111,0,10,OFF,RETRACTED,AUTO
22:08:16,14.48992257,27.39902608,0,10,OFF,RETRACTED,AUTO
22:08:16,14.02502472,25.56215153,0,10,OFF,RETRACTED,AUTO
22:08:16,13.41717918,23.66010096,0,10,OFF,RETRACTED,AUTO
22:08:16,12.6725813,21.69772403,0,10,OFF,RETRACTED,AUTO
22:08:16,11.79882028,19.68002424,0,10,OFF,RETRACTED,AUTO
22:08:16,10.80480177,17.61214614,0,10,OFF,RETRACTED,AUTO
22:08:16,9.700657146,15.49936221,0,10,OFF,RETRACTED,AUTO
22:08:16,8.497640209,13.34705942,0,10,OFF,RETRACTED,AUTO
22:08:16,7.208012507,11.16072553,0,10,OFF,RETRACTED,AUTO
22:08:16,5.844918355,8.945935054,0,10,OFF,RETRACTED,AUTO
22:08:16,4.422250858,6.708335051,0,10,OFF,RETRACTED,AUTO
22:08:16,2.954510316,4.453630752,0,10,OFF,RETRACTED,AUTO
22:08:16,1.456656426,2.187570995,0,10,OFF,RETRACTED,AUTO
22:08:16,-0.056044189,-0.08406643,0,10,OFF,RETRACTED,AUTO
22:08:16,-1.568173583,-2.35548951,0,10,OFF,RETRACTED,AUTO
22:08:16,-3.064319632,-4.620906779,0,10,OFF,RETRACTED,AUTO
22:08:16,-4.52923312,-6.874542085,0,10,OFF,RETRACTED,AUTO
22:08:16,-5.947983165,-9.110649315,0,10,OFF,RETRACTED,AUTO
22:08:16,-7.306109394,-11.32352705,0,10,OFF,RETRACTED,AUTO
22:08:16,-8.589769337,-13.5075331,0,10,OFF,RETRACTED,AUTO
22:08:16,-9.785879505,-15.65709888,0,10,OFF,RETRACTED,AUTO
22:08:16,-10.88224875,-17.76674362,0,10,OFF,RETRACTED,AUTO
22:08:16,-11.86770251,-19.83108836,0,10,OFF,RETRACTED,AUTO
22:08:16,-12.73219671,-21.84486962,0,10,OFF,RETRACTED,AUTO
22:08:17,-13.46692015,-23.80295283,0,10,OFF,RETRACTED,AUTO
22:08:17,-14.06438427,-25.70034546,0,10,OFF,RETRACTED,AUTO
22:08:17,-14.51849954,-27.53220972,0,10,OFF,RETRACTED,AUTO
22:08:17,-14.82463744,-29.29387487,0,10,OFF,RETRACTED,AUTO
22:08:17,-14.97967773,-30.9808492,0,10,OFF,RETRACTED,AUTO
