timestamp,pitch,roll,yaw,light,led_status,solar_status,mode
23:35:59.654,0.00,45.00,0.00,250.0,OFF,RETRACTED,MANUAL
23:35:59.759,0.50,44.99,0.00,251.24999479167317,OFF,RETRACTED,MANUAL
23:35:59.859,1.00,44.96,0.00,252.49995833354166,OFF,RETRACTED,MANUAL
23:35:59.960,1.49,44.92,0.00,253.74985937658204,OFF,RETRACTED,MANUAL
23:36:00.060,1.99,44.86,0.00,254.99966667333328,OFF,RETRACTED,MANUAL
23:36:00.161,2.47,44.78,0.00,256.2493489786781,OFF,RETRACTED,MANUAL
23:36:00.261,2.96,44.68,0.00,257.4988750506239,OFF,RETRACTED,MANUAL
23:36:00.363,3.43,44.56,0.00,258.74821365108403,OFF,RETRACTED,MANUAL
23:36:00.462,3.89,44.43,0.00,259.9973335466585,OFF,RETRACTED,MANUAL
23:36:00.563,4.35,44.27,0.00,261.24620350941507,OFF,RETRACTED,MANUAL
23:36:00.663,4.79,44.10,0.00,262.4947923176696,OFF,RETRACTED,MANUAL
23:36:00.766,5.23,43.92,0.00,263.74306875676695,OFF,RETRACTED,MANUAL
23:36:00.866,5.65,43.71,0.00,264.99100161986115,OFF,RETRACTED,MANUAL
23:36:00.968,6.05,43.49,0.00,266.2385597086957,OFF,RETRACTED,MANUAL
23:36:01.068,6.44,43.25,0.00,267.4857118343832,OFF,RETRACTED,MANUAL
23:36:01.168,6.82,42.99,0.00,268.73242681818556,OFF,RETRACTED,MANUAL
23:36:01.272,7.17,42.72,0.00,269.9786734922932,OFF,RETRACTED,MANUAL
23:36:01.373,7.51,42.42,0.00,271.224420700604,OFF,RETRACTED,MANUAL
23:36:01.473,7.83,42.12,0.00,272.4696372995028,OFF,RETRACTED,MANUAL
23:36:01.573,8.13,41.79,0.00,273.71429215863935,OFF,RETRACTED,MANUAL
23:36:01.675,8.41,41.45,0.00,274.95835416170706,OFF,RETRACTED,MANUAL
23:36:01.776,8.67,41.09,0.00,276.20179220722065,OFF,RETRACTED,MANUAL
23:36:01.877,8.91,40.71,0.00,277.4445752092937,OFF,RETRACTED,MANUAL
23:36:01.977,9.13,40.32,0.00,278.68667209841595,OFF,RETRACTED,MANUAL
23:36:02.078,9.32,39.91,0.00,279.92805182222986,OFF,RETRACTED,MANUAL
23:36:02.179,9.49,39.49,0.00,281.1686833463069,OFF,RETRACTED,MANUAL
23:36:02.279,9.64,39.05,0.00,282.40853565492375,OFF,RETRACTED,MANUAL
23:36:02.380,9.76,38.60,0.00,283.6475777518371,OFF,RETRACTED,MANUAL
23:36:02.481,9.85,38.13,0.00,284.88577866105913,OFF,RETRACTED,MANUAL
23:36:02.582,9.93,37.64,0.00,286.1231074276316,OFF,RETRACTED,MANUAL
23:36:02.683,9.97,37.14,0.00,287.35953311839984,OFF,RETRACTED,MANUAL
23:36:02.783,10.00,36.62,0.00,288.5950248227859,OFF,RETRACTED,MANUAL
23:36:02.885,10.00,36.09,0.00,289.8295516535615,OFF,RETRACTED,MANUAL
23:36:02.984,9.97,35.55,0.00,291.0630827476203,OFF,RETRACTED,MANUAL
23:36:03.085,9.92,34.99,0.00,292.295587266749,OFF,RETRACTED,MANUAL
23:36:03.186,9.84,34.42,0.00,293.527034398399,OFF,RETRACTED,MANUAL
23:36:03.287,9.74,33.83,0.00,294.7573933564561,OFF,RETRACTED,MANUAL
23:36:03.387,9.61,33.23,0.00,295.9866333820103,OFF,RETRACTED,MANUAL
23:36:03.488,9.46,32.62,0.00,297.2147237441252,OFF,RETRACTED,MANUAL
23:36:03.589,9.29,31.99,0.00,298.44163374060554,OFF,RETRACTED,MANUAL
23:36:03.690,9.09,31.35,0.00,299.66733269876534,OFF,RETRACTED,MANUAL
23:36:03.790,8.87,30.70,0.00,300.8917899761945,OFF,RETRACTED,MANUAL
23:36:03.891,8.63,30.04,0.00,302.1149749615249,OFF,RETRACTED,MANUAL
23:36:03.993,8.37,29.36,0.00,303.3368570751956,OFF,RETRACTED,MANUAL
23:36:04.113,8.08,28.67,0.00,304.5574057702173,OFF,RETRACTED,MANUAL
23:36:04.193,7.78,27.97,0.00,305.7765905329364,OFF,RETRACTED,MANUAL
23:36:04.294,7.46,27.26,0.00,306.9943808837971,OFF,RETRACTED,MANUAL
23:36:04.394,7.11,26.54,0.00,308.2107463781042,OFF,RETRACTED,MANUAL
23:36:04.495,6.75,25.81,0.00,309.42565660678366,OFF,RETRACTED,MANUAL
23:36:04.595,6.38,25.07,0.00,310.639081197143,OFF,RETRACTED,MANUAL
23:36:04.697,5.98,24.31,0.00,311.8509898136307,OFF,RETRACTED,MANUAL
23:36:04.798,5.58,23.55,0.00,313.0613521585945,OFF,RETRACTED,MANUAL
23:36:04.898,5.16,22.78,0.00,314.27013797303874,OFF,RETRACTED,MANUAL
23:36:04.999,4.72,22.00,0.00,315.4773170373811,OFF,RETRACTED,MANUAL
23:36:05.100,4.27,21.21,0.00,316.6828591722077,OFF,RETRACTED,MANUAL
23:36:05.201,3.82,20.41,0.00,317.88673423902816,OFF,RETRACTED,MANUAL
23:36:05.302,3.35,19.61,0.00,319.0889121410284,OFF,RETRACTED,MANUAL
23:36:05.403,2.87,18.79,0.00,320.28936282382347,OFF,RETRACTED,MANUAL
23:36:05.503,2.39,17.97,0.00,321.4880562762088,OFF,RETRACTED,MANUAL
23:36:05.604,1.90,17.14,0.00,322.68496253091064,OFF,RETRACTED,MANUAL
23:36:05.705,1.41,16.31,0.00,323.88005166533486,OFF,RETRACTED,MANUAL
23:36:05.806,0.91,15.46,0.00,325.07329380231533,OFF,RETRACTED,MANUAL
23:36:05.906,0.42,14.62,0.00,326.2646591108608,OFF,RETRACTED,MANUAL
23:36:06.008,-0.08,13.76,0.00,327.4541178069006,OFF,RETRACTED,MANUAL
23:36:06.108,-0.58,12.90,0.00,328.64164015402935,OFF,RETRACTED,MANUAL
23:36:06.208,-1.08,12.04,0.00,329.82719646425016,OFF,RETRACTED,MANUAL
23:36:06.309,-1.58,11.17,0.00,331.010757098717,OFF,RETRACTED,MANUAL
23:36:06.410,-2.07,10.29,0.00,332.19229246847567,OFF,RETRACTED,MANUAL
23:36:06.511,-2.56,9.42,0.00,333.37177303520355,OFF,RETRACTED,MANUAL
23:36:06.611,-3.04,8.53,0.00,334.5491693119477,OFF,RETRACTED,MANUAL
23:36:06.712,-3.51,7.65,0.00,335.7244518638627,OFF,RETRACTED,MANUAL
23:36:06.814,-3.97,6.76,0.00,336.89759130894595,OFF,RETRACTED,MANUAL
23:36:06.915,-4.43,5.87,0.00,338.0685583187724,OFF,RETRACTED,MANUAL
23:36:07.014,-4.87,4.98,0.00,339.23732361922777,OFF,RETRACTED,MANUAL
23:36:07.116,-5.30,4.08,0.00,340.4038579912404,OFF,RETRACTED,MANUAL
23:36:07.216,-5.72,3.18,0.00,341.5681322715118,OFF,RETRACTED,MANUAL
23:36:07.317,-6.12,2.28,0.00,342.73011735324553,OFF,RETRACTED,MANUAL
23:36:07.418,-6.51,1.39,0.00,343.8897841868752,OFF,RETRACTED,MANUAL
23:36:07.519,-6.88,0.49,0.00,345.0471037807902,OFF,RETRACTED,MANUAL
23:36:07.619,-7.23,-0.41,0.00,346.2020472020611,OFF,RETRACTED,MANUAL
23:36:07.720,-7.57,-1.31,0.00,347.3545855771625,OFF,RETRACTED,MANUAL
23:36:07.820,-7.89,-2.21,0.00,348.50469009269494,OFF,RETRACTED,MANUAL
23:36:07.921,-8.18,-3.11,0.00,349.6523319961056,OFF,RETRACTED,MANUAL
23:36:08.021,-8.46,-4.01,0.00,350.7974825964065,OFF,RETRACTED,MANUAL
23:36:08.124,-8.72,-4.90,0.00,351.9401132648924,OFF,RETRACTED,MANUAL
23:36:08.225,-8.95,-5.80,0.00,353.080195435856,OFF,RETRACTED,MANUAL
23:36:08.325,-9.16,-6.69,0.00,354.2177006073025,OFF,RETRACTED,MANUAL
23:36:08.426,-9.35,-7.58,0.00,355.35260034166186,OFF,RETRACTED,MANUAL
23:36:08.526,-9.52,-8.46,0.00,356.48486626649975,OFF,RETRACTED,MANUAL
23:36:08.627,-9.66,-9.35,0.00,357.614470075227,OFF,RETRACTED,MANUAL
23:36:08.729,-9.78,-10.22,0.00,358.7413835278074,OFF,RETRACTED,MANUAL
23:36:08.829,-9.87,-11.10,0.00,359.86557845146314,OFF,RETRACTED,MANUAL
23:36:08.929,-9.94,-11.97,0.00,360.98702674137974,OFF,RETRACTED,MANUAL
23:36:09.030,-9.98,-12.83,0.00,362.1057003614084,OFF,RETRACTED,MANUAL
23:36:09.132,-10.00,-13.69,0.00,363.22157134476686,OFF,RETRACTED,MANUAL
23:36:09.231,-9.99,-14.55,0.00,364.3346117947387,OFF,RETRACTED,MANUAL
23:36:09.332,-9.96,-15.40,0.00,365.44479388537053,OFF,RETRACTED,MANUAL
23:36:09.434,-9.91,-16.24,0.00,366.552089862168,OFF,RETRACTED,MANUAL
23:36:09.573,-9.82,-17.08,0.00,367.65647204278935,OFF,RETRACTED,MANUAL
23:36:09.636,-9.72,-17.90,0.00,368.7579128177375,OFF,RETRACTED,MANUAL
23:36:09.736,-9.59,-18.73,0.00,369.8563846510506,OFF,RETRACTED,MANUAL
23:36:09.837,-9.44,-19.54,0.00,370.95186008098983,OFF,RETRACTED,MANUAL
23:36:09.937,-9.26,-20.35,0.00,372.0443117207267,OFF,RETRACTED,MANUAL
23:36:10.038,-9.06,-21.15,0.00,373.13371225902694,OFF,RETRACTED,MANUAL
23:36:10.139,-8.83,-21.94,0.00,374.22003446093396,OFF,RETRACTED,MANUAL
23:36:10.239,-8.59,-22.72,0.00,375.30325116844926,OFF,RETRACTED,MANUAL
23:36:10.340,-8.32,-23.49,0.00,376.3833353012115,OFF,RETRACTED,MANUAL
23:36:10.441,-8.04,-24.25,0.00,377.4602598571737,OFF,RETRACTED,MANUAL
23:36:10.542,-7.73,-25.01,0.00,378.5339979132781,OFF,RETRACTED,MANUAL
23:36:10.644,-7.40,-25.75,0.00,379.604522626129,OFF,RETRACTED,MANUAL
23:36:10.745,-7.06,-26.48,0.00,380.6718072326645,OFF,RETRACTED,MANUAL
23:36:10.846,-6.69,-27.20,0.00,381.7358250508251,OFF,RETRACTED,MANUAL
23:36:10.946,-6.31,-27.92,0.00,382.7965494802206,OFF,RETRACTED,MANUAL
23:36:11.047,-5.92,-28.62,0.00,383.8539540027956,OFF,RETRACTED,MANUAL
23:36:11.147,-5.51,-29.31,0.00,384.9080121834921,OFF,RETRACTED,MANUAL
23:36:11.248,-5.08,-29.98,0.00,385.9586976709104,OFF,RETRACTED,MANUAL
23:36:11.348,-4.65,-30.65,0.00,387.00598419796813,OFF,RETRACTED,MANUAL
23:36:11.449,-4.20,-31.30,0.00,388.04984558255666,OFF,RETRACTED,MANUAL
23:36:11.551,-3.74,-31.94,0.00,389.0902557281957,OFF,RETRACTED,MANUAL
23:36:11.651,-3.27,-32.57,0.00,390.1271886246858,OFF,RETRACTED,MANUAL
23:36:11.752,-2.79,-33.18,0.00,391.1606183487586,OFF,RETRACTED,MANUAL
23:36:11.853,-2.31,-33.78,0.00,392.19051906472475,OFF,RETRACTED,MANUAL
23:36:11.954,-1.82,-34.37,0.00,393.21686502512006,OFF,RETRACTED,MANUAL
23:36:12.055,-1.33,-34.95,0.00,394.2396305713489,OFF,RETRACTED,MANUAL
23:36:12.156,-0.83,-35.51,0.00,395.258790134326,OFF,RETRACTED,MANUAL
23:36:12.256,-0.33,-36.05,0.00,396.2743182351153,OFF,RETRACTED,MANUAL
23:36:12.357,0.17,-36.58,0.00,397.2861894855671,OFF,RETRACTED,MANUAL
23:36:12.458,0.67,-37.10,0.00,398.29437858895295,OFF,RETRACTED,MANUAL
23:36:12.586,1.17,-37.60,0.00,399.2988603405977,OFF,RETRACTED,MANUAL
23:36:12.687,1.66,-38.09,0.00,400.29960962851,OFF,RETRACTED,MANUAL
23:36:12.788,2.15,-38.56,0.00,401.29660143400963,OFF,RETRACTED,MANUAL
23:36:12.888,2.64,-39.02,0.00,402.2898108323534,OFF,RETRACTED,MANUAL
23:36:12.989,3.12,-39.46,0.00,403.27921299335816,OFF,RETRACTED,MANUAL
23:36:13.090,3.59,-39.88,0.00,404.26478318202135,OFF,RETRACTED,MANUAL
23:36:13.190,4.05,-40.29,0.00,405.24649675913963,OFF,RETRACTED,MANUAL
23:36:13.291,4.50,-40.68,0.00,406.22432918192465,OFF,RETRACTED,MANUAL
23:36:13.392,4.94,-41.06,0.00,407.19825600461684,OFF,RETRACTED,MANUAL
23:36:13.493,5.37,-41.42,0.00,408.16825287909626,OFF,RETRACTED,MANUAL
23:36:13.593,5.78,-41.76,0.00,409.1342955554917,OFF,RETRACTED,MANUAL
23:36:13.694,6.18,-42.09,0.00,410.09635988278643,OFF,RETRACTED,MANUAL
23:36:13.795,6.57,-42.40,0.00,411.0544218094225,OFF,RETRACTED,MANUAL
23:36:13.895,6.94,-42.69,0.00,412.0084573839015,OFF,RETRACTED,MANUAL
23:36:13.996,7.29,-42.97,0.00,412.9584427553839,OFF,RETRACTED,MANUAL
23:36:14.097,7.62,-43.23,0.00,413.9043541742848,OFF,RETRACTED,MANUAL
23:36:14.197,7.94,-43.47,0.00,414.846167992868,OFF,RETRACTED,MANUAL
23:36:14.298,8.23,-43.69,0.00,415.7838606658371,OFF,RETRACTED,MANUAL
23:36:14.398,8.50,-43.90,0.00,416.71740875092416,OFF,RETRACTED,MANUAL
23:36:14.499,8.76,-44.09,0.00,417.6467889094756,OFF,RETRACTED,MANUAL
23:36:14.600,8.99,-44.26,0.00,418.57197790703594,OFF,RETRACTED,MANUAL
23:36:14.700,9.20,-44.41,0.00,419.4929526139284,OFF,RETRACTED,MANUAL
23:36:14.803,9.38,-44.55,0.00,420.4096900058332,OFF,RETRACTED,MANUAL
23:36:14.905,9.54,-44.67,0.00,421.32216716436335,OFF,RETRACTED,MANUAL
23:36:15.006,9.68,-44.77,0.00,422.2303612776375,OFF,RETRACTED,MANUAL
23:36:15.109,9.79,-44.85,0.00,423.13424964085,OFF,RETRACTED,MANUAL
23:36:15.211,9.88,-44.91,0.00,424.03380965683886,OFF,RETRACTED,MANUAL
23:36:15.311,9.95,-44.96,0.00,424.9290188366506,OFF,RETRACTED,MANUAL
23:36:15.411,9.99,-44.99,0.00,425.81985480010223,OFF,RETRACTED,MANUAL
23:36:15.512,10.00,-45.00,0.00,426.70629527634117,OFF,RETRACTED,MANUAL
23:36:15.613,9.99,-44.99,0.00,427.5883181044016,OFF,RETRACTED,MANUAL
23:36:15.714,9.95,-44.97,0.00,428.4659012337588,OFF,RETRACTED,MANUAL
23:36:15.814,9.89,-44.92,0.00,429.33902272488035,OFF,RETRACTED,MANUAL
23:36:15.915,9.81,-44.86,0.00,430.2076607497743,OFF,RETRACTED,MANUAL
23:36:16.016,9.70,-44.78,0.00,431.0717935925353,OFF,RETRACTED,MANUAL
23:36:16.116,9.57,-44.68,0.00,431.93139964988734,OFF,RETRACTED,MANUAL
23:36:16.218,9.41,-44.57,0.00,432.78645743172365,OFF,RETRACTED,MANUAL
23:36:16.320,9.23,-44.44,0.00,433.6369455616443,OFF,RETRACTED,MANUAL
23:36:16.419,9.02,-44.29,0.00,434.4828427774904,OFF,RETRACTED,MANUAL
23:36:16.522,8.79,-44.12,0.00,435.3241279318755,OFF,RETRACTED,MANUAL
23:36:16.623,8.55,-43.93,0.00,436.16077999271454,OFF,RETRACTED,MANUAL
23:36:16.723,8.28,-43.73,0.00,436.9927780437497,OFF,RETRACTED,MANUAL
23:36:16.824,7.98,-43.51,0.00,437.82010128507295,OFF,RETRACTED,MANUAL
23:36:16.925,7.67,-43.27,0.00,438.64272903364633,OFF,RETRACTED,MANUAL
23:36:17.025,7.34,-43.01,0.00,439.46064072381904,OFF,RETRACTED,MANUAL
23:36:17.126,7.00,-42.74,0.00,440.27381590784137,OFF,RETRACTED,MANUAL
23:36:17.227,6.63,-42.45,0.00,441.08223425637607,OFF,RETRACTED,MANUAL
23:36:17.329,6.25,-42.14,0.00,441.8858755590066,OFF,RETRACTED,MANUAL
23:36:17.429,5.85,-41.82,0.00,442.6847197247422,OFF,RETRACTED,MANUAL
23:36:17.531,5.44,-41.48,0.00,443.47874678252026,OFF,RETRACTED,MANUAL
23:36:17.643,5.01,-41.12,0.00,444.26793688170585,OFF,RETRACTED,MANUAL
23:36:17.744,4.57,-40.74,0.00,445.0522702925874,OFF,RETRACTED,MANUAL
23:36:17.845,4.12,-40.35,0.00,445.83172740687075,OFF,RETRACTED,MANUAL
23:36:17.946,3.66,-39.95,0.00,446.6062887381684,OFF,RETRACTED,MANUAL
23:36:18.047,3.19,-39.53,0.00,447.37593492248755,OFF,RETRACTED,MANUAL
23:36:18.148,2.71,-39.09,0.00,448.1406467187136,OFF,RETRACTED,MANUAL
23:36:18.249,2.23,-38.63,0.00,448.90040500909146,OFF,RETRACTED,MANUAL
23:36:18.349,1.74,-38.16,0.00,449.6551907997035,OFF,RETRACTED,MANUAL
23:36:18.450,1.24,-37.68,0.00,450.40498522094424,OFF,RETRACTED,MANUAL
23:36:18.551,0.75,-37.18,0.00,451.14976952799225,OFF,RETRACTED,MANUAL
23:36:18.652,0.25,-36.67,0.00,451.88952510127854,OFF,RETRACTED,MANUAL
23:36:18.754,-0.25,-36.14,0.00,452.6242334469524,OFF,RETRACTED,MANUAL
23:36:18.856,-0.75,-35.59,0.00,453.3538761973434,OFF,RETRACTED,MANUAL
23:36:18.956,-1.25,-35.04,0.00,454.07843511142084,OFF,RETRACTED,MANUAL
23:36:19.056,-1.74,-34.46,0.00,454.7978920752496,OFF,RETRACTED,MANUAL
23:36:19.156,-2.23,-33.88,0.00,455.51222910244303,OFF,RETRACTED,MANUAL
23:36:19.257,-2.72,-33.28,0.00,456.2214283346126,OFF,RETRACTED,MANUAL
23:36:19.358,-3.20,-32.67,0.00,456.9254720418145,OFF,RETRACTED,MANUAL
23:36:19.458,-3.66,-32.04,0.00,457.6243426229927,OFF,RETRACTED,MANUAL
23:36:19.558,-4.13,-31.40,0.00,458.31802260641905,OFF,RETRACTED,MANUAL
23:36:19.659,-4.58,-30.75,0.00,459.0064946501302,OFF,RETRACTED,MANUAL
23:36:19.761,-5.01,-30.09,0.00,459.6897415423608,OFF,RETRACTED,MANUAL
23:36:19.860,-5.44,-29.41,0.00,460.3677462019742,OFF,RETRACTED,MANUAL
23:36:19.961,-5.85,-28.73,0.00,461.0404916788892,OFF,RETRACTED,MANUAL
23:36:20.062,-6.25,-28.03,0.00,461.7079611545039,OFF,RETRACTED,MANUAL
23:36:20.162,-6.63,-27.32,0.00,462.37013794211623,OFF,RETRACTED,MANUAL
23:36:20.263,-7.00,-26.60,0.00,463.0270054873409,OFF,RETRACTED,MANUAL
23:36:20.363,-7.35,-25.87,0.00,463.6785473685235,OFF,RETRACTED,MANUAL
23:36:20.464,-7.68,-25.13,0.00,464.324747297151,OFF,RETRACTED,MANUAL
23:36:20.564,-7.99,-24.37,0.00,464.9655891182588,OFF,RETRACTED,MANUAL
23:36:20.665,-8.28,-23.61,0.00,465.60105681083473,OFF,RETRACTED,MANUAL
23:36:20.765,-8.55,-22.84,0.00,466.2311344882197,OFF,RETRACTED,MANUAL
23:36:20.866,-8.80,-22.06,0.00,466.8558063985044,OFF,RETRACTED,MANUAL
23:36:20.967,-9.02,-21.27,0.00,467.4750569249237,OFF,RETRACTED,MANUAL
23:36:21.068,-9.23,-20.48,0.00,468.0888705862468,OFF,RETRACTED,MANUAL
23:36:21.170,-9.41,-19.67,0.00,468.69723203716393,OFF,RETRACTED,MANUAL
23:36:21.269,-9.57,-18.86,0.00,469.30012606867064,OFF,RETRACTED,MANUAL
23:36:21.371,-9.70,-18.04,0.00,469.89753760844746,OFF,RETRACTED,MANUAL
23:36:21.472,-9.81,-17.21,0.00,470.48945172123706,OFF,RETRACTED,MANUAL
23:36:21.572,-9.89,-16.37,0.00,471.07585360921746,OFF,RETRACTED,MANUAL
23:36:21.673,-9.95,-15.53,0.00,471.65672861237204,OFF,RETRACTED,MANUAL
23:36:21.774,-9.99,-14.68,0.00,472.2320622088559,OFF,RETRACTED,MANUAL
23:36:21.874,-10.00,-13.83,0.00,472.80184001535906,OFF,RETRACTED,MANUAL
23:36:21.976,-9.99,-12.97,0.00,473.36604778746613,OFF,RETRACTED,MANUAL
23:36:22.075,-9.95,-12.11,0.00,473.92467142001215,OFF,RETRACTED,MANUAL
23:36:22.176,-9.88,-11.24,0.00,474.47769694743545,OFF,RETRACTED,MANUAL
23:36:22.278,-9.79,-10.36,0.00,475.0251105441265,OFF,RETRACTED,MANUAL
23:36:22.377,-9.68,-9.49,0.00,475.56689852477405,OFF,RETRACTED,MANUAL
23:36:22.478,-9.54,-8.60,0.00,476.10304734470674,OFF,RETRACTED,MANUAL
23:36:22.580,-9.38,-7.72,0.00,476.63354360023203,OFF,RETRACTED,MANUAL
23:36:22.679,-9.19,-6.83,0.00,477.15837402897114,OFF,RETRACTED,MANUAL
23:36:22.782,-8.99,-5.94,0.00,477.67752551019066,OFF,RETRACTED,MANUAL
23:36:22.881,-8.75,-5.05,0.00,478.1909850651306,OFF,RETRACTED,MANUAL
23:36:22.982,-8.50,-4.15,0.00,478.69873985732886,OFF,RETRACTED,MANUAL
23:36:23.082,-8.23,-3.25,0.00,479.20077719294204,OFF,RETRACTED,MANUAL
23:36:23.183,-7.93,-2.36,0.00,479.69708452106295,OFF,RETRACTED,MANUAL
23:36:23.285,-7.62,-1.46,0.00,480.18764943403426,OFF,RETRACTED,MANUAL
23:36:23.386,-7.29,-0.56,0.00,480.6724596677586,OFF,RETRACTED,MANUAL
23:36:23.486,-6.94,0.34,0.00,481.1515031020054,OFF,RETRACTED,MANUAL
23:36:23.586,-6.57,1.24,0.00,481.6247677607138,OFF,RETRACTED,MANUAL
23:36:23.687,-6.18,2.14,0.00,482.092241812292,OFF,RETRACTED,MANUAL
23:36:23.788,-5.78,3.04,0.00,482.553913569913,OFF,RETRACTED,MANUAL
23:36:23.888,-5.37,3.94,0.00,483.00977149180693,OFF,RETRACTED,MANUAL
23:36:23.989,-4.94,4.83,0.00,483.45980418154943,OFF,RETRACTED,MANUAL
23:36:24.091,-4.50,5.73,0.00,483.9040003883468,OFF,RETRACTED,MANUAL
23:36:24.190,-4.04,6.62,0.00,484.34234900731695,OFF,RETRACTED,MANUAL
23:36:24.291,-3.58,7.51,0.00,484.7748390797673,OFF,RETRACTED,MANUAL
23:36:24.392,-3.11,8.39,0.00,485.2014597934684,OFF,RETRACTED,MANUAL
23:36:24.492,-2.63,9.28,0.00,485.6222004829247,OFF,RETRACTED,MANUAL
23:36:24.593,-2.15,10.15,0.00,486.037050629641,OFF,RETRACTED,MANUAL
23:36:24.696,-1.66,11.03,0.00,486.44599986238507,OFF,RETRACTED,MANUAL
23:36:24.795,-1.16,11.90,0.00,486.84903795744754,OFF,RETRACTED,MANUAL
23:36:24.897,-0.66,12.76,0.00,487.2461548388969,OFF,RETRACTED,MANUAL
23:36:24.997,-0.16,13.63,0.00,487.63734057883187,OFF,RETRACTED,MANUAL
23:36:25.098,0.34,14.48,0.00,488.0225853976293,OFF,RETRACTED,MANUAL
23:36:25.198,0.84,15.33,0.00,488.40187966418875,OFF,RETRACTED,MANUAL
23:36:25.299,1.33,16.17,0.00,488.7752138961734,OFF,RETRACTED,MANUAL
23:36:25.402,1.83,17.01,0.00,489.1425787602468,OFF,RETRACTED,MANUAL
23:36:25.502,2.32,17.84,0.00,489.5039650723066,OFF,RETRACTED,MANUAL
23:36:25.602,2.80,18.66,0.00,489.8593637977137,OFF,RETRACTED,MANUAL
23:36:25.702,3.27,19.48,0.00,490.2087660515185,OFF,RETRACTED,MANUAL
23:36:25.803,3.74,20.28,0.00,490.5521630986829,OFF,RETRACTED,MANUAL
23:36:25.904,4.20,21.08,0.00,490.88954635429855,OFF,RETRACTED,MANUAL
23:36:26.043,4.65,21.87,0.00,491.2209073838017,OFF,RETRACTED,MANUAL
23:36:26.143,5.09,22.66,0.00,491.54623790318385,OFF,RETRACTED,MANUAL
23:36:26.250,5.51,23.43,0.00,491.86552977919894,OFF,RETRACTED,MANUAL
23:36:26.351,5.92,24.19,0.00,492.1787750295666,OFF,RETRACTED,MANUAL
23:36:26.451,6.32,24.95,0.00,492.48596582317214,OFF,RETRACTED,MANUAL
23:36:26.555,6.70,25.69,0.00,492.78709448026143,OFF,RETRACTED,MANUAL
23:36:26.655,7.06,26.42,0.00,493.082153472634,OFF,RETRACTED,MANUAL
23:36:26.756,7.40,27.15,0.00,493.37113542383014,OFF,RETRACTED,MANUAL
23:36:26.857,7.73,27.86,0.00,493.65403310931634,OFF,RETRACTED,MANUAL
23:36:26.957,8.04,28.56,0.00,493.93083945666507,OFF,RETRACTED,MANUAL
23:36:27.058,8.33,29.25,0.00,494.2015475457321,OFF,RETRACTED,MANUAL
23:36:27.159,8.59,29.93,0.00,494.46615060882937,OFF,RETRACTED,MANUAL
23:36:27.261,8.84,30.59,0.00,494.72464203089396,OFF,RETRACTED,MANUAL
23:36:27.360,9.06,31.25,0.00,494.9770153496538,OFF,RETRACTED,MANUAL
23:36:27.461,9.26,31.89,0.00,495.2232642557892,OFF,RETRACTED,MANUAL
23:36:27.563,9.44,32.52,0.00,495.4633825930902,OFF,RETRACTED,MANUAL
23:36:27.663,9.59,33.13,0.00,495.6973643586109,OFF,RETRACTED,MANUAL
23:36:27.764,9.72,33.74,0.00,495.92520370281943,OFF,RETRACTED,MANUAL
23:36:27.864,9.83,34.33,0.00,496.1468949297439,OFF,RETRACTED,MANUAL
23:36:27.965,9.91,34.90,0.00,496.3624324971153,OFF,RETRACTED,MANUAL
23:36:28.067,9.96,35.46,0.00,496.57181101650565,OFF,RETRACTED,MANUAL
23:36:28.167,9.99,36.01,0.00,496.77502525346284,OFF,RETRACTED,MANUAL
23:36:28.269,10.00,36.54,0.00,496.9720701276416,OFF,RETRACTED,MANUAL
23:36:28.369,9.98,37.06,0.00,497.1629407129302,OFF,RETRACTED,MANUAL
23:36:28.469,9.94,37.56,0.00,497.3476322375741,OFF,RETRACTED,MANUAL
23:36:28.571,9.87,38.05,0.00,497.5261400842947,OFF,RETRACTED,MANUAL
23:36:28.674,9.77,38.52,0.00,497.6984597904052,OFF,RETRACTED,MANUAL
23:36:28.773,9.66,38.98,0.00,497.8645870479219,OFF,RETRACTED,MANUAL
23:36:28.874,9.51,39.42,0.00,498.0245177036719,OFF,RETRACTED,MANUAL
23:36:28.975,9.35,39.85,0.00,498.1782477593973,OFF,RETRACTED,MANUAL
23:36:29.076,9.16,40.26,0.00,498.3257733718547,OFF,RETRACTED,MANUAL
23:36:29.176,8.95,40.65,0.00,498.4670908529114,OFF,RETRACTED,MANUAL
23:36:29.277,8.71,41.03,0.00,498.6021966696378,OFF,RETRACTED,MANUAL
23:36:29.378,8.46,41.39,0.00,498.7310874443954,OFF,RETRACTED,MANUAL
23:36:29.478,8.18,41.74,0.00,498.85375995492166,OFF,RETRACTED,MANUAL
23:36:29.579,7.88,42.06,0.00,498.9702111344102,OFF,RETRACTED,MANUAL
23:36:29.681,7.57,42.38,0.00,499.08043807158754,OFF,RETRACTED,MANUAL
23:36:29.782,7.23,42.67,0.00,499.184438010786,OFF,RETRACTED,MANUAL
23:36:29.882,6.87,42.95,0.00,499.28220835201256,OFF,RETRACTED,MANUAL
23:36:29.983,6.50,43.21,0.00,499.3737466510138,OFF,RETRACTED,MANUAL
23:36:30.084,6.12,43.45,0.00,499.45905061933684,OFF,RETRACTED,MANUAL
23:36:30.185,5.71,43.68,0.00,499.53811812438715,OFF,RETRACTED,MANUAL
23:36:30.286,5.29,43.88,0.00,499.61094718948107,OFF,RETRACTED,MANUAL
23:36:30.386,4.86,44.07,0.00,499.67753599389584,OFF,RETRACTED,MANUAL
23:36:30.487,4.42,44.25,0.00,499.7378828729148,OFF,RETRACTED,MANUAL
23:36:30.588,3.97,44.40,0.00,499.7919863178691,OFF,RETRACTED,MANUAL
23:36:30.690,3.50,44.54,0.00,499.8398449761754,OFF,RETRACTED,MANUAL
23:36:30.795,3.03,44.66,0.00,499.88145765136983,OFF,RETRACTED,MANUAL
23:36:30.896,2.55,44.76,0.00,499.9168233031376,OFF,RETRACTED,MANUAL
23:36:30.998,2.06,44.84,0.00,499.94594104733926,OFF,RETRACTED,MANUAL
23:36:31.097,1.57,44.91,0.00,499.96881015603276,OFF,RETRACTED,MANUAL
23:36:31.198,1.08,44.96,0.00,499.9854300574916,OFF,RETRACTED,MANUAL
23:36:31.298,0.58,44.99,0.00,499.995800336219,OFF,RETRACTED,MANUAL
23:36:31.399,0.08,45.00,0.00,499.9999207329587,OFF,RETRACTED,MANUAL
23:36:31.499,-0.42,44.99,0.00,499.9977911447008,OFF,RETRACTED,MANUAL
23:36:31.601,-0.92,44.97,0.00,499.989411624685,OFF,RETRACTED,MANUAL
23:36:31.700,-1.42,44.93,0.00,499.97478238239887,OFF,RETRACTED,MANUAL
23:36:31.801,-1.91,44.87,0.00,499.9539037835727,OFF,RETRACTED,MANUAL
23:36:31.903,-2.40,44.79,0.00,499.9267763501703,OFF,RETRACTED,MANUAL
23:36:32.003,-2.88,44.69,0.00,499.8934007603762,OFF,RETRACTED,MANUAL
23:36:32.103,-3.35,44.58,0.00,499.8537778485784,OFF,RETRACTED,MANUAL
23:36:32.204,-3.82,44.45,0.00,499.8079086053475,OFF,RETRACTED,MANUAL
23:36:32.304,-4.28,44.30,0.00,499.7557941774123,OFF,RETRACTED,MANUAL
23:36:32.406,-4.72,44.13,0.00,499.6974358676309,OFF,RETRACTED,MANUAL
23:36:32.506,-5.16,43.95,0.00,499.63283513495776,OFF,RETRACTED,MANUAL
23:36:32.607,-5.58,43.74,0.00,499.56199359440797,OFF,RETRACTED,MANUAL
23:36:32.708,-5.99,43.52,0.00,499.4849130170163,OFF,RETRACTED,MANUAL
23:36:32.808,-6.38,43.29,0.00,499.4015953297933,OFF,RETRACTED,MANUAL
23:36:32.909,-6.76,43.03,0.00,499.31204261567655,OFF,RETRACTED,MANUAL
23:36:33.011,-7.12,42.76,0.00,499.2162571134795,OFF,RETRACTED,MANUAL
23:36:33.112,-7.46,42.47,0.00,499.11424121783466,OFF,RETRACTED,MANUAL
23:36:33.217,-7.78,42.17,0.00,499.00599747913395,OFF,RETRACTED,MANUAL
23:36:33.321,-8.09,41.84,0.00,498.89152860346536,OFF,RETRACTED,MANUAL
23:36:33.420,-8.37,41.50,0.00,498.7708374525448,OFF,RETRACTED,MANUAL
23:36:33.521,-8.63,41.15,0.00,498.6439270436447,OFF,RETRACTED,MANUAL
23:36:33.622,-8.88,40.77,0.00,498.5108005495187,OFF,RETRACTED,MANUAL
23:36:33.722,-9.09,40.39,0.00,498.37146129832223,OFF,RETRACTED,MANUAL
23:36:33.823,-9.29,39.98,0.00,498.22591277352933,OFF,RETRACTED,MANUAL
23:36:33.924,-9.46,39.56,0.00,498.0741586138455,OFF,RETRACTED,MANUAL
23:36:34.027,-9.61,39.12,0.00,497.9162026131168,OFF,RETRACTED,MANUAL
23:36:34.127,-9.74,38.67,0.00,497.7520487202351,OFF,RETRACTED,MANUAL
23:36:34.227,-9.84,38.20,0.00,497.58170103903916,OFF,RETRACTED,MANUAL
23:36:34.328,-9.92,37.72,0.00,497.40516382821204,OFF,RETRACTED,MANUAL
23:36:34.429,-9.97,37.22,0.00,497.22244150117496,OFF,RETRACTED,MANUAL
23:36:34.529,-10.00,36.71,0.00,497.03353862597646,OFF,RETRACTED,MANUAL
23:36:34.632,-10.00,36.18,0.00,496.83845992517865,OFF,RETRACTED,MANUAL
23:36:34.734,-9.97,35.64,0.00,496.6372102757389,OFF,RETRACTED,MANUAL
23:36:34.835,-9.93,35.08,0.00,496.4297947088879,OFF,RETRACTED,MANUAL
23:36:34.936,-9.85,34.51,0.00,496.21621841000405,OFF,RETRACTED,MANUAL
23:36:35.037,-9.76,33.93,0.00,495.9964867184837,OFF,RETRACTED,MANUAL
23:36:35.137,-9.63,33.33,0.00,495.7706051276077,OFF,RETRACTED,MANUAL
23:36:35.238,-9.49,32.72,0.00,495.538579284404,OFF,RETRACTED,MANUAL
23:36:35.340,-9.32,32.09,0.00,495.30041498950675,OFF,RETRACTED,MANUAL
23:36:35.439,-9.13,31.45,0.00,495.0561181970108,OFF,RETRACTED,MANUAL
23:36:35.540,-8.91,30.80,0.00,494.8056950143232,OFF,RETRACTED,MANUAL
23:36:35.645,-8.67,30.14,0.00,494.5491517020106,OFF,RETRACTED,MANUAL
23:36:35.744,-8.41,29.47,0.00,494.28649467364227,OFF,RETRACTED,MANUAL
23:36:35.844,-8.13,28.78,0.00,494.0177304956304,OFF,RETRACTED,MANUAL
23:36:35.946,-7.83,28.08,0.00,493.74286588706536,OFF,RETRACTED,MANUAL
23:36:36.047,-7.51,27.38,0.00,493.4619077195481,OFF,RETRACTED,MANUAL
23:36:36.147,-7.17,26.66,0.00,493.1748630170182,OFF,RETRACTED,MANUAL
23:36:36.248,-6.81,25.93,0.00,492.8817389555781,OFF,RETRACTED,MANUAL
23:36:36.349,-6.44,25.18,0.00,492.5825428633143,OFF,RETRACTED,MANUAL
23:36:36.449,-6.05,24.43,0.00,492.2772822201133,OFF,RETRACTED,MANUAL
23:36:36.551,-5.64,23.67,0.00,491.96596465747547,OFF,RETRACTED,MANUAL
23:36:36.651,-5.22,22.90,0.00,491.64859795832365,OFF,RETRACTED,MANUAL
23:36:36.752,-4.79,22.12,0.00,491.3251900568086,OFF,RETRACTED,MANUAL
23:36:36.855,-4.35,21.34,0.00,490.99574903811117,OFF,RETRACTED,MANUAL
23:36:36.955,-3.89,20.54,0.00,490.66028313823966,OFF,RETRACTED,MANUAL
23:36:37.055,-3.42,19.73,0.00,490.3188007438241,OFF,RETRACTED,MANUAL
23:36:37.156,-2.95,18.92,0.00,489.9713103919065,OFF,RETRACTED,MANUAL
23:36:37.258,-2.47,18.10,0.00,489.6178207697276,OFF,RETRACTED,MANUAL
23:36:37.358,-1.98,17.27,0.00,489.2583407145096,OFF,RETRACTED,MANUAL
23:36:37.458,-1.49,16.44,0.00,488.892879213235,OFF,RETRACTED,MANUAL
23:36:37.559,-0.99,15.60,0.00,488.52144540242244,OFF,RETRACTED,MANUAL
23:36:37.660,-0.50,14.75,0.00,488.1440485678978,OFF,RETRACTED,MANUAL
23:36:37.761,0.00,13.90,0.00,487.7606981445623,OFF,RETRACTED,MANUAL
23:36:37.862,0.50,13.04,0.00,487.3714037161566,OFF,RETRACTED,MANUAL
23:36:37.970,1.00,12.18,0.00,486.976175015021,OFF,RETRACTED,MANUAL
23:36:38.070,1.50,11.31,0.00,486.5750219218525,OFF,RETRACTED,MANUAL
23:36:38.171,1.99,10.43,0.00,486.1679544654576,OFF,RETRACTED,MANUAL
23:36:38.272,2.48,9.56,0.00,485.75498282250146,OFF,RETRACTED,MANUAL
23:36:38.372,2.96,8.67,0.00,485.3361173172537,OFF,RETRACTED,MANUAL
23:36:38.473,3.43,7.79,0.00,484.91136842133005,OFF,RETRACTED,MANUAL
23:36:38.573,3.90,6.90,0.00,484.4807467534308,OFF,RETRACTED,MANUAL
23:36:38.674,4.35,6.01,0.00,484.0442630790753,OFF,RETRACTED,MANUAL
23:36:38.775,4.80,5.12,0.00,483.6019283103326,OFF,RETRACTED,MANUAL
23:36:38.875,5.23,4.22,0.00,483.1537535055488,OFF,RETRACTED,MANUAL
23:36:38.976,5.65,3.33,0.00,482.6997498690709,OFF,RETRACTED,MANUAL
23:36:39.076,6.06,2.43,0.00,482.239928750966,OFF,RETRACTED,MANUAL
23:36:39.177,6.45,1.53,0.00,481.77430164673814,OFF,RETRACTED,MANUAL
23:36:39.278,6.82,0.63,0.00,481.30288019704074,OFF,RETRACTED,MANUAL
23:36:39.378,7.18,-0.27,0.00,480.8256761873853,OFF,RETRACTED,MANUAL
23:36:39.480,7.52,-1.17,0.00,480.3427015478474,OFF,RETRACTED,MANUAL
23:36:39.580,7.84,-2.07,0.00,479.8539683527678,OFF,RETRACTED,MANUAL
23:36:39.683,8.14,-2.97,0.00,479.359488820451,OFF,RETRACTED,MANUAL
23:36:39.784,8.42,-3.87,0.00,478.85927531285944,OFF,RETRACTED,MANUAL
23:36:39.883,8.68,-4.76,0.00,478.3533403353048,OFF,RETRACTED,MANUAL
23:36:39.985,8.91,-5.66,0.00,477.84169653613515,OFF,RETRACTED,MANUAL
23:36:40.085,9.13,-6.55,0.00,477.3243567064188,OFF,RETRACTED,MANUAL
23:36:40.186,9.32,-7.44,0.00,476.8013337796247,OFF,RETRACTED,MANUAL
23:36:40.286,9.49,-8.32,0.00,476.27264083129865,OFF,RETRACTED,MANUAL
23:36:40.389,9.64,-9.21,0.00,475.7382910787368,OFF,RETRACTED,MANUAL
23:36:40.496,9.76,-10.08,0.00,475.1982978806552,OFF,RETRACTED,MANUAL
23:36:40.596,9.86,-10.96,0.00,474.6526747368556,OFF,RETRACTED,MANUAL
23:36:40.702,9.93,-11.83,0.00,474.1014352878883,OFF,RETRACTED,MANUAL
23:36:40.803,9.98,-12.70,0.00,473.54459331471065,OFF,RETRACTED,MANUAL
23:36:40.911,10.00,-13.56,0.00,472.98216273834316,OFF,RETRACTED,MANUAL
23:36:41.010,10.00,-14.41,0.00,472.41415761952084,OFF,RETRACTED,MANUAL
23:36:41.112,9.97,-15.26,0.00,471.840592158342,OFF,RETRACTED,MANUAL
23:36:41.213,9.92,-16.11,0.00,471.26148069391354,OFF,RETRACTED,MANUAL
23:36:41.315,9.84,-16.94,0.00,470.6768377039916,OFF,RETRACTED,MANUAL
23:36:41.414,9.74,-17.77,0.00,470.08667780462076,OFF,RETRACTED,MANUAL
23:36:41.516,9.61,-18.60,0.00,469.4910157497676,OFF,RETRACTED,MANUAL
23:36:41.616,9.46,-19.41,0.00,468.8898664309525,OFF,RETRACTED,MANUAL
23:36:41.719,9.29,-20.22,0.00,468.2832448768772,OFF,RETRACTED,MANUAL
23:36:41.821,9.09,-21.02,0.00,467.67116625304874,OFF,RETRACTED,MANUAL
23:36:41.919,8.87,-21.81,0.00,467.0536458614011,OFF,RETRACTED,MANUAL
23:36:42.020,8.63,-22.59,0.00,466.4306991399118,OFF,RETRACTED,MANUAL
23:36:42.122,8.37,-23.37,0.00,465.80234166221635,OFF,RETRACTED,MANUAL
23:36:42.223,8.08,-24.13,0.00,465.1685891372191,OFF,RETRACTED,MANUAL
23:36:42.323,7.78,-24.89,0.00,464.52945740870007,OFF,RETRACTED,MANUAL
23:36:42.424,7.45,-25.63,0.00,463.8849624549192,OFF,RETRACTED,MANUAL
23:36:42.525,7.11,-26.37,0.00,463.2351203882169,OFF,RETRACTED,MANUAL
23:36:42.625,6.75,-27.09,0.00,462.57994745461076,OFF,RETRACTED,MANUAL
23:36:42.726,6.37,-27.80,0.00,461.91946003339024,OFF,RETRACTED,MANUAL
23:36:42.827,5.98,-28.51,0.00,461.25367463670625,OFF,RETRACTED,MANUAL
23:36:42.927,5.57,-29.20,0.00,460.58260790915915,OFF,RETRACTED,MANUAL
23:36:43.028,5.15,-29.88,0.00,459.90627662738217,OFF,RETRACTED,MANUAL
23:36:43.131,4.72,-30.54,0.00,459.2246976996221,OFF,RETRACTED,MANUAL
23:36:43.229,4.27,-31.20,0.00,458.53788816531664,OFF,RETRACTED,MANUAL
23:36:43.330,3.81,-31.84,0.00,457.84586519466836,OFF,RETRACTED,MANUAL
23:36:43.435,3.35,-32.47,0.00,457.1486460882156,OFF,RETRACTED,MANUAL
23:36:43.534,2.87,-33.09,0.00,456.4462482763996,OFF,RETRACTED,MANUAL
23:36:43.635,2.39,-33.69,0.00,455.738689319129,OFF,RETRACTED,MANUAL
23:36:43.735,1.90,-34.28,0.00,455.02598690534103,OFF,RETRACTED,MANUAL
23:36:43.835,1.41,-34.86,0.00,454.30815885255885,OFF,RETRACTED,MANUAL
23:36:43.937,0.91,-35.42,0.00,453.5852231064464,OFF,RETRACTED,MANUAL
23:36:44.037,0.41,-35.97,0.00,452.8571977403597,OFF,RETRACTED,MANUAL
23:36:44.139,-0.09,-36.50,0.00,452.1241009548949,OFF,RETRACTED,MANUAL
23:36:44.239,-0.59,-37.02,0.00,451.38595107743356,OFF,RETRACTED,MANUAL
23:36:44.339,-1.09,-37.52,0.00,450.6427665616841,OFF,RETRACTED,MANUAL
23:36:44.440,-1.58,-38.01,0.00,449.89456598722074,OFF,RETRACTED,MANUAL
23:36:44.541,-2.07,-38.49,0.00,449.14136805901893,OFF,RETRACTED,MANUAL
23:36:44.642,-2.56,-38.94,0.00,448.3831916069875,OFF,RETRACTED,MANUAL
23:36:44.742,-3.04,-39.39,0.00,447.62005558549845,OFF,RETRACTED,MANUAL
23:36:44.843,-3.51,-39.82,0.00,446.8519790729123,OFF,RETRACTED,MANUAL
23:36:44.952,-3.98,-40.23,0.00,446.0789812711022,OFF,RETRACTED,MANUAL
23:36:45.052,-4.43,-40.62,0.00,445.3010815049727,OFF,RETRACTED,MANUAL
23:36:45.153,-4.87,-41.00,0.00,444.5182992219774,OFF,RETRACTED,MANUAL
23:36:45.254,-5.30,-41.36,0.00,443.7306539916328,OFF,RETRACTED,MANUAL
23:36:45.354,-5.72,-41.71,0.00,442.93816550502845,OFF,RETRACTED,MANUAL
23:36:45.455,-6.12,-42.04,0.00,442.14085357433544,OFF,RETRACTED,MANUAL
23:36:45.556,-6.51,-42.35,0.00,441.33873813231037,OFF,RETRACTED,MANUAL
23:36:45.657,-6.88,-42.65,0.00,440.53183923179745,OFF,RETRACTED,MANUAL
23:36:45.757,-7.23,-42.93,0.00,439.7201770452274,OFF,RETRACTED,MANUAL
23:36:45.858,-7.57,-43.19,0.00,438.9037718641124,OFF,RETRACTED,MANUAL
23:36:45.961,-7.89,-43.43,0.00,438.0826440985395,OFF,RETRACTED,MANUAL
23:36:46.061,-8.19,-43.66,0.00,437.2568142766602,OFF,RETRACTED,MANUAL
23:36:46.162,-8.46,-43.87,0.00,436.42630304417685,OFF,RETRACTED,MANUAL
23:36:46.263,-8.72,-44.06,0.00,435.5911311638271,OFF,RETRACTED,MANUAL
23:36:46.364,-8.95,-44.23,0.00,434.75131951486446,OFF,RETRACTED,MANUAL
23:36:46.465,-9.16,-44.39,0.00,433.9068890925364,OFF,RETRACTED,MANUAL
23:36:46.565,-9.35,-44.53,0.00,433.0578610075595,OFF,RETRACTED,MANUAL
23:36:46.666,-9.52,-44.65,0.00,432.20425648559166,OFF,RETRACTED,MANUAL
23:36:46.768,-9.66,-44.75,0.00,431.3460968667015,OFF,RETRACTED,MANUAL
23:36:46.868,-9.78,-44.84,0.00,430.48340360483473,OFF,RETRACTED,MANUAL
23:36:46.968,-9.87,-44.91,0.00,429.6161982672781,OFF,RETRACTED,MANUAL
23:36:47.069,-9.94,-44.95,0.00,428.74450253411976,OFF,RETRACTED,MANUAL
23:36:47.170,-9.98,-44.99,0.00,427.8683381977076,OFF,RETRACTED,MANUAL
23:36:47.271,-10.00,-45.00,0.00,426.98772716210453,OFF,RETRACTED,MANUAL
23:36:47.372,-9.99,-44.99,0.00,426.1026914425404,OFF,RETRACTED,MANUAL
23:36:47.473,-9.96,-44.97,0.00,425.21325316486235,OFF,RETRACTED,MANUAL
23:36:47.574,-9.90,-44.93,0.00,424.31943456498084,OFF,RETRACTED,MANUAL
23:36:47.676,-9.82,-44.87,0.00,423.42125798831427,OFF,RETRACTED,MANUAL
23:36:47.780,-9.72,-44.80,0.00,422.51874588923044,OFF,RETRACTED,MANUAL
23:36:47.883,-9.59,-44.70,0.00,421.61192083048456,OFF,RETRACTED,MANUAL
23:36:47.982,-9.43,-44.59,0.00,420.70080548265616,OFF,RETRACTED,MANUAL
23:36:48.083,-9.26,-44.46,0.00,419.7854226235814,OFF,RETRACTED,MANUAL
23:36:48.185,-9.06,-44.31,0.00,418.86579513778395,OFF,RETRACTED,MANUAL
23:36:48.286,-8.83,-44.15,0.00,417.9419460159031,OFF,RETRACTED,MANUAL
23:36:48.388,-8.59,-43.96,0.00,417.01389835411885,OFF,RETRACTED,MANUAL
23:36:48.487,-8.32,-43.76,0.00,416.08167535357444,OFF,RETRACTED,MANUAL
23:36:48.588,-8.03,-43.54,0.00,415.1453003197962,OFF,RETRACTED,MANUAL
23:36:48.690,-7.72,-43.31,0.00,414.20479666211133,OFF,RETRACTED,MANUAL
23:36:48.790,-7.40,-43.05,0.00,413.26018789306227,OFF,RETRACTED,MANUAL
23:36:48.890,-7.05,-42.78,0.00,412.3114976278189,OFF,RETRACTED,MANUAL
23:36:48.994,-6.69,-42.50,0.00,411.35874958358863,OFF,RETRACTED,MANUAL
23:36:49.094,-6.31,-42.19,0.00,410.40196757902277,OFF,RETRACTED,MANUAL
23:36:49.194,-5.91,-41.87,0.00,409.44117553362184,OFF,RETRACTED,MANUAL
23:36:49.294,-5.50,-41.53,0.00,408.47639746713674,OFF,RETRACTED,MANUAL
23:36:49.397,-5.08,-41.18,0.00,407.5076574989688,OFF,RETRACTED,MANUAL
23:36:49.496,-4.64,-40.80,0.00,406.53497984756706,OFF,RETRACTED,MANUAL
23:36:49.597,-4.19,-40.42,0.00,405.55838882982187,OFF,RETRACTED,MANUAL
23:36:49.697,-3.73,-40.01,0.00,404.577908860458,OFF,RETRACTED,MANUAL
23:36:49.798,-3.27,-39.59,0.00,403.5935644514236,OFF,RETRACTED,MANUAL
23:36:49.898,-2.79,-39.16,0.00,402.6053802112775,OFF,RETRACTED,MANUAL
23:36:49.999,-2.31,-38.71,0.00,401.61338084457435,OFF,RETRACTED,MANUAL
23:36:50.101,-1.82,-38.24,0.00,400.61759115124653,OFF,RETRACTED,MANUAL
23:36:50.200,-1.32,-37.76,0.00,399.6180360259847,OFF,RETRACTED,MANUAL
23:36:50.302,-0.83,-37.26,0.00,398.61474045761474,OFF,RETRACTED,MANUAL
23:36:50.402,-0.33,-36.75,0.00,397.60772952847367,OFF,RETRACTED,MANUAL
23:36:50.502,0.17,-36.22,0.00,396.59702841378237,OFF,RETRACTED,MANUAL
23:36:50.603,0.67,-35.68,0.00,395.5826623810159,OFF,RETRACTED,MANUAL
23:36:50.704,1.17,-35.13,0.00,394.56465678927236,OFF,RETRACTED,MANUAL
23:36:50.805,1.66,-34.56,0.00,393.5430370886385,OFF,RETRACTED,MANUAL
23:36:50.908,2.16,-33.97,0.00,392.5178288195536,OFF,RETRACTED,MANUAL
23:36:51.007,2.64,-33.38,0.00,391.489057612171,OFF,RETRACTED,MANUAL
23:36:51.109,3.12,-32.77,0.00,390.4567491857173,OFF,RETRACTED,MANUAL
23:36:51.209,3.59,-32.14,0.00,389.42092934784944,OFF,RETRACTED,MANUAL
23:36:51.310,4.05,-31.51,0.00,388.38162399400943,OFF,RETRACTED,MANUAL
23:36:51.419,4.50,-30.86,0.00,387.33885910677685,OFF,RETRACTED,MANUAL
23:36:51.520,4.94,-30.20,0.00,386.29266075521974,OFF,RETRACTED,MANUAL
23:36:51.620,5.37,-29.52,0.00,385.2430550942422,OFF,RETRACTED,MANUAL
23:36:51.723,5.79,-28.84,0.00,384.19006836393135,OFF,RETRACTED,MANUAL
23:36:51.823,6.19,-28.14,0.00,383.1337268889004,OFF,RETRACTED,MANUAL
23:36:51.925,6.57,-27.43,0.00,382.0740570776312,OFF,RETRACTED,MANUAL
23:36:52.030,6.94,-26.71,0.00,381.011085421814,OFF,RETRACTED,MANUAL
23:36:52.129,7.29,-25.98,0.00,379.9448384956847,OFF,RETRACTED,MANUAL
23:36:52.230,7.63,-25.24,0.00,378.875342955361,OFF,RETRACTED,MANUAL
23:36:52.331,7.94,-24.49,0.00,377.8026255381757,OFF,RETRACTED,MANUAL
23:36:52.432,8.23,-23.73,0.00,376.72671306200823,OFF,RETRACTED,MANUAL
23:36:52.532,8.51,-22.97,0.00,375.6476324246146,OFF,RETRACTED,MANUAL
23:36:52.633,8.76,-22.19,0.00,374.56541060295444,OFF,RETRACTED,MANUAL
23:36:52.733,8.99,-21.40,0.00,373.4800746525171,OFF,RETRACTED,MANUAL
23:36:52.835,9.20,-20.60,0.00,372.39165170664467,OFF,RETRACTED,MANUAL
23:36:52.936,9.38,-19.80,0.00,371.30016897585404,OFF,RETRACTED,MANUAL
23:36:53.038,9.54,-18.99,0.00,370.2056537471568,OFF,RETRACTED,MANUAL
23:36:53.141,9.68,-18.17,0.00,369.1081333833765,OFF,RETRACTED,MANUAL
23:36:53.240,9.79,-17.34,0.00,368.00763532246526,OFF,RETRACTED,MANUAL
23:36:53.341,9.88,-16.51,0.00,366.9041870768172,OFF,RETRACTED,MANUAL
23:36:53.442,9.95,-15.67,0.00,365.7978162325809,OFF,RETRACTED,MANUAL
23:36:53.543,9.99,-14.82,0.00,364.68855044897,OFF,RETRACTED,MANUAL
23:36:53.643,10.00,-13.97,0.00,363.5764174575711,OFF,RETRACTED,MANUAL
23:36:53.744,9.99,-13.11,0.00,362.46144506165126,OFF,RETRACTED,MANUAL
23:36:53.847,9.95,-12.24,0.00,361.3436611354623,OFF,RETRACTED,MANUAL
23:36:53.948,9.89,-11.38,0.00,360.223093623544,OFF,RETRACTED,MANUAL
23:36:54.050,9.81,-10.50,0.00,359.099770540026,OFF,RETRACTED,MANUAL
23:36:54.154,9.70,-9.63,0.00,357.9737199679266,OFF,RETRACTED,MANUAL
23:36:54.256,9.56,-8.74,0.00,356.84497005845185,OFF,RETRACTED,MANUAL
23:36:54.357,9.41,-7.86,0.00,355.7135490302904,OFF,RETRACTED,MANUAL
23:36:54.457,9.22,-6.97,0.00,354.579485168909,OFF,RETRACTED,MANUAL
23:36:54.558,9.02,-6.08,0.00,353.4428068258453,OFF,RETRACTED,MANUAL
23:36:54.660,8.79,-5.19,0.00,352.30354241799853,OFF,RETRACTED,MANUAL
23:36:54.759,8.54,-4.29,0.00,351.1617204269197,OFF,RETRACTED,MANUAL
23:36:54.860,8.27,-3.40,0.00,350.01736939809905,OFF,RETRACTED,MANUAL
23:36:54.963,7.98,-2.50,0.00,348.8705179402526,OFF,RETRACTED,MANUAL
23:36:55.064,7.67,-1.60,0.00,347.72119472460724,OFF,RETRACTED,MANUAL
23:36:55.164,7.34,-0.70,0.00,346.5694284841833,OFF,RETRACTED,MANUAL
23:36:55.265,6.99,0.20,0.00,345.41524801307696,OFF,RETRACTED,MANUAL
23:36:55.365,6.63,1.10,0.00,344.25868216573986,OFF,RETRACTED,MANUAL
23:36:55.466,6.24,2.00,0.00,343.09975985625783,OFF,RETRACTED,MANUAL
23:36:55.567,5.85,2.90,0.00,341.9385100576285,OFF,RETRACTED,MANUAL
23:36:55.669,5.43,3.79,0.00,340.77496180103594,OFF,RETRACTED,MANUAL
23:36:55.769,5.01,4.69,0.00,339.6091441751264,OFF,RETRACTED,MANUAL
23:36:55.871,4.57,5.58,0.00,338.4410863252797,OFF,RETRACTED,MANUAL
23:36:55.971,4.12,6.48,0.00,337.2708174528809,OFF,RETRACTED,MANUAL
23:36:56.071,3.66,7.37,0.00,336.0983668145914,OFF,RETRACTED,MANUAL
23:36:56.173,3.19,8.25,0.00,334.9237637216156,OFF,RETRACTED,MANUAL
23:36:56.273,2.71,9.14,0.00,333.74703753897,OFF,RETRACTED,MANUAL
23:36:56.374,2.22,10.01,0.00,332.56821768474776,OFF,RETRACTED,MANUAL
23:36:56.475,1.73,10.89,0.00,331.3873336293837,OFF,RETRACTED,MANUAL
23:36:56.576,1.24,11.76,0.00,330.20441489491793,OFF,RETRACTED,MANUAL
23:36:56.676,0.74,12.63,0.00,329.01949105425706,OFF,RETRACTED,MANUAL
23:36:56.777,0.24,13.49,0.00,327.83259173043547,OFF,RETRACTED,MANUAL
23:36:56.878,-0.26,14.34,0.00,326.6437465958744,OFF,RETRACTED,MANUAL
23:36:56.979,-0.76,15.19,0.00,325.4529853716402,OFF,RETRACTED,MANUAL
23:36:57.079,-1.25,16.04,0.00,324.26033782670163,OFF,RETRACTED,MANUAL
23:36:57.179,-1.75,16.88,0.00,323.06583377718505,OFF,RETRACTED,MANUAL
23:36:57.280,-2.24,17.71,0.00,321.8695030856296,OFF,RETRACTED,MANUAL
23:36:57.381,-2.72,18.53,0.00,320.67137566024024,OFF,RETRACTED,MANUAL
23:36:57.481,-3.20,19.35,0.00,319.4714814541401,OFF,RETRACTED,MANUAL
23:36:57.582,-3.67,20.16,0.00,318.269850464622,OFF,RETRACTED,MANUAL
23:36:57.683,-4.13,20.96,0.00,317.0665127323978,OFF,RETRACTED,MANUAL
23:36:57.784,-4.58,21.75,0.00,315.8614983408486,OFF,RETRACTED,MANUAL
23:36:57.886,-5.02,22.53,0.00,314.65483741527106,OFF,RETRACTED,MANUAL
23:36:57.986,-5.44,23.31,0.00,313.4465601221255,OFF,RETRACTED,MANUAL
23:36:58.086,-5.86,24.07,0.00,312.23669666828147,OFF,RETRACTED,MANUAL
23:36:58.187,-6.25,24.83,0.00,311.02527730026213,OFF,RETRACTED,MANUAL
23:36:58.288,-6.64,25.57,0.00,309.8123323034888,OFF,RETRACTED,MANUAL
23:36:58.389,-7.00,26.31,0.00,308.5978920015231,OFF,RETRACTED,MANUAL
23:36:58.492,-7.35,27.03,0.00,307.38198675530924,OFF,RETRACTED,MANUAL
23:36:58.594,-7.68,27.75,0.00,306.16464696241525,OFF,RETRACTED,MANUAL
23:36:58.695,-7.99,28.45,0.00,304.9459030562723,OFF,RETRACTED,MANUAL
23:36:58.795,-8.28,29.14,0.00,303.7257855054148,OFF,RETRACTED,MANUAL
23:36:58.896,-8.55,29.82,0.00,302.5043248127179,OFF,RETRACTED,MANUAL
23:36:58.999,-8.80,30.49,0.00,301.2815515146352,OFF,RETRACTED,MANUAL
23:36:59.098,-9.03,31.15,0.00,300.0574961804357,OFF,RETRACTED,MANUAL
23:36:59.199,-9.23,31.79,0.00,298.83218941143866,OFF,RETRACTED,MANUAL
23:36:59.301,-9.41,32.42,0.00,297.6056618402498,OFF,RETRACTED,MANUAL
23:36:59.401,-9.57,33.04,0.00,296.3779441299944,OFF,RETRACTED,MANUAL
23:36:59.501,-9.70,33.64,0.00,295.14906697355116,OFF,RETRACTED,MANUAL
23:36:59.603,-9.81,34.23,0.00,293.91906109278517,OFF,RETRACTED,MANUAL
23:36:59.703,-9.89,34.81,0.00,292.6879572377792,OFF,RETRACTED,MANUAL
23:36:59.803,-9.95,35.37,0.00,291.4557861860658,OFF,RETRACTED,MANUAL
23:36:59.904,-9.99,35.92,0.00,290.2225787418568,OFF,RETRACTED,MANUAL
23:37:00.006,-10.00,36.46,0.00,288.98836573527416,OFF,RETRACTED,MANUAL
23:37:00.106,-9.98,36.98,0.00,287.75317802157883,OFF,RETRACTED,MANUAL
23:37:00.207,-9.95,37.48,0.00,286.5170464803992,OFF,RETRACTED,MANUAL
23:37:00.307,-9.88,37.97,0.00,285.28000201495956,OFF,RETRACTED,MANUAL
23:37:00.408,-9.79,38.45,0.00,284.04207555130705,OFF,RETRACTED,MANUAL
23:37:00.509,-9.68,38.91,0.00,282.8032980375387,OFF,RETRACTED,MANUAL
23:37:00.609,-9.54,39.35,0.00,281.563700443028,OFF,RETRACTED,MANUAL
23:37:00.710,-9.38,39.78,0.00,280.32331375765006,OFF,RETRACTED,MANUAL
23:37:00.811,-9.19,40.19,0.00,279.0821689910076,OFF,RETRACTED,MANUAL
23:37:00.912,-8.98,40.59,0.00,277.8402971716551,OFF,RETRACTED,MANUAL
23:37:01.012,-8.75,40.97,0.00,276.5977293463232,OFF,RETRACTED,MANUAL
23:37:01.115,-8.50,41.34,0.00,275.3544965791431,OFF,RETRACTED,MANUAL
23:37:01.216,-8.23,41.68,0.00,274.1106299508689,OFF,RETRACTED,MANUAL
23:37:01.319,-7.93,42.01,0.00,272.8661605581018,OFF,RETRACTED,MANUAL
23:37:01.421,-7.62,42.33,0.00,271.62111951251165,OFF,RETRACTED,MANUAL
23:37:01.521,-7.28,42.62,0.00,270.37553794005976,OFF,RETRACTED,MANUAL
23:37:01.622,-6.93,42.90,0.00,269.1294469802207,OFF,RETRACTED,MANUAL
23:37:01.723,-6.56,43.17,0.00,267.8828777852033,OFF,RETRACTED,MANUAL
23:37:01.823,-6.18,43.41,0.00,266.6358615191728,OFF,RETRACTED,MANUAL
23:37:01.924,-5.78,43.64,0.00,265.3884293574707,OFF,RETRACTED,MANUAL
23:37:02.025,-5.36,43.85,0.00,264.14061248583613,OFF,RETRACTED,MANUAL
23:37:02.126,-4.93,44.05,0.00,262.892442099626,OFF,RETRACTED,MANUAL
23:37:02.226,-4.49,44.22,0.00,261.64394940303475,OFF,RETRACTED,MANUAL
23:37:02.327,-4.04,44.38,0.00,260.395165608315,OFF,RETRACTED,MANUAL
23:37:02.441,-3.58,44.52,0.00,259.1461219349964,OFF,RETRACTED,MANUAL
23:37:02.542,-3.11,44.64,0.00,257.8968496091057,OFF,RETRACTED,MANUAL
23:37:02.642,-2.63,44.75,0.00,256.6473798623862,OFF,RETRACTED,MANUAL
23:37:02.743,-2.14,44.83,0.00,255.39774393151623,OFF,RETRACTED,MANUAL
23:37:02.844,-1.65,44.90,0.00,254.1479730573292,OFF,RETRACTED,MANUAL
23:37:02.945,-1.16,44.95,0.00,252.8980984840318,OFF,RETRACTED,MANUAL
23:37:03.046,-0.66,44.98,0.00,251.64815145842311,OFF,RETRACTED,MANUAL
23:37:03.149,-0.16,45.00,0.00,250.39816322911395,OFF,RETRACTED,MANUAL
23:37:03.248,0.34,45.00,0.00,249.14816504574466,OFF,RETRACTED,MANUAL
23:37:03.349,0.84,44.97,0.00,247.89818815820496,OFF,RETRACTED,MANUAL
23:37:03.451,1.34,44.94,0.00,246.64826381585186,OFF,RETRACTED,MANUAL
23:37:03.551,1.83,44.88,0.00,245.39842326672866,OFF,RETRACTED,MANUAL
23:37:03.652,2.32,44.80,0.00,244.14869775678426,OFF,RETRACTED,MANUAL
23:37:03.753,2.80,44.71,0.00,242.89911852909106,OFF,RETRACTED,MANUAL
23:37:03.854,3.28,44.60,0.00,241.64971682306492,OFF,RETRACTED,MANUAL
23:37:03.955,3.75,44.47,0.00,240.40052387368328,OFF,RETRACTED,MANUAL
23:37:04.057,4.21,44.32,0.00,239.15157091070472,OFF,RETRACTED,MANUAL
23:37:04.157,4.65,44.16,0.00,237.90288915788847,OFF,RETRACTED,MANUAL
23:37:04.258,5.09,43.98,0.00,236.65450983221314,OFF,RETRACTED,MANUAL
23:37:04.361,5.51,43.78,0.00,235.406464143097,OFF,RETRACTED,MANUAL
23:37:04.461,5.92,43.56,0.00,234.15878329161723,OFF,RETRACTED,MANUAL
23:37:04.562,6.32,43.33,0.00,232.9114984697302,OFF,RETRACTED,MANUAL
23:37:04.662,6.70,43.07,0.00,231.66464085949127,OFF,RETRACTED,MANUAL
23:37:04.763,7.06,42.80,0.00,230.41824163227605,OFF,RETRACTED,MANUAL
23:37:04.865,7.41,42.52,0.00,229.172331948,OFF,RETRACTED,MANUAL
23:37:04.968,7.73,42.22,0.00,227.92694295434046,OFF,RETRACTED,MANUAL
23:37:05.070,8.04,41.90,0.00,226.68210578595756,OFF,RETRACTED,MANUAL
23:37:05.171,8.33,41.56,0.00,225.4378515637154,OFF,RETRACTED,MANUAL
23:37:05.271,8.59,41.21,0.00,224.19421139390502,OFF,RETRACTED,MANUAL
23:37:05.372,8.84,40.84,0.00,222.95121636746563,OFF,RETRACTED,MANUAL
23:37:05.473,9.06,40.45,0.00,221.70889755920822,OFF,RETRACTED,MANUAL
23:37:05.575,9.26,40.05,0.00,220.46728602703848,OFF,RETRACTED,MANUAL
23:37:05.674,9.44,39.63,0.00,219.22641281117978,OFF,RETRACTED,MANUAL
23:37:05.779,9.59,39.19,0.00,217.98630893339816,OFF,RETRACTED,MANUAL
23:37:05.878,9.72,38.74,0.00,216.74700539622566,OFF,RETRACTED,MANUAL
23:37:05.979,9.83,38.28,0.00,215.50853318218637,OFF,RETRACTED,MANUAL
23:37:06.080,9.91,37.80,0.00,214.27092325302118,OFF,RETRACTED,MANUAL
23:37:06.180,9.96,37.30,0.00,213.0342065489137,OFF,RETRACTED,MANUAL
23:37:06.282,9.99,36.79,0.00,211.79841398771725,OFF,RETRACTED,MANUAL
23:37:06.382,10.00,36.26,0.00,210.56357646418138,OFF,RETRACTED,MANUAL
23:37:06.483,9.98,35.72,0.00,209.3297248491799,OFF,RETRACTED,MANUAL
23:37:06.583,9.94,35.17,0.00,208.09688998893907,OFF,RETRACTED,MANUAL
23:37:06.684,9.87,34.60,0.00,206.86510270426595,OFF,RETRACTED,MANUAL
23:37:06.785,9.77,34.02,0.00,205.63439378977873,OFF,RETRACTED,MANUAL
23:37:06.885,9.66,33.42,0.00,204.40479401313596,OFF,RETRACTED,MANUAL
23:37:06.986,9.51,32.81,0.00,203.1763341142681,OFF,RETRACTED,MANUAL
23:37:07.086,9.35,32.19,0.00,201.94904480460877,OFF,RETRACTED,MANUAL
23:37:07.187,9.16,31.56,0.00,200.72295676632655,OFF,RETRACTED,MANUAL
23:37:07.288,8.95,30.91,0.00,199.4981006515588,OFF,RETRACTED,MANUAL
23:37:07.390,8.71,30.25,0.00,198.2745070816443,OFF,RETRACTED,MANUAL
23:37:07.490,8.46,29.58,0.00,197.05220664635874,OFF,RETRACTED,MANUAL
23:37:07.591,8.18,28.89,0.00,195.83122990314945,OFF,RETRACTED,MANUAL
23:37:07.692,7.88,28.20,0.00,194.61160737637118,OFF,RETRACTED,MANUAL
23:37:07.792,7.56,27.49,0.00,193.3933695565238,OFF,RETRACTED,MANUAL
23:37:07.892,7.23,26.77,0.00,192.17654689948915,OFF,RETRACTED,MANUAL
23:37:07.993,6.87,26.04,0.00,190.96116982577036,OFF,RETRACTED,MANUAL
23:37:08.094,6.50,25.30,0.00,189.7472687197311,OFF,RETRACTED,MANUAL
23:37:08.194,6.11,24.55,0.00,188.53487392883557,OFF,RETRACTED,MANUAL
23:37:08.296,5.71,23.80,0.00,187.32401576289064,OFF,RETRACTED,MANUAL
23:37:08.396,5.29,23.03,0.00,186.11472449328716,OFF,RETRACTED,MANUAL
23:37:08.497,4.86,22.25,0.00,184.90703035224396,OFF,RETRACTED,MANUAL
23:37:08.597,4.42,21.46,0.00,183.70096353205184,OFF,RETRACTED,MANUAL
23:37:08.698,3.96,20.67,0.00,182.4965541843182,OFF,RETRACTED,MANUAL
23:37:08.799,3.50,19.86,0.00,181.2938324192143,OFF,RETRACTED,MANUAL
23:37:08.900,3.03,19.05,0.00,180.09282830472137,OFF,RETRACTED,MANUAL
23:37:09.000,2.55,18.23,0.00,178.89357186587978,OFF,RETRACTED,MANUAL
23:37:09.101,2.06,17.41,0.00,177.69609308403824,OFF,RETRACTED,MANUAL
23:37:09.202,1.57,16.57,0.00,176.50042189610366,OFF,RETRACTED,MANUAL
23:37:09.302,1.07,15.73,0.00,175.30658819379363,OFF,RETRACTED,MANUAL
23:37:09.405,0.57,14.89,0.00,174.11462182288844,OFF,RETRACTED,MANUAL
23:37:09.560,0.08,14.03,0.00,172.9245525824853,OFF,RETRACTED,MANUAL
23:37:09.605,-0.42,13.18,0.00,171.73641022425335,OFF,RETRACTED,MANUAL
23:37:09.706,-0.92,12.31,0.00,170.55022445168945,OFF,RETRACTED,MANUAL
23:37:09.807,-1.42,11.45,0.00,169.36602491937637,OFF,RETRACTED,MANUAL
23:37:09.908,-1.91,10.57,0.00,168.18384123224052,OFF,RETRACTED,MANUAL
23:37:10.009,-2.40,9.70,0.00,167.0037029448126,OFF,RETRACTED,MANUAL
23:37:10.110,-2.88,8.82,0.00,165.82563956048844,OFF,RETRACTED,MANUAL
23:37:10.211,-3.36,7.93,0.00,164.6496805307911,OFF,RETRACTED,MANUAL
23:37:10.311,-3.82,7.04,0.00,163.4758552546353,OFF,RETRACTED,MANUAL
23:37:10.412,-4.28,6.15,0.00,162.3041930775915,OFF,RETRACTED,MANUAL
23:37:10.513,-4.73,5.26,0.00,161.1347232911533,OFF,RETRACTED,MANUAL
23:37:10.613,-5.16,4.37,0.00,159.96747513200455,OFF,RETRACTED,MANUAL
23:37:10.714,-5.58,3.47,0.00,158.8024777812882,OFF,RETRACTED,MANUAL
23:37:10.815,-5.99,2.57,0.00,157.63976036387754,OFF,RETRACTED,MANUAL
23:37:10.915,-6.38,1.67,0.00,156.47935194764727,OFF,RETRACTED,MANUAL
23:37:11.016,-6.76,0.77,0.00,155.3212815427474,OFF,RETRACTED,MANUAL
23:37:11.116,-7.12,-0.13,0.00,154.16557810087792,OFF,RETRACTED,MANUAL
23:37:11.217,-7.46,-1.03,0.00,153.01227051456445,OFF,RETRACTED,MANUAL
23:37:11.317,-7.79,-1.93,0.00,151.8613876164368,OFF,RETRACTED,MANUAL
23:37:11.418,-8.09,-2.83,0.00,150.71295817850722,OFF,RETRACTED,MANUAL
23:37:11.519,-8.37,-3.72,0.00,149.56701091145197,OFF,RETRACTED,MANUAL
23:37:11.621,-8.64,-4.62,0.00,148.42357446389315,OFF,RETRACTED,MANUAL
23:37:11.722,-8.88,-5.51,0.00,147.28267742168225,OFF,RETRACTED,MANUAL
23:37:11.823,-9.10,-6.41,0.00,146.14434830718602,OFF,RETRACTED,MANUAL
23:37:11.924,-9.29,-7.30,0.00,145.00861557857286,OFF,RETRACTED,MANUAL
23:37:12.025,-9.47,-8.18,0.00,143.87550762910195,OFF,RETRACTED,MANUAL
23:37:12.125,-9.62,-9.07,0.00,142.74505278641308,OFF,RETRACTED,MANUAL
23:37:12.226,-9.74,-9.94,0.00,141.61727931181827,OFF,RETRACTED,MANUAL
23:37:12.327,-9.84,-10.82,0.00,140.49221539959586,OFF,RETRACTED,MANUAL
23:37:12.428,-9.92,-11.69,0.00,139.3698891762848,OFF,RETRACTED,MANUAL
23:37:12.528,-9.97,-12.56,0.00,138.25032869998236,OFF,RETRACTED,MANUAL
23:37:12.629,-10.00,-13.42,0.00,137.13356195964224,OFF,RETRACTED,MANUAL
23:37:12.730,-10.00,-14.28,0.00,136.01961687437455,OFF,RETRACTED,MANUAL
23:37:12.830,-9.97,-15.13,0.00,134.90852129274865,OFF,RETRACTED,MANUAL
23:37:12.931,-9.93,-15.97,0.00,133.80030299209596,OFF,RETRACTED,MANUAL
23:37:13.031,-9.85,-16.81,0.00,132.69498967781647,OFF,RETRACTED,MANUAL
23:37:13.132,-9.76,-17.64,0.00,131.59260898268545,OFF,RETRACTED,MANUAL
23:37:13.233,-9.63,-18.47,0.00,130.49318846616274,OFF,RETRACTED,MANUAL
23:37:13.334,-9.49,-19.28,0.00,129.39675561370413,OFF,RETRACTED,MANUAL
23:37:13.435,-9.32,-20.09,0.00,128.3033378360737,OFF,RETRACTED,MANUAL
23:37:13.536,-9.12,-20.89,0.00,127.21296246865899,OFF,RETRACTED,MANUAL
23:37:13.637,-8.91,-21.69,0.00,126.1256567707875,OFF,RETRACTED,MANUAL
23:37:13.738,-8.67,-22.47,0.00,125.04144792504489,OFF,RETRACTED,MANUAL
23:37:13.839,-8.41,-23.25,0.00,123.96036303659596,OFF,RETRACTED,MANUAL
23:37:13.939,-8.13,-24.01,0.00,122.88242913250649,OFF,RETRACTED,MANUAL
23:37:14.041,-7.83,-24.77,0.00,121.80767316106801,OFF,RETRACTED,MANUAL
23:37:14.141,-7.51,-25.51,0.00,120.73612199112387,OFF,RETRACTED,MANUAL
23:37:14.241,-7.17,-26.25,0.00,119.66780241139745,OFF,RETRACTED,MANUAL
23:37:14.342,-6.81,-26.98,0.00,118.60274112982265,OFF,RETRACTED,MANUAL
23:37:14.442,-6.44,-27.69,0.00,117.5409647728759,OFF,RETRACTED,MANUAL
23:37:14.543,-6.04,-28.39,0.00,116.48249988491094,OFF,RETRACTED,MANUAL
23:37:14.644,-5.64,-29.09,0.00,115.42737292749493,OFF,RETRACTED,MANUAL
23:37:14.744,-5.22,-29.77,0.00,114.37561027874665,OFF,RETRACTED,MANUAL
23:37:14.846,-4.79,-30.44,0.00,113.32723823267773,OFF,RETRACTED,MANUAL
23:37:14.992,-4.34,-31.09,0.00,112.28228299853455,OFF,RETRACTED,MANUAL
23:37:15.046,-3.89,-31.74,0.00,111.2407707001436,OFF,RETRACTED,MANUAL
23:37:15.146,-3.42,-32.37,0.00,110.20272737525818,OFF,RETRACTED,MANUAL
23:37:15.247,-2.95,-32.99,0.00,109.16817897490722,OFF,RETRACTED,MANUAL
23:37:15.348,-2.47,-33.59,0.00,108.13715136274695,OFF,RETRACTED,MANUAL
23:37:15.449,-1.98,-34.19,0.00,107.10967031441388,OFF,RETRACTED,MANUAL
23:37:15.551,-1.49,-34.76,0.00,106.08576151688072,OFF,RETRACTED,MANUAL
23:37:15.651,-0.99,-35.33,0.00,105.06545056781422,OFF,RETRACTED,MANUAL
23:37:15.752,-0.49,-35.88,0.00,104.04876297493476,OFF,RETRACTED,MANUAL
23:37:15.853,0.01,-36.42,0.00,103.0357241553794,OFF,RETRACTED,MANUAL
23:37:15.954,0.51,-36.94,0.00,102.02635943506567,OFF,RETRACTED,MANUAL
23:37:16.054,1.01,-37.44,0.00,101.02069404805914,OFF,RETRACTED,MANUAL
23:37:16.156,1.50,-37.93,0.00,100.01875313594215,OFF,RETRACTED,MANUAL
23:37:16.256,2.00,-38.41,0.00,99.02056174718513,OFF,RETRACTED,MANUAL
23:37:16.356,2.48,-38.87,0.00,98.02614483652104,OFF,RETRACTED,MANUAL
23:37:16.457,2.96,-39.32,0.00,97.03552726432059,OFF,RETRACTED,MANUAL
23:37:16.558,3.44,-39.75,0.00,96.04873379597171,OFF,RETRACTED,MANUAL
23:37:16.659,3.90,-40.16,0.00,95.0657891012597,OFF,RETRACTED,MANUAL
23:37:16.768,4.36,-40.56,0.00,94.0867177537506,OFF,RETRACTED,MANUAL
23:37:16.871,4.80,-40.94,0.00,93.11154423017726,OFF,RETRACTED,MANUAL
23:37:16.976,5.23,-41.31,0.00,92.1402929098268,OFF,RETRACTED,MANUAL
23:37:17.076,5.65,-41.66,0.00,91.17298807393175,OFF,RETRACTED,MANUAL
23:37:17.176,6.06,-41.99,0.00,90.20965390506271,OFF,RETRACTED,MANUAL
23:37:17.280,6.45,-42.30,0.00,89.25031448652356,OFF,RETRACTED,MANUAL
23:37:17.380,6.82,-42.60,0.00,88.29499380174997,OFF,RETRACTED,MANUAL
23:37:17.480,7.18,-42.88,0.00,87.34371573370908,OFF,RETRACTED,MANUAL
23:37:17.581,7.52,-43.15,0.00,86.39650406430317,OFF,RETRACTED,MANUAL
23:37:17.683,7.84,-43.39,0.00,85.45338247377475,OFF,RETRACTED,MANUAL
23:37:17.783,8.14,-43.62,0.00,84.51437454011429,OFF,RETRACTED,MANUAL
23:37:17.884,8.42,-43.84,0.00,83.57950373847137,OFF,RETRACTED,MANUAL
23:37:17.987,8.68,-44.03,0.00,82.64879344056718,OFF,RETRACTED,MANUAL
23:37:18.086,8.92,-44.21,0.00,81.72226691411075,OFF,RETRACTED,MANUAL
23:37:18.187,9.13,-44.37,0.00,80.7999473222171,OFF,RETRACTED,MANUAL
23:37:18.287,9.32,-44.51,0.00,79.88185772282779,OFF,RETRACTED,MANUAL
23:37:18.388,9.49,-44.63,0.00,78.96802106813522,OFF,RETRACTED,MANUAL
23:37:18.488,9.64,-44.74,0.00,78.05846020400796,OFF,RETRACTED,MANUAL
23:37:18.589,9.76,-44.83,0.00,77.15319786942027,OFF,RETRACTED,MANUAL
23:37:18.690,9.86,-44.90,0.00,76.25225669588355,OFF,RETRACTED,MANUAL
23:37:18.790,9.93,-44.95,0.00,75.35565920687995,OFF,RETRACTED,MANUAL
23:37:18.892,9.98,-44.98,0.00,74.46342781730021,OFF,RETRACTED,MANUAL
23:37:18.992,10.00,-45.00,0.00,73.57558483288247,OFF,RETRACTED,MANUAL
23:37:19.093,10.00,-45.00,0.00,72.69215244965511,OFF,RETRACTED,MANUAL
23:37:19.194,9.97,-44.98,0.00,71.81315275338181,OFF,RETRACTED,MANUAL
23:37:19.294,9.92,-44.94,0.00,70.9386077190091,OFF,RETRACTED,MANUAL
23:37:19.396,9.84,-44.88,0.00,70.06853921011734,OFF,RETRACTED,MANUAL
23:37:19.496,9.74,-44.81,0.00,69.2029689783738,OFF,RETRACTED,MANUAL
23:37:19.603,9.61,-44.72,0.00,68.34191866298934,OFF,RETRACTED,MANUAL
23:37:19.703,9.46,-44.61,0.00,67.48540979017702,OFF,RETRACTED,MANUAL
23:37:19.804,9.29,-44.48,0.00,66.63346377261388,OFF,RETRACTED,MANUAL
23:37:19.905,9.09,-44.34,0.00,65.78610190890618,OFF,RETRACTED,MANUAL
23:37:20.006,8.87,-44.17,0.00,64.94334538305623,OFF,RETRACTED,MANUAL
23:37:20.106,8.63,-43.99,0.00,64.10521526393336,OFF,RETRACTED,MANUAL
23:37:20.207,8.36,-43.79,0.00,63.27173250474692,OFF,RETRACTED,MANUAL
23:37:20.307,8.08,-43.58,0.00,62.44291794252237,OFF,RETRACTED,MANUAL
23:37:20.408,7.78,-43.35,0.00,61.61879229758077,OFF,RETRACTED,MANUAL
23:37:20.508,7.45,-43.09,0.00,60.79937617302011,OFF,RETRACTED,MANUAL
23:37:20.609,7.11,-42.83,0.00,59.98469005420097,OFF,RETRACTED,MANUAL
23:37:20.710,6.75,-42.54,0.00,59.17475430823379,OFF,RETRACTED,MANUAL
23:37:20.813,6.37,-42.24,0.00,58.36958918347028,OFF,RETRACTED,MANUAL
23:37:20.912,5.98,-41.92,0.00,57.56921480899629,OFF,RETRACTED,MANUAL
23:37:21.013,5.57,-41.59,0.00,56.773651194129656,OFF,RETRACTED,MANUAL
23:37:21.117,5.15,-41.23,0.00,55.98291822791933,OFF,RETRACTED,MANUAL
23:37:21.216,4.71,-40.87,0.00,55.197035678648206,OFF,RETRACTED,MANUAL
23:37:21.317,4.27,-40.48,0.00,54.4160231933393,OFF,RETRACTED,MANUAL
23:37:21.418,3.81,-40.08,0.00,53.63990029726375,OFF,RETRACTED,MANUAL
23:37:21.519,3.34,-39.66,0.00,52.868686393453714,OFF,RETRACTED,MANUAL
23:37:21.621,2.87,-39.23,0.00,52.10240076221655,OFF,RETRACTED,MANUAL
23:37:21.721,2.38,-38.78,0.00,51.3410625606532,OFF,RETRACTED,MANUAL
23:37:21.821,1.90,-38.32,0.00,50.58469082217917,OFF,RETRACTED,MANUAL
23:37:21.922,1.40,-37.84,0.00,49.83330445604824,OFF,RETRACTED,MANUAL
23:37:22.025,0.91,-37.34,0.00,49.08692224688059,OFF,RETRACTED,MANUAL
23:37:22.125,0.41,-36.83,0.00,48.34556285419251,OFF,RETRACTED,MANUAL
23:37:22.225,-0.09,-36.31,0.00,47.60924481193024,OFF,RETRACTED,MANUAL
23:37:22.328,-0.59,-35.77,0.00,46.87798652800666,OFF,RETRACTED,MANUAL
23:37:22.428,-1.09,-35.21,0.00,46.15180628384047,OFF,RETRACTED,MANUAL
23:37:22.529,-1.59,-34.65,0.00,45.4307222339001,OFF,RETRACTED,MANUAL
23:37:22.630,-2.08,-34.07,0.00,44.71475240524924,OFF,RETRACTED,MANUAL
23:37:22.731,-2.56,-33.47,0.00,44.00391469709632,OFF,RETRACTED,MANUAL
23:37:22.831,-3.04,-32.86,0.00,43.29822688034716,OFF,RETRACTED,MANUAL
23:37:22.933,-3.52,-32.24,0.00,42.59770659716014,OFF,RETRACTED,MANUAL
23:37:23.034,-3.98,-31.61,0.00,41.90237136050601,OFF,RETRACTED,MANUAL
23:37:23.133,-4.43,-30.96,0.00,41.212238553729435,OFF,RETRACTED,MANUAL
23:37:23.234,-4.88,-30.30,0.00,40.52732543011467,OFF,RETRACTED,MANUAL
23:37:23.335,-5.31,-29.63,0.00,39.84764911245426,OFF,RETRACTED,MANUAL
23:37:23.435,-5.72,-28.95,0.00,39.173226592620495,OFF,RETRACTED,MANUAL
23:37:23.536,-6.13,-28.25,0.00,38.504074731141344,OFF,RETRACTED,MANUAL
23:37:23.637,-6.51,-27.55,0.00,37.840210256778505,OFF,RETRACTED,MANUAL
23:37:23.737,-6.88,-26.83,0.00,37.181649766109274,OFF,RETRACTED,MANUAL
23:37:23.837,-7.24,-26.10,0.00,36.528409723111736,OFF,RETRACTED,MANUAL
23:37:23.938,-7.57,-25.36,0.00,35.880506458752706,OFF,RETRACTED,MANUAL
23:37:24.038,-7.89,-24.61,0.00,35.23795617058016,OFF,RETRACTED,MANUAL
23:37:24.139,-8.19,-23.86,0.00,34.60077492231781,OFF,RETRACTED,MANUAL
23:37:24.241,-8.46,-23.09,0.00,33.968978643463714,OFF,RETRACTED,MANUAL
23:37:24.342,-8.72,-22.31,0.00,33.342583128892045,OFF,RETRACTED,MANUAL
23:37:24.442,-8.95,-21.53,0.00,32.72160403845777,OFF,RETRACTED,MANUAL
23:37:24.543,-9.17,-20.73,0.00,32.10605689660599,OFF,RETRACTED,MANUAL
23:37:24.644,-9.35,-19.93,0.00,31.4959570919832,OFF,RETRACTED,MANUAL
23:37:24.744,-9.52,-19.12,0.00,30.891319877052666,OFF,RETRACTED,MANUAL
23:37:24.845,-9.66,-18.30,0.00,30.292160367713393,OFF,RETRACTED,MANUAL
23:37:24.946,-9.78,-17.47,0.00,29.69849354292174,OFF,RETRACTED,MANUAL
23:37:25.046,-9.87,-16.64,0.00,29.11033424431747,OFF,RETRACTED,MANUAL
23:37:25.147,-9.94,-15.80,0.00,28.52769717585244,OFF,RETRACTED,MANUAL
23:37:25.249,-9.98,-14.95,0.00,27.95059690342299,OFF,RETRACTED,MANUAL
23:37:25.354,-10.00,-14.10,0.00,27.379047854506013,OFF,RETRACTED,MANUAL
23:37:25.453,-9.99,-13.25,0.00,26.81306431779774,OFF,RETRACTED,MANUAL
23:37:25.554,-9.96,-12.38,0.00,26.252660442857177,OFF,RETRACTED,MANUAL
23:37:25.654,-9.90,-11.51,0.00,25.697850239752086,OFF,RETRACTED,MANUAL
23:37:25.756,-9.82,-10.64,0.00,25.14864757870862,OFF,RETRACTED,MANUAL
23:37:25.856,-9.72,-9.77,0.00,24.6050661897647,OFF,RETRACTED,MANUAL
23:37:25.957,-9.59,-8.89,0.00,24.067119662426734,OFF,RETRACTED,MANUAL
23:37:26.057,-9.43,-8.00,0.00,23.53482144532981,OFF,RETRACTED,MANUAL
23:37:26.158,-9.25,-7.11,0.00,23.008184845901724,OFF,RETRACTED,MANUAL
23:37:26.259,-9.05,-6.22,0.00,22.48722303003001,OFF,RETRACTED,MANUAL
23:37:26.361,-8.83,-5.33,0.00,21.971949021733025,OFF,RETRACTED,MANUAL
23:37:26.461,-8.58,-4.44,0.00,21.462375702833924,OFF,RETRACTED,MANUAL
23:37:26.562,-8.32,-3.54,0.00,20.95851581263929,OFF,RETRACTED,MANUAL
23:37:26.663,-8.03,-2.64,0.00,20.460381947620135,OFF,RETRACTED,MANUAL
23:37:26.763,-7.72,-1.74,0.00,19.967986561097064,OFF,RETRACTED,MANUAL
23:37:26.864,-7.39,-0.84,0.00,19.481341962929235,OFF,RETRACTED,MANUAL
23:37:26.965,-7.05,0.06,0.00,19.00046031920607,OFF,RETRACTED,MANUAL
23:37:27.065,-6.69,0.96,0.00,18.525353651943703,OFF,RETRACTED,MANUAL
23:37:27.166,-6.31,1.86,0.00,18.05603383878409,OFF,RETRACTED,MANUAL
23:37:27.268,-5.91,2.75,0.00,17.59251261269813,OFF,RETRACTED,MANUAL
23:37:27.367,-5.50,3.65,0.00,17.134801561692342,OFF,RETRACTED,MANUAL
23:37:27.470,-5.08,4.55,0.00,16.682912128519092,OFF,RETRACTED,MANUAL
23:37:27.575,-4.64,5.44,0.00,16.23685561039065,OFF,RETRACTED,MANUAL
23:37:27.678,-4.19,6.33,0.00,15.796643158696838,OFF,RETRACTED,MANUAL
23:37:27.779,-3.73,7.22,0.00,15.362285778725948,OFF,RETRACTED,MANUAL
23:37:27.880,-3.26,8.11,0.00,14.933794329389997,OFF,RETRACTED,MANUAL
23:37:27.980,-2.79,8.99,0.00,14.51117952295266,OFF,RETRACTED,MANUAL
23:37:28.081,-2.30,9.87,0.00,14.09445192476224,OFF,RETRACTED,MANUAL
23:37:28.182,-1.81,10.75,0.00,13.683621952986982,OFF,RETRACTED,MANUAL
23:37:28.283,-1.32,11.62,0.00,13.278699878354757,OFF,RETRACTED,MANUAL
23:37:28.383,-0.82,12.49,0.00,12.879695823896412,OFF,RETRACTED,MANUAL
23:37:28.486,-0.32,13.35,0.00,12.486619764692392,OFF,RETRACTED,MANUAL
23:37:28.591,0.18,14.21,0.00,12.099481527623766,OFF,RETRACTED,MANUAL
23:37:28.696,0.68,15.06,0.00,11.71829079112635,OFF,RETRACTED,MANUAL
23:37:28.797,1.17,15.90,0.00,11.343057084948612,OFF,RETRACTED,MANUAL
23:37:28.898,1.67,16.74,0.00,10.973789789913809,OFF,RETRACTED,MANUAL
23:37:28.998,2.16,17.58,0.00,10.610498137684885,OFF,RETRACTED,MANUAL
23:37:29.099,2.65,18.40,0.00,10.253191210534368,OFF,RETRACTED,MANUAL
23:37:29.201,3.12,19.22,0.00,9.901877941116737,OFF,RETRACTED,MANUAL
23:37:29.305,3.59,20.03,0.00,9.556567112245546,OFF,RETRACTED,MANUAL
23:37:29.407,4.06,20.83,0.00,9.21726735667346,OFF,RETRACTED,MANUAL
23:37:29.507,4.51,21.62,0.00,8.883987156876657,OFF,RETRACTED,MANUAL
23:37:29.608,4.95,22.41,0.00,8.556734844842822,OFF,RETRACTED,MANUAL
23:37:29.709,5.38,23.18,0.00,8.235518601862736,OFF,RETRACTED,MANUAL
23:37:29.809,5.79,23.95,0.00,7.920346458325639,OFF,RETRACTED,MANUAL
23:37:29.910,6.19,24.71,0.00,7.611226293518911,OFF,RETRACTED,MANUAL
23:37:30.011,6.58,25.45,0.00,7.308165835430344,OFF,RETRACTED,MANUAL
23:37:30.112,6.94,26.19,0.00,7.011172660555701,OFF,RETRACTED,MANUAL
23:37:30.212,7.30,26.92,0.00,6.720254193708882,OFF,RETRACTED,MANUAL
23:37:30.313,7.63,27.63,0.00,6.435417707836422,OFF,RETRACTED,MANUAL
23:37:30.413,7.94,28.34,0.00,6.1566703238356695,OFF,RETRACTED,MANUAL
23:37:30.514,8.24,29.03,0.00,5.884019010376619,OFF,RETRACTED,MANUAL
23:37:30.618,8.51,29.71,0.00,5.617470583727936,OFF,RETRACTED,MANUAL
23:37:30.724,8.76,30.38,0.00,5.3570317075864295,OFF,RETRACTED,MANUAL
23:37:30.825,8.99,31.04,0.00,5.102708892910385,OFF,RETRACTED,MANUAL
23:37:30.927,9.20,31.69,0.00,4.854508497757024,OFF,RETRACTED,MANUAL
23:37:31.027,9.38,32.32,0.00,4.612436727123196,OFF,RETRACTED,MANUAL
23:37:31.129,9.54,32.94,0.00,4.376499632790598,OFF,RETRACTED,MANUAL
23:37:31.230,9.68,33.55,0.00,4.146703113174283,OFF,RETRACTED,MANUAL
23:37:31.330,9.79,34.14,0.00,3.923052913175326,OFF,RETRACTED,MANUAL
23:37:31.431,9.88,34.72,0.00,3.7055546240370347,OFF,RETRACTED,MANUAL
23:37:31.532,9.95,35.28,0.00,3.494213683205288,OFF,RETRACTED,MANUAL
23:37:31.637,9.99,35.84,0.00,3.2890353741926504,OFF,RETRACTED,MANUAL
23:37:31.737,10.00,36.37,0.00,3.0900248264461254,OFF,RETRACTED,MANUAL
23:37:31.841,9.99,36.90,0.00,2.8971870152190604,OFF,RETRACTED,MANUAL
23:37:31.944,9.95,37.40,0.00,2.7105267614467436,OFF,RETRACTED,MANUAL
23:37:32.051,9.89,37.90,0.00,2.5300487316256692,OFF,RETRACTED,MANUAL
23:37:32.147,9.81,38.37,0.00,2.355757437697264,OFF,RETRACTED,MANUAL
23:37:32.248,9.70,38.84,0.00,2.187657236934797,OFF,RETRACTED,MANUAL
23:37:32.357,9.56,39.28,0.00,2.025752331834525,OFF,RETRACTED,MANUAL
23:37:32.456,9.40,39.71,0.00,1.8700467700106458,OFF,RETRACTED,MANUAL
23:37:32.557,9.22,40.13,0.00,1.720544444094088,OFF,RETRACTED,MANUAL
23:37:32.657,9.02,40.53,0.00,1.5772490916351956,OFF,RETRACTED,MANUAL
23:37:32.758,8.79,40.91,0.00,1.4401642950103621,OFF,RETRACTED,MANUAL
23:37:32.858,8.54,41.28,0.00,1.309293481332361,OFF,RETRACTED,MANUAL
23:37:32.959,8.27,41.63,0.00,1.1846399223646813,OFF,RETRACTED,MANUAL
23:37:33.060,7.98,41.96,0.00,1.0662067344397883,OFF,RETRACTED,MANUAL
23:37:33.161,7.67,42.28,0.00,0.9539968783812753,OFF,RETRACTED,MANUAL
23:37:33.261,7.34,42.58,0.00,0.8480131594296552,OFF,RETRACTED,MANUAL
23:37:33.361,6.99,42.86,0.00,0.7482582271723572,OFF,RETRACTED,MANUAL
23:37:33.463,6.62,43.13,0.00,0.654734575477562,OFF,RETRACTED,MANUAL
23:37:33.577,6.24,43.38,0.00,0.567444542431673,OFF,RETRACTED,MANUAL
23:37:33.705,5.84,43.61,0.00,0.4863903102809388,OFF,RETRACTED,MANUAL
23:37:33.804,5.43,43.82,0.00,0.4115739053769687,OFF,RETRACTED,MANUAL
23:37:33.906,5.00,44.02,0.00,0.34299719812594276,OFF,RETRACTED,MANUAL
23:37:34.008,4.56,44.19,0.00,0.280661902942029,OFF,RETRACTED,MANUAL
23:37:34.108,4.11,44.35,0.00,0.22456957820435264,OFF,RETRACTED,MANUAL
23:37:34.208,3.65,44.50,0.00,0.17472162621805865,OFF,RETRACTED,MANUAL
23:37:34.309,3.18,44.62,0.00,0.13111929317940962,OFF,RETRACTED,MANUAL
23:37:34.410,2.70,44.73,0.00,0.09376366914443679,OFF,RETRACTED,MANUAL
23:37:34.511,2.22,44.82,0.00,0.06265568800179722,OFF,RETRACTED,MANUAL
23:37:34.614,1.73,44.89,0.00,0.037796127449382766,OFF,RETRACTED,MANUAL
23:37:34.713,1.24,44.94,0.00,0.019185608974936486,OFF,RETRACTED,MANUAL
23:37:34.814,0.74,44.98,0.00,0.006824597840449087,OFF,RETRACTED,MANUAL
23:37:34.919,0.24,45.00,0.00,0.0007134030705344685,OFF,RETRACTED,MANUAL
23:37:35.018,-0.26,45.00,0.00,0.0008521774447842745,OFF,RETRACTED,MANUAL
23:37:35.121,-0.76,44.98,0.00,0.0072409174937888565,OFF,RETRACTED,MANUAL
23:37:35.226,-1.26,44.94,0.00,0.01987946349939307,OFF,RETRACTED,MANUAL
23:37:35.327,-1.75,44.89,0.00,0.038767499498646885,OFF,RETRACTED,MANUAL
23:37:35.442,-2.24,44.82,0.00,0.06390455329164979,OFF,RETRACTED,MANUAL
23:37:35.539,-2.73,44.73,0.00,0.09528999645326053,OFF,RETRACTED,MANUAL
23:37:35.639,-3.20,44.62,0.00,0.13292304434915536,OFF,RETRACTED,MANUAL
23:37:35.743,-3.67,44.49,0.00,0.1768027561549843,OFF,RETRACTED,MANUAL
23:37:35.844,-4.13,44.35,0.00,0.22692803488033064,OFF,RETRACTED,MANUAL
23:37:35.945,-4.58,44.19,0.00,0.2832976273957968,OFF,RETRACTED,MANUAL
23:37:36.048,-5.02,44.01,0.00,0.34591012446449554,OFF,RETRACTED,MANUAL
23:37:36.155,-5.45,43.81,0.00,0.41476396077726463,OFF,RETRACTED,MANUAL
23:37:36.255,-5.86,43.60,0.00,0.4898574149918318,OFF,RETRACTED,MANUAL
23:37:36.355,-6.26,43.36,0.00,0.5711886097757031,OFF,RETRACTED,MANUAL
23:37:36.462,-6.64,43.12,0.00,0.6587555118532293,OFF,RETRACTED,MANUAL
23:37:36.563,-7.01,42.85,0.00,0.752555932056481,OFF,RETRACTED,MANUAL
23:37:36.665,-7.35,42.57,0.00,0.8525875253797892,OFF,RETRACTED,MANUAL
23:37:36.767,-7.68,42.26,0.00,0.9588477910385507,OFF,RETRACTED,MANUAL
23:37:36.868,-7.99,41.95,0.00,1.0713340725316414,OFF,RETRACTED,MANUAL
23:37:36.972,-8.28,41.61,0.00,1.1900435577078952,OFF,RETRACTED,MANUAL
23:37:37.073,-8.55,41.26,0.00,1.3149732788363906,OFF,RETRACTED,MANUAL
23:37:37.174,-8.80,40.90,0.00,1.4461201126805179,OFF,RETRACTED,MANUAL
23:37:37.274,-9.03,40.51,0.00,1.583480780576366,OFF,RETRACTED,MANUAL
23:37:37.375,-9.23,40.11,0.00,1.7270518485143782,OFF,RETRACTED,MANUAL
23:37:37.477,-9.41,39.70,0.00,1.876829727225271,OFF,RETRACTED,MANUAL
23:37:37.577,-9.57,39.26,0.00,2.0328106722699317,OFF,RETRACTED,MANUAL
23:37:37.681,-9.70,38.82,0.00,2.1949907841327843,OFF,RETRACTED,MANUAL
23:37:37.785,-9.81,38.35,0.00,2.3633660083195878,OFF,RETRACTED,MANUAL
23:37:37.882,-9.90,37.87,0.00,2.5379321354584476,OFF,RETRACTED,MANUAL
23:37:37.983,-9.96,37.38,0.00,2.7186848014052885,OFF,RETRACTED,MANUAL
23:37:38.089,-9.99,36.87,0.00,2.905619487352851,OFF,RETRACTED,MANUAL
23:37:38.186,-10.00,36.35,0.00,3.0987315199436978,OFF,RETRACTED,MANUAL
23:37:38.287,-9.98,35.81,0.00,3.298016071387167,OFF,RETRACTED,MANUAL
23:37:38.388,-9.94,35.26,0.00,3.5034681595797963,OFF,RETRACTED,MANUAL
23:37:38.489,-9.88,34.69,0.00,3.7150826482300943,OFF,RETRACTED,MANUAL
23:37:38.589,-9.79,34.11,0.00,3.9328542469868353,OFF,RETRACTED,MANUAL
23:37:38.690,-9.68,33.52,0.00,4.156777511571391,OFF,RETRACTED,MANUAL
23:37:38.790,-9.54,32.91,0.00,4.386846843913844,OFF,RETRACTED,MANUAL
23:37:38.895,-9.38,32.29,0.00,4.623056492292903,OFF,RETRACTED,MANUAL
23:37:38.998,-9.19,31.66,0.00,4.86540055147961,OFF,RETRACTED,MANUAL
23:37:39.098,-8.98,31.01,0.00,5.113872962885097,OFF,RETRACTED,MANUAL
23:37:39.199,-8.75,30.35,0.00,5.368467514711995,OFF,RETRACTED,MANUAL
23:37:39.304,-8.50,29.68,0.00,5.62917784210984,OFF,RETRACTED,MANUAL
23:37:39.404,-8.22,29.00,0.00,5.8959974273340094,OFF,RETRACTED,MANUAL
23:37:39.504,-7.93,28.31,0.00,6.168919599908747,OFF,RETRACTED,MANUAL
23:37:39.606,-7.61,27.60,0.00,6.447937536793972,OFF,RETRACTED,MANUAL
23:37:39.706,-7.28,26.89,0.00,6.7330442625557225,OFF,RETRACTED,MANUAL
23:37:39.809,-6.93,26.16,0.00,7.024232649540835,OFF,RETRACTED,MANUAL
23:37:39.914,-6.56,25.42,0.00,7.321495418054724,OFF,RETRACTED,MANUAL
23:37:40.011,-6.17,24.67,0.00,7.624825136543677,OFF,RETRACTED,MANUAL
23:37:40.113,-5.77,23.92,0.00,7.934214221780479,OFF,RETRACTED,MANUAL
23:37:40.212,-5.36,23.15,0.00,8.249654939054125,OFF,RETRACTED,MANUAL
23:37:40.315,-4.93,22.37,0.00,8.571139402363201,OFF,RETRACTED,MANUAL
23:37:40.416,-4.49,21.59,0.00,8.898659574612793,OFF,RETRACTED,MANUAL
23:37:40.519,-4.04,20.79,0.00,9.232207267815681,OFF,RETRACTED,MANUAL
23:37:40.622,-3.57,19.99,0.00,9.57177414329692,OFF,RETRACTED,MANUAL
23:37:40.722,-3.10,19.18,0.00,9.917351711902171,OFF,RETRACTED,MANUAL
23:37:40.823,-2.62,18.36,0.00,10.268931334210407,OFF,RETRACTED,MANUAL
23:37:40.924,-2.14,17.54,0.00,10.626504220749325,OFF,RETRACTED,MANUAL
23:37:41.028,-1.65,16.71,0.00,10.990061432215356,OFF,RETRACTED,MANUAL
23:37:41.130,-1.15,15.87,0.00,11.359593879697115,OFF,RETRACTED,MANUAL
23:37:41.230,-0.65,15.02,0.00,11.735092324902695,OFF,RETRACTED,MANUAL
23:37:41.333,-0.15,14.17,0.00,12.116547380390557,OFF,RETRACTED,MANUAL
23:37:41.433,0.35,13.31,0.00,12.503949509804187,OFF,RETRACTED,MANUAL
23:37:41.535,0.84,12.45,0.00,12.897289028110492,OFF,RETRACTED,MANUAL
23:37:41.638,1.34,11.58,0.00,13.296556101841986,OFF,RETRACTED,MANUAL
23:37:41.736,1.83,10.71,0.00,13.701740749342576,OFF,RETRACTED,MANUAL
23:37:41.839,2.32,9.84,0.00,14.112832841017337,OFF,RETRACTED,MANUAL
23:37:41.942,2.81,8.96,0.00,14.52982209958526,OFF,RETRACTED,MANUAL
23:37:42.042,3.28,8.07,0.00,14.952698100336647,OFF,RETRACTED,MANUAL
23:37:42.145,3.75,7.18,0.00,15.381450271393476,OFF,RETRACTED,MANUAL
23:37:42.247,4.21,6.30,0.00,15.816067893973752,OFF,RETRACTED,MANUAL
23:37:42.354,4.66,5.40,0.00,16.25654010265967,OFF,RETRACTED,MANUAL
23:37:42.454,5.09,4.51,0.00,16.702855885668896,OFF,RETRACTED,MANUAL
23:37:42.553,5.52,3.61,0.00,17.155004085130088,OFF,RETRACTED,MANUAL
23:37:42.653,5.93,2.71,0.00,17.612973397361856,OFF,RETRACTED,MANUAL
23:37:42.758,6.32,1.82,0.00,18.076752373155102,OFF,RETRACTED,MANUAL
23:37:42.856,6.70,0.92,0.00,18.54632941805974,OFF,RETRACTED,MANUAL
23:37:42.958,7.06,0.02,0.00,19.021692792674088,OFF,RETRACTED,MANUAL
23:37:43.059,7.41,-0.88,0.00,19.50283061293854,OFF,RETRACTED,MANUAL
23:37:43.160,7.74,-1.78,0.00,19.989730850432608,OFF,RETRACTED,MANUAL
23:37:43.261,8.04,-2.68,0.00,20.4823813326756,OFF,RETRACTED,MANUAL
23:37:43.362,8.33,-3.58,0.00,20.980769743431324,OFF,RETRACTED,MANUAL
23:37:43.463,8.60,-4.48,0.00,21.484883623015435,OFF,RETRACTED,MANUAL
23:37:43.669,8.84,-5.37,0.00,21.994710368607116,OFF,RETRACTED,MANUAL
23:37:43.743,9.06,-6.26,0.00,22.51023723456433,OFF,RETRACTED,MANUAL
23:37:43.849,9.26,-7.15,0.00,23.031451332742165,OFF,RETRACTED,MANUAL
23:37:43.956,9.44,-8.04,0.00,23.558339632815517,OFF,RETRACTED,MANUAL
23:37:44.071,9.59,-8.92,0.00,24.090888962604197,OFF,RETRACTED,MANUAL
23:37:44.170,9.72,-9.80,0.00,24.629086008402737,OFF,RETRACTED,MANUAL
23:37:44.271,9.83,-10.68,0.00,25.172917315313015,OFF,RETRACTED,MANUAL
23:37:44.374,9.91,-11.55,0.00,25.722369287580563,OFF,RETRACTED,MANUAL
23:37:44.478,9.96,-12.42,0.00,26.27742818893492,OFF,RETRACTED,MANUAL
23:37:44.576,9.99,-13.28,0.00,26.838080142932313,OFF,RETRACTED,MANUAL
23:37:44.680,10.00,-14.14,0.00,27.404311133303167,OFF,RETRACTED,MANUAL
23:37:44.784,9.98,-14.99,0.00,27.97610700430215,OFF,RETRACTED,MANUAL
23:37:44.886,9.94,-15.84,0.00,28.55345346106219,OFF,RETRACTED,MANUAL
23:37:44.990,9.87,-16.68,0.00,29.136336069952137,OFF,RETRACTED,MANUAL
23:37:45.164,9.77,-17.51,0.00,29.724740258937032,OFF,RETRACTED,MANUAL
23:37:45.211,9.65,-18.33,0.00,30.318651317942795,OFF,RETRACTED,MANUAL
23:37:45.319,9.51,-19.15,0.00,30.918054399223877,OFF,RETRACTED,MANUAL
23:37:45.428,9.35,-19.96,0.00,31.52293451773437,OFF,RETRACTED,MANUAL
23:37:45.502,9.16,-20.77,0.00,32.133276551503,OFF,RETRACTED,MANUAL
23:37:45.633,8.94,-21.56,0.00,32.74906524201066,OFF,RETRACTED,MANUAL
23:37:45.702,8.71,-22.35,0.00,33.37028519457212,OFF,RETRACTED,MANUAL
23:37:45.817,8.45,-23.12,0.00,33.996920878720886,OFF,RETRACTED,MANUAL
23:37:45.918,8.18,-23.89,0.00,34.62895662859748,OFF,RETRACTED,MANUAL
23:37:46.022,7.88,-24.65,0.00,35.266376643341204,OFF,RETRACTED,MANUAL
23:37:46.128,7.56,-25.40,0.00,35.909164987484814,OFF,RETRACTED,MANUAL
23:37:46.231,7.22,-26.13,0.00,36.557305591353185,OFF,RETRACTED,MANUAL
23:37:46.332,6.87,-26.86,0.00,37.21078225146496,OFF,RETRACTED,MANUAL
23:37:46.433,6.50,-27.58,0.00,37.86957863093755,OFF,RETRACTED,MANUAL
23:37:46.534,6.11,-28.28,0.00,38.53367825989611,OFF,RETRACTED,MANUAL
23:37:46.640,5.70,-28.98,0.00,39.20306453588424,OFF,RETRACTED,MANUAL
23:37:46.740,5.29,-29.66,0.00,39.87772072428001,OFF,RETRACTED,MANUAL
23:37:46.841,4.86,-30.33,0.00,40.55762995871379,OFF,RETRACTED,MANUAL
23:37:46.943,4.41,-30.99,0.00,41.24277524149005,OFF,RETRACTED,MANUAL
23:37:47.044,3.96,-31.64,0.00,41.933139444012625,OFF,RETRACTED,MANUAL
23:37:47.145,3.50,-32.27,0.00,42.6287053072123,OFF,RETRACTED,MANUAL
23:37:47.245,3.02,-32.89,0.00,43.329455441978695,OFF,RETRACTED,MANUAL
23:37:47.347,2.54,-33.50,0.00,44.03537232959499,OFF,RETRACTED,MANUAL
23:37:47.448,2.06,-34.09,0.00,44.74643832217555,OFF,RETRACTED,MANUAL
23:37:47.549,1.56,-34.67,0.00,45.462635643107944,OFF,RETRACTED,MANUAL
23:37:47.649,1.07,-35.24,0.00,46.18394638749629,OFF,RETRACTED,MANUAL
23:37:47.750,0.57,-35.79,0.00,46.910352522609486,OFF,RETRACTED,MANUAL
23:37:47.853,0.07,-36.33,0.00,47.64183588833208,OFF,RETRACTED,MANUAL
23:37:47.953,-0.43,-36.85,0.00,48.37837819761788,OFF,RETRACTED,MANUAL
23:37:48.054,-0.93,-37.36,0.00,49.11996103694767,OFF,RETRACTED,MANUAL
23:37:48.155,-1.42,-37.86,0.00,49.8665658667891,OFF,RETRACTED,MANUAL
23:37:48.256,-1.92,-38.34,0.00,50.61817402206026,OFF,RETRACTED,MANUAL
23:37:48.357,-2.41,-38.80,0.00,51.3747667125964,OFF,RETRACTED,MANUAL
23:37:48.458,-2.89,-39.25,0.00,52.13632502361952,OFF,RETRACTED,MANUAL
23:37:48.559,-3.36,-39.68,0.00,52.9028299162118,OFF,RETRACTED,MANUAL
23:37:48.659,-3.83,-40.10,0.00,53.674262227790706,OFF,RETRACTED,MANUAL
23:37:48.760,-4.29,-40.50,0.00,54.450602672588644,OFF,RETRACTED,MANUAL
23:37:48.861,-4.73,-40.88,0.00,55.23183184213488,OFF,RETRACTED,MANUAL
23:37:48.964,-5.17,-41.25,0.00,56.017930205740754,OFF,RETRACTED,MANUAL
23:37:49.063,-5.59,-41.60,0.00,56.80887811098842,OFF,RETRACTED,MANUAL
23:37:49.165,-6.00,-41.94,0.00,57.60465578422128,OFF,RETRACTED,MANUAL
23:37:49.265,-6.39,-42.25,0.00,58.405243331038946,OFF,RETRACTED,MANUAL
23:37:49.365,-6.76,-42.56,0.00,59.21062073679445,OFF,RETRACTED,MANUAL
23:37:49.467,-7.12,-42.84,0.00,60.02076786709446,OFF,RETRACTED,MANUAL
23:37:49.567,-7.47,-43.11,0.00,60.83566446830315,OFF,RETRACTED,MANUAL
23:37:49.668,-7.79,-43.36,0.00,61.655290168047884,OFF,RETRACTED,MANUAL
23:37:49.768,-8.09,-43.59,0.00,62.47962447572877,OFF,RETRACTED,MANUAL
23:37:49.869,-8.38,-43.80,0.00,63.30864678303112,OFF,RETRACTED,MANUAL
23:37:49.972,-8.64,-44.00,0.00,64.14233636444021,OFF,RETRACTED,MANUAL
23:37:50.075,-8.88,-44.18,0.00,64.98067237776027,OFF,RETRACTED,MANUAL
23:37:50.180,-9.10,-44.34,0.00,65.8236338646345,OFF,RETRACTED,MANUAL
23:37:50.285,-9.29,-44.49,0.00,66.67119975106957,OFF,RETRACTED,MANUAL
23:37:50.385,-9.47,-44.61,0.00,67.5233488479625,OFF,RETRACTED,MANUAL
23:37:50.491,-9.62,-44.72,0.00,68.38005985163008,OFF,RETRACTED,MANUAL
23:37:50.590,-9.74,-44.81,0.00,69.2413113443422,OFF,RETRACTED,MANUAL
23:37:50.704,-9.84,-44.89,0.00,70.10708179485616,OFF,RETRACTED,MANUAL
23:37:50.832,-9.92,-44.94,0.00,70.97734955895584,OFF,RETRACTED,MANUAL
23:37:50.940,-9.97,-44.98,0.00,71.85209287999248,OFF,RETRACTED,MANUAL
23:37:51.041,-10.00,-45.00,0.00,72.73128988942841,OFF,RETRACTED,MANUAL
23:37:51.142,-10.00,-45.00,0.00,73.61491860738457,OFF,RETRACTED,MANUAL
23:37:51.242,-9.97,-44.98,0.00,74.50295694318879,OFF,RETRACTED,MANUAL
23:37:51.345,-9.93,-44.95,0.00,75.39538269592896,OFF,RETRACTED,MANUAL
23:37:51.445,-9.85,-44.89,0.00,76.29217355500779,OFF,RETRACTED,MANUAL
23:37:51.548,-9.75,-44.82,0.00,77.19330710070028,OFF,RETRACTED,MANUAL
23:37:51.649,-9.63,-44.73,0.00,78.09876080471506,OFF,RETRACTED,MANUAL
23:37:51.750,-9.49,-44.63,0.00,79.00851203075655,OFF,RETRACTED,MANUAL
23:37:51.851,-9.32,-44.50,0.00,79.92253803509146,OFF,RETRACTED,MANUAL
23:37:51.952,-9.12,-44.36,0.00,80.84081596711732,OFF,RETRACTED,MANUAL
23:37:52.058,-8.91,-44.20,0.00,81.76332286993346,OFF,RETRACTED,MANUAL
23:37:52.193,-8.67,-44.02,0.00,82.69003568091568,OFF,RETRACTED,MANUAL
23:37:52.300,-8.41,-43.83,0.00,83.62093123229187,OFF,RETRACTED,MANUAL
23:37:52.402,-8.13,-43.61,0.00,84.55598625172163,OFF,RETRACTED,MANUAL
23:37:52.506,-7.82,-43.38,0.00,85.49517736287825,OFF,RETRACTED,MANUAL
23:37:52.606,-7.50,-43.14,0.00,86.43848108603268,OFF,RETRACTED,MANUAL
23:37:52.709,-7.16,-42.87,0.00,87.38587383864129,OFF,RETRACTED,MANUAL
23:37:52.812,-6.81,-42.59,0.00,88.33733193593449,OFF,RETRACTED,MANUAL
23:37:52.918,-6.43,-42.29,0.00,89.29283159150933,OFF,RETRACTED,MANUAL
23:37:53.025,-6.04,-41.97,0.00,90.25234891792425,OFF,RETRACTED,MANUAL
23:37:53.129,-5.64,-41.64,0.00,91.21585992729587,OFF,RETRACTED,MANUAL
23:37:53.235,-5.22,-41.29,0.00,92.18334053189943,OFF,RETRACTED,MANUAL
23:37:53.336,-4.78,-40.92,0.00,93.15476654477015,OFF,RETRACTED,MANUAL
23:37:53.438,-4.34,-40.54,0.00,94.1301136803082,OFF,RETRACTED,MANUAL
23:37:53.538,-3.88,-40.14,0.00,95.10935755488603,OFF,RETRACTED,MANUAL
23:37:53.638,-3.42,-39.73,0.00,96.09247368745758,OFF,RETRACTED,MANUAL
23:37:53.739,-2.94,-39.30,0.00,97.07943750017111,OFF,RETRACTED,MANUAL
23:37:53.841,-2.46,-38.85,0.00,98.07022431898258,OFF,RETRACTED,MANUAL
23:37:53.940,-1.97,-38.39,0.00,99.06480937427304,OFF,RETRACTED,MANUAL
23:37:54.041,-1.48,-37.91,0.00,100.06316780146793,OFF,RETRACTED,MANUAL
23:37:54.144,-0.99,-37.42,0.00,101.06527464165839,OFF,RETRACTED,MANUAL
23:37:54.247,-0.49,-36.91,0.00,102.07110484222602,OFF,RETRACTED,MANUAL
23:37:54.347,0.01,-36.39,0.00,103.08063325746792,OFF,RETRACTED,MANUAL
23:37:54.447,0.51,-35.86,0.00,104.09383464922635,OFF,RETRACTED,MANUAL
23:37:54.548,1.01,-35.30,0.00,105.1106836875193,OFF,RETRACTED,MANUAL
23:37:54.649,1.51,-34.74,0.00,106.13115495117356,OFF,RETRACTED,MANUAL
23:37:54.750,2.00,-34.16,0.00,107.15522292846106,OFF,RETRACTED,MANUAL
23:37:54.851,2.49,-33.57,0.00,108.18286201773552,OFF,RETRACTED,MANUAL
23:37:54.952,2.97,-32.96,0.00,109.21404652807323,OFF,RETRACTED,MANUAL
23:37:55.052,3.44,-32.34,0.00,110.24875067991516,OFF,RETRACTED,MANUAL
23:37:55.153,3.91,-31.71,0.00,111.28694860571116,OFF,RETRACTED,MANUAL
23:37:55.253,4.36,-31.06,0.00,112.32861435056762,OFF,RETRACTED,MANUAL
23:37:55.354,4.81,-30.41,0.00,113.37372187289492,OFF,RETRACTED,MANUAL
23:37:55.456,5.24,-29.74,0.00,114.42224504505944,OFF,RETRACTED,MANUAL
23:37:55.556,5.66,-29.06,0.00,115.47415765403647,OFF,RETRACTED,MANUAL
23:37:55.657,6.06,-28.36,0.00,116.52943340206548,OFF,RETRACTED,MANUAL
23:37:55.758,6.45,-27.66,0.00,117.58804590730801,OFF,RETRACTED,MANUAL
23:37:55.858,6.83,-26.94,0.00,118.64996870450639,OFF,RETRACTED,MANUAL
23:37:55.960,7.18,-26.22,0.00,119.71517524564604,OFF,RETRACTED,MANUAL
23:37:56.060,7.52,-25.48,0.00,120.78363890061885,OFF,RETRACTED,MANUAL
23:37:56.160,7.84,-24.73,0.00,121.85533295788898,OFF,RETRACTED,MANUAL
23:37:56.262,8.14,-23.98,0.00,122.93023062516114,OFF,RETRACTED,MANUAL
23:37:56.365,8.42,-23.21,0.00,124.00830503004944,OFF,RETRACTED,MANUAL
23:37:56.466,8.68,-22.44,0.00,125.08952922074997,OFF,RETRACTED,MANUAL
23:37:56.565,8.92,-21.65,0.00,126.17387616671421,OFF,RETRACTED,MANUAL
23:37:56.666,9.13,-20.86,0.00,127.26131875932481,OFF,RETRACTED,MANUAL
23:37:56.767,9.33,-20.06,0.00,128.35182981257398,OFF,RETRACTED,MANUAL
23:37:56.869,9.49,-19.25,0.00,129.44538206374202,OFF,RETRACTED,MANUAL
23:37:56.970,9.64,-18.43,0.00,130.54194817407958,OFF,RETRACTED,MANUAL
23:37:57.071,9.76,-17.60,0.00,131.64150072949099,OFF,RETRACTED,MANUAL
23:37:57.172,9.86,-16.77,0.00,132.7440122412195,OFF,RETRACTED,MANUAL
23:37:57.273,9.93,-15.93,0.00,133.8494551465351,OFF,RETRACTED,MANUAL
23:37:57.377,9.98,-15.09,0.00,134.9578018094225,OFF,RETRACTED,MANUAL
23:37:57.477,10.00,-14.24,0.00,136.06902452127292,OFF,RETRACTED,MANUAL
23:37:57.579,10.00,-13.38,0.00,137.18309550157642,OFF,RETRACTED,MANUAL
23:37:57.681,9.97,-12.52,0.00,138.29998689861628,OFF,RETRACTED,MANUAL
23:37:57.785,9.91,-11.65,0.00,139.41967079016615,OFF,RETRACTED,MANUAL
23:37:57.884,9.84,-10.78,0.00,140.5421191841869,OFF,RETRACTED,MANUAL
23:37:57.986,9.74,-9.91,0.00,141.66730401952714,OFF,RETRACTED,MANUAL
23:37:58.086,9.61,-9.03,0.00,142.79519716662455,OFF,RETRACTED,MANUAL
23:37:58.190,9.46,-8.14,0.00,143.92577042820903,OFF,RETRACTED,MANUAL
23:37:58.304,9.28,-7.26,0.00,145.05899554000828,OFF,RETRACTED,MANUAL
23:37:58.404,9.09,-6.37,0.00,146.19484417145338,OFF,RETRACTED,MANUAL
23:37:58.504,8.87,-5.47,0.00,147.33328792638764,OFF,RETRACTED,MANUAL
23:37:58.606,8.63,-4.58,0.00,148.47429834377658,OFF,RETRACTED,MANUAL
23:37:58.710,8.36,-3.68,0.00,149.6178468984189,OFF,RETRACTED,MANUAL
23:37:58.809,8.08,-2.79,0.00,150.7639050016607,OFF,RETRACTED,MANUAL
23:37:58.912,7.77,-1.89,0.00,151.91244400210894,OFF,RETRACTED,MANUAL
23:37:59.013,7.45,-0.99,0.00,153.06343518634844,OFF,RETRACTED,MANUAL
23:37:59.115,7.11,-0.09,0.00,154.21684977965947,OFF,RETRACTED,MANUAL
23:37:59.217,6.74,0.81,0.00,155.3726589467371,OFF,RETRACTED,MANUAL
23:37:59.316,6.37,1.71,0.00,156.53083379241278,OFF,RETRACTED,MANUAL
23:37:59.417,5.97,2.61,0.00,157.69134536237544,OFF,RETRACTED,MANUAL
23:37:59.518,5.57,3.51,0.00,158.85416464389633,OFF,RETRACTED,MANUAL
23:37:59.631,5.14,4.41,0.00,160.01926256655395,OFF,RETRACTED,MANUAL
23:37:59.731,4.71,5.30,0.00,161.1866100029607,OFF,RETRACTED,MANUAL
23:37:59.834,4.26,6.19,0.00,162.35617776949186,OFF,RETRACTED,MANUAL
23:37:59.934,3.80,7.08,0.00,163.52793662701404,OFF,RETRACTED,MANUAL
23:38:00.037,3.34,7.97,0.00,164.70185728161678,OFF,RETRACTED,MANUAL
23:38:00.138,2.86,8.85,0.00,165.87791038534488,OFF,RETRACTED,MANUAL
23:38:00.240,2.38,9.73,0.00,167.05606653693178,OFF,RETRACTED,MANUAL
23:38:00.341,1.89,10.61,0.00,168.23629628253548,OFF,RETRACTED,MANUAL
23:38:00.443,1.40,11.48,0.00,169.41857011647357,OFF,RETRACTED,MANUAL
23:38:00.545,0.90,12.35,0.00,170.60285848196182,OFF,RETRACTED,MANUAL
23:38:00.646,0.40,13.21,0.00,171.78913177185274,OFF,RETRACTED,MANUAL
23:38:00.748,-0.10,14.07,0.00,172.9773603293757,OFF,RETRACTED,MANUAL
23:38:00.851,-0.60,14.92,0.00,174.16751444887902,OFF,RETRACTED,MANUAL
23:38:00.977,-1.10,15.77,0.00,175.3595643765715,OFF,RETRACTED,MANUAL
23:38:01.079,-1.59,16.61,0.00,176.5534803112671,OFF,RETRACTED,MANUAL
23:38:01.181,-2.08,17.44,0.00,177.74923240512953,OFF,RETRACTED,MANUAL
23:38:01.284,-2.57,18.27,0.00,178.94679076441858,OFF,RETRACTED,MANUAL
23:38:01.385,-3.05,19.09,0.00,180.14612545023806,OFF,RETRACTED,MANUAL
23:38:01.488,-3.52,19.90,0.00,181.34720647928305,OFF,RETRACTED,MANUAL
23:38:01.586,-3.98,20.70,0.00,182.5500038245904,OFF,RETRACTED,MANUAL
23:38:01.692,-4.44,21.50,0.00,183.7544874162891,OFF,RETRACTED,MANUAL
23:38:01.789,-4.88,22.28,0.00,184.96062714235188,OFF,RETRACTED,MANUAL
23:38:01.894,-5.31,23.06,0.00,186.1683928493489,OFF,RETRACTED,MANUAL
23:38:01.997,-5.73,23.83,0.00,187.3777543432001,OFF,RETRACTED,MANUAL
23:38:02.103,-6.13,24.59,0.00,188.58868138993117,OFF,RETRACTED,MANUAL
23:38:02.208,-6.52,25.34,0.00,189.80114371642895,OFF,RETRACTED,MANUAL
23:38:02.307,-6.89,26.08,0.00,191.01511101119826,OFF,RETRACTED,MANUAL
23:38:02.410,-7.24,26.80,0.00,192.2305529251204,OFF,RETRACTED,MANUAL
23:38:02.514,-7.58,27.52,0.00,193.44743907221059,OFF,RETRACTED,MANUAL
23:38:02.613,-7.89,28.23,0.00,194.66573903037852,OFF,RETRACTED,MANUAL
23:38:02.716,-8.19,28.92,0.00,195.8854223421887,OFF,RETRACTED,MANUAL
23:38:02.816,-8.47,29.61,0.00,197.10645851562163,OFF,RETRACTED,MANUAL
23:38:02.918,-8.72,30.28,0.00,198.328817024837,OFF,RETRACTED,MANUAL
23:38:03.018,-8.96,30.94,0.00,199.55246731093558,OFF,RETRACTED,MANUAL
23:38:03.122,-9.17,31.59,0.00,200.77737878272393,OFF,RETRACTED,MANUAL
23:38:03.226,-9.36,32.22,0.00,202.003520817479,OFF,RETRACTED,MANUAL
23:38:03.327,-9.52,32.84,0.00,203.2308627617136,OFF,RETRACTED,MANUAL
23:38:03.435,-9.66,33.45,0.00,204.4593739319435,OFF,RETRACTED,MANUAL
23:38:03.541,-9.78,34.05,0.00,205.68902361545318,OFF,RETRACTED,MANUAL
23:38:03.670,-9.87,34.63,0.00,206.91978107106462,OFF,RETRACTED,MANUAL
23:38:03.768,-9.94,35.20,0.00,208.15161552990554,OFF,RETRACTED,MANUAL
23:38:03.970,-9.98,35.75,0.00,209.38449619617836,OFF,RETRACTED,MANUAL
23:38:03.974,-10.00,36.29,0.00,210.61839224793113,OFF,RETRACTED,MANUAL
23:38:04.075,-9.99,36.81,0.00,211.85327283782658,OFF,RETRACTED,MANUAL
23:38:04.176,-9.96,37.32,0.00,213.08910709391427,OFF,RETRACTED,MANUAL
23:38:04.277,-9.90,37.82,0.00,214.32586412040217,OFF,RETRACTED,MANUAL
23:38:04.440,-9.82,38.30,0.00,215.56351299842882,OFF,RETRACTED,MANUAL
23:38:04.542,-9.72,38.76,0.00,216.80202278683714,OFF,RETRACTED,MANUAL
23:38:04.642,-9.59,39.21,0.00,218.04136252294674,OFF,RETRACTED,MANUAL
23:38:04.742,-9.43,39.65,0.00,219.28150122332877,OFF,RETRACTED,MANUAL
23:38:04.843,-9.25,40.06,0.00,220.5224078845803,OFF,RETRACTED,MANUAL
23:38:04.943,-9.05,40.47,0.00,221.76405148409918,OFF,RETRACTED,MANUAL
23:38:05.043,-8.83,40.85,0.00,223.00640098086058,OFF,RETRACTED,MANUAL
23:38:05.145,-8.58,41.22,0.00,224.24942531619152,OFF,RETRACTED,MANUAL
23:38:05.245,-8.32,41.57,0.00,225.4930934145484,OFF,RETRACTED,MANUAL
23:38:05.346,-8.03,41.91,0.00,226.73737418429351,OFF,RETRACTED,MANUAL
23:38:05.447,-7.72,42.23,0.00,227.9822365184722,OFF,RETRACTED,MANUAL
23:38:05.548,-7.39,42.53,0.00,229.2276492955914,OFF,RETRACTED,MANUAL
23:38:05.648,-7.05,42.82,0.00,230.4735813803963,OFF,RETRACTED,MANUAL
23:38:05.749,-6.68,43.09,0.00,231.72000162464968,OFF,RETRACTED,MANUAL
23:38:05.850,-6.30,43.34,0.00,232.96687886791037,OFF,RETRACTED,MANUAL
23:38:05.951,-5.91,43.57,0.00,234.214181938312,OFF,RETRACTED,MANUAL
23:38:06.052,-5.50,43.79,0.00,235.46187965334323,OFF,RETRACTED,MANUAL
23:38:06.153,-5.07,43.99,0.00,236.70994082062595,OFF,RETRACTED,MANUAL
23:38:06.254,-4.63,44.17,0.00,237.95833423869593,OFF,RETRACTED,MANUAL
23:38:06.354,-4.19,44.33,0.00,239.2070286977828,OFF,RETRACTED,MANUAL
23:38:06.455,-3.73,44.48,0.00,240.45599298058983,OFF,RETRACTED,MANUAL
23:38:06.556,-3.26,44.60,0.00,241.70519586307552,OFF,RETRACTED,MANUAL
23:38:06.656,-2.78,44.71,0.00,242.9546061152326,OFF,RETRACTED,MANUAL
23:38:06.757,-2.30,44.81,0.00,244.20419250186984,OFF,RETRACTED,MANUAL
23:38:06.857,-1.81,44.88,0.00,245.4539237833927,OFF,RETRACTED,MANUAL
23:38:06.958,-1.31,44.94,0.00,246.70376871658394,OFF,RETRACTED,MANUAL
23:38:07.059,-0.82,44.98,0.00,247.95369605538582,OFF,RETRACTED,MANUAL
23:38:07.161,-0.32,45.00,0.00,249.20367455167974,OFF,RETRACTED,MANUAL
23:38:07.260,0.18,45.00,0.00,250.4536729560684,OFF,RETRACTED,MANUAL
23:38:07.360,0.68,44.98,0.00,251.7036600186568,OFF,RETRACTED,MANUAL
23:38:07.461,1.18,44.95,0.00,252.95360448983322,OFF,RETRACTED,MANUAL
23:38:07.562,1.67,44.90,0.00,254.20347512105147,OFF,RETRACTED,MANUAL
23:38:07.664,2.16,44.83,0.00,255.4532406656106,OFF,RETRACTED,MANUAL
23:38:07.764,2.65,44.74,0.00,256.7028698794371,OFF,RETRACTED,MANUAL
23:38:07.864,3.13,44.64,0.00,257.9523315218658,OFF,RETRACTED,MANUAL
23:38:07.967,3.60,44.51,0.00,259.20159435642034,OFF,RETRACTED,MANUAL
23:38:08.066,4.06,44.37,0.00,260.4506271515955,OFF,RETRACTED,MANUAL
23:38:08.166,4.51,44.21,0.00,261.69939868163607,OFF,RETRACTED,MANUAL
23:38:08.268,4.95,44.04,0.00,262.94787772731905,OFF,RETRACTED,MANUAL
23:38:08.369,5.38,43.84,0.00,264.19603307673316,OFF,RETRACTED,MANUAL
23:38:08.469,5.80,43.63,0.00,265.4438335260595,OFF,RETRACTED,MANUAL
23:38:08.570,6.20,43.40,0.00,266.6912478803523,OFF,RETRACTED,MANUAL
23:38:08.671,6.58,43.16,0.00,267.93824495431744,OFF,RETRACTED,MANUAL
23:38:08.772,6.95,42.89,0.00,269.184793573093,OFF,RETRACTED,MANUAL
23:38:08.873,7.30,42.61,0.00,270.4308625730284,OFF,RETRACTED,MANUAL
23:38:08.973,7.63,42.31,0.00,271.6764208024634,OFF,RETRACTED,MANUAL
23:38:09.074,7.94,42.00,0.00,272.92143712250754,OFF,RETRACTED,MANUAL
23:38:09.174,8.24,41.67,0.00,274.1658804078174,OFF,RETRACTED,MANUAL
23:38:09.275,8.51,41.32,0.00,275.40971954737574,OFF,RETRACTED,MANUAL
23:38:09.376,8.76,40.95,0.00,276.6529234452688,OFF,RETRACTED,MANUAL
23:38:09.476,8.99,40.57,0.00,277.8954610214637,OFF,RETRACTED,MANUAL
23:38:09.577,9.20,40.18,0.00,279.1373012125861,OFF,RETRACTED,MANUAL
23:38:09.678,9.38,39.76,0.00,280.3784129726961,OFF,RETRACTED,MANUAL
23:38:09.779,9.55,39.33,0.00,281.61876527406366,OFF,RETRACTED,MANUAL
23:38:09.879,9.68,38.89,0.00,282.858327107946,OFF,RETRACTED,MANUAL
23:38:09.982,9.80,38.43,0.00,284.09706748536223,OFF,RETRACTED,MANUAL
23:38:10.081,9.88,37.95,0.00,285.3349554378672,OFF,RETRACTED,MANUAL
23:38:10.182,9.95,37.46,0.00,286.57196001832665,OFF,RETRACTED,MANUAL
23:38:10.283,9.99,36.95,0.00,287.80805030169034,OFF,RETRACTED,MANUAL
23:38:10.385,10.00,36.43,0.00,289.04319538576544,OFF,RETRACTED,MANUAL
23:38:10.485,9.99,35.90,0.00,290.2773643919897,OFF,RETRACTED,MANUAL
23:38:10.586,9.95,35.35,0.00,291.51052646620184,OFF,RETRACTED,MANUAL
23:38:10.687,9.89,34.78,0.00,292.7426507794144,OFF,RETRACTED,MANUAL
23:38:10.788,9.81,34.21,0.00,293.97370652858365,OFF,RETRACTED,MANUAL
23:38:10.890,9.70,33.61,0.00,295.2036629373797,OFF,RETRACTED,MANUAL
23:38:10.990,9.56,33.01,0.00,296.43248925695696,OFF,RETRACTED,MANUAL
23:38:11.092,9.40,32.39,0.00,297.6601547667211,OFF,RETRACTED,MANUAL
23:38:11.192,9.22,31.76,0.00,298.8866287750984,OFF,RETRACTED,MANUAL
23:38:11.292,9.02,31.12,0.00,300.1118806203025,OFF,RETRACTED,MANUAL
23:38:11.394,8.79,30.46,0.00,301.3358796711008,OFF,RETRACTED,MANUAL
23:38:11.494,8.54,29.79,0.00,302.5585953275814,OFF,RETRACTED,MANUAL
23:38:11.594,8.27,29.11,0.00,303.77999702191613,OFF,RETRACTED,MANUAL
23:38:11.695,7.98,28.42,0.00,305.0000542191264,OFF,RETRACTED,MANUAL
23:38:11.796,7.67,27.72,0.00,306.2187364178458,OFF,RETRACTED,MANUAL
23:38:11.901,7.33,27.00,0.00,307.43601315108253,OFF,RETRACTED,MANUAL
23:38:12.002,6.99,26.28,0.00,308.6518539869822,OFF,RETRACTED,MANUAL
23:38:12.105,6.62,25.54,0.00,309.866228529587,OFF,RETRACTED,MANUAL
23:38:12.205,6.24,24.79,0.00,311.07910641959654,OFF,RETRACTED,MANUAL
23:38:12.306,5.84,24.04,0.00,312.2904573351268,OFF,RETRACTED,MANUAL
23:38:12.408,5.43,23.27,0.00,313.5002509924678,OFF,RETRACTED,MANUAL
23:38:12.508,5.00,22.50,0.00,314.70845714684145,OFF,RETRACTED,MANUAL
23:38:12.608,4.56,21.71,0.00,315.91504559315666,OFF,RETRACTED,MANUAL
23:38:12.710,4.11,20.92,0.00,317.11998616676516,OFF,RETRACTED,MANUAL
23:38:12.813,3.65,20.12,0.00,318.3232487442153,OFF,RETRACTED,MANUAL
23:38:12.915,3.18,19.31,0.00,319.5248032440051,OFF,RETRACTED,MANUAL
23:38:13.015,2.70,18.49,0.00,320.72461962733513,OFF,RETRACTED,MANUAL
23:38:13.117,2.22,17.67,0.00,321.922667898858,OFF,RETRACTED,MANUAL
23:38:13.217,1.73,16.84,0.00,323.1189181074294,OFF,RETRACTED,MANUAL
23:38:13.318,1.23,16.00,0.00,324.3133403468564,OFF,RETRACTED,MANUAL
23:38:13.419,0.73,15.16,0.00,325.505904756645,OFF,RETRACTED,MANUAL
23:38:13.523,0.23,14.31,0.00,326.69658152274746,OFF,RETRACTED,MANUAL
23:38:13.624,-0.27,13.45,0.00,327.88534087830647,OFF,RETRACTED,MANUAL
23:38:13.725,-0.76,12.59,0.00,329.07215310440006,OFF,RETRACTED,MANUAL
23:38:13.829,-1.26,11.72,0.00,330.2569885307844,OFF,RETRACTED,MANUAL
23:38:13.929,-1.76,10.85,0.00,331.43981753663525,OFF,RETRACTED,MANUAL
23:38:14.029,-2.25,9.98,0.00,332.6206105512896,OFF,RETRACTED,MANUAL
23:38:14.129,-2.73,9.10,0.00,333.7993380549833,OFF,RETRACTED,MANUAL
23:38:14.231,-3.21,8.21,0.00,334.9759705795902,OFF,RETRACTED,MANUAL
23:38:14.333,-3.68,7.33,0.00,336.15047870935837,OFF,RETRACTED,MANUAL
23:38:14.432,-4.14,6.44,0.00,337.3228330816456,OFF,RETRACTED,MANUAL
23:38:14.533,-4.59,5.55,0.00,338.49300438765414,OFF,RETRACTED,MANUAL
23:38:14.634,-5.03,4.65,0.00,339.66096337316196,OFF,RETRACTED,MANUAL
23:38:14.735,-5.45,3.75,0.00,340.8266808392553,OFF,RETRACTED,MANUAL
23:38:14.836,-5.86,2.86,0.00,341.99012764305814,OFF,RETRACTED,MANUAL
23:38:14.939,-6.26,1.96,0.00,343.15127469846095,OFF,RETRACTED,MANUAL
23:38:15.038,-6.64,1.06,0.00,344.31009297684807,OFF,RETRACTED,MANUAL
23:38:15.139,-7.01,0.16,0.00,345.4665535078227,OFF,RETRACTED,MANUAL
23:38:15.240,-7.36,-0.74,0.00,346.62062737993193,OFF,RETRACTED,MANUAL
23:38:15.339,-7.69,-1.64,0.00,347.772285741389,OFF,RETRACTED,MANUAL
23:38:15.442,-8.00,-2.54,0.00,348.92149980079455,OFF,RETRACTED,MANUAL
23:38:15.546,-8.29,-3.44,0.00,350.0682408278575,OFF,RETRACTED,MANUAL
23:38:15.650,-8.56,-4.33,0.00,351.21248015411163,OFF,RETRACTED,MANUAL
23:38:15.755,-8.80,-5.23,0.00,352.35418917363336,OFF,RETRACTED,MANUAL
23:38:15.855,-9.03,-6.12,0.00,353.4933393437567,OFF,RETRACTED,MANUAL
23:38:15.956,-9.23,-7.01,0.00,354.62990218578653,OFF,RETRACTED,MANUAL
23:38:16.058,-9.41,-7.90,0.00,355.7638492857114,OFF,RETRACTED,MANUAL
23:38:16.171,-9.57,-8.78,0.00,356.89515229491263,OFF,RETRACTED,MANUAL
23:38:16.283,-9.70,-9.66,0.00,358.02378293087395,OFF,RETRACTED,MANUAL
23:38:16.436,-9.81,-10.54,0.00,359.1497129778882,OFF,RETRACTED,MANUAL
23:38:16.545,-9.90,-11.41,0.00,360.2729142877627,OFF,RETRACTED,MANUAL
23:38:16.652,-9.96,-12.28,0.00,361.3933587805236,OFF,RETRACTED,MANUAL
23:38:16.756,-9.99,-13.15,0.00,362.51101844511675,OFF,RETRACTED,MANUAL
23:38:16.860,-10.00,-14.00,0.00,363.62586534010865,OFF,RETRACTED,MANUAL
23:38:16.962,-9.98,-14.86,0.00,364.73787159438507,OFF,RETRACTED,MANUAL
23:38:17.061,-9.94,-15.70,0.00,365.8470094078474,OFF,RETRACTED,MANUAL
23:38:17.165,-9.88,-16.54,0.00,366.9532510521084,OFF,RETRACTED,MANUAL
23:38:17.274,-9.79,-17.38,0.00,368.05656887118437,OFF,RETRACTED,MANUAL
23:38:17.375,-9.67,-18.20,0.00,369.1569352821874,OFF,RETRACTED,MANUAL
23:38:17.472,-9.54,-19.02,0.00,370.2543227760144,OFF,RETRACTED,MANUAL
23:38:17.575,-9.37,-19.83,0.00,371.3487039180351,OFF,RETRACTED,MANUAL
23:38:17.680,-9.19,-20.64,0.00,372.4400513487783,OFF,RETRACTED,MANUAL
23:38:17.782,-8.98,-21.43,0.00,373.5283377846148,OFF,RETRACTED,MANUAL
23:38:17.884,-8.75,-22.22,0.00,374.61353601844047,OFF,RETRACTED,MANUAL
23:38:17.987,-8.50,-23.00,0.00,375.69561892035597,OFF,RETRACTED,MANUAL
23:38:18.088,-8.22,-23.77,0.00,376.77455943834485,OFF,RETRACTED,MANUAL
23:38:18.188,-7.93,-24.53,0.00,377.8503305989509,OFF,RETRACTED,MANUAL
23:38:18.291,-7.61,-25.28,0.00,378.92290550795076,OFF,RETRACTED,MANUAL
23:38:18.396,-7.28,-26.02,0.00,379.9922573510277,OFF,RETRACTED,MANUAL
23:38:18.495,-6.93,-26.75,0.00,381.05835939444125,OFF,RETRACTED,MANUAL
23:38:18.597,-6.56,-27.46,0.00,382.1211849856958,OFF,RETRACTED,MANUAL
23:38:18.698,-6.17,-28.17,0.00,383.18070755420706,OFF,RETRACTED,MANUAL
23:38:18.799,-5.77,-28.87,0.00,384.236900611966,OFF,RETRACTED,MANUAL
23:38:18.900,-5.35,-29.55,0.00,385.28973775420116,OFF,RETRACTED,MANUAL
23:38:19.003,-4.93,-30.23,0.00,386.33919266003886,OFF,RETRACTED,MANUAL
23:38:19.105,-4.48,-30.89,0.00,387.38523909316075,OFF,RETRACTED,MANUAL
23:38:19.205,-4.03,-31.53,0.00,388.42785090246105,OFF,RETRACTED,MANUAL
23:38:19.308,-3.57,-32.17,0.00,389.4670020226986,OFF,RETRACTED,MANUAL
23:38:19.408,-3.10,-32.79,0.00,390.5026664751494,OFF,RETRACTED,MANUAL
23:38:19.511,-2.62,-33.40,0.00,391.5348183682562,OFF,RETRACTED,MANUAL
23:38:19.611,-2.13,-34.00,0.00,392.5634318982752,OFF,RETRACTED,MANUAL
23:38:19.715,-1.64,-34.58,0.00,393.5884813499221,OFF,RETRACTED,MANUAL
23:38:19.818,-1.15,-35.15,0.00,394.6099410970138,OFF,RETRACTED,MANUAL
23:38:19.922,-0.65,-35.71,0.00,395.6277856031099,OFF,RETRACTED,MANUAL
23:38:20.027,-0.15,-36.25,0.00,396.64198942215063,OFF,RETRACTED,MANUAL
23:38:20.127,0.35,-36.77,0.00,397.65252719909324,OFF,RETRACTED,MANUAL
23:38:20.232,0.85,-37.28,0.00,398.6593736705463,OFF,RETRACTED,MANUAL
23:38:20.333,1.35,-37.78,0.00,399.6625036654002,OFF,RETRACTED,MANUAL
23:38:20.434,1.84,-38.26,0.00,400.66189210545747,OFF,RETRACTED,MANUAL
23:38:20.534,2.33,-38.73,0.00,401.65751400605905,OFF,RETRACTED,MANUAL
23:38:20.634,2.81,-39.18,0.00,402.6493444767091,OFF,RETRACTED,MANUAL
23:38:20.737,3.29,-39.61,0.00,403.63735872169786,OFF,RETRACTED,MANUAL
23:38:20.837,3.76,-40.03,0.00,404.6215320407206,OFF,RETRACTED,MANUAL
23:38:20.940,4.21,-40.43,0.00,405.6018398294955,OFF,RETRACTED,MANUAL
23:38:21.043,4.66,-40.82,0.00,406.5782575803788,OFF,RETRACTED,MANUAL
23:38:21.142,5.10,-41.19,0.00,407.55076088297767,OFF,RETRACTED,MANUAL
23:38:21.243,5.52,-41.55,0.00,408.5193254247603,OFF,RETRACTED,MANUAL
23:38:21.351,5.93,-41.88,0.00,409.4839269916636,OFF,RETRACTED,MANUAL
23:38:21.452,6.33,-42.20,0.00,410.4445414686985,OFF,RETRACTED,MANUAL
23:38:21.554,6.71,-42.51,0.00,411.40114484055323,OFF,RETRACTED,MANUAL
23:38:21.654,7.07,-42.80,0.00,412.353713192193,OFF,RETRACTED,MANUAL
23:38:21.757,7.41,-43.06,0.00,413.3022227094591,OFF,RETRACTED,MANUAL
23:38:21.859,7.74,-43.32,0.00,414.2466496796628,OFF,RETRACTED,MANUAL
23:38:21.960,8.05,-43.55,0.00,415.18697049217894,OFF,RETRACTED,MANUAL
23:38:22.060,8.33,-43.77,0.00,416.1231616390363,OFF,RETRACTED,MANUAL
23:38:22.161,8.60,-43.97,0.00,417.05519971550484,OFF,RETRACTED,MANUAL
23:38:22.262,8.84,-44.15,0.00,417.98306142068134,OFF,RETRACTED,MANUAL
23:38:22.363,9.07,-44.32,0.00,418.90672355807146,OFF,RETRACTED,MANUAL
23:38:22.463,9.26,-44.47,0.00,419.8261630361698,OFF,RETRACTED,MANUAL
23:38:22.564,9.44,-44.59,0.00,420.7413568690374,OFF,RETRACTED,MANUAL
23:38:22.666,9.59,-44.71,0.00,421.6522821768759,OFF,RETRACTED,MANUAL
23:38:22.766,9.72,-44.80,0.00,422.5589161866003,OFF,RETRACTED,MANUAL
23:38:22.867,9.83,-44.88,0.00,423.4612362324075,OFF,RETRACTED,MANUAL
23:38:22.968,9.91,-44.93,0.00,424.35921975634335,OFF,RETRACTED,MANUAL
23:38:23.071,9.96,-44.97,0.00,425.25284430886643,OFF,RETRACTED,MANUAL
23:38:23.174,9.99,-45.00,0.00,426.14208754940944,OFF,RETRACTED,MANUAL
23:38:23.289,10.00,-45.00,0.00,427.0269272469379,OFF,RETRACTED,MANUAL
23:38:23.392,9.98,-44.99,0.00,427.9073412805053,OFF,RETRACTED,MANUAL
23:38:23.492,9.93,-44.95,0.00,428.7833076398067,OFF,RETRACTED,MANUAL
23:38:23.594,9.87,-44.90,0.00,429.6548044257288,OFF,RETRACTED,MANUAL
23:38:23.699,9.77,-44.83,0.00,430.52180985089706,OFF,RETRACTED,MANUAL
23:38:23.813,9.65,-44.75,0.00,431.38430224022136,OFF,RETRACTED,MANUAL
23:38:23.925,9.51,-44.65,0.00,432.2422600314368,OFF,RETRACTED,MANUAL
23:38:24.030,9.34,-44.52,0.00,433.0956617756432,OFF,RETRACTED,MANUAL
23:38:24.130,9.15,-44.38,0.00,433.9444861378414,OFF,RETRACTED,MANUAL
23:38:24.231,8.94,-44.23,0.00,434.78871189746644,OFF,RETRACTED,MANUAL
23:38:24.332,8.71,-44.05,0.00,435.6283179489186,OFF,RETRACTED,MANUAL
23:38:24.432,8.45,-43.86,0.00,436.4632833020902,OFF,RETRACTED,MANUAL
23:38:24.534,8.17,-43.65,0.00,437.2935870828909,OFF,RETRACTED,MANUAL
23:38:24.635,7.87,-43.42,0.00,438.1192085337693,OFF,RETRACTED,MANUAL
23:38:24.735,7.56,-43.18,0.00,438.9401270142322,OFF,RETRACTED,MANUAL
23:38:24.836,7.22,-42.91,0.00,439.75632200136045,OFF,RETRACTED,MANUAL
23:38:24.936,6.86,-42.63,0.00,440.5677730903218,OFF,RETRACTED,MANUAL
23:38:25.037,6.49,-42.34,0.00,441.37445999488125,OFF,RETRACTED,MANUAL
23:38:25.138,6.10,-42.02,0.00,442.1763625479083,OFF,RETRACTED,MANUAL
23:38:25.240,5.70,-41.69,0.00,442.97346070188064,OFF,RETRACTED,MANUAL
23:38:25.340,5.28,-41.35,0.00,443.76573452938635,OFF,RETRACTED,MANUAL
23:38:25.441,4.85,-40.98,0.00,444.5531642236207,OFF,RETRACTED,MANUAL
23:38:25.542,4.41,-40.60,0.00,445.33573009888244,OFF,RETRACTED,MANUAL
23:38:25.643,3.96,-40.21,0.00,446.1134125910654,OFF,RETRACTED,MANUAL
23:38:25.743,3.49,-39.80,0.00,446.88619225814773,OFF,RETRACTED,MANUAL
23:38:25.861,3.02,-39.37,0.00,447.6540497806783,OFF,RETRACTED,MANUAL
23:38:25.963,2.54,-38.92,0.00,448.4169659622587,OFF,RETRACTED,MANUAL
23:38:26.067,2.05,-38.47,0.00,449.17492173002427,OFF,RETRACTED,MANUAL
23:38:26.175,1.56,-37.99,0.00,449.92789813512036,OFF,RETRACTED,MANUAL
23:38:26.280,1.06,-37.50,0.00,450.6758763531758,OFF,RETRACTED,MANUAL
23:38:26.380,0.57,-37.00,0.00,451.41883768477436,OFF,RETRACTED,MANUAL
23:38:26.483,0.07,-36.48,0.00,452.1567635559214,OFF,RETRACTED,MANUAL
23:38:26.584,-0.43,-35.94,0.00,452.8896355185085,OFF,RETRACTED,MANUAL
23:38:26.688,-0.93,-35.39,0.00,453.61743525077486,OFF,RETRACTED,MANUAL
23:38:26.790,-1.43,-34.83,0.00,454.3401445577648,OFF,RETRACTED,MANUAL
23:38:26.891,-1.92,-34.25,0.00,455.0577453717837,OFF,RETRACTED,MANUAL
23:38:26.992,-2.41,-33.66,0.00,455.77021975284833,OFF,RETRACTED,MANUAL
23:38:27.092,-2.89,-33.06,0.00,456.4775498891364,OFF,RETRACTED,MANUAL
23:38:27.195,-3.37,-32.44,0.00,457.17971809743125,OFF,RETRACTED,MANUAL
23:38:27.296,-3.83,-31.81,0.00,457.8767068235641,OFF,RETRACTED,MANUAL
23:38:27.398,-4.29,-31.17,0.00,458.56849864285346,OFF,RETRACTED,MANUAL
23:38:27.497,-4.74,-30.51,0.00,459.2550762605396,OFF,RETRACTED,MANUAL
23:38:27.601,-5.17,-29.85,0.00,459.936422512218,OFF,RETRACTED,MANUAL
23:38:27.702,-5.59,-29.17,0.00,460.61252036426777,OFF,RETRACTED,MANUAL
23:38:27.826,-6.00,-28.47,0.00,461.2833529142776,OFF,RETRACTED,MANUAL
23:38:27.941,-6.39,-27.77,0.00,461.9489033914691,OFF,RETRACTED,MANUAL
23:38:28.042,-6.77,-27.06,0.00,462.60915515711486,OFF,RETRACTED,MANUAL
23:38:28.142,-7.13,-26.33,0.00,463.26409170495504,OFF,RETRACTED,MANUAL
23:38:28.244,-7.47,-25.60,0.00,463.91369666161006,OFF,RETRACTED,MANUAL
23:38:28.344,-7.79,-24.85,0.00,464.55795378698974,OFF,RETRACTED,MANUAL
23:38:28.447,-8.10,-24.10,0.00,465.1968469746997,OFF,RETRACTED,MANUAL
23:38:28.549,-8.38,-23.33,0.00,465.8303602524436,OFF,RETRACTED,MANUAL
23:38:28.649,-8.64,-22.56,0.00,466.4584777824223,OFF,RETRACTED,MANUAL
23:38:28.750,-8.88,-21.78,0.00,467.08118386173027,OFF,RETRACTED,MANUAL
23:38:28.851,-9.10,-20.98,0.00,467.6984629227479,OFF,RETRACTED,MANUAL
23:38:28.952,-9.30,-20.18,0.00,468.310299533531,OFF,RETRACTED,MANUAL
23:38:29.053,-9.47,-19.38,0.00,468.91667839819615,OFF,RETRACTED,MANUAL
23:38:29.155,-9.62,-18.56,0.00,469.5175843573032,OFF,RETRACTED,MANUAL
23:38:29.258,-9.74,-17.74,0.00,470.11300238823446,OFF,RETRACTED,MANUAL
23:38:29.362,-9.84,-16.91,0.00,470.7029176055702,OFF,RETRACTED,MANUAL
23:38:29.485,-9.92,-16.07,0.00,471.2873152614608,OFF,RETRACTED,MANUAL
23:38:29.599,-9.97,-15.22,0.00,471.8661807459953,OFF,RETRACTED,MANUAL
23:38:29.707,-10.00,-14.37,0.00,472.4394995875666,OFF,RETRACTED,MANUAL
23:38:29.807,-10.00,-13.52,0.00,473.0072574532336,OFF,RETRACTED,MANUAL
23:38:29.909,-9.97,-12.66,0.00,473.5694401490791,OFF,RETRACTED,MANUAL
23:38:30.010,-9.92,-11.79,0.00,474.1260336205653,OFF,RETRACTED,MANUAL
23:38:30.110,-9.85,-10.92,0.00,474.67702395288416,OFF,RETRACTED,MANUAL
23:38:30.212,-9.75,-10.05,0.00,475.2223973713061,OFF,RETRACTED,MANUAL
23:38:30.315,-9.63,-9.17,0.00,475.7621402415241,OFF,RETRACTED,MANUAL
23:38:30.416,-9.48,-8.28,0.00,476.2962390699944,OFF,RETRACTED,MANUAL
23:38:30.517,-9.31,-7.40,0.00,476.8246805042743,OFF,RETRACTED,MANUAL
23:38:30.618,-9.12,-6.51,0.00,477.3474513333553,OFF,RETRACTED,MANUAL
23:38:30.719,-8.90,-5.62,0.00,477.864538487994,OFF,RETRACTED,MANUAL
23:38:30.821,-8.67,-4.72,0.00,478.3759290410385,OFF,RETRACTED,MANUAL
23:38:30.922,-8.41,-3.83,0.00,478.8816102077514,OFF,RETRACTED,MANUAL
23:38:31.022,-8.12,-2.93,0.00,479.38156934613016,OFF,RETRACTED,MANUAL
23:38:31.122,-7.82,-2.03,0.00,479.8757939572222,OFF,RETRACTED,MANUAL
23:38:31.222,-7.50,-1.13,0.00,480.3642716854379,OFF,RETRACTED,MANUAL
23:38:31.323,-7.16,-0.23,0.00,480.8469903188597,OFF,RETRACTED,MANUAL
23:38:31.424,-6.80,0.67,0.00,481.3239377895467,OFF,RETRACTED,MANUAL
23:38:31.535,-6.43,1.57,0.00,481.7951021738371,OFF,RETRACTED,MANUAL
23:38:31.634,-6.04,2.47,0.00,482.26047169264587,OFF,RETRACTED,MANUAL
23:38:31.755,-5.63,3.37,0.00,482.7200347117592,OFF,RETRACTED,MANUAL
23:38:31.861,-5.21,4.26,0.00,483.17377974212553,OFF,RETRACTED,MANUAL
23:38:31.963,-4.78,5.16,0.00,483.62169544014273,OFF,RETRACTED,MANUAL
23:38:32.091,-4.33,6.05,0.00,484.06377060794176,OFF,RETRACTED,MANUAL
23:38:32.199,-3.88,6.94,0.00,484.4999941936664,OFF,RETRACTED,MANUAL
23:38:32.299,-3.41,7.83,0.00,484.9303552917497,OFF,RETRACTED,MANUAL
23:38:32.401,-2.94,8.71,0.00,485.3548431431867,OFF,RETRACTED,MANUAL
23:38:32.504,-2.46,9.59,0.00,485.7734471358031,OFF,RETRACTED,MANUAL
23:38:32.605,-1.97,10.47,0.00,486.18615680452103,OFF,RETRACTED,MANUAL
23:38:32.719,-1.48,11.35,0.00,486.59296183162024,OFF,RETRACTED,MANUAL
23:38:32.842,-0.98,12.21,0.00,486.99385204699615,OFF,RETRACTED,MANUAL
23:38:32.950,-0.48,13.08,0.00,487.3888174284143,OFF,RETRACTED,MANUAL
23:38:33.050,0.02,13.94,0.00,487.7778481017607,OFF,RETRACTED,MANUAL
23:38:33.155,0.52,14.79,0.00,488.16093434128885,OFF,RETRACTED,MANUAL
23:38:33.258,1.02,15.64,0.00,488.5380665698627,OFF,RETRACTED,MANUAL
23:38:33.381,1.51,16.48,0.00,488.90923535919615,OFF,RETRACTED,MANUAL
23:38:33.499,2.00,17.31,0.00,489.2744314300887,OFF,RETRACTED,MANUAL
23:38:33.603,2.49,18.14,0.00,489.6336456526578,OFF,RETRACTED,MANUAL
23:38:33.716,2.97,18.96,0.00,489.9868690465664,OFF,RETRACTED,MANUAL
23:38:33.820,3.45,19.77,0.00,490.3340927812483,OFF,RETRACTED,MANUAL
23:38:33.922,3.91,20.58,0.00,490.67530817612794,OFF,RETRACTED,MANUAL
23:38:34.025,4.37,21.37,0.00,491.01050670083833,OFF,RETRACTED,MANUAL
23:38:34.126,4.81,22.16,0.00,491.3396799754338,OFF,RETRACTED,MANUAL
23:38:34.238,5.24,22.94,0.00,491.66281977059975,OFF,RETRACTED,MANUAL
23:38:34.338,5.66,23.71,0.00,491.979918007858,OFF,RETRACTED,MANUAL
23:38:34.440,6.07,24.47,0.00,492.29096675976916,OFF,RETRACTED,MANUAL
23:38:34.553,6.46,25.22,0.00,492.5959582501306,OFF,RETRACTED,MANUAL
23:38:34.831,6.83,25.96,0.00,492.894884854171,OFF,RETRACTED,MANUAL
23:38:34.999,7.19,26.69,0.00,493.1877390987408,OFF,RETRACTED,MANUAL
23:38:35.121,7.52,27.41,0.00,493.47451366249913,OFF,RETRACTED,MANUAL
23:38:35.226,7.84,28.12,0.00,493.7552013760969,OFF,RETRACTED,MANUAL
23:38:35.328,8.14,28.81,0.00,494.02979522235586,OFF,RETRACTED,MANUAL
23:38:35.430,8.42,29.50,0.00,494.2982883364441,OFF,RETRACTED,MANUAL
23:38:35.530,8.68,30.17,0.00,494.56067400604775,OFF,RETRACTED,MANUAL
23:38:35.631,8.92,30.83,0.00,494.81694567153886,OFF,RETRACTED,MANUAL
23:38:35.732,9.13,31.48,0.00,495.067096926139,OFF,RETRACTED,MANUAL
23:38:35.835,9.33,32.12,0.00,495.31112151607994,OFF,RETRACTED,MANUAL
23:38:35.935,9.50,32.74,0.00,495.5490133407595,OFF,RETRACTED,MANUAL
23:38:36.038,9.64,33.35,0.00,495.78076645289457,OFF,RETRACTED,MANUAL
23:38:36.138,9.76,33.95,0.00,496.0063750586694,OFF,RETRACTED,MANUAL
23:38:36.242,9.86,34.54,0.00,496.22583351788063,OFF,RETRACTED,MANUAL
23:38:36.342,9.93,35.11,0.00,496.4391363440781,OFF,RETRACTED,MANUAL
23:38:36.442,9.98,35.66,0.00,496.64627820470236,OFF,RETRACTED,MANUAL
23:38:36.543,10.00,36.20,0.00,496.84725392121766,OFF,RETRACTED,MANUAL
23:38:36.643,10.00,36.73,0.00,497.0420584692415,OFF,RETRACTED,MANUAL
23:38:36.745,9.97,37.24,0.00,497.2306869786705,OFF,RETRACTED,MANUAL
23:38:36.847,9.91,37.74,0.00,497.4131347338015,OFF,RETRACTED,MANUAL
23:38:36.949,9.84,38.22,0.00,497.58939717345027,OFF,RETRACTED,MANUAL
23:38:37.048,9.73,38.69,0.00,497.759469891065,OFF,RETRACTED,MANUAL
23:38:37.149,9.61,39.14,0.00,497.92334863483654,OFF,RETRACTED,MANUAL
23:38:37.253,9.46,39.58,0.00,498.0810293078049,OFF,RETRACTED,MANUAL
23:38:37.356,9.28,40.00,0.00,498.2325079679615,OFF,RETRACTED,MANUAL
23:38:37.457,9.09,40.40,0.00,498.37778082834757,OFF,RETRACTED,MANUAL
23:38:37.562,8.87,40.79,0.00,498.5168442571493,OFF,RETRACTED,MANUAL
23:38:37.662,8.62,41.16,0.00,498.64969477778817,OFF,RETRACTED,MANUAL
23:38:37.775,8.36,41.52,0.00,498.7763290690081,OFF,RETRACTED,MANUAL
23:38:37.877,8.07,41.86,0.00,498.89674396495843,OFF,RETRACTED,MANUAL
23:38:37.983,7.77,42.18,0.00,499.01093645527294,OFF,RETRACTED,MANUAL
23:38:38.080,7.45,42.48,0.00,499.11890368514537,OFF,RETRACTED,MANUAL
23:38:38.181,7.10,42.77,0.00,499.22064295540065,OFF,RETRACTED,MANUAL
23:38:38.282,6.74,43.04,0.00,499.31615172256227,OFF,RETRACTED,MANUAL
23:38:38.385,6.36,43.30,0.00,499.40542759891605,OFF,RETRACTED,MANUAL
23:38:38.487,5.97,43.53,0.00,499.48846835256967,OFF,RETRACTED,MANUAL
23:38:38.586,5.56,43.75,0.00,499.56527190750865,OFF,RETRACTED,MANUAL
23:38:38.687,5.14,43.96,0.00,499.6358363436482,OFF,RETRACTED,MANUAL
23:38:38.788,4.70,44.14,0.00,499.7001598968809,OFF,RETRACTED,MANUAL
23:38:38.889,4.26,44.31,0.00,499.7582409591215,OFF,RETRACTED,MANUAL
23:38:38.993,3.80,44.45,0.00,499.81007807834624,OFF,RETRACTED,MANUAL
23:38:39.091,3.33,44.58,0.00,499.8556699586301,OFF,RETRACTED,MANUAL
23:38:39.194,2.86,44.70,0.00,499.8950154601781,OFF,RETRACTED,MANUAL
23:38:39.297,2.38,44.79,0.00,499.92811359935513,OFF,RETRACTED,MANUAL
23:38:39.397,1.89,44.87,0.00,499.9549635487092,OFF,RETRACTED,MANUAL
23:38:39.498,1.39,44.93,0.00,499.975564636993,OFF,RETRACTED,MANUAL
23:38:39.599,0.90,44.97,0.00,499.9899163491805,OFF,RETRACTED,MANUAL
23:38:39.699,0.40,44.99,0.00,499.99801832647944,OFF,RETRACTED,MANUAL
23:38:39.802,-0.10,45.00,0.00,499.99987036634104,OFF,RETRACTED,MANUAL
23:38:39.903,-0.60,44.99,0.00,499.9954724224642,OFF,RETRACTED,MANUAL
23:38:40.004,-1.10,44.96,0.00,499.9848246047975,OFF,RETRACTED,MANUAL
23:38:40.106,-1.59,44.91,0.00,499.96792717953565,OFF,RETRACTED,MANUAL
23:38:40.204,-2.09,44.84,0.00,499.9447805691135,OFF,RETRACTED,MANUAL
23:38:40.308,-2.57,44.76,0.00,499.915385352195,OFF,RETRACTED,MANUAL
23:38:40.433,-3.05,44.65,0.00,499.8797422636592,OFF,RETRACTED,MANUAL
23:38:40.545,-3.52,44.53,0.00,499.8378521945814,OFF,RETRACTED,MANUAL
23:38:40.667,-3.99,44.40,0.00,499.789716192211,OFF,RETRACTED,MANUAL
23:38:40.773,-4.44,44.24,0.00,499.7353354599457,OFF,RETRACTED,MANUAL
23:38:40.871,-4.88,44.07,0.00,499.67471135730096,OFF,RETRACTED,MANUAL
23:38:40.974,-5.31,43.88,0.00,499.60784539987617,OFF,RETRACTED,MANUAL
23:38:41.075,-5.73,43.67,0.00,499.5347392593168,OFF,RETRACTED,MANUAL
23:38:41.176,-6.13,43.44,0.00,499.45539476327247,OFF,RETRACTED,MANUAL
23:38:41.277,-6.52,43.20,0.00,499.3698138953515,OFF,RETRACTED,MANUAL
23:38:41.382,-6.89,42.94,0.00,499.2779987950712,OFF,RETRACTED,MANUAL
23:38:41.481,-7.24,42.66,0.00,499.17995175780425,OFF,RETRACTED,MANUAL
23:38:41.580,-7.58,42.36,0.00,499.07567523472153,OFF,RETRACTED,MANUAL
23:38:41.682,-7.90,42.05,0.00,498.96517183273056,OFF,RETRACTED,MANUAL
23:38:41.784,-8.19,41.72,0.00,498.8484443144107,OFF,RETRACTED,MANUAL
23:38:41.884,-8.47,41.38,0.00,498.7254955979438,OFF,RETRACTED,MANUAL
23:38:41.996,-8.72,41.01,0.00,498.5963287570414,OFF,RETRACTED,MANUAL
23:38:42.099,-8.96,40.64,0.00,498.4609470208678,OFF,RETRACTED,MANUAL
23:38:42.202,-9.17,40.24,0.00,498.31935377395934,OFF,RETRACTED,MANUAL
23:38:42.303,-9.36,39.83,0.00,498.17155255613983,OFF,RETRACTED,MANUAL
23:38:42.406,-9.52,39.40,0.00,498.01754706243196,OFF,RETRACTED,MANUAL
23:38:42.506,-9.66,38.96,0.00,497.85734114296514,OFF,RETRACTED,MANUAL
23:38:42.607,-9.78,38.50,0.00,497.69093880287903,OFF,RETRACTED,MANUAL
23:38:42.708,-9.87,38.03,0.00,497.5183442022233,OFF,RETRACTED,MANUAL
23:38:42.809,-9.94,37.54,0.00,497.33956165585414,OFF,RETRACTED,MANUAL
23:38:42.910,-9.98,37.04,0.00,497.1545956333259,OFF,RETRACTED,MANUAL
23:38:43.010,-10.00,36.52,0.00,496.96345075877935,OFF,RETRACTED,MANUAL
23:38:43.114,-9.99,35.98,0.00,496.76613181082655,OFF,RETRACTED,MANUAL
23:38:43.217,-9.96,35.44,0.00,496.56264372243083,OFF,RETRACTED,MANUAL
23:38:43.316,-9.90,34.88,0.00,496.3529915807839,OFF,RETRACTED,MANUAL
23:38:43.417,-9.82,34.30,0.00,496.13718062717834,OFF,RETRACTED,MANUAL
23:38:43.517,-9.71,33.71,0.00,495.91521625687665,OFF,RETRACTED,MANUAL
23:38:43.620,-9.58,33.11,0.00,495.6871040189767,OFF,RETRACTED,MANUAL
23:38:43.719,-9.43,32.49,0.00,495.4528496162724,OFF,RETRACTED,MANUAL
23:38:43.821,-9.25,31.86,0.00,495.2124589051117,OFF,RETRACTED,MANUAL
23:38:43.922,-9.05,31.22,0.00,494.9659378952499,OFF,RETRACTED,MANUAL
23:38:44.023,-8.83,30.57,0.00,494.71329274969924,OFF,RETRACTED,MANUAL
23:38:44.124,-8.58,29.90,0.00,494.45452978457547,OFF,RETRACTED,MANUAL
23:38:44.228,-8.31,29.22,0.00,494.18965546893895,OFF,RETRACTED,MANUAL
23:38:44.326,-8.02,28.53,0.00,493.918676424634,OFF,RETRACTED,MANUAL
23:38:44.426,-7.72,27.83,0.00,493.6415994261225,OFF,RETRACTED,MANUAL
23:38:44.527,-7.39,27.12,0.00,493.3584314003149,OFF,RETRACTED,MANUAL
23:38:44.628,-7.04,26.39,0.00,493.06917942639734,OFF,RETRACTED,MANUAL
23:38:44.733,-6.68,25.66,0.00,492.7738507356538,OFF,RETRACTED,MANUAL
23:38:44.832,-6.30,24.91,0.00,492.4724527112865,OFF,RETRACTED,MANUAL
23:38:44.933,-5.90,24.16,0.00,492.1649928882302,OFF,RETRACTED,MANUAL
23:38:45.035,-5.49,23.40,0.00,491.85147895296427,OFF,RETRACTED,MANUAL
23:38:45.135,-5.07,22.62,0.00,491.53191874332106,OFF,RETRACTED,MANUAL
23:38:45.237,-4.63,21.84,0.00,491.206320248289,OFF,RETRACTED,MANUAL
23:38:45.339,-4.18,21.05,0.00,490.8746916078136,OFF,RETRACTED,MANUAL
23:38:45.441,-3.72,20.25,0.00,490.53704111259356,OFF,RETRACTED,MANUAL
23:38:45.542,-3.25,19.44,0.00,490.1933772038735,OFF,RETRACTED,MANUAL
23:38:45.641,-2.78,18.63,0.00,489.8437084732336,OFF,RETRACTED,MANUAL
23:38:45.744,-2.29,17.80,0.00,489.48804366237357,OFF,RETRACTED,MANUAL
23:38:45.846,-1.80,16.97,0.00,489.12639166289546,OFF,RETRACTED,MANUAL
23:38:45.948,-1.31,16.14,0.00,488.7587615160802,OFF,RETRACTED,MANUAL
23:38:46.047,-0.81,15.29,0.00,488.3851624126623,OFF,RETRACTED,MANUAL
23:38:46.152,-0.31,14.44,0.00,488.00560369260006,OFF,RETRACTED,MANUAL
23:38:46.255,0.19,13.59,0.00,487.62009484484156,OFF,RETRACTED,MANUAL
23:38:46.356,0.69,12.73,0.00,487.22864550708806,OFF,RETRACTED,MANUAL
23:38:46.458,1.18,11.86,0.00,486.8312654655525,OFF,RETRACTED,MANUAL
23:38:46.560,1.68,10.99,0.00,486.4279646547152,OFF,RETRACTED,MANUAL
23:38:46.659,2.17,10.12,0.00,486.0187531570756,OFF,RETRACTED,MANUAL
23:38:46.760,2.65,9.24,0.00,485.6036412028995,ON,RETRACTED,MANUAL
23:38:46.867,3.13,8.35,0.00,485.18263916996455,ON,RETRACTED,MANUAL
23:38:46.968,3.60,7.47,0.00,484.7557575832994,ON,RETRACTED,MANUAL
23:38:47.075,4.06,6.58,0.00,484.3230071149214,ON,RETRACTED,MANUAL
23:38:47.181,4.52,5.69,0.00,483.8843985835699,ON,RETRACTED,MANUAL
23:38:47.285,4.96,4.79,0.00,483.4399429544352,ON,RETRACTED,MANUAL
23:38:47.387,5.38,3.90,0.00,482.98965133888515,ON,RETRACTED,MANUAL
23:38:47.487,5.80,3.00,0.00,482.5335349941865,ON,RETRACTED,MANUAL
23:38:47.587,6.20,2.10,0.00,482.07160532322393,ON,RETRACTED,MANUAL
23:38:47.703,6.58,1.20,0.00,481.6038738742154,ON,RETRACTED,MANUAL
23:38:47.823,6.95,0.30,0.00,481.13035234042263,ON,RETRACTED,MANUAL
23:38:47.925,7.30,-0.60,0.00,480.6510525598596,ON,RETRACTED,MANUAL
23:38:48.025,7.63,-1.50,0.00,480.16598651499555,ON,RETRACTED,MANUAL
23:38:48.128,7.95,-2.40,0.00,479.67516633245623,ON,RETRACTED,MANUAL
23:38:48.235,8.24,-3.29,0.00,479.1786042827211,ON,RETRACTED,MANUAL
23:38:48.335,8.51,-4.19,0.00,478.6763127798151,ON,RETRACTED,MANUAL
23:38:48.438,8.77,-5.09,0.00,478.1683043809999,ON,RETRACTED,MANUAL
23:38:48.539,8.99,-5.98,0.00,477.65459178645904,ON,RETRACTED,MANUAL
23:38:48.640,9.20,-6.87,0.00,477.1351878389803,ON,RETRACTED,MANUAL
23:38:48.745,9.39,-7.76,0.00,476.6101055236357,ON,RETRACTED,MANUAL
23:38:48.854,9.55,-8.64,0.00,476.0793579674554,ON,RETRACTED,MANUAL
23:38:48.956,9.68,-9.52,0.00,475.5429584391011,ON,RETRACTED,MANUAL
23:38:49.056,9.80,-10.40,0.00,475.0009203485329,ON,RETRACTED,MANUAL
23:38:49.156,9.88,-11.28,0.00,474.45325724667447,ON,RETRACTED,MANUAL
23:38:49.261,9.95,-12.14,0.00,473.89998282507537,ON,RETRACTED,MANUAL
23:38:49.362,9.99,-13.01,0.00,473.3411109155669,ON,RETRACTED,MANUAL
23:38:49.466,10.00,-13.87,0.00,472.7766554899181,ON,RETRACTED,MANUAL
23:38:49.569,9.99,-14.72,0.00,472.206630659485,ON,RETRACTED,MANUAL
23:38:49.673,9.95,-15.57,0.00,471.63105067485844,ON,RETRACTED,MANUAL
23:38:49.778,9.89,-16.41,0.00,471.0499299255084,ON,RETRACTED,MANUAL
23:38:49.878,9.81,-17.24,0.00,470.46328293942315,ON,RETRACTED,MANUAL
23:38:49.979,9.69,-18.07,0.00,469.8711243827471,ON,RETRACTED,MANUAL
23:38:50.081,9.56,-18.89,0.00,469.273469059413,ON,RETRACTED,MANUAL
23:38:50.182,9.40,-19.71,0.00,468.6703319107727,ON,RETRACTED,MANUAL
23:38:50.284,9.22,-20.51,0.00,468.06172801522393,ON,RETRACTED,MANUAL
23:38:50.387,9.01,-21.31,0.00,467.447672587832,ON,RETRACTED,MANUAL
23:38:50.491,8.79,-22.10,0.00,466.8281809799509,ON,RETRACTED,MANUAL
23:38:50.594,8.54,-22.88,0.00,466.20326867883847,ON,RETRACTED,MANUAL
23:38:50.700,8.27,-23.65,0.00,465.57295130726936,ON,RETRACTED,MANUAL
23:38:50.820,7.97,-24.41,0.00,464.9372446231456,ON,RETRACTED,MANUAL
23:38:50.922,7.66,-25.16,0.00,464.29616451910067,ON,RETRACTED,MANUAL
23:38:51.021,7.33,-25.90,0.00,463.64972702210423,ON,RETRACTED,MANUAL
23:38:51.122,6.98,-26.63,0.00,462.99794829305984,ON,RETRACTED,MANUAL
23:38:51.226,6.62,-27.35,0.00,462.3408446264015,ON,RETRACTED,MANUAL
23:38:51.326,6.23,-28.06,0.00,461.6784324496872,ON,RETRACTED,MANUAL
23:38:51.438,5.83,-28.76,0.00,461.01072832318624,ON,RETRACTED,MANUAL
23:38:51.556,5.42,-29.44,0.00,460.33774893946764,ON,RETRACTED,MANUAL
23:38:51.670,4.99,-30.12,0.00,459.6595111229806,ON,RETRACTED,MANUAL
23:38:51.772,4.56,-30.78,0.00,458.976031829635,ON,RETRACTED,MANUAL
23:38:51.877,4.10,-31.43,0.00,458.28732814637806,ON,RETRACTED,MANUAL
23:38:51.980,3.64,-32.07,0.00,457.59341729076556,ON,RETRACTED,MANUAL
23:38:52.081,3.17,-32.69,0.00,456.8943166105331,ON,RETRACTED,MANUAL
23:38:52.183,2.70,-33.31,0.00,456.19004358316124,ON,RETRACTED,MANUAL
23:38:52.285,2.21,-33.90,0.00,455.4806158154385,ON,RETRACTED,MANUAL
23:38:52.391,1.72,-34.49,0.00,454.7660510430228,ON,RETRACTED,MANUAL
23:38:52.494,1.23,-35.06,0.00,454.0463671299956,ON,RETRACTED,MANUAL
23:38:52.594,0.73,-35.62,0.00,453.3215820684178,ON,RETRACTED,MANUAL
23:38:52.697,0.23,-36.16,0.00,452.59171397787804,ON,RETRACTED,MANUAL
23:38:52.800,-0.27,-36.69,0.00,451.8567811050401,ON,RETRACTED,MANUAL
23:38:52.901,-0.77,-37.20,0.00,451.1168018231882,OFF,RETRACTED,MANUAL
23:38:53.002,-1.27,-37.70,0.00,450.37179463176534,OFF,RETRACTED,MANUAL
23:38:53.104,-1.76,-38.19,0.00,449.6217781559129,OFF,RETRACTED,MANUAL
23:38:53.209,-2.25,-38.65,0.00,448.8667711460036,OFF,RETRACTED,MANUAL
23:38:53.352,-2.73,-39.11,0.00,448.106792477173,OFF,RETRACTED,MANUAL
23:38:53.460,-3.21,-39.54,0.00,447.34186114884875,OFF,RETRACTED,MANUAL
23:38:53.560,-3.68,-39.97,0.00,446.5719962842737,OFF,RETRACTED,MANUAL
23:38:53.662,-4.14,-40.37,0.00,445.79721713003005,OFF,RETRACTED,MANUAL
23:38:53.762,-4.59,-40.76,0.00,445.0175430555558,OFF,RETRACTED,MANUAL
23:38:53.864,-5.03,-41.13,0.00,444.23299355266204,OFF,RETRACTED,MANUAL
23:38:53.965,-5.46,-41.49,0.00,443.44358823504615,OFF,RETRACTED,MANUAL
23:38:54.066,-5.87,-41.83,0.00,442.64934683779916,OFF,RETRACTED,MANUAL
23:38:54.167,-6.26,-42.15,0.00,441.85028921691537,OFF,RETRACTED,MANUAL
23:38:54.268,-6.65,-42.46,0.00,441.04643534879335,OFF,RETRACTED,MANUAL
23:38:54.369,-7.01,-42.75,0.00,440.2378053297376,OFF,RETRACTED,MANUAL
23:38:54.469,-7.36,-43.02,0.00,439.4244193754572,OFF,RETRACTED,MANUAL
23:38:54.570,-7.69,-43.28,0.00,438.606297820558,OFF,RETRACTED,MANUAL
23:38:54.672,-8.00,-43.52,0.00,437.7834611180367,OFF,RETRACTED,MANUAL
23:38:54.807,-8.29,-43.74,0.00,436.9559298387678,OFF,RETRACTED,MANUAL
23:38:54.915,-8.56,-43.94,0.00,436.1237246709901,OFF,RETRACTED,MANUAL
23:38:55.017,-8.81,-44.13,0.00,435.2868664197897,OFF,RETRACTED,MANUAL
23:38:55.118,-9.03,-44.29,0.00,434.4453760065789,OFF,RETRACTED,MANUAL
23:38:55.218,-9.23,-44.44,0.00,433.5992744685748,OFF,RETRACTED,MANUAL
23:38:55.324,-9.41,-44.58,0.00,432.7485829582714,OFF,RETRACTED,MANUAL
23:38:55.423,-9.57,-44.69,0.00,431.8933227429119,OFF,RETRACTED,MANUAL
23:38:55.533,-9.70,-44.79,0.00,431.0335152039577,OFF,RETRACTED,MANUAL
23:38:55.636,-9.81,-44.86,0.00,430.16918183655196,OFF,RETRACTED,MANUAL
23:38:55.740,-9.90,-44.93,0.00,429.3003442489844,OFF,RETRACTED,MANUAL
23:38:55.842,-9.96,-44.97,0.00,428.4270241621491,OFF,RETRACTED,MANUAL
23:38:55.949,-9.99,-44.99,0.00,427.5492434090026,ON,RETRACTED,MANUAL
23:38:56.050,-10.00,-45.00,0.00,426.6670239340185,ON,RETRACTED,MANUAL
23:38:56.150,-9.98,-44.99,0.00,425.78038779263716,ON,RETRACTED,MANUAL
23:38:56.252,-9.94,-44.96,0.00,424.8893571507165,ON,RETRACTED,MANUAL
23:38:56.358,-9.88,-44.91,0.00,423.99395428397594,ON,RETRACTED,MANUAL
23:38:56.482,-9.79,-44.85,0.00,423.0942015774401,ON,RETRACTED,MANUAL
23:38:56.582,-9.67,-44.76,0.00,422.19012152488045,ON,RETRACTED,MANUAL
23:38:56.684,-9.53,-44.66,0.00,421.2817367282506,ON,RETRACTED,MANUAL
23:38:56.802,-9.37,-44.54,0.00,420.36906989712384,ON,RETRACTED,MANUAL
23:38:56.915,-9.19,-44.41,0.00,419.452143848123,ON,RETRACTED,MANUAL
23:38:57.026,-8.98,-44.25,0.00,418.5309815043512,ON,RETRACTED,MANUAL
23:38:57.128,-8.75,-44.08,0.00,417.6056058948198,ON,RETRACTED,MANUAL
23:38:57.229,-8.49,-43.89,0.00,416.67604015387013,ON,RETRACTED,MANUAL
23:38:57.331,-8.22,-43.68,0.00,415.74230752059805,ON,RETRACTED,MANUAL
23:38:57.433,-7.92,-43.46,0.00,414.8044313382703,ON,RETRACTED,MANUAL
23:38:57.533,-7.61,-43.22,0.00,413.86243505374233,ON,RETRACTED,MANUAL
23:38:57.634,-7.27,-42.96,0.00,412.91634221687286,ON,RETRACTED,MANUAL
23:38:57.742,-6.92,-42.68,0.00,411.96617647993287,ON,RETRACTED,MANUAL
23:38:57.854,-6.55,-42.39,0.00,411.0119615970169,ON,RETRACTED,MANUAL
23:38:57.958,-6.17,-42.08,0.00,410.0537214234471,ON,RETRACTED,MANUAL
23:38:58.061,-5.77,-41.75,0.00,409.0914799151774,ON,RETRACTED,MANUAL
23:38:58.176,-5.35,-41.40,0.00,408.12526112819626,ON,RETRACTED,MANUAL
23:38:58.277,-4.92,-41.04,0.00,407.1550892179222,ON,RETRACTED,MANUAL
23:38:58.382,-4.48,-40.67,0.00,406.1809884386032,ON,RETRACTED,MANUAL
23:38:58.483,-4.03,-40.27,0.00,405.2029831427077,ON,RETRACTED,MANUAL
23:38:58.598,-3.57,-39.86,0.00,404.22109778031677,ON,RETRACTED,MANUAL
23:38:58.699,-3.09,-39.44,0.00,403.23535689851394,ON,RETRACTED,MANUAL
23:38:58.800,-2.62,-39.00,0.00,402.2457851407694,ON,RETRACTED,MANUAL
23:38:58.904,-2.13,-38.54,0.00,401.25240724632613,ON,RETRACTED,MANUAL
23:38:59.013,-1.64,-38.07,0.00,400.25524804957934,ON,RETRACTED,MANUAL
23:38:59.113,-1.14,-37.58,0.00,399.2543324794568,ON,RETRACTED,MANUAL
23:38:59.215,-0.65,-37.08,0.00,398.24968555879633,ON,RETRACTED,MANUAL
23:38:59.321,-0.15,-36.56,0.00,397.2413324037178,ON,RETRACTED,MANUAL
23:38:59.429,0.35,-36.03,0.00,396.2292982229984,ON,RETRACTED,MANUAL
23:38:59.531,0.85,-35.48,0.00,395.2136083174395,ON,RETRACTED,MANUAL
23:38:59.634,1.35,-34.92,0.00,394.19428807923555,ON,RETRACTED,MANUAL
23:38:59.733,1.84,-34.35,0.00,393.17136299134006,ON,RETRACTED,MANUAL
23:38:59.833,2.33,-33.76,0.00,392.14485862682625,ON,RETRACTED,MANUAL
23:38:59.935,2.82,-33.16,0.00,391.1148006482505,ON,RETRACTED,MANUAL
23:39:00.036,3.29,-32.54,0.00,390.0812148070083,ON,RETRACTED,MANUAL
23:39:00.136,3.76,-31.91,0.00,389.0441269426914,ON,RETRACTED,MANUAL
23:39:00.237,4.22,-31.27,0.00,388.0035629824432,ON,RETRACTED,MANUAL
23:39:00.338,4.67,-30.62,0.00,386.95954894030774,ON,RETRACTED,MANUAL
23:39:00.439,5.10,-29.95,0.00,385.9121109165825,ON,RETRACTED,MANUAL
23:39:00.540,5.53,-29.27,0.00,384.861275097163,ON,RETRACTED,MANUAL
23:39:00.641,5.94,-28.59,0.00,383.8070677528898,ON,RETRACTED,MANUAL
23:39:00.742,6.33,-27.88,0.00,382.7495152388923,ON,RETRACTED,MANUAL
23:39:00.842,6.71,-27.17,0.00,381.68864399392737,ON,RETRACTED,MANUAL
23:39:00.943,7.07,-26.45,0.00,380.62448053972184,ON,RETRACTED,MANUAL
23:39:01.044,7.42,-25.72,0.00,379.5570514803061,ON,RETRACTED,MANUAL
23:39:01.144,7.74,-24.97,0.00,378.48638350135076,ON,RETRACTED,MANUAL
23:39:01.247,8.05,-24.22,0.00,377.41250336950026,ON,RETRACTED,MANUAL
23:39:01.346,8.33,-23.46,0.00,376.3354379317012,ON,RETRACTED,MANUAL
23:39:01.451,8.60,-22.68,0.00,375.25521411453417,ON,RETRACTED,MANUAL
23:39:01.568,8.84,-21.90,0.00,374.171858923538,ON,RETRACTED,MANUAL
23:39:01.677,9.07,-21.11,0.00,373.0853994425357,ON,RETRACTED,MANUAL
23:39:01.778,9.27,-20.31,0.00,371.9958628329583,ON,RETRACTED,MANUAL
23:39:01.880,9.44,-19.51,0.00,370.9032763331637,ON,RETRACTED,MANUAL
23:39:01.983,9.60,-18.69,0.00,369.8076672577582,ON,RETRACTED,MANUAL
23:39:02.095,9.72,-17.87,0.00,368.70906299691126,ON,RETRACTED,MANUAL
23:39:02.195,9.83,-17.04,0.00,367.60749101567177,ON,RETRACTED,MANUAL
23:39:02.299,9.91,-16.20,0.00,366.5029788532826,ON,RETRACTED,MANUAL
23:39:02.403,9.96,-15.36,0.00,365.3955541224896,ON,RETRACTED,MANUAL
23:39:02.505,9.99,-14.51,0.00,364.28524450885413,ON,RETRACTED,MANUAL
23:39:02.605,10.00,-13.66,0.00,363.17207777005825,ON,RETRACTED,MANUAL
23:39:02.707,9.98,-12.80,0.00,362.05608173521216,ON,RETRACTED,MANUAL
23:39:02.808,9.93,-11.93,0.00,360.9372843041593,ON,RETRACTED,MANUAL
23:39:02.910,9.86,-11.06,0.00,359.8157134467764,ON,RETRACTED,MANUAL
23:39:03.010,9.77,-10.19,0.00,358.69139720227724,ON,RETRACTED,MANUAL
23:39:03.111,9.65,-9.31,0.00,357.56436367850915,ON,RETRACTED,MANUAL
23:39:03.213,9.51,-8.42,0.00,356.43464105125094,ON,RETRACTED,MANUAL
23:39:03.313,9.34,-7.54,0.00,355.3022575635103,ON,RETRACTED,MANUAL
23:39:03.413,9.15,-6.65,0.00,354.1672415248147,ON,RETRACTED,MANUAL
23:39:03.527,8.94,-5.76,0.00,353.02962131050674,OFF,RETRACTED,MANUAL
23:39:03.691,8.70,-4.86,0.00,351.8894253610321,OFF,RETRACTED,MANUAL
23:39:03.847,8.45,-3.97,0.00,350.7466821812298,OFF,RETRACTED,MANUAL
23:39:03.970,8.17,-3.07,0.00,349.60142033962063,OFF,RETRACTED,MANUAL
23:39:04.071,7.87,-2.17,0.00,348.4536684676901,OFF,RETRACTED,MANUAL
23:39:04.174,7.55,-1.27,0.00,347.3034552591761,OFF,RETRACTED,MANUAL
23:39:04.275,7.22,-0.37,0.00,346.1508094693484,OFF,RETRACTED,MANUAL
23:39:04.375,6.86,0.53,0.00,344.9957599142915,OFF,RETRACTED,MANUAL
23:39:04.475,6.49,1.43,0.00,343.83833547018486,OFF,RETRACTED,MANUAL
23:39:04.577,6.10,2.32,0.00,342.6785650725784,OFF,RETRACTED,MANUAL
23:39:04.677,5.70,3.22,0.00,341.51647771567264,OFF,RETRACTED,MANUAL
23:39:04.785,5.28,4.12,0.00,340.3521024515904,OFF,RETRACTED,MANUAL
23:39:04.885,4.85,5.02,0.00,339.18546838965227,OFF,RETRACTED,MANUAL
23:39:04.986,4.41,5.91,0.00,338.0166046956499,OFF,RETRACTED,MANUAL
23:39:05.087,3.95,6.80,0.00,336.84554059111395,OFF,RETRACTED,MANUAL
23:39:05.189,3.49,7.69,0.00,335.6723053525868,OFF,RETRACTED,MANUAL
23:39:05.289,3.01,8.57,0.00,334.49692831088794,OFF,RETRACTED,MANUAL
23:39:05.389,2.53,9.45,0.00,333.3194388503818,OFF,RETRACTED,MANUAL
23:39:05.491,2.05,10.33,0.00,332.13986640824436,OFF,RETRACTED,MANUAL
23:39:05.591,1.56,11.21,0.00,330.9582404737244,OFF,RETRACTED,MANUAL
23:39:05.692,1.06,12.08,0.00,329.7745905874096,OFF,RETRACTED,MANUAL
23:39:05.792,0.56,12.94,0.00,328.588946340485,OFF,RETRACTED,MANUAL
23:39:05.895,0.06,13.80,0.00,327.4013373739947,OFF,RETRACTED,MANUAL
23:39:05.994,-0.44,14.65,0.00,326.21179337810173,OFF,RETRACTED,MANUAL
23:39:06.097,-0.94,15.50,0.00,325.02034409134325,OFF,RETRACTED,MANUAL
23:39:06.199,-1.43,16.34,0.00,323.82701929989025,OFF,RETRACTED,MANUAL
23:39:06.298,-1.93,17.18,0.00,322.63184883679986,OFF,RETRACTED,MANUAL
23:39:06.399,-2.41,18.01,0.00,321.4348625812711,OFF,RETRACTED,MANUAL
23:39:06.500,-2.90,18.83,0.00,320.23609045789874,OFF,RETRACTED,MANUAL
23:39:06.601,-3.37,19.64,0.00,319.03556243592266,OFF,RETRACTED,MANUAL
23:39:06.704,-3.84,20.45,0.00,317.83330852848167,OFF,RETRACTED,MANUAL
23:39:06.804,-4.29,21.25,0.00,316.6293587918605,OFF,RETRACTED,MANUAL
23:39:06.904,-4.74,22.03,0.00,315.42374332473935,OFF,RETRACTED,MANUAL
23:39:07.070,-5.17,22.81,0.00,314.216492267443,OFF,RETRACTED,MANUAL
23:39:07.105,-5.60,23.59,0.00,313.00763580118416,OFF,RETRACTED,MANUAL
23:39:07.206,-6.00,24.35,0.00,311.79720414731236,OFF,RETRACTED,MANUAL
23:39:07.307,-6.39,25.10,0.00,310.5852275665555,OFF,RETRACTED,MANUAL
23:39:07.407,-6.77,25.84,0.00,309.37173635826446,OFF,RETRACTED,MANUAL
23:39:07.508,-7.13,26.57,0.00,308.1567608596572,OFF,RETRACTED,MANUAL
23:39:07.608,-7.47,27.29,0.00,306.94033144505704,OFF,RETRACTED,MANUAL
23:39:07.710,-7.79,28.00,0.00,305.7224785251368,OFF,RETRACTED,MANUAL
23:39:07.811,-8.10,28.70,0.00,304.50323254615563,OFF,RETRACTED,MANUAL
23:39:07.910,-8.38,29.39,0.00,303.2826239891991,OFF,RETRACTED,MANUAL
23:39:08.011,-8.64,30.07,0.00,302.0606833694184,OFF,RETRACTED,MANUAL
23:39:08.114,-8.88,30.73,0.00,300.8374412352646,OFF,RETRACTED,MANUAL
23:39:08.215,-9.10,31.38,0.00,299.612928167728,OFF,RETRACTED,MANUAL
23:39:08.393,-9.30,32.02,0.00,298.3871747795713,OFF,RETRACTED,MANUAL
23:39:08.416,-9.47,32.65,0.00,297.1602117145648,OFF,RETRACTED,MANUAL
23:39:08.516,-9.62,33.26,0.00,295.93206964672214,OFF,RETRACTED,MANUAL
23:39:08.617,-9.74,33.86,0.00,294.70277927953015,OFF,RETRACTED,MANUAL
23:39:08.718,-9.84,34.44,0.00,293.4723713451849,OFF,RETRACTED,MANUAL
23:39:08.818,-9.92,35.02,0.00,292.2408766038202,OFF,RETRACTED,MANUAL
23:39:08.918,-9.97,35.57,0.00,291.00832584274,OFF,RETRACTED,MANUAL
23:39:09.019,-10.00,36.12,0.00,289.77474987565006,OFF,RETRACTED,MANUAL
23:39:09.120,-10.00,36.65,0.00,288.54017954188436,OFF,RETRACTED,MANUAL
23:39:09.221,-9.97,37.16,0.00,287.3046457056379,OFF,RETRACTED,MANUAL
23:39:09.321,-9.92,37.66,0.00,286.06817925519164,OFF,RETRACTED,MANUAL
23:39:09.422,-9.85,38.15,0.00,284.8308111021422,OFF,RETRACTED,MANUAL
23:39:09.523,-9.75,38.62,0.00,283.5925721806297,OFF,RETRACTED,MANUAL
23:39:09.625,-9.63,39.07,0.00,282.3534934465619,OFF,RETRACTED,MANUAL
23:39:09.726,-9.48,39.51,0.00,281.1136058768434,OFF,RETRACTED,MANUAL
23:39:09.829,-9.31,39.93,0.00,279.87294046859853,OFF,RETRACTED,MANUAL
23:39:09.930,-9.12,40.34,0.00,278.6315282383974,OFF,RETRACTED,MANUAL
23:39:10.031,-8.90,40.73,0.00,277.3894002214819,OFF,RETRACTED,MANUAL
23:39:10.131,-8.66,41.11,0.00,276.14658747098696,OFF,RETRACTED,MANUAL
23:39:10.233,-8.40,41.46,0.00,274.90312105716754,OFF,RETRACTED,MANUAL
23:39:10.333,-8.12,41.80,0.00,273.6590320666187,OFF,RETRACTED,MANUAL
23:39:10.435,-7.82,42.13,0.00,272.4143516015,OFF,RETRACTED,MANUAL
23:39:10.538,-7.50,42.44,0.00,271.1691107787591,OFF,RETRACTED,MANUAL
23:39:10.642,-7.16,42.73,0.00,269.92334072935085,OFF,RETRACTED,MANUAL
23:39:10.744,-6.80,43.00,0.00,268.67707259746254,OFF,RETRACTED,MANUAL
23:39:10.853,-6.43,43.26,0.00,267.430337539732,OFF,RETRACTED,MANUAL
23:39:10.954,-6.03,43.50,0.00,266.18316672447037,OFF,RETRACTED,MANUAL
23:39:11.056,-5.63,43.72,0.00,264.93559133088394,OFF,RETRACTED,MANUAL
23:39:11.161,-5.21,43.92,0.00,263.68764254829165,OFF,RETRACTED,MANUAL
23:39:11.267,-4.77,44.11,0.00,262.43935157534906,OFF,RETRACTED,MANUAL
23:39:11.374,-4.33,44.28,0.00,261.1907496192649,OFF,RETRACTED,MANUAL
23:39:11.475,-3.87,44.43,0.00,259.9418678950227,OFF,RETRACTED,MANUAL
23:39:11.576,-3.41,44.57,0.00,258.6927376246014,OFF,RETRACTED,MANUAL
23:39:11.680,-2.93,44.68,0.00,257.4433900361918,OFF,RETRACTED,MANUAL
23:39:11.782,-2.45,44.78,0.00,256.19385636341934,OFF,RETRACTED,MANUAL
23:39:11.883,-1.96,44.86,0.00,254.94416784456044,OFF,RETRACTED,MANUAL
23:39:11.985,-1.47,44.92,0.00,253.6943557217625,OFF,RETRACTED,MANUAL
23:39:12.085,-0.98,44.97,0.00,252.44445124026436,OFF,RETRACTED,MANUAL
23:39:12.187,-0.48,44.99,0.00,251.19448564761205,OFF,RETRACTED,MANUAL
23:39:12.289,0.02,45.00,0.00,249.94449019288126,OFF,RETRACTED,MANUAL
23:39:12.389,0.52,44.99,0.00,248.69449612589273,OFF,RETRACTED,MANUAL
23:39:12.491,1.02,44.96,0.00,247.4445346964326,OFF,RETRACTED,MANUAL
23:39:12.591,1.52,44.92,0.00,246.19463715347243,OFF,RETRACTED,MANUAL
23:39:12.708,2.01,44.85,0.00,244.9448347443848,OFF,RETRACTED,MANUAL
23:39:12.820,2.50,44.77,0.00,243.69515871416567,OFF,RETRACTED,MANUAL
23:39:12.923,2.98,44.67,0.00,242.44564030465034,OFF,RETRACTED,MANUAL
23:39:13.024,3.45,44.55,0.00,241.19631075373348,OFF,RETRACTED,MANUAL
23:39:13.126,3.91,44.42,0.00,239.9472012945897,OFF,RETRACTED,MANUAL
23:39:13.225,4.37,44.27,0.00,238.69834315488953,OFF,RETRACTED,MANUAL
23:39:13.328,4.81,44.10,0.00,237.4497675560223,OFF,RETRACTED,MANUAL
23:39:13.427,5.25,43.91,0.00,236.20150571231252,OFF,RETRACTED,MANUAL
23:39:13.528,5.66,43.70,0.00,234.95358883024082,OFF,RETRACTED,MANUAL
23:39:13.635,6.07,43.48,0.00,233.7060481076651,OFF,RETRACTED,MANUAL
23:39:13.736,6.46,43.24,0.00,232.45891473303766,OFF,RETRACTED,MANUAL
23:39:13.841,6.83,42.98,0.00,231.21221988462872,OFF,RETRACTED,MANUAL
23:39:13.943,7.19,42.70,0.00,229.96599472974412,OFF,RETRACTED,MANUAL
23:39:14.046,7.53,42.41,0.00,228.7202704239474,OFF,RETRACTED,MANUAL
23:39:14.149,7.85,42.10,0.00,227.47507811028223,OFF,RETRACTED,MANUAL
23:39:14.249,8.15,41.78,0.00,226.23044891849065,OFF,RETRACTED,MANUAL
23:39:14.352,8.43,41.43,0.00,224.98641396423858,OFF,RETRACTED,MANUAL
23:39:14.455,8.69,41.07,0.00,223.7430043483346,OFF,RETRACTED,MANUAL
23:39:14.556,8.92,40.70,0.00,222.50025115595395,OFF,RETRACTED,MANUAL
23:39:14.657,9.14,40.30,0.00,221.25818545586253,OFF,RETRACTED,MANUAL
23:39:14.761,9.33,39.90,0.00,220.01683829963733,OFF,RETRACTED,MANUAL
23:39:14.863,9.50,39.47,0.00,218.77624072089344,OFF,RETRACTED,MANUAL
23:39:14.964,9.64,39.03,0.00,217.5364237345053,OFF,RETRACTED,MANUAL
23:39:15.067,9.76,38.58,0.00,216.29741833583253,OFF,RETRACTED,MANUAL
23:39:15.170,9.86,38.11,0.00,215.0592554999465,OFF,RETRACTED,MANUAL
23:39:15.278,9.93,37.62,0.00,213.82196618085266,OFF,RETRACTED,MANUAL
23:39:15.378,9.98,37.12,0.00,212.58558131072047,OFF,RETRACTED,MANUAL
23:39:15.480,10.00,36.60,0.00,211.35013179910686,OFF,RETRACTED,MANUAL
23:39:15.581,10.00,36.07,0.00,210.11564853218485,OFF,RETRACTED,MANUAL
23:39:15.683,9.97,35.53,0.00,208.8821623719726,OFF,RETRACTED,MANUAL
23:39:15.786,9.91,34.97,0.00,207.64970415555914,OFF,RETRACTED,MANUAL
23:39:15.892,9.84,34.39,0.00,206.41830469433643,OFF,RETRACTED,MANUAL
23:39:15.992,9.73,33.80,0.00,205.18799477322605,OFF,RETRACTED,MANUAL
23:39:16.095,9.61,33.20,0.00,203.95880514991285,OFF,RETRACTED,MANUAL
23:39:16.198,9.46,32.59,0.00,202.7307665540729,OFF,RETRACTED,MANUAL
23:39:16.305,9.28,31.96,0.00,201.50390968660673,OFF,RETRACTED,MANUAL
23:39:16.406,9.08,31.32,0.00,200.278265218873,OFF,RETRACTED,MANUAL
23:39:16.509,8.86,30.67,0.00,199.05386379191867,OFF,RETRACTED,MANUAL
23:39:16.613,8.62,30.01,0.00,197.83073601571655,OFF,RETRACTED,MANUAL
23:39:16.723,8.36,29.33,0.00,196.60891246839688,OFF,RETRACTED,MANUAL
23:39:16.829,8.07,28.64,0.00,195.3884236954843,OFF,RETRACTED,MANUAL
23:39:16.929,7.77,27.94,0.00,194.16930020913543,OFF,RETRACTED,MANUAL
23:39:17.032,7.44,27.23,0.00,192.95157248737303,OFF,RETRACTED,MANUAL
23:39:17.132,7.10,26.51,0.00,191.7352709733276,OFF,RETRACTED,MANUAL
23:39:17.232,6.74,25.78,0.00,190.52042607447322,OFF,RETRACTED,MANUAL
23:39:17.333,6.36,25.03,0.00,189.30706816186864,OFF,RETRACTED,MANUAL
23:39:17.435,5.97,24.28,0.00,188.09522756939938,OFF,RETRACTED,MANUAL
23:39:17.537,5.56,23.52,0.00,186.88493459301625,OFF,RETRACTED,MANUAL
23:39:17.639,5.14,22.75,0.00,185.6762194899815,OFF,RETRACTED,MANUAL
23:39:17.740,4.70,21.96,0.00,184.46911247810928,OFF,RETRACTED,MANUAL
23:39:17.865,4.25,21.17,0.00,183.2636437350116,OFF,RETRACTED,MANUAL
23:39:17.989,3.80,20.38,0.00,182.05984339734516,OFF,RETRACTED,MANUAL
23:39:18.091,3.33,19.57,0.00,180.8577415600548,OFF,RETRACTED,MANUAL
23:39:18.194,2.85,18.76,0.00,179.65736827562472,OFF,RETRACTED,MANUAL
23:39:18.304,2.37,17.93,0.00,178.45875355332404,OFF,RETRACTED,MANUAL
23:39:18.406,1.88,17.10,0.00,177.26192735845802,OFF,RETRACTED,MANUAL
23:39:18.507,1.39,16.27,0.00,176.06691961162002,OFF,RETRACTED,MANUAL
23:39:18.608,0.89,15.43,0.00,174.87376018794063,OFF,RETRACTED,MANUAL
23:39:18.708,0.39,14.58,0.00,173.68247891634417,OFF,RETRACTED,MANUAL
23:39:18.809,-0.11,13.72,0.00,172.49310557879988,OFF,RETRACTED,MANUAL
23:39:18.909,-0.61,12.86,0.00,171.3056699095789,OFF,RETRACTED,MANUAL
23:39:19.012,-1.10,12.00,0.00,170.12020159451197,OFF,RETRACTED,MANUAL
23:39:19.114,-1.60,11.13,0.00,168.93673027024434,OFF,RETRACTED,MANUAL
23:39:19.215,-2.09,10.25,0.00,167.75528552349832,OFF,RETRACTED,MANUAL
23:39:19.315,-2.58,9.38,0.00,166.57589689033063,OFF,RETRACTED,MANUAL
23:39:19.421,-3.06,8.49,0.00,165.3985938553953,OFF,RETRACTED,MANUAL
23:39:19.523,-3.53,7.61,0.00,164.22340585120764,OFF,RETRACTED,MANUAL
23:39:19.624,-3.99,6.72,0.00,163.05036225740577,OFF,RETRACTED,MANUAL
23:39:19.726,-4.45,5.83,0.00,161.87949240001927,OFF,RETRACTED,MANUAL
23:39:19.827,-4.89,4.94,0.00,160.71082555073315,OFF,RETRACTED,MANUAL
23:39:19.927,-5.32,4.04,0.00,159.54439092615738,OFF,RETRACTED,MANUAL
23:39:20.029,-5.73,3.14,0.00,158.38021768709763,OFF,RETRACTED,MANUAL
23:39:20.129,-6.14,2.24,0.00,157.21833493782344,OFF,RETRACTED,MANUAL
23:39:20.232,-6.52,1.35,0.00,156.05877172534386,OFF,RETRACTED,MANUAL
23:39:20.335,-6.89,0.45,0.00,154.90155703867836,OFF,RETRACTED,MANUAL
23:39:20.435,-7.25,-0.45,0.00,153.74671980813343,OFF,RETRACTED,MANUAL
23:39:20.539,-7.58,-1.35,0.00,152.59428890458054,OFF,RETRACTED,MANUAL
23:39:20.641,-7.90,-2.25,0.00,151.4442931387314,OFF,RETRACTED,MANUAL
23:39:20.741,-8.20,-3.15,0.00,150.29676126042114,OFF,RETRACTED,MANUAL
23:39:20.843,-8.47,-4.05,0.00,149.15172195788642,OFF,RETRACTED,MANUAL
23:39:20.943,-8.73,-4.94,0.00,148.0092038570499,OFF,RETRACTED,MANUAL
23:39:21.044,-8.96,-5.84,0.00,146.86923552080532,OFF,RETRACTED,MANUAL
23:39:21.144,-9.17,-6.73,0.00,145.7318454483009,OFF,RETRACTED,MANUAL
23:39:21.245,-9.36,-7.62,0.00,144.59706207423008,OFF,RETRACTED,MANUAL
23:39:21.346,-9.52,-8.50,0.00,143.46491376811767,OFF,RETRACTED,MANUAL
23:39:21.447,-9.66,-9.38,0.00,142.33542883361196,OFF,RETRACTED,MANUAL
23:39:21.548,-9.78,-10.26,0.00,141.20863550777827,OFF,RETRACTED,MANUAL
23:39:21.651,-9.87,-11.14,0.00,140.08456196039026,OFF,RETRACTED,MANUAL
23:39:21.752,-9.94,-12.01,0.00,138.9632362932289,OFF,RETRACTED,MANUAL
23:39:21.854,-9.98,-12.87,0.00,137.84468653937705,OFF,RETRACTED,MANUAL
23:39:21.955,-10.00,-13.73,0.00,136.7289406625199,OFF,RETRACTED,MANUAL
23:39:22.056,-9.99,-14.59,0.00,135.61602655624705,OFF,RETRACTED,MANUAL
23:39:22.157,-9.96,-15.43,0.00,134.50597204335241,OFF,RETRACTED,MANUAL
23:39:22.258,-9.90,-16.28,0.00,133.39880487514176,OFF,RETRACTED,MANUAL
23:39:22.358,-9.82,-17.11,0.00,132.29455273073626,OFF,RETRACTED,MANUAL
23:39:22.459,-9.71,-17.94,0.00,131.19324321638163,OFF,RETRACTED,MANUAL
23:39:22.560,-9.58,-18.76,0.00,130.09490386475912,OFF,RETRACTED,MANUAL
23:39:22.662,-9.43,-19.58,0.00,128.99956213429456,OFF,RETRACTED,MANUAL
23:39:22.762,-9.25,-20.38,0.00,127.90724540847492,OFF,RETRACTED,MANUAL
23:39:22.863,-9.05,-21.18,0.00,126.81798099516108,OFF,RETRACTED,MANUAL
23:39:22.966,-8.82,-21.97,0.00,125.73179612590624,OFF,RETRACTED,MANUAL
23:39:23.065,-8.58,-22.75,0.00,124.64871795527635,OFF,RETRACTED,MANUAL
23:39:23.167,-8.31,-23.52,0.00,123.5687735601685,OFF,RETRACTED,MANUAL
23:39:23.270,-8.02,-24.29,0.00,122.49198993913704,OFF,RETRACTED,MANUAL
23:39:23.371,-7.71,-25.04,0.00,121.41839401171609,OFF,RETRACTED,MANUAL
23:39:23.476,-7.39,-25.78,0.00,120.34801261774749,OFF,RETRACTED,MANUAL
23:39:23.581,-7.04,-26.51,0.00,119.28087251671116,OFF,RETRACTED,MANUAL
23:39:23.682,-6.68,-27.24,0.00,118.21700038705322,OFF,RETRACTED,MANUAL
23:39:23.783,-6.30,-27.95,0.00,117.1564228255223,OFF,RETRACTED,MANUAL
23:39:23.884,-5.90,-28.65,0.00,116.09916634650179,OFF,RETRACTED,MANUAL
23:39:23.985,-5.49,-29.34,0.00,115.04525738134828,OFF,RETRACTED,MANUAL
23:39:24.108,-5.06,-30.01,0.00,113.99472227773168,OFF,RETRACTED,MANUAL
23:39:24.210,-4.63,-30.68,0.00,112.94758729897418,OFF,RETRACTED,MANUAL
23:39:24.313,-4.18,-31.33,0.00,111.90387862339648,OFF,RETRACTED,MANUAL
23:39:24.416,-3.72,-31.97,0.00,110.86362234366064,OFF,RETRACTED,MANUAL
23:39:24.516,-3.25,-32.60,0.00,109.82684446611918,OFF,RETRACTED,MANUAL
23:39:24.617,-2.77,-33.21,0.00,108.79357091016576,OFF,RETRACTED,MANUAL
23:39:24.718,-2.29,-33.81,0.00,107.76382750758472,OFF,RETRACTED,MANUAL
23:39:24.819,-1.80,-34.40,0.00,106.73764000190823,OFF,RETRACTED,MANUAL
23:39:24.920,-1.31,-34.97,0.00,105.7150340477701,OFF,RETRACTED,MANUAL
23:39:25.022,-0.81,-35.53,0.00,104.69603521026559,OFF,RETRACTED,MANUAL
23:39:25.140,-0.31,-36.08,0.00,103.68066896431327,OFF,RETRACTED,MANUAL
23:39:25.240,0.19,-36.61,0.00,102.66896069401571,OFF,RETRACTED,MANUAL
23:39:25.342,0.69,-37.12,0.00,101.66093569202764,OFF,RETRACTED,MANUAL
23:39:25.442,1.19,-37.62,0.00,100.6566191589213,OFF,RETRACTED,MANUAL
23:39:25.545,1.68,-38.11,0.00,99.65603620255735,OFF,RETRACTED,MANUAL
23:39:25.646,2.17,-38.58,0.00,98.65921183745826,OFF,RETRACTED,MANUAL
23:39:25.748,2.66,-39.04,0.00,97.66617098418055,OFF,RETRACTED,MANUAL
23:39:25.852,3.14,-39.48,0.00,96.67693846869457,OFF,RETRACTED,MANUAL
23:39:25.987,3.61,-39.90,0.00,95.69153902176129,OFF,RETRACTED,MANUAL
23:39:26.114,4.07,-40.31,0.00,94.7099972783152,OFF,RETRACTED,MANUAL
23:39:26.217,4.52,-40.70,0.00,93.7323377768495,OFF,RETRACTED,MANUAL
23:39:26.331,4.96,-41.08,0.00,92.7585849588001,OFF,RETRACTED,MANUAL
23:39:26.432,5.39,-41.44,0.00,91.78876316793745,OFF,RETRACTED,MANUAL
23:39:26.535,5.80,-41.78,0.00,90.82289664975536,OFF,RETRACTED,MANUAL
23:39:26.636,6.20,-42.10,0.00,89.8610095508663,OFF,RETRACTED,MANUAL
23:39:26.736,6.59,-42.41,0.00,88.90312591839822,OFF,RETRACTED,MANUAL
23:39:26.838,6.95,-42.71,0.00,87.94926969939138,OFF,RETRACTED,MANUAL
23:39:26.938,7.30,-42.98,0.00,86.99946474020226,OFF,RETRACTED,MANUAL
23:39:27.039,7.64,-43.24,0.00,86.053734785905,OFF,RETRACTED,MANUAL
23:39:27.140,7.95,-43.48,0.00,85.11210347969893,OFF,RETRACTED,MANUAL
23:39:27.241,8.24,-43.70,0.00,84.17459436231832,OFF,RETRACTED,MANUAL
23:39:27.341,8.52,-43.91,0.00,83.24123087144153,OFF,RETRACTED,MANUAL
23:39:27.442,8.77,-44.10,0.00,82.31203634110796,OFF,RETRACTED,MANUAL
23:39:27.543,9.00,-44.27,0.00,81.38703400113212,OFF,RETRACTED,MANUAL
23:39:27.648,9.20,-44.42,0.00,80.46624697652402,OFF,RETRACTED,MANUAL
23:39:27.755,9.39,-44.56,0.00,79.54969828691193,OFF,RETRACTED,MANUAL
23:39:27.867,9.55,-44.67,0.00,78.63741084596475,OFF,RETRACTED,MANUAL
23:39:27.969,9.68,-44.77,0.00,77.72940746082162,OFF,RETRACTED,MANUAL
23:39:28.068,9.80,-44.85,0.00,76.82571083151956,OFF,RETRACTED,MANUAL
23:39:28.169,9.89,-44.92,0.00,75.92634355042688,OFF,RETRACTED,MANUAL
23:39:28.270,9.95,-44.96,0.00,75.03132810167946,OFF,RETRACTED,MANUAL
23:39:28.371,9.99,-44.99,0.00,74.1406868606162,OFF,RETRACTED,MANUAL
23:39:28.472,10.00,-45.00,0.00,73.2544420932224,OFF,RETRACTED,MANUAL
23:39:28.573,9.99,-44.99,0.00,72.37261595557081,OFF,RETRACTED,MANUAL
23:39:28.674,9.95,-44.97,0.00,71.4952304932686,OFF,RETRACTED,MANUAL
23:39:28.776,9.89,-44.92,0.00,70.62230764090725,OFF,RETRACTED,MANUAL
23:39:28.877,9.80,-44.86,0.00,69.75386922151196,OFF,RETRACTED,MANUAL
23:39:28.978,9.69,-44.78,0.00,68.88993694599864,OFF,RETRACTED,MANUAL
23:39:29.080,9.56,-44.68,0.00,68.03053241262887,OFF,RETRACTED,MANUAL
23:39:29.180,9.40,-44.56,0.00,67.17567710647091,OFF,RETRACTED,MANUAL
23:39:29.282,9.22,-44.43,0.00,66.3253923988635,OFF,RETRACTED,MANUAL
23:39:29.381,9.01,-44.28,0.00,65.47969954687943,OFF,RETRACTED,MANUAL
23:39:29.486,8.78,-44.11,0.00,64.63861969279657,OFF,RETRACTED,MANUAL
23:39:29.585,8.53,-43.92,0.00,63.80217386356719,OFF,RETRACTED,MANUAL
23:39:29.686,8.26,-43.72,0.00,62.97038297029309,OFF,RETRACTED,MANUAL
23:39:29.789,7.97,-43.50,0.00,62.14326780770389,OFF,RETRACTED,MANUAL
23:39:29.891,7.66,-43.26,0.00,61.320849053635044,OFF,RETRACTED,MANUAL
23:39:29.992,7.33,-43.00,0.00,60.50314726851312,OFF,RETRACTED,MANUAL
23:39:30.092,6.98,-42.73,0.00,59.690182894839836,OFF,RETRACTED,MANUAL
23:39:30.195,6.61,-42.43,0.00,58.88197625668195,OFF,RETRACTED,MANUAL
23:39:30.295,6.23,-42.13,0.00,58.078547559163866,OFF,RETRACTED,MANUAL
23:39:30.396,5.83,-41.80,0.00,57.27991688796064,OFF,RETRACTED,MANUAL
23:39:30.497,5.42,-41.46,0.00,56.48610420879797,OFF,RETRACTED,MANUAL
23:39:30.599,4.99,-41.10,0.00,55.69712936695126,OFF,RETRACTED,MANUAL
23:39:30.708,4.55,-40.73,0.00,54.91301208675014,OFF,RETRACTED,MANUAL
23:39:30.814,4.10,-40.34,0.00,54.13377197108639,OFF,RETRACTED,MANUAL
23:39:30.953,3.64,-39.93,0.00,53.359428500921695,OFF,RETRACTED,MANUAL
23:39:31.078,3.17,-39.51,0.00,52.590001034803095,OFF,RETRACTED,MANUAL
23:39:31.185,2.69,-39.07,0.00,51.82550880837684,OFF,RETRACTED,MANUAL
23:39:31.289,2.21,-38.61,0.00,51.065970933908545,OFF,RETRACTED,MANUAL
23:39:31.393,1.72,-38.14,0.00,50.31140639980603,OFF,RETRACTED,MANUAL
23:39:31.493,1.22,-37.66,0.00,49.561834070142766,OFF,RETRACTED,MANUAL
23:39:31.593,0.72,-37.16,0.00,48.817272684188595,OFF,RETRACTED,MANUAL
23:39:31.694,0.23,-36.64,0.00,48.07774085593903,OFF,RETRACTED,MANUAL
23:39:31.796,-0.27,-36.11,0.00,47.34325707365102,OFF,RETRACTED,MANUAL
23:39:31.899,-0.77,-35.57,0.00,46.61383969938143,OFF,RETRACTED,MANUAL
23:39:32.000,-1.27,-35.01,0.00,45.889506968526064,OFF,RETRACTED,MANUAL
23:39:32.101,-1.77,-34.44,0.00,45.17027698936599,OFF,RETRACTED,MANUAL
23:39:32.201,-2.25,-33.85,0.00,44.45616774261296,OFF,RETRACTED,MANUAL
23:39:32.302,-2.74,-33.25,0.00,43.74719708096072,OFF,RETRACTED,MANUAL
23:39:32.405,-3.22,-32.64,0.00,43.043382728639386,OFF,RETRACTED,MANUAL
23:39:32.505,-3.69,-32.01,0.00,42.34474228097062,OFF,RETRACTED,MANUAL
23:39:32.606,-4.15,-31.37,0.00,41.6512932039297,OFF,RETRACTED,MANUAL
23:39:32.707,-4.60,-30.72,0.00,40.963052833707195,OFF,RETRACTED,MANUAL
23:39:32.808,-5.03,-30.06,0.00,40.28003837627625,OFF,RETRACTED,MANUAL
23:39:32.912,-5.46,-29.38,0.00,39.60226690696325,OFF,RETRACTED,MANUAL
23:39:33.014,-5.87,-28.70,0.00,38.92975537001914,OFF,RETRACTED,MANUAL
23:39:33.114,-6.27,-28.00,0.00,38.26252057819775,OFF,RETRACTED,MANUAL
23:39:33.217,-6.65,-27.29,0.00,37.60057921233394,OFF,RETRACTED,MANUAL
23:39:33.317,-7.01,-26.57,0.00,36.94394782092718,OFF,RETRACTED,MANUAL
23:39:33.421,-7.36,-25.83,0.00,36.29264281972837,OFF,RETRACTED,MANUAL
23:39:33.524,-7.69,-25.09,0.00,35.64668049132831,OFF,RETRACTED,MANUAL
23:39:33.623,-8.00,-24.34,0.00,35.006076984751985,OFF,RETRACTED,MANUAL
23:39:33.724,-8.29,-23.58,0.00,34.37084831505342,OFF,RETRACTED,MANUAL
23:39:33.825,-8.56,-22.81,0.00,33.741010362916086,OFF,RETRACTED,MANUAL
23:39:33.925,-8.81,-22.03,0.00,33.11657887425639,OFF,RETRACTED,MANUAL
23:39:34.026,-9.03,-21.24,0.00,32.49756945982864,OFF,RETRACTED,MANUAL
23:39:34.130,-9.24,-20.44,0.00,31.883997594836387,OFF,RETRACTED,MANUAL
23:39:34.231,-9.42,-19.63,0.00,31.275878618544056,OFF,RETRACTED,MANUAL
23:39:34.334,-9.57,-18.82,0.00,30.67322773389415,OFF,RETRACTED,MANUAL
23:39:34.434,-9.71,-18.00,0.00,30.076060007127865,OFF,RETRACTED,MANUAL
23:39:34.537,-9.81,-17.17,0.00,29.48439036740686,OFF,RETRACTED,MANUAL
23:39:34.639,-9.90,-16.34,0.00,28.898233606441636,OFF,RETRACTED,MANUAL
23:39:34.755,-9.96,-15.49,0.00,28.317604378120592,OFF,RETRACTED,MANUAL
23:39:34.865,-9.99,-14.65,0.00,27.7425171981439,OFF,RETRACTED,MANUAL
23:39:34.978,-10.00,-13.79,0.00,27.172986443661614,OFF,RETRACTED,MANUAL
23:39:35.087,-9.98,-12.93,0.00,26.609026352912423,OFF,RETRACTED,MANUAL
23:39:35.190,-9.94,-12.07,0.00,26.050651024869694,OFF,RETRACTED,MANUAL
23:39:35.300,-9.88,-11.20,0.00,25.497874418887307,OFF,RETRACTED,MANUAL
23:39:35.411,-9.79,-10.32,0.00,24.950710354351457,OFF,RETRACTED,MANUAL
23:39:35.515,-9.67,-9.45,0.00,24.409172510335623,OFF,RETRACTED,MANUAL
23:39:35.620,-9.53,-8.56,0.00,23.873274425257335,OFF,RETRACTED,MANUAL
23:39:35.721,-9.37,-7.68,0.00,23.34302949654119,OFF,RETRACTED,MANUAL
23:39:35.823,-9.18,-6.79,0.00,22.818450980282563,OFF,RETRACTED,MANUAL
23:39:35.927,-8.98,-5.90,0.00,22.299551990916882,OFF,RETRACTED,MANUAL
23:39:36.030,-8.74,-5.01,0.00,21.786345500892224,OFF,RETRACTED,MANUAL
23:39:36.133,-8.49,-4.11,0.00,21.278844340343767,OFF,RETRACTED,MANUAL
23:39:36.245,-8.22,-3.21,0.00,20.77706119677441,OFF,RETRACTED,MANUAL
23:39:36.348,-7.92,-2.32,0.00,20.281008614736464,OFF,RETRACTED,MANUAL
23:39:36.448,-7.61,-1.42,0.00,19.790698995518454,OFF,RETRACTED,MANUAL
23:39:36.551,-7.27,-0.52,0.00,19.30614459683565,OFF,RETRACTED,MANUAL
23:39:36.652,-6.92,0.38,0.00,18.827357532522456,OFF,RETRACTED,MANUAL
23:39:36.765,-6.55,1.28,0.00,18.354349772230904,OFF,RETRACTED,MANUAL
23:39:36.873,-6.16,2.18,0.00,17.887133141130192,OFF,RETRACTED,MANUAL
23:39:36.975,-5.76,3.08,0.00,17.425719319611545,OFF,RETRACTED,MANUAL
23:39:37.083,-5.35,3.98,0.00,16.970119842996866,OFF,RETRACTED,MANUAL
23:39:37.191,-4.92,4.87,0.00,16.520346101248975,OFF,RETRACTED,MANUAL
23:39:37.310,-4.48,5.77,0.00,16.076409338688308,OFF,RETRACTED,MANUAL
23:39:37.427,-4.02,6.66,0.00,15.638320653710707,OFF,RETRACTED,MANUAL
23:39:37.534,-3.56,7.55,0.00,15.206090998510263,OFF,RETRACTED,MANUAL
23:39:37.631,-3.09,8.43,0.00,14.779731178806117,OFF,RETRACTED,MANUAL
23:39:37.737,-2.61,9.31,0.00,14.35925185357138,OFF,RETRACTED,MANUAL
23:39:37.845,-2.13,10.19,0.00,13.944663534767443,OFF,RETRACTED,MANUAL
23:39:37.950,-1.63,11.07,0.00,13.535976587080626,OFF,RETRACTED,MANUAL
23:39:38.058,-1.14,11.94,0.00,13.133201227663164,OFF,RETRACTED,MANUAL
23:39:38.167,-0.64,12.80,0.00,12.736347525878386,OFF,RETRACTED,MANUAL
23:39:38.301,-0.14,13.66,0.00,12.345425403047784,OFF,RETRACTED,MANUAL
23:39:38.412,0.36,14.52,0.00,11.960444632204428,OFF,RETRACTED,MANUAL
23:39:38.514,0.86,15.37,0.00,11.581414837847404,OFF,RETRACTED,MANUAL
23:39:38.613,1.35,16.21,0.00,11.208345495701678,OFF,RETRACTED,MANUAL
23:39:38.716,1.85,17.05,0.00,10.841245932481627,OFF,RETRACTED,MANUAL
23:39:38.820,2.34,17.88,0.00,10.480125325656957,OFF,RETRACTED,MANUAL
23:39:38.919,2.82,18.70,0.00,10.12499270322428,OFF,RETRACTED,MANUAL
23:39:39.021,3.30,19.51,0.00,9.775856943480534,OFF,RETRACTED,MANUAL
23:39:39.122,3.76,20.32,0.00,9.432726774801438,OFF,RETRACTED,MANUAL
23:39:39.223,4.22,21.12,0.00,9.095610775423552,OFF,RETRACTED,MANUAL
23:39:39.324,4.67,21.91,0.00,8.764517373229069,OFF,RETRACTED,MANUAL
23:39:39.427,5.11,22.69,0.00,8.439454845536005,OFF,RETRACTED,MANUAL
23:39:39.526,5.53,23.46,0.00,8.120431318890581,OFF,RETRACTED,MANUAL
23:39:39.627,5.94,24.23,0.00,7.807454768864147,OFF,RETRACTED,MANUAL
23:39:39.728,6.33,24.98,0.00,7.500533019854458,OFF,RETRACTED,MANUAL
23:39:39.832,6.71,25.72,0.00,7.199673744888969,OFF,RETRACTED,MANUAL
23:39:39.932,7.07,26.46,0.00,6.904884465434094,OFF,RETRACTED,MANUAL
23:39:40.035,7.42,27.18,0.00,6.616172551206432,OFF,RETRACTED,MANUAL
23:39:40.140,7.74,27.89,0.00,6.33354521998865,OFF,RETRACTED,MANUAL
23:39:40.242,8.05,28.59,0.00,6.057009537449517,OFF,RETRACTED,MANUAL
23:39:40.352,8.34,29.28,0.00,5.786572416966493,OFF,RETRACTED,MANUAL
23:39:40.475,8.60,29.96,0.00,5.522240619453697,OFF,RETRACTED,MANUAL
23:39:40.585,8.85,30.62,0.00,5.264020753192199,OFF,RETRACTED,MANUAL
23:39:40.703,9.07,31.28,0.00,5.011919273665114,OFF,RETRACTED,MANUAL
23:39:40.802,9.27,31.92,0.00,4.765942483396543,OFF,RETRACTED,MANUAL
23:39:40.905,9.44,32.55,0.00,4.526096531793172,OFF,RETRACTED,MANUAL
23:39:41.004,9.60,33.16,0.00,4.292387414991481,OFF,RETRACTED,MANUAL
23:39:41.105,9.73,33.76,0.00,4.0648209757071925,OFF,RETRACTED,MANUAL
23:39:41.209,9.83,34.35,0.00,3.8434029030892987,OFF,RETRACTED,MANUAL
23:39:41.311,9.91,34.93,0.00,3.6281387325782646,OFF,RETRACTED,MANUAL
23:39:41.418,9.96,35.49,0.00,3.4190338457669327,OFF,RETRACTED,MANUAL
23:39:41.526,9.99,36.03,0.00,3.2160934702668555,OFF,RETRACTED,MANUAL
23:39:41.627,10.00,36.56,0.00,3.0193226795766748,OFF,RETRACTED,MANUAL
23:39:41.727,9.98,37.08,0.00,2.828726392955872,OFF,RETRACTED,MANUAL
23:39:41.828,9.93,37.58,0.00,2.6443093753017877,OFF,RETRACTED,MANUAL
23:39:41.932,9.86,38.07,0.00,2.466076237030194,OFF,RETRACTED,MANUAL
23:39:42.032,9.77,38.54,0.00,2.294031433960356,OFF,RETRACTED,MANUAL
23:39:42.133,9.65,39.00,0.00,2.1281792672033077,OFF,RETRACTED,MANUAL
23:39:42.237,9.51,39.44,0.00,1.9685238830545586,OFF,RETRACTED,MANUAL
23:39:42.347,9.34,39.87,0.00,1.8150692728904687,OFF,RETRACTED,MANUAL
23:39:42.446,9.15,40.28,0.00,1.6678192730682326,OFF,RETRACTED,MANUAL
23:39:42.550,8.94,40.67,0.00,1.5267775648302404,OFF,RETRACTED,MANUAL
23:39:42.650,8.70,41.05,0.00,1.391947674211849,OFF,RETRACTED,MANUAL
23:39:42.751,8.45,41.41,0.00,1.2633329719532185,OFF,RETRACTED,MANUAL
23:39:42.856,8.17,41.75,0.00,1.1409366734152968,OFF,RETRACTED,MANUAL
23:39:42.959,7.87,42.08,0.00,1.0247618384991029,OFF,RETRACTED,MANUAL
23:39:43.068,7.55,42.39,0.00,0.9148113715695558,OFF,RETRACTED,MANUAL
23:39:43.170,7.21,42.68,0.00,0.8110880213825453,OFF,RETRACTED,MANUAL
23:39:43.284,6.86,42.96,0.00,0.7135943810163781,OFF,RETRACTED,MANUAL
23:39:43.417,6.49,43.22,0.00,0.6223328878070618,OFF,RETRACTED,MANUAL
23:39:43.525,6.10,43.46,0.00,0.5373058232870846,OFF,RETRACTED,MANUAL
23:39:43.624,5.69,43.69,0.00,0.45851531312877114,OFF,RETRACTED,MANUAL
23:39:43.725,5.28,43.89,0.00,0.38596332709064995,OFF,RETRACTED,MANUAL
23:39:43.825,4.84,44.08,0.00,0.31965167896859725,OFF,RETRACTED,MANUAL
23:39:43.926,4.40,44.25,0.00,0.25958202655044715,OFF,RETRACTED,MANUAL
23:39:44.030,3.95,44.41,0.00,0.2057558715742971,OFF,RETRACTED,MANUAL
23:39:44.130,3.48,44.55,0.00,0.15817455969124694,OFF,RETRACTED,MANUAL
23:39:44.231,3.01,44.66,0.00,0.11683928043163405,OFF,RETRACTED,MANUAL
23:39:44.331,2.53,44.76,0.00,0.08175106717524727,OFF,RETRACTED,MANUAL
23:39:44.432,2.04,44.85,0.00,0.05291079712566216,OFF,RETRACTED,MANUAL
23:39:44.534,1.55,44.91,0.00,0.030319191288043612,OFF,RETRACTED,MANUAL
23:39:44.635,1.06,44.96,0.00,0.013976814451410746,OFF,RETRACTED,MANUAL
23:39:44.735,0.56,44.99,0.00,0.003884075174312329,OFF,RETRACTED,MANUAL
23:39:44.836,0.06,45.00,0.00,4.1225774737085885e-05,OFF,RETRACTED,MANUAL
23:39:44.937,-0.44,44.99,0.00,0.0024483623236903895,OFF,RETRACTED,MANUAL
23:39:45.038,-0.94,44.97,0.00,0.011105424642892103,OFF,RETRACTED,MANUAL
23:39:45.138,-1.44,44.93,0.00,0.026012196306226087,OFF,RETRACTED,MANUAL
23:39:45.240,-1.93,44.86,0.00,0.047168304645168746,OFF,RETRACTED,MANUAL
23:39:45.340,-2.42,44.79,0.00,0.07457322075813977,OFF,RETRACTED,MANUAL
23:39:45.442,-2.90,44.69,0.00,0.10822625952363296,OFF,RETRACTED,MANUAL
23:39:45.545,-3.37,44.57,0.00,0.14812657961749665,OFF,RETRACTED,MANUAL
23:39:45.655,-3.84,44.44,0.00,0.19427318353373835,OFF,RETRACTED,MANUAL
23:39:45.761,-4.30,44.29,0.00,0.2466649176096496,OFF,RETRACTED,MANUAL
23:39:45.866,-4.74,44.12,0.00,0.3053004720547108,OFF,RETRACTED,MANUAL
23:39:45.969,-5.18,43.94,0.00,0.37017838098302036,OFF,RETRACTED,MANUAL
23:39:46.073,-5.60,43.73,0.00,0.44129702245027147,OFF,RETRACTED,MANUAL
23:39:46.181,-6.01,43.51,0.00,0.5186546184941108,OFF,RETRACTED,MANUAL
23:39:46.283,-6.40,43.28,0.00,0.6022492351786468,OFF,RETRACTED,MANUAL
23:39:46.383,-6.77,43.02,0.00,0.6920787826429091,OFF,RETRACTED,MANUAL
23:39:46.503,-7.13,42.75,0.00,0.7881410151527746,OFF,RETRACTED,MANUAL
23:39:46.585,-7.47,42.46,0.00,0.8904335311575267,OFF,RETRACTED,MANUAL
23:39:46.685,-7.80,42.15,0.00,0.998953773349541,OFF,RETRACTED,MANUAL
23:39:46.788,-8.10,41.83,0.00,1.113699028728405,OFF,RETRACTED,MANUAL
23:39:46.887,-8.38,41.49,0.00,1.2346664286687599,OFF,RETRACTED,MANUAL
23:39:46.990,-8.65,41.13,0.00,1.3618529489918672,OFF,RETRACTED,MANUAL
23:39:47.088,-8.89,40.76,0.00,1.4952554100413806,OFF,RETRACTED,MANUAL
23:39:47.189,-9.10,40.37,0.00,1.6348704767626714,OFF,RETRACTED,MANUAL
23:39:47.296,-9.30,39.96,0.00,1.7806946587863592,OFF,RETRACTED,MANUAL
23:39:47.391,-9.47,39.54,0.00,1.932724310515539,OFF,RETRACTED,MANUAL
23:39:47.492,-9.62,39.10,0.00,2.090955631216758,OFF,RETRACTED,MANUAL
23:39:47.593,-9.74,38.65,0.00,2.255384665115315,OFF,RETRACTED,MANUAL
23:39:47.694,-9.84,38.18,0.00,2.4260073014938257,OFF,RETRACTED,MANUAL
23:39:47.795,-9.92,37.70,0.00,2.6028192747953653,OFF,RETRACTED,MANUAL
23:39:48.012,-9.97,37.20,0.00,2.785816164729823,OFF,RETRACTED,MANUAL
23:39:48.012,-10.00,36.68,0.00,2.974993396384349,OFF,RETRACTED,MANUAL
23:39:48.097,-10.00,36.16,0.00,3.1703462403381764,OFF,RETRACTED,MANUAL
23:39:48.197,-9.97,35.61,0.00,3.3718698127802327,OFF,RETRACTED,MANUAL
23:39:48.307,-9.92,35.06,0.00,3.579559075631721,OFF,RETRACTED,MANUAL
23:39:48.409,-9.85,34.48,0.00,3.7934088366720573,OFF,RETRACTED,MANUAL
23:39:48.512,-9.75,33.90,0.00,4.013413749668132,OFF,RETRACTED,MANUAL
23:39:48.611,-9.63,33.30,0.00,4.239568314508745,OFF,RETRACTED,MANUAL
23:39:48.712,-9.48,32.69,0.00,4.4718668773414265,OFF,RETRACTED,MANUAL
23:39:48.813,-9.31,32.06,0.00,4.710303630714208,OFF,RETRACTED,MANUAL
23:39:48.914,-9.12,31.43,0.00,4.954872613720852,OFF,RETRACTED,MANUAL
23:39:49.016,-8.90,30.78,0.00,5.205567712149303,OFF,RETRACTED,MANUAL
23:39:49.118,-8.66,30.11,0.00,5.462382658635335,OFF,RETRACTED,MANUAL
23:39:49.219,-8.40,29.44,0.00,5.7253110328184675,OFF,RETRACTED,MANUAL
23:39:49.320,-8.12,28.75,0.00,5.994346261503182,OFF,RETRACTED,MANUAL
23:39:49.420,-7.82,28.05,0.00,6.269481618822823,OFF,RETRACTED,MANUAL
23:39:49.523,-7.50,27.34,0.00,6.5507102264076025,OFF,RETRACTED,MANUAL
23:39:49.622,-7.15,26.62,0.00,6.838025053557175,OFF,RETRACTED,MANUAL
23:39:49.723,-6.80,25.89,0.00,7.131418917415658,OFF,RETRACTED,MANUAL
23:39:49.823,-6.42,25.15,0.00,7.4308844831518,OFF,RETRACTED,MANUAL
23:39:49.924,-6.03,24.40,0.00,7.736414264142155,OFF,RETRACTED,MANUAL
23:39:50.024,-5.62,23.64,0.00,8.048000622157929,OFF,RETRACTED,MANUAL
23:39:50.125,-5.20,22.87,0.00,8.365635767556626,OFF,RETRACTED,MANUAL
23:39:50.227,-4.77,22.09,0.00,8.689311759475856,OFF,RETRACTED,MANUAL
23:39:50.328,-4.33,21.30,0.00,9.01902050603286,OFF,RETRACTED,MANUAL
23:39:50.427,-3.87,20.50,0.00,9.354753764526237,OFF,RETRACTED,MANUAL
23:39:50.528,-3.40,19.70,0.00,9.696503141641841,OFF,RETRACTED,MANUAL
23:39:50.629,-2.93,18.89,0.00,10.044260093663155,OFF,RETRACTED,MANUAL
23:39:50.730,-2.45,18.07,0.00,10.398015926684366,OFF,RETRACTED,MANUAL
23:39:50.831,-1.96,17.24,0.00,10.757761796828134,OFF,RETRACTED,MANUAL
23:39:50.931,-1.47,16.40,0.00,11.123488710466603,OFF,RETRACTED,MANUAL
23:39:51.032,-0.97,15.56,0.00,11.495187524445669,OFF,RETRACTED,MANUAL
23:39:51.133,-0.47,14.71,0.00,11.872848946314662,OFF,RETRACTED,MANUAL
23:39:51.235,0.03,13.86,0.00,12.256463534557412,OFF,RETRACTED,MANUAL
23:39:51.334,0.53,13.00,0.00,12.646021698829344,OFF,RETRACTED,MANUAL
23:39:51.434,1.02,12.14,0.00,13.04151370019676,OFF,RETRACTED,MANUAL
23:39:51.535,1.52,11.27,0.00,13.442929651379956,OFF,RETRACTED,MANUAL
23:39:51.637,2.01,10.39,0.00,13.850259517001348,OFF,RETRACTED,MANUAL
23:39:51.740,2.50,9.52,0.00,14.263493113835182,OFF,RETRACTED,MANUAL
23:39:51.841,2.98,8.64,0.00,14.682620111063244,OFF,RETRACTED,MANUAL
23:39:51.941,3.45,7.75,0.00,15.10763003053259,OFF,RETRACTED,MANUAL
23:39:52.042,3.92,6.86,0.00,15.538512247017053,OFF,RETRACTED,MANUAL
23:39:52.144,4.37,5.97,0.00,15.975255988483951,OFF,RETRACTED,MANUAL
23:39:52.243,4.82,5.08,0.00,16.41785033636222,OFF,RETRACTED,MANUAL
23:39:52.345,5.25,4.18,0.00,16.866284225816344,OFF,RETRACTED,MANUAL
23:39:52.445,5.67,3.29,0.00,17.320546446022632,OFF,RETRACTED,MANUAL
23:39:52.546,6.07,2.39,0.00,17.780625640448847,OFF,RETRACTED,MANUAL
23:39:52.649,6.46,1.49,0.00,18.246510307139488,OFF,RETRACTED,MANUAL
23:39:52.749,6.84,0.59,0.00,18.718188799001837,OFF,RETRACTED,MANUAL
23:39:52.851,7.19,-0.31,0.00,19.19564932409827,OFF,RETRACTED,MANUAL
23:39:52.952,7.53,-1.21,0.00,19.678879945940707,OFF,RETRACTED,MANUAL
23:39:53.053,7.85,-2.11,0.00,20.167868583788447,OFF,RETRACTED,MANUAL
23:39:53.155,8.15,-3.01,0.00,20.662603012951337,OFF,RETRACTED,MANUAL
23:39:53.255,8.43,-3.91,0.00,21.163070865094113,OFF,RETRACTED,MANUAL
23:39:53.355,8.69,-4.80,0.00,21.669259628546655,OFF,RETRACTED,MANUAL
23:39:53.458,8.92,-5.70,0.00,22.18115664861645,OFF,RETRACTED,MANUAL
23:39:53.557,9.14,-6.59,0.00,22.69874912790428,OFF,RETRACTED,MANUAL
23:39:53.658,9.33,-7.48,0.00,23.222024126625513,OFF,RETRACTED,MANUAL
23:39:53.759,9.50,-8.36,0.00,23.750968562932087,OFF,RETRACTED,MANUAL
23:39:53.859,9.64,-9.24,0.00,24.285569213240734,OFF,RETRACTED,MANUAL
23:39:53.961,9.76,-10.12,0.00,24.825812712563305,OFF,RETRACTED,MANUAL
23:39:54.063,9.86,-11.00,0.00,25.3716855548401,OFF,RETRACTED,MANUAL
23:39:54.162,9.93,-11.87,0.00,25.92317409327879,OFF,RETRACTED,MANUAL
23:39:54.263,9.98,-12.73,0.00,26.480264540694293,OFF,RETRACTED,MANUAL
23:39:54.364,10.00,-13.60,0.00,27.042942969854664,OFF,RETRACTED,MANUAL
23:39:54.465,9.99,-14.45,0.00,27.61119531382863,OFF,RETRACTED,MANUAL
23:39:54.565,9.97,-15.30,0.00,28.185007366336805,OFF,RETRACTED,MANUAL
23:39:54.665,9.91,-16.14,0.00,28.764364782108174,OFF,RETRACTED,MANUAL
23:39:54.766,9.84,-16.98,0.00,29.349253077237137,OFF,RETRACTED,MANUAL
23:39:54.867,9.73,-17.81,0.00,29.9396576295469,OFF,RETRACTED,MANUAL
23:39:54.968,9.61,-18.63,0.00,30.535563678954674,OFF,RETRACTED,MANUAL
23:39:55.070,9.45,-19.45,0.00,31.13695632783987,OFF,RETRACTED,MANUAL
23:39:55.172,9.28,-20.26,0.00,31.743820541417932,OFF,RETRACTED,MANUAL
23:39:55.273,9.08,-21.06,0.00,32.35614114811477,OFF,RETRACTED,MANUAL
23:39:55.376,8.86,-21.85,0.00,32.97390283994727,OFF,RETRACTED,MANUAL
23:39:55.477,8.62,-22.63,0.00,33.59709017290561,OFF,RETRACTED,MANUAL
23:39:55.582,8.35,-23.40,0.00,34.22568756733838,OFF,RETRACTED,MANUAL
23:39:55.689,8.07,-24.17,0.00,34.85967930834397,OFF,RETRACTED,MANUAL
23:39:55.812,7.76,-24.92,0.00,35.49904954616139,OFF,RETRACTED,MANUAL
23:39:55.954,7.44,-25.66,0.00,36.143782296568276,OFF,RETRACTED,MANUAL
23:39:56.089,7.10,-26.40,0.00,36.7938614412796,OFF,RETRACTED,MANUAL
23:39:56.191,6.73,-27.12,0.00,37.44927072835023,OFF,RETRACTED,MANUAL
23:39:56.291,6.36,-27.84,0.00,38.1099937725825,OFF,RETRACTED,MANUAL
23:39:56.397,5.96,-28.54,0.00,38.7760140559343,OFF,RETRACTED,MANUAL
23:39:56.505,5.55,-29.23,0.00,39.44731492793349,OFF,RETRACTED,MANUAL
23:39:56.607,5.13,-29.91,0.00,40.123879606093425,OFF,RETRACTED,MANUAL
23:39:56.708,4.70,-30.57,0.00,40.80569117633192,OFF,RETRACTED,MANUAL
23:39:56.807,4.25,-31.23,0.00,41.492732593395715,OFF,RETRACTED,MANUAL
23:39:56.909,3.79,-31.87,0.00,42.18498668128473,OFF,RETRACTED,MANUAL
23:39:57.013,3.32,-32.50,0.00,42.88243613368297,OFF,RETRACTED,MANUAL
23:39:57.114,2.85,-33.11,0.00,43.58506351439078,OFF,RETRACTED,MANUAL
23:39:57.215,2.37,-33.72,0.00,44.29285125775971,OFF,RETRACTED,MANUAL
23:39:57.316,1.88,-34.30,0.00,45.00578166913351,OFF,RETRACTED,MANUAL
23:39:57.418,1.38,-34.88,0.00,45.723836925288595,OFF,RETRACTED,MANUAL
23:39:57.521,0.89,-35.44,0.00,46.44699907488115,OFF,RETRACTED,MANUAL
23:39:57.621,0.39,-35.99,0.00,47.1752500388954,OFF,RETRACTED,MANUAL
23:39:57.721,-0.11,-36.52,0.00,47.9085716110946,OFF,RETRACTED,MANUAL
23:39:57.821,-0.61,-37.04,0.00,48.64694545847823,OFF,RETRACTED,MANUAL
23:39:57.922,-1.11,-37.54,0.00,49.390353121738,OFF,RETRACTED,MANUAL
23:39:58.023,-1.60,-38.03,0.00,50.138776015721305,OFF,RETRACTED,MANUAL
23:39:58.124,-2.10,-38.51,0.00,50.892195429895054,OFF,RETRACTED,MANUAL
23:39:58.224,-2.58,-38.96,0.00,51.65059252881264,OFF,RETRACTED,MANUAL
23:39:58.325,-3.06,-39.41,0.00,52.413948352586544,OFF,RETRACTED,MANUAL
23:39:58.428,-3.53,-39.83,0.00,53.182243817360416,OFF,RETRACTED,MANUAL
23:39:58.527,-4.00,-40.24,0.00,53.95545971578795,OFF,RETRACTED,MANUAL
23:39:58.628,-4.45,-40.64,0.00,54.73357671751222,OFF,RETRACTED,MANUAL
23:39:58.728,-4.89,-41.02,0.00,55.516575369648166,OFF,RETRACTED,MANUAL
23:39:58.837,-5.32,-41.38,0.00,56.30443609727081,OFF,RETRACTED,MANUAL
23:39:58.943,-5.74,-41.72,0.00,57.09713920390243,OFF,RETRACTED,MANUAL
23:39:59.053,-6.14,-42.05,0.00,57.894664872006956,OFF,RETRACTED,MANUAL
23:39:59.153,-6.53,-42.37,0.00,58.69699316348445,OFF,RETRACTED,MANUAL
23:39:59.253,-6.90,-42.66,0.00,59.50410402016894,OFF,RETRACTED,MANUAL
23:39:59.354,-7.25,-42.94,0.00,60.31597726433151,OFF,RETRACTED,MANUAL
23:39:59.455,-7.59,-43.20,0.00,61.13259259918283,OFF,RETRACTED,MANUAL
23:39:59.557,-7.90,-43.44,0.00,61.9539296093823,OFF,RETRACTED,MANUAL
23:39:59.658,-8.20,-43.67,0.00,62.77996776154782,OFF,RETRACTED,MANUAL
23:39:59.760,-8.47,-43.88,0.00,63.61068640476796,OFF,RETRACTED,MANUAL
23:39:59.858,-8.73,-44.07,0.00,64.44606477112049,OFF,RETRACTED,MANUAL
23:39:59.959,-8.96,-44.24,0.00,65.2860819761892,OFF,RETRACTED,MANUAL
23:40:00.062,-9.17,-44.40,0.00,66.13071701958799,OFF,RETRACTED,MANUAL
23:40:00.163,-9.36,-44.53,0.00,66.97994878548508,OFF,RETRACTED,MANUAL
23:40:00.262,-9.52,-44.66,0.00,67.83375604312994,OFF,RETRACTED,MANUAL
23:40:00.364,-9.66,-44.76,0.00,68.69211744738621,OFF,RETRACTED,MANUAL
23:40:00.463,-9.78,-44.84,0.00,69.55501153926286,OFF,RETRACTED,MANUAL
23:40:00.565,-9.87,-44.91,0.00,70.42241674645288,OFF,RETRACTED,MANUAL
23:40:00.665,-9.94,-44.96,0.00,71.29431138387156,OFF,RETRACTED,MANUAL
23:40:00.767,-9.98,-44.99,0.00,72.17067365419774,OFF,RETRACTED,MANUAL
23:40:00.868,-10.00,-45.00,0.00,73.05148164842092,OFF,RETRACTED,MANUAL
23:40:00.969,-9.99,-44.99,0.00,73.93671334638654,OFF,RETRACTED,MANUAL
23:40:01.069,-9.96,-44.97,0.00,74.82634661734855,OFF,RETRACTED,MANUAL
23:40:01.169,-9.90,-44.93,0.00,75.7203592205218,OFF,RETRACTED,MANUAL
23:40:01.270,-9.82,-44.87,0.00,76.6187288056372,OFF,RETRACTED,MANUAL
23:40:01.376,-9.71,-44.79,0.00,77.52143291350248,OFF,RETRACTED,MANUAL
23:40:01.478,-9.58,-44.70,0.00,78.42844897656136,OFF,RETRACTED,MANUAL
23:40:01.578,-9.43,-44.58,0.00,79.33975431945981,OFF,RETRACTED,MANUAL
23:40:01.682,-9.25,-44.45,0.00,80.25532615961203,OFF,RETRACTED,MANUAL
23:40:01.785,-9.05,-44.30,0.00,81.17514160776909,OFF,RETRACTED,MANUAL
23:40:01.887,-8.82,-44.14,0.00,82.09917766859334,OFF,RETRACTED,MANUAL
23:40:01.994,-8.58,-43.95,0.00,83.02741124123071,OFF,RETRACTED,MANUAL
23:40:02.104,-8.31,-43.75,0.00,83.95981911989057,OFF,RETRACTED,MANUAL
23:40:02.206,-8.02,-43.53,0.00,84.89637799442485,OFF,RETRACTED,MANUAL
23:40:02.311,-7.71,-43.30,0.00,85.83706445090976,OFF,RETRACTED,MANUAL
23:40:02.420,-7.38,-43.04,0.00,86.78185497223362,OFF,RETRACTED,MANUAL
23:40:02.522,-7.04,-42.77,0.00,87.7307259386819,OFF,RETRACTED,MANUAL
23:40:02.627,-6.67,-42.48,0.00,88.68365362853018,OFF,RETRACTED,MANUAL
23:40:02.729,-6.29,-42.18,0.00,89.64061421863619,OFF,RETRACTED,MANUAL
23:40:02.830,-5.90,-41.85,0.00,90.60158378503439,OFF,RETRACTED,MANUAL
23:40:02.931,-5.48,-41.52,0.00,91.56653830353628,OFF,RETRACTED,MANUAL
23:40:03.032,-5.06,-41.16,0.00,92.53545365032849,OFF,RETRACTED,MANUAL
23:40:03.132,-4.62,-40.79,0.00,93.50830560257822,OFF,RETRACTED,MANUAL
23:40:03.235,-4.17,-40.40,0.00,94.4850698390376,OFF,RETRACTED,MANUAL
23:40:03.336,-3.71,-40.00,0.00,95.46572194065092,OFF,RETRACTED,MANUAL
23:40:03.439,-3.25,-39.57,0.00,96.45023739116743,OFF,RETRACTED,MANUAL
23:40:03.540,-2.77,-39.14,0.00,97.43859157775142,OFF,RETRACTED,MANUAL
23:40:03.639,-2.28,-38.69,0.00,98.43075979160008,OFF,RETRACTED,MANUAL
23:40:03.801,-1.80,-38.22,0.00,99.42671722856005,OFF,RETRACTED,MANUAL
23:40:03.909,-1.30,-37.74,0.00,100.42643898974663,OFF,RETRACTED,MANUAL
23:40:04.015,-0.80,-37.24,0.00,101.4299000821685,OFF,RETRACTED,MANUAL
23:40:04.118,-0.31,-36.73,0.00,102.43707541934998,OFF,RETRACTED,MANUAL
23:40:04.224,0.19,-36.20,0.00,103.4479398219604,OFF,RETRACTED,MANUAL
23:40:04.324,0.69,-35.66,0.00,104.46246801844273,OFF,RETRACTED,MANUAL
23:40:04.425,1.19,-35.10,0.00,105.48063464564413,OFF,RETRACTED,MANUAL
23:40:04.526,1.69,-34.53,0.00,106.50241424945276,OFF,RETRACTED,MANUAL
23:40:04.628,2.18,-33.95,0.00,107.5277812854309,OFF,RETRACTED,MANUAL
23:40:04.735,2.66,-33.35,0.00,108.55671011945654,OFF,RETRACTED,MANUAL
23:40:04.851,3.14,-32.74,0.00,109.58917502836269,OFF,RETRACTED,MANUAL
23:40:05.019,3.61,-32.11,0.00,110.62515020057972,OFF,RETRACTED,MANUAL
23:40:05.178,4.07,-31.48,0.00,111.664609736783,OFF,RETRACTED,MANUAL
23:40:05.399,4.52,-30.83,0.00,112.70752765053751,OFF,RETRACTED,MANUAL
23:40:05.507,4.96,-30.17,0.00,113.75387786895013,OFF,RETRACTED,MANUAL
23:40:05.629,5.39,-29.49,0.00,114.80363423332028,OFF,RETRACTED,MANUAL
23:40:05.788,5.81,-28.81,0.00,115.8567704997927,OFF,RETRACTED,MANUAL
23:40:05.889,6.21,-28.11,0.00,116.9132603400164,OFF,RETRACTED,MANUAL
23:40:06.002,6.59,-27.40,0.00,117.97307734179964,OFF,RETRACTED,MANUAL
23:40:06.131,6.96,-26.68,0.00,119.03619500977291,OFF,RETRACTED,MANUAL
23:40:06.234,7.31,-25.95,0.00,120.10258676605031,OFF,RETRACTED,MANUAL
23:40:06.351,7.64,-25.21,0.00,121.17222595089268,OFF,RETRACTED,MANUAL
23:40:06.462,7.95,-24.46,0.00,122.2450858233769,OFF,RETRACTED,MANUAL
23:40:06.595,8.25,-23.70,0.00,123.32113956206126,OFF,RETRACTED,MANUAL
23:40:06.702,8.52,-22.93,0.00,124.4003602656587,OFF,RETRACTED,MANUAL
23:40:06.802,8.77,-22.15,0.00,125.48272095370824,OFF,RETRACTED,MANUAL
23:40:06.902,9.00,-21.36,0.00,126.5681945672483,OFF,RETRACTED,MANUAL
23:40:07.003,9.21,-20.57,0.00,127.65675396949581,OFF,RETRACTED,MANUAL
23:40:07.104,9.39,-19.76,0.00,128.74837194652167,OFF,RETRACTED,MANUAL
23:40:07.206,9.55,-18.95,0.00,129.84302120793367,OFF,RETRACTED,MANUAL
23:40:07.305,9.69,-18.13,0.00,130.9406743875577,OFF,RETRACTED,MANUAL
23:40:07.407,9.80,-17.30,0.00,132.04130404412064,OFF,RETRACTED,MANUAL
23:40:07.509,9.89,-16.47,0.00,133.14488266193922,OFF,RETRACTED,MANUAL
23:40:07.612,9.95,-15.63,0.00,134.25138265160462,OFF,RETRACTED,MANUAL
23:40:07.713,9.99,-14.78,0.00,135.36077635067517,OFF,RETRACTED,MANUAL
23:40:07.813,10.00,-13.93,0.00,136.4730360243666,OFF,RETRACTED,MANUAL
23:40:07.914,9.99,-13.07,0.00,137.5881338662441,OFF,RETRACTED,MANUAL
23:40:08.017,9.95,-12.21,0.00,138.70604199892063,OFF,RETRACTED,MANUAL
23:40:08.125,9.89,-11.34,0.00,139.8267324747502,OFF,RETRACTED,MANUAL
23:40:08.235,9.80,-10.46,0.00,140.9501772765297,OFF,RETRACTED,MANUAL
23:40:08.335,9.69,-9.59,0.00,142.07634831819803,OFF,RETRACTED,MANUAL
23:40:08.437,9.56,-8.71,0.00,143.20521744553696,OFF,RETRACTED,MANUAL
23:40:08.539,9.40,-7.82,0.00,144.33675643687798,OFF,RETRACTED,MANUAL
23:40:08.641,9.22,-6.93,0.00,145.47093700380435,OFF,RETRACTED,MANUAL
23:40:08.742,9.01,-6.04,0.00,146.6077307918614,OFF,RETRACTED,MANUAL
23:40:08.859,8.78,-5.15,0.00,147.74710938126407,OFF,RETRACTED,MANUAL
23:40:08.960,8.53,-4.25,0.00,148.8890442876061,OFF,RETRACTED,MANUAL
23:40:09.065,8.26,-3.36,0.00,150.03350696257522,OFF,RETRACTED,MANUAL
23:40:09.168,7.97,-2.46,0.00,151.18046879466323,OFF,RETRACTED,MANUAL
23:40:09.270,7.66,-1.56,0.00,152.32990110988453,OFF,RETRACTED,MANUAL
23:40:09.372,7.33,-0.66,0.00,153.48177517249155,OFF,RETRACTED,MANUAL
23:40:09.475,6.98,0.24,0.00,154.63606218569183,OFF,RETRACTED,MANUAL
23:40:09.575,6.61,1.14,0.00,155.79273329237103,OFF,RETRACTED,MANUAL
23:40:09.677,6.23,2.04,0.00,156.95175957581085,OFF,RETRACTED,MANUAL
23:40:09.777,5.83,2.94,0.00,158.11311206041506,OFF,RETRACTED,MANUAL
23:40:09.878,5.41,3.83,0.00,159.27676171243235,OFF,RETRACTED,MANUAL
23:40:09.979,4.99,4.73,0.00,160.44267944068127,OFF,RETRACTED,MANUAL
23:40:10.081,4.55,5.62,0.00,161.61083609728018,OFF,RETRACTED,MANUAL
23:40:10.183,4.10,6.52,0.00,162.78120247837262,OFF,RETRACTED,MANUAL
23:40:10.284,3.64,7.41,0.00,163.95374932486044,OFF,RETRACTED,MANUAL
23:40:10.386,3.17,8.29,0.00,165.12844732313403,OFF,RETRACTED,MANUAL
23:40:10.485,2.69,9.17,0.00,166.3052671058037,OFF,RETRACTED,MANUAL
23:40:10.587,2.20,10.05,0.00,167.48417925243706,OFF,RETRACTED,MANUAL
23:40:10.688,1.71,10.93,0.00,168.66515429029096,OFF,RETRACTED,MANUAL
23:40:10.790,1.22,11.80,0.00,169.84816269505143,OFF,RETRACTED,MANUAL
23:40:10.890,0.72,12.67,0.00,171.0331748915704,OFF,RETRACTED,MANUAL
23:40:10.990,0.22,13.53,0.00,172.2201612546038,OFF,RETRACTED,MANUAL
23:40:11.092,-0.28,14.38,0.00,173.40909210955522,OFF,RETRACTED,MANUAL
23:40:11.192,-0.78,15.23,0.00,174.59993773321435,OFF,RETRACTED,MANUAL
23:40:11.296,-1.28,16.08,0.00,175.7926683545031,OFF,RETRACTED,MANUAL
23:40:11.396,-1.77,16.91,0.00,176.98725415521844,OFF,RETRACTED,MANUAL
23:40:11.497,-2.26,17.74,0.00,178.18366527077671,OFF,RETRACTED,MANUAL
23:40:11.597,-2.74,18.57,0.00,179.38187179096323,OFF,RETRACTED,MANUAL
23:40:11.698,-3.22,19.38,0.00,180.58184376067652,OFF,RETRACTED,MANUAL
23:40:11.799,-3.69,20.19,0.00,181.78355118068026,OFF,RETRACTED,MANUAL
23:40:11.899,-4.15,20.99,0.00,182.98696400835198,OFF,RETRACTED,MANUAL
23:40:12.000,-4.60,21.78,0.00,184.1920521584328,OFF,RETRACTED,MANUAL
23:40:12.104,-5.04,22.57,0.00,185.3987855037826,OFF,RETRACTED,MANUAL
23:40:12.205,-5.46,23.34,0.00,186.60713387612972,OFF,RETRACTED,MANUAL
23:40:12.306,-5.87,24.11,0.00,187.81706706682823,OFF,RETRACTED,MANUAL
23:40:12.406,-6.27,24.86,0.00,189.0285548276118,OFF,RETRACTED,MANUAL
23:40:12.508,-6.65,25.61,0.00,190.24156687134868,OFF,RETRACTED,MANUAL
23:40:12.609,-7.02,26.34,0.00,191.45607287280177,OFF,RETRACTED,MANUAL
23:40:12.710,-7.37,27.07,0.00,192.67204246938346,OFF,RETRACTED,MANUAL
23:40:12.810,-7.69,27.78,0.00,193.8894452619176,OFF,RETRACTED,MANUAL
23:40:12.911,-8.00,28.48,0.00,195.10825081539815,OFF,RETRACTED,MANUAL
23:40:13.012,-8.29,29.17,0.00,196.328428659749,OFF,RETRACTED,MANUAL
23:40:13.113,-8.56,29.85,0.00,197.54994829058836,OFF,RETRACTED,MANUAL
23:40:13.214,-8.81,30.52,0.00,198.77277916998827,OFF,RETRACTED,MANUAL
23:40:13.316,-9.04,31.17,0.00,199.99689072724084,OFF,RETRACTED,MANUAL
23:40:13.416,-9.24,31.82,0.00,201.22225235962134,OFF,RETRACTED,MANUAL
23:40:13.520,-9.42,32.45,0.00,202.4488334331519,OFF,RETRACTED,MANUAL
23:40:13.621,-9.57,33.06,0.00,203.67660328337044,OFF,RETRACTED,MANUAL
23:40:13.722,-9.71,33.67,0.00,204.90553121609378,OFF,RETRACTED,MANUAL
23:40:13.822,-9.81,34.26,0.00,206.13558650818808,OFF,RETRACTED,MANUAL
23:40:13.925,-9.90,34.84,0.00,207.3667384083355,OFF,RETRACTED,MANUAL
23:40:14.026,-9.96,35.40,0.00,208.59895613780176,OFF,RETRACTED,MANUAL
23:40:14.128,-9.99,35.95,0.00,209.83220889120875,OFF,RETRACTED,MANUAL
23:40:14.228,-10.00,36.48,0.00,211.06646583730094,OFF,RETRACTED,MANUAL
23:40:14.329,-9.98,37.00,0.00,212.3016961197194,OFF,RETRACTED,MANUAL
23:40:14.430,-9.94,37.51,0.00,213.53786885777185,OFF,RETRACTED,MANUAL
23:40:14.530,-9.88,37.99,0.00,214.77495314720338,OFF,RETRACTED,MANUAL
23:40:14.632,-9.79,38.47,0.00,216.01291806097203,OFF,RETRACTED,MANUAL
23:40:14.736,-9.67,38.93,0.00,217.2517326500185,OFF,RETRACTED,MANUAL
23:40:14.837,-9.53,39.37,0.00,218.49136594404314,OFF,RETRACTED,MANUAL
23:40:14.938,-9.37,39.80,0.00,219.73178695227853,OFF,RETRACTED,MANUAL
23:40:15.039,-9.18,40.21,0.00,220.9729646642632,OFF,RETRACTED,MANUAL
23:40:15.139,-8.97,40.61,0.00,222.21486805061988,OFF,RETRACTED,MANUAL
23:40:15.241,-8.74,40.99,0.00,223.45746606382772,OFF,RETRACTED,MANUAL
23:40:15.341,-8.49,41.35,0.00,224.70072763900154,OFF,RETRACTED,MANUAL
23:40:15.448,-8.21,41.70,0.00,225.94462169466715,OFF,RETRACTED,MANUAL
23:40:15.557,-7.92,42.03,0.00,227.18911713353708,OFF,RETRACTED,MANUAL
23:40:15.661,-7.60,42.34,0.00,228.43418284329104,OFF,RETRACTED,MANUAL
23:40:15.762,-7.27,42.64,0.00,229.67978769735026,OFF,RETRACTED,MANUAL
23:40:15.863,-6.92,42.92,0.00,230.9259005556587,OFF,RETRACTED,MANUAL
23:40:15.966,-6.55,43.18,0.00,232.17249026546025,OFF,RETRACTED,MANUAL
23:40:16.070,-6.16,43.42,0.00,233.4195256620762,OFF,RETRACTED,MANUAL
23:40:16.171,-5.76,43.65,0.00,234.66697556968748,OFF,RETRACTED,MANUAL
23:40:16.272,-5.34,43.86,0.00,235.91480880211049,OFF,RETRACTED,MANUAL
23:40:16.373,-4.91,44.05,0.00,237.1629941635798,OFF,RETRACTED,MANUAL
23:40:16.474,-4.47,44.23,0.00,238.41150044952693,OFF,RETRACTED,MANUAL
23:40:16.576,-4.02,44.39,0.00,239.66029644735877,OFF,RETRACTED,MANUAL
23:40:16.677,-3.56,44.52,0.00,240.90935093724138,OFF,RETRACTED,MANUAL
23:40:16.776,-3.09,44.65,0.00,242.1586326928766,OFF,RETRACTED,MANUAL
23:40:16.878,-2.61,44.75,0.00,243.40811048228613,OFF,RETRACTED,MANUAL
23:40:16.980,-2.12,44.84,0.00,244.65775306859072,OFF,RETRACTED,MANUAL
23:40:17.080,-1.63,44.90,0.00,245.90752921078987,OFF,RETRACTED,MANUAL
23:40:17.182,-1.13,44.95,0.00,247.1574076645461,OFF,RETRACTED,MANUAL
23:40:17.283,-0.64,44.99,0.00,248.4073571829622,OFF,RETRACTED,MANUAL
23:40:17.384,-0.14,45.00,0.00,249.65734651736574,OFF,RETRACTED,MANUAL
23:40:17.484,0.36,45.00,0.00,250.90734441808897,OFF,RETRACTED,MANUAL
23:40:17.585,0.86,44.97,0.00,252.15731963524857,OFF,RETRACTED,MANUAL
23:40:17.687,1.36,44.93,0.00,253.4072409195301,OFF,RETRACTED,MANUAL
23:40:17.787,1.85,44.88,0.00,254.65707702296564,OFF,RETRACTED,MANUAL
23:40:17.888,2.34,44.80,0.00,255.90679669971814,OFF,RETRACTED,MANUAL
23:40:17.990,2.82,44.71,0.00,257.15636870686126,OFF,RETRACTED,MANUAL
23:40:18.090,3.30,44.59,0.00,258.405761805159,OFF,RETRACTED,MANUAL
23:40:18.191,3.77,44.46,0.00,259.65494475984985,OFF,RETRACTED,MANUAL
23:40:18.291,4.23,44.32,0.00,260.90388634142414,OFF,RETRACTED,MANUAL
23:40:18.393,4.67,44.15,0.00,262.15255532640776,OFF,RETRACTED,MANUAL
23:40:18.493,5.11,43.97,0.00,263.40092049814166,OFF,RETRACTED,MANUAL
23:40:18.593,5.53,43.77,0.00,264.6489506475606,OFF,RETRACTED,MANUAL
23:40:18.694,5.94,43.55,0.00,265.89661457397676,OFF,RETRACTED,MANUAL
23:40:18.796,6.34,43.32,0.00,267.14388108585604,OFF,RETRACTED,MANUAL
23:40:18.895,6.72,43.06,0.00,268.39071900160116,OFF,RETRACTED,MANUAL
23:40:18.996,7.08,42.79,0.00,269.63709715032945,OFF,RETRACTED,MANUAL
23:40:19.097,7.42,42.51,0.00,270.8829843726514,OFF,RETRACTED,MANUAL
23:40:19.200,7.75,42.20,0.00,272.12834952145204,OFF,RETRACTED,MANUAL
23:40:19.300,8.05,41.88,0.00,273.37316146266676,OFF,RETRACTED,MANUAL
23:40:19.402,8.34,41.54,0.00,274.61738907606224,OFF,RETRACTED,MANUAL
23:40:19.502,8.61,41.19,0.00,275.8610012560134,OFF,RETRACTED,MANUAL
23:40:19.604,8.85,40.82,0.00,277.1039669122797,OFF,RETRACTED,MANUAL
23:40:19.705,9.07,40.43,0.00,278.3462549707853,OFF,RETRACTED,MANUAL
23:40:19.806,9.27,40.03,0.00,279.5878343743925,OFF,RETRACTED,MANUAL
23:40:19.907,9.45,39.61,0.00,280.82867408368145,OFF,RETRACTED,MANUAL
23:40:20.007,9.60,39.17,0.00,282.0687430777243,OFF,RETRACTED,MANUAL
23:40:20.108,9.73,38.72,0.00,283.30801035486013,OFF,RETRACTED,MANUAL
23:40:20.208,9.83,38.26,0.00,284.54644493347223,OFF,RETRACTED,MANUAL
23:40:20.308,9.91,37.78,0.00,285.7840158527599,OFF,RETRACTED,MANUAL
23:40:20.410,9.96,37.28,0.00,287.020692173515,OFF,RETRACTED,MANUAL
23:40:20.515,9.99,36.77,0.00,288.2564429788943,OFF,RETRACTED,MANUAL
23:40:20.616,10.00,36.24,0.00,289.49123737519125,OFF,RETRACTED,MANUAL
23:40:20.716,9.98,35.70,0.00,290.7250444926111,OFF,RETRACTED,MANUAL
23:40:20.817,9.93,35.15,0.00,291.9578334860393,OFF,RETRACTED,MANUAL
23:40:20.920,9.86,34.58,0.00,293.1895735358156,OFF,RETRACTED,MANUAL
23:40:21.023,9.77,33.99,0.00,294.42023384850347,OFF,RETRACTED,MANUAL
23:40:21.123,9.65,33.40,0.00,295.6497836576582,OFF,RETRACTED,MANUAL
23:40:21.223,9.51,32.79,0.00,296.8781922245995,OFF,RETRACTED,MANUAL
23:40:21.334,9.34,32.16,0.00,298.10542883917634,OFF,RETRACTED,MANUAL
23:40:21.434,9.15,31.53,0.00,299.3314628205377,OFF,RETRACTED,MANUAL
23:40:21.535,8.94,30.88,0.00,300.5562635178983,OFF,RETRACTED,MANUAL
23:40:21.714,8.70,30.22,0.00,301.7798003113037,OFF,RETRACTED,MANUAL
23:40:21.836,8.44,29.55,0.00,303.00204261239855,OFF,RETRACTED,MANUAL
23:40:22.007,8.16,28.86,0.00,304.2229598651882,OFF,RETRACTED,MANUAL
23:40:22.112,7.87,28.17,0.00,305.4425215468054,OFF,RETRACTED,MANUAL
23:40:22.218,7.55,27.46,0.00,306.6606971682719,OFF,RETRACTED,MANUAL
23:40:22.327,7.21,26.74,0.00,307.8774562752599,OFF,RETRACTED,MANUAL
23:40:22.425,6.86,26.01,0.00,309.09276844885585,OFF,RETRACTED,MANUAL
23:40:22.527,6.48,25.27,0.00,310.3066033063183,OFF,RETRACTED,MANUAL
23:40:22.654,6.09,24.52,0.00,311.5189305018391,OFF,RETRACTED,MANUAL
23:40:22.756,5.69,23.76,0.00,312.72971972730153,OFF,RETRACTED,MANUAL
23:40:22.856,5.27,22.99,0.00,313.9389407130379,OFF,RETRACTED,MANUAL
23:40:22.961,4.84,22.21,0.00,315.14656322858696,OFF,RETRACTED,MANUAL
23:40:23.065,4.40,21.43,0.00,316.352557083448,OFF,RETRACTED,MANUAL
23:40:23.166,3.94,20.63,0.00,317.5568921278377,OFF,RETRACTED,MANUAL
23:40:23.268,3.48,19.83,0.00,318.7595382534429,OFF,RETRACTED,MANUAL
23:40:23.367,3.01,19.02,0.00,319.96046539417296,OFF,RETRACTED,MANUAL
23:40:23.469,2.53,18.20,0.00,321.15964352691236,OFF,RETRACTED,MANUAL
23:40:23.572,2.04,17.37,0.00,322.35704267226936,OFF,RETRACTED,MANUAL
23:40:23.673,1.55,16.54,0.00,323.5526328953282,OFF,RETRACTED,MANUAL
23:40:23.773,1.05,15.70,0.00,324.7463843063955,OFF,RETRACTED,MANUAL
23:40:23.878,0.55,14.85,0.00,325.93826706174815,OFF,RETRACTED,MANUAL
23:40:23.980,0.05,14.00,0.00,327.1282513643798,OFF,RETRACTED,MANUAL
23:40:24.081,-0.45,13.14,0.00,328.31630746474406,OFF,RETRACTED,MANUAL
23:40:24.182,-0.95,12.27,0.00,329.50240566150063,OFF,RETRACTED,MANUAL
23:40:24.282,-1.44,11.41,0.00,330.6865163022564,OFF,RETRACTED,MANUAL
23:40:24.384,-1.93,10.53,0.00,331.868609784307,OFF,RETRACTED,MANUAL
23:40:24.487,-2.42,9.66,0.00,333.0486565553775,OFF,RETRACTED,MANUAL
23:40:24.594,-2.90,8.78,0.00,334.2266271143591,OFF,RETRACTED,MANUAL
23:40:24.693,-3.38,7.89,0.00,335.4024920120496,OFF,RETRACTED,MANUAL
23:40:24.797,-3.85,7.00,0.00,336.57622185188785,OFF,RETRACTED,MANUAL
23:40:24.896,-4.30,6.11,0.00,337.74778729068896,OFF,RETRACTED,MANUAL
23:40:24.997,-4.75,5.22,0.00,338.9171590393785,OFF,RETRACTED,MANUAL
23:40:25.100,-5.18,4.33,0.00,340.08430786372264,OFF,RETRACTED,MANUAL
23:40:25.201,-5.60,3.43,0.00,341.2492045850621,OFF,RETRACTED,MANUAL
23:40:25.301,-6.01,2.53,0.00,342.41182008103954,OFF,RETRACTED,MANUAL
23:40:25.403,-6.40,1.63,0.00,343.572125286328,OFF,RETRACTED,MANUAL
23:40:25.504,-6.78,0.73,0.00,344.73009119335825,OFF,RETRACTED,MANUAL
23:40:25.604,-7.14,-0.17,0.00,345.88568885304215,OFF,RETRACTED,MANUAL
23:40:25.707,-7.48,-1.07,0.00,347.0388893754988,OFF,RETRACTED,MANUAL
23:40:25.808,-7.80,-1.97,0.00,348.1896639307751,OFF,RETRACTED,MANUAL
23:40:25.913,-8.10,-2.87,0.00,349.3379837495672,OFF,RETRACTED,MANUAL
23:40:26.020,-8.39,-3.76,0.00,350.48382012393984,OFF,RETRACTED,MANUAL
23:40:26.121,-8.65,-4.66,0.00,351.62714440804245,OFF,RETRACTED,MANUAL
23:40:26.223,-8.89,-5.55,0.00,352.76792801882794,OFF,RETRACTED,MANUAL
23:40:26.328,-9.11,-6.45,0.00,353.90614243676544,OFF,RETRACTED,MANUAL
23:40:26.431,-9.30,-7.33,0.00,355.0417592065538,ON,RETRACTED,MANUAL
23:40:26.531,-9.47,-8.22,0.00,356.1747499378334,ON,RETRACTED,MANUAL
23:40:26.700,-9.62,-9.10,0.00,357.305086305894,ON,RETRACTED,MANUAL
23:40:26.855,-9.75,-9.98,0.00,358.4327400523858,ON,RETRACTED,MANUAL
23:40:26.979,-9.85,-10.86,0.00,359.5576829860238,ON,RETRACTED,MANUAL
23:40:27.094,-9.92,-11.73,0.00,360.6798869832932,ON,RETRACTED,MANUAL
23:40:27.196,-9.97,-12.60,0.00,361.7993239891531,ON,RETRACTED,MANUAL
23:40:27.298,-10.00,-13.46,0.00,362.9159660177357,ON,RETRACTED,MANUAL
23:40:27.397,-10.00,-14.31,0.00,364.02978515304886,ON,RETRACTED,MANUAL
23:40:27.499,-9.97,-15.16,0.00,365.1407535496723,ON,RETRACTED,MANUAL
23:40:27.601,-9.92,-16.01,0.00,366.2488434334539,ON,RETRACTED,MANUAL
23:40:27.703,-9.85,-16.85,0.00,367.35402710220467,ON,RETRACTED,MANUAL
23:40:27.811,-9.75,-17.68,0.00,368.4562769263896,ON,RETRACTED,MANUAL
23:40:27.914,-9.63,-18.50,0.00,369.55556534982105,ON,RETRACTED,MANUAL
23:40:28.018,-9.48,-19.32,0.00,370.65186489034556,ON,RETRACTED,MANUAL
23:40:28.120,-9.31,-20.13,0.00,371.7451481405318,ON,RETRACTED,MANUAL
23:40:28.221,-9.11,-20.93,0.00,372.83538776835576,ON,RETRACTED,MANUAL
23:40:28.321,-8.90,-21.72,0.00,373.9225565178828,ON,RETRACTED,MANUAL
23:40:28.423,-8.66,-22.50,0.00,375.00662720995115,ON,RETRACTED,MANUAL
23:40:28.524,-8.40,-23.28,0.00,376.08757274285006,ON,RETRACTED,MANUAL
23:40:28.626,-8.12,-24.05,0.00,377.16536609299743,ON,RETRACTED,MANUAL
23:40:28.725,-7.81,-24.80,0.00,378.2399803156161,ON,RETRACTED,MANUAL
23:40:28.827,-7.49,-25.55,0.00,379.31138854540563,ON,RETRACTED,MANUAL
23:40:28.926,-7.15,-26.28,0.00,380.37956399721645,ON,RETRACTED,MANUAL
23:40:29.029,-6.79,-27.01,0.00,381.44447996671795,ON,RETRACTED,MANUAL
23:40:29.128,-6.42,-27.72,0.00,382.50610983106634,ON,RETRACTED,MANUAL
23:40:29.229,-6.03,-28.43,0.00,383.56442704957067,ON,RETRACTED,MANUAL
23:40:29.331,-5.62,-29.12,0.00,384.61940516435493,ON,RETRACTED,MANUAL
23:40:29.434,-5.20,-29.80,0.00,385.67101780102143,ON,RETRACTED,MANUAL
23:40:29.535,-4.77,-30.47,0.00,386.7192386693091,ON,RETRACTED,MANUAL
23:40:29.640,-4.32,-31.12,0.00,387.7640415637508,ON,RETRACTED,MANUAL
23:40:29.752,-3.87,-31.77,0.00,388.80540036432905,ON,RETRACTED,MANUAL
23:40:29.855,-3.40,-32.40,0.00,389.8432890371272,ON,RETRACTED,MANUAL
23:40:29.957,-2.93,-33.02,0.00,390.877681634983,ON,RETRACTED,MANUAL
23:40:30.059,-2.44,-33.62,0.00,391.9085522981352,ON,RETRACTED,MANUAL
23:40:30.161,-1.96,-34.21,0.00,392.93587525487106,ON,RETRACTED,MANUAL
23:40:30.262,-1.46,-34.79,0.00,393.95962482217044,ON,RETRACTED,MANUAL
23:40:30.363,-0.97,-35.35,0.00,394.9797754063469,ON,RETRACTED,MANUAL
23:40:30.464,-0.47,-35.90,0.00,395.99630150368915,ON,RETRACTED,MANUAL
23:40:30.564,0.03,-36.44,0.00,397.00917770109777,ON,RETRACTED,MANUAL
23:40:30.664,0.53,-36.96,0.00,398.01837867672054,ON,RETRACTED,MANUAL
23:40:30.766,1.03,-37.47,0.00,399.02387920058607,ON,RETRACTED,MANUAL
23:40:30.869,1.53,-37.96,0.00,400.0256541352329,ON,RETRACTED,MANUAL
23:40:30.971,2.02,-38.43,0.00,401.0236784363402,ON,RETRACTED,MANUAL
23:40:31.074,2.50,-38.89,0.00,402.0179271533524,ON,RETRACTED,MANUAL
23:40:31.177,2.98,-39.34,0.00,403.0083754301033,ON,RETRACTED,MANUAL
23:40:31.280,3.46,-39.77,0.00,403.994998505438,ON,RETRACTED,MANUAL
23:40:31.380,3.92,-40.18,0.00,404.9777717138303,ON,RETRACTED,MANUAL
23:40:31.481,4.38,-40.58,0.00,405.9566704860015,ON,RETRACTED,MANUAL
23:40:31.583,4.82,-40.96,0.00,406.9316703495332,ON,RETRACTED,MANUAL
23:40:31.685,5.25,-41.32,0.00,407.9027469294798,ON,RETRACTED,MANUAL
23:40:31.786,5.67,-41.67,0.00,408.86987594897755,ON,RETRACTED,MANUAL
23:40:31.892,6.08,-42.00,0.00,409.8330332298507,ON,RETRACTED,MANUAL
23:40:31.995,6.47,-42.32,0.00,410.7921946932177,ON,RETRACTED,MANUAL
23:40:32.097,6.84,-42.61,0.00,411.74733636009194,ON,RETRACTED,MANUAL
23:40:32.202,7.20,-42.89,0.00,412.6984343519816,ON,RETRACTED,MANUAL
23:40:32.306,7.53,-43.16,0.00,413.64546489148665,ON,RETRACTED,MANUAL
23:40:32.448,7.85,-43.40,0.00,414.5884043028922,ON,RETRACTED,MANUAL
23:40:32.556,8.15,-43.63,0.00,415.5272290127625,ON,RETRACTED,MANUAL
23:40:32.658,8.43,-43.84,0.00,416.4619155505287,ON,RETRACTED,MANUAL
23:40:32.773,8.69,-44.04,0.00,417.392440549076,ON,RETRACTED,MANUAL
23:40:32.879,8.93,-44.21,0.00,418.3187807453283,ON,RETRACTED,MANUAL
23:40:32.979,9.14,-44.37,0.00,419.24091298082817,ON,RETRACTED,MANUAL
23:40:33.081,9.33,-44.51,0.00,420.15881420231824,ON,RETRACTED,MANUAL
23:40:33.180,9.50,-44.64,0.00,421.0724614623156,ON,RETRACTED,MANUAL
23:40:33.284,9.64,-44.74,0.00,421.98183191968644,ON,RETRACTED,MANUAL
23:40:33.387,9.76,-44.83,0.00,422.8869028402169,OFF,RETRACTED,MANUAL
23:40:33.491,9.86,-44.90,0.00,423.7876515971807,OFF,RETRACTED,MANUAL
23:40:33.592,9.93,-44.95,0.00,424.68405567190587,OFF,RETRACTED,MANUAL
23:40:33.693,9.98,-44.98,0.00,425.57609265433746,OFF,RETRACTED,MANUAL
23:40:33.805,10.00,-45.00,0.00,426.4637402435972,OFF,RETRACTED,MANUAL
23:40:33.906,9.99,-45.00,0.00,427.346976248542,OFF,RETRACTED,MANUAL
23:40:34.007,9.97,-44.98,0.00,428.2257785883171,OFF,RETRACTED,MANUAL
23:40:34.107,9.91,-44.94,0.00,429.1001252929101,OFF,RETRACTED,MANUAL
23:40:34.209,9.83,-44.88,0.00,429.9699945036988,OFF,RETRACTED,MANUAL
23:40:34.318,9.73,-44.81,0.00,430.8353644739984,OFF,RETRACTED,MANUAL
23:40:34.424,9.60,-44.71,0.00,431.696213569605,OFF,RETRACTED,MANUAL
23:40:34.532,9.45,-44.60,0.00,432.55252026933533,OFF,RETRACTED,MANUAL
23:40:34.641,9.28,-44.47,0.00,433.4042631655668,OFF,RETRACTED,MANUAL
23:40:34.742,9.08,-44.33,0.00,434.25142096477157,OFF,RETRACTED,MANUAL
23:40:34.845,8.86,-44.17,0.00,435.09397248804856,OFF,RETRACTED,MANUAL
23:40:34.966,8.62,-43.98,0.00,435.93189667165393,OFF,RETRACTED,MANUAL
23:40:35.074,8.35,-43.78,0.00,436.76517256752624,OFF,RETRACTED,MANUAL
23:40:35.177,8.07,-43.57,0.00,437.5937793438116,OFF,RETRACTED,MANUAL
23:40:35.283,7.76,-43.33,0.00,438.41769628538395,OFF,RETRACTED,MANUAL
23:40:35.418,7.44,-43.08,0.00,439.2369027943625,OFF,RETRACTED,MANUAL
23:40:35.537,7.09,-42.81,0.00,440.05137839062763,OFF,RETRACTED,MANUAL
23:40:35.656,6.73,-42.53,0.00,440.8611027123311,OFF,RETRACTED,MANUAL
23:40:35.769,6.35,-42.23,0.00,441.6660555164076,OFF,RETRACTED,MANUAL
23:40:35.961,5.96,-41.91,0.00,442.4662166790787,OFF,RETRACTED,MANUAL
23:40:36.073,5.55,-41.57,0.00,443.261566196357,OFF,RETRACTED,MANUAL
23:40:36.182,5.13,-41.22,0.00,444.0520841845465,OFF,RETRACTED,MANUAL
23:40:36.292,4.69,-40.85,0.00,444.8377508807379,OFF,RETRACTED,MANUAL
23:40:36.399,4.25,-40.46,0.00,445.6185466433051,OFF,RETRACTED,MANUAL
23:40:36.501,3.79,-40.06,0.00,446.39445195239466,OFF,RETRACTED,MANUAL
23:40:36.605,3.32,-39.64,0.00,447.16544741041434,OFF,RETRACTED,MANUAL
23:40:36.706,2.84,-39.21,0.00,447.93151374251795,OFF,RETRACTED,MANUAL
23:40:36.818,2.36,-38.76,0.00,448.69263179708673,OFF,RETRACTED,MANUAL
23:40:36.923,1.87,-38.29,0.00,449.44878254620915,OFF,RETRACTED,MANUAL
23:40:37.026,1.38,-37.81,0.00,450.1999470861558,OFF,RETRACTED,MANUAL
23:40:37.130,0.88,-37.32,0.00,450.9461066378524,OFF,RETRACTED,MANUAL
23:40:37.234,0.38,-36.81,0.00,451.68724254734923,OFF,RETRACTED,MANUAL
23:40:37.337,-0.12,-36.28,0.00,452.4233362862867,OFF,RETRACTED,MANUAL
23:40:37.438,-0.61,-35.74,0.00,453.1543694523598,OFF,RETRACTED,MANUAL
23:40:37.537,-1.11,-35.19,0.00,453.88032376977765,OFF,RETRACTED,MANUAL
23:40:37.639,-1.61,-34.62,0.00,454.6011810897199,OFF,RETRACTED,MANUAL
23:40:37.739,-2.10,-34.04,0.00,455.3169233907915,OFF,RETRACTED,MANUAL
23:40:37.842,-2.59,-33.44,0.00,456.0275327794717,OFF,RETRACTED,MANUAL
23:40:37.944,-3.07,-32.84,0.00,456.73299149056294,OFF,RETRACTED,MANUAL
23:40:38.049,-3.54,-32.21,0.00,457.4332818876343,OFF,RETRACTED,MANUAL
23:40:38.150,-4.00,-31.58,0.00,458.1283864634622,OFF,RETRACTED,MANUAL
23:40:38.253,-4.45,-30.93,0.00,458.8182878404688,OFF,RETRACTED,MANUAL
23:40:38.354,-4.89,-30.27,0.00,459.5029687711551,OFF,RETRACTED,MANUAL
23:40:38.523,-5.32,-29.60,0.00,460.1824121385338,OFF,RETRACTED,MANUAL
23:40:38.648,-5.74,-28.92,0.00,460.8566009565559,OFF,RETRACTED,MANUAL
23:40:38.752,-6.14,-28.22,0.00,461.52551837053625,OFF,RETRACTED,MANUAL
23:40:38.854,-6.53,-27.51,0.00,462.1891476575745,OFF,RETRACTED,MANUAL
23:40:38.957,-6.90,-26.80,0.00,462.84747222697257,OFF,RETRACTED,MANUAL
23:40:39.060,-7.25,-26.07,0.00,463.5004756206508,OFF,RETRACTED,MANUAL
23:40:39.162,-7.59,-25.33,0.00,464.14814151355824,OFF,RETRACTED,MANUAL
23:40:39.263,-7.90,-24.58,0.00,464.7904537140814,OFF,RETRACTED,MANUAL
23:40:39.365,-8.20,-23.82,0.00,465.427396164449,OFF,RETRACTED,MANUAL
23:40:39.467,-8.48,-23.05,0.00,466.05895294113236,OFF,RETRACTED,MANUAL
23:40:39.568,-8.73,-22.28,0.00,466.6851082552454,OFF,RETRACTED,MANUAL
23:40:39.670,-8.96,-21.49,0.00,467.30584645293754,OFF,RETRACTED,MANUAL
23:40:39.771,-9.17,-20.70,0.00,467.92115201578645,OFF,RETRACTED,MANUAL
23:40:39.872,-9.36,-19.89,0.00,468.5310095611852,OFF,RETRACTED,MANUAL
23:40:39.974,-9.53,-19.08,0.00,469.13540384272653,OFF,RETRACTED,MANUAL
23:40:40.079,-9.67,-18.26,0.00,469.7343197505851,OFF,RETRACTED,MANUAL
23:40:40.182,-9.78,-17.44,0.00,470.3277423118943,OFF,RETRACTED,MANUAL
23:40:40.289,-9.87,-16.60,0.00,470.91565669112117,OFF,RETRACTED,MANUAL
23:40:40.390,-9.94,-15.76,0.00,471.498048190437,OFF,RETRACTED,MANUAL
23:40:40.494,-9.98,-14.92,0.00,472.07490225008416,OFF,RETRACTED,MANUAL
23:40:40.595,-10.00,-14.06,0.00,472.64620444874146,OFF,RETRACTED,MANUAL
23:40:40.698,-9.99,-13.21,0.00,473.2119405038837,OFF,RETRACTED,MANUAL
23:40:40.799,-9.96,-12.34,0.00,473.7720962721389,OFF,RETRACTED,MANUAL
23:40:40.900,-9.90,-11.48,0.00,474.3266577496423,OFF,RETRACTED,MANUAL
23:40:41.001,-9.82,-10.60,0.00,474.87561107238554,OFF,RETRACTED,MANUAL
23:40:41.103,-9.71,-9.73,0.00,475.41894251656413,OFF,RETRACTED,MANUAL
23:40:41.206,-9.58,-8.85,0.00,475.95663849892037,OFF,RETRACTED,MANUAL
23:40:41.307,-9.43,-7.96,0.00,476.4886855770827,OFF,RETRACTED,MANUAL
23:40:41.414,-9.25,-7.07,0.00,477.01507044990217,OFF,RETRACTED,MANUAL
23:40:41.516,-9.04,-6.18,0.00,477.5357799577838,OFF,RETRACTED,MANUAL
23:40:41.622,-8.82,-5.29,0.00,478.0508010830173,OFF,RETRACTED,MANUAL
23:40:41.736,-8.57,-4.40,0.00,478.56012095010135,OFF,RETRACTED,MANUAL
23:40:41.842,-8.31,-3.50,0.00,479.06372682606576,OFF,RETRACTED,MANUAL
23:40:41.945,-8.02,-2.60,0.00,479.56160612079015,OFF,RETRACTED,MANUAL
23:40:42.046,-7.71,-1.70,0.00,480.0537463873177,OFF,RETRACTED,MANUAL
23:40:42.147,-7.38,-0.80,0.00,480.54013532216743,OFF,RETRACTED,MANUAL
23:40:42.248,-7.03,0.10,0.00,481.0207607656414,OFF,RETRACTED,MANUAL
23:40:42.350,-6.67,1.00,0.00,481.4956107021286,OFF,RETRACTED,MANUAL
23:40:42.452,-6.29,1.90,0.00,481.96467326040545,OFF,RETRACTED,MANUAL
23:40:42.555,-5.89,2.79,0.00,482.4279367139321,OFF,RETRACTED,MANUAL
23:40:42.665,-5.48,3.69,0.00,482.8853894811466,OFF,RETRACTED,MANUAL
23:40:42.768,-5.06,4.59,0.00,483.3370201257534,OFF,RETRACTED,MANUAL
23:40:42.871,-4.62,5.48,0.00,483.78281735701,OFF,RETRACTED,MANUAL
23:40:42.970,-4.17,6.37,0.00,484.2227700300091,OFF,RETRACTED,MANUAL
23:40:43.077,-3.71,7.26,0.00,484.6568671459563,OFF,RETRACTED,MANUAL
23:40:43.177,-3.24,8.15,0.00,485.08509785244655,OFF,RETRACTED,MANUAL
23:40:43.280,-2.76,9.03,0.00,485.50745144373457,OFF,RETRACTED,MANUAL
23:40:43.380,-2.28,9.91,0.00,485.9239173610024,OFF,RETRACTED,MANUAL
23:40:43.483,-1.79,10.79,0.00,486.33448519262413,OFF,RETRACTED,MANUAL
23:40:43.600,-1.30,11.66,0.00,486.7391446744249,OFF,RETRACTED,MANUAL
23:40:43.700,-0.80,12.53,0.00,487.137885689939,OFF,RETRACTED,MANUAL
23:40:43.802,-0.30,13.39,0.00,487.5306982706618,OFF,RETRACTED,MANUAL
23:40:43.903,0.20,14.25,0.00,487.9175725962991,OFF,RETRACTED,MANUAL
23:40:44.015,0.70,15.10,0.00,488.29849899501323,OFF,RETRACTED,MANUAL
23:40:44.130,1.20,15.94,0.00,488.67346794366375,OFF,RETRACTED,MANUAL
23:40:44.240,1.69,16.78,0.00,489.04247006804655,OFF,RETRACTED,MANUAL
23:40:44.345,2.18,17.61,0.00,489.4054961431277,OFF,RETRACTED,MANUAL
23:40:44.445,2.67,18.44,0.00,489.76253709327443,OFF,RETRACTED,MANUAL
23:40:44.586,3.14,19.25,0.00,490.1135839924815,OFF,RETRACTED,MANUAL
23:40:44.690,3.62,20.06,0.00,490.4586280645945,OFF,RETRACTED,MANUAL
23:40:44.793,4.08,20.86,0.00,490.7976606835298,OFF,RETRACTED,MANUAL
23:40:44.896,4.53,21.66,0.00,491.13067337348957,OFF,RETRACTED,MANUAL
23:40:44.997,4.97,22.44,0.00,491.45765780917384,OFF,RETRACTED,MANUAL
23:40:45.101,5.40,23.22,0.00,491.77860581598884,OFF,RETRACTED,MANUAL
23:40:45.202,5.81,23.98,0.00,492.093509370251,OFF,RETRACTED,MANUAL
23:40:45.307,6.21,24.74,0.00,492.402360599388,OFF,RETRACTED,MANUAL
23:40:45.406,6.59,25.49,0.00,492.7051517821351,OFF,RETRACTED,MANUAL
23:40:45.508,6.96,26.22,0.00,493.00187534872845,OFF,RETRACTED,MANUAL
23:40:45.612,7.31,26.95,0.00,493.29252388109455,OFF,RETRACTED,MANUAL
23:40:45.715,7.64,27.67,0.00,493.577090113035,OFF,RETRACTED,MANUAL
23:40:45.819,7.96,28.37,0.00,493.85556693040894,OFF,RETRACTED,MANUAL
23:40:45.923,8.25,29.06,0.00,494.12794737131037,OFF,RETRACTED,MANUAL
23:40:46.029,8.52,29.74,0.00,494.3942246262426,OFF,RETRACTED,MANUAL
23:40:46.142,8.77,30.41,0.00,494.65439203828805,OFF,RETRACTED,MANUAL
23:40:46.244,9.00,31.07,0.00,494.90844310327486,OFF,RETRACTED,MANUAL
23:40:46.346,9.21,31.72,0.00,495.1563714699397,OFF,RETRACTED,MANUAL
23:40:46.464,9.39,32.35,0.00,495.39817094008635,OFF,RETRACTED,MANUAL
23:40:46.580,9.55,32.97,0.00,495.63383546874064,OFF,RETRACTED,MANUAL
23:40:46.681,9.69,33.57,0.00,495.86335916430176,OFF,RETRACTED,MANUAL
23:40:46.784,9.80,34.17,0.00,496.086736288689,OFF,RETRACTED,MANUAL
23:40:46.886,9.89,34.74,0.00,496.30396125748604,OFF,RETRACTED,MANUAL
23:40:46.993,9.95,35.31,0.00,496.51502864007995,OFF,RETRACTED,MANUAL
23:40:47.094,9.99,35.86,0.00,496.71993315979716,OFF,RETRACTED,MANUAL
23:40:47.195,10.00,36.40,0.00,496.91866969403554,OFF,RETRACTED,MANUAL
23:40:47.294,9.99,36.92,0.00,497.1112332743917,OFF,RETRACTED,MANUAL
23:40:47.397,9.95,37.43,0.00,497.2976190867864,OFF,RETRACTED,MANUAL
23:40:47.498,9.89,37.92,0.00,497.47782247158403,OFF,RETRACTED,MANUAL
23:40:47.604,9.80,38.39,0.00,497.6518389237093,OFF,RETRACTED,MANUAL
23:40:47.708,9.69,38.86,0.00,497.8196640927601,OFF,RETRACTED,MANUAL
23:40:47.811,9.56,39.30,0.00,497.9812937831157,OFF,RETRACTED,MANUAL
23:40:47.912,9.40,39.73,0.00,498.1367239540425,OFF,RETRACTED,MANUAL
23:40:48.013,9.21,40.15,0.00,498.2859507197942,OFF,RETRACTED,MANUAL
23:40:48.115,9.01,40.55,0.00,498.4289703497094,OFF,RETRACTED,MANUAL
23:40:48.218,8.78,40.93,0.00,498.56577926830494,OFF,RETRACTED,MANUAL
23:40:48.318,8.53,41.29,0.00,498.6963740553648,OFF,RETRACTED,MANUAL
23:40:48.420,8.26,41.64,0.00,498.8207514460263,OFF,RETRACTED,MANUAL
23:40:48.523,7.97,41.98,0.00,498.93890833086095,OFF,RETRACTED,MANUAL
23:40:48.624,7.65,42.29,0.00,499.0508417559529,OFF,RETRACTED,MANUAL
23:40:48.725,7.32,42.59,0.00,499.15654892297243,OFF,RETRACTED,MANUAL
23:40:48.825,6.97,42.87,0.00,499.25602718924563,OFF,RETRACTED,MANUAL
23:40:48.925,6.61,43.14,0.00,499.3492740678213,OFF,RETRACTED,MANUAL
23:40:49.041,6.22,43.39,0.00,499.43628722753215,OFF,RETRACTED,MANUAL
23:40:49.142,5.82,43.62,0.00,499.5170644930537,OFF,RETRACTED,MANUAL
23:40:49.245,5.41,43.83,0.00,499.59160384495874,OFF,RETRACTED,MANUAL
23:40:49.346,4.98,44.02,0.00,499.6599034197671,OFF,RETRACTED,MANUAL
23:40:49.445,4.54,44.20,0.00,499.7219615099931,OFF,RETRACTED,MANUAL
23:40:49.546,4.09,44.36,0.00,499.77777656418766,OFF,RETRACTED,MANUAL
23:40:49.647,3.63,44.50,0.00,499.82734718697736,OFF,RETRACTED,MANUAL
23:40:49.750,3.16,44.63,0.00,499.87067213909927,OFF,RETRACTED,MANUAL
23:40:49.853,2.68,44.73,0.00,499.90775033743176,OFF,RETRACTED,MANUAL
23:40:49.953,2.20,44.82,0.00,499.9385808550218,OFF,RETRACTED,MANUAL
23:40:50.054,1.71,44.89,0.00,499.96316292110816,OFF,RETRACTED,MANUAL
23:40:50.155,1.21,44.95,0.00,499.9814959211403,OFF,RETRACTED,MANUAL
23:40:50.255,0.72,44.98,0.00,499.9935793967943,OFF,RETRACTED,MANUAL
23:40:50.356,0.22,45.00,0.00,499.99941304598394,OFF,RETRACTED,MANUAL
23:40:50.457,-0.28,45.00,0.00,499.9989967228681,OFF,RETRACTED,MANUAL
23:40:50.558,-0.78,44.98,0.00,499.992330437855,OFF,RETRACTED,MANUAL
23:40:50.658,-1.28,44.94,0.00,499.9794143576014,OFF,RETRACTED,MANUAL
23:40:50.761,-1.77,44.89,0.00,499.96024880500863,OFF,RETRACTED,MANUAL
23:40:50.861,-2.26,44.81,0.00,499.9348342592144,OFF,RETRACTED,MANUAL
23:40:50.961,-2.75,44.72,0.00,499.9031713555812,OFF,RETRACTED,MANUAL
23:40:51.063,-3.22,44.61,0.00,499.86526088567985,OFF,RETRACTED,MANUAL
23:40:51.164,-3.69,44.49,0.00,499.82110379727015,OFF,RETRACTED,MANUAL
23:40:51.267,-4.15,44.34,0.00,499.770701194277,OFF,RETRACTED,MANUAL
23:40:51.368,-4.60,44.18,0.00,499.71405433676296,OFF,RETRACTED,MANUAL
23:40:51.469,-5.04,44.00,0.00,499.65116464089635,OFF,RETRACTED,MANUAL
23:40:51.570,-5.47,43.80,0.00,499.5820336789164,OFF,RETRACTED,MANUAL
23:40:51.672,-5.88,43.59,0.00,499.5066631790935,OFF,RETRACTED,MANUAL
23:40:51.773,-6.27,43.35,0.00,499.4250550256862,OFF,RETRACTED,MANUAL
23:40:51.876,-6.66,43.10,0.00,499.33721125889423,OFF,RETRACTED,MANUAL
23:40:51.977,-7.02,42.84,0.00,499.2431340748071,OFF,RETRACTED,MANUAL
23:40:52.077,-7.37,42.55,0.00,499.1428258253494,OFF,RETRACTED,MANUAL
23:40:52.178,-7.70,42.25,0.00,499.0362890182223,OFF,RETRACTED,MANUAL
23:40:52.279,-8.01,41.93,0.00,498.92352631684037,OFF,RETRACTED,MANUAL
23:40:52.382,-8.30,41.60,0.00,498.8045405402653,OFF,RETRACTED,MANUAL
23:40:52.483,-8.56,41.25,0.00,498.67933466313525,OFF,RETRACTED,MANUAL
23:40:52.585,-8.81,40.88,0.00,498.5479118155906,OFF,RETRACTED,MANUAL
23:40:52.685,-9.04,40.49,0.00,498.4102752831958,OFF,RETRACTED,MANUAL
23:40:52.786,-9.24,40.09,0.00,498.2664285068569,OFF,RETRACTED,MANUAL
23:40:52.887,-9.42,39.68,0.00,498.116375082736,OFF,RETRACTED,MANUAL
23:40:52.988,-9.58,39.24,0.00,497.9601187621606,OFF,RETRACTED,MANUAL
23:40:53.089,-9.71,38.80,0.00,497.79766345153075,OFF,RETRACTED,MANUAL
23:40:53.190,-9.82,38.33,0.00,497.6290132122208,OFF,RETRACTED,MANUAL
23:40:53.289,-9.90,37.85,0.00,497.4541722604778,OFF,RETRACTED,MANUAL
23:40:53.391,-9.96,37.36,0.00,497.2731449673165,OFF,RETRACTED,MANUAL
23:40:53.493,-9.99,36.85,0.00,497.08593585840987,OFF,RETRACTED,MANUAL
23:40:53.595,-10.00,36.33,0.00,496.8925496139758,OFF,RETRACTED,MANUAL
23:40:53.695,-9.98,35.79,0.00,496.6929910686604,OFF,RETRACTED,MANUAL
23:40:53.797,-9.94,35.23,0.00,496.4872652114168,OFF,RETRACTED,MANUAL
23:40:53.901,-9.88,34.67,0.00,496.27537718538076,OFF,RETRACTED,MANUAL
23:40:54.002,-9.79,34.09,0.00,496.057332287742,OFF,RETRACTED,MANUAL
23:40:54.102,-9.67,33.49,0.00,495.8331359696115,OFF,RETRACTED,MANUAL
23:40:54.207,-9.53,32.89,0.00,495.6027938358855,OFF,RETRACTED,MANUAL
23:40:54.310,-9.37,32.26,0.00,495.3663116451054,OFF,RETRACTED,MANUAL
23:40:54.411,-9.18,31.63,0.00,495.1236953093137,OFF,RETRACTED,MANUAL
23:40:54.513,-8.97,30.98,0.00,494.8749508939061,OFF,RETRACTED,MANUAL
23:40:54.622,-8.74,30.33,0.00,494.6200846174801,OFF,RETRACTED,MANUAL
23:40:54.723,-8.49,29.65,0.00,494.35910285167915,OFF,RETRACTED,MANUAL
23:40:54.823,-8.21,28.97,0.00,494.0920121210339,OFF,RETRACTED,MANUAL
23:40:54.924,-7.92,28.28,0.00,493.8188191027989,OFF,RETRACTED,MANUAL
23:40:55.024,-7.60,27.57,0.00,493.5395306267852,OFF,RETRACTED,MANUAL
23:40:55.125,-7.27,26.85,0.00,493.25415367519014,OFF,RETRACTED,MANUAL
23:40:55.228,-6.91,26.13,0.00,492.9626953824227,OFF,RETRACTED,MANUAL
23:40:55.351,-6.54,25.39,0.00,492.66516303492483,OFF,RETRACTED,MANUAL
23:40:55.452,-6.16,24.64,0.00,492.36156407098997,OFF,RETRACTED,MANUAL
23:40:55.553,-5.76,23.88,0.00,492.0519060805764,OFF,RETRACTED,MANUAL
23:40:55.655,-5.34,23.12,0.00,491.73619680511763,OFF,RETRACTED,MANUAL
23:40:55.756,-4.91,22.34,0.00,491.41444413732916,OFF,RETRACTED,MANUAL
23:40:55.858,-4.47,21.55,0.00,491.08665612101083,OFF,RETRACTED,MANUAL
23:40:55.961,-4.02,20.76,0.00,490.7528409508461,OFF,RETRACTED,MANUAL
23:40:56.063,-3.55,19.96,0.00,490.41300697219685,OFF,RETRACTED,MANUAL
23:40:56.165,-3.08,19.15,0.00,490.0671626808948,OFF,RETRACTED,MANUAL
23:40:56.266,-2.60,18.33,0.00,489.7153167230292,OFF,RETRACTED,MANUAL
23:40:56.368,-2.12,17.50,0.00,489.35747789473055,OFF,RETRACTED,MANUAL
23:40:56.469,-1.63,16.67,0.00,488.9936551419512,OFF,RETRACTED,MANUAL
23:40:56.569,-1.13,15.83,0.00,488.6238575602408,OFF,RETRACTED,MANUAL
23:40:56.670,-0.63,14.98,0.00,488.2480943945198,OFF,RETRACTED,MANUAL
23:40:56.771,-0.13,14.13,0.00,487.86637503884765,OFF,RETRACTED,MANUAL
23:40:56.871,0.37,13.28,0.00,487.4787090361882,OFF,RETRACTED,MANUAL
23:40:56.971,0.87,12.41,0.00,487.08510607817175,OFF,RETRACTED,MANUAL
23:40:57.073,1.36,11.55,0.00,486.68557600485144,OFF,RETRACTED,MANUAL
23:40:57.174,1.86,10.67,0.00,486.2801288044584,OFF,RETRACTED,MANUAL
23:40:57.274,2.35,9.80,0.00,485.86877461315146,OFF,RETRACTED,MANUAL
23:40:57.377,2.83,8.92,0.00,485.4515237147639,OFF,RETRACTED,MANUAL
23:40:57.479,3.30,8.03,0.00,485.02838654054676,OFF,RETRACTED,MANUAL
23:40:57.580,3.77,7.15,0.00,484.59937366890705,OFF,RETRACTED,MANUAL
23:40:57.684,4.23,6.26,0.00,484.1644958251444,OFF,RETRACTED,MANUAL
23:40:57.785,4.68,5.36,0.00,483.7237638811821,OFF,RETRACTED,MANUAL
23:40:57.886,5.11,4.47,0.00,483.2771888552958,OFF,RETRACTED,MANUAL
23:40:57.987,5.54,3.57,0.00,482.82478191183804,OFF,RETRACTED,MANUAL
23:40:58.102,5.95,2.67,0.00,482.3665543609588,OFF,RETRACTED,MANUAL
23:40:58.203,6.34,1.78,0.00,481.90251765832295,OFF,RETRACTED,MANUAL
23:40:58.304,6.72,0.88,0.00,481.4326834048239,OFF,RETRACTED,MANUAL
23:40:58.406,7.08,-0.02,0.00,480.95706334629324,OFF,RETRACTED,MANUAL
23:40:58.508,7.42,-0.92,0.00,480.4756693732082,OFF,RETRACTED,MANUAL
23:40:58.609,7.75,-1.82,0.00,479.9885135203927,OFF,RETRACTED,MANUAL
23:40:58.711,8.06,-2.72,0.00,479.4956079667178,OFF,RETRACTED,MANUAL
23:40:58.812,8.34,-3.62,0.00,478.9969650347966,OFF,RETRACTED,MANUAL
23:40:58.913,8.61,-4.52,0.00,478.4925971906762,OFF,RETRACTED,MANUAL
23:40:59.013,8.85,-5.41,0.00,477.98251704352697,OFF,RETRACTED,MANUAL
23:40:59.113,9.07,-6.30,0.00,477.46673734532567,OFF,RETRACTED,MANUAL
23:40:59.217,9.27,-7.19,0.00,476.9452709905379,OFF,RETRACTED,MANUAL
23:40:59.318,9.45,-8.08,0.00,476.41813101579544,OFF,RETRACTED,MANUAL
23:40:59.417,9.60,-8.96,0.00,475.88533059957007,OFF,RETRACTED,MANUAL
23:40:59.527,9.73,-9.84,0.00,475.34688306184466,OFF,RETRACTED,MANUAL
23:40:59.645,9.83,-10.72,0.00,474.80280186377956,OFF,RETRACTED,MANUAL
23:40:59.770,9.91,-11.59,0.00,474.2531006073763,OFF,RETRACTED,MANUAL
23:40:59.885,9.96,-12.46,0.00,473.6977930351377,OFF,RETRACTED,MANUAL
23:40:59.989,9.99,-13.32,0.00,473.136893029724,OFF,RETRACTED,MANUAL
23:41:00.094,10.00,-14.18,0.00,472.57041461360643,OFF,RETRACTED,MANUAL
23:41:00.200,9.98,-15.03,0.00,471.99837194871566,OFF,RETRACTED,MANUAL
23:41:00.300,9.93,-15.87,0.00,471.4207793360886,OFF,RETRACTED,MANUAL
23:41:00.401,9.86,-16.71,0.00,470.8376512155105,OFF,RETRACTED,MANUAL
23:41:00.502,9.77,-17.55,0.00,470.2490021651537,OFF,RETRACTED,MANUAL
23:41:00.611,9.65,-18.37,0.00,469.65484690121434,OFF,RETRACTED,MANUAL
23:41:00.713,9.51,-19.19,0.00,469.0552002775427,OFF,RETRACTED,MANUAL
23:41:00.815,9.34,-20.00,0.00,468.4500772852733,OFF,RETRACTED,MANUAL
23:41:00.915,9.15,-20.80,0.00,467.83949305244937,OFF,RETRACTED,MANUAL
23:41:01.026,8.93,-21.60,0.00,467.22346284364465,OFF,RETRACTED,MANUAL
23:41:01.135,8.70,-22.38,0.00,466.6020020595828,OFF,RETRACTED,MANUAL
23:41:01.249,8.44,-23.16,0.00,465.97512623675084,OFF,RETRACTED,MANUAL
23:41:01.352,8.16,-23.92,0.00,465.34285104701155,OFF,RETRACTED,MANUAL
23:41:01.453,7.86,-24.68,0.00,464.70519229721197,OFF,RETRACTED,MANUAL
23:41:01.554,7.54,-25.43,0.00,464.0621659287872,OFF,RETRACTED,MANUAL
23:41:01.656,7.21,-26.17,0.00,463.4137880173636,OFF,RETRACTED,MANUAL
23:41:01.758,6.85,-26.89,0.00,462.76007477235476,OFF,RETRACTED,MANUAL
23:41:01.862,6.48,-27.61,0.00,462.1010425365579,OFF,RETRACTED,MANUAL
23:41:01.963,6.09,-28.31,0.00,461.4367077857445,OFF,RETRACTED,MANUAL
23:41:02.067,5.69,-29.01,0.00,460.7670871282485,OFF,RETRACTED,MANUAL
23:41:02.168,5.27,-29.69,0.00,460.0921973045521,OFF,RETRACTED,MANUAL
23:41:02.270,4.84,-30.36,0.00,459.41205518686525,OFF,RETRACTED,MANUAL
23:41:02.374,4.39,-31.02,0.00,458.72667777870566,OFF,RETRACTED,MANUAL
23:41:02.474,3.94,-31.66,0.00,458.03608221447274,OFF,RETRACTED,MANUAL
23:41:02.579,3.47,-32.30,0.00,457.3402857590195,OFF,RETRACTED,MANUAL
23:41:02.682,3.00,-32.92,0.00,456.6393058072214,OFF,RETRACTED,MANUAL
23:41:02.783,2.52,-33.53,0.00,455.9331598835406,OFF,RETRACTED,MANUAL
23:41:02.884,2.03,-34.12,0.00,455.2218656415884,OFF,RETRACTED,MANUAL
23:41:02.985,1.54,-34.70,0.00,454.50544086368376,OFF,RETRACTED,MANUAL
23:41:03.087,1.05,-35.26,0.00,453.7839034604086,OFF,RETRACTED,MANUAL
23:41:03.197,0.55,-35.82,0.00,453.0572714701609,OFF,RETRACTED,MANUAL
23:41:03.303,0.05,-36.35,0.00,452.3255630587024,OFF,RETRACTED,MANUAL
23:41:03.403,-0.45,-36.88,0.00,451.5887965187052,OFF,RETRACTED,MANUAL
23:41:03.506,-0.95,-37.39,0.00,450.84699026929434,OFF,RETRACTED,MANUAL
23:41:03.606,-1.45,-37.88,0.00,450.1001628555873,OFF,RETRACTED,MANUAL
23:41:03.707,-1.94,-38.36,0.00,449.3483329482311,OFF,RETRACTED,MANUAL
23:41:03.833,-2.43,-38.82,0.00,448.5915193429338,OFF,RETRACTED,MANUAL
23:41:03.956,-2.91,-39.27,0.00,447.82974095999623,OFF,RETRACTED,MANUAL
23:41:04.059,-3.38,-39.70,0.00,447.06301684383834,OFF,RETRACTED,MANUAL
23:41:04.159,-3.85,-40.12,0.00,446.29136616252276,OFF,RETRACTED,MANUAL
23:41:04.261,-4.31,-40.52,0.00,445.5148082072768,OFF,RETRACTED,MANUAL
23:41:04.366,-4.75,-40.90,0.00,444.73336239200887,OFF,RETRACTED,MANUAL
23:41:04.473,-5.19,-41.27,0.00,443.9470482528234,OFF,RETRACTED,MANUAL
23:41:04.575,-5.61,-41.62,0.00,443.155885447533,OFF,RETRACTED,MANUAL
23:41:04.676,-6.01,-41.95,0.00,442.35989375516635,OFF,RETRACTED,MANUAL
23:41:04.779,-6.40,-42.27,0.00,441.55909307547483,OFF,RETRACTED,MANUAL
23:41:04.887,-6.78,-42.57,0.00,440.7535034284334,OFF,RETRACTED,MANUAL
23:41:04.988,-7.14,-42.85,0.00,439.94314495374135,OFF,RETRACTED,MANUAL
23:41:05.089,-7.48,-43.12,0.00,439.1280379103183,OFF,RETRACTED,MANUAL
23:41:05.192,-7.80,-43.37,0.00,438.3082026757977,OFF,RETRACTED,MANUAL
23:41:05.295,-8.11,-43.60,0.00,437.48365974601813,OFF,RETRACTED,MANUAL
23:41:05.399,-8.39,-43.81,0.00,436.6544297345097,OFF,RETRACTED,MANUAL
23:41:05.506,-8.65,-44.01,0.00,435.8205333719795,OFF,RETRACTED,MANUAL
23:41:05.613,-8.89,-44.19,0.00,434.9819915057931,OFF,RETRACTED,MANUAL
23:41:05.714,-9.11,-44.35,0.00,434.13882509945324,OFF,RETRACTED,MANUAL
23:41:05.815,-9.30,-44.49,0.00,433.2910552320768,OFF,RETRACTED,MANUAL
23:41:05.915,-9.47,-44.62,0.00,432.43870309786587,OFF,RETRACTED,MANUAL
23:41:06.016,-9.62,-44.73,0.00,431.5817900055796,OFF,RETRACTED,MANUAL
23:41:06.116,-9.75,-44.82,0.00,430.72033737800047,OFF,RETRACTED,MANUAL
23:41:06.220,-9.85,-44.89,0.00,429.8543667513991,OFF,RETRACTED,MANUAL
23:41:06.321,-9.92,-44.94,0.00,428.98389977499664,OFF,RETRACTED,MANUAL
23:41:06.421,-9.97,-44.98,0.00,428.108958210422,OFF,RETRACTED,MANUAL
23:41:06.521,-10.00,-45.00,0.00,427.2295639311685,OFF,RETRACTED,MANUAL
23:41:06.622,-10.00,-45.00,0.00,426.3457389220474,OFF,RETRACTED,MANUAL
23:41:06.723,-9.97,-44.98,0.00,425.45750527863765,OFF,RETRACTED,MANUAL
23:41:06.824,-9.92,-44.94,0.00,424.56488520673463,OFF,RETRACTED,MANUAL
23:41:06.925,-9.85,-44.89,0.00,423.66790102179334,OFF,RETRACTED,MANUAL
23:41:07.030,-9.75,-44.82,0.00,422.76657514837177,OFF,RETRACTED,MANUAL
23:41:07.129,-9.63,-44.73,0.00,421.8609301195696,OFF,RETRACTED,MANUAL
23:41:07.231,-9.48,-44.62,0.00,420.9509885764653,OFF,RETRACTED,MANUAL
23:41:07.331,-9.31,-44.50,0.00,420.03677326755064,OFF,RETRACTED,MANUAL
23:41:07.432,-9.11,-44.35,0.00,419.1183070481603,OFF,RETRACTED,MANUAL
23:41:07.535,-8.90,-44.19,0.00,418.195612879902,OFF,RETRACTED,MANUAL
23:41:07.636,-8.66,-44.01,0.00,417.2687138300819,OFF,RETRACTED,MANUAL
23:41:07.736,-8.40,-43.82,0.00,416.3376330711276,OFF,RETRACTED,MANUAL
23:41:07.837,-8.11,-43.60,0.00,415.4023938800102,OFF,RETRACTED,MANUAL
23:41:07.938,-7.81,-43.37,0.00,414.46301963766064,OFF,RETRACTED,MANUAL
23:41:08.039,-7.49,-43.12,0.00,413.51953382838576,OFF,RETRACTED,MANUAL
23:41:08.139,-7.15,-42.86,0.00,412.5719600392819,OFF,RETRACTED,MANUAL
23:41:08.241,-6.79,-42.58,0.00,411.620321959644,OFF,RETRACTED,MANUAL
23:41:08.342,-6.41,-42.28,0.00,410.66464338037514,OFF,RETRACTED,MANUAL
23:41:08.443,-6.02,-41.96,0.00,409.70494819338967,OFF,RETRACTED,MANUAL
23:41:08.543,-5.62,-41.63,0.00,408.7412603910174,OFF,RETRACTED,MANUAL
23:41:08.645,-5.20,-41.28,0.00,407.7736040654031,OFF,RETRACTED,MANUAL
23:41:08.745,-4.76,-40.91,0.00,406.8020034079042,OFF,RETRACTED,MANUAL
23:41:08.846,-4.32,-40.53,0.00,405.82648270848716,OFF,RETRACTED,MANUAL
23:41:08.947,-3.86,-40.13,0.00,404.8470663551184,OFF,RETRACTED,MANUAL
23:41:09.050,-3.40,-39.71,0.00,403.8637788331557,OFF,RETRACTED,MANUAL
23:41:09.149,-2.92,-39.28,0.00,402.8766447247359,OFF,RETRACTED,MANUAL
23:41:09.252,-2.44,-38.83,0.00,401.88568870815993,OFF,RETRACTED,MANUAL
23:41:09.353,-1.95,-38.37,0.00,400.8909355572773,OFF,RETRACTED,MANUAL
23:41:09.455,-1.46,-37.89,0.00,399.8924101408647,OFF,RETRACTED,MANUAL
23:41:09.555,-0.96,-37.40,0.00,398.8901374220054,OFF,RETRACTED,MANUAL
23:41:09.656,-0.46,-36.89,0.00,397.88414245746526,OFF,RETRACTED,MANUAL
23:41:09.757,0.04,-36.37,0.00,396.87445039706563,OFF,RETRACTED,MANUAL
23:41:09.857,0.54,-35.83,0.00,395.8610864830561,OFF,RETRACTED,MANUAL
23:41:09.958,1.03,-35.28,0.00,394.8440760494815,OFF,RETRACTED,MANUAL
23:41:10.059,1.53,-34.71,0.00,393.8234445215495,OFF,RETRACTED,MANUAL
23:41:10.160,2.02,-34.13,0.00,392.7992174149953,OFF,RETRACTED,MANUAL
23:41:10.260,2.51,-33.54,0.00,391.7714203354428,OFF,RETRACTED,MANUAL
23:41:10.362,2.99,-32.93,0.00,390.7400789777663,OFF,RETRACTED,MANUAL
23:41:10.462,3.46,-32.31,0.00,389.70521912544547,OFF,RETRACTED,MANUAL
23:41:10.563,3.93,-31.68,0.00,388.66686664992284,OFF,RETRACTED,MANUAL
23:41:10.664,4.38,-31.04,0.00,387.6250475099562,OFF,RETRACTED,MANUAL
23:41:10.765,4.83,-30.38,0.00,386.57978775096933,OFF,RETRACTED,MANUAL
23:41:10.866,5.26,-29.71,0.00,385.53111350440264,OFF,RETRACTED,MANUAL
23:41:10.966,5.68,-29.03,0.00,384.47905098705724,OFF,RETRACTED,MANUAL
23:41:11.067,6.08,-28.33,0.00,383.4236265004413,OFF,RETRACTED,MANUAL
23:41:11.167,6.47,-27.63,0.00,382.3648664301119,OFF,RETRACTED,MANUAL
23:41:11.269,6.84,-26.91,0.00,381.3027972450154,OFF,RETRACTED,MANUAL
23:41:11.370,7.20,-26.19,0.00,380.2374454968269,OFF,RETRACTED,MANUAL
23:41:11.471,7.54,-25.45,0.00,379.16883781928414,OFF,RETRACTED,MANUAL
23:41:11.572,7.86,-24.70,0.00,378.09700092752337,OFF,RETRACTED,MANUAL
23:41:11.673,8.15,-23.94,0.00,377.0219616174112,OFF,RETRACTED,MANUAL
23:41:11.775,8.43,-23.18,0.00,375.94374676487394,OFF,RETRACTED,MANUAL
23:41:11.875,8.69,-22.40,0.00,374.8623833252275,OFF,RETRACTED,MANUAL
23:41:11.976,8.93,-21.62,0.00,373.7778983325011,OFF,RETRACTED,MANUAL
23:41:12.077,9.14,-20.82,0.00,372.69031889876317,OFF,RETRACTED,MANUAL
23:41:12.178,9.33,-20.02,0.00,371.59967221344294,OFF,RETRACTED,MANUAL
23:41:12.279,9.50,-19.21,0.00,370.50598554265025,OFF,RETRACTED,MANUAL
23:41:12.380,9.65,-18.39,0.00,369.4092862284958,OFF,RETRACTED,MANUAL
23:41:12.481,9.76,-17.57,0.00,368.30960168840477,OFF,RETRACTED,MANUAL
23:41:12.583,9.86,-16.74,0.00,367.2069594144335,OFF,RETRACTED,MANUAL
23:41:12.684,9.93,-15.90,0.00,366.1013869725814,OFF,RETRACTED,MANUAL
23:41:12.784,9.98,-15.05,0.00,364.99291200210155,OFF,RETRACTED,MANUAL
23:41:12.886,10.00,-14.20,0.00,363.88156221481125,OFF,RETRACTED,MANUAL
23:41:12.986,9.99,-13.34,0.00,362.7673653943969,OFF,RETRACTED,MANUAL
23:41:13.086,9.97,-12.48,0.00,361.650349395721,OFF,RETRACTED,MANUAL
23:41:13.187,9.91,-11.61,0.00,360.5305421441253,OFF,RETRACTED,MANUAL
23:41:13.289,9.83,-10.74,0.00,359.4079716347324,OFF,RETRACTED,MANUAL
23:41:13.388,9.73,-9.87,0.00,358.2826659317474,OFF,RETRACTED,MANUAL
23:41:13.489,9.60,-8.99,0.00,357.15465316775374,OFF,RETRACTED,MANUAL
23:41:13.590,9.45,-8.10,0.00,356.02396154301186,OFF,RETRACTED,MANUAL
23:41:13.691,9.28,-7.22,0.00,354.8906193247535,OFF,RETRACTED,MANUAL
23:41:13.791,9.08,-6.33,0.00,353.7546548464747,OFF,RETRACTED,MANUAL
23:41:13.891,8.86,-5.43,0.00,352.616096507229,OFF,RETRACTED,MANUAL
23:41:13.993,8.61,-4.54,0.00,351.4749727709152,OFF,RETRACTED,MANUAL
23:41:14.094,8.35,-3.64,0.00,350.3313121655673,OFF,RETRACTED,MANUAL
23:41:14.194,8.06,-2.75,0.00,349.1851432826408,OFF,RETRACTED,MANUAL
23:41:14.297,7.76,-1.85,0.00,348.03649477629773,OFF,RETRACTED,MANUAL
23:41:14.398,7.43,-0.95,0.00,346.8853953626917,OFF,RETRACTED,MANUAL
23:41:14.499,7.09,-0.05,0.00,345.73187381924777,OFF,RETRACTED,MANUAL
23:41:14.599,6.73,0.85,0.00,344.57595898394436,OFF,RETRACTED,MANUAL
23:41:14.700,6.35,1.75,0.00,343.4176797545922,OFF,RETRACTED,MANUAL
23:41:14.801,5.96,2.65,0.00,342.2570650881112,OFF,RETRACTED,MANUAL
23:41:14.901,5.55,3.55,0.00,341.0941439998085,OFF,RETRACTED,MANUAL
23:41:15.002,5.12,4.45,0.00,339.92894556265026,OFF,RETRACTED,MANUAL
23:41:15.103,4.69,5.34,0.00,338.7614989065368,OFF,RETRACTED,MANUAL
23:41:15.203,4.24,6.23,0.00,337.59183321757365,OFF,RETRACTED,MANUAL
23:41:15.307,3.78,7.12,0.00,336.4199777373417,OFF,RETRACTED,MANUAL
23:41:15.407,3.32,8.01,0.00,335.2459617621678,OFF,RETRACTED,MANUAL
23:41:15.510,2.84,8.89,0.00,334.0698146423897,OFF,RETRACTED,MANUAL
23:41:15.611,2.36,9.77,0.00,332.89156578162414,OFF,RETRACTED,MANUAL
23:41:15.713,1.87,10.65,0.00,331.7112446360313,OFF,RETRACTED,MANUAL
23:41:15.813,1.38,11.52,0.00,330.528880713578,OFF,RETRACTED,MANUAL
23:41:15.914,0.88,12.39,0.00,329.3445035733015,OFF,RETRACTED,MANUAL
23:41:16.015,0.38,13.25,0.00,328.15814282456813,OFF,RETRACTED,MANUAL
23:41:16.115,-0.12,14.11,0.00,326.9698281263349,OFF,RETRACTED,MANUAL
23:41:16.215,-0.62,14.96,0.00,325.77958918640735,OFF,RETRACTED,MANUAL
23:41:16.317,-1.12,15.81,0.00,324.58745576069657,OFF,RETRACTED,MANUAL
23:41:16.418,-1.61,16.65,0.00,323.39345765247697,OFF,RETRACTED,MANUAL
23:41:16.518,-2.10,17.48,0.00,322.1976247116386,OFF,RETRACTED,MANUAL
23:41:16.620,-2.59,18.31,0.00,320.9999868339428,OFF,RETRACTED,MANUAL
23:41:16.720,-3.07,19.12,0.00,319.80057396027394,OFF,RETRACTED,MANUAL
23:41:16.821,-3.54,19.94,0.00,318.5994160758912,OFF,RETRACTED,MANUAL
23:41:16.922,-4.00,20.74,0.00,317.3965432096798,OFF,RETRACTED,MANUAL
23:41:17.023,-4.46,21.53,0.00,316.19198543339843,OFF,RETRACTED,MANUAL
23:41:17.123,-4.90,22.32,0.00,314.9857728609287,OFF,RETRACTED,MANUAL
23:41:17.224,-5.33,23.10,0.00,313.7779356475221,OFF,RETRACTED,MANUAL
23:41:17.325,-5.74,23.86,0.00,312.5685039890457,OFF,RETRACTED,MANUAL
23:41:17.426,-6.15,24.62,0.00,311.35750812122876,OFF,RETRACTED,MANUAL
23:41:17.526,-6.53,25.37,0.00,310.14497831890446,OFF,RETRACTED,MANUAL
23:41:17.630,-6.90,26.11,0.00,308.93094489525475,OFF,RETRACTED,MANUAL
23:41:17.729,-7.26,26.84,0.00,307.715438201052,OFF,RETRACTED,MANUAL
23:41:17.830,-7.59,27.55,0.00,306.4984886238998,OFF,RETRACTED,MANUAL
23:41:17.934,-7.91,28.26,0.00,305.280126587475,OFF,RETRACTED,MANUAL
23:41:18.035,-8.20,28.95,0.00,304.06038255076476,OFF,RETRACTED,MANUAL
23:41:18.136,-8.48,29.64,0.00,302.8392870073063,OFF,RETRACTED,MANUAL
23:41:18.236,-8.73,30.31,0.00,301.6168704844248,OFF,RETRACTED,MANUAL
23:41:18.337,-8.97,30.97,0.00,300.3931635424691,OFF,RETRACTED,MANUAL
23:41:18.437,-9.18,31.61,0.00,299.16819677404993,OFF,RETRACTED,MANUAL
23:41:18.541,-9.36,32.25,0.00,297.9420008032722,OFF,RETRACTED,MANUAL
23:41:18.641,-9.53,32.87,0.00,296.7146062849714,OFF,RETRACTED,MANUAL
23:41:18.743,-9.67,33.48,0.00,295.4860439039465,OFF,RETRACTED,MANUAL
23:41:18.843,-9.78,34.07,0.00,294.2563443741926,OFF,RETRACTED,MANUAL
23:41:18.944,-9.87,34.65,0.00,293.0255384381349,OFF,RETRACTED,MANUAL
23:41:19.045,-9.94,35.22,0.00,291.7936568658571,OFF,RETRACTED,MANUAL
23:41:19.146,-9.98,35.77,0.00,290.56073045433436,OFF,RETRACTED,MANUAL
23:41:19.248,-10.00,36.31,0.00,289.3267900266629,OFF,RETRACTED,MANUAL
23:41:19.349,-9.99,36.84,0.00,288.0918664312885,OFF,RETRACTED,MANUAL
23:41:19.453,-9.96,37.35,0.00,286.85599054123776,OFF,RETRACTED,MANUAL
23:41:19.556,-9.90,37.84,0.00,285.61919325334304,OFF,RETRACTED,MANUAL
23:41:19.656,-9.82,38.32,0.00,284.38150548747217,OFF,RETRACTED,MANUAL
23:41:19.757,-9.71,38.78,0.00,283.1429581857548,OFF,RETRACTED,MANUAL
23:41:19.858,-9.58,39.23,0.00,281.9035823118086,OFF,RETRACTED,MANUAL
23:41:19.960,-9.42,39.67,0.00,280.66340884996663,OFF,RETRACTED,MANUAL
23:41:20.061,-9.24,40.08,0.00,279.42246880450045,OFF,RETRACTED,MANUAL
23:41:20.162,-9.04,40.48,0.00,278.18079319884663,OFF,RETRACTED,MANUAL
23:41:20.263,-8.82,40.87,0.00,276.9384130748306,OFF,RETRACTED,MANUAL
23:41:20.364,-8.57,41.24,0.00,275.6953594918902,OFF,RETRACTED,MANUAL
23:41:20.464,-8.30,41.59,0.00,274.45166352630133,OFF,RETRACTED,MANUAL
23:41:20.565,-8.01,41.92,0.00,273.2073562703978,OFF,RETRACTED,MANUAL
23:41:20.667,-7.71,42.24,0.00,271.9624688317962,OFF,RETRACTED,MANUAL
23:41:20.768,-7.38,42.54,0.00,270.7170323326177,OFF,RETRACTED,MANUAL
23:41:20.870,-7.03,42.83,0.00,269.47107790870945,OFF,RETRACTED,MANUAL
23:41:20.974,-6.67,43.10,0.00,268.22463670886805,OFF,RETRACTED,MANUAL
23:41:21.075,-6.29,43.35,0.00,266.9777398940581,OFF,RETRACTED,MANUAL
23:41:21.178,-5.89,43.58,0.00,265.7304186366351,OFF,RETRACTED,MANUAL
23:41:21.279,-5.48,43.80,0.00,264.4827041195654,OFF,RETRACTED,MANUAL
23:41:21.379,-5.05,43.99,0.00,263.23462753564667,OFF,RETRACTED,MANUAL
23:41:21.482,-4.61,44.17,0.00,261.98622008672925,OFF,RETRACTED,MANUAL
23:41:21.582,-4.17,44.34,0.00,260.73751298293394,OFF,RETRACTED,MANUAL
23:41:21.683,-3.71,44.48,0.00,259.48853744187335,OFF,RETRACTED,MANUAL
23:41:21.784,-3.24,44.61,0.00,258.23932468787086,OFF,RETRACTED,MANUAL
23:41:21.886,-2.76,44.72,0.00,256.9899059511799,OFF,RETRACTED,MANUAL
23:41:21.992,-2.28,44.81,0.00,255.74031246720457,OFF,RETRACTED,MANUAL
23:41:22.093,-1.79,44.88,0.00,254.4905754757166,OFF,RETRACTED,MANUAL
23:41:22.193,-1.29,44.94,0.00,253.24072622007563,OFF,RETRACTED,MANUAL
23:41:22.295,-0.80,44.98,0.00,251.99079594644792,OFF,RETRACTED,MANUAL
23:41:22.395,-0.30,45.00,0.00,250.7408159030248,OFF,RETRACTED,MANUAL
23:41:22.496,0.20,45.00,0.00,249.49081733924314,OFF,RETRACTED,MANUAL
23:41:22.597,0.70,44.98,0.00,248.24083150500147,OFF,RETRACTED,MANUAL
23:41:22.697,1.20,44.95,0.00,246.99088964988056,OFF,RETRACTED,MANUAL
23:41:22.799,1.70,44.90,0.00,245.74102302236167,OFF,RETRACTED,MANUAL
23:41:22.898,2.19,44.83,0.00,244.49126286904496,OFF,RETRACTED,MANUAL
23:41:22.999,2.67,44.74,0.00,243.24164043387006,OFF,RETRACTED,MANUAL
23:41:23.101,3.15,44.63,0.00,241.9921869573323,OFF,RETRACTED,MANUAL
23:41:23.201,3.62,44.51,0.00,240.74293367570354,OFF,RETRACTED,MANUAL
23:41:23.303,4.08,44.37,0.00,239.49391182025076,OFF,RETRACTED,MANUAL
23:41:23.403,4.53,44.21,0.00,238.24515261645482,OFF,RETRACTED,MANUAL
23:41:23.505,4.97,44.03,0.00,236.9966872832317,OFF,RETRACTED,MANUAL
23:41:23.606,5.40,43.83,0.00,235.74854703214925,OFF,RETRACTED,MANUAL
23:41:23.706,5.81,43.62,0.00,234.50076306664872,OFF,RETRACTED,MANUAL
23:41:23.807,6.21,43.39,0.00,233.25336658126426,OFF,RETRACTED,MANUAL
23:41:23.907,6.60,43.14,0.00,232.0063887608426,OFF,RETRACTED,MANUAL
23:41:24.009,6.96,42.88,0.00,230.75986077976523,OFF,RETRACTED,MANUAL
23:41:24.110,7.31,42.60,0.00,229.51381380116626,OFF,RETRACTED,MANUAL
23:41:24.211,7.65,42.30,0.00,228.26827897615527,OFF,RETRACTED,MANUAL
23:41:24.311,7.96,41.98,0.00,227.02328744303801,OFF,RETRACTED,MANUAL
23:41:24.412,8.25,41.65,0.00,225.77887032653754,OFF,RETRACTED,MANUAL
23:41:24.512,8.52,41.30,0.00,224.53505873701783,OFF,RETRACTED,MANUAL
23:41:24.613,8.77,40.94,0.00,223.29188376970342,OFF,RETRACTED,MANUAL
23:41:24.715,9.00,40.56,0.00,222.0493765039037,OFF,RETRACTED,MANUAL
23:41:24.817,9.21,40.16,0.00,220.8075680022356,OFF,RETRACTED,MANUAL
23:41:24.930,9.39,39.74,0.00,219.5664893098466,OFF,RETRACTED,MANUAL
23:41:25.032,9.55,39.31,0.00,218.3261714536402,OFF,RETRACTED,MANUAL
23:41:25.140,9.69,38.87,0.00,217.0866454414978,OFF,RETRACTED,MANUAL
23:41:25.240,9.80,38.41,0.00,215.84794226150512,OFF,RETRACTED,MANUAL
23:41:25.360,9.89,37.93,0.00,214.61009288117714,OFF,RETRACTED,MANUAL
23:41:25.462,9.95,37.44,0.00,213.37312824668348,OFF,RETRACTED,MANUAL
23:41:25.569,9.99,36.93,0.00,212.13707928207643,OFF,RETRACTED,MANUAL
23:41:25.674,10.00,36.41,0.00,210.90197688851532,OFF,RETRACTED,MANUAL
23:41:25.776,9.99,35.87,0.00,209.66785194349563,OFF,RETRACTED,MANUAL
23:41:25.878,9.95,35.32,0.00,208.43473530007674,OFF,RETRACTED,MANUAL
23:41:26.023,9.89,34.76,0.00,207.20265778611002,OFF,RETRACTED,MANUAL
23:41:26.127,9.80,34.18,0.00,205.9716502034701,OFF,RETRACTED,MANUAL
23:41:26.227,9.69,33.59,0.00,204.74174332728194,OFF,RETRACTED,MANUAL
23:41:26.330,9.55,32.98,0.00,203.5129679051534,OFF,RETRACTED,MANUAL
23:41:26.437,9.40,32.36,0.00,202.285354656406,OFF,RETRACTED,MANUAL
23:41:26.540,9.21,31.73,0.00,201.05893427130667,OFF,RETRACTED,MANUAL
23:41:26.640,9.01,31.09,0.00,199.83373741030195,OFF,RETRACTED,MANUAL
23:41:26.741,8.78,30.43,0.00,198.60979470324915,OFF,RETRACTED,MANUAL
23:41:26.844,8.53,29.76,0.00,197.3871367486522,OFF,RETRACTED,MANUAL
23:41:26.946,8.26,29.08,0.00,196.1657941128963,OFF,RETRACTED,MANUAL
23:41:27.048,7.96,28.39,0.00,194.94579732948327,OFF,RETRACTED,MANUAL
23:41:27.151,7.65,27.68,0.00,193.72717689827005,OFF,RETRACTED,MANUAL
23:41:27.253,7.32,26.97,0.00,192.50996328470347,OFF,RETRACTED,MANUAL
23:41:27.353,6.97,26.24,0.00,191.2941869190605,OFF,RETRACTED,MANUAL
23:41:27.455,6.60,25.51,0.00,190.079878195687,OFF,RETRACTED,MANUAL
23:41:27.557,6.22,24.76,0.00,188.86706747223732,OFF,RETRACTED,MANUAL
23:41:27.681,5.82,24.00,0.00,187.65578506891725,OFF,RETRACTED,MANUAL
23:41:27.781,5.41,23.24,0.00,186.4460612677234,ON,RETRACTED,MANUAL
23:41:27.896,4.98,22.46,0.00,185.23792631168772,ON,RETRACTED,MANUAL
23:41:27.995,4.54,21.68,0.00,184.03141040412123,ON,RETRACTED,MANUAL
23:41:28.098,4.09,20.89,0.00,182.82654370785838,ON,RETRACTED,MANUAL
23:41:28.200,3.63,20.08,0.00,181.6233563445046,ON,RETRACTED,MANUAL
23:41:28.300,3.16,19.28,0.00,180.42187839368097,ON,RETRACTED,MANUAL
23:41:28.405,2.68,18.46,0.00,179.22213989227362,ON,RETRACTED,MANUAL
23:41:28.505,2.19,17.63,0.00,178.02417083368266,ON,RETRACTED,MANUAL
23:41:28.605,1.70,16.80,0.00,176.82800116707165,ON,RETRACTED,MANUAL
23:41:28.716,1.21,15.96,0.00,175.63366079662129,ON,RETRACTED,MANUAL
23:41:28.823,0.71,15.12,0.00,174.44117958077692,ON,RETRACTED,MANUAL
23:41:28.924,0.21,14.27,0.00,173.2505873315077,ON,RETRACTED,MANUAL
23:41:29.026,-0.29,13.41,0.00,172.06191381355865,ON,RETRACTED,MANUAL
23:41:29.133,-0.79,12.55,0.00,170.87518874370414,ON,RETRACTED,MANUAL
23:41:29.240,-1.28,11.68,0.00,169.69044179001082,ON,RETRACTED,MANUAL
23:41:29.370,-1.78,10.81,0.00,168.5077025710891,ON,RETRACTED,MANUAL
23:41:29.480,-2.27,9.94,0.00,167.32700065535875,ON,RETRACTED,MANUAL
23:41:29.580,-2.75,9.06,0.00,166.14836556030696,ON,RETRACTED,MANUAL
23:41:29.684,-3.23,8.17,0.00,164.97182675174804,ON,RETRACTED,MANUAL
23:41:29.784,-3.70,7.29,0.00,163.79741364309263,ON,RETRACTED,MANUAL
23:41:29.885,-4.16,6.40,0.00,162.6251555946056,ON,RETRACTED,MANUAL
23:41:29.985,-4.61,5.51,0.00,161.45508191267794,ON,RETRACTED,MANUAL
23:41:30.086,-5.04,4.61,0.00,160.28722184909157,ON,RETRACTED,MANUAL
23:41:30.186,-5.47,3.71,0.00,159.1216046002856,ON,RETRACTED,MANUAL
23:41:30.288,-5.88,2.82,0.00,157.95825930663224,ON,RETRACTED,MANUAL
23:41:30.389,-6.28,1.92,0.00,156.79721505170153,ON,RETRACTED,MANUAL
23:41:30.489,-6.66,1.02,0.00,155.63850086154022,ON,RETRACTED,MANUAL
23:41:30.589,-7.02,0.12,0.00,154.48214570394356,ON,RETRACTED,MANUAL
23:41:30.691,-7.37,-0.78,0.00,153.32817848772856,ON,RETRACTED,MANUAL
23:41:30.791,-7.70,-1.68,0.00,152.17662806201724,ON,RETRACTED,MANUAL
23:41:30.892,-8.01,-2.58,0.00,151.02752321550855,ON,RETRACTED,MANUAL
23:41:30.993,-8.30,-3.48,0.00,149.8808926757647,ON,RETRACTED,MANUAL
23:41:31.094,-8.57,-4.37,0.00,148.7367651084902,ON,RETRACTED,MANUAL
23:41:31.200,-8.81,-5.27,0.00,147.59516911681308,ON,RETRACTED,MANUAL
23:41:31.301,-9.04,-6.16,0.00,146.45613324057527,ON,RETRACTED,MANUAL
23:41:31.403,-9.24,-7.05,0.00,145.31968595561273,ON,RETRACTED,MANUAL
23:41:31.507,-9.42,-7.94,0.00,144.18585567304922,ON,RETRACTED,MANUAL
23:41:31.614,-9.58,-8.82,0.00,143.05467073858352,ON,RETRACTED,MANUAL
23:41:31.715,-9.71,-9.70,0.00,141.9261594317785,ON,RETRACTED,MANUAL
23:41:31.819,-9.82,-10.58,0.00,140.8003499653596,ON,RETRACTED,MANUAL
23:41:31.921,-9.90,-11.45,0.00,139.67727048450337,ON,RETRACTED,MANUAL
23:41:32.022,-9.96,-12.32,0.00,138.556949066139,ON,RETRACTED,MANUAL
23:41:32.125,-9.99,-13.18,0.00,137.43941371824448,ON,RETRACTED,MANUAL
23:41:32.226,-10.00,-14.04,0.00,136.32469237914367,ON,RETRACTED,MANUAL
23:41:32.327,-9.98,-14.89,0.00,135.21281291681362,ON,RETRACTED,MANUAL
23:41:32.427,-9.94,-15.74,0.00,134.1038031281813,ON,RETRACTED,MANUAL
23:41:32.529,-9.88,-16.58,0.00,132.99769073843459,ON,RETRACTED,MANUAL
23:41:32.630,-9.78,-17.41,0.00,131.89450340032633,ON,RETRACTED,MANUAL
23:41:32.733,-9.67,-18.24,0.00,130.79426869348094,ON,RETRACTED,MANUAL
23:41:32.833,-9.53,-19.06,0.00,129.69701412371035,ON,RETRACTED,MANUAL
23:41:32.933,-9.37,-19.87,0.00,128.60276712232013,ON,RETRACTED,MANUAL
23:41:33.035,-9.18,-20.67,0.00,127.51155504542912,ON,RETRACTED,MANUAL
23:41:33.134,-8.97,-21.47,0.00,126.42340517328313,ON,RETRACTED,MANUAL
23:41:33.236,-8.74,-22.26,0.00,125.33834470957073,ON,RETRACTED,MANUAL
23:41:33.336,-8.48,-23.03,0.00,124.25640078074862,ON,RETRACTED,MANUAL
23:41:33.438,-8.21,-23.80,0.00,123.17760043535705,ON,RETRACTED,MANUAL
23:41:33.538,-7.91,-24.56,0.00,122.10197064334929,ON,RETRACTED,MANUAL
23:41:34.384,-7.60,-25.31,0.00,121.02953829541485,ON,RETRACTED,MANUAL
23:41:34.389,-7.26,-26.05,0.00,119.96033020230507,ON,RETRACTED,MANUAL
23:41:34.393,-6.91,-26.78,0.00,118.89437309416809,ON,RETRACTED,MANUAL
23:41:34.395,-6.54,-27.50,0.00,117.83169361987459,ON,RETRACTED,MANUAL
23:41:34.397,-6.15,-28.20,0.00,116.77231834635683,ON,RETRACTED,MANUAL
23:41:34.400,-5.75,-28.90,0.00,115.71627375794222,ON,RETRACTED,MANUAL
23:41:34.403,-5.34,-29.58,0.00,114.66358625568898,ON,RETRACTED,MANUAL
23:41:34.404,-4.91,-30.25,0.00,113.61428215673135,ON,RETRACTED,MANUAL
23:41:34.520,-4.46,-30.91,0.00,112.56838769361562,OFF,RETRACTED,MANUAL
23:41:34.621,-4.01,-31.56,0.00,111.52592901364969,OFF,RETRACTED,MANUAL
23:41:34.723,-3.55,-32.20,0.00,110.48693217824695,OFF,RETRACTED,MANUAL
23:41:34.823,-3.08,-32.82,0.00,109.4514231622727,OFF,RETRACTED,MANUAL
23:41:34.925,-2.60,-33.43,0.00,108.41942785339995,OFF,RETRACTED,MANUAL
23:41:35.026,-2.11,-34.03,0.00,107.39097205145612,OFF,RETRACTED,MANUAL
23:41:35.126,-1.62,-34.61,0.00,106.36608146778346,OFF,RETRACTED,MANUAL
23:41:35.226,-1.13,-35.18,0.00,105.3447817245939,OFF,RETRACTED,MANUAL
23:41:35.327,-0.63,-35.73,0.00,104.32709835432638,OFF,RETRACTED,MANUAL
23:41:35.428,-0.13,-36.27,0.00,103.31305679901362,OFF,RETRACTED,MANUAL
23:41:35.530,0.37,-36.80,0.00,102.30268240964023,OFF,RETRACTED,MANUAL
23:41:35.632,0.87,-37.31,0.00,101.29600044551401,OFF,RETRACTED,MANUAL
23:41:35.732,1.37,-37.80,0.00,100.29303607363241,OFF,RETRACTED,MANUAL
23:41:35.833,1.86,-38.28,0.00,99.29381436805102,OFF,RETRACTED,MANUAL
23:41:35.934,2.35,-38.75,0.00,98.29836030926185,OFF,RETRACTED,MANUAL
23:41:36.036,2.83,-39.20,0.00,97.30669878356312,OFF,RETRACTED,MANUAL
23:41:36.136,3.31,-39.63,0.00,96.31885458244204,OFF,RETRACTED,MANUAL
23:41:36.236,3.78,-40.05,0.00,95.33485240195287,OFF,RETRACTED,MANUAL
23:41:36.339,4.23,-40.45,0.00,94.3547168420975,OFF,RETRACTED,MANUAL
23:41:36.442,4.68,-40.84,0.00,93.37847240621528,OFF,RETRACTED,MANUAL
23:41:36.542,5.12,-41.21,0.00,92.40614350036483,OFF,RETRACTED,MANUAL
23:41:36.643,5.54,-41.56,0.00,91.43775443271886,OFF,RETRACTED,MANUAL
23:41:36.751,5.95,-41.90,0.00,90.47332941295434,OFF,RETRACTED,MANUAL
23:41:36.850,6.34,-42.22,0.00,89.51289255164511,OFF,RETRACTED,MANUAL
23:41:36.951,6.72,-42.52,0.00,88.55646785966405,OFF,RETRACTED,MANUAL
23:41:37.052,7.08,-42.81,0.00,87.60407924757737,OFF,RETRACTED,MANUAL
23:41:37.154,7.43,-43.08,0.00,86.65575052505136,OFF,RETRACTED,MANUAL
23:41:37.299,7.75,-43.33,0.00,85.71150540025542,OFF,RETRACTED,MANUAL
23:41:37.400,8.06,-43.56,0.00,84.7713674792671,OFF,RETRACTED,MANUAL
23:41:37.501,8.34,-43.78,0.00,83.8353602654868,OFF,RETRACTED,MANUAL
23:41:37.604,8.61,-43.98,0.00,82.9035071590448,OFF,RETRACTED,MANUAL
23:41:37.703,8.85,-44.16,0.00,81.97583145622093,OFF,RETRACTED,MANUAL
23:41:37.805,9.07,-44.32,0.00,81.05235634886003,OFF,RETRACTED,MANUAL
23:41:37.907,9.27,-44.47,0.00,80.13310492379043,OFF,RETRACTED,MANUAL
23:41:38.008,9.45,-44.60,0.00,79.21810016225112,OFF,RETRACTED,MANUAL
23:41:38.109,9.60,-44.71,0.00,78.30736493931227,OFF,RETRACTED,MANUAL
23:41:38.211,9.73,-44.80,0.00,77.4009220233076,OFF,RETRACTED,MANUAL
23:41:38.312,9.83,-44.88,0.00,76.49879407526345,OFF,RETRACTED,MANUAL
23:41:38.413,9.91,-44.94,0.00,75.60100364833028,OFF,RETRACTED,MANUAL
23:41:38.517,9.97,-44.97,0.00,74.70757318722326,OFF,RETRACTED,MANUAL
23:41:38.616,9.99,-45.00,0.00,73.81852502765616,ON,RETRACTED,MANUAL
23:41:38.734,10.00,-45.00,0.00,72.93388139578721,ON,RETRACTED,MANUAL
23:41:38.835,9.98,-44.98,0.00,72.05366440766184,ON,RETRACTED,MANUAL
23:41:38.936,9.93,-44.95,0.00,71.17789606865762,ON,RETRACTED,MANUAL
23:41:39.038,9.86,-44.90,0.00,70.30659827293863,ON,RETRACTED,MANUAL
23:41:39.141,9.77,-44.83,0.00,69.43979280290321,ON,RETRACTED,MANUAL
23:41:39.242,9.65,-44.74,0.00,68.57750132864356,ON,RETRACTED,MANUAL
23:41:39.344,9.50,-44.64,0.00,67.71974540740223,ON,RETRACTED,MANUAL
23:41:39.445,9.34,-44.52,0.00,66.8665464830313,ON,RETRACTED,MANUAL
23:41:39.544,9.15,-44.38,0.00,66.01792588546076,ON,RETRACTED,MANUAL
23:41:39.647,8.93,-44.22,0.00,65.1739048301601,ON,RETRACTED,MANUAL
23:41:39.747,8.70,-44.04,0.00,64.3345044176123,ON,RETRACTED,MANUAL
23:41:39.849,8.44,-43.85,0.00,63.499745632784595,ON,RETRACTED,MANUAL
23:41:39.949,8.16,-43.64,0.00,62.669649344601964,ON,RETRACTED,MANUAL
23:41:40.051,7.86,-43.41,0.00,61.84423630542949,ON,RETRACTED,MANUAL
23:41:40.152,7.54,-43.17,0.00,61.02352715054903,ON,RETRACTED,MANUAL
23:41:40.257,7.20,-42.90,0.00,60.2075423976473,ON,RETRACTED,MANUAL
23:41:40.358,6.85,-42.62,0.00,59.396302446301206,ON,RETRACTED,MANUAL
23:41:40.458,6.48,-42.32,0.00,58.58982757746608,ON,RETRACTED,MANUAL
23:41:40.558,6.09,-42.01,0.00,57.788137952972846,ON,RETRACTED,MANUAL
23:41:40.660,5.68,-41.68,0.00,56.99125361501919,ON,RETRACTED,MANUAL
23:41:40.762,5.26,-41.33,0.00,56.19919448567265,ON,RETRACTED,MANUAL
23:41:40.862,4.83,-40.97,0.00,55.41198036637073,ON,RETRACTED,MANUAL
23:41:40.963,4.39,-40.59,0.00,54.62963093742431,ON,RETRACTED,MANUAL
23:41:41.074,3.93,-40.19,0.00,53.85216575752949,ON,RETRACTED,MANUAL
23:41:41.174,3.47,-39.78,0.00,53.07960426327415,ON,RETRACTED,MANUAL
23:41:41.280,3.00,-39.35,0.00,52.311965768655966,ON,RETRACTED,MANUAL
23:41:41.380,2.52,-38.90,0.00,51.54926946459787,ON,RETRACTED,MANUAL
23:41:41.482,2.03,-38.44,0.00,50.791534418466654,ON,RETRACTED,MANUAL
23:41:41.583,1.54,-37.97,0.00,50.038779573600095,ON,RETRACTED,MANUAL
23:41:41.689,1.04,-37.48,0.00,49.29102374882899,ON,RETRACTED,MANUAL
23:41:41.787,0.54,-36.97,0.00,48.54828563801061,OFF,RETRACTED,MANUAL
23:41:41.886,0.04,-36.45,0.00,47.810583809559546,OFF,RETRACTED,MANUAL
23:41:41.987,-0.46,-35.92,0.00,47.07793670598204,OFF,RETRACTED,MANUAL
23:41:42.088,-0.95,-35.37,0.00,46.35036264341852,OFF,RETRACTED,MANUAL
23:41:42.190,-1.45,-34.80,0.00,45.627879811181685,OFF,RETRACTED,MANUAL
23:41:42.304,-1.94,-34.23,0.00,44.910506271305195,OFF,RETRACTED,MANUAL
23:41:42.407,-2.43,-33.64,0.00,44.198259958090716,OFF,RETRACTED,MANUAL
23:41:42.508,-2.91,-33.03,0.00,43.49115867765792,OFF,RETRACTED,MANUAL
23:41:42.608,-3.39,-32.41,0.00,42.78922010750304,OFF,RETRACTED,MANUAL
23:41:42.710,-3.85,-31.78,0.00,42.09246179605276,OFF,RETRACTED,MANUAL
23:41:42.814,-4.31,-31.14,0.00,41.40090116222905,OFF,RETRACTED,MANUAL
23:41:42.914,-4.76,-30.48,0.00,40.71455549501229,OFF,RETRACTED,MANUAL
23:41:43.016,-5.19,-29.82,0.00,40.03344195300738,OFF,RETRACTED,MANUAL
23:41:43.117,-5.61,-29.14,0.00,39.35757756401836,OFF,RETRACTED,MANUAL
23:41:43.221,-6.02,-28.44,0.00,38.686979224618824,OFF,RETRACTED,MANUAL
23:41:43.321,-6.41,-27.74,0.00,38.02166369973281,OFF,RETRACTED,MANUAL
23:41:43.423,-6.78,-27.03,0.00,37.361647622214264,OFF,RETRACTED,MANUAL
23:41:43.522,-7.14,-26.30,0.00,36.70694749242975,OFF,RETRACTED,MANUAL
23:41:43.623,-7.48,-25.57,0.00,36.05757967784939,OFF,RETRACTED,MANUAL
23:41:43.724,-7.81,-24.82,0.00,35.413560412633814,OFF,RETRACTED,MANUAL
23:41:43.824,-8.11,-24.06,0.00,34.77490579723158,OFF,RETRACTED,MANUAL
23:41:43.926,-8.39,-23.30,0.00,34.14163179797521,OFF,RETRACTED,MANUAL
23:41:44.029,-8.65,-22.53,0.00,33.51375424668086,OFF,RETRACTED,MANUAL
23:41:44.129,-8.89,-21.74,0.00,32.89128884025544,OFF,RETRACTED,MANUAL
23:41:44.231,-9.11,-20.95,0.00,32.27425114030086,OFF,RETRACTED,MANUAL
23:41:44.334,-9.30,-20.15,0.00,31.662656572727883,OFF,RETRACTED,MANUAL
23:41:44.433,-9.48,-19.34,0.00,31.05652042736932,OFF,RETRACTED,MANUAL
23:41:44.534,-9.62,-18.52,0.00,30.455857857596328,OFF,RETRACTED,MANUAL
23:41:44.638,-9.75,-17.70,0.00,29.86068387994277,OFF,RETRACTED,MANUAL
23:41:44.739,-9.85,-16.87,0.00,29.271013373726163,ON,RETRACTED,MANUAL
23:41:44.841,-9.92,-16.03,0.00,28.686861080678966,ON,RETRACTED,MANUAL
23:41:44.940,-9.97,-15.19,0.00,28.10824160457844,ON,RETRACTED,MANUAL
23:41:45.042,-10.00,-14.34,0.00,27.535169410880542,ON,RETRACTED,MANUAL
23:41:45.143,-10.00,-13.48,0.00,26.967658826361088,ON,RETRACTED,MANUAL
23:41:45.245,-9.97,-12.62,0.00,26.4057240387543,ON,RETRACTED,MANUAL
23:41:45.346,-9.92,-11.75,0.00,25.849379096401037,ON,RETRACTED,MANUAL
23:41:45.452,-9.85,-10.88,0.00,25.29863790789625,ON,RETRACTED,MANUAL
23:41:45.553,-9.75,-10.01,0.00,24.75351424174019,ON,RETRACTED,MANUAL
23:41:45.656,-9.62,-9.13,0.00,24.2140217259969,ON,RETRACTED,MANUAL
23:41:45.756,-9.48,-8.24,0.00,23.680173847950414,ON,RETRACTED,MANUAL
23:41:45.857,-9.31,-7.36,0.00,23.15198395377024,ON,RETRACTED,MANUAL
23:41:45.975,-9.11,-6.47,0.00,22.629465248176615,ON,RETRACTED,MANUAL
23:41:46.087,-8.89,-5.58,0.00,22.11263079410918,ON,RETRACTED,MANUAL
23:41:46.191,-8.65,-4.68,0.00,21.60149351240318,OFF,RETRACTED,MANUAL
23:41:46.292,-8.39,-3.79,0.00,21.09606618146327,OFF,RETRACTED,MANUAL
23:41:46.395,-8.11,-2.89,0.00,20.596361436946722,OFF,RETRACTED,MANUAL
23:41:46.494,-7.81,-1.99,0.00,20.10239177144652,OFF,RETRACTED,MANUAL
23:41:46.596,-7.49,-1.09,0.00,19.614169534177847,OFF,RETRACTED,MANUAL
23:41:46.740,-7.15,-0.19,0.00,19.131706930671953,OFF,RETRACTED,MANUAL
23:41:46.840,-6.79,0.71,0.00,18.65501602246806,OFF,RETRACTED,MANUAL
23:41:46.939,-6.41,1.61,0.00,18.1841087268144,OFF,RETRACTED,MANUAL
23:41:47.040,-6.02,2.51,0.00,17.718996816369156,OFF,RETRACTED,MANUAL
23:41:47.172,-5.61,3.41,0.00,17.25969191890522,OFF,RETRACTED,MANUAL
23:41:47.274,-5.19,4.30,0.00,16.806205517021738,OFF,RETRACTED,MANUAL
23:41:47.375,-4.76,5.20,0.00,16.35854894785456,OFF,RETRACTED,MANUAL
23:41:47.474,-4.31,6.09,0.00,15.916733402794847,OFF,RETRACTED,MANUAL
23:41:47.575,-3.86,6.98,0.00,15.48076992720857,OFF,RETRACTED,MANUAL
23:41:47.679,-3.39,7.87,0.00,15.050669420159267,OFF,RETRACTED,MANUAL
23:41:47.790,-2.92,8.75,0.00,14.626442634137817,OFF,RETRACTED,MANUAL
23:41:47.890,-2.44,9.63,0.00,14.208100174791184,OFF,RETRACTED,MANUAL
23:41:47.991,-1.95,10.51,0.00,13.7956525006594,OFF,RETRACTED,MANUAL
23:41:48.092,-1.45,11.38,0.00,13.389109922913065,OFF,RETRACTED,MANUAL
23:41:48.191,-0.96,12.25,0.00,12.988482605094873,OFF,RETRACTED,MANUAL
23:41:48.292,-0.46,13.12,0.00,12.59378056286755,OFF,RETRACTED,MANUAL
23:41:48.395,0.04,13.97,0.00,12.20501366376098,OFF,RETRACTED,MANUAL
23:41:48.495,0.54,14.83,0.00,11.822191626927662,OFF,RETRACTED,MANUAL
23:41:48.597,1.04,15.67,0.00,11.445324022898859,OFF,RETRACTED,MANUAL
23:41:48.701,1.53,16.51,0.00,11.074420273344487,OFF,RETRACTED,MANUAL
23:41:48.801,2.03,17.35,0.00,10.709489650839544,OFF,RETRACTED,MANUAL
23:41:48.903,2.51,18.17,0.00,10.350541278630033,OFF,RETRACTED,MANUAL
23:41:49.002,2.99,18.99,0.00,9.997584130406835,OFF,RETRACTED,MANUAL
23:41:49.103,3.47,19.81,0.00,9.6506270300805,OFF,RETRACTED,MANUAL
23:41:49.204,3.93,20.61,0.00,9.309678651559949,OFF,RETRACTED,MANUAL
23:41:49.304,4.39,21.41,0.00,8.97474751853747,OFF,RETRACTED,MANUAL
23:41:49.407,4.83,22.19,0.00,8.645842004273362,OFF,RETRACTED,MANUAL
23:41:49.506,5.26,22.97,0.00,8.32297033138866,OFF,RETRACTED,MANUAL
23:41:49.621,5.68,23.74,0.00,8.006140571658563,OFF,RETRACTED,MANUAL
23:41:49.787,6.08,24.50,0.00,7.695360645810126,OFF,RETRACTED,MANUAL
23:41:49.887,6.47,25.25,0.00,7.390638323325703,OFF,RETRACTED,MANUAL
23:41:49.987,6.85,25.99,0.00,7.091981222247142,OFF,RETRACTED,MANUAL
23:41:50.089,7.20,26.72,0.00,6.799396808986529,OFF,RETRACTED,MANUAL
23:41:50.189,7.54,27.44,0.00,6.5128923981392575,OFF,RETRACTED,MANUAL
23:41:50.290,7.86,28.15,0.00,6.232475152300225,OFF,RETRACTED,MANUAL
23:41:50.392,8.16,28.84,0.00,5.95815208188634,OFF,RETRACTED,MANUAL
23:41:50.491,8.44,29.53,0.00,5.689930044959709,OFF,RETRACTED,MANUAL
23:41:50.592,8.69,30.20,0.00,5.427815747057508,OFF,RETRACTED,MANUAL
23:41:50.694,8.93,30.86,0.00,5.171815741023693,OFF,RETRACTED,MANUAL
23:41:50.796,9.14,31.51,0.00,4.921936426844724,OFF,RETRACTED,MANUAL
23:41:50.898,9.33,32.15,0.00,4.678184051490746,OFF,RETRACTED,MANUAL
23:41:50.999,9.50,32.77,0.00,4.440564708758188,OFF,RETRACTED,MANUAL
23:41:51.100,9.65,33.38,0.00,4.2090843391183625,OFF,RETRACTED,MANUAL
23:41:51.201,9.77,33.98,0.00,3.983748729568646,OFF,RETRACTED,MANUAL
23:41:51.302,9.86,34.56,0.00,3.764563513487161,OFF,RETRACTED,MANUAL
23:41:51.402,9.93,35.13,0.00,3.5515341704932553,OFF,RETRACTED,MANUAL
23:41:51.502,9.98,35.69,0.00,3.344666026309085,OFF,RETRACTED,MANUAL
23:41:51.603,10.00,36.23,0.00,3.1439642526276543,OFF,RETRACTED,MANUAL
23:41:51.703,9.99,36.75,0.00,2.949433866982986,OFF,RETRACTED,MANUAL
23:41:51.805,9.97,37.27,0.00,2.761079732624296,OFF,RETRACTED,MANUAL
23:41:51.909,9.91,37.76,0.00,2.5789065583953743,OFF,RETRACTED,MANUAL
23:41:52.016,9.83,38.24,0.00,2.4029188986158942,OFF,RETRACTED,MANUAL
23:41:52.116,9.73,38.71,0.00,2.2331211529682946,OFF,RETRACTED,MANUAL
23:41:52.217,9.60,39.16,0.00,2.0695175663874465,OFF,RETRACTED,MANUAL
23:41:52.318,9.45,39.60,0.00,1.912112228954328,OFF,RETRACTED,MANUAL
23:41:52.418,9.27,40.02,0.00,1.760909075794359,OFF,RETRACTED,MANUAL
23:41:52.520,9.08,40.42,0.00,1.615911886978239,OFF,RETRACTED,MANUAL
23:41:52.621,8.86,40.81,0.00,1.4771242874283246,OFF,RETRACTED,MANUAL
23:41:52.722,8.61,41.18,0.00,1.3445497468274255,OFF,RETRACTED,MANUAL
23:41:52.822,8.35,41.53,0.00,1.2181915795319753,OFF,RETRACTED,MANUAL
23:41:52.923,8.06,41.87,0.00,1.0980529444897513,OFF,RETRACTED,MANUAL
23:41:53.024,7.76,42.19,0.00,0.9841368451602079,OFF,RETRACTED,MANUAL
23:41:53.126,7.43,42.50,0.00,0.8764461294399837,OFF,RETRACTED,MANUAL
23:41:53.231,7.09,42.79,0.00,0.7749834895913921,OFF,RETRACTED,MANUAL
23:41:53.342,6.73,43.06,0.00,0.6797514621750622,OFF,RETRACTED,MANUAL
23:41:53.442,6.35,43.31,0.00,0.5907524279868142,OFF,RETRACTED,MANUAL
23:41:53.543,5.95,43.54,0.00,0.5079886119977743,OFF,RETRACTED,MANUAL
23:41:53.644,5.54,43.76,0.00,0.431462083299067,OFF,RETRACTED,MANUAL
23:41:53.745,5.12,43.96,0.00,0.3611747550499729,OFF,RETRACTED,MANUAL
23:41:53.847,4.69,44.15,0.00,0.2971283844299535,OFF,RETRACTED,MANUAL
23:41:53.948,4.24,44.31,0.00,0.2393245725949953,OFF,RETRACTED,MANUAL
23:41:54.067,3.78,44.46,0.00,0.18776476463733616,OFF,RETRACTED,MANUAL
23:41:54.178,3.31,44.59,0.00,0.14245024954954033,OFF,RETRACTED,MANUAL
23:41:54.281,2.84,44.70,0.00,0.1033821601921261,OFF,RETRACTED,MANUAL
23:41:54.382,2.35,44.80,0.00,0.07056147326525775,OFF,RETRACTED,MANUAL
23:41:54.483,1.86,44.87,0.00,0.0439890092843882,OFF,RETRACTED,MANUAL
23:41:54.584,1.37,44.93,0.00,0.023665432559795363,OFF,RETRACTED,MANUAL
23:41:54.685,0.87,44.97,0.00,0.009591251179813298,OFF,RETRACTED,MANUAL
23:41:54.786,0.38,44.99,0.00,0.001766816998184595,OFF,RETRACTED,MANUAL
23:41:54.888,-0.12,45.00,0.00,0.0001923256254201533,OFF,RETRACTED,MANUAL
23:41:54.990,-0.62,44.99,0.00,0.004867816423711702,OFF,RETRACTED,MANUAL
23:41:55.092,-1.12,44.95,0.00,0.0157931725060223,OFF,RETRACTED,MANUAL
23:41:55.194,-1.62,44.91,0.00,0.032968120739042206,OFF,RETRACTED,MANUAL
23:41:55.295,-2.11,44.84,0.00,0.056392231749924804,OFF,RETRACTED,MANUAL
23:41:55.395,-2.59,44.75,0.00,0.08606491993711529,OFF,RETRACTED,MANUAL
23:41:55.497,-3.07,44.65,0.00,0.12198544348498785,OFF,RETRACTED,MANUAL
23:41:55.598,-3.55,44.53,0.00,0.16415290438231978,OFF,RETRACTED,MANUAL
23:41:55.699,-4.01,44.39,0.00,0.212566248444773,OFF,RETRACTED,MANUAL
23:41:55.799,-4.46,44.23,0.00,0.2672242653412411,OFF,RETRACTED,MANUAL
23:41:55.899,-4.90,44.06,0.00,0.3281255886242036,OFF,RETRACTED,MANUAL
23:41:56.000,-5.33,43.87,0.00,0.3952686957636331,OFF,RETRACTED,MANUAL
23:41:56.102,-5.75,43.66,0.00,0.46865190818553515,OFF,RETRACTED,MANUAL
23:41:56.201,-6.15,43.43,0.00,0.5482733913133302,OFF,RETRACTED,MANUAL
23:41:56.303,-6.54,43.19,0.00,0.6341311546140105,OFF,RETRACTED,MANUAL
23:41:56.404,-6.91,42.92,0.00,0.726223051648077,OFF,RETRACTED,MANUAL
23:41:56.509,-7.26,42.64,0.00,0.8245467801228017,OFF,RETRACTED,MANUAL
23:41:56.610,-7.59,42.35,0.00,0.9290998819502363,OFF,RETRACTED,MANUAL
23:41:56.711,-7.91,42.04,0.00,1.0398797433081484,OFF,RETRACTED,MANUAL
23:41:56.812,-8.21,41.71,0.00,1.1568835947057892,OFF,RETRACTED,MANUAL
23:41:56.912,-8.48,41.36,0.00,1.2801085110530437,OFF,RETRACTED,MANUAL
23:41:57.013,-8.74,41.00,0.00,1.409551411733304,OFF,RETRACTED,MANUAL
23:41:57.114,-8.97,40.62,0.00,1.5452090606809463,OFF,RETRACTED,MANUAL
23:41:57.215,-9.18,40.22,0.00,1.6870780664617655,OFF,RETRACTED,MANUAL
23:41:57.316,-9.36,39.81,0.00,1.8351548823578412,OFF,RETRACTED,MANUAL
23:41:57.418,-9.53,39.38,0.00,1.9894358064567257,OFF,RETRACTED,MANUAL
23:41:57.519,-9.67,38.94,0.00,2.1499169817431323,OFF,RETRACTED,MANUAL
23:41:57.624,-9.78,38.48,0.00,2.3165943961962796,OFF,RETRACTED,MANUAL
23:41:57.725,-9.87,38.01,0.00,2.489463882889339,OFF,RETRACTED,MANUAL
23:41:57.826,-9.94,37.52,0.00,2.6685211200940557,OFF,RETRACTED,MANUAL
23:41:57.928,-9.98,37.01,0.00,2.8537616313890624,OFF,RETRACTED,MANUAL
23:41:58.028,-10.00,36.49,0.00,3.0451807857709525,OFF,RETRACTED,MANUAL
23:41:58.129,-9.99,35.96,0.00,3.2427737977711217,OFF,RETRACTED,MANUAL
23:41:58.230,-9.96,35.41,0.00,3.4465357275744566,OFF,RETRACTED,MANUAL
23:41:58.332,-9.90,34.85,0.00,3.6564614811431113,OFF,RETRACTED,MANUAL
23:41:58.432,-9.82,34.27,0.00,3.872545810344519,OFF,RETRACTED,MANUAL
23:41:58.533,-9.71,33.68,0.00,4.094783313081393,OFF,RETRACTED,MANUAL
23:41:58.634,-9.58,33.08,0.00,4.323168433428037,OFF,RETRACTED,MANUAL
23:41:58.735,-9.42,32.46,0.00,4.557695461768191,OFF,RETRACTED,MANUAL
23:41:58.837,-9.24,31.83,0.00,4.798358534938188,OFF,RETRACTED,MANUAL
23:41:58.940,-9.04,31.19,0.00,5.045151636374101,OFF,RETRACTED,MANUAL
23:41:59.041,-8.82,30.54,0.00,5.298068596260833,OFF,RETRACTED,MANUAL
23:41:59.142,-8.57,29.87,0.00,5.557103091687992,OFF,RETRACTED,MANUAL
23:41:59.243,-8.30,29.19,0.00,5.822248646806486,OFF,RETRACTED,MANUAL
23:41:59.344,-8.01,28.50,0.00,6.093498632991015,OFF,RETRACTED,MANUAL
23:41:59.445,-7.70,27.80,0.00,6.370846269006478,OFF,RETRACTED,MANUAL
23:41:59.549,-7.37,27.08,0.00,6.654284621176004,OFF,RETRACTED,MANUAL
23:41:59.657,-7.03,26.36,0.00,6.943806603555942,OFF,RETRACTED,MANUAL
23:41:59.758,-6.66,25.63,0.00,7.239404978111679,OFF,RETRACTED,MANUAL
23:41:59.858,-6.28,24.88,0.00,7.541072354898944,OFF,RETRACTED,MANUAL
23:41:59.960,-5.88,24.13,0.00,7.8488011922495104,OFF,RETRACTED,MANUAL
23:42:00.060,-5.47,23.36,0.00,8.162583796958018,OFF,RETRACTED,MANUAL
23:42:00.161,-5.05,22.59,0.00,8.482412324476144,OFF,RETRACTED,MANUAL
23:42:00.262,-4.61,21.80,0.00,8.808278779107127,OFF,RETRACTED,MANUAL
23:42:00.362,-4.16,21.01,0.00,9.140175014206335,OFF,RETRACTED,MANUAL
23:42:00.464,-3.70,20.21,0.00,9.478092732385676,OFF,RETRACTED,MANUAL
23:42:00.565,-3.23,19.40,0.00,9.822023485719285,OFF,RETRACTED,MANUAL
23:42:00.672,-2.76,18.59,0.00,10.171958675956745,OFF,RETRACTED,MANUAL
23:42:00.774,-2.27,17.77,0.00,10.527889554736277,OFF,RETRACTED,MANUAL
23:42:00.876,-1.78,16.93,0.00,10.889807223804183,OFF,RETRACTED,MANUAL
23:42:00.976,-1.29,16.10,0.00,11.257702635238132,OFF,RETRACTED,MANUAL
23:42:01.077,-0.79,15.25,0.00,11.63156659167143,OFF,RETRACTED,MANUAL
23:42:01.177,-0.29,14.40,0.00,12.011389746525197,OFF,RETRACTED,MANUAL
23:42:01.278,0.21,13.55,0.00,12.397162604240066,OFF,RETRACTED,MANUAL
23:42:01.379,0.71,12.69,0.00,12.788875520514438,OFF,RETRACTED,MANUAL
23:42:01.492,1.21,11.82,0.00,13.186518702546323,OFF,RETRACTED,MANUAL
23:42:01.595,1.70,10.95,0.00,13.590082209276346,OFF,RETRACTED,MANUAL
23:42:01.696,2.19,10.08,0.00,13.999555951638428,OFF,RETRACTED,MANUAL
23:42:01.796,2.68,9.20,0.00,14.414929692810063,OFF,RETRACTED,MANUAL
23:42:01.897,3.15,8.31,0.00,14.836193048469,OFF,RETRACTED,MANUAL
23:42:02.002,3.62,7.43,0.00,15.26333548705395,OFF,RETRACTED,MANUAL
23:42:02.104,4.09,6.54,0.00,15.696346330025563,OFF,RETRACTED,MANUAL
23:42:02.204,4.54,5.65,0.00,16.13521475213591,OFF,RETRACTED,MANUAL
23:42:02.307,4.98,4.75,0.00,16.579929781697047,OFF,RETRACTED,MANUAL
23:42:02.409,5.40,3.86,0.00,17.030480300856,OFF,RETRACTED,MANUAL
23:42:02.518,5.82,2.96,0.00,17.486855045873966,OFF,RETRACTED,MANUAL
23:42:02.623,6.22,2.06,0.00,17.949042607405403,OFF,RETRACTED,MANUAL
23:42:02.724,6.60,1.16,0.00,18.417031430785983,OFF,RETRACTED,MANUAL
23:42:02.825,6.97,0.26,0.00,18.890809816319205,OFF,RETRACTED,MANUAL
23:42:02.927,7.32,-0.64,0.00,19.370365919569792,OFF,RETRACTED,MANUAL
23:42:03.030,7.65,-1.54,0.00,19.85568775166078,OFF,RETRACTED,MANUAL
23:42:03.133,7.96,-2.44,0.00,20.346763179570928,OFF,RETRACTED,MANUAL
23:42:03.234,8.25,-3.33,0.00,20.84357992644084,OFF,RETRACTED,MANUAL
23:42:03.336,8.53,-4.23,0.00,21.346125571877394,OFF,RETRACTED,MANUAL
23:42:03.436,8.78,-5.13,0.00,21.85438755226525,OFF,RETRACTED,MANUAL
23:42:03.538,9.00,-6.02,0.00,22.368353161082098,OFF,RETRACTED,MANUAL
23:42:03.638,9.21,-6.91,0.00,22.888009549213734,OFF,RETRACTED,MANUAL
23:42:03.744,9.39,-7.80,0.00,23.41334372527828,OFF,RETRACTED,MANUAL
23:42:03.853,9.55,-8.68,0.00,23.94434255594831,OFF,RETRACTED,MANUAL
23:42:03.955,9.69,-9.56,0.00,24.480992766280337,OFF,RETRACTED,MANUAL
23:42:04.056,9.80,-10.44,0.00,25.02328094004784,OFF,RETRACTED,MANUAL
23:42:04.157,9.89,-11.31,0.00,25.571193520073933,OFF,RETRACTED,MANUAL
23:42:04.259,9.95,-12.18,0.00,26.124716808573396,OFF,RETRACTED,MANUAL
23:42:04.359,9.99,-13.05,0.00,26.68383696749251,OFF,RETRACTED,MANUAL
23:42:04.461,10.00,-13.91,0.00,27.248540018856005,OFF,RETRACTED,MANUAL
23:42:04.565,9.99,-14.76,0.00,27.81881184511778,OFF,RETRACTED,MANUAL
23:42:04.666,9.95,-15.61,0.00,28.39463818951114,OFF,RETRACTED,MANUAL
23:42:04.768,9.89,-16.45,0.00,28.976004656408207,OFF,RETRACTED,MANUAL
23:42:04.869,9.80,-17.28,0.00,29.562896711677183,OFF,RETRACTED,MANUAL
23:42:04.970,9.69,-18.11,0.00,30.155299683046934,OFF,RETRACTED,MANUAL
23:42:05.070,9.55,-18.93,0.00,30.75319876047473,OFF,RETRACTED,MANUAL
23:42:05.171,9.39,-19.74,0.00,31.35657899651403,OFF,RETRACTED,MANUAL
23:42:05.272,9.21,-20.55,0.00,31.965425306691174,OFF,RETRACTED,MANUAL
23:42:05.372,9.00,-21.34,0.00,32.57972246987967,OFF,RETRACTED,MANUAL
23:42:05.472,8.78,-22.13,0.00,33.19945512868205,OFF,RETRACTED,MANUAL
23:42:05.574,8.53,-22.91,0.00,33.82460778981496,OFF,RETRACTED,MANUAL
23:42:05.675,8.25,-23.68,0.00,34.45516482449358,OFF,RETRACTED,MANUAL
23:42:05.775,7.96,-24.44,0.00,35.09111046882575,OFF,RETRACTED,MANUAL
23:42:05.876,7.65,-25.19,0.00,35.732428824203026,OFF,RETRACTED,MANUAL
23:42:05.978,7.32,-25.93,0.00,36.37910385769948,OFF,RETRACTED,MANUAL
23:42:06.078,6.97,-26.66,0.00,37.03111940247385,OFF,RETRACTED,MANUAL
23:42:06.179,6.60,-27.38,0.00,37.688459158170616,OFF,RETRACTED,MANUAL
23:42:06.280,6.22,-28.09,0.00,38.35110669133098,OFF,RETRACTED,MANUAL
23:42:06.380,5.82,-28.79,0.00,39.019045435800734,OFF,RETRACTED,MANUAL
23:42:06.481,5.40,-29.47,0.00,39.69225869314553,OFF,RETRACTED,MANUAL
23:42:06.582,4.98,-30.15,0.00,40.37072963306994,OFF,RETRACTED,MANUAL
23:42:06.688,4.54,-30.81,0.00,41.054441293834884,OFF,RETRACTED,MANUAL
23:42:06.833,4.08,-31.46,0.00,41.74337658268536,OFF,RETRACTED,MANUAL
23:42:06.949,3.62,-32.10,0.00,42.43751827627463,OFF,RETRACTED,MANUAL
23:42:07.054,3.15,-32.72,0.00,43.13684902109594,OFF,RETRACTED,MANUAL
23:42:07.155,2.67,-33.33,0.00,43.841351333918084,OFF,RETRACTED,MANUAL
23:42:07.256,2.19,-33.93,0.00,44.55100760221899,OFF,RETRACTED,MANUAL
23:42:07.356,1.70,-34.52,0.00,45.265800084629916,OFF,RETRACTED,MANUAL
23:42:07.457,1.20,-35.09,0.00,45.98571091137546,OFF,RETRACTED,MANUAL
23:42:07.558,0.71,-35.64,0.00,46.710722084721965,OFF,RETRACTED,MANUAL
23:42:07.660,0.21,-36.18,0.00,47.44081547942892,OFF,RETRACTED,MANUAL
23:42:07.762,-0.29,-36.71,0.00,48.17597284319842,OFF,RETRACTED,MANUAL
23:42:07.865,-0.79,-37.23,0.00,48.91617579713571,OFF,RETRACTED,MANUAL
23:42:07.967,-1.29,-37.72,0.00,49.66140583620492,OFF,RETRACTED,MANUAL
23:42:08.068,-1.78,-38.21,0.00,50.411644329693445,OFF,RETRACTED,MANUAL
23:42:08.170,-2.27,-38.67,0.00,51.16687252167907,OFF,RETRACTED,MANUAL
23:42:08.271,-2.76,-39.13,0.00,51.92707153149519,OFF,RETRACTED,MANUAL
23:42:08.372,-3.23,-39.56,0.00,52.692222354207274,OFF,RETRACTED,MANUAL
23:42:08.472,-3.70,-39.98,0.00,53.462305861084104,OFF,RETRACTED,MANUAL
23:42:08.574,-4.16,-40.39,0.00,54.237302800077515,OFF,RETRACTED,MANUAL
23:42:08.675,-4.61,-40.78,0.00,55.01719379630552,OFF,RETRACTED,MANUAL
23:42:08.775,-5.05,-41.15,0.00,55.80195935253269,OFF,RETRACTED,MANUAL
23:42:08.878,-5.47,-41.51,0.00,56.59157984966214,OFF,RETRACTED,MANUAL
23:42:08.983,-5.89,-41.85,0.00,57.386035547222036,OFF,RETRACTED,MANUAL
23:42:09.083,-6.28,-42.17,0.00,58.185306583860694,OFF,RETRACTED,MANUAL
23:42:09.184,-6.66,-42.47,0.00,58.98937297784502,OFF,RETRACTED,MANUAL
23:42:09.285,-7.03,-42.76,0.00,59.798214627555836,OFF,RETRACTED,MANUAL
23:42:09.386,-7.37,-43.03,0.00,60.61181131199518,OFF,RETRACTED,MANUAL
23:42:09.486,-7.70,-43.29,0.00,61.43014269128781,OFF,RETRACTED,MANUAL
23:42:09.587,-8.01,-43.53,0.00,62.25318830719124,OFF,RETRACTED,MANUAL
23:42:09.688,-8.30,-43.75,0.00,63.08092758360908,OFF,RETRACTED,MANUAL
23:42:09.789,-8.57,-43.95,0.00,63.913339827101396,OFF,RETRACTED,MANUAL
23:42:09.890,-8.82,-44.13,0.00,64.75040422740662,OFF,RETRACTED,MANUAL
23:42:09.992,-9.04,-44.30,0.00,65.59209985795775,OFF,RETRACTED,MANUAL
23:42:10.093,-9.24,-44.45,0.00,66.43840567640726,OFF,RETRACTED,MANUAL
23:42:10.194,-9.42,-44.58,0.00,67.289300525155,OFF,RETRACTED,MANUAL
23:42:10.296,-9.58,-44.69,0.00,68.14476313187282,OFF,RETRACTED,MANUAL
23:42:10.397,-9.71,-44.79,0.00,69.00477211004133,OFF,RETRACTED,MANUAL
23:42:10.498,-9.82,-44.87,0.00,69.86930595948027,OFF,RETRACTED,MANUAL
23:42:10.600,-9.90,-44.93,0.00,70.73834306688778,OFF,RETRACTED,MANUAL
23:42:10.700,-9.96,-44.97,0.00,71.61186170638274,OFF,RETRACTED,MANUAL
23:42:10.803,-9.99,-44.99,0.00,72.48984004004336,OFF,RETRACTED,MANUAL
23:42:10.904,-10.00,-45.00,0.00,73.3722561184583,OFF,RETRACTED,MANUAL
23:42:11.005,-9.98,-44.99,0.00,74.25908788127094,OFF,RETRACTED,MANUAL
23:42:11.107,-9.94,-44.96,0.00,75.15031315773274,OFF,RETRACTED,MANUAL
23:42:11.207,-9.87,-44.91,0.00,76.04590966725948,OFF,RETRACTED,MANUAL
23:42:11.308,-9.78,-44.84,0.00,76.94585501998381,OFF,RETRACTED,MANUAL
23:42:11.407,-9.67,-44.76,0.00,77.85012671732005,OFF,RETRACTED,MANUAL
23:42:11.508,-9.53,-44.66,0.00,78.75870215252223,OFF,RETRACTED,MANUAL
23:42:11.608,-9.36,-44.54,0.00,79.67155861125113,OFF,RETRACTED,MANUAL
23:42:11.710,-9.18,-44.40,0.00,80.58867327214415,OFF,RETRACTED,MANUAL
23:42:11.811,-8.97,-44.25,0.00,81.51002320738121,OFF,RETRACTED,MANUAL
23:42:11.912,-8.74,-44.07,0.00,82.43558538326323,OFF,RETRACTED,MANUAL
23:42:12.013,-8.48,-43.88,0.00,83.36533666078338,OFF,RETRACTED,MANUAL
23:42:12.113,-8.21,-43.67,0.00,84.29925379620744,OFF,RETRACTED,MANUAL
23:42:12.214,-7.91,-43.45,0.00,85.23731344165705,OFF,RETRACTED,MANUAL
23:42:12.315,-7.59,-43.21,0.00,86.17949214568853,OFF,RETRACTED,MANUAL
23:42:12.417,-7.26,-42.95,0.00,87.12576635388479,OFF,RETRACTED,MANUAL
23:42:12.517,-6.91,-42.67,0.00,88.07611240943913,OFF,RETRACTED,MANUAL
23:42:12.618,-6.54,-42.37,0.00,89.03050655374906,OFF,RETRACTED,MANUAL
23:42:12.719,-6.15,-42.06,0.00,89.98892492701196,OFF,RETRACTED,MANUAL
23:42:12.819,-5.75,-41.73,0.00,90.95134356881715,OFF,RETRACTED,MANUAL
23:42:12.921,-5.33,-41.39,0.00,91.91773841875002,OFF,RETRACTED,MANUAL
23:42:13.023,-4.90,-41.03,0.00,92.88808531698896,OFF,RETRACTED,MANUAL
23:42:13.126,-4.46,-40.65,0.00,93.86236000491138,OFF,RETRACTED,MANUAL
23:42:13.227,-4.01,-40.25,0.00,94.84053812570224,OFF,RETRACTED,MANUAL
23:42:13.329,-3.54,-39.84,0.00,95.82259522495804,OFF,RETRACTED,MANUAL
23:42:13.430,-3.07,-39.42,0.00,96.80850675130381,OFF,RETRACTED,MANUAL
23:42:13.531,-2.59,-38.98,0.00,97.79824805700213,OFF,RETRACTED,MANUAL
23:42:13.632,-2.11,-38.52,0.00,98.79179439857114,OFF,RETRACTED,MANUAL
23:42:13.731,-1.62,-38.05,0.00,99.78912093740547,OFF,RETRACTED,MANUAL
23:42:13.834,-1.12,-37.56,0.00,100.79020274039217,OFF,RETRACTED,MANUAL
23:42:13.935,-0.62,-37.05,0.00,101.79501478053976,OFF,RETRACTED,MANUAL
23:42:14.034,-0.12,-36.54,0.00,102.80353193759885,OFF,RETRACTED,MANUAL
23:42:14.135,0.38,-36.00,0.00,103.81572899869226,OFF,RETRACTED,MANUAL
23:42:14.238,0.88,-35.46,0.00,104.83158065894767,OFF,RETRACTED,MANUAL
23:42:14.340,1.37,-34.90,0.00,105.85106152212506,OFF,RETRACTED,MANUAL
23:42:14.440,1.87,-34.32,0.00,106.87414610125737,OFF,RETRACTED,MANUAL
23:42:14.542,2.35,-33.73,0.00,107.90080881928267,OFF,RETRACTED,MANUAL
23:42:14.645,2.84,-33.13,0.00,108.93102400968579,OFF,RETRACTED,MANUAL
23:42:14.746,3.31,-32.51,0.00,109.96476591714205,OFF,RETRACTED,MANUAL
23:42:14.846,3.78,-31.88,0.00,111.00200869815615,OFF,RETRACTED,MANUAL
23:42:14.948,4.24,-31.24,0.00,112.0427264217141,OFF,RETRACTED,MANUAL
23:42:15.048,4.69,-30.59,0.00,113.08689306992619,OFF,RETRACTED,MANUAL
23:42:15.149,5.12,-29.92,0.00,114.13448253867992,OFF,RETRACTED,MANUAL
23:42:15.250,5.54,-29.24,0.00,115.1854686382946,OFF,RETRACTED,MANUAL
23:42:15.351,5.95,-28.55,0.00,116.23982509417101,OFF,RETRACTED,MANUAL
23:42:15.455,6.35,-27.85,0.00,117.29752554745414,OFF,RETRACTED,MANUAL
23:42:15.559,6.73,-27.14,0.00,118.35854355568702,OFF,RETRACTED,MANUAL
23:42:15.660,7.09,-26.42,0.00,119.42285259347389,OFF,RETRACTED,MANUAL
23:42:15.760,7.43,-25.68,0.00,120.49042605314582,OFF,RETRACTED,MANUAL
23:42:15.863,7.76,-24.94,0.00,121.56123724542039,OFF,RETRACTED,MANUAL
23:42:15.976,8.06,-24.19,0.00,122.63525940007509,OFF,RETRACTED,MANUAL
23:42:16.085,8.35,-23.42,0.00,123.71246566661118,OFF,RETRACTED,MANUAL
23:42:16.188,8.61,-22.65,0.00,124.79282911492737,OFF,RETRACTED,MANUAL
23:42:16.294,8.86,-21.87,0.00,125.87632273599526,OFF,RETRACTED,MANUAL
23:42:16.397,9.08,-21.08,0.00,126.96291944252923,OFF,RETRACTED,MANUAL
23:42:16.498,9.27,-20.28,0.00,128.0525920696697,OFF,RETRACTED,MANUAL
23:42:16.600,9.45,-19.47,0.00,129.14531337565705,OFF,RETRACTED,MANUAL
23:42:16.701,9.60,-18.65,0.00,130.24105604251469,OFF,RETRACTED,MANUAL
23:42:16.803,9.73,-17.83,0.00,131.33979267673462,OFF,RETRACTED,MANUAL
23:42:16.904,9.83,-17.00,0.00,132.44149580995665,OFF,RETRACTED,MANUAL
23:42:17.006,9.91,-16.16,0.00,133.54613789966137,OFF,RETRACTED,MANUAL
23:42:17.107,9.97,-15.32,0.00,134.6536913298533,OFF,RETRACTED,MANUAL
23:42:17.207,9.99,-14.47,0.00,135.76412841175357,OFF,RETRACTED,MANUAL
23:42:17.310,10.00,-13.62,0.00,136.87742138449457,OFF,RETRACTED,MANUAL
23:42:17.410,9.98,-12.76,0.00,137.99354241580838,OFF,RETRACTED,MANUAL
23:42:17.510,9.93,-11.89,0.00,139.1124636027289,OFF,RETRACTED,MANUAL
23:42:17.612,9.86,-11.02,0.00,140.23415697228398,OFF,RETRACTED,MANUAL
23:42:17.713,9.77,-10.15,0.00,141.35859448219702,OFF,RETRACTED,MANUAL
23:42:17.891,9.65,-9.27,0.00,142.48574802159038,OFF,RETRACTED,MANUAL
23:42:18.007,9.50,-8.38,0.00,143.61558941168266,OFF,RETRACTED,MANUAL
23:42:18.119,9.33,-7.50,0.00,144.74809040649967,OFF,RETRACTED,MANUAL
23:42:18.219,9.14,-6.61,0.00,145.88322269357462,OFF,RETRACTED,MANUAL
23:42:18.323,8.93,-5.72,0.00,147.0209578946587,OFF,RETRACTED,MANUAL
23:42:18.428,8.69,-4.82,0.00,148.16126756643268,OFF,RETRACTED,MANUAL
23:42:18.528,8.44,-3.93,0.00,149.30412320121266,OFF,RETRACTED,MANUAL
23:42:18.630,8.16,-3.03,0.00,150.44949622766882,OFF,RETRACTED,MANUAL
23:42:18.734,7.86,-2.13,0.00,151.59735801153437,OFF,RETRACTED,MANUAL
23:42:18.834,7.54,-1.23,0.00,152.74767985632369,OFF,RETRACTED,MANUAL
23:42:18.936,7.20,-0.33,0.00,153.90043300405222,OFF,RETRACTED,MANUAL
23:42:19.036,6.85,0.57,0.00,155.05558863594962,OFF,RETRACTED,MANUAL
23:42:19.138,6.47,1.47,0.00,156.21311787318692,OFF,RETRACTED,MANUAL
23:42:19.239,6.08,2.36,0.00,157.3729917775927,OFF,RETRACTED,MANUAL
23:42:19.340,5.68,3.26,0.00,158.53518135237886,OFF,RETRACTED,MANUAL
23:42:19.442,5.26,4.16,0.00,159.69965754286827,OFF,RETRACTED,MANUAL
23:42:19.554,4.83,5.06,0.00,160.86639123721514,OFF,RETRACTED,MANUAL
23:42:19.653,4.39,5.95,0.00,162.03535326713953,OFF,RETRACTED,MANUAL
23:42:19.777,3.93,6.84,0.00,163.20651440865075,OFF,RETRACTED,MANUAL
23:42:19.887,3.47,7.73,0.00,164.37984538278045,OFF,RETRACTED,MANUAL
23:42:19.988,2.99,8.61,0.00,165.555316856317,OFF,RETRACTED,MANUAL
23:42:20.088,2.51,9.49,0.00,166.7328994425332,OFF,RETRACTED,MANUAL
23:42:20.189,2.03,10.37,0.00,167.91256370192733,OFF,RETRACTED,MANUAL
23:42:20.290,1.53,11.25,0.00,169.09428014295352,OFF,RETRACTED,MANUAL
23:42:20.390,1.04,12.11,0.00,170.27801922276146,OFF,RETRACTED,MANUAL
23:42:20.491,0.54,12.98,0.00,171.4637513479375,OFF,RETRACTED,MANUAL
23:42:20.591,0.04,13.84,0.00,172.65144687523858,OFF,RETRACTED,MANUAL
23:42:20.692,-0.46,14.69,0.00,173.84107611234003,OFF,RETRACTED,MANUAL
23:42:20.792,-0.96,15.54,0.00,175.0326093185721,OFF,RETRACTED,MANUAL
23:42:20.894,-1.46,16.38,0.00,176.22601670566578,OFF,RETRACTED,MANUAL
23:42:20.996,-1.95,17.22,0.00,177.4212684385003,OFF,RETRACTED,MANUAL
23:42:21.097,-2.44,18.04,0.00,178.61833463584287,OFF,RETRACTED,MANUAL
23:42:21.199,-2.92,18.86,0.00,179.8171853711026,OFF,RETRACTED,MANUAL
23:42:21.300,-3.39,19.68,0.00,181.01779067307268,OFF,RETRACTED,MANUAL
23:42:21.400,-3.86,20.48,0.00,182.22012052668228,OFF,RETRACTED,MANUAL
23:42:21.500,-4.31,21.28,0.00,183.42414487374936,OFF,RETRACTED,MANUAL
23:42:21.601,-4.76,22.07,0.00,184.62983361372625,OFF,RETRACTED,MANUAL
23:42:21.701,-5.19,22.85,0.00,185.83715660445898,OFF,RETRACTED,MANUAL
23:42:21.803,-5.61,23.62,0.00,187.0460836629348,OFF,RETRACTED,MANUAL
23:42:21.903,-6.02,24.38,0.00,188.2565845660393,OFF,RETRACTED,MANUAL
23:42:22.004,-6.41,25.13,0.00,189.4686290513147,OFF,RETRACTED,MANUAL
23:42:22.106,-6.79,25.87,0.00,190.68218681771032,OFF,RETRACTED,MANUAL
23:42:22.206,-7.15,26.60,0.00,191.89722752634688,OFF,RETRACTED,MANUAL
23:42:22.306,-7.49,27.33,0.00,193.1137208012691,OFF,RETRACTED,MANUAL
23:42:22.406,-7.81,28.04,0.00,194.3316362302076,OFF,RETRACTED,MANUAL
23:42:22.508,-8.11,28.73,0.00,195.55094336534182,OFF,RETRACTED,MANUAL
23:42:22.607,-8.39,29.42,0.00,196.77161172405516,OFF,RETRACTED,MANUAL
23:42:22.708,-8.65,30.10,0.00,197.99361078970395,OFF,RETRACTED,MANUAL
23:42:22.809,-8.89,30.76,0.00,199.21691001237434,OFF,RETRACTED,MANUAL
23:42:22.911,-9.11,31.41,0.00,200.4414788096486,OFF,RETRACTED,MANUAL
23:42:23.010,-9.31,32.05,0.00,201.66728656737232,OFF,RETRACTED,MANUAL
23:42:23.112,-9.48,32.67,0.00,202.89430264041363,OFF,RETRACTED,MANUAL
23:42:23.212,-9.62,33.28,0.00,204.12249635343642,OFF,RETRACTED,MANUAL
23:42:23.312,-9.75,33.88,0.00,205.35183700166093,OFF,RETRACTED,MANUAL
23:42:23.414,-9.85,34.47,0.00,206.58229385163406,OFF,RETRACTED,MANUAL
23:42:23.515,-9.92,35.04,0.00,207.81383614200047,OFF,RETRACTED,MANUAL
23:42:23.615,-9.97,35.60,0.00,209.04643308426523,OFF,RETRACTED,MANUAL
23:42:23.716,-10.00,36.14,0.00,210.2800538635708,OFF,RETRACTED,MANUAL
23:42:23.816,-10.00,36.67,0.00,211.51466763946104,OFF,RETRACTED,MANUAL
23:42:23.917,-9.97,37.19,0.00,212.75024354665493,OFF,RETRACTED,MANUAL
23:42:24.018,-9.92,37.68,0.00,213.98675069582097,OFF,RETRACTED,MANUAL
23:42:24.119,-9.85,38.17,0.00,215.22415817434305,OFF,RETRACTED,MANUAL
23:42:24.219,-9.75,38.64,0.00,216.4624350471004,OFF,RETRACTED,MANUAL
23:42:24.320,-9.62,39.09,0.00,217.70155035723482,OFF,RETRACTED,MANUAL
23:42:24.420,-9.48,39.53,0.00,218.94147312692724,OFF,RETRACTED,MANUAL
23:42:24.521,-9.30,39.95,0.00,220.18217235817474,OFF,RETRACTED,MANUAL
23:42:24.621,-9.11,40.36,0.00,221.42361703355937,OFF,RETRACTED,MANUAL
23:42:24.722,-8.89,40.75,0.00,222.6657761170307,OFF,RETRACTED,MANUAL
23:42:24.823,-8.65,41.12,0.00,223.90861855467546,OFF,RETRACTED,MANUAL
23:42:24.923,-8.39,41.48,0.00,225.15211327549653,OFF,RETRACTED,MANUAL
23:42:25.024,-8.11,41.82,0.00,226.39622919219244,OFF,RETRACTED,MANUAL
23:42:25.125,-7.81,42.14,0.00,227.6409352019283,OFF,RETRACTED,MANUAL
23:42:25.226,-7.48,42.45,0.00,228.88620018712047,OFF,RETRACTED,MANUAL
23:42:25.327,-7.14,42.74,0.00,230.13199301620827,OFF,RETRACTED,MANUAL
23:42:25.427,-6.78,43.01,0.00,231.37828254443502,OFF,RETRACTED,MANUAL
23:42:25.528,-6.41,43.27,0.00,232.62503761462915,OFF,RETRACTED,MANUAL
23:42:25.629,-6.02,43.51,0.00,233.87222705797706,OFF,RETRACTED,MANUAL
23:42:25.729,-5.61,43.73,0.00,235.11981969480945,OFF,RETRACTED,MANUAL
23:42:25.830,-5.19,43.93,0.00,236.36778433537444,OFF,RETRACTED,MANUAL
23:42:25.932,-4.76,44.12,0.00,237.61608978062017,OFF,RETRACTED,MANUAL
23:42:26.032,-4.31,44.29,0.00,238.86470482297725,OFF,RETRACTED,MANUAL
23:42:26.132,-3.85,44.44,0.00,240.11359824713293,OFF,RETRACTED,MANUAL
23:42:26.232,-3.39,44.57,0.00,241.3627388308184,OFF,RETRACTED,MANUAL
23:42:26.334,-2.91,44.69,0.00,242.6120953455832,OFF,RETRACTED,MANUAL
23:42:26.434,-2.43,44.78,0.00,243.86163655757875,OFF,RETRACTED,MANUAL
23:42:26.534,-1.94,44.86,0.00,245.1113312283415,OFF,RETRACTED,MANUAL
23:42:26.635,-1.45,44.92,0.00,246.36114811556806,OFF,RETRACTED,MANUAL
23:42:26.735,-0.95,44.97,0.00,247.6110559739031,OFF,RETRACTED,MANUAL
23:42:26.837,-0.46,44.99,0.00,248.86102355571433,OFF,RETRACTED,MANUAL
23:42:26.936,0.04,45.00,0.00,250.1110196118765,OFF,RETRACTED,MANUAL
23:42:27.037,0.54,44.99,0.00,251.361012892555,OFF,RETRACTED,MANUAL
23:42:27.138,1.04,44.96,0.00,252.61097214798122,OFF,RETRACTED,MANUAL
23:42:27.238,1.54,44.91,0.00,253.8608661292406,OFF,RETRACTED,MANUAL
23:42:27.339,2.03,44.85,0.00,255.11066358904785,OFF,RETRACTED,MANUAL
23:42:27.441,2.52,44.77,0.00,256.36033328253063,OFF,RETRACTED,MANUAL
23:42:27.541,3.00,44.67,0.00,257.60984396801354,OFF,RETRACTED,MANUAL
23:42:27.642,3.47,44.55,0.00,258.8591644077927,OFF,RETRACTED,MANUAL
23:42:27.743,3.94,44.41,0.00,260.108263368924,OFF,RETRACTED,MANUAL
23:42:27.843,4.39,44.26,0.00,261.3571096239975,OFF,RETRACTED,MANUAL
23:42:27.945,4.83,44.09,0.00,262.605671951921,OFF,RETRACTED,MANUAL
23:42:28.044,5.26,43.90,0.00,263.8539191387032,OFF,RETRACTED,MANUAL
23:42:28.145,5.68,43.69,0.00,265.1018199782276,OFF,RETRACTED,MANUAL
23:42:28.245,6.09,43.47,0.00,266.34934327303995,OFF,RETRACTED,MANUAL
23:42:28.346,6.48,43.23,0.00,267.596457835122,OFF,RETRACTED,MANUAL
23:42:28.448,6.85,42.97,0.00,268.84313248667377,OFF,RETRACTED,MANUAL
23:42:28.547,7.20,42.69,0.00,270.0893360608957,OFF,RETRACTED,MANUAL
23:42:28.648,7.54,42.40,0.00,271.3350374027615,OFF,RETRACTED,MANUAL
23:42:28.749,7.86,42.09,0.00,272.58020536980433,OFF,RETRACTED,MANUAL
23:42:28.850,8.16,41.76,0.00,273.82480883288895,OFF,RETRACTED,MANUAL
23:42:28.951,8.44,41.42,0.00,275.06881667699275,OFF,RETRACTED,MANUAL
23:42:29.052,8.70,41.06,0.00,276.3121978019862,OFF,RETRACTED,MANUAL
23:42:29.153,8.93,40.68,0.00,277.55492112340414,OFF,RETRACTED,MANUAL
23:42:29.254,9.15,40.29,0.00,278.79695557323004,OFF,RETRACTED,MANUAL
23:42:29.354,9.34,39.88,0.00,280.0382701006664,OFF,RETRACTED,MANUAL
23:42:29.456,9.50,39.45,0.00,281.2788336729139,OFF,RETRACTED,MANUAL
23:42:29.557,9.65,39.01,0.00,282.5186152759495,OFF,RETRACTED,MANUAL
23:42:29.656,9.77,38.56,0.00,283.75758391529604,OFF,RETRACTED,MANUAL
23:42:29.758,9.86,38.08,0.00,284.99570861680377,OFF,RETRACTED,MANUAL
23:42:29.858,9.93,37.60,0.00,286.2329584274188,OFF,RETRACTED,MANUAL
23:42:29.958,9.98,37.09,0.00,287.46930241595936,OFF,RETRACTED,MANUAL
23:42:30.059,10.00,36.58,0.00,288.70470967389195,OFF,RETRACTED,MANUAL
23:42:30.160,9.99,36.05,0.00,289.93914931609766,OFF,RETRACTED,MANUAL
23:42:30.260,9.97,35.50,0.00,291.1725904816515,OFF,RETRACTED,MANUAL
23:42:30.363,9.91,34.94,0.00,292.4050023345878,OFF,RETRACTED,MANUAL
23:42:30.463,9.83,34.37,0.00,293.63635406467336,OFF,RETRACTED,MANUAL
23:42:30.563,9.73,33.78,0.00,294.8666148881809,OFF,RETRACTED,MANUAL
23:42:30.664,9.60,33.18,0.00,296.09575404865217,OFF,RETRACTED,MANUAL
23:42:30.765,9.45,32.56,0.00,297.3237408176739,OFF,RETRACTED,MANUAL
23:42:30.866,9.27,31.93,0.00,298.55054449564,OFF,RETRACTED,MANUAL
23:42:30.967,9.07,31.29,0.00,299.7761344125215,OFF,RETRACTED,MANUAL
23:42:31.067,8.85,30.64,0.00,301.0004799286361,OFF,RETRACTED,MANUAL
23:42:31.168,8.61,29.98,0.00,302.2235504354078,OFF,RETRACTED,MANUAL
23:42:31.269,8.34,29.30,0.00,303.44531535613953,OFF,RETRACTED,MANUAL
23:42:31.373,8.06,28.61,0.00,304.6657441467709,OFF,RETRACTED,MANUAL
23:42:31.472,7.75,27.91,0.00,305.88480629664497,OFF,RETRACTED,MANUAL
23:42:31.573,7.43,27.20,0.00,307.1024713292731,OFF,RETRACTED,MANUAL
23:42:31.674,7.08,26.48,0.00,308.3187088030912,OFF,RETRACTED,MANUAL
23:42:31.775,6.72,25.74,0.00,309.53348831222763,OFF,RETRACTED,MANUAL
23:42:31.875,6.34,25.00,0.00,310.74677948725684,OFF,RETRACTED,MANUAL
23:42:31.976,5.95,24.25,0.00,311.95855199596195,OFF,RETRACTED,MANUAL
23:42:32.076,5.54,23.48,0.00,313.168775544095,OFF,RETRACTED,MANUAL
23:42:32.185,5.12,22.71,0.00,314.37741987612867,OFF,RETRACTED,MANUAL
23:42:32.287,4.68,21.93,0.00,315.58445477601924,OFF,RETRACTED,MANUAL
23:42:32.387,4.23,21.14,0.00,316.7898500679563,OFF,RETRACTED,MANUAL
23:42:32.520,3.78,20.34,0.00,317.9935756171194,OFF,RETRACTED,MANUAL
23:42:32.627,3.31,19.53,0.00,319.1956013304343,OFF,RETRACTED,MANUAL
23:42:32.729,2.83,18.72,0.00,320.3958971573189,OFF,RETRACTED,MANUAL
23:42:32.831,2.35,17.90,0.00,321.594433090442,OFF,RETRACTED,MANUAL
23:42:32.934,1.86,17.07,0.00,322.7911791664667,OFF,RETRACTED,MANUAL
23:42:33.035,1.37,16.23,0.00,323.98610546680254,OFF,RETRACTED,MANUAL
23:42:33.134,0.87,15.39,0.00,325.17918211835604,OFF,RETRACTED,MANUAL
23:42:33.236,0.37,14.54,0.00,326.3703792942713,OFF,RETRACTED,MANUAL
23:42:33.338,-0.13,13.69,0.00,327.55966721468263,OFF,RETRACTED,MANUAL
23:42:33.438,-0.63,12.83,0.00,328.7470161474532,OFF,RETRACTED,MANUAL
23:42:33.542,-1.13,11.96,0.00,329.9323964089206,OFF,RETRACTED,MANUAL
23:42:33.642,-1.62,11.09,0.00,331.1157783646418,OFF,RETRACTED,MANUAL
23:42:33.745,-2.11,10.22,0.00,332.2971324301278,OFF,RETRACTED,MANUAL
23:42:33.849,-2.60,9.34,0.00,333.47642907159025,OFF,RETRACTED,MANUAL
23:42:33.962,-3.08,8.46,0.00,334.65363880667354,OFF,RETRACTED,MANUAL
23:42:34.088,-3.55,7.57,0.00,335.8287322051949,OFF,RETRACTED,MANUAL
23:42:34.205,-4.01,6.68,0.00,337.0016798898822,OFF,RETRACTED,MANUAL
23:42:34.312,-4.46,5.79,0.00,338.1724525371036,OFF,RETRACTED,MANUAL
23:42:34.428,-4.91,4.90,0.00,339.3410208776031,OFF,RETRACTED,MANUAL
23:42:34.537,-5.34,4.00,0.00,340.5073556972346,OFF,RETRACTED,MANUAL
23:42:34.658,-5.75,3.10,0.00,341.6714278376868,OFF,RETRACTED,MANUAL
23:42:34.760,-6.15,2.21,0.00,342.83320819721837,OFF,RETRACTED,MANUAL
23:42:34.863,-6.54,1.31,0.00,343.9926677313801,OFF,RETRACTED,MANUAL
23:42:34.964,-6.91,0.41,0.00,345.1497774537432,OFF,RETRACTED,MANUAL
23:42:35.065,-7.26,-0.49,0.00,346.30450843662646,OFF,RETRACTED,MANUAL
23:42:35.174,-7.60,-1.39,0.00,347.45683181181386,OFF,RETRACTED,MANUAL
23:42:35.276,-7.91,-2.29,0.00,348.6067187712826,OFF,RETRACTED,MANUAL
23:42:35.381,-8.21,-3.19,0.00,349.7541405679179,OFF,RETRACTED,MANUAL
23:42:35.482,-8.48,-4.09,0.00,350.8990685162337,OFF,RETRACTED,MANUAL
23:42:35.585,-8.74,-4.98,0.00,352.0414739930925,OFF,RETRACTED,MANUAL
23:42:35.685,-8.97,-5.88,0.00,353.18132843841533,OFF,RETRACTED,MANUAL
23:42:35.787,-9.18,-6.77,0.00,354.31860335590204,OFF,RETRACTED,MANUAL
23:42:35.888,-9.37,-7.66,0.00,355.45327031373813,OFF,RETRACTED,MANUAL
23:42:36.027,-9.53,-8.54,0.00,356.5853009453079,OFF,RETRACTED,MANUAL
23:42:36.169,-9.67,-9.42,0.00,357.71466694990613,OFF,RETRACTED,MANUAL
23:42:36.275,-9.78,-10.30,0.00,358.84134009343995,OFF,RETRACTED,MANUAL
23:42:36.424,-9.88,-11.18,0.00,359.9652922091411,OFF,RETRACTED,MANUAL
23:42:36.527,-9.94,-12.05,0.00,361.08649519826434,OFF,RETRACTED,MANUAL
23:42:36.633,-9.98,-12.91,0.00,362.2049210307926,OFF,RETRACTED,MANUAL
23:42:36.735,-10.00,-13.77,0.00,363.32054174613984,OFF,RETRACTED,MANUAL
23:42:36.837,-9.99,-14.62,0.00,364.4333294538448,OFF,RETRACTED,MANUAL
23:42:36.938,-9.96,-15.47,0.00,365.54325633427425,OFF,RETRACTED,MANUAL
23:42:37.038,-9.90,-16.31,0.00,366.6502946393132,OFF,RETRACTED,MANUAL
23:42:37.138,-9.82,-17.15,0.00,367.7544166930609,OFF,RETRACTED,MANUAL
23:42:37.242,-9.71,-17.98,0.00,368.85559489252506,OFF,RETRACTED,MANUAL
23:42:37.342,-9.58,-18.80,0.00,369.95380170830657,OFF,RETRACTED,MANUAL
23:42:37.442,-9.42,-19.61,0.00,371.04900968529375,OFF,RETRACTED,MANUAL
23:42:37.542,-9.24,-20.42,0.00,372.14119144334336,OFF,RETRACTED,MANUAL
23:42:37.645,-9.04,-21.22,0.00,373.2303196779677,OFF,RETRACTED,MANUAL
23:42:37.746,-8.81,-22.01,0.00,374.31636716101906,OFF,RETRACTED,MANUAL
23:42:37.846,-8.57,-22.79,0.00,375.3993067413654,OFF,RETRACTED,MANUAL
23:42:37.948,-8.30,-23.56,0.00,376.47911134557523,OFF,RETRACTED,MANUAL
23:42:38.048,-8.01,-24.32,0.00,377.5557539785889,OFF,RETRACTED,MANUAL
23:42:38.149,-7.70,-25.07,0.00,378.62920772439577,OFF,RETRACTED,MANUAL
23:42:38.249,-7.37,-25.82,0.00,379.6994457467098,OFF,RETRACTED,MANUAL
23:42:38.351,-7.02,-26.55,0.00,380.76644128963454,OFF,RETRACTED,MANUAL
23:42:38.452,-6.66,-27.27,0.00,381.8301676783385,OFF,RETRACTED,MANUAL
23:42:38.552,-6.28,-27.98,0.00,382.8905983197168,OFF,RETRACTED,MANUAL
23:42:38.652,-5.88,-28.68,0.00,383.9477067030576,OFF,RETRACTED,MANUAL
23:42:38.753,-5.47,-29.37,0.00,385.00146640070807,OFF,RETRACTED,MANUAL
23:42:38.856,-5.04,-30.04,0.00,386.05185106872904,OFF,RETRACTED,MANUAL
23:42:38.955,-4.61,-30.71,0.00,387.0988344475601,OFF,RETRACTED,MANUAL
23:42:39.056,-4.16,-31.36,0.00,388.1423903626705,OFF,RETRACTED,MANUAL
23:42:39.157,-3.70,-32.00,0.00,389.182492725216,OFF,RETRACTED,MANUAL
23:42:39.257,-3.23,-32.62,0.00,390.2191155326932,OFF,RETRACTED,MANUAL
23:42:39.359,-2.75,-33.24,0.00,391.2522328695844,OFF,RETRACTED,MANUAL
23:42:39.459,-2.27,-33.84,0.00,392.2818189080115,OFF,RETRACTED,MANUAL
23:42:39.559,-1.78,-34.42,0.00,393.3078479083764,OFF,RETRACTED,MANUAL
23:42:39.660,-1.28,-35.00,0.00,394.3302942200068,OFF,RETRACTED,MANUAL
23:42:39.799,-0.79,-35.55,0.00,395.3491322817996,OFF,RETRACTED,MANUAL
23:42:39.861,-0.29,-36.10,0.00,396.3643366228549,OFF,RETRACTED,MANUAL
23:42:39.967,0.21,-36.63,0.00,397.3758818631186,OFF,RETRACTED,MANUAL
23:42:40.066,0.71,-37.14,0.00,398.3837427140114,OFF,RETRACTED,MANUAL
23:42:40.170,1.21,-37.65,0.00,399.38789397906396,OFF,RETRACTED,MANUAL
23:42:40.269,1.70,-38.13,0.00,400.3883105545484,OFF,RETRACTED,MANUAL
23:42:40.371,2.19,-38.60,0.00,401.384967430101,OFF,RETRACTED,MANUAL
23:42:40.471,2.68,-39.06,0.00,402.37783968935315,OFF,RETRACTED,MANUAL
23:42:40.571,3.16,-39.50,0.00,403.3669025105494,OFF,RETRACTED,MANUAL
23:42:40.671,3.63,-39.92,0.00,404.35213116717006,OFF,RETRACTED,MANUAL
23:42:40.772,4.09,-40.33,0.00,405.3335010285514,OFF,RETRACTED,MANUAL
23:42:40.872,4.54,-40.72,0.00,406.3109875604966,OFF,RETRACTED,MANUAL
23:42:40.973,4.98,-41.09,0.00,407.2845663258947,OFF,RETRACTED,MANUAL
23:42:41.076,5.41,-41.45,0.00,408.2542129853265,OFF,RETRACTED,MANUAL
23:42:41.175,5.82,-41.79,0.00,409.2199032976754,OFF,RETRACTED,MANUAL
23:42:41.279,6.22,-42.12,0.00,410.18161312073516,OFF,RETRACTED,MANUAL
23:42:41.385,6.60,-42.43,0.00,411.1393184118091,OFF,RETRACTED,MANUAL
23:42:41.487,6.97,-42.72,0.00,412.0929952283161,OFF,RETRACTED,MANUAL
23:42:41.589,7.32,-42.99,0.00,413.0426197283847,OFF,RETRACTED,MANUAL
23:42:41.691,7.65,-43.25,0.00,413.98816817145115,OFF,RETRACTED,MANUAL
23:42:41.791,7.96,-43.49,0.00,414.9296169188551,OFF,RETRACTED,MANUAL
23:42:41.894,8.26,-43.71,0.00,415.8669424344255,OFF,RETRACTED,MANUAL
23:42:41.993,8.53,-43.92,0.00,416.8001212850745,OFF,RETRACTED,MANUAL
23:42:42.097,8.78,-44.10,0.00,417.72913014137896,OFF,RETRACTED,MANUAL
23:42:42.209,9.01,-44.27,0.00,418.65394577816505,OFF,RETRACTED,MANUAL
23:42:42.319,9.21,-44.43,0.00,419.57454507509146,OFF,RETRACTED,MANUAL
23:42:42.421,9.40,-44.56,0.00,420.4909050172223,OFF,RETRACTED,MANUAL
23:42:42.534,9.55,-44.68,0.00,421.40300269560805,OFF,RETRACTED,MANUAL
23:42:42.634,9.69,-44.78,0.00,422.31081530785366,OFF,RETRACTED,MANUAL
23:42:42.756,9.80,-44.86,0.00,423.2143201586905,OFF,RETRACTED,MANUAL
23:42:42.870,9.89,-44.92,0.00,424.1134946605455,OFF,RETRACTED,MANUAL
23:42:42.978,9.95,-44.96,0.00,425.0083163341018,OFF,RETRACTED,MANUAL
23:42:43.091,9.99,-44.99,0.00,425.8987628088654,OFF,RETRACTED,MANUAL
23:42:43.192,10.00,-45.00,0.00,426.78481182372013,OFF,RETRACTED,MANUAL
23:42:43.291,9.99,-44.99,0.00,427.6664412274862,OFF,RETRACTED,MANUAL
23:42:43.395,9.95,-44.96,0.00,428.5436289794756,OFF,RETRACTED,MANUAL
23:42:43.497,9.89,-44.92,0.00,429.4163531500391,OFF,RETRACTED,MANUAL
23:42:43.597,9.80,-44.86,0.00,430.28459192111904,OFF,RETRACTED,MANUAL
23:42:43.698,9.69,-44.77,0.00,431.14832358679075,OFF,RETRACTED,MANUAL
23:42:43.804,9.55,-44.68,0.00,432.007526553807,OFF,RETRACTED,MANUAL
23:42:43.906,9.39,-44.56,0.00,432.8621793421395,OFF,RETRACTED,MANUAL
23:42:44.018,9.21,-44.42,0.00,433.71226058551196,OFF,RETRACTED,MANUAL
23:42:44.123,9.00,-44.27,0.00,434.5577490319387,OFF,RETRACTED,MANUAL
23:42:44.277,8.77,-44.10,0.00,435.398623544252,OFF,RETRACTED,MANUAL
23:42:44.385,8.52,-43.91,0.00,436.2348631006323,OFF,RETRACTED,MANUAL
23:42:44.490,8.25,-43.71,0.00,437.06644679513545,OFF,RETRACTED,MANUAL
23:42:44.607,7.96,-43.49,0.00,437.89335383821106,OFF,RETRACTED,MANUAL
23:42:44.732,7.65,-43.25,0.00,438.7155635572275,OFF,RETRACTED,MANUAL
23:42:44.832,7.31,-42.99,0.00,439.53305539698385,OFF,RETRACTED,MANUAL
23:42:44.935,6.96,-42.71,0.00,440.3458089202262,OFF,RETRACTED,MANUAL
23:42:45.077,6.60,-42.42,0.00,441.15380380816003,OFF,RETRACTED,MANUAL
23:42:45.183,6.21,-42.11,0.00,441.9570198609539,OFF,RETRACTED,MANUAL
23:42:45.381,5.81,-41.79,0.00,442.7554369982497,OFF,RETRACTED,MANUAL
23:42:45.496,5.40,-41.44,0.00,443.5490352596598,OFF,RETRACTED,MANUAL
23:42:45.597,4.97,-41.09,0.00,444.33779480526846,OFF,RETRACTED,MANUAL
23:42:45.700,4.53,-40.71,0.00,445.1216959161294,OFF,RETRACTED,MANUAL
23:42:45.802,4.08,-40.32,0.00,445.90071899475436,OFF,RETRACTED,MANUAL
23:42:45.902,3.62,-39.91,0.00,446.6748445656082,OFF,RETRACTED,MANUAL
23:42:46.005,3.15,-39.49,0.00,447.4440532755914,OFF,RETRACTED,MANUAL
23:42:46.104,2.67,-39.05,0.00,448.2083258945257,OFF,RETRACTED,MANUAL
23:42:46.230,2.19,-38.59,0.00,448.96764331563645,OFF,RETRACTED,MANUAL
23:42:46.330,1.70,-38.12,0.00,449.7219865560267,OFF,RETRACTED,MANUAL
23:42:46.433,1.20,-37.64,0.00,450.47133675715577,OFF,RETRACTED,MANUAL
23:42:46.533,0.70,-37.14,0.00,451.2156751853071,OFF,RETRACTED,MANUAL
23:42:46.634,0.20,-36.62,0.00,451.9549832320582,OFF,RETRACTED,MANUAL
23:42:46.737,-0.30,-36.09,0.00,452.6892424147476,OFF,RETRACTED,MANUAL
23:42:46.850,-0.80,-35.54,0.00,453.4184343769328,OFF,RETRACTED,MANUAL
23:42:46.967,-1.29,-34.99,0.00,454.1425408888538,OFF,RETRACTED,MANUAL
23:42:47.078,-1.79,-34.41,0.00,454.86154384788495,OFF,RETRACTED,MANUAL
23:42:47.180,-2.28,-33.83,0.00,455.5754252789892,OFF,RETRACTED,MANUAL
23:42:47.282,-2.76,-33.23,0.00,456.2841673351692,OFF,RETRACTED,MANUAL
23:42:47.382,-3.24,-32.61,0.00,456.9877522979091,OFF,RETRACTED,MANUAL
23:42:47.483,-3.71,-31.99,0.00,457.68616257762267,OFF,RETRACTED,MANUAL
23:42:47.585,-4.17,-31.35,0.00,458.3793807140888,OFF,RETRACTED,MANUAL
23:42:47.686,-4.61,-30.69,0.00,459.06738937688976,OFF,RETRACTED,MANUAL
23:42:47.787,-5.05,-30.03,0.00,459.75017136584563,OFF,RETRACTED,MANUAL
23:42:47.890,-5.48,-29.35,0.00,460.42770961144134,OFF,RETRACTED,MANUAL
23:42:47.996,-5.89,-28.67,0.00,461.099987175257,OFF,RETRACTED,MANUAL
23:42:48.096,-6.29,-27.97,0.00,461.76698725038807,OFF,RETRACTED,MANUAL
23:42:48.197,-6.67,-27.26,0.00,462.42869316186693,OFF,RETRACTED,MANUAL
23:42:48.298,-7.03,-26.53,0.00,463.0850883670812,OFF,RETRACTED,MANUAL
23:42:48.399,-7.38,-25.80,0.00,463.736156456184,OFF,RETRACTED,MANUAL
23:42:48.500,-7.71,-25.06,0.00,464.38188115250796,OFF,RETRACTED,MANUAL
23:42:48.602,-8.01,-24.31,0.00,465.0222463129688,OFF,RETRACTED,MANUAL
23:42:48.701,-8.30,-23.54,0.00,465.6572359284704,OFF,RETRACTED,MANUAL
23:42:48.803,-8.57,-22.77,0.00,466.2868341243063,OFF,RETRACTED,MANUAL
23:42:48.904,-8.82,-21.99,0.00,466.9110251605537,OFF,RETRACTED,MANUAL
23:42:49.009,-9.04,-21.20,0.00,467.52979343246994,OFF,RETRACTED,MANUAL
23:42:49.109,-9.24,-20.40,0.00,468.14312347088,OFF,RETRACTED,MANUAL
23:42:49.212,-9.42,-19.60,0.00,468.75099994256453,OFF,RETRACTED,MANUAL
23:42:49.315,-9.58,-18.78,0.00,469.35340765064416,OFF,RETRACTED,MANUAL
23:42:49.420,-9.71,-17.96,0.00,469.9503315349567,OFF,RETRACTED,MANUAL
23:42:49.530,-9.82,-17.13,0.00,470.54175667243703,OFF,RETRACTED,MANUAL
23:42:49.631,-9.90,-16.30,0.00,471.12766827748715,OFF,RETRACTED,MANUAL
23:42:49.733,-9.96,-15.46,0.00,471.7080517023469,OFF,RETRACTED,MANUAL
23:42:49.836,-9.99,-14.61,0.00,472.2828924374619,OFF,RETRACTED,MANUAL
23:42:50.026,-10.00,-13.75,0.00,472.8521761118426,OFF,RETRACTED,MANUAL
23:42:50.154,-9.98,-12.89,0.00,473.41588849342793,OFF,RETRACTED,MANUAL
23:42:50.280,-9.94,-12.03,0.00,473.9740154894371,OFF,RETRACTED,MANUAL
23:42:50.381,-9.87,-11.16,0.00,474.52654314672395,OFF,RETRACTED,MANUAL
23:42:50.481,-9.78,-10.29,0.00,475.0734576521266,OFF,RETRACTED,MANUAL
23:42:50.583,-9.67,-9.41,0.00,475.6147453328101,OFF,RETRACTED,MANUAL
23:42:50.683,-9.53,-8.53,0.00,476.1503926566114,OFF,RETRACTED,MANUAL
23:42:50.784,-9.36,-7.64,0.00,476.680386232375,OFF,RETRACTED,MANUAL
23:42:50.885,-9.18,-6.75,0.00,477.20471281028864,OFF,RETRACTED,MANUAL
23:42:50.986,-8.97,-5.86,0.00,477.72335928221594,OFF,RETRACTED,MANUAL
23:42:51.086,-8.73,-4.97,0.00,478.23631268202143,OFF,RETRACTED,MANUAL
23:42:51.186,-8.48,-4.07,0.00,478.74356018589754,OFF,RETRACTED,MANUAL
23:42:51.287,-8.20,-3.17,0.00,479.24508911268265,OFF,RETRACTED,MANUAL
23:42:51.388,-7.91,-2.28,0.00,479.7408869241795,OFF,RETRACTED,MANUAL
23:42:51.490,-7.59,-1.38,0.00,480.2309412254692,OFF,RETRACTED,MANUAL
23:42:51.589,-7.26,-0.48,0.00,480.71523976521917,OFF,RETRACTED,MANUAL
23:42:51.714,-6.90,0.42,0.00,481.1937704359917,OFF,RETRACTED,MANUAL
23:42:51.819,-6.53,1.32,0.00,481.6665212745447,OFF,RETRACTED,MANUAL
23:42:51.922,-6.15,2.22,0.00,482.1334804621314,OFF,RETRACTED,MANUAL
23:42:52.022,-5.74,3.12,0.00,482.5946363247972,OFF,RETRACTED,MANUAL
23:42:52.150,-5.33,4.02,0.00,483.04997733366883,OFF,RETRACTED,MANUAL
23:42:52.262,-4.90,4.91,0.00,483.4994921052454,OFF,RETRACTED,MANUAL
23:42:52.363,-4.46,5.81,0.00,483.94316940168085,OFF,RETRACTED,MANUAL
23:42:52.463,-4.00,6.70,0.00,484.3809981310654,OFF,RETRACTED,MANUAL
23:42:52.566,-3.54,7.59,0.00,484.81296734770433,OFF,RETRACTED,MANUAL
23:42:52.666,-3.07,8.47,0.00,485.2390662523891,OFF,RETRACTED,MANUAL
23:42:52.772,-2.59,9.35,0.00,485.6592841926699,OFF,RETRACTED,MANUAL
23:42:52.872,-2.10,10.23,0.00,486.0736106631198,OFF,RETRACTED,MANUAL
23:42:52.973,-1.61,11.11,0.00,486.48203530559823,OFF,RETRACTED,MANUAL
23:42:53.075,-1.12,11.98,0.00,486.88454790951107,OFF,RETRACTED,MANUAL
23:42:53.175,-0.62,12.84,0.00,487.2811384120637,OFF,RETRACTED,MANUAL
23:42:53.276,-0.12,13.70,0.00,487.6717968985147,OFF,RETRACTED,MANUAL
23:42:53.379,0.38,14.56,0.00,488.0565136024219,OFF,RETRACTED,MANUAL
23:42:53.479,0.88,15.40,0.00,488.43527890588757,OFF,RETRACTED,MANUAL
23:42:53.580,1.38,16.25,0.00,488.8080833397993,OFF,RETRACTED,MANUAL
23:42:53.681,1.87,17.08,0.00,489.1749175840652,OFF,RETRACTED,MANUAL
23:42:53.782,2.36,17.91,0.00,489.5357724678488,OFF,RETRACTED,MANUAL
23:42:53.884,2.84,18.73,0.00,489.89063896979644,OFF,RETRACTED,MANUAL
23:42:53.986,3.32,19.55,0.00,490.23950821826395,OFF,RETRACTED,MANUAL
23:42:54.091,3.78,20.36,0.00,490.58237149153865,OFF,RETRACTED,MANUAL
23:42:54.192,4.24,21.15,0.00,490.91922021805624,OFF,RETRACTED,MANUAL
23:42:54.292,4.69,21.94,0.00,491.25004597661643,OFF,RETRACTED,MANUAL
23:42:54.393,5.12,22.73,0.00,491.5748404965923,OFF,RETRACTED,MANUAL
23:42:54.496,5.55,23.50,0.00,491.8935956581375,OFF,RETRACTED,MANUAL
23:42:54.596,5.96,24.26,0.00,492.2063034923901,OFF,RETRACTED,MANUAL
23:42:54.697,6.35,25.01,0.00,492.51295618167,OFF,RETRACTED,MANUAL
23:42:54.801,6.73,25.76,0.00,492.8135460596766,OFF,RETRACTED,MANUAL
23:42:54.901,7.09,26.49,0.00,493.1080656116781,OFF,RETRACTED,MANUAL
23:42:55.003,7.43,27.21,0.00,493.396507474701,OFF,RETRACTED,MANUAL
23:42:55.103,7.76,27.92,0.00,493.6788644377142,OFF,RETRACTED,MANUAL
23:42:55.205,8.06,28.62,0.00,493.9551294418078,OFF,RETRACTED,MANUAL
23:42:55.307,8.35,29.31,0.00,494.2252955803715,OFF,RETRACTED,MANUAL
23:42:55.407,8.61,29.99,0.00,494.48935609926576,OFF,RETRACTED,MANUAL
23:42:55.509,8.86,30.65,0.00,494.7473043969911,OFF,RETRACTED,MANUAL
23:42:55.609,9.08,31.31,0.00,494.9991340248541,OFF,RETRACTED,MANUAL
23:42:55.710,9.28,31.95,0.00,495.2448386871265,OFF,RETRACTED,MANUAL
23:42:55.815,9.45,32.57,0.00,495.4844122412052,OFF,RETRACTED,MANUAL
23:42:55.915,9.60,33.19,0.00,495.7178486977634,OFF,RETRACTED,MANUAL
23:42:56.016,9.73,33.79,0.00,495.94514222090174,OFF,RETRACTED,MANUAL
23:42:56.116,9.83,34.38,0.00,496.16628712829447,OFF,RETRACTED,MANUAL
23:42:56.220,9.91,34.95,0.00,496.3812778913299,OFF,RETRACTED,MANUAL
23:42:56.320,9.97,35.51,0.00,496.5901091352506,OFF,RETRACTED,MANUAL
23:42:56.422,9.99,36.06,0.00,496.79277563928605,OFF,RETRACTED,MANUAL
23:42:56.523,10.00,36.59,0.00,496.9892723367842,OFF,RETRACTED,MANUAL
23:42:56.623,9.98,37.10,0.00,497.17959431533814,OFF,RETRACTED,MANUAL
23:42:56.724,9.93,37.61,0.00,497.36373681690793,OFF,RETRACTED,MANUAL
23:42:56.825,9.86,38.09,0.00,497.5416952379409,OFF,RETRACTED,MANUAL
23:42:56.926,9.76,38.56,0.00,497.71346512948577,OFF,RETRACTED,MANUAL
23:42:57.043,9.64,39.02,0.00,497.879042197304,OFF,RETRACTED,MANUAL
23:42:57.158,9.50,39.46,0.00,498.0384223019778,OFF,RETRACTED,MANUAL
23:42:57.266,9.33,39.89,0.00,498.19160145901253,OFF,RETRACTED,MANUAL
23:42:57.367,9.14,40.29,0.00,498.3385758389376,OFF,RETRACTED,MANUAL
23:42:57.469,8.93,40.69,0.00,498.47934176740085,OFF,RETRACTED,MANUAL
23:42:57.569,8.69,41.06,0.00,498.6138957252615,OFF,RETRACTED,MANUAL
23:42:57.670,8.43,41.42,0.00,498.7422343486778,OFF,RETRACTED,MANUAL
23:42:57.771,8.15,41.77,0.00,498.8643544291905,OFF,RETRACTED,MANUAL
23:42:57.873,7.86,42.09,0.00,498.9802529138043,OFF,RETRACTED,MANUAL
23:42:57.984,7.54,42.40,0.00,499.08992690506295,OFF,RETRACTED,MANUAL
23:42:58.090,7.20,42.70,0.00,499.19337366112234,OFF,RETRACTED,MANUAL
23:42:58.191,6.84,42.97,0.00,499.290590595819,OFF,RETRACTED,MANUAL
23:42:58.333,6.47,43.23,0.00,499.38157527873466,OFF,RETRACTED,MANUAL
23:42:58.441,6.08,43.47,0.00,499.466325435257,OFF,RETRACTED,MANUAL
23:42:58.542,5.68,43.70,0.00,499.54483894663645,OFF,RETRACTED,MANUAL
23:42:58.642,5.26,43.90,0.00,499.61711385003935,OFF,RETRACTED,MANUAL
23:42:58.743,4.83,44.09,0.00,499.6831483385969,OFF,RETRACTED,MANUAL
23:42:58.845,4.38,44.26,0.00,499.7429407614502,OFF,RETRACTED,MANUAL
23:42:58.947,3.93,44.42,0.00,499.796489623792,OFF,RETRACTED,MANUAL
23:42:59.049,3.46,44.55,0.00,499.8437935869034,OFF,RETRACTED,MANUAL
23:42:59.157,2.99,44.67,0.00,499.8848514681878,OFF,RETRACTED,MANUAL
23:42:59.257,2.51,44.77,0.00,499.91966224120034,OFF,RETRACTED,MANUAL
23:42:59.363,2.02,44.85,0.00,499.9482250356735,OFF,RETRACTED,MANUAL
23:42:59.465,1.53,44.92,0.00,499.9705391375388,OFF,RETRACTED,MANUAL
23:42:59.566,1.03,44.96,0.00,499.98660398894503,OFF,RETRACTED,MANUAL
23:42:59.670,0.53,44.99,0.00,499.9964191882717,OFF,RETRACTED,MANUAL
23:42:59.771,0.04,45.00,0.00,499.9999844901392,OFF,RETRACTED,MANUAL
23:42:59.872,-0.46,44.99,0.00,499.9972998054153,OFF,RETRACTED,MANUAL
23:42:59.974,-0.96,44.97,0.00,499.98836520121694,OFF,RETRACTED,MANUAL
23:43:00.075,-1.46,44.92,0.00,499.97318090090874,OFF,RETRACTED,MANUAL
23:43:00.176,-1.95,44.86,0.00,499.9517472840975,OFF,RETRACTED,MANUAL
23:43:00.280,-2.44,44.78,0.00,499.92406488662243,OFF,RETRACTED,MANUAL
23:43:00.381,-2.92,44.68,0.00,499.890134400542,OFF,RETRACTED,MANUAL
23:43:00.483,-3.40,44.57,0.00,499.84995667411675,OFF,RETRACTED,MANUAL
23:43:00.583,-3.86,44.44,0.00,499.8035327117876,OFF,RETRACTED,MANUAL
23:43:00.684,-4.32,44.28,0.00,499.7508636741513,OFF,RETRACTED,MANUAL
23:43:00.791,-4.76,44.12,0.00,499.69195087793094,OFF,RETRACTED,MANUAL
23:43:00.894,-5.20,43.93,0.00,499.6267957959434,OFF,RETRACTED,MANUAL
23:43:00.999,-5.62,43.73,0.00,499.55540005706234,OFF,RETRACTED,MANUAL
23:43:01.104,-6.02,43.50,0.00,499.4777654461775,OFF,RETRACTED,MANUAL
23:43:01.220,-6.42,43.26,0.00,499.3938939041502,OFF,RETRACTED,MANUAL
23:43:01.322,-6.79,43.01,0.00,499.3037875277645,OFF,RETRACTED,MANUAL
23:43:01.424,-7.15,42.74,0.00,499.2074485696752,OFF,RETRACTED,MANUAL
23:43:01.525,-7.49,42.45,0.00,499.1048794383512,OFF,RETRACTED,MANUAL
23:43:01.626,-7.81,42.14,0.00,498.99608269801536,OFF,RETRACTED,MANUAL
23:43:01.727,-8.11,41.81,0.00,498.8810610685807,OFF,RETRACTED,MANUAL
23:43:01.828,-8.40,41.47,0.00,498.7598174255818,OFF,RETRACTED,MANUAL
23:43:01.928,-8.66,41.11,0.00,498.63235480010354,OFF,RETRACTED,MANUAL
23:43:02.029,-8.90,40.74,0.00,498.4986763787048,OFF,RETRACTED,MANUAL
23:43:02.131,-9.11,40.35,0.00,498.35878550333916,OFF,RETRACTED,MANUAL
23:43:02.231,-9.31,39.94,0.00,498.21268567127146,OFF,RETRACTED,MANUAL
23:43:02.333,-9.48,39.52,0.00,498.0603805349896,OFF,RETRACTED,MANUAL
23:43:02.433,-9.63,39.08,0.00,497.90187390211423,OFF,RETRACTED,MANUAL
23:43:02.533,-9.75,38.63,0.00,497.7371697353027,OFF,RETRACTED,MANUAL
23:43:02.635,-9.85,38.16,0.00,497.5662721521509,OFF,RETRACTED,MANUAL
23:43:02.735,-9.92,37.68,0.00,497.3891854250893,OFF,RETRACTED,MANUAL
23:43:02.836,-9.97,37.18,0.00,497.2059139812769,OFF,RETRACTED,MANUAL
23:43:02.936,-10.00,36.66,0.00,497.01646240249033,OFF,RETRACTED,MANUAL
23:43:03.037,-10.00,36.13,0.00,496.8208354250091,OFF,RETRACTED,MANUAL
23:43:03.138,-9.97,35.59,0.00,496.6190379394974,OFF,RETRACTED,MANUAL
23:43:03.239,-9.92,35.03,0.00,496.41107499088207,OFF,RETRACTED,MANUAL
23:43:03.341,-9.85,34.46,0.00,496.19695177822575,OFF,RETRACTED,MANUAL
23:43:03.451,-9.75,33.87,0.00,495.97667365459785,OFF,RETRACTED,MANUAL
23:43:03.555,-9.62,33.27,0.00,495.7502461269397,OFF,RETRACTED,MANUAL
23:43:03.656,-9.47,32.66,0.00,495.5176748559279,OFF,RETRACTED,MANUAL
23:43:03.759,-9.30,32.04,0.00,495.27896565583217,OFF,RETRACTED,MANUAL
23:43:03.874,-9.11,31.40,0.00,495.03412449436985,OFF,RETRACTED,MANUAL
23:43:03.973,-8.89,30.75,0.00,494.7831574925575,OFF,RETRACTED,MANUAL
23:43:04.074,-8.65,30.08,0.00,494.52607092455673,OFF,RETRACTED,MANUAL
23:43:04.177,-8.39,29.41,0.00,494.26287121751864,OFF,RETRACTED,MANUAL
23:43:04.277,-8.11,28.72,0.00,493.9935649514223,OFF,RETRACTED,MANUAL
23:43:04.379,-7.80,28.02,0.00,493.71815885890993,OFF,RETRACTED,MANUAL
23:43:04.491,-7.48,27.31,0.00,493.43665982511993,OFF,RETRACTED,MANUAL
23:43:04.595,-7.14,26.59,0.00,493.1490748875131,OFF,RETRACTED,MANUAL
23:43:04.696,-6.78,25.86,0.00,492.85541123569806,OFF,RETRACTED,MANUAL
23:43:04.800,-6.40,25.12,0.00,492.5556762112511,OFF,RETRACTED,MANUAL
23:43:04.901,-6.01,24.37,0.00,492.24987730753173,OFF,RETRACTED,MANUAL
23:43:05.001,-5.61,23.61,0.00,491.938022169497,OFF,RETRACTED,MANUAL
23:43:05.103,-5.19,22.83,0.00,491.6201185935088,OFF,RETRACTED,MANUAL
23:43:05.204,-4.75,22.05,0.00,491.29617452714007,OFF,RETRACTED,MANUAL
23:43:05.305,-4.31,21.27,0.00,490.9661980689759,OFF,RETRACTED,MANUAL
23:43:05.405,-3.85,20.47,0.00,490.6301974684101,OFF,RETRACTED,MANUAL
23:43:05.508,-3.38,19.66,0.00,490.2881811254406,OFF,RETRACTED,MANUAL
23:43:05.610,-2.91,18.85,0.00,489.9401575904578,OFF,RETRACTED,MANUAL
23:43:05.713,-2.43,18.03,0.00,489.586135564032,OFF,RETRACTED,MANUAL
23:43:05.817,-1.94,17.20,0.00,489.22612389669587,OFF,RETRACTED,MANUAL
23:43:05.917,-1.45,16.37,0.00,488.86013158872174,OFF,RETRACTED,MANUAL
23:43:06.017,-0.95,15.52,0.00,488.48816778989874,OFF,RETRACTED,MANUAL
23:43:06.119,-0.45,14.68,0.00,488.11024179930195,OFF,RETRACTED,MANUAL
23:43:06.220,0.05,13.82,0.00,487.7263630650618,OFF,RETRACTED,MANUAL
23:43:06.323,0.55,12.96,0.00,487.3365411841268,OFF,RETRACTED,MANUAL
23:43:06.422,1.05,12.10,0.00,486.9407859020232,OFF,RETRACTED,MANUAL
23:43:06.525,1.54,11.23,0.00,486.53910711261307,OFF,RETRACTED,MANUAL
23:43:06.625,2.03,10.36,0.00,486.1315148578445,OFF,RETRACTED,MANUAL
23:43:06.726,2.52,9.48,0.00,485.71801932750293,OFF,RETRACTED,MANUAL
23:43:06.827,3.00,8.60,0.00,485.29863085895556,OFF,RETRACTED,MANUAL
23:43:06.930,3.47,7.71,0.00,484.87335993689146,OFF,RETRACTED,MANUAL
23:43:07.031,3.94,6.82,0.00,484.4422171930622,OFF,RETRACTED,MANUAL
23:43:07.131,4.39,5.93,0.00,484.0052134060134,OFF,RETRACTED,MANUAL
23:43:07.231,4.84,5.04,0.00,483.56235950081714,OFF,RETRACTED,MANUAL
23:43:07.333,5.27,4.14,0.00,483.1136665487984,OFF,RETRACTED,MANUAL
23:43:07.434,5.69,3.25,0.00,482.659145767257,OFF,RETRACTED,MANUAL
23:43:07.536,6.09,2.35,0.00,482.19880851918924,OFF,RETRACTED,MANUAL
23:43:07.636,6.48,1.45,0.00,481.732666313002,OFF,RETRACTED,MANUAL
23:43:07.737,6.85,0.55,0.00,481.26073080222625,OFF,RETRACTED,MANUAL
23:43:07.837,7.21,-0.35,0.00,480.78301378522565,OFF,RETRACTED,MANUAL
23:43:07.938,7.54,-1.25,0.00,480.29952720489996,OFF,RETRACTED,MANUAL
23:43:08.039,7.86,-2.15,0.00,479.8102831483893,OFF,RETRACTED,MANUAL
23:43:08.139,8.16,-3.05,0.00,479.31529384676884,OFF,RETRACTED,MANUAL
23:43:08.240,8.44,-3.95,0.00,478.8145716747457,OFF,RETRACTED,MANUAL
23:43:08.341,8.70,-4.84,0.00,478.30812915034846,OFF,RETRACTED,MANUAL
23:43:08.441,8.93,-5.74,0.00,477.7959789346131,OFF,RETRACTED,MANUAL
23:43:08.550,9.15,-6.63,0.00,477.2781338312691,OFF,RETRACTED,MANUAL
23:43:08.650,9.34,-7.52,0.00,476.7546067864164,OFF,RETRACTED,MANUAL
23:43:08.751,9.51,-8.40,0.00,476.2254108882041,OFF,RETRACTED,MANUAL
23:43:08.853,9.65,-9.28,0.00,475.6905593665026,OFF,RETRACTED,MANUAL
23:43:08.954,9.77,-10.16,0.00,475.1500655925712,OFF,RETRACTED,MANUAL
23:43:09.054,9.86,-11.04,0.00,474.60394307872696,OFF,RETRACTED,MANUAL
23:43:09.155,9.93,-11.91,0.00,474.05220547800343,OFF,RETRACTED,MANUAL
23:43:09.255,9.98,-12.77,0.00,473.4948665838124,OFF,RETRACTED,MANUAL
23:43:09.357,10.00,-13.63,0.00,472.93194032959747,OFF,RETRACTED,MANUAL
23:43:09.457,9.99,-14.49,0.00,472.3634407884849,OFF,RETRACTED,MANUAL
23:43:09.558,9.96,-15.34,0.00,471.78938217293444,OFF,RETRACTED,MANUAL
23:43:09.660,9.91,-16.18,0.00,471.2097788343808,OFF,RETRACTED,MANUAL
23:43:09.759,9.83,-17.02,0.00,470.62464526287766,OFF,RETRACTED,MANUAL
23:43:09.860,9.73,-17.85,0.00,470.0339960867342,OFF,RETRACTED,MANUAL
23:43:09.961,9.60,-18.67,0.00,469.4378460721482,OFF,RETRACTED,MANUAL
23:43:10.062,9.45,-19.48,0.00,468.83621012283993,OFF,RETRACTED,MANUAL
23:43:10.166,9.27,-20.29,0.00,468.22910327967577,OFF,RETRACTED,MANUAL
23:43:10.269,9.07,-21.09,0.00,467.6165407202958,OFF,RETRACTED,MANUAL
23:43:10.371,8.85,-21.88,0.00,466.99853775873237,OFF,RETRACTED,MANUAL
23:43:10.507,8.61,-22.66,0.00,466.3751098450266,OFF,RETRACTED,MANUAL
23:43:10.607,8.34,-23.44,0.00,465.7462725648446,OFF,RETRACTED,MANUAL
23:43:10.710,8.06,-24.20,0.00,465.11204163908485,OFF,RETRACTED,MANUAL
23:43:10.811,7.75,-24.95,0.00,464.4724329234879,OFF,RETRACTED,MANUAL
23:43:10.911,7.42,-25.70,0.00,463.82746240823866,OFF,RETRACTED,MANUAL
23:43:11.019,7.08,-26.43,0.00,463.1771462175657,OFF,RETRACTED,MANUAL
23:43:11.120,6.72,-27.15,0.00,462.5215006093406,OFF,RETRACTED,MANUAL
23:43:11.222,6.34,-27.87,0.00,461.86054197466865,OFF,RETRACTED,MANUAL
23:43:11.322,5.95,-28.57,0.00,461.19428683748174,OFF,RETRACTED,MANUAL
23:43:11.424,5.54,-29.26,0.00,460.5227518541241,OFF,RETRACTED,MANUAL
23:43:11.524,5.11,-29.94,0.00,459.84595381293434,OFF,RETRACTED,MANUAL
23:43:11.626,4.68,-30.60,0.00,459.1639096338291,OFF,RETRACTED,MANUAL
23:43:11.726,4.23,-31.25,0.00,458.4766363678766,OFF,RETRACTED,MANUAL
23:43:11.844,3.77,-31.90,0.00,457.784151196873,OFF,RETRACTED,MANUAL
23:43:11.954,3.30,-32.52,0.00,457.08647143291205,OFF,RETRACTED,MANUAL
23:43:12.054,2.83,-33.14,0.00,456.3836145179505,OFF,RETRACTED,MANUAL
23:43:12.157,2.35,-33.74,0.00,455.67559802337564,OFF,RETRACTED,MANUAL
23:43:12.259,1.86,-34.33,0.00,454.962439649562,OFF,RETRACTED,MANUAL
23:43:12.360,1.36,-34.91,0.00,454.2441572254322,OFF,RETRACTED,MANUAL
23:43:12.461,0.87,-35.47,0.00,453.52076870801,OFF,RETRACTED,MANUAL
23:43:12.561,0.37,-36.01,0.00,452.7922921819696,OFF,RETRACTED,MANUAL
23:43:12.661,-0.13,-36.55,0.00,452.05874585918724,OFF,RETRACTED,MANUAL
23:43:12.762,-0.63,-37.06,0.00,451.32014807828176,OFF,RETRACTED,MANUAL
23:43:12.862,-1.13,-37.57,0.00,450.5765173041598,OFF,RETRACTED,MANUAL
23:43:12.963,-1.63,-38.05,0.00,449.8278721275524,OFF,RETRACTED,MANUAL
23:43:13.066,-2.12,-38.53,0.00,449.0742312645489,OFF,RETRACTED,MANUAL
23:43:13.167,-2.60,-38.98,0.00,448.31561355613286,OFF,RETRACTED,MANUAL
23:43:13.268,-3.08,-39.43,0.00,447.55203796770627,OFF,RETRACTED,MANUAL
23:43:13.368,-3.55,-39.85,0.00,446.78352358861963,OFF,RETRACTED,MANUAL
23:43:13.468,-4.02,-40.26,0.00,446.010089631693,OFF,RETRACTED,MANUAL
23:43:13.570,-4.47,-40.66,0.00,445.23175543273385,OFF,RETRACTED,MANUAL
23:43:13.670,-4.91,-41.03,0.00,444.44854045005775,OFF,RETRACTED,MANUAL
23:43:13.771,-5.34,-41.39,0.00,443.66046426399737,OFF,RETRACTED,MANUAL
23:43:13.871,-5.76,-41.74,0.00,442.86754657641677,OFF,RETRACTED,MANUAL
23:43:13.973,-6.16,-42.07,0.00,442.0698072102176,OFF,RETRACTED,MANUAL
23:43:14.075,-6.54,-42.38,0.00,441.2672661088412,OFF,RETRACTED,MANUAL
23:43:14.174,-6.91,-42.67,0.00,440.4599433357745,OFF,RETRACTED,MANUAL
23:43:14.275,-7.27,-42.95,0.00,439.6478590740436,OFF,RETRACTED,MANUAL
23:43:14.386,-7.60,-43.21,0.00,438.8310336257133,OFF,RETRACTED,MANUAL
23:43:14.487,-7.92,-43.45,0.00,438.0094874113779,OFF,RETRACTED,MANUAL
23:43:14.590,-8.21,-43.68,0.00,437.18324096964875,OFF,RETRACTED,MANUAL
23:43:14.690,-8.49,-43.89,0.00,436.3523149566451,OFF,RETRACTED,MANUAL
23:43:14.790,-8.74,-44.08,0.00,435.5167301454728,OFF,RETRACTED,MANUAL
23:43:14.890,-8.97,-44.25,0.00,434.67650742570913,OFF,RETRACTED,MANUAL
23:43:14.991,-9.18,-44.40,0.00,433.831667802879,OFF,RETRACTED,MANUAL
23:43:15.094,-9.37,-44.54,0.00,432.98223239792776,OFF,RETRACTED,MANUAL
23:43:15.197,-9.53,-44.66,0.00,432.1282224466975,OFF,RETRACTED,MANUAL
23:43:15.297,-9.67,-44.76,0.00,431.26965929939126,OFF,RETRACTED,MANUAL
23:43:15.401,-9.79,-44.85,0.00,430.4065644200437,OFF,RETRACTED,MANUAL
23:43:15.502,-9.88,-44.91,0.00,429.5389593859824,OFF,RETRACTED,MANUAL
23:43:15.602,-9.94,-44.96,0.00,428.6668658872868,OFF,RETRACTED,MANUAL
23:43:15.702,-9.98,-44.99,0.00,427.7903057262502,OFF,RETRACTED,MANUAL
23:43:15.803,-10.00,-45.00,0.00,426.9093008168297,OFF,RETRACTED,MANUAL
23:43:15.905,-9.99,-44.99,0.00,426.02387318410285,OFF,RETRACTED,MANUAL
23:43:16.004,-9.96,-44.97,0.00,425.1340449637149,OFF,RETRACTED,MANUAL
23:43:16.105,-9.90,-44.93,0.00,424.2398384013238,OFF,RETRACTED,MANUAL
23:43:16.207,-9.82,-44.87,0.00,423.3412758520482,OFF,RETRACTED,MANUAL
23:43:16.309,-9.71,-44.79,0.00,422.4383797799039,OFF,RETRACTED,MANUAL
23:43:16.409,-9.58,-44.69,0.00,421.5311727572463,OFF,RETRACTED,MANUAL
23:43:16.509,-9.42,-44.58,0.00,420.6196774642043,OFF,RETRACTED,MANUAL
23:43:16.610,-9.24,-44.45,0.00,419.70391668811146,OFF,RETRACTED,MANUAL
23:43:16.713,-9.04,-44.30,0.00,418.7839133229408,OFF,RETRACTED,MANUAL
23:43:16.813,-8.81,-44.13,0.00,417.85969036872723,OFF,RETRACTED,MANUAL
23:43:16.915,-8.56,-43.94,0.00,416.93127093099713,OFF,RETRACTED,MANUAL
23:43:17.015,-8.30,-43.74,0.00,415.9986782201887,OFF,RETRACTED,MANUAL
23:43:17.116,-8.01,-43.52,0.00,415.06193555106995,OFF,RETRACTED,MANUAL
23:43:17.219,-7.70,-43.28,0.00,414.12106634216,OFF,RETRACTED,MANUAL
23:43:17.321,-7.37,-43.03,0.00,413.17609411513877,OFF,RETRACTED,MANUAL
23:43:17.421,-7.02,-42.76,0.00,412.2270424942635,OFF,RETRACTED,MANUAL
23:43:17.522,-6.66,-42.47,0.00,411.27393520577573,OFF,RETRACTED,MANUAL
23:43:17.626,-6.27,-42.16,0.00,410.3167960773069,OFF,RETRACTED,MANUAL
23:43:17.731,-5.88,-41.84,0.00,409.35564903728664,OFF,RETRACTED,MANUAL
23:43:17.832,-5.47,-41.50,0.00,408.39051811433956,OFF,RETRACTED,MANUAL
23:43:17.942,-5.04,-41.14,0.00,407.42142743668904,OFF,RETRACTED,MANUAL
23:43:18.042,-4.60,-40.77,0.00,406.44840123155234,OFF,RETRACTED,MANUAL
23:43:18.143,-4.15,-40.38,0.00,405.4714638245325,OFF,RETRACTED,MANUAL
23:43:18.246,-3.69,-39.98,0.00,404.4906396390153,OFF,RETRACTED,MANUAL
23:43:18.348,-3.22,-39.56,0.00,403.5059531955527,OFF,RETRACTED,MANUAL
23:43:18.460,-2.75,-39.12,0.00,402.5174291112553,OFF,RETRACTED,MANUAL
23:43:18.562,-2.26,-38.67,0.00,401.52509209917446,OFF,RETRACTED,MANUAL
23:43:18.678,-1.77,-38.20,0.00,400.5289669676824,OFF,RETRACTED,MANUAL
23:43:18.792,-1.28,-37.71,0.00,399.5290786198568,OFF,RETRACTED,MANUAL
23:43:18.904,-0.78,-37.22,0.00,398.5254520528531,OFF,RETRACTED,MANUAL
23:43:19.016,-0.28,-36.70,0.00,397.5181123572836,OFF,RETRACTED,MANUAL
23:43:19.120,0.22,-36.17,0.00,396.50708471658925,OFF,RETRACTED,MANUAL
23:43:19.234,0.72,-35.63,0.00,395.4923944064068,OFF,RETRACTED,MANUAL
23:43:19.336,1.21,-35.08,0.00,394.4740667939426,OFF,RETRACTED,MANUAL
23:43:19.436,1.71,-34.50,0.00,393.4521273373325,OFF,RETRACTED,MANUAL
23:43:19.538,2.20,-33.92,0.00,392.4266015850104,OFF,RETRACTED,MANUAL
23:43:19.637,2.68,-33.32,0.00,391.39751517506755,OFF,RETRACTED,MANUAL
23:43:19.738,3.16,-32.71,0.00,390.364893834609,OFF,RETRACTED,MANUAL
23:43:19.839,3.63,-32.09,0.00,389.32876337911597,OFF,RETRACTED,MANUAL
23:43:19.941,4.09,-31.45,0.00,388.2891497117944,OFF,RETRACTED,MANUAL
23:43:20.042,4.54,-30.80,0.00,387.24607882293265,OFF,RETRACTED,MANUAL
23:43:20.144,4.98,-30.14,0.00,386.19957678924925,OFF,RETRACTED,MANUAL
23:43:20.244,5.41,-29.46,0.00,385.14966977323905,OFF,RETRACTED,MANUAL
23:43:20.362,5.82,-28.78,0.00,384.0963840225244,OFF,RETRACTED,MANUAL
23:43:20.462,6.22,-28.08,0.00,383.03974586919253,OFF,RETRACTED,MANUAL
23:43:20.566,6.61,-27.37,0.00,381.97978172914316,OFF,RETRACTED,MANUAL
23:43:20.677,6.97,-26.65,0.00,380.91651810142514,OFF,RETRACTED,MANUAL
23:43:20.780,7.32,-25.92,0.00,379.8499815675725,OFF,RETRACTED,MANUAL
23:43:20.880,7.65,-25.18,0.00,378.7801987909444,OFF,RETRACTED,MANUAL
23:43:20.981,7.97,-24.43,0.00,377.70719651605305,OFF,RETRACTED,MANUAL
23:43:21.083,8.26,-23.67,0.00,376.6310015679002,OFF,RETRACTED,MANUAL
23:43:21.183,8.53,-22.90,0.00,375.55164085130434,OFF,RETRACTED,MANUAL
23:43:21.285,8.78,-22.12,0.00,374.4691413502255,OFF,RETRACTED,MANUAL
23:43:21.386,9.01,-21.33,0.00,373.3835301270965,OFF,RETRACTED,MANUAL
23:43:21.488,9.21,-20.53,0.00,372.2948343221397,OFF,RETRACTED,MANUAL
23:43:21.587,9.40,-19.73,0.00,371.2030811526944,OFF,RETRACTED,MANUAL
23:43:21.687,9.56,-18.91,0.00,370.1082979125337,OFF,RETRACTED,MANUAL
23:43:21.792,9.69,-18.09,0.00,369.01051197118005,OFF,RETRACTED,MANUAL
23:43:21.892,9.80,-17.27,0.00,367.9097507732264,OFF,RETRACTED,MANUAL
23:43:21.992,9.89,-16.43,0.00,366.8060418376437,OFF,RETRACTED,MANUAL
23:43:22.094,9.95,-15.59,0.00,365.6994127570987,OFF,RETRACTED,MANUAL
23:43:22.199,9.99,-14.74,0.00,364.5898911972616,OFF,RETRACTED,MANUAL
23:43:22.299,10.00,-13.89,0.00,363.47750489611195,OFF,RETRACTED,MANUAL
23:43:22.401,9.99,-13.03,0.00,362.362281663251,OFF,RETRACTED,MANUAL
23:43:22.502,9.95,-12.17,0.00,361.2442493791999,OFF,RETRACTED,MANUAL
23:43:22.603,9.89,-11.30,0.00,360.12343599470825,OFF,RETRACTED,MANUAL
23:43:22.704,9.80,-10.43,0.00,358.99986953005316,OFF,RETRACTED,MANUAL
23:43:22.815,9.69,-9.55,0.00,357.873578074336,OFF,RETRACTED,MANUAL
23:43:22.942,9.55,-8.67,0.00,356.7445897847863,OFF,RETRACTED,MANUAL
23:43:23.056,9.39,-7.78,0.00,355.6129328860507,OFF,RETRACTED,MANUAL
23:43:23.178,9.21,-6.89,0.00,354.47863566949366,OFF,RETRACTED,MANUAL
23:43:23.280,9.00,-6.00,0.00,353.3417264924873,OFF,RETRACTED,MANUAL
23:43:23.382,8.77,-5.11,0.00,352.20223377770014,OFF,RETRACTED,MANUAL
23:43:23.481,8.52,-4.21,0.00,351.0601860123924,OFF,RETRACTED,MANUAL
23:43:23.583,8.25,-3.32,0.00,349.9156117476971,OFF,RETRACTED,MANUAL
23:43:23.683,7.96,-2.42,0.00,348.768539597912,OFF,RETRACTED,MANUAL
23:43:23.784,7.64,-1.52,0.00,347.618998239782,OFF,RETRACTED,MANUAL
23:43:23.883,7.31,-0.62,0.00,346.46701641177947,OFF,RETRACTED,MANUAL
23:43:23.984,6.96,0.28,0.00,345.3126229133918,OFF,RETRACTED,MANUAL
23:43:24.084,6.59,1.18,0.00,344.1558466043947,OFF,RETRACTED,MANUAL
23:43:24.185,6.21,2.08,0.00,342.9967164041364,OFF,RETRACTED,MANUAL
23:43:24.286,5.81,2.98,0.00,341.83526129081235,OFF,RETRACTED,MANUAL
23:43:24.388,5.40,3.87,0.00,340.67151030073836,OFF,RETRACTED,MANUAL
23:43:24.489,4.97,4.77,0.00,339.50549252763017,OFF,RETRACTED,MANUAL
23:43:24.591,4.53,5.66,0.00,338.33723712186963,OFF,RETRACTED,MANUAL
23:43:24.690,4.08,6.56,0.00,337.166773289782,OFF,RETRACTED,MANUAL
23:43:24.791,3.62,7.44,0.00,335.9941302929028,OFF,RETRACTED,MANUAL
23:43:24.894,3.14,8.33,0.00,334.8193374472444,OFF,RETRACTED,MANUAL
23:43:24.993,2.67,9.21,0.00,333.64242412256823,OFF,RETRACTED,MANUAL
23:43:25.096,2.18,10.09,0.00,332.46341974164454,OFF,RETRACTED,MANUAL
23:43:25.196,1.69,10.97,0.00,331.28235377952234,OFF,RETRACTED,MANUAL
23:43:25.298,1.20,11.84,0.00,330.0992557627899,OFF,RETRACTED,MANUAL
23:43:25.398,0.70,12.70,0.00,328.9141552688344,OFF,RETRACTED,MANUAL
23:43:25.500,0.20,13.56,0.00,327.7270819251081,OFF,RETRACTED,MANUAL
23:43:25.602,-0.30,14.42,0.00,326.53806540838116,OFF,RETRACTED,MANUAL
23:43:25.704,-0.80,15.27,0.00,325.3471354440053,OFF,RETRACTED,MANUAL
23:43:25.806,-1.30,16.11,0.00,324.1543218051686,OFF,RETRACTED,MANUAL
23:43:25.906,-1.79,16.95,0.00,322.959654312148,OFF,RETRACTED,MANUAL
23:43:26.006,-2.28,17.78,0.00,321.7631628315705,OFF,RETRACTED,MANUAL
23:43:26.107,-2.76,18.60,0.00,320.564877275659,OFF,RETRACTED,MANUAL
23:43:26.208,-3.24,19.42,0.00,319.3648276014909,OFF,RETRACTED,MANUAL
23:43:26.311,-3.71,20.23,0.00,318.16304381024634,OFF,RETRACTED,MANUAL
23:43:26.410,-4.17,21.03,0.00,316.9595559464558,OFF,RETRACTED,MANUAL
23:43:26.511,-4.62,21.82,0.00,315.754394097255,OFF,RETRACTED,MANUAL
23:43:26.612,-5.06,22.60,0.00,314.54758839162554,OFF,RETRACTED,MANUAL
23:43:26.714,-5.48,23.38,0.00,313.33916899964817,OFF,RETRACTED,MANUAL
23:43:26.813,-5.89,24.14,0.00,312.12916613174554,OFF,RETRACTED,MANUAL
23:43:26.914,-6.29,24.89,0.00,310.9176100379247,OFF,RETRACTED,MANUAL
23:43:27.014,-6.67,25.64,0.00,309.70453100702656,OFF,RETRACTED,MANUAL
23:43:27.115,-7.03,26.37,0.00,308.48995936596197,OFF,RETRACTED,MANUAL
23:43:27.216,-7.38,27.10,0.00,307.27392547895954,OFF,RETRACTED,MANUAL
23:43:27.317,-7.71,27.81,0.00,306.0564597468041,OFF,RETRACTED,MANUAL
23:43:27.417,-8.02,28.51,0.00,304.83759260607366,OFF,RETRACTED,MANUAL
23:43:27.519,-8.31,29.20,0.00,303.6173545283851,OFF,RETRACTED,MANUAL
23:43:27.619,-8.57,29.88,0.00,302.395776019625,OFF,RETRACTED,MANUAL
23:43:27.721,-8.82,30.55,0.00,301.1728876191934,OFF,RETRACTED,MANUAL
23:43:27.820,-9.04,31.20,0.00,299.94871989923735,OFF,RETRACTED,MANUAL
23:43:27.922,-9.25,31.85,0.00,298.7233034638845,OFF,RETRACTED,MANUAL
23:43:28.022,-9.43,32.47,0.00,297.4966689484836,OFF,RETRACTED,MANUAL
23:43:28.123,-9.58,33.09,0.00,296.2688470188319,OFF,RETRACTED,MANUAL
23:43:28.225,-9.71,33.69,0.00,295.0398683704145,OFF,RETRACTED,MANUAL
23:43:28.326,-9.82,34.28,0.00,293.8097637276346,OFF,RETRACTED,MANUAL
23:43:28.430,-9.90,34.86,0.00,292.5785638430424,OFF,RETRACTED,MANUAL
23:43:28.530,-9.96,35.42,0.00,291.3462994965726,OFF,RETRACTED,MANUAL
23:43:28.633,-9.99,35.97,0.00,290.113001494768,OFF,RETRACTED,MANUAL
23:43:28.733,-10.00,36.50,0.00,288.8787006700152,OFF,RETRACTED,MANUAL
23:43:28.836,-9.98,37.02,0.00,287.6434278797715,OFF,RETRACTED,MANUAL
23:43:28.941,-9.94,37.53,0.00,286.4072140057905,OFF,RETRACTED,MANUAL
23:43:29.043,-9.87,38.02,0.00,285.1700899533564,OFF,RETRACTED,MANUAL
23:43:29.147,-9.78,38.49,0.00,283.9320866505044,OFF,RETRACTED,MANUAL
23:43:29.248,-9.67,38.95,0.00,282.69323504725344,OFF,RETRACTED,MANUAL
23:43:29.349,-9.53,39.39,0.00,281.4535661148299,OFF,RETRACTED,MANUAL
23:43:29.449,-9.36,39.82,0.00,280.2131108448909,OFF,RETRACTED,MANUAL
23:43:29.552,-9.17,40.23,0.00,278.9719002487552,OFF,RETRACTED,MANUAL
23:43:29.654,-8.96,40.63,0.00,277.72996535662134,OFF,RETRACTED,MANUAL
23:43:29.753,-8.73,41.00,0.00,276.48733721679787,OFF,RETRACTED,MANUAL
23:43:29.856,-8.48,41.37,0.00,275.2440468949244,OFF,RETRACTED,MANUAL
23:43:29.955,-8.20,41.71,0.00,274.00012547319244,OFF,RETRACTED,MANUAL
23:43:30.056,-7.90,42.04,0.00,272.7556040495746,OFF,RETRACTED,MANUAL
23:43:30.158,-7.59,42.35,0.00,271.51051373703973,OFF,RETRACTED,MANUAL
23:43:30.262,-7.25,42.65,0.00,270.2648856627818,OFF,RETRACTED,MANUAL
23:43:30.364,-6.90,42.93,0.00,269.0187509674387,OFF,RETRACTED,MANUAL
23:43:30.466,-6.53,43.19,0.00,267.77214080431105,OFF,RETRACTED,MANUAL
23:43:30.566,-6.14,43.43,0.00,266.5250863385898,OFF,RETRACTED,MANUAL
23:43:30.667,-5.74,43.66,0.00,265.27761874656994,OFF,RETRACTED,MANUAL
23:43:30.768,-5.32,43.87,0.00,264.02976921487704,OFF,RETRACTED,MANUAL
23:43:30.871,-4.89,44.06,0.00,262.7815689396854,OFF,RETRACTED,MANUAL
23:43:30.970,-4.45,44.24,0.00,261.5330491259351,OFF,RETRACTED,MANUAL
23:43:31.073,-4.00,44.39,0.00,260.28424098655825,OFF,RETRACTED,MANUAL
23:43:31.173,-3.54,44.53,0.00,259.03517574169143,OFF,RETRACTED,MANUAL
23:43:31.274,-3.06,44.65,0.00,257.7858846179017,OFF,RETRACTED,MANUAL
23:43:31.373,-2.59,44.75,0.00,256.5363988474029,OFF,RETRACTED,MANUAL
23:43:31.474,-2.10,44.84,0.00,255.28674966727243,OFF,RETRACTED,MANUAL
23:43:31.576,-1.61,44.91,0.00,254.03696831867657,OFF,RETRACTED,MANUAL
23:43:31.676,-1.11,44.96,0.00,252.7870860460821,OFF,RETRACTED,MANUAL
23:43:31.777,-0.61,44.99,0.00,251.53713409648162,OFF,RETRACTED,MANUAL
23:43:31.880,-0.11,45.00,0.00,250.28714371860968,OFF,RETRACTED,MANUAL
23:43:31.982,0.39,44.99,0.00,249.03714616215885,OFF,RETRACTED,MANUAL
23:43:32.083,0.88,44.97,0.00,247.7871726770047,OFF,RETRACTED,MANUAL
23:43:32.184,1.38,44.93,0.00,246.5372545124175,OFF,RETRACTED,MANUAL
23:43:32.286,1.87,44.87,0.00,245.2874229162871,OFF,RETRACTED,MANUAL
23:43:32.388,2.36,44.80,0.00,244.03770913433928,OFF,RETRACTED,MANUAL
23:43:32.487,2.85,44.70,0.00,242.78814440935164,OFF,RETRACTED,MANUAL
23:43:32.588,3.32,44.59,0.00,241.53875998037907,OFF,RETRACTED,MANUAL
23:43:32.688,3.79,44.46,0.00,240.28958708196538,OFF,RETRACTED,MANUAL
23:43:32.791,4.25,44.31,0.00,239.04065694336893,OFF,RETRACTED,MANUAL
23:43:32.891,4.69,44.14,0.00,237.79200078777896,OFF,RETRACTED,MANUAL
23:43:33.077,5.13,43.96,0.00,236.54364983153258,OFF,RETRACTED,MANUAL
23:43:33.093,5.55,43.76,0.00,235.29563528334043,OFF,RETRACTED,MANUAL
23:43:33.195,5.96,43.54,0.00,234.0479883434995,OFF,RETRACTED,MANUAL
23:43:33.294,6.35,43.30,0.00,232.80074020311912,OFF,RETRACTED,MANUAL
23:43:33.395,6.73,43.05,0.00,231.55392204333876,OFF,RETRACTED,MANUAL
23:43:33.497,7.09,42.78,0.00,230.3075650345457,OFF,RETRACTED,MANUAL
23:43:33.596,7.44,42.49,0.00,229.061700335602,OFF,RETRACTED,MANUAL
23:43:33.698,7.76,42.19,0.00,227.8163590930585,OFF,RETRACTED,MANUAL
23:43:33.799,8.07,41.87,0.00,226.57157244038228,OFF,RETRACTED,MANUAL
23:43:33.900,8.35,41.53,0.00,225.3273714971757,OFF,RETRACTED,MANUAL
23:43:34.000,8.62,41.17,0.00,224.0837873683958,OFF,RETRACTED,MANUAL
23:43:34.104,8.86,40.80,0.00,222.84085114358274,OFF,RETRACTED,MANUAL
23:43:34.204,9.08,40.41,0.00,221.5985938960757,OFF,RETRACTED,MANUAL
23:43:34.304,9.28,40.01,0.00,220.357046682242,OFF,RETRACTED,MANUAL
23:43:34.405,9.45,39.59,0.00,219.11624054069821,OFF,RETRACTED,MANUAL
23:43:34.508,9.60,39.15,0.00,217.87620649153152,OFF,RETRACTED,MANUAL
23:43:34.610,9.73,38.70,0.00,216.6369755355303,OFF,RETRACTED,MANUAL
23:43:34.718,9.83,38.24,0.00,215.39857865340215,OFF,RETRACTED,MANUAL
23:43:34.823,9.91,37.75,0.00,214.16104680500553,OFF,RETRACTED,MANUAL
23:43:34.933,9.97,37.26,0.00,212.92441092857302,OFF,RETRACTED,MANUAL
23:43:35.041,9.99,36.74,0.00,211.6887019399354,OFF,RETRACTED,MANUAL
23:43:35.155,10.00,36.22,0.00,210.45395073175482,OFF,RETRACTED,MANUAL
23:43:35.286,9.98,35.68,0.00,209.22018817274537,OFF,RETRACTED,MANUAL
23:43:35.537,9.93,35.12,0.00,207.98744510690764,OFF,RETRACTED,MANUAL
23:43:35.635,9.86,34.55,0.00,206.75575235275497,OFF,RETRACTED,MANUAL
23:43:35.736,9.76,33.97,0.00,205.52514070254028,OFF,RETRACTED,MANUAL
23:43:35.836,9.64,33.37,0.00,204.29564092149255,OFF,RETRACTED,MANUAL
23:43:35.936,9.50,32.76,0.00,203.06728374704045,OFF,RETRACTED,MANUAL
23:43:36.038,9.33,32.14,0.00,201.84009988805025,OFF,RETRACTED,MANUAL
23:43:36.138,9.14,31.50,0.00,200.6141200240554,OFF,RETRACTED,MANUAL
23:43:36.238,8.93,30.85,0.00,199.38937480448692,OFF,RETRACTED,MANUAL
23:43:36.339,8.69,30.19,0.00,198.16589484791325,OFF,RETRACTED,MANUAL
23:43:36.473,8.43,29.52,0.00,196.94371074126778,OFF,RETRACTED,MANUAL
23:43:36.575,8.15,28.83,0.00,195.72285303909044,OFF,RETRACTED,MANUAL
23:43:36.680,7.85,28.13,0.00,194.50335226276107,OFF,RETRACTED,MANUAL
23:43:36.784,7.53,27.43,0.00,193.2852388997338,OFF,RETRACTED,MANUAL
23:43:36.887,7.19,26.71,0.00,192.06854340278102,OFF,RETRACTED,MANUAL
23:43:36.999,6.84,25.98,0.00,190.85329618922506,OFF,RETRACTED,MANUAL
23:43:37.118,6.47,25.24,0.00,189.63952764018381,OFF,RETRACTED,MANUAL
23:43:37.246,6.08,24.49,0.00,188.42726809980863,OFF,RETRACTED,MANUAL
23:43:37.440,5.67,23.73,0.00,187.2165478745232,OFF,RETRACTED,MANUAL
23:43:37.552,5.25,22.96,0.00,186.00739723227179,OFF,RETRACTED,MANUAL
23:43:37.667,4.82,22.18,0.00,184.79984640175576,OFF,RETRACTED,MANUAL
23:43:37.783,4.38,21.39,0.00,183.59392557168388,OFF,RETRACTED,MANUAL
23:43:37.887,3.92,20.60,0.00,182.3896648900149,OFF,RETRACTED,MANUAL
23:43:38.028,3.46,19.79,0.00,181.18709446320145,OFF,RETRACTED,MANUAL
23:43:38.133,2.98,18.98,0.00,179.98624435544326,OFF,RETRACTED,MANUAL
23:43:38.316,2.50,18.16,0.00,178.7871445879288,OFF,RETRACTED,MANUAL
23:43:38.463,2.02,17.33,0.00,177.58982513809065,OFF,RETRACTED,MANUAL
23:43:38.567,1.52,16.50,0.00,176.3943159388535,OFF,RETRACTED,MANUAL
23:43:38.679,1.03,15.66,0.00,175.20064687788343,OFF,RETRACTED,MANUAL
23:43:38.786,0.53,14.81,0.00,174.00884779684645,OFF,RETRACTED,MANUAL
23:43:38.891,0.03,13.96,0.00,172.81894849065586,OFF,RETRACTED,MANUAL
23:43:38.999,-0.47,13.10,0.00,171.63097870673317,OFF,RETRACTED,MANUAL
23:43:39.101,-0.97,12.24,0.00,170.4449681442619,OFF,RETRACTED,MANUAL
23:43:39.202,-1.46,11.37,0.00,169.26094645344273,OFF,RETRACTED,MANUAL
23:43:39.303,-1.96,10.50,0.00,168.0789432347579,OFF,RETRACTED,MANUAL
23:43:39.407,-2.44,9.62,0.00,166.89898803822462,OFF,RETRACTED,MANUAL
23:43:39.515,-2.93,8.74,0.00,165.72111036266224,OFF,RETRACTED,MANUAL
23:43:39.618,-3.40,7.85,0.00,164.5453396549521,OFF,RETRACTED,MANUAL
23:43:39.731,-3.87,6.96,0.00,163.371705309299,OFF,RETRACTED,MANUAL
23:43:39.838,-4.32,6.07,0.00,162.2002366665021,OFF,RETRACTED,MANUAL
23:43:39.941,-4.77,5.18,0.00,161.0309630132148,OFF,RETRACTED,MANUAL
23:43:40.043,-5.20,4.29,0.00,159.86391358121838,OFF,RETRACTED,MANUAL
23:43:40.144,-5.62,3.39,0.00,158.69911754668868,OFF,RETRACTED,MANUAL
23:43:40.245,-6.03,2.49,0.00,157.53660402946423,OFF,RETRACTED,MANUAL
23:43:40.346,-6.42,1.59,0.00,156.3764020923241,OFF,RETRACTED,MANUAL
23:43:40.447,-6.79,0.69,0.00,155.21854074025458,OFF,RETRACTED,MANUAL
23:43:40.550,-7.15,-0.21,0.00,154.06304891973002,OFF,RETRACTED,MANUAL
23:43:40.655,-7.49,-1.11,0.00,152.90995551798662,OFF,RETRACTED,MANUAL
23:43:40.755,-7.81,-2.01,0.00,151.75928936229764,OFF,RETRACTED,MANUAL
23:43:40.857,-8.12,-2.91,0.00,150.61107921925873,OFF,RETRACTED,MANUAL
23:43:40.959,-8.40,-3.80,0.00,149.46535379406203,OFF,RETRACTED,MANUAL
23:43:41.058,-8.66,-4.70,0.00,148.3221417297843,OFF,RETRACTED,MANUAL
23:43:41.163,-8.90,-5.59,0.00,147.18147160666842,OFF,RETRACTED,MANUAL
23:43:41.264,-9.12,-6.48,0.00,146.04337194140646,OFF,RETRACTED,MANUAL
23:43:41.365,-9.31,-7.37,0.00,144.90787118643235,OFF,RETRACTED,MANUAL
23:43:41.467,-9.48,-8.26,0.00,143.77499772920424,OFF,RETRACTED,MANUAL
23:43:41.567,-9.63,-9.14,0.00,142.64477989150035,OFF,RETRACTED,MANUAL
23:43:41.668,-9.75,-10.02,0.00,141.51724592870855,OFF,RETRACTED,MANUAL
23:43:41.770,-9.85,-10.90,0.00,140.3924240291176,OFF,RETRACTED,MANUAL
23:43:41.872,-9.92,-11.77,0.00,139.270342313218,OFF,RETRACTED,MANUAL
23:43:41.975,-9.97,-12.64,0.00,138.1510288329926,OFF,RETRACTED,MANUAL
23:43:42.075,-10.00,-13.50,0.00,137.03451157122095,OFF,RETRACTED,MANUAL
23:43:42.178,-10.00,-14.35,0.00,135.92081844077717,OFF,RETRACTED,MANUAL
23:43:42.278,-9.97,-15.20,0.00,134.80997728392998,OFF,RETRACTED,MANUAL
23:43:42.378,-9.92,-16.05,0.00,133.70201587165198,OFF,RETRACTED,MANUAL
23:43:42.479,-9.85,-16.88,0.00,132.59696190291925,OFF,RETRACTED,MANUAL
23:43:42.580,-9.75,-17.71,0.00,131.49484300402418,OFF,RETRACTED,MANUAL
23:43:42.680,-9.62,-18.54,0.00,130.39568672788266,OFF,RETRACTED,MANUAL
23:43:42.781,-9.47,-19.35,0.00,129.2995205533428,OFF,RETRACTED,MANUAL
23:43:42.886,-9.30,-20.16,0.00,128.20637188450343,OFF,RETRACTED,MANUAL
23:43:42.988,-9.11,-20.96,0.00,127.11626805002271,OFF,RETRACTED,MANUAL
23:43:43.090,-8.89,-21.76,0.00,126.02923630244057,OFF,RETRACTED,MANUAL
23:43:43.191,-8.65,-22.54,0.00,124.94530381749483,OFF,RETRACTED,MANUAL
23:43:43.292,-8.39,-23.31,0.00,123.86449769343963,OFF,RETRACTED,MANUAL
23:43:43.394,-8.10,-24.08,0.00,122.78684495037331,OFF,RETRACTED,MANUAL
23:43:43.495,-7.80,-24.83,0.00,121.7123725295568,OFF,RETRACTED,MANUAL
23:43:43.601,-7.48,-25.58,0.00,120.6411072927454,OFF,RETRACTED,MANUAL
23:43:43.702,-7.14,-26.32,0.00,119.57307602151502,OFF,RETRACTED,MANUAL
23:43:43.801,-6.78,-27.04,0.00,118.50830541659025,OFF,RETRACTED,MANUAL
23:43:43.905,-6.40,-27.75,0.00,117.44682209718232,OFF,RETRACTED,MANUAL
23:43:44.007,-6.01,-28.46,0.00,116.38865260031741,OFF,RETRACTED,MANUAL
23:43:44.108,-5.60,-29.15,0.00,115.33382338017856,OFF,RETRACTED,MANUAL
23:43:44.215,-5.18,-29.83,0.00,114.2823608074421,OFF,RETRACTED,MANUAL
23:43:44.319,-4.75,-30.50,0.00,113.2342911686161,OFF,RETRACTED,MANUAL
23:43:44.422,-4.30,-31.15,0.00,112.18964066538842,OFF,RETRACTED,MANUAL
23:43:44.526,-3.85,-31.79,0.00,111.14843541396573,OFF,RETRACTED,MANUAL
23:43:44.625,-3.38,-32.43,0.00,110.1107014444259,OFF,RETRACTED,MANUAL
23:43:44.727,-2.90,-33.04,0.00,109.07646470006475,OFF,RETRACTED,MANUAL
23:43:44.828,-2.42,-33.65,0.00,108.04575103674563,OFF,RETRACTED,MANUAL
23:43:44.932,-1.93,-34.24,0.00,107.01858622225785,OFF,RETRACTED,MANUAL
23:43:45.047,-1.44,-34.82,0.00,105.99499593566688,OFF,RETRACTED,MANUAL
23:43:45.148,-0.95,-35.38,0.00,104.97500576667724,OFF,RETRACTED,MANUAL
23:43:45.249,-0.45,-35.93,0.00,103.95864121499079,OFF,RETRACTED,MANUAL
23:43:45.356,0.05,-36.46,0.00,102.94592768966692,OFF,RETRACTED,MANUAL
23:43:45.456,0.55,-36.98,0.00,101.9368905084925,OFF,RETRACTED,MANUAL
23:43:45.556,1.05,-37.49,0.00,100.931554897343,OFF,RETRACTED,MANUAL
23:43:45.656,1.55,-37.98,0.00,99.92994598955713,OFF,RETRACTED,MANUAL
23:43:45.759,2.04,-38.45,0.00,98.93208882530607,OFF,RETRACTED,MANUAL
23:43:45.860,2.53,-38.91,0.00,97.93800835096556,OFF,RETRACTED,MANUAL
23:43:45.962,3.01,-39.36,0.00,96.94772941849709,OFF,RETRACTED,MANUAL
23:43:46.061,3.48,-39.79,0.00,95.961276784821,OFF,RETRACTED,MANUAL
23:43:46.161,3.94,-40.20,0.00,94.97867511120245,OFF,RETRACTED,MANUAL
23:43:46.262,4.40,-40.59,0.00,93.99994896263277,OFF,RETRACTED,MANUAL
23:43:46.364,4.84,-40.97,0.00,93.02512280721336,OFF,RETRACTED,MANUAL
23:43:46.465,5.27,-41.34,0.00,92.0542210155487,OFF,RETRACTED,MANUAL
23:43:46.565,5.69,-41.69,0.00,91.08726786013162,OFF,RETRACTED,MANUAL
23:43:46.667,6.09,-42.02,0.00,90.12428751474133,OFF,RETRACTED,MANUAL
23:43:46.767,6.48,-42.33,0.00,89.16530405383702,OFF,RETRACTED,MANUAL
23:43:46.868,6.86,-42.63,0.00,88.2103414519539,OFF,RETRACTED,MANUAL
23:43:46.970,7.21,-42.91,0.00,87.25942358310857,OFF,RETRACTED,MANUAL
23:43:47.073,7.55,-43.17,0.00,86.31257422019698,OFF,RETRACTED,MANUAL
23:43:47.172,7.87,-43.42,0.00,85.36981703440446,OFF,RETRACTED,MANUAL
23:43:47.274,8.17,-43.64,0.00,84.43117559461231,OFF,RETRACTED,MANUAL
23:43:47.374,8.44,-43.85,0.00,83.49667336680625,OFF,RETRACTED,MANUAL
23:43:47.474,8.70,-44.05,0.00,82.56633371349466,OFF,RETRACTED,MANUAL
23:43:47.575,8.94,-44.22,0.00,81.64017989311904,OFF,RETRACTED,MANUAL
23:43:47.676,9.15,-44.38,0.00,80.71823505947737,OFF,RETRACTED,MANUAL
23:43:47.777,9.34,-44.52,0.00,79.80052226114313,OFF,RETRACTED,MANUAL
23:43:47.878,9.51,-44.64,0.00,78.88706444088717,OFF,RETRACTED,MANUAL
23:43:47.980,9.65,-44.75,0.00,77.97788443510868,OFF,RETRACTED,MANUAL
23:43:48.079,9.77,-44.83,0.00,77.07300497325923,OFF,RETRACTED,MANUAL
23:43:48.180,9.86,-44.90,0.00,76.17244867727882,OFF,RETRACTED,MANUAL
23:43:48.283,9.93,-44.95,0.00,75.27623806102864,OFF,RETRACTED,MANUAL
23:43:48.383,9.98,-44.98,0.00,74.38439552972605,OFF,RETRACTED,MANUAL
23:43:48.483,10.00,-45.00,0.00,73.49694337938925,OFF,RETRACTED,MANUAL
23:43:48.586,9.99,-45.00,0.00,72.61390379627446,OFF,RETRACTED,MANUAL
23:43:48.687,9.96,-44.97,0.00,71.73529885632595,OFF,RETRACTED,MANUAL
23:43:48.788,9.91,-44.93,0.00,70.86115052462205,OFF,RETRACTED,MANUAL
23:43:48.894,9.83,-44.88,0.00,69.99148065482424,OFF,RETRACTED,MANUAL
23:43:48.995,9.73,-44.80,0.00,69.12631098863525,OFF,RETRACTED,MANUAL
23:43:49.096,9.60,-44.71,0.00,68.26566315525045,OFF,RETRACTED,MANUAL
23:43:49.206,9.45,-44.60,0.00,67.40955867082144,OFF,RETRACTED,MANUAL
23:43:49.310,9.27,-44.47,0.00,66.55801893791636,OFF,RETRACTED,MANUAL
23:43:49.410,9.07,-44.32,0.00,65.71106524498296,OFF,RETRACTED,MANUAL
23:43:49.513,8.85,-44.16,0.00,64.86871876582069,OFF,RETRACTED,MANUAL
23:43:49.614,8.61,-43.98,0.00,64.03100055904639,OFF,RETRACTED,MANUAL
23:43:49.715,8.34,-43.78,0.00,63.197931567572255,OFF,RETRACTED,MANUAL
23:43:49.815,8.05,-43.56,0.00,62.36953261808026,OFF,RETRACTED,MANUAL
23:43:49.916,7.75,-43.32,0.00,61.54582442049983,OFF,RETRACTED,MANUAL
23:43:50.017,7.42,-43.07,0.00,60.726827567494155,OFF,RETRACTED,MANUAL
23:43:50.116,7.08,-42.80,0.00,59.91256253394073,OFF,RETRACTED,MANUAL
23:43:50.217,6.72,-42.52,0.00,59.10304967642361,OFF,RETRACTED,MANUAL
23:43:50.319,6.34,-42.21,0.00,58.29830923272257,OFF,RETRACTED,MANUAL
23:43:50.419,5.94,-41.89,0.00,57.49836132130574,OFF,RETRACTED,MANUAL
23:43:50.520,5.53,-41.56,0.00,56.70322594083029,OFF,RETRACTED,MANUAL
23:43:50.620,5.11,-41.20,0.00,55.91292296963823,OFF,RETRACTED,MANUAL
23:43:50.722,4.67,-40.83,0.00,55.12747216526324,OFF,RETRACTED,MANUAL
23:43:50.823,4.23,-40.45,0.00,54.34689316393508,OFF,RETRACTED,MANUAL
23:43:50.925,3.77,-40.04,0.00,53.571205480087,OFF,RETRACTED,MANUAL
23:43:51.025,3.30,-39.62,0.00,52.80042850587182,OFF,RETRACTED,MANUAL
23:43:51.126,2.82,-39.19,0.00,52.034581510672666,OFF,RETRACTED,MANUAL
23:43:51.227,2.34,-38.74,0.00,51.27368364062505,OFF,RETRACTED,MANUAL
23:43:51.327,1.85,-38.27,0.00,50.517753918136634,OFF,RETRACTED,MANUAL
23:43:51.429,1.36,-37.79,0.00,49.76681124141004,OFF,RETRACTED,MANUAL
23:43:51.530,0.86,-37.30,0.00,49.02087438397413,OFF,RETRACTED,MANUAL
23:43:51.630,0.36,-36.79,0.00,48.27996199421045,OFF,RETRACTED,MANUAL
23:43:51.736,-0.14,-36.26,0.00,47.544092594890685,OFF,RETRACTED,MANUAL
23:43:51.837,-0.64,-35.72,0.00,46.81328458271199,OFF,RETRACTED,MANUAL
23:43:51.937,-1.13,-35.17,0.00,46.08755622783556,OFF,RETRACTED,MANUAL
23:43:52.049,-1.63,-34.60,0.00,45.36692567343354,OFF,RETRACTED,MANUAL
23:43:52.152,-2.12,-34.01,0.00,44.65141093523121,OFF,RETRACTED,MANUAL
23:43:52.262,-2.61,-33.42,0.00,43.94102990106026,OFF,RETRACTED,MANUAL
23:43:52.364,-3.09,-32.81,0.00,43.235800330410086,OFF,RETRACTED,MANUAL
23:43:52.466,-3.56,-32.19,0.00,42.53573985398219,OFF,RETRACTED,MANUAL
23:43:52.569,-4.02,-31.55,0.00,41.84086597325302,OFF,RETRACTED,MANUAL
23:43:52.670,-4.47,-30.90,0.00,41.15119606003239,OFF,RETRACTED,MANUAL
23:43:52.770,-4.91,-30.24,0.00,40.466747356032755,OFF,RETRACTED,MANUAL
23:43:52.871,-5.34,-29.57,0.00,39.7875369724365,OFF,RETRACTED,MANUAL
23:43:52.972,-5.76,-28.89,0.00,39.11358188946693,OFF,RETRACTED,MANUAL
23:43:53.073,-6.16,-28.19,0.00,38.44489895596692,OFF,RETRACTED,MANUAL
23:43:53.176,-6.55,-27.48,0.00,37.78150488897407,OFF,RETRACTED,MANUAL
23:43:53.280,-6.92,-26.76,0.00,37.12341627330596,OFF,RETRACTED,MANUAL
23:43:53.383,-7.27,-26.04,0.00,36.47064956114417,OFF,RETRACTED,MANUAL
23:43:53.483,-7.60,-25.30,0.00,35.82322107162159,OFF,RETRACTED,MANUAL
23:43:53.585,-7.92,-24.55,0.00,35.18114699041763,OFF,RETRACTED,MANUAL
23:43:53.690,-8.21,-23.79,0.00,34.544443369350006,OFF,RETRACTED,MANUAL
23:43:53.791,-8.49,-23.02,0.00,33.913126125976504,OFF,RETRACTED,MANUAL
23:43:53.894,-8.74,-22.24,0.00,33.287211043195754,OFF,RETRACTED,MANUAL
23:43:53.999,-8.97,-21.45,0.00,32.66671376885142,OFF,RETRACTED,MANUAL
23:43:54.142,-9.18,-20.66,0.00,32.051649815343836,OFF,RETRACTED,MANUAL
23:43:54.246,-9.37,-19.86,0.00,31.442034559239005,OFF,RETRACTED,MANUAL
23:43:54.355,-9.53,-19.04,0.00,30.837883240886953,OFF,RETRACTED,MANUAL
23:43:54.490,-9.67,-18.23,0.00,30.239210964039643,OFF,RETRACTED,MANUAL
23:43:54.592,-9.79,-17.40,0.00,29.646032695471916,OFF,RETRACTED,MANUAL
23:43:54.691,-9.88,-16.57,0.00,29.058363264610506,OFF,RETRACTED,MANUAL
23:43:54.793,-9.94,-15.73,0.00,28.476217363159662,OFF,RETRACTED,MANUAL
23:43:54.895,-9.98,-14.88,0.00,27.899609544737075,OFF,RETRACTED,MANUAL
23:43:55.001,-10.00,-14.03,0.00,27.328554224508565,OFF,RETRACTED,MANUAL
23:43:55.101,-9.99,-13.17,0.00,26.763065678826564,OFF,RETRACTED,MANUAL
23:43:55.204,-9.96,-12.31,0.00,26.20315804487609,OFF,RETRACTED,MANUAL
23:43:55.305,-9.90,-11.44,0.00,25.648845320318003,OFF,RETRACTED,MANUAL
23:43:55.408,-9.81,-10.56,0.00,25.100141362941997,OFF,RETRACTED,MANUAL
23:43:55.508,-9.71,-9.69,0.00,24.557059890318754,OFF,RETRACTED,MANUAL
23:43:55.611,-9.57,-8.81,0.00,24.019614479456067,OFF,RETRACTED,MANUAL
23:43:55.714,-9.42,-7.92,0.00,23.48781856646201,OFF,RETRACTED,MANUAL
23:43:55.815,-9.24,-7.04,0.00,22.961685446205877,OFF,RETRACTED,MANUAL
23:43:55.917,-9.03,-6.14,0.00,22.441228271988706,OFF,RETRACTED,MANUAL
23:43:56.017,-8.81,-5.25,0.00,21.926460055213084,OFF,RETRACTED,MANUAL
23:43:56.118,-8.56,-4.36,0.00,21.41739366505692,OFF,RETRACTED,MANUAL
23:43:56.224,-8.29,-3.46,0.00,20.914041828154154,OFF,RETRACTED,MANUAL
23:43:56.325,-8.00,-2.56,0.00,20.416417128273764,OFF,RETRACTED,MANUAL
23:43:56.427,-7.69,-1.66,0.00,19.924532006007723,OFF,RETRACTED,MANUAL
23:43:56.528,-7.36,-0.76,0.00,19.43839875845879,OFF,RETRACTED,MANUAL
23:43:56.630,-7.02,0.14,0.00,18.958029538932124,OFF,RETRACTED,MANUAL
23:43:56.731,-6.65,1.04,0.00,18.483436356633945,OFF,RETRACTED,MANUAL
23:43:56.833,-6.27,1.94,0.00,18.014631076368318,OFF,RETRACTED,MANUAL
23:43:56.935,-5.87,2.83,0.00,17.551625418243248,OFF,RETRACTED,MANUAL
23:43:57.039,-5.46,3.73,0.00,17.094430957376403,OFF,RETRACTED,MANUAL
23:43:57.149,-5.04,4.63,0.00,16.643059123604814,OFF,RETRACTED,MANUAL
23:43:57.254,-4.60,5.52,0.00,16.197521201201397,OFF,RETRACTED,MANUAL
23:43:57.364,-4.15,6.41,0.00,15.757828328590477,OFF,RETRACTED,MANUAL
23:43:57.464,-3.69,7.30,0.00,15.323991498071251,OFF,RETRACTED,MANUAL
23:43:57.565,-3.22,8.19,0.00,14.896021555542177,OFF,RETRACTED,MANUAL
23:43:57.666,-2.74,9.07,0.00,14.473929200228952,OFF,RETRACTED,MANUAL
23:43:57.769,-2.26,9.95,0.00,14.057724984419025,OFF,RETRACTED,MANUAL
23:43:57.870,-1.77,10.83,0.00,13.647419313195513,OFF,RETRACTED,MANUAL
23:43:58.013,-1.28,11.70,0.00,13.24302244417919,OFF,RETRACTED,MANUAL
23:43:58.114,-0.78,12.57,0.00,12.844544487270952,OFF,RETRACTED,MANUAL
23:43:58.228,-0.28,13.43,0.00,12.451995404398417,OFF,RETRACTED,MANUAL
23:43:58.332,0.22,14.28,0.00,12.065385009268795,OFF,RETRACTED,MANUAL
23:43:58.438,0.72,15.13,0.00,11.684722967121218,OFF,RETRACTED,MANUAL
23:43:58.546,1.22,15.98,0.00,11.310018794487263,OFF,RETRACTED,MANUAL
23:43:58.655,1.71,16.82,0.00,10.941281858951925,OFF,RETRACTED,MANUAL
23:43:58.756,2.20,17.65,0.00,10.578521378918907,OFF,RETRACTED,MANUAL
23:43:58.857,2.69,18.47,0.00,10.221746423381802,OFF,RETRACTED,MANUAL
23:43:58.958,3.17,19.29,0.00,9.870965911695436,OFF,RETRACTED,MANUAL
23:43:59.061,3.64,20.10,0.00,9.526188613354549,OFF,RETRACTED,MANUAL
23:43:59.163,4.10,20.90,0.00,9.187423147773927,OFF,RETRACTED,MANUAL
23:43:59.273,4.55,21.69,0.00,8.854677984072055,OFF,RETRACTED,MANUAL
23:43:59.382,4.99,22.48,0.00,8.52796144086119,OFF,RETRACTED,MANUAL
23:43:59.483,5.41,23.25,0.00,8.20728168603739,OFF,RETRACTED,MANUAL
23:43:59.586,5.83,24.02,0.00,7.892646736578115,OFF,RETRACTED,MANUAL
23:43:59.686,6.23,24.77,0.00,7.58406445834089,OFF,RETRACTED,MANUAL
23:43:59.787,6.61,25.52,0.00,7.281542565866175,OFF,RETRACTED,MANUAL
23:43:59.889,6.98,26.26,0.00,6.985088622185941,OFF,RETRACTED,MANUAL
23:43:59.997,7.33,26.98,0.00,6.694710038632934,OFF,RETRACTED,MANUAL
23:44:00.129,7.66,27.70,0.00,6.4104140746568135,OFF,RETRACTED,MANUAL
23:44:00.230,7.97,28.40,0.00,6.132207837642085,OFF,RETRACTED,MANUAL
23:44:00.331,8.26,29.09,0.00,5.860098282729808,OFF,RETRACTED,MANUAL
23:44:00.443,8.53,29.77,0.00,5.594092212645023,OFF,RETRACTED,MANUAL
23:44:00.545,8.78,30.44,0.00,5.33419627752528,OFF,RETRACTED,MANUAL
23:44:00.648,9.01,31.10,0.00,5.08041697475565,OFF,RETRACTED,MANUAL
23:44:00.751,9.22,31.74,0.00,4.832760648805561,OFF,RETRACTED,MANUAL
23:44:00.867,9.40,32.38,0.00,4.591233491069971,OFF,RETRACTED,MANUAL
23:44:00.975,9.56,32.99,0.00,4.355841539715584,OFF,RETRACTED,MANUAL
23:44:01.085,9.69,33.60,0.00,4.12659067952859,OFF,RETRACTED,MANUAL
23:44:01.192,9.80,34.19,0.00,3.903486641768694,OFF,RETRACTED,MANUAL
23:44:01.327,9.89,34.77,0.00,3.686535004025444,OFF,RETRACTED,MANUAL
23:44:01.441,9.95,35.33,0.00,3.4757411900781108,OFF,RETRACTED,MANUAL
23:44:01.538,9.99,35.88,0.00,3.2711104697613393,OFF,RETRACTED,MANUAL
23:44:01.667,10.00,36.42,0.00,3.0726479588322775,OFF,RETRACTED,MANUAL
23:44:01.777,9.99,36.94,0.00,2.8803586188434167,OFF,RETRACTED,MANUAL
23:44:01.881,9.95,37.45,0.00,2.6942472570184464,OFF,RETRACTED,MANUAL
23:44:01.983,9.89,37.94,0.00,2.514318526131433,OFF,RETRACTED,MANUAL
23:44:02.093,9.80,38.42,0.00,2.340576924391513,OFF,RETRACTED,MANUAL
23:44:02.195,9.69,38.88,0.00,2.173026795329463,OFF,RETRACTED,MANUAL
23:44:02.295,9.55,39.32,0.00,2.0116723276898654,OFF,RETRACTED,MANUAL
23:44:02.396,9.39,39.75,0.00,1.8565175553261781,OFF,RETRACTED,MANUAL
23:44:02.497,9.21,40.17,0.00,1.7075663570993527,OFF,RETRACTED,MANUAL
23:44:02.597,9.00,40.56,0.00,1.5648224567817977,OFF,RETRACTED,MANUAL
23:44:02.698,8.77,40.95,0.00,1.4282894229634167,OFF,RETRACTED,MANUAL
23:44:02.800,8.52,41.31,0.00,1.2979706689630746,OFF,RETRACTED,MANUAL
23:44:02.908,8.25,41.66,0.00,1.1738694527428208,OFF,RETRACTED,MANUAL
23:44:03.012,7.95,41.99,0.00,1.0559888768265182,OFF,RETRACTED,MANUAL
23:44:03.112,7.64,42.31,0.00,0.9443318882225356,OFF,RETRACTED,MANUAL
23:44:03.214,7.31,42.60,0.00,0.8389012783496526,OFF,RETRACTED,MANUAL
23:44:03.314,6.96,42.89,0.00,0.7396996829676539,OFF,RETRACTED,MANUAL
23:44:03.415,6.59,43.15,0.00,0.6467295821113908,OFF,RETRACTED,MANUAL
23:44:03.517,6.21,43.40,0.00,0.559993300028367,OFF,RETRACTED,MANUAL
23:44:03.618,5.81,43.63,0.00,0.4794930051212418,OFF,RETRACTED,MANUAL
23:44:03.720,5.39,43.84,0.00,0.4052307098930896,OFF,RETRACTED,MANUAL
23:44:03.861,4.96,44.03,0.00,0.3372082708974631,OFF,RETRACTED,MANUAL
23:44:03.995,4.52,44.21,0.00,0.2754273886918668,OFF,RETRACTED,MANUAL
23:44:04.113,4.07,44.37,0.00,0.2198896077950394,OFF,RETRACTED,MANUAL
23:44:04.249,3.61,44.51,0.00,0.17059631664869812,OFF,RETRACTED,MANUAL
23:44:04.351,3.14,44.63,0.00,0.12754874758243773,OFF,RETRACTED,MANUAL
23:44:04.455,2.66,44.74,0.00,0.0907479767833479,OFF,RETRACTED,MANUAL
23:44:04.558,2.18,44.83,0.00,0.06019492426875672,OFF,RETRACTED,MANUAL
23:44:04.659,1.69,44.90,0.00,0.03589035386337969,OFF,RETRACTED,MANUAL
23:44:04.760,1.19,44.95,0.00,0.017834873180163413,OFF,RETRACTED,MANUAL
23:44:04.862,0.69,44.98,0.00,0.006028933605250586,OFF,RETRACTED,MANUAL
23:44:04.963,0.19,45.00,0.00,0.00047283028646916136,OFF,RETRACTED,MANUAL
23:44:05.064,-0.31,45.00,0.00,0.0011667021261985155,OFF,RETRACTED,MANUAL
23:44:05.165,-0.80,44.98,0.00,0.008110531777560936,OFF,RETRACTED,MANUAL
23:44:05.268,-1.30,44.94,0.00,0.021304145645245853,OFF,RETRACTED,MANUAL
23:44:05.367,-1.80,44.88,0.00,0.04074721388957414,OFF,RETRACTED,MANUAL
23:44:05.471,-2.29,44.81,0.00,0.06643925043488252,OFF,RETRACTED,MANUAL
23:44:05.572,-2.77,44.72,0.00,0.09837961298154596,OFF,RETRACTED,MANUAL
23:44:05.673,-3.25,44.61,0.00,0.13656750302217802,OFF,RETRACTED,MANUAL
23:44:05.780,-3.71,44.48,0.00,0.18100196586155448,OFF,RETRACTED,MANUAL
23:44:05.881,-4.17,44.33,0.00,0.23168189064037392,OFF,RETRACTED,MANUAL
23:44:05.980,-4.62,44.17,0.00,0.2886060103631962,OFF,RETRACTED,MANUAL
23:44:06.083,-5.06,43.99,0.00,0.3517729019299338,OFF,RETRACTED,MANUAL
23:44:06.183,-5.48,43.79,0.00,0.4211809861716631,OFF,RETRACTED,MANUAL
23:44:06.283,-5.90,43.58,0.00,0.4968285278898179,OFF,RETRACTED,MANUAL
23:44:06.384,-6.29,43.34,0.00,0.5787136358998737,OFF,RETRACTED,MANUAL
23:44:06.486,-6.67,43.09,0.00,0.666834263078357,OFF,RETRACTED,MANUAL
23:44:06.587,-7.04,42.82,0.00,0.76118820641409,OFF,RETRACTED,MANUAL
23:44:06.690,-7.38,42.54,0.00,0.8617731070635841,OFF,RETRACTED,MANUAL
23:44:06.791,-7.71,42.24,0.00,0.96858645040939,OFF,RETRACTED,MANUAL
23:44:06.891,-8.02,41.92,0.00,1.0816255661236482,OFF,RETRACTED,MANUAL
23:44:06.995,-8.31,41.58,0.00,1.2008876282342555,OFF,RETRACTED,MANUAL
23:44:07.094,-8.58,41.23,0.00,1.3263696551958049,OFF,RETRACTED,MANUAL
23:44:07.197,-8.82,40.86,0.00,1.4580685099643347,OFF,RETRACTED,MANUAL
23:44:07.297,-9.05,40.48,0.00,1.5959809000751193,OFF,RETRACTED,MANUAL
23:44:07.400,-9.25,40.08,0.00,1.7401033777258021,OFF,RETRACTED,MANUAL
23:44:07.499,-9.43,39.66,0.00,1.8904323398618885,OFF,RETRACTED,MANUAL
23:44:07.603,-9.58,39.22,0.00,2.0469640282669843,OFF,RETRACTED,MANUAL
23:44:07.703,-9.71,38.78,0.00,2.20969452965727,OFF,RETRACTED,MANUAL
23:44:07.804,-9.82,38.31,0.00,2.3786197757785033,OFF,RETRACTED,MANUAL
23:44:07.906,-9.90,37.83,0.00,2.5537355435084805,OFF,RETRACTED,MANUAL
23:44:08.006,-9.96,37.34,0.00,2.7350374549620824,OFF,RETRACTED,MANUAL
23:44:08.108,-9.99,36.83,0.00,2.9225209776008114,OFF,RETRACTED,MANUAL
23:44:08.208,-10.00,36.30,0.00,3.1161814243466495,OFF,RETRACTED,MANUAL
23:44:08.309,-9.98,35.76,0.00,3.3160139536981887,OFF,RETRACTED,MANUAL
23:44:08.410,-9.94,35.21,0.00,3.5220135698529305,OFF,RETRACTED,MANUAL
23:44:08.509,-9.87,34.64,0.00,3.734175122831033,OFF,RETRACTED,MANUAL
23:44:08.619,-9.78,34.06,0.00,3.9524933086045735,OFF,RETRACTED,MANUAL
23:44:08.728,-9.66,33.47,0.00,4.176962669230619,OFF,RETRACTED,MANUAL
23:44:08.860,-9.52,32.86,0.00,4.407577592986513,OFF,RETRACTED,MANUAL
23:44:08.973,-9.36,32.24,0.00,4.644332314511473,OFF,RETRACTED,MANUAL
23:44:09.090,-9.17,31.60,0.00,4.887220914949637,OFF,RETRACTED,MANUAL
23:44:09.192,-8.96,30.95,0.00,5.136237322098481,OFF,RETRACTED,MANUAL
23:44:09.295,-8.73,30.30,0.00,5.391375310561131,OFF,RETRACTED,MANUAL
23:44:09.400,-8.47,29.62,0.00,5.6526285019008355,OFF,RETRACTED,MANUAL
23:44:09.500,-8.20,28.94,0.00,5.919990364801748,OFF,RETRACTED,MANUAL
23:44:09.602,-7.90,28.25,0.00,6.193454215231071,OFF,RETRACTED,MANUAL
23:44:09.703,-7.59,27.54,0.00,6.473013216606574,OFF,RETRACTED,MANUAL
23:44:09.807,-7.25,26.82,0.00,6.758660379968177,OFF,RETRACTED,MANUAL
23:44:09.908,-6.90,26.09,0.00,7.050388564151234,OFF,RETRACTED,MANUAL
23:44:10.010,-6.53,25.36,0.00,7.348190475966817,OFF,RETRACTED,MANUAL
23:44:10.111,-6.14,24.61,0.00,7.6520586703824165,OFF,RETRACTED,MANUAL
23:44:10.213,-5.74,23.85,0.00,7.961985550708732,OFF,RETRACTED,MANUAL
23:44:10.316,-5.32,23.08,0.00,8.277963368790381,OFF,RETRACTED,MANUAL
23:44:10.416,-4.89,22.30,0.00,8.599984225197915,OFF,RETRACTED,MANUAL
23:44:10.806,-4.45,21.52,0.00,8.92804006942714,OFF,RETRACTED,MANUAL
23:44:10.812,-4.00,20.72,0.00,9.262122700098786,OFF,RETRACTED,MANUAL
23:44:10.815,-3.53,19.92,0.00,9.602223765164325,OFF,RETRACTED,MANUAL
23:44:10.832,-3.06,19.11,0.00,9.948334762115223,OFF,RETRACTED,MANUAL
23:44:10.933,-2.58,18.29,0.00,10.300447038194164,OFF,RETRACTED,MANUAL
23:44:11.034,-2.09,17.46,0.00,10.658551790613075,OFF,RETRACTED,MANUAL
23:44:11.136,-1.60,16.63,0.00,11.022640066771515,OFF,RETRACTED,MANUAL
23:44:11.241,-1.11,15.79,0.00,11.392702764481328,OFF,RETRACTED,MANUAL
23:44:11.341,-0.61,14.95,0.00,11.768730632194803,OFF,RETRACTED,MANUAL
23:44:11.444,-0.11,14.09,0.00,12.150714269234328,OFF,RETRACTED,MANUAL
23:44:11.547,0.39,13.24,0.00,12.538644126029482,OFF,RETRACTED,MANUAL
23:44:11.646,0.89,12.37,0.00,12.932510504353672,OFF,RETRACTED,MANUAL
23:44:11.747,1.39,11.51,0.00,13.33230355756777,OFF,RETRACTED,MANUAL
23:44:11.974,1.88,10.63,0.00,13.738013290866746,OFF,RETRACTED,MANUAL
23:44:11.980,2.37,9.76,0.00,14.14962956152786,OFF,RETRACTED,MANUAL
23:44:12.056,2.85,8.88,0.00,14.56714207916636,OFF,RETRACTED,MANUAL
23:44:12.156,3.33,7.99,0.00,14.9905404059908,OFF,RETRACTED,MANUAL
23:44:12.266,3.79,7.11,0.00,15.419813957064719,OFF,RETRACTED,MANUAL
23:44:12.372,4.25,6.22,0.00,15.854952000572297,OFF,RETRACTED,MANUAL
23:44:12.473,4.70,5.32,0.00,16.295943658084525,OFF,RETRACTED,MANUAL
23:44:12.574,5.13,4.43,0.00,16.74277790483353,OFF,RETRACTED,MANUAL
23:44:12.676,5.55,3.53,0.00,17.195443569986082,OFF,RETRACTED,MANUAL
23:44:12.779,5.96,2.63,0.00,17.65392933692388,OFF,RETRACTED,MANUAL
23:44:12.881,6.36,1.74,0.00,18.11822374352724,OFF,RETRACTED,MANUAL
23:44:12.982,6.74,0.84,0.00,18.588315182459496,OFF,RETRACTED,MANUAL
23:44:13.085,7.10,-0.06,0.00,19.06419190145985,OFF,RETRACTED,MANUAL
23:44:13.187,7.44,-0.96,0.00,19.54584200363479,OFF,RETRACTED,MANUAL
23:44:13.288,7.76,-1.86,0.00,20.033253447756465,OFF,RETRACTED,MANUAL
23:44:13.391,8.07,-2.76,0.00,20.526414048564902,OFF,RETRACTED,MANUAL
23:44:13.499,8.35,-3.66,0.00,21.025311477069977,OFF,RETRACTED,MANUAL
23:44:13.601,8.62,-4.56,0.00,21.529933260862776,OFF,RETRACTED,MANUAL
23:44:13.705,8.86,-5.45,0.00,22.040266784424574,OFF,RETRACTED,MANUAL
23:44:13.817,9.08,-6.34,0.00,22.55629928944353,OFF,RETRACTED,MANUAL
23:44:13.919,9.28,-7.23,0.00,23.078017875134577,OFF,RETRACTED,MANUAL
23:44:14.046,9.45,-8.12,0.00,23.60540949855954,OFF,RETRACTED,MANUAL
23:44:14.165,9.61,-9.00,0.00,24.138460974956047,OFF,RETRACTED,MANUAL
23:44:14.365,9.73,-9.88,0.00,24.67715897806454,OFF,RETRACTED,MANUAL
23:44:14.477,9.84,-10.76,0.00,25.22149004046267,OFF,RETRACTED,MANUAL
23:44:14.579,9.91,-11.63,0.00,25.771440553902977,OFF,RETRACTED,MANUAL
23:44:14.681,9.97,-12.50,0.00,26.326996769650492,OFF,RETRACTED,MANUAL
23:44:14.784,9.99,-13.36,0.00,26.88814479882953,OFF,RETRACTED,MANUAL
23:44:14.887,10.00,-14.22,0.00,27.454870612768218,OFF,RETRACTED,MANUAL
23:44:14.988,9.98,-15.07,0.00,28.02716004335025,OFF,RETRACTED,MANUAL
23:44:15.090,9.93,-15.91,0.00,28.604998783370576,OFF,RETRACTED,MANUAL
23:44:15.193,9.86,-16.75,0.00,29.188372386889938,OFF,RETRACTED,MANUAL
23:44:15.295,9.76,-17.58,0.00,29.77726626959941,OFF,RETRACTED,MANUAL
23:44:15.397,9.64,-18.41,0.00,30.371665709182253,OFF,RETRACTED,MANUAL
23:44:15.501,9.50,-19.23,0.00,30.971555845682985,OFF,RETRACTED,MANUAL
23:44:15.600,9.33,-20.04,0.00,31.576921681880265,OFF,RETRACTED,MANUAL
23:44:15.701,9.14,-20.84,0.00,32.187748083658875,OFF,RETRACTED,MANUAL
23:44:15.804,8.92,-21.63,0.00,32.80401978039143,OFF,RETRACTED,MANUAL
23:44:15.906,8.69,-22.42,0.00,33.42572136531723,OFF,RETRACTED,MANUAL
23:44:16.008,8.43,-23.19,0.00,34.052837295928555,OFF,RETRACTED,MANUAL
23:44:16.109,8.15,-23.96,0.00,34.68535189436071,OFF,RETRACTED,MANUAL
23:44:16.211,7.85,-24.71,0.00,35.32324934778072,OFF,RETRACTED,MANUAL
23:44:16.313,7.53,-25.46,0.00,35.96651370878644,OFF,RETRACTED,MANUAL
23:44:16.415,7.19,-26.20,0.00,36.61512889580189,OFF,RETRACTED,MANUAL
23:44:16.516,6.84,-26.93,0.00,37.26907869348065,OFF,RETRACTED,MANUAL
23:44:16.617,6.46,-27.64,0.00,37.92834675311286,OFF,RETRACTED,MANUAL
23:44:16.718,6.07,-28.35,0.00,38.59291659303034,OFF,RETRACTED,MANUAL
23:44:16.818,5.67,-29.04,0.00,39.262771599022756,OFF,RETRACTED,MANUAL
23:44:16.919,5.25,-29.72,0.00,39.93789502474928,OFF,RETRACTED,MANUAL
23:44:17.022,4.82,-30.39,0.00,40.618269992158986,OFF,RETRACTED,MANUAL
23:44:17.126,4.37,-31.05,0.00,41.303879491914074,OFF,RETRACTED,MANUAL
23:44:17.228,3.92,-31.69,0.00,41.9947063838118,OFF,RETRACTED,MANUAL
23:44:17.329,3.45,-32.33,0.00,42.69073339721683,OFF,RETRACTED,MANUAL
23:44:17.432,2.98,-32.95,0.00,43.3919431314896,OFF,RETRACTED,MANUAL
23:44:17.533,2.50,-33.55,0.00,44.09831805642273,OFF,RETRACTED,MANUAL
23:44:17.634,2.01,-34.14,0.00,44.80984051268095,OFF,RETRACTED,MANUAL
23:44:17.737,1.52,-34.72,0.00,45.52649271223882,OFF,RETRACTED,MANUAL
23:44:17.838,1.02,-35.29,0.00,46.24825673882978,OFF,RETRACTED,MANUAL
23:44:17.937,0.53,-35.84,0.00,46.975114548390195,OFF,RETRACTED,MANUAL
23:44:18.038,0.03,-36.38,0.00,47.70704796951222,OFF,RETRACTED,MANUAL
23:44:18.139,-0.47,-36.90,0.00,48.444038703899395,OFF,RETRACTED,MANUAL
23:44:18.240,-0.97,-37.41,0.00,49.18606832682079,OFF,RETRACTED,MANUAL
23:44:18.342,-1.47,-37.90,0.00,49.933118287575496,OFF,RETRACTED,MANUAL
23:44:18.445,-1.96,-38.38,0.00,50.68516990995283,OFF,RETRACTED,MANUAL
23:44:18.544,-2.45,-38.84,0.00,51.442204392700944,OFF,RETRACTED,MANUAL
23:44:18.647,-2.93,-39.29,0.00,52.204202809998236,OFF,RETRACTED,MANUAL
23:44:18.746,-3.40,-39.72,0.00,52.97114611192288,OFF,RETRACTED,MANUAL
23:44:18.847,-3.87,-40.13,0.00,53.74301512493335,OFF,RETRACTED,MANUAL
23:44:18.947,-4.33,-40.53,0.00,54.519790552344006,OFF,RETRACTED,MANUAL
23:44:19.048,-4.77,-40.92,0.00,55.30145297480905,OFF,RETRACTED,MANUAL
23:44:19.148,-5.20,-41.28,0.00,56.08798285080974,OFF,RETRACTED,MANUAL
23:44:19.249,-5.62,-41.63,0.00,56.87936051713902,OFF,RETRACTED,MANUAL
23:44:19.350,-6.03,-41.96,0.00,57.675566189397586,OFF,RETRACTED,MANUAL
23:44:19.451,-6.42,-42.28,0.00,58.47657996248455,OFF,RETRACTED,MANUAL
23:44:19.554,-6.80,-42.58,0.00,59.282381811096684,OFF,RETRACTED,MANUAL
23:44:19.656,-7.16,-42.86,0.00,60.09295159023094,OFF,RETRACTED,MANUAL
23:44:19.756,-7.50,-43.13,0.00,60.908269035683844,OFF,RETRACTED,MANUAL
23:44:19.858,-7.82,-43.38,0.00,61.72831376456293,OFF,RETRACTED,MANUAL
23:44:19.960,-8.12,-43.61,0.00,62.55306527579211,OFF,RETRACTED,MANUAL
23:44:20.065,-8.40,-43.82,0.00,63.382502950625934,OFF,RETRACTED,MANUAL
23:44:20.167,-8.66,-44.02,0.00,64.21660605316694,OFF,RETRACTED,MANUAL
23:44:20.269,-8.90,-44.20,0.00,65.05535373087983,OFF,RETRACTED,MANUAL
23:44:20.369,-9.12,-44.36,0.00,65.89872501511752,OFF,RETRACTED,MANUAL
23:44:20.471,-9.31,-44.50,0.00,66.74669882164122,OFF,RETRACTED,MANUAL
23:44:20.570,-9.48,-44.62,0.00,67.59925395114936,OFF,RETRACTED,MANUAL
23:44:20.671,-9.63,-44.73,0.00,68.4563690898093,OFF,RETRACTED,MANUAL
23:44:20.772,-9.75,-44.82,0.00,69.31802280978599,OFF,RETRACTED,MANUAL
23:44:20.873,-9.85,-44.89,0.00,70.18419356978251,OFF,RETRACTED,MANUAL
23:44:20.973,-9.92,-44.95,0.00,71.05485971557442,OFF,RETRACTED,MANUAL
23:44:21.075,-9.97,-44.98,0.00,71.9299994805528,OFF,RETRACTED,MANUAL
23:44:21.176,-10.00,-45.00,0.00,72.80959098627028,OFF,RETRACTED,MANUAL
23:44:21.275,-10.00,-45.00,0.00,73.69361224298382,OFF,RETRACTED,MANUAL
23:44:21.377,-9.97,-44.98,0.00,74.5820411502093,OFF,RETRACTED,MANUAL
23:44:21.479,-9.92,-44.94,0.00,75.47485549726969,OFF,RETRACTED,MANUAL
23:44:21.578,-9.84,-44.89,0.00,76.37203296385218,OFF,RETRACTED,MANUAL
23:44:21.681,-9.74,-44.82,0.00,77.27355112056807,OFF,RETRACTED,MANUAL
23:44:21.782,-9.62,-44.72,0.00,78.17938742950918,OFF,RETRACTED,MANUAL
23:44:21.884,-9.47,-44.62,0.00,79.08951924481619,OFF,RETRACTED,MANUAL
23:44:21.990,-9.30,-44.49,0.00,80.0039238132405,OFF,RETRACTED,MANUAL
23:44:22.094,-9.10,-44.35,0.00,80.92257827471488,OFF,RETRACTED,MANUAL
23:44:22.195,-8.89,-44.18,0.00,81.84545966292694,OFF,RETRACTED,MANUAL
23:44:22.296,-8.65,-44.01,0.00,82.77254490588876,OFF,RETRACTED,MANUAL
23:44:22.397,-8.38,-43.81,0.00,83.70381082651878,OFF,RETRACTED,MANUAL
23:44:22.498,-8.10,-43.59,0.00,84.63923414321695,OFF,RETRACTED,MANUAL
23:44:22.601,-7.80,-43.36,0.00,85.5787914704483,OFF,RETRACTED,MANUAL
23:44:22.702,-7.47,-43.11,0.00,86.52245931932998,OFF,RETRACTED,MANUAL
23:44:22.801,-7.13,-42.85,0.00,87.47021409821355,OFF,RETRACTED,MANUAL
23:44:22.904,-6.77,-42.56,0.00,88.42203211328027,OFF,RETRACTED,MANUAL
23:44:23.003,-6.40,-42.26,0.00,89.37788956912863,OFF,RETRACTED,MANUAL
23:44:23.104,-6.01,-41.94,0.00,90.33776256937134,OFF,RETRACTED,MANUAL
23:44:23.204,-5.60,-41.61,0.00,91.3016271172348,OFF,RETRACTED,MANUAL
23:44:23.305,-5.18,-41.26,0.00,92.26945911615411,OFF,RETRACTED,MANUAL
23:44:23.406,-4.74,-40.89,0.00,93.24123437038108,OFF,RETRACTED,MANUAL
23:44:23.506,-4.30,-40.51,0.00,94.21692858558424,OFF,RETRACTED,MANUAL
23:44:23.607,-3.84,-40.11,0.00,95.1965173694584,OFF,RETRACTED,MANUAL
23:44:23.708,-3.37,-39.69,0.00,96.17997623233637,OFF,RETRACTED,MANUAL
23:44:23.808,-2.90,-39.26,0.00,97.16728058779637,OFF,RETRACTED,MANUAL
23:44:23.909,-2.42,-38.81,0.00,98.15840575328232,OFF,RETRACTED,MANUAL
23:44:24.012,-1.93,-38.35,0.00,99.15332695071604,OFF,RETRACTED,MANUAL
23:44:24.112,-1.44,-37.87,0.00,100.15201930711874,OFF,RETRACTED,MANUAL
23:44:24.215,-0.94,-37.38,0.00,101.15445785523485,OFF,RETRACTED,MANUAL
23:44:24.314,-0.44,-36.87,0.00,102.1606175341515,OFF,RETRACTED,MANUAL
23:44:24.415,0.06,-36.34,0.00,103.17047318993059,OFF,RETRACTED,MANUAL
23:44:24.515,0.56,-35.81,0.00,104.18399957623254,OFF,RETRACTED,MANUAL
23:44:24.618,1.06,-35.25,0.00,105.20117135494979,OFF,RETRACTED,MANUAL
23:44:24.718,1.55,-34.69,0.00,106.22196309684227,OFF,RETRACTED,MANUAL
23:44:24.824,2.04,-34.11,0.00,107.24634928216821,OFF,RETRACTED,MANUAL
23:44:24.953,2.53,-33.51,0.00,108.27430430132776,OFF,RETRACTED,MANUAL
23:44:25.055,3.01,-32.91,0.00,109.3058024554982,OFF,RETRACTED,MANUAL
23:44:25.161,3.48,-32.29,0.00,110.34081795727872,OFF,RETRACTED,MANUAL
23:44:25.260,3.95,-31.65,0.00,111.37932493133712,OFF,RETRACTED,MANUAL
23:44:25.361,4.40,-31.01,0.00,112.4212974150517,OFF,RETRACTED,MANUAL
23:44:25.466,4.84,-30.35,0.00,113.46670935916609,OFF,RETRACTED,MANUAL
23:44:25.572,5.28,-29.68,0.00,114.51553462843538,OFF,RETRACTED,MANUAL
23:44:25.673,5.69,-29.00,0.00,115.56774700228175,OFF,RETRACTED,MANUAL
23:44:25.776,6.10,-28.30,0.00,116.62332017545216,OFF,RETRACTED,MANUAL
23:44:25.875,6.49,-27.60,0.00,117.6822277586707,OFF,RETRACTED,MANUAL
23:44:25.977,6.86,-26.88,0.00,118.74444327930453,OFF,RETRACTED,MANUAL
23:44:26.080,7.21,-26.15,0.00,119.80994018202011,OFF,RETRACTED,MANUAL
23:44:26.180,7.55,-25.42,0.00,120.87869182944968,OFF,RETRACTED,MANUAL
23:44:26.280,7.87,-24.67,0.00,121.95067150285922,OFF,RETRACTED,MANUAL
23:44:26.384,8.17,-23.91,0.00,123.0258524028112,OFF,RETRACTED,MANUAL
23:44:26.485,8.45,-23.14,0.00,124.10420764984062,OFF,RETRACTED,MANUAL
23:44:26.588,8.70,-22.37,0.00,125.18571028512174,OFF,RETRACTED,MANUAL
23:44:26.688,8.94,-21.58,0.00,126.27033327114421,OFF,RETRACTED,MANUAL
23:44:26.788,9.15,-20.79,0.00,127.35804949239144,OFF,RETRACTED,MANUAL
23:44:26.889,9.34,-19.98,0.00,128.44883175601302,OFF,RETRACTED,MANUAL
23:44:26.990,9.51,-19.17,0.00,129.54265279251064,OFF,RETRACTED,MANUAL
23:44:27.092,9.65,-18.36,0.00,130.63948525641467,OFF,RETRACTED,MANUAL
23:44:27.192,9.77,-17.53,0.00,131.7393017269698,OFF,RETRACTED,MANUAL
23:44:27.293,9.86,-16.70,0.00,132.84207470882316,OFF,RETRACTED,MANUAL
23:44:27.393,9.93,-15.86,0.00,133.94777663270602,OFF,RETRACTED,MANUAL
23:44:27.494,9.98,-15.01,0.00,135.05637985612947,OFF,RETRACTED,MANUAL
23:44:27.595,10.00,-14.16,0.00,136.16785666406992,OFF,RETRACTED,MANUAL
23:44:27.697,9.99,-13.31,0.00,137.28217926966417,OFF,RETRACTED,MANUAL
23:44:27.798,9.96,-12.44,0.00,138.3993198149068,OFF,RETRACTED,MANUAL
23:44:27.901,9.91,-11.58,0.00,139.5192503713407,OFF,RETRACTED,MANUAL
23:44:28.001,9.83,-10.70,0.00,140.6419429407619,OFF,RETRACTED,MANUAL
23:44:28.103,9.73,-9.83,0.00,141.7673694559139,OFF,RETRACTED,MANUAL
23:44:28.203,9.60,-8.95,0.00,142.89550178119157,OFF,RETRACTED,MANUAL
23:44:28.304,9.44,-8.06,0.00,144.02631171334718,OFF,RETRACTED,MANUAL
23:44:28.405,9.27,-7.18,0.00,145.15977098218966,OFF,RETRACTED,MANUAL
23:44:28.505,9.07,-6.29,0.00,146.295851251298,OFF,RETRACTED,MANUAL
23:44:28.606,8.85,-5.39,0.00,147.43452411872377,OFF,RETRACTED,MANUAL
23:44:28.708,8.60,-4.50,0.00,148.57576111770385,OFF,RETRACTED,MANUAL
23:44:28.809,8.34,-3.60,0.00,149.71953371737428,OFF,RETRACTED,MANUAL
23:44:28.912,8.05,-2.71,0.00,150.865813323478,OFF,RETRACTED,MANUAL
23:44:29.013,7.74,-1.81,0.00,152.01457127908625,OFF,RETRACTED,MANUAL
23:44:29.113,7.42,-0.91,0.00,153.1657788653091,OFF,RETRACTED,MANUAL
23:44:29.216,7.07,-0.01,0.00,154.3194073020161,OFF,RETRACTED,MANUAL
23:44:29.317,6.71,0.89,0.00,155.47542774855793,OFF,RETRACTED,MANUAL
23:44:29.416,6.33,1.79,0.00,156.63381130448215,OFF,RETRACTED,MANUAL
23:44:29.517,5.94,2.69,0.00,157.79452901026173,OFF,RETRACTED,MANUAL
23:44:29.618,5.53,3.59,0.00,158.9575518480137,OFF,RETRACTED,MANUAL
23:44:29.719,5.11,4.48,0.00,160.12285074222683,OFF,RETRACTED,MANUAL
23:44:29.819,4.67,5.38,0.00,161.29039656049116,OFF,RETRACTED,MANUAL
23:44:29.920,4.22,6.27,0.00,162.46016011422037,OFF,RETRACTED,MANUAL
23:44:30.021,3.76,7.16,0.00,163.63211215938819,OFF,RETRACTED,MANUAL
23:44:30.121,3.30,8.05,0.00,164.8062233972537,OFF,RETRACTED,MANUAL
23:44:30.222,2.82,8.93,0.00,165.98246447509626,OFF,RETRACTED,MANUAL
23:44:30.323,2.34,9.81,0.00,167.16080598695186,OFF,RETRACTED,MANUAL
23:44:30.424,1.85,10.69,0.00,168.34121847434244,OFF,RETRACTED,MANUAL
23:44:30.524,1.35,11.56,0.00,169.52367242701894,OFF,RETRACTED,MANUAL
23:44:30.625,0.86,12.43,0.00,170.70813828369324,OFF,RETRACTED,MANUAL
23:44:30.726,0.36,13.29,0.00,171.8945864327799,OFF,RETRACTED,MANUAL
23:44:30.829,-0.14,14.15,0.00,173.08298721313855,OFF,RETRACTED,MANUAL
23:44:30.928,-0.64,15.00,0.00,174.27331091480997,OFF,RETRACTED,MANUAL
23:44:31.029,-1.14,15.85,0.00,175.46552777976524,OFF,RETRACTED,MANUAL
23:44:31.130,-1.63,16.68,0.00,176.65960800264406,OFF,RETRACTED,MANUAL
23:44:31.231,-2.13,17.52,0.00,177.8555217315021,OFF,RETRACTED,MANUAL
23:44:31.331,-2.61,18.34,0.00,179.05323906856023,OFF,RETRACTED,MANUAL
23:44:31.433,-3.09,19.16,0.00,180.25273007094563,OFF,RETRACTED,MANUAL
23:44:31.534,-3.56,19.97,0.00,181.45396475144744,OFF,RETRACTED,MANUAL
23:44:31.634,-4.02,20.77,0.00,182.6569130792604,OFF,RETRACTED,MANUAL
23:44:31.738,-4.48,21.57,0.00,183.86154498073802,OFF,RETRACTED,MANUAL
23:44:31.838,-4.92,22.35,0.00,185.06783034014728,OFF,RETRACTED,MANUAL
23:44:31.939,-5.35,23.13,0.00,186.27573900041534,OFF,RETRACTED,MANUAL
23:44:32.039,-5.76,23.90,0.00,187.48524076389023,OFF,RETRACTED,MANUAL
23:44:32.140,-6.16,24.65,0.00,188.69630539309009,OFF,RETRACTED,MANUAL
23:44:32.240,-6.55,25.40,0.00,189.90890261146134,OFF,RETRACTED,MANUAL
23:44:32.342,-6.92,26.14,0.00,191.12300210413844,OFF,RETRACTED,MANUAL
23:44:32.445,-7.27,26.87,0.00,192.33857351869554,OFF,RETRACTED,MANUAL
23:44:32.544,-7.61,27.58,0.00,193.55558646591237,OFF,RETRACTED,MANUAL
23:44:32.646,-7.92,28.29,0.00,194.77401052052772,OFF,RETRACTED,MANUAL
23:44:32.748,-8.22,28.98,0.00,195.99381522200287,OFF,RETRACTED,MANUAL
23:44:32.848,-8.49,29.67,0.00,197.2149700752855,OFF,RETRACTED,MANUAL
23:44:32.948,-8.74,30.34,0.00,198.43744455156613,OFF,RETRACTED,MANUAL
23:44:33.049,-8.98,31.00,0.00,199.66120808904833,OFF,RETRACTED,MANUAL
23:44:33.149,-9.18,31.64,0.00,200.8862300937065,OFF,RETRACTED,MANUAL
23:44:33.250,-9.37,32.28,0.00,202.11247994005342,OFF,RETRACTED,MANUAL
23:44:33.351,-9.53,32.90,0.00,203.3399269719086,OFF,RETRACTED,MANUAL
23:44:33.453,-9.67,33.50,0.00,204.56854050315837,OFF,RETRACTED,MANUAL
23:44:33.552,-9.79,34.10,0.00,205.79828981853024,OFF,RETRACTED,MANUAL
23:44:33.654,-9.88,34.68,0.00,207.02914417435449,OFF,RETRACTED,MANUAL
23:44:33.756,-9.94,35.24,0.00,208.2610727993354,OFF,RETRACTED,MANUAL
23:44:33.855,-9.98,35.80,0.00,209.49404489532333,OFF,RETRACTED,MANUAL
23:44:33.956,-10.00,36.34,0.00,210.72802963807834,OFF,RETRACTED,MANUAL
23:44:34.057,-9.99,36.86,0.00,211.96299617804783,OFF,RETRACTED,MANUAL
23:44:34.158,-9.96,37.37,0.00,213.19891364113175,OFF,RETRACTED,MANUAL
23:44:34.258,-9.90,37.86,0.00,214.4357511294571,OFF,RETRACTED,MANUAL
23:44:34.359,-9.81,38.34,0.00,215.67347772215277,OFF,RETRACTED,MANUAL
23:44:34.460,-9.71,38.80,0.00,216.91206247611666,OFF,RETRACTED,MANUAL
23:44:34.561,-9.57,39.25,0.00,218.1514744267962,OFF,RETRACTED,MANUAL
23:44:34.662,-9.42,39.68,0.00,219.3916825889563,OFF,RETRACTED,MANUAL
23:44:34.764,-9.24,40.10,0.00,220.6326559574566,OFF,RETRACTED,MANUAL
23:44:34.864,-9.03,40.50,0.00,221.87436350802932,OFF,RETRACTED,MANUAL
23:44:34.964,-8.81,40.89,0.00,223.11677419804857,OFF,RETRACTED,MANUAL
23:44:35.065,-8.56,41.25,0.00,224.3598569673136,OFF,RETRACTED,MANUAL
23:44:35.166,-8.29,41.60,0.00,225.60358073881898,OFF,RETRACTED,MANUAL
23:44:35.266,-8.00,41.94,0.00,226.8479144195344,OFF,RETRACTED,MANUAL
23:44:35.367,-7.69,42.26,0.00,228.09282690118437,OFF,RETRACTED,MANUAL
23:44:35.470,-7.36,42.56,0.00,229.3382870610199,OFF,RETRACTED,MANUAL
23:44:35.571,-7.01,42.84,0.00,230.5842637626037,OFF,RETRACTED,MANUAL
23:44:35.670,-6.65,43.11,0.00,231.8307258565822,OFF,RETRACTED,MANUAL
23:44:35.772,-6.27,43.36,0.00,233.07764218146707,OFF,RETRACTED,MANUAL
23:44:35.872,-5.87,43.59,0.00,234.3249815644169,OFF,RETRACTED,MANUAL
23:44:35.973,-5.46,43.81,0.00,235.57271282201037,OFF,RETRACTED,MANUAL
23:44:36.075,-5.03,44.00,0.00,236.82080476103272,OFF,RETRACTED,MANUAL
23:44:36.175,-4.59,44.18,0.00,238.06922617924965,OFF,RETRACTED,MANUAL
23:44:36.278,-4.15,44.34,0.00,239.3179458661898,OFF,RETRACTED,MANUAL
23:44:36.377,-3.69,44.49,0.00,240.56693260392782,OFF,RETRACTED,MANUAL
23:44:36.480,-3.22,44.61,0.00,241.81615516785857,OFF,RETRACTED,MANUAL
23:44:36.581,-2.74,44.72,0.00,243.06558232748478,OFF,RETRACTED,MANUAL
23:44:36.691,-2.25,44.81,0.00,244.3151828471916,OFF,RETRACTED,MANUAL
23:44:36.803,-1.76,44.89,0.00,245.56492548703028,OFF,RETRACTED,MANUAL
23:44:36.911,-1.27,44.94,0.00,246.8147790035017,OFF,RETRACTED,MANUAL
23:44:37.013,-0.77,44.98,0.00,248.06471215033125,OFF,RETRACTED,MANUAL
23:44:37.117,-0.27,45.00,0.00,249.3146936792571,OFF,RETRACTED,MANUAL
23:44:37.221,0.23,45.00,0.00,250.5646923408053,OFF,RETRACTED,MANUAL
23:44:37.328,0.73,44.98,0.00,251.81467688507348,OFF,RETRACTED,MANUAL
23:44:37.432,1.22,44.95,0.00,253.06461606251497,OFF,RETRACTED,MANUAL
23:44:37.546,1.72,44.89,0.00,254.3144786247136,OFF,RETRACTED,MANUAL
23:44:37.648,2.21,44.82,0.00,255.5642333251722,OFF,RETRACTED,MANUAL
23:44:37.748,2.69,44.73,0.00,256.8138489200875,OFF,RETRACTED,MANUAL
23:44:37.848,3.17,44.63,0.00,258.06329416913377,OFF,RETRACTED,MANUAL
23:44:37.949,3.64,44.50,0.00,259.3125378362467,OFF,RETRACTED,MANUAL
23:44:38.049,4.10,44.36,0.00,260.56154869039784,OFF,RETRACTED,MANUAL
23:44:38.151,4.55,44.20,0.00,261.8102955063827,OFF,RETRACTED,MANUAL
23:44:38.253,4.99,44.02,0.00,263.058747065595,OFF,RETRACTED,MANUAL
23:44:38.353,5.42,43.82,0.00,264.30687215680996,OFF,RETRACTED,MANUAL
23:44:38.455,5.83,43.61,0.00,265.55463957696696,OFF,RETRACTED,MANUAL
23:44:38.559,6.23,43.38,0.00,266.80201813194384,OFF,RETRACTED,MANUAL
23:44:38.659,6.61,43.13,0.00,268.0489766373434,OFF,RETRACTED,MANUAL
23:44:38.762,6.98,42.87,0.00,269.2954839192671,OFF,RETRACTED,MANUAL
23:44:38.862,7.33,42.59,0.00,270.5415088150969,OFF,RETRACTED,MANUAL
23:44:38.964,7.66,42.29,0.00,271.787020174277,OFF,RETRACTED,MANUAL
23:44:39.065,7.97,41.97,0.00,273.0319868590867,OFF,RETRACTED,MANUAL
23:44:39.167,8.26,41.64,0.00,274.27637774542535,OFF,RETRACTED,MANUAL
23:44:39.268,8.53,41.29,0.00,275.52016172358475,OFF,RETRACTED,MANUAL
23:44:39.369,8.78,40.92,0.00,276.7633076990293,OFF,RETRACTED,MANUAL
23:44:39.470,9.01,40.54,0.00,278.00578459317626,OFF,RETRACTED,MANUAL
23:44:39.571,9.22,40.14,0.00,279.2475613441661,OFF,RETRACTED,MANUAL
23:44:39.673,9.40,39.73,0.00,280.48860690764656,OFF,RETRACTED,MANUAL
23:44:39.772,9.56,39.29,0.00,281.7288902575423,OFF,RETRACTED,MANUAL
23:44:39.873,9.69,38.85,0.00,282.9683803868332,OFF,RETRACTED,MANUAL
23:44:39.976,9.80,38.39,0.00,284.2070463083324,OFF,RETRACTED,MANUAL
23:44:40.078,9.89,37.91,0.00,285.4448570554547,OFF,RETRACTED,MANUAL
23:44:40.178,9.95,37.42,0.00,286.6817816829975,OFF,RETRACTED,MANUAL
23:44:40.279,9.99,36.91,0.00,287.9177892679088,OFF,RETRACTED,MANUAL
23:44:40.380,10.00,36.39,0.00,289.15284891006235,OFF,RETRACTED,MANUAL
23:44:40.480,9.99,35.85,0.00,290.38692973303324,OFF,RETRACTED,MANUAL
23:44:40.581,9.95,35.30,0.00,291.62000088486343,OFF,RETRACTED,MANUAL
23:44:40.684,9.89,34.73,0.00,292.8520315388401,OFF,RETRACTED,MANUAL
23:44:40.796,9.80,34.15,0.00,294.08299089426015,OFF,RETRACTED,MANUAL
23:44:40.905,9.68,33.56,0.00,295.31284817720297,OFF,RETRACTED,MANUAL
23:44:41.005,9.55,32.96,0.00,296.54157264130225,OFF,RETRACTED,MANUAL
23:44:41.106,9.39,32.34,0.00,297.76913356850866,OFF,RETRACTED,MANUAL
23:44:41.208,9.20,31.70,0.00,298.99550026986475,OFF,RETRACTED,MANUAL
23:44:41.309,9.00,31.06,0.00,300.2206420862659,OFF,RETRACTED,MANUAL
23:44:41.412,8.77,30.40,0.00,301.4445283892297,OFF,RETRACTED,MANUAL
23:44:41.514,8.52,29.73,0.00,302.66712858166403,OFF,RETRACTED,MANUAL
23:44:41.619,8.24,29.05,0.00,303.888412098626,OFF,RETRACTED,MANUAL
23:44:41.719,7.95,28.36,0.00,305.1083484080931,OFF,RETRACTED,MANUAL
23:44:41.822,7.64,27.65,0.00,306.3269070117202,OFF,RETRACTED,MANUAL
23:44:41.924,7.30,26.94,0.00,307.54405744560484,OFF,RETRACTED,MANUAL
23:44:42.025,6.95,26.21,0.00,308.75976928105126,OFF,RETRACTED,MANUAL
23:44:42.125,6.59,25.47,0.00,309.9740121253252,OFF,RETRACTED,MANUAL
23:44:42.226,6.20,24.73,0.00,311.18675562242055,OFF,RETRACTED,MANUAL
23:44:42.330,5.80,23.97,0.00,312.3979694538121,OFF,RETRACTED,MANUAL
23:44:42.433,5.39,23.20,0.00,313.6076233392164,OFF,RETRACTED,MANUAL
23:44:42.535,4.96,22.43,0.00,314.8156870373509,OFF,RETRACTED,MANUAL
23:44:42.635,4.52,21.64,0.00,316.02213034668443,OFF,RETRACTED,MANUAL
23:44:42.736,4.07,20.85,0.00,317.22692310619885,OFF,RETRACTED,MANUAL
23:44:42.837,3.61,20.05,0.00,318.430035196137,OFF,RETRACTED,MANUAL
23:44:42.940,3.14,19.24,0.00,319.6314365387584,OFF,RETRACTED,MANUAL
23:44:43.039,2.66,18.42,0.00,320.8310970990939,OFF,RETRACTED,MANUAL
23:44:43.141,2.17,17.60,0.00,322.0289868856901,OFF,RETRACTED,MANUAL
23:44:43.244,1.68,16.76,0.00,323.22507595136653,OFF,RETRACTED,MANUAL
23:44:43.344,1.19,15.93,0.00,324.419334393958,OFF,RETRACTED,MANUAL
23:44:43.445,0.69,15.08,0.00,325.6117323570648,OFF,RETRACTED,MANUAL
23:44:43.545,0.19,14.23,0.00,326.8022400308016,OFF,RETRACTED,MANUAL
23:44:43.646,-0.31,13.37,0.00,327.9908276525369,OFF,RETRACTED,MANUAL
23:44:43.749,-0.81,12.51,0.00,329.1774655076438,OFF,RETRACTED,MANUAL
23:44:43.849,-1.31,11.65,0.00,330.36212393023675,OFF,RETRACTED,MANUAL
23:44:43.949,-1.80,10.77,0.00,331.54477330391614,OFF,RETRACTED,MANUAL
23:44:44.052,-2.29,9.90,0.00,332.7253840625109,OFF,RETRACTED,MANUAL
23:44:44.151,-2.77,9.02,0.00,333.9039266908119,OFF,RETRACTED,MANUAL
23:44:44.252,-3.25,8.13,0.00,335.08037172531647,OFF,RETRACTED,MANUAL
23:44:44.354,-3.72,7.25,0.00,336.2546897549591,OFF,RETRACTED,MANUAL
23:44:44.455,-4.18,6.36,0.00,337.4268514218495,OFF,RETRACTED,MANUAL
23:44:44.555,-4.63,5.47,0.00,338.59682742200863,OFF,RETRACTED,MANUAL
23:44:44.656,-5.06,4.57,0.00,339.76458850609583,OFF,RETRACTED,MANUAL
23:44:44.756,-5.49,3.68,0.00,340.9301054801464,OFF,RETRACTED,MANUAL
23:44:44.857,-5.90,2.78,0.00,342.0933492062959,OFF,RETRACTED,MANUAL
23:44:44.958,-6.30,1.88,0.00,343.254290603511,OFF,RETRACTED,MANUAL
23:44:45.059,-6.68,0.98,0.00,344.4129006483188,OFF,RETRACTED,MANUAL
23:44:45.159,-7.04,0.08,0.00,345.5691503755269,OFF,RETRACTED,MANUAL
23:44:45.260,-7.39,-0.82,0.00,346.72301087895397,OFF,RETRACTED,MANUAL
23:44:45.361,-7.71,-1.72,0.00,347.8744533121467,OFF,RETRACTED,MANUAL
23:44:45.462,-8.02,-2.62,0.00,349.0234488891035,OFF,RETRACTED,MANUAL
23:44:45.563,-8.31,-3.52,0.00,350.1699688849963,OFF,RETRACTED,MANUAL
23:44:45.664,-8.58,-4.41,0.00,351.31398463688333,OFF,RETRACTED,MANUAL
23:44:45.765,-8.82,-5.31,0.00,352.45546754443205,OFF,RETRACTED,MANUAL
23:44:45.866,-9.05,-6.20,0.00,353.5943890706284,OFF,RETRACTED,MANUAL
23:44:45.966,-9.25,-7.09,0.00,354.7307207424927,OFF,RETRACTED,MANUAL
23:44:46.066,-9.43,-7.98,0.00,355.8644341517939,OFF,RETRACTED,MANUAL
23:44:46.169,-9.58,-8.86,0.00,356.9955009557543,OFF,RETRACTED,MANUAL
23:44:46.269,-9.71,-9.74,0.00,358.1238928777643,OFF,RETRACTED,MANUAL
23:44:46.369,-9.82,-10.62,0.00,359.2495817080838,OFF,RETRACTED,MANUAL
23:44:46.470,-9.90,-11.49,0.00,360.3725393045499,OFF,RETRACTED,MANUAL
23:44:46.571,-9.96,-12.36,0.00,361.4927375932827,OFF,RETRACTED,MANUAL
23:44:46.673,-9.99,-13.22,0.00,362.61014856938175,OFF,RETRACTED,MANUAL
23:44:46.772,-10.00,-14.08,0.00,363.7247442976318,OFF,RETRACTED,MANUAL
23:44:46.873,-9.98,-14.93,0.00,364.83649691319823,OFF,RETRACTED,MANUAL
23:44:46.974,-9.94,-15.78,0.00,365.94537862232215,OFF,RETRACTED,MANUAL
23:44:47.077,-9.87,-16.62,0.00,367.0513617030201,OFF,RETRACTED,MANUAL
23:44:47.176,-9.78,-17.45,0.00,368.15441850577196,OFF,RETRACTED,MANUAL
23:44:47.279,-9.66,-18.28,0.00,369.2545214542142,OFF,RETRACTED,MANUAL
23:44:47.379,-9.52,-19.10,0.00,370.351643045832,OFF,RETRACTED,MANUAL
23:44:47.480,-9.36,-19.91,0.00,371.4457558526413,OFF,RETRACTED,MANUAL
23:44:47.580,-9.17,-20.71,0.00,372.5368325218802,OFF,RETRACTED,MANUAL
23:44:47.681,-8.96,-21.50,0.00,373.6248457766883,OFF,RETRACTED,MANUAL
23:44:47.782,-8.73,-22.29,0.00,374.70976841679,OFF,RETRACTED,MANUAL
23:44:47.883,-8.47,-23.07,0.00,375.79157331917725,OFF,RETRACTED,MANUAL
23:44:47.983,-8.20,-23.84,0.00,376.87023343878246,OFF,RETRACTED,MANUAL
23:44:48.084,-7.90,-24.59,0.00,377.94572180916026,OFF,RETRACTED,MANUAL
23:44:48.186,-7.58,-25.34,0.00,379.01801154315666,OFF,RETRACTED,MANUAL
23:44:48.286,-7.25,-26.08,0.00,380.0870758335834,OFF,RETRACTED,MANUAL
23:44:48.386,-6.89,-26.81,0.00,381.1528879538904,OFF,RETRACTED,MANUAL
23:44:48.487,-6.52,-27.53,0.00,382.21542125882877,OFF,RETRACTED,MANUAL
23:44:48.587,-6.14,-28.23,0.00,383.2746491851225,OFF,RETRACTED,MANUAL
23:44:48.688,-5.73,-28.93,0.00,384.3305452521281,OFF,RETRACTED,MANUAL
23:44:48.789,-5.32,-29.61,0.00,385.3830830624979,OFF,RETRACTED,MANUAL
23:44:48.889,-4.89,-30.28,0.00,386.4322363028432,OFF,RETRACTED,MANUAL
23:44:48.990,-4.44,-30.94,0.00,387.47797874438595,OFF,RETRACTED,MANUAL
23:44:49.092,-3.99,-31.59,0.00,388.5202842436212,OFF,RETRACTED,MANUAL
23:44:49.197,-3.53,-32.23,0.00,389.55912674296485,OFF,RETRACTED,MANUAL
23:44:49.296,-3.06,-32.85,0.00,390.594480271408,OFF,RETRACTED,MANUAL
23:44:49.397,-2.58,-33.46,0.00,391.6263189451676,OFF,RETRACTED,MANUAL
23:44:49.498,-2.09,-34.05,0.00,392.65461696832926,OFF,RETRACTED,MANUAL
23:44:49.599,-1.60,-34.63,0.00,393.6793486334974,OFF,RETRACTED,MANUAL
23:44:49.699,-1.10,-35.20,0.00,394.700488322433,OFF,RETRACTED,MANUAL
23:44:49.800,-0.61,-35.75,0.00,395.7180105066962,OFF,RETRACTED,MANUAL
23:44:49.904,-0.11,-36.29,0.00,396.73188974828696,OFF,RETRACTED,MANUAL
23:44:50.003,0.39,-36.82,0.00,397.7421007002756,OFF,RETRACTED,MANUAL
23:44:50.103,0.89,-37.33,0.00,398.7486181074423,OFF,RETRACTED,MANUAL
23:44:50.204,1.39,-37.82,0.00,399.75141680690365,OFF,RETRACTED,MANUAL
23:44:50.304,1.88,-38.30,0.00,400.7504717287437,OFF,RETRACTED,MANUAL
23:44:50.407,2.37,-38.77,0.00,401.7457578966428,OFF,RETRACTED,MANUAL
23:44:50.506,2.85,-39.22,0.00,402.7372504284972,OFF,RETRACTED,MANUAL
23:44:50.608,3.33,-39.65,0.00,403.7249245370466,OFF,RETRACTED,MANUAL
23:44:50.708,3.80,-40.07,0.00,404.70875553048916,OFF,RETRACTED,MANUAL
23:44:50.809,4.25,-40.47,0.00,405.6887188131004,OFF,RETRACTED,MANUAL
23:44:50.910,4.70,-40.86,0.00,406.66478988585084,OFF,RETRACTED,MANUAL
23:44:51.011,5.14,-41.22,0.00,407.636944347013,OFF,RETRACTED,MANUAL
23:44:51.112,5.56,-41.58,0.00,408.6051578927775,OFF,RETRACTED,MANUAL
23:44:51.215,5.97,-41.91,0.00,409.5694063178553,OFF,RETRACTED,MANUAL
23:44:51.314,6.36,-42.23,0.00,410.5296655160854,OFF,RETRACTED,MANUAL
23:44:51.417,6.74,-42.53,0.00,411.48591148103924,OFF,RETRACTED,MANUAL
23:44:51.516,7.10,-42.82,0.00,412.43812030661604,OFF,RETRACTED,MANUAL
23:44:51.618,7.44,-43.09,0.00,413.3862681876461,OFF,RETRACTED,MANUAL
23:44:51.718,7.77,-43.34,0.00,414.33033142048123,OFF,RETRACTED,MANUAL
23:44:51.819,8.07,-43.57,0.00,415.270286403589,OFF,RETRACTED,MANUAL
23:44:51.919,8.36,-43.79,0.00,416.2061096381452,OFF,RETRACTED,MANUAL
23:44:52.022,8.62,-43.99,0.00,417.13777772861636,OFF,RETRACTED,MANUAL
23:44:52.124,8.86,-44.17,0.00,418.06526738335003,OFF,RETRACTED,MANUAL
23:44:52.226,9.08,-44.33,0.00,418.9885554151525,OFF,RETRACTED,MANUAL
23:44:52.329,9.28,-44.48,0.00,419.9076187418704,OFF,RETRACTED,MANUAL
23:44:52.427,9.46,-44.61,0.00,420.8224343869698,OFF,RETRACTED,MANUAL
23:44:52.528,9.61,-44.72,0.00,421.7329794801058,OFF,RETRACTED,MANUAL
23:44:52.630,9.73,-44.81,0.00,422.6392312576999,OFF,RETRACTED,MANUAL
23:44:52.731,9.84,-44.88,0.00,423.5411670635042,OFF,RETRACTED,MANUAL
23:44:52.832,9.91,-44.94,0.00,424.4387643491698,OFF,RETRACTED,MANUAL
23:44:52.932,9.97,-44.98,0.00,425.33200067481266,OFF,RETRACTED,MANUAL
23:44:53.033,10.00,-45.00,0.00,426.22085370956995,OFF,RETRACTED,MANUAL
23:44:53.134,10.00,-45.00,0.00,427.10530123216324,OFF,RETRACTED,MANUAL
23:44:53.236,9.98,-44.98,0.00,427.98532113144995,OFF,RETRACTED,MANUAL
23:44:53.335,9.93,-44.95,0.00,428.8608914069778,OFF,RETRACTED,MANUAL
23:44:53.438,9.86,-44.90,0.00,429.7319901695368,OFF,RETRACTED,MANUAL
23:44:53.537,9.76,-44.83,0.00,430.598595641702,OFF,RETRACTED,MANUAL
23:44:53.638,9.64,-44.74,0.00,431.4606861583828,OFF,RETRACTED,MANUAL
23:44:53.738,9.50,-44.64,0.00,432.31824016736084,OFF,RETRACTED,MANUAL
23:44:53.840,9.33,-44.51,0.00,433.1712362298298,OFF,RETRACTED,MANUAL
23:44:53.941,9.14,-44.37,0.00,434.01965302093373,OFF,RETRACTED,MANUAL
23:44:54.042,8.92,-44.21,0.00,434.8634693302959,OFF,RETRACTED,MANUAL
23:44:54.143,8.69,-44.04,0.00,435.7026640625537,OFF,RETRACTED,MANUAL
23:44:54.243,8.43,-43.84,0.00,436.537216237882,OFF,RETRACTED,MANUAL
23:44:54.344,8.15,-43.63,0.00,437.36710499251916,OFF,RETRACTED,MANUAL
23:44:54.445,7.85,-43.40,0.00,438.19230957929085,OFF,RETRACTED,MANUAL
23:44:54.545,7.53,-43.15,0.00,439.01280936812407,OFF,RETRACTED,MANUAL
23:44:54.646,7.19,-42.89,0.00,439.8285838465681,OFF,RETRACTED,MANUAL
23:44:54.747,6.83,-42.61,0.00,440.63961262030284,OFF,RETRACTED,MANUAL
23:44:54.848,6.46,-42.31,0.00,441.4458754136507,OFF,RETRACTED,MANUAL
23:44:54.949,6.07,-42.00,0.00,442.2473520700849,OFF,RETRACTED,MANUAL
23:44:55.049,5.66,-41.66,0.00,443.04402255272964,OFF,RETRACTED,MANUAL
23:44:55.150,5.25,-41.32,0.00,443.83586694486553,OFF,RETRACTED,MANUAL
23:44:55.257,4.81,-40.95,0.00,444.6228654504233,OFF,RETRACTED,MANUAL
23:44:55.365,4.37,-40.57,0.00,445.4049983944809,OFF,RETRACTED,MANUAL
23:44:55.466,3.91,-40.17,0.00,446.1822462237566,OFF,RETRACTED,MANUAL
23:44:55.569,3.45,-39.76,0.00,446.9545895070939,OFF,RETRACTED,MANUAL
23:44:55.670,2.98,-39.33,0.00,447.7220089359521,OFF,RETRACTED,MANUAL
23:44:55.773,2.50,-38.88,0.00,448.48448532488493,OFF,RETRACTED,MANUAL
23:44:55.872,2.01,-38.42,0.00,449.2419996120218,OFF,RETRACTED,MANUAL
23:44:55.973,1.52,-37.95,0.00,449.9945328595461,OFF,RETRACTED,MANUAL
23:44:56.075,1.02,-37.46,0.00,450.7420662541648,OFF,RETRACTED,MANUAL
23:44:56.175,0.52,-36.95,0.00,451.4845811075829,OFF,RETRACTED,MANUAL
23:44:56.276,0.02,-36.43,0.00,452.22205885696735,OFF,RETRACTED,MANUAL
23:44:56.376,-0.48,-35.89,0.00,452.9544810654122,OFF,RETRACTED,MANUAL
23:44:56.478,-0.98,-35.34,0.00,453.6818294224015,OFF,RETRACTED,MANUAL
23:44:56.578,-1.47,-34.78,0.00,454.40408574426317,OFF,RETRACTED,MANUAL
23:44:56.681,-1.97,-34.20,0.00,455.1212319746277,OFF,RETRACTED,MANUAL
23:44:56.780,-2.45,-33.61,0.00,455.8332501848763,OFF,RETRACTED,MANUAL
23:44:56.881,-2.93,-33.00,0.00,456.5401225745902,OFF,RETRACTED,MANUAL
23:44:56.985,-3.41,-32.39,0.00,457.24183147199756,OFF,RETRACTED,MANUAL
23:44:57.086,-3.87,-31.75,0.00,457.9383593344115,OFF,RETRACTED,MANUAL
23:44:57.188,-4.33,-31.11,0.00,458.6296887486726,OFF,RETRACTED,MANUAL
23:44:57.287,-4.78,-30.45,0.00,459.3158024315811,OFF,RETRACTED,MANUAL
23:44:57.388,-5.21,-29.79,0.00,459.9966832303302,OFF,RETRACTED,MANUAL
23:44:57.489,-5.63,-29.11,0.00,460.67231412293637,OFF,RETRACTED,MANUAL
23:44:57.589,-6.03,-28.41,0.00,461.3426782186615,OFF,RETRACTED,MANUAL
23:44:57.690,-6.43,-27.71,0.00,462.007758758439,OFF,RETRACTED,MANUAL
23:44:57.791,-6.80,-26.99,0.00,462.6675391152896,OFF,RETRACTED,MANUAL
23:44:57.891,-7.16,-26.27,0.00,463.32200279473835,OFF,RETRACTED,MANUAL
23:44:57.992,-7.50,-25.53,0.00,463.9711334352281,OFF,RETRACTED,MANUAL
23:44:58.093,-7.82,-24.79,0.00,464.61491480852595,OFF,RETRACTED,MANUAL
23:44:58.193,-8.12,-24.03,0.00,465.25333082013185,OFF,RETRACTED,MANUAL
23:44:58.294,-8.40,-23.27,0.00,465.8863655096783,OFF,RETRACTED,MANUAL
23:44:58.396,-8.66,-22.49,0.00,466.51400305133063,OFF,RETRACTED,MANUAL
23:44:58.497,-8.90,-21.71,0.00,467.1362277541839,OFF,RETRACTED,MANUAL
23:44:58.600,-9.12,-20.91,0.00,467.75302406265206,OFF,RETRACTED,MANUAL
23:44:58.699,-9.31,-20.11,0.00,468.3643765568604,OFF,RETRACTED,MANUAL
23:44:58.799,-9.48,-19.30,0.00,468.9702699530279,OFF,RETRACTED,MANUAL
23:44:58.902,-9.63,-18.49,0.00,469.5706891038509,OFF,RETRACTED,MANUAL
23:44:59.002,-9.75,-17.66,0.00,470.16561899888256,OFF,RETRACTED,MANUAL
23:44:59.102,-9.85,-16.83,0.00,470.7550447649059,OFF,RETRACTED,MANUAL
23:44:59.203,-9.92,-15.99,0.00,471.33895166630816,OFF,RETRACTED,MANUAL
23:44:59.304,-9.97,-15.15,0.00,471.91732510544676,OFF,RETRACTED,MANUAL
23:44:59.405,-10.00,-14.30,0.00,472.49015062301555,OFF,RETRACTED,MANUAL
23:44:59.506,-10.00,-13.44,0.00,473.05741389840716,OFF,RETRACTED,MANUAL
23:44:59.607,-9.97,-12.58,0.00,473.61910075006847,OFF,RETRACTED,MANUAL
23:44:59.707,-9.92,-11.71,0.00,474.1751971358583,OFF,RETRACTED,MANUAL
23:44:59.808,-9.84,-10.84,0.00,474.7256891533955,OFF,RETRACTED,MANUAL
23:44:59.909,-9.74,-9.97,0.00,475.27056304040786,OFF,RETRACTED,MANUAL
23:45:00.009,-9.62,-9.09,0.00,475.80980517507743,OFF,RETRACTED,MANUAL
23:45:00.112,-9.47,-8.20,0.00,476.3434020763782,OFF,RETRACTED,MANUAL
23:45:00.211,-9.30,-7.32,0.00,476.8713404044161,OFF,RETRACTED,MANUAL
23:45:00.312,-9.10,-6.43,0.00,477.39360696076017,OFF,RETRACTED,MANUAL
23:45:00.412,-8.88,-5.54,0.00,477.91018868877313,OFF,RETRACTED,MANUAL
23:45:00.516,-8.64,-4.64,0.00,478.42107267393965,OFF,RETRACTED,MANUAL
23:45:00.616,-8.38,-3.75,0.00,478.9262461441858,OFF,RETRACTED,MANUAL
23:45:00.717,-8.10,-2.85,0.00,479.42569647020207,OFF,RETRACTED,MANUAL
23:45:00.820,-7.79,-1.95,0.00,479.9194111657557,OFF,RETRACTED,MANUAL
23:45:00.922,-7.47,-1.05,0.00,480.4073778880048,OFF,RETRACTED,MANUAL
23:45:01.023,-7.13,-0.15,0.00,480.88958443780746,OFF,RETRACTED,MANUAL
23:45:01.123,-6.77,0.75,0.00,481.36601876002436,OFF,RETRACTED,MANUAL
23:45:01.226,-6.39,1.65,0.00,481.8366689438228,OFF,RETRACTED,MANUAL
23:45:01.325,-6.00,2.55,0.00,482.30152322297255,OFF,RETRACTED,MANUAL
23:45:01.426,-5.60,3.45,0.00,482.76056997614035,OFF,RETRACTED,MANUAL
23:45:01.526,-5.17,4.34,0.00,483.21379772718205,OFF,RETRACTED,MANUAL
23:45:01.627,-4.74,5.24,0.00,483.66119514542675,OFF,RETRACTED,MANUAL
23:45:01.734,-4.29,6.13,0.00,484.10275104596303,OFF,RETRACTED,MANUAL
23:45:01.837,-3.84,7.02,0.00,484.53845438991596,OFF,RETRACTED,MANUAL
23:45:01.941,-3.37,7.91,0.00,484.9682942847244,OFF,RETRACTED,MANUAL
23:45:02.043,-2.90,8.79,0.00,485.39225998441384,OFF,RETRACTED,MANUAL
23:45:02.147,-2.41,9.67,0.00,485.8103408898635,OFF,RETRACTED,MANUAL
23:45:02.246,-1.93,10.55,0.00,486.2225265490729,OFF,RETRACTED,MANUAL
23:45:02.347,-1.43,11.42,0.00,486.6288066574219,OFF,RETRACTED,MANUAL
23:45:02.447,-0.94,12.29,0.00,487.02917105792847,OFF,RETRACTED,MANUAL
23:45:02.548,-0.44,13.15,0.00,487.4236097415042,OFF,RETRACTED,MANUAL
23:45:02.651,0.06,14.01,0.00,487.8121128472019,OFF,RETRACTED,MANUAL
23:45:02.753,0.56,14.86,0.00,488.1946706624648,OFF,RETRACTED,MANUAL
23:45:02.852,1.06,15.71,0.00,488.571273623367,OFF,RETRACTED,MANUAL
23:45:02.957,1.56,16.55,0.00,488.94191231485394,OFF,RETRACTED,MANUAL
23:45:03.058,2.05,17.38,0.00,489.30657747097814,OFF,RETRACTED,MANUAL
23:45:03.158,2.53,18.21,0.00,489.66525997512923,OFF,RETRACTED,MANUAL
23:45:03.260,3.01,19.03,0.00,490.0179508602637,OFF,RETRACTED,MANUAL
23:45:03.360,3.49,19.84,0.00,490.3646413091276,OFF,RETRACTED,MANUAL
23:45:03.466,3.95,20.65,0.00,490.7053226544775,OFF,RETRACTED,MANUAL
23:45:03.566,4.41,21.44,0.00,491.03998637929806,OFF,RETRACTED,MANUAL
23:45:03.666,4.85,22.23,0.00,491.3686241170129,OFF,RETRACTED,MANUAL
23:45:03.767,5.28,23.01,0.00,491.6912276516965,OFF,RETRACTED,MANUAL
23:45:03.868,5.70,23.78,0.00,492.0077889182768,OFF,RETRACTED,MANUAL
23:45:03.969,6.10,24.53,0.00,492.31830000273845,OFF,RETRACTED,MANUAL
23:45:04.070,6.49,25.28,0.00,492.622753142321,OFF,RETRACTED,MANUAL
23:45:04.173,6.86,26.02,0.00,492.92114072571144,OFF,RETRACTED,MANUAL
23:45:04.274,7.22,26.75,0.00,493.213455293236,OFF,RETRACTED,MANUAL
23:45:04.374,7.55,27.47,0.00,493.4996895370456,OFF,RETRACTED,MANUAL
23:45:04.475,7.87,28.18,0.00,493.7798363012988,OFF,RETRACTED,MANUAL
23:45:04.579,8.17,28.87,0.00,494.05388858234153,OFF,RETRACTED,MANUAL
23:45:04.680,8.45,29.56,0.00,494.3218395288807,OFF,RETRACTED,MANUAL
23:45:04.781,8.70,30.23,0.00,494.5836824421568,OFF,RETRACTED,MANUAL
23:45:04.882,8.94,30.89,0.00,494.8394107761107,OFF,RETRACTED,MANUAL
23:45:04.984,9.15,31.54,0.00,495.089018137547,OFF,RETRACTED,MANUAL
23:45:05.087,9.34,32.18,0.00,495.33249828629505,OFF,RETRACTED,MANUAL
23:45:05.193,9.51,32.80,0.00,495.5698451353635,OFF,RETRACTED,MANUAL
23:45:05.296,9.65,33.41,0.00,495.80105275109383,OFF,RETRACTED,MANUAL
23:45:05.398,9.77,34.00,0.00,496.02611535330755,OFF,RETRACTED,MANUAL
23:45:05.502,9.86,34.59,0.00,496.24502731545107,OFF,RETRACTED,MANUAL
23:45:05.603,9.93,35.16,0.00,496.45778316473707,OFF,RETRACTED,MANUAL
23:45:05.731,9.98,35.71,0.00,496.6643775822802,OFF,RETRACTED,MANUAL
23:45:05.840,10.00,36.25,0.00,496.864805403231,OFF,RETRACTED,MANUAL
23:45:05.944,9.99,36.78,0.00,497.0590616169043,OFF,RETRACTED,MANUAL
23:45:06.053,9.96,37.29,0.00,497.24714136690454,OFF,RETRACTED,MANUAL
23:45:06.156,9.91,37.78,0.00,497.4290399512483,OFF,RETRACTED,MANUAL
23:45:06.285,9.83,38.27,0.00,497.60475282248,OFF,RETRACTED,MANUAL
23:45:06.389,9.72,38.73,0.00,497.77427558778743,OFF,RETRACTED,MANUAL
23:45:06.494,9.60,39.18,0.00,497.9376040091099,OFF,RETRACTED,MANUAL
23:45:06.602,9.44,39.62,0.00,498.09473400324555,OFF,RETRACTED,MANUAL
23:45:06.713,9.27,40.04,0.00,498.2456616419528,OFF,RETRACTED,MANUAL
23:45:06.820,9.07,40.44,0.00,498.39038315204834,OFF,RETRACTED,MANUAL
23:45:06.922,8.84,40.83,0.00,498.5288949155022,OFF,RETRACTED,MANUAL
23:45:07.048,8.60,41.20,0.00,498.6611934695273,OFF,RETRACTED,MANUAL
23:45:07.151,8.33,41.55,0.00,498.7872755066667,OFF,RETRACTED,MANUAL
23:45:07.274,8.05,41.89,0.00,498.9071378748762,OFF,RETRACTED,MANUAL
23:45:07.381,7.74,42.21,0.00,499.02077757760253,OFF,RETRACTED,MANUAL
23:45:07.487,7.42,42.51,0.00,499.1281917738594,OFF,RETRACTED,MANUAL
23:45:07.590,7.07,42.80,0.00,499.22937777829736,OFF,RETRACTED,MANUAL
23:45:07.689,6.71,43.07,0.00,499.32433306127143,OFF,RETRACTED,MANUAL
23:45:07.792,6.33,43.32,0.00,499.4130552489047,OFF,RETRACTED,MANUAL
23:45:07.900,5.93,43.55,0.00,499.49554212314695,OFF,RETRACTED,MANUAL
23:45:08.006,5.53,43.77,0.00,499.5717916218307,OFF,RETRACTED,MANUAL
23:45:08.111,5.10,43.97,0.00,499.64180183872236,OFF,RETRACTED,MANUAL
23:45:08.217,4.67,44.15,0.00,499.70557102357026,OFF,RETRACTED,MANUAL
23:45:08.319,4.22,44.32,0.00,499.763097582148,OFF,RETRACTED,MANUAL
23:45:08.448,3.76,44.47,0.00,499.8143800762947,OFF,RETRACTED,MANUAL
23:45:08.557,3.29,44.60,0.00,499.8594172239507,OFF,RETRACTED,MANUAL
23:45:08.661,2.82,44.71,0.00,499.8982078991896,OFF,RETRACTED,MANUAL
23:45:08.772,2.33,44.80,0.00,499.9307511322464,OFF,RETRACTED,MANUAL
23:45:08.877,1.84,44.88,0.00,499.95704610954226,OFF,RETRACTED,MANUAL
23:45:08.978,1.35,44.93,0.00,499.9770921737039,OFF,RETRACTED,MANUAL
23:45:09.092,0.85,44.97,0.00,499.9908888235808,OFF,RETRACTED,MANUAL
23:45:09.210,0.35,45.00,0.00,499.99843571425754,OFF,RETRACTED,MANUAL
23:45:09.343,-0.15,45.00,0.00,499.99973265706205,OFF,RETRACTED,MANUAL
23:45:09.456,-0.65,44.98,0.00,499.994779619571,OFF,RETRACTED,MANUAL
23:45:09.562,-1.14,44.95,0.00,499.98357672561,OFF,RETRACTED,MANUAL
23:45:09.695,-1.64,44.90,0.00,499.96612425525086,OFF,RETRACTED,MANUAL
23:45:09.915,-2.13,44.83,0.00,499.9424226448043,OFF,RETRACTED,MANUAL
23:45:10.032,-2.62,44.75,0.00,499.9124724868095,OFF,RETRACTED,MANUAL
23:45:10.135,-3.09,44.64,0.00,499.8762745300188,OFF,RETRACTED,MANUAL
23:45:10.239,-3.57,44.52,0.00,499.8338296793793,OFF,RETRACTED,MANUAL
23:45:10.342,-4.03,44.38,0.00,499.7851389960099,OFF,RETRACTED,MANUAL
23:45:10.443,-4.48,44.23,0.00,499.73020369717517,OFF,RETRACTED,MANUAL
23:45:10.558,-4.92,44.05,0.00,499.66902515625486,OFF,RETRACTED,MANUAL
23:45:10.664,-5.35,43.86,0.00,499.6016049027092,OFF,RETRACTED,MANUAL
23:45:10.769,-5.77,43.65,0.00,499.52794462204105,OFF,RETRACTED,MANUAL
23:45:10.870,-6.17,43.42,0.00,499.44804615575356,OFF,RETRACTED,MANUAL
23:45:10.972,-6.55,43.17,0.00,499.36191150130423,OFF,RETRACTED,MANUAL
23:45:11.073,-6.92,42.91,0.00,499.2695428120551,OFF,RETRACTED,MANUAL
23:45:11.175,-7.27,42.63,0.00,499.17094239721825,OFF,RETRACTED,MANUAL
23:45:11.275,-7.61,42.34,0.00,499.06611272179924,OFF,RETRACTED,MANUAL
23:45:11.376,-7.92,42.02,0.00,498.95505640653425,OFF,RETRACTED,MANUAL
23:45:11.476,-8.22,41.69,0.00,498.83777622782554,OFF,RETRACTED,MANUAL
23:45:11.579,-8.49,41.34,0.00,498.7142751176715,OFF,RETRACTED,MANUAL
23:45:11.679,-8.75,40.98,0.00,498.5845561635932,OFF,RETRACTED,MANUAL
23:45:11.780,-8.98,40.60,0.00,498.44862260855814,OFF,RETRACTED,MANUAL
23:45:11.879,-9.19,40.20,0.00,498.30647785089775,OFF,RETRACTED,MANUAL
23:45:11.982,-9.37,39.79,0.00,498.15812544422363,OFF,RETRACTED,MANUAL
23:45:12.080,-9.53,39.36,0.00,498.00356909733847,OFF,RETRACTED,MANUAL
23:45:12.181,-9.67,38.92,0.00,497.8428126741426,OFF,RETRACTED,MANUAL
23:45:12.283,-9.79,38.46,0.00,497.6758601935384,OFF,RETRACTED,MANUAL
23:45:12.383,-9.88,37.99,0.00,497.5027158293291,OFF,RETRACTED,MANUAL
23:45:12.485,-9.94,37.50,0.00,497.3233839101147,OFF,RETRACTED,MANUAL
23:45:12.586,-9.98,36.99,0.00,497.1378689191842,OFF,RETRACTED,MANUAL
23:45:12.687,-10.00,36.47,0.00,496.9461754944023,OFF,RETRACTED,MANUAL
23:45:12.787,-9.99,35.94,0.00,496.74830842809496,OFF,RETRACTED,MANUAL
23:45:12.888,-9.96,35.39,0.00,496.54427266692824,OFF,RETRACTED,MANUAL
23:45:12.990,-9.90,34.82,0.00,496.3340733117856,OFF,RETRACTED,MANUAL
23:45:13.090,-9.81,34.25,0.00,496.11771561764033,OFF,RETRACTED,MANUAL
23:45:13.190,-9.70,33.66,0.00,495.89520499342296,OFF,RETRACTED,MANUAL
23:45:13.293,-9.57,33.05,0.00,495.66654700188803,OFF,RETRACTED,MANUAL
23:45:13.392,-9.41,32.44,0.00,495.431747359473,OFF,RETRACTED,MANUAL
23:45:13.494,-9.23,31.81,0.00,495.1908119361568,OFF,RETRACTED,MANUAL
23:45:13.595,-9.03,31.16,0.00,494.94374675531276,OFF,RETRACTED,MANUAL
23:45:13.696,-8.81,30.51,0.00,494.69055799355715,OFF,RETRACTED,MANUAL
23:45:13.800,-8.56,29.84,0.00,494.43125198059613,OFF,RETRACTED,MANUAL
23:45:13.899,-8.29,29.16,0.00,494.16583519906624,OFF,RETRACTED,MANUAL
23:45:14.002,-8.00,28.47,0.00,493.89431428437325,OFF,RETRACTED,MANUAL
23:45:14.102,-7.69,27.77,0.00,493.6166960245262,OFF,RETRACTED,MANUAL
23:45:14.215,-7.36,27.05,0.00,493.33298735996675,OFF,RETRACTED,MANUAL
23:45:14.314,-7.01,26.33,0.00,493.043195383397,OFF,RETRACTED,MANUAL
23:45:14.415,-6.65,25.59,0.00,492.747327339601,OFF,RETRACTED,MANUAL
23:45:14.519,-6.26,24.85,0.00,492.44539062526457,OFF,RETRACTED,MANUAL
23:45:14.626,-5.87,24.09,0.00,492.13739278879007,OFF,RETRACTED,MANUAL
23:45:14.733,-5.45,23.33,0.00,491.823341530107,OFF,RETRACTED,MANUAL
23:45:14.833,-5.03,22.55,0.00,491.50324470048076,OFF,RETRACTED,MANUAL
23:45:14.934,-4.59,21.77,0.00,491.1771103023151,OFF,RETRACTED,MANUAL
23:45:15.035,-4.14,20.98,0.00,490.84494648895316,OFF,RETRACTED,MANUAL
23:45:15.138,-3.68,20.18,0.00,490.5067615644732,OFF,RETRACTED,MANUAL
23:45:15.239,-3.21,19.37,0.00,490.16256398348037,OFF,RETRACTED,MANUAL
23:45:15.342,-2.73,18.55,0.00,489.8123623508966,OFF,RETRACTED,MANUAL
23:45:15.442,-2.25,17.73,0.00,489.456165421744,OFF,RETRACTED,MANUAL
23:45:15.543,-1.76,16.90,0.00,489.0939821009275,OFF,RETRACTED,MANUAL
23:45:15.644,-1.27,16.06,0.00,488.72582144301157,OFF,RETRACTED,MANUAL
23:45:15.749,-0.77,15.22,0.00,488.35169265199295,OFF,RETRACTED,MANUAL
23:45:15.854,-0.27,14.37,0.00,487.9716050810724,OFF,RETRACTED,MANUAL
23:45:15.953,0.23,13.51,0.00,487.5855682324189,OFF,RETRACTED,MANUAL
23:45:16.054,0.73,12.65,0.00,487.19359175693387,OFF,RETRACTED,MANUAL
23:45:16.156,1.23,11.78,0.00,486.7956854540089,OFF,RETRACTED,MANUAL
23:45:16.258,1.72,10.91,0.00,486.3918592712805,OFF,RETRACTED,MANUAL
23:45:16.358,2.21,10.04,0.00,485.98212330438264,OFF,RETRACTED,MANUAL
23:45:16.460,2.70,9.16,0.00,485.56648779669257,OFF,RETRACTED,MANUAL
23:45:16.560,3.17,8.28,0.00,485.1449631390767,OFF,RETRACTED,MANUAL
23:45:16.660,3.64,7.39,0.00,484.7175598696297,OFF,RETRACTED,MANUAL
23:45:16.762,4.11,6.50,0.00,484.28428867341063,OFF,RETRACTED,MANUAL
23:45:16.863,4.56,5.61,0.00,483.84516038217726,OFF,RETRACTED,MANUAL
23:45:16.966,5.00,4.71,0.00,483.40018597411347,OFF,RETRACTED,MANUAL
23:45:17.067,5.42,3.82,0.00,482.9493765735565,OFF,RETRACTED,MANUAL
23:45:17.171,5.83,2.92,0.00,482.49274345071836,OFF,RETRACTED,MANUAL
23:45:17.271,6.23,2.02,0.00,482.0302980214026,OFF,RETRACTED,MANUAL
23:45:17.374,6.62,1.12,0.00,481.5620518467215,OFF,RETRACTED,MANUAL
23:45:17.476,6.98,0.22,0.00,481.0880166328044,OFF,RETRACTED,MANUAL
23:45:17.577,7.33,-0.68,0.00,480.60820423050734,OFF,RETRACTED,MANUAL
23:45:17.678,7.66,-1.58,0.00,480.1226266351157,OFF,RETRACTED,MANUAL
23:45:17.781,7.97,-2.48,0.00,479.63129598604337,OFF,RETRACTED,MANUAL
23:45:17.881,8.27,-3.37,0.00,479.13422456653166,OFF,RETRACTED,MANUAL
23:45:17.982,8.54,-4.27,0.00,478.63142480333954,OFF,RETRACTED,MANUAL
23:45:18.083,8.79,-5.17,0.00,478.12290926643516,OFF,RETRACTED,MANUAL
23:45:18.186,9.01,-6.06,0.00,477.6086906686809,OFF,RETRACTED,MANUAL
23:45:18.286,9.22,-6.95,0.00,477.08878186551414,OFF,RETRACTED,MANUAL
23:45:18.387,9.40,-7.84,0.00,476.5631958546287,OFF,RETRACTED,MANUAL
23:45:18.487,9.56,-8.72,0.00,476.0319457756466,OFF,RETRACTED,MANUAL
23:45:18.588,9.69,-9.60,0.00,475.49504490979257,OFF,RETRACTED,MANUAL
23:45:18.694,9.81,-10.48,0.00,474.95250667956077,OFF,RETRACTED,MANUAL
23:45:18.793,9.89,-11.35,0.00,474.4043446483779,OFF,RETRACTED,MANUAL
23:45:18.894,9.95,-12.22,0.00,473.85057252026684,OFF,RETRACTED,MANUAL
23:45:18.996,9.99,-13.09,0.00,473.2912041395013,OFF,RETRACTED,MANUAL
23:45:19.097,10.00,-13.94,0.00,472.726253490262,OFF,RETRACTED,MANUAL
23:45:19.199,9.99,-14.80,0.00,472.1557346962861,OFF,RETRACTED,MANUAL
23:45:19.300,9.95,-15.64,0.00,471.57966202051307,OFF,RETRACTED,MANUAL
23:45:19.402,9.88,-16.48,0.00,470.9980498647305,OFF,RETRACTED,MANUAL
23:45:19.503,9.80,-17.32,0.00,470.4109127692112,OFF,RETRACTED,MANUAL
23:45:19.606,9.68,-18.15,0.00,469.8182654123524,OFF,RETRACTED,MANUAL
23:45:19.706,9.55,-18.97,0.00,469.2201226103075,OFF,RETRACTED,MANUAL
23:45:19.807,9.39,-19.78,0.00,468.6164993166147,OFF,RETRACTED,MANUAL
23:45:19.908,9.20,-20.58,0.00,468.00741062182567,OFF,RETRACTED,MANUAL
23:45:20.009,8.99,-21.38,0.00,467.3928717531252,OFF,RETRACTED,MANUAL
23:45:20.112,8.77,-22.17,0.00,466.7728980739534,OFF,RETRACTED,MANUAL
23:45:20.213,8.51,-22.94,0.00,466.14750508362044,OFF,RETRACTED,MANUAL
23:45:20.312,8.24,-23.71,0.00,465.51670841691765,OFF,RETRACTED,MANUAL
23:45:20.416,7.95,-24.47,0.00,464.8805238437297,OFF,RETRACTED,MANUAL
23:45:20.517,7.63,-25.22,0.00,464.2389672686369,OFF,RETRACTED,MANUAL
23:45:20.616,7.30,-25.97,0.00,463.5920547305206,OFF,RETRACTED,MANUAL
23:45:20.717,6.95,-26.69,0.00,462.93980240216104,OFF,RETRACTED,MANUAL
23:45:20.818,6.58,-27.41,0.00,462.2822265898317,OFF,RETRACTED,MANUAL
23:45:20.921,6.20,-28.12,0.00,461.6193437328943,OFF,RETRACTED,MANUAL
23:45:21.021,5.80,-28.82,0.00,460.95117040338505,OFF,RETRACTED,MANUAL
23:45:21.121,5.38,-29.50,0.00,460.27772330560265,OFF,RETRACTED,MANUAL
23:45:21.222,4.96,-30.18,0.00,459.59901927569007,OFF,RETRACTED,MANUAL
23:45:21.324,4.52,-30.84,0.00,458.9150752812117,OFF,RETRACTED,MANUAL
23:45:21.426,4.06,-31.49,0.00,458.2259084207328,OFF,RETRACTED,MANUAL
23:45:21.527,3.60,-32.13,0.00,457.531535923388,OFF,RETRACTED,MANUAL
23:45:21.627,3.13,-32.75,0.00,456.83197514845403,OFF,RETRACTED,MANUAL
23:45:21.728,2.65,-33.36,0.00,456.1272435849143,OFF,RETRACTED,MANUAL
23:45:21.828,2.17,-33.96,0.00,455.41735885102025,OFF,RETRACTED,MANUAL
23:45:21.929,1.68,-34.54,0.00,454.70233869385424,OFF,RETRACTED,MANUAL
23:45:22.031,1.18,-35.11,0.00,453.9822009888819,OFF,RETRACTED,MANUAL
23:45:22.133,0.69,-35.67,0.00,453.25696373950893,OFF,RETRACTED,MANUAL
23:45:22.232,0.19,-36.21,0.00,452.5266450766293,OFF,RETRACTED,MANUAL
23:45:22.334,-0.31,-36.74,0.00,451.7912632581705,OFF,RETRACTED,MANUAL
23:45:22.434,-0.81,-37.25,0.00,451.05083666864067,OFF,RETRACTED,MANUAL
23:45:22.537,-1.31,-37.75,0.00,450.30538381866506,OFF,RETRACTED,MANUAL
23:45:22.637,-1.80,-38.23,0.00,449.55492334452646,OFF,RETRACTED,MANUAL
23:45:22.738,-2.29,-38.70,0.00,448.7994740076983,OFF,RETRACTED,MANUAL
23:45:22.841,-2.78,-39.15,0.00,448.0390546943735,OFF,RETRACTED,MANUAL
23:45:22.940,-3.25,-39.58,0.00,447.2736844149964,OFF,RETRACTED,MANUAL
23:45:23.041,-3.72,-40.00,0.00,446.50338230378316,OFF,RETRACTED,MANUAL
23:45:23.143,-4.18,-40.41,0.00,445.72816761824674,OFF,RETRACTED,MANUAL
23:45:23.243,-4.63,-40.80,0.00,444.9480597387146,OFF,RETRACTED,MANUAL
23:45:23.346,-5.07,-41.17,0.00,444.16307816784195,OFF,RETRACTED,MANUAL
23:45:23.448,-5.49,-41.52,0.00,443.3732425301284,OFF,RETRACTED,MANUAL
23:45:23.552,-5.90,-41.86,0.00,442.57857257142246,OFF,RETRACTED,MANUAL
23:45:23.652,-6.30,-42.18,0.00,441.7790881584324,OFF,RETRACTED,MANUAL
23:45:23.754,-6.68,-42.49,0.00,440.97480927822744,OFF,RETRACTED,MANUAL
23:45:23.853,-7.04,-42.78,0.00,440.1657560377365,OFF,RETRACTED,MANUAL
23:45:23.954,-7.39,-43.05,0.00,439.3519486632497,OFF,RETRACTED,MANUAL
23:45:24.055,-7.72,-43.30,0.00,438.5334074999078,OFF,RETRACTED,MANUAL
23:45:24.156,-8.02,-43.54,0.00,437.7101530111978,OFF,RETRACTED,MANUAL
23:45:24.257,-8.31,-43.76,0.00,436.8822057784397,OFF,RETRACTED,MANUAL
23:45:24.360,-8.58,-43.96,0.00,436.04958650027004,OFF,RETRACTED,MANUAL
23:45:24.462,-8.83,-44.14,0.00,435.2123159921284,OFF,RETRACTED,MANUAL
23:45:24.565,-9.05,-44.31,0.00,434.370415185733,OFF,RETRACTED,MANUAL
23:45:24.669,-9.25,-44.46,0.00,433.5239051285604,OFF,RETRACTED,MANUAL
23:45:24.773,-9.43,-44.59,0.00,432.6728069833189,OFF,RETRACTED,MANUAL
23:45:24.881,-9.58,-44.70,0.00,431.81714202741625,OFF,RETRACTED,MANUAL
23:45:24.981,-9.71,-44.79,0.00,430.95693165243324,OFF,RETRACTED,MANUAL
23:45:25.082,-9.82,-44.87,0.00,430.09219736358307,OFF,RETRACTED,MANUAL
23:45:25.183,-9.90,-44.93,0.00,429.22296077917866,OFF,RETRACTED,MANUAL
23:45:25.284,-9.96,-44.97,0.00,428.34924363008986,OFF,RETRACTED,MANUAL
23:45:25.384,-9.99,-44.99,0.00,427.4710677591987,OFF,RETRACTED,MANUAL
23:45:25.485,-10.00,-45.00,0.00,426.58845512085753,OFF,RETRACTED,MANUAL
23:45:25.586,-9.98,-44.99,0.00,425.701427780335,OFF,RETRACTED,MANUAL
23:45:25.688,-9.94,-44.96,0.00,424.81000791326903,OFF,RETRACTED,MANUAL
23:45:25.789,-9.87,-44.91,0.00,423.9142178051105,OFF,RETRACTED,MANUAL
23:45:25.888,-9.78,-44.84,0.00,423.0140798505643,OFF,RETRACTED,MANUAL
23:45:25.989,-9.66,-44.76,0.00,422.1096165530337,OFF,RETRACTED,MANUAL
23:45:26.091,-9.52,-44.65,0.00,421.2008505240525,OFF,RETRACTED,MANUAL
23:45:26.193,-9.36,-44.53,0.00,420.28780448272494,OFF,RETRACTED,MANUAL
23:45:26.295,-9.17,-44.39,0.00,419.37050125515515,OFF,RETRACTED,MANUAL
23:45:26.394,-8.96,-44.24,0.00,418.44896377387465,OFF,RETRACTED,MANUAL
23:45:26.495,-8.72,-44.06,0.00,417.5232150772739,OFF,RETRACTED,MANUAL
23:45:26.596,-8.47,-43.87,0.00,416.59327830902066,OFF,RETRACTED,MANUAL
23:45:26.697,-8.19,-43.66,0.00,415.65917671748645,OFF,RETRACTED,MANUAL
23:45:26.797,-7.90,-43.44,0.00,414.72093365516304,OFF,RETRACTED,MANUAL
23:45:26.898,-7.58,-43.19,0.00,413.7785725780768,OFF,RETRACTED,MANUAL
23:45:26.998,-7.24,-42.93,0.00,412.83211704520687,OFF,RETRACTED,MANUAL
23:45:27.099,-6.89,-42.65,0.00,411.88159071789096,OFF,RETRACTED,MANUAL
23:45:27.199,-6.52,-42.36,0.00,410.92701735923845,OFF,RETRACTED,MANUAL
23:45:27.300,-6.13,-42.05,0.00,409.9684208335343,OFF,RETRACTED,MANUAL
23:45:27.400,-5.73,-41.72,0.00,409.0058251056402,OFF,RETRACTED,MANUAL
23:45:27.502,-5.31,-41.37,0.00,408.03925424040074,OFF,RETRACTED,MANUAL
23:45:27.602,-4.88,-41.01,0.00,407.06873240203583,OFF,RETRACTED,MANUAL
23:45:27.706,-4.44,-40.63,0.00,406.09428385354147,OFF,RETRACTED,MANUAL
23:45:27.804,-3.99,-40.24,0.00,405.11593295608134,OFF,RETRACTED,MANUAL
23:45:27.906,-3.52,-39.83,0.00,404.13370416837563,OFF,RETRACTED,MANUAL
23:45:28.007,-3.05,-39.40,0.00,403.14762204609417,OFF,RETRACTED,MANUAL
23:45:28.107,-2.57,-38.96,0.00,402.1577112412373,OFF,RETRACTED,MANUAL
23:45:28.212,-2.09,-38.50,0.00,401.1639965015242,OFF,RETRACTED,MANUAL
23:45:28.310,-1.59,-38.02,0.00,400.1665026697724,OFF,RETRACTED,MANUAL
23:45:28.412,-1.10,-37.54,0.00,399.1652546832744,OFF,RETRACTED,MANUAL
23:45:28.513,-0.60,-37.03,0.00,398.160277573179,OFF,RETRACTED,MANUAL
23:45:28.616,-0.10,-36.51,0.00,397.1515964638602,OFF,RETRACTED,MANUAL
23:45:28.717,0.40,-35.98,0.00,396.13923657229395,OFF,RETRACTED,MANUAL
23:45:28.818,0.90,-35.43,0.00,395.12322320742555,OFF,RETRACTED,MANUAL
23:45:28.918,1.39,-34.87,0.00,394.1035817695347,OFF,RETRACTED,MANUAL
23:45:29.019,1.89,-34.29,0.00,393.08033774960575,OFF,RETRACTED,MANUAL
23:45:29.122,2.38,-33.70,0.00,392.05351672868443,OFF,RETRACTED,MANUAL
23:45:29.224,2.86,-33.10,0.00,391.0231443772435,OFF,RETRACTED,MANUAL
23:45:29.324,3.33,-32.49,0.00,389.98924645453883,OFF,RETRACTED,MANUAL
23:45:29.427,3.80,-31.86,0.00,388.9518488079631,OFF,RETRACTED,MANUAL
23:45:29.528,4.26,-31.21,0.00,387.910977372405,OFF,RETRACTED,MANUAL
23:45:29.629,4.70,-30.56,0.00,386.86665816959476,OFF,RETRACTED,MANUAL
23:45:29.729,5.14,-29.89,0.00,385.8189173074587,OFF,RETRACTED,MANUAL
23:45:29.830,5.56,-29.21,0.00,384.76778097946465,OFF,RETRACTED,MANUAL
23:45:29.931,5.97,-28.52,0.00,383.71327546396446,OFF,RETRACTED,MANUAL
23:45:30.033,6.36,-27.82,0.00,382.6554271235426,OFF,RETRACTED,MANUAL
23:45:30.133,6.74,-27.11,0.00,381.59426240435107,OFF,RETRACTED,MANUAL
23:45:30.235,7.10,-26.39,0.00,380.5298078354533,OFF,RETRACTED,MANUAL
23:45:30.335,7.45,-25.65,0.00,379.46209002815885,OFF,RETRACTED,MANUAL
23:45:30.436,7.77,-24.91,0.00,378.3911356753557,OFF,RETRACTED,MANUAL
23:45:30.540,8.07,-24.15,0.00,377.3169715508485,OFF,RETRACTED,MANUAL
23:45:30.639,8.36,-23.39,0.00,376.2396245086829,OFF,RETRACTED,MANUAL
23:45:30.740,8.62,-22.61,0.00,375.15912148247946,OFF,RETRACTED,MANUAL
23:45:30.842,8.87,-21.83,0.00,374.07548948475846,OFF,RETRACTED,MANUAL
23:45:30.941,9.09,-21.04,0.00,372.9887556062618,OFF,RETRACTED,MANUAL
23:45:31.043,9.28,-20.24,0.00,371.89894701528146,OFF,RETRACTED,MANUAL
23:45:31.145,9.46,-19.43,0.00,370.8060909569738,OFF,RETRACTED,MANUAL
23:45:31.247,9.61,-18.62,0.00,369.71021475268424,OFF,RETRACTED,MANUAL
23:45:31.355,9.73,-17.79,0.00,368.6113457992615,OFF,RETRACTED,MANUAL
23:45:31.457,9.84,-16.96,0.00,367.5095115683707,OFF,RETRACTED,MANUAL
23:45:31.559,9.91,-16.13,0.00,366.40473960581176,OFF,RETRACTED,MANUAL
23:45:31.660,9.97,-15.28,0.00,365.29705753082465,OFF,RETRACTED,MANUAL
23:45:31.760,10.00,-14.43,0.00,364.1864930354043,OFF,RETRACTED,MANUAL
23:45:31.862,10.00,-13.58,0.00,363.073073883606,OFF,RETRACTED,MANUAL
23:45:31.965,9.98,-12.72,0.00,361.9568279108491,OFF,RETRACTED,MANUAL
23:45:32.067,9.93,-11.85,0.00,360.8377830232263,OFF,RETRACTED,MANUAL
23:45:32.168,9.86,-10.98,0.00,359.71596719679985,OFF,RETRACTED,MANUAL
23:45:32.270,9.76,-10.11,0.00,358.59140847690793,OFF,RETRACTED,MANUAL
23:45:32.371,9.64,-9.23,0.00,357.4641349774607,OFF,RETRACTED,MANUAL
23:45:32.472,9.50,-8.35,0.00,356.3341748802352,OFF,RETRACTED,MANUAL
23:45:32.573,9.33,-7.46,0.00,355.20155643417684,OFF,RETRACTED,MANUAL
23:45:32.675,9.13,-6.57,0.00,354.066307954686,OFF,RETRACTED,MANUAL
23:45:32.779,8.92,-5.68,0.00,352.92845782291647,OFF,RETRACTED,MANUAL
23:45:32.879,8.68,-4.79,0.00,351.78803448506295,OFF,RETRACTED,MANUAL
23:45:32.981,8.42,-3.89,0.00,350.645066451648,OFF,RETRACTED,MANUAL
23:45:33.081,8.14,-2.99,0.00,349.4995822968145,OFF,RETRACTED,MANUAL
23:45:33.182,7.84,-2.09,0.00,348.35161065760497,OFF,RETRACTED,MANUAL
23:45:33.283,7.52,-1.19,0.00,347.20118023325153,OFF,RETRACTED,MANUAL
23:45:33.383,7.19,-0.29,0.00,346.0483197844556,OFF,RETRACTED,MANUAL
23:45:33.486,6.83,0.61,0.00,344.8930581326668,OFF,RETRACTED,MANUAL
23:45:33.586,6.46,1.51,0.00,343.73542415936777,OFF,RETRACTED,MANUAL
23:45:33.688,6.07,2.40,0.00,342.5754468053461,OFF,RETRACTED,MANUAL
23:45:33.789,5.66,3.30,0.00,341.4131550699758,OFF,RETRACTED,MANUAL
23:45:33.890,5.24,4.20,0.00,340.24857801049075,OFF,RETRACTED,MANUAL
23:45:33.991,4.81,5.09,0.00,339.081744741255,OFF,RETRACTED,MANUAL
23:45:34.094,4.37,5.99,0.00,337.91268443304125,OFF,RETRACTED,MANUAL
23:45:34.194,3.91,6.88,0.00,336.74142631229466,OFF,RETRACTED,MANUAL
23:45:34.295,3.45,7.77,0.00,335.56799966040796,OFF,RETRACTED,MANUAL
23:45:34.395,2.97,8.65,0.00,334.3924338129873,OFF,RETRACTED,MANUAL
23:45:34.495,2.49,9.53,0.00,333.21475815911595,OFF,RETRACTED,MANUAL
23:45:34.597,2.00,10.41,0.00,332.03500214062547,OFF,RETRACTED,MANUAL
23:45:34.706,1.51,11.28,0.00,330.8531952513533,OFF,RETRACTED,MANUAL
23:45:34.808,1.02,12.15,0.00,329.669367036411,OFF,RETRACTED,MANUAL
23:45:34.915,0.52,13.02,0.00,328.48354709144303,OFF,RETRACTED,MANUAL
23:45:35.026,0.02,13.88,0.00,327.29576506188465,OFF,RETRACTED,MANUAL
23:45:35.127,-0.48,14.73,0.00,326.10605064222636,OFF,RETRACTED,MANUAL
23:45:35.228,-0.98,15.58,0.00,324.914433575265,OFF,RETRACTED,MANUAL
23:45:35.330,-1.48,16.42,0.00,323.7209436513661,OFF,RETRACTED,MANUAL
23:45:35.431,-1.97,17.25,0.00,322.52561070771634,OFF,RETRACTED,MANUAL
23:45:35.532,-2.46,18.08,0.00,321.32846462757544,OFF,RETRACTED,MANUAL
23:45:35.633,-2.94,18.90,0.00,320.1295353395347,OFF,RETRACTED,MANUAL
23:45:35.734,-3.41,19.71,0.00,318.92885281676223,OFF,RETRACTED,MANUAL
23:45:35.836,-3.88,20.52,0.00,317.7264470762593,OFF,RETRACTED,MANUAL
23:45:35.939,-4.33,21.32,0.00,316.52234817810785,OFF,RETRACTED,MANUAL
23:45:36.040,-4.78,22.10,0.00,315.3165862247157,OFF,RETRACTED,MANUAL
23:45:36.140,-5.21,22.88,0.00,314.1091913600708,OFF,RETRACTED,MANUAL
23:45:36.241,-5.63,23.65,0.00,312.90019376897993,OFF,RETRACTED,MANUAL
23:45:36.343,-6.04,24.41,0.00,311.68962367632093,OFF,RETRACTED,MANUAL
23:45:36.443,-6.43,25.17,0.00,310.4775113462839,OFF,RETRACTED,MANUAL
23:45:36.545,-6.80,25.91,0.00,309.2638870816122,OFF,RETRACTED,MANUAL
23:45:36.648,-7.16,26.64,0.00,308.048781222851,OFF,RETRACTED,MANUAL
23:45:36.748,-7.50,27.36,0.00,306.8322241475817,OFF,RETRACTED,MANUAL
23:45:36.852,-7.82,28.07,0.00,305.6142462696688,OFF,RETRACTED,MANUAL
23:45:36.954,-8.12,28.76,0.00,304.39487803849653,OFF,RETRACTED,MANUAL
23:45:37.067,-8.41,29.45,0.00,303.17414993820546,OFF,RETRACTED,MANUAL
23:45:37.154,-8.67,30.13,0.00,301.95209248693635,OFF,RETRACTED,MANUAL
23:45:37.254,-8.90,30.79,0.00,300.72873623606,OFF,RETRACTED,MANUAL
23:45:37.355,-9.12,31.44,0.00,299.50411176941986,OFF,RETRACTED,MANUAL
23:45:37.456,-9.31,32.08,0.00,298.2782497025647,OFF,RETRACTED,MANUAL
23:45:37.557,-9.48,32.70,0.00,297.05118068198067,OFF,RETRACTED,MANUAL
23:45:37.659,-9.63,33.31,0.00,295.82293538433095,OFF,RETRACTED,MANUAL
23:45:37.761,-9.75,33.91,0.00,294.59354451568237,OFF,RETRACTED,MANUAL
23:45:37.865,-9.85,34.50,0.00,293.3630388107435,OFF,RETRACTED,MANUAL
23:45:37.967,-9.93,35.07,0.00,292.1314490320937,OFF,RETRACTED,MANUAL
23:45:38.068,-9.97,35.62,0.00,290.8988059694116,OFF,RETRACTED,MANUAL
23:45:38.169,-10.00,36.17,0.00,289.66514043871126,OFF,RETRACTED,MANUAL
23:45:38.270,-10.00,36.69,0.00,288.430483281565,OFF,RETRACTED,MANUAL
23:45:38.372,-9.97,37.21,0.00,287.1948653643383,OFF,RETRACTED,MANUAL
23:45:38.472,-9.92,37.71,0.00,285.9583175774155,OFF,RETRACTED,MANUAL
23:45:38.575,-9.84,38.19,0.00,284.7208708344253,OFF,RETRACTED,MANUAL
23:45:38.674,-9.74,38.66,0.00,283.4825560714735,OFF,RETRACTED,MANUAL
23:45:38.775,-9.62,39.11,0.00,282.24340424636284,OFF,RETRACTED,MANUAL
23:45:38.876,-9.47,39.55,0.00,281.0034463378254,OFF,RETRACTED,MANUAL
23:45:38.976,-9.30,39.97,0.00,279.7627133447452,OFF,RETRACTED,MANUAL
23:45:39.079,-9.10,40.38,0.00,278.52123628538055,OFF,RETRACTED,MANUAL
23:45:39.180,-8.88,40.76,0.00,277.27904619659523,OFF,RETRACTED,MANUAL
23:45:39.282,-8.64,41.14,0.00,276.03617413307484,OFF,RETRACTED,MANUAL
23:45:39.382,-8.38,41.49,0.00,274.79265116655716,OFF,RETRACTED,MANUAL
23:45:39.485,-8.10,41.83,0.00,273.5485083850525,OFF,RETRACTED,MANUAL
23:45:39.588,-7.79,42.16,0.00,272.3037768920638,OFF,RETRACTED,MANUAL
23:45:39.690,-7.47,42.46,0.00,271.05848780581533,OFF,RETRACTED,MANUAL
23:45:39.793,-7.13,42.75,0.00,269.81267225846767,OFF,RETRACTED,MANUAL
23:45:39.896,-6.77,43.03,0.00,268.56636139534544,OFF,RETRACTED,MANUAL
23:45:39.996,-6.39,43.28,0.00,267.3195863741562,OFF,RETRACTED,MANUAL
23:45:40.096,-6.00,43.52,0.00,266.07237836420876,OFF,RETRACTED,MANUAL
23:45:40.197,-5.59,43.74,0.00,264.8247685456402,OFF,RETRACTED,MANUAL
23:45:40.298,-5.17,43.94,0.00,263.5767881086293,OFF,RETRACTED,MANUAL
23:45:40.399,-4.74,44.13,0.00,262.32846825262277,OFF,RETRACTED,MANUAL
23:45:40.502,-4.29,44.29,0.00,261.0798401855529,OFF,RETRACTED,MANUAL
23:45:40.603,-3.83,44.44,0.00,259.8309351230546,OFF,RETRACTED,MANUAL
23:45:40.705,-3.37,44.58,0.00,258.5817842876911,OFF,RETRACTED,MANUAL
23:45:40.805,-2.89,44.69,0.00,257.3324189081666,OFF,RETRACTED,MANUAL
23:45:40.906,-2.41,44.79,0.00,256.0828702185512,OFF,RETRACTED,MANUAL
23:45:41.007,-1.92,44.87,0.00,254.83316945749803,OFF,RETRACTED,MANUAL
23:45:41.108,-1.43,44.93,0.00,253.58334786745928,OFF,RETRACTED,MANUAL
23:45:41.212,-0.93,44.97,0.00,252.33343669391135,OFF,RETRACTED,MANUAL
23:45:41.312,-0.43,44.99,0.00,251.08346718456676,OFF,RETRACTED,MANUAL
23:45:41.415,0.07,45.00,0.00,249.83347058859894,OFF,RETRACTED,MANUAL
23:45:41.514,0.57,44.99,0.00,248.58347815585864,OFF,RETRACTED,MANUAL
23:45:41.615,1.06,44.96,0.00,247.3335211360898,OFF,RETRACTED,MANUAL
23:45:41.715,1.56,44.91,0.00,246.08363077815454,OFF,RETRACTED,MANUAL
23:45:41.816,2.05,44.85,0.00,244.83383832924497,OFF,RETRACTED,MANUAL
23:45:41.917,2.54,44.76,0.00,243.58417503410809,OFF,RETRACTED,MANUAL
23:45:42.019,3.02,44.66,0.00,242.3346721342621,OFF,RETRACTED,MANUAL
23:45:42.121,3.49,44.54,0.00,241.08536086721261,OFF,RETRACTED,MANUAL
23:45:42.220,3.96,44.41,0.00,239.83627246567804,OFF,RETRACTED,MANUAL
23:45:42.321,4.41,44.25,0.00,238.58743815680157,OFF,RETRACTED,MANUAL
23:45:42.422,4.85,44.08,0.00,237.33888916137678,OFF,RETRACTED,MANUAL
23:45:42.522,5.28,43.89,0.00,236.09065669306443,OFF,RETRACTED,MANUAL
23:45:42.627,5.70,43.68,0.00,234.84277195760941,OFF,RETRACTED,MANUAL
23:45:42.732,6.10,43.46,0.00,233.5952661520669,OFF,RETRACTED,MANUAL
23:45:42.843,6.49,43.21,0.00,232.34817046401528,OFF,RETRACTED,MANUAL
23:45:42.946,6.86,42.95,0.00,231.1015160707827,OFF,RETRACTED,MANUAL
23:45:43.049,7.22,42.68,0.00,229.85533413866494,OFF,RETRACTED,MANUAL
23:45:43.149,7.56,42.38,0.00,228.60965582214362,OFF,RETRACTED,MANUAL
23:45:43.250,7.87,42.07,0.00,227.36451226311357,OFF,RETRACTED,MANUAL
23:45:43.350,8.17,41.75,0.00,226.1199345900971,OFF,RETRACTED,MANUAL
23:45:43.453,8.45,41.40,0.00,224.87595391747215,OFF,RETRACTED,MANUAL
23:45:43.552,8.71,41.04,0.00,223.6326013446916,OFF,RETRACTED,MANUAL
23:45:43.653,8.94,40.66,0.00,222.38990795550325,OFF,RETRACTED,MANUAL
23:45:43.756,9.15,40.27,0.00,221.14790481717887,OFF,RETRACTED,MANUAL
23:45:43.856,9.34,39.86,0.00,219.90662297973046,OFF,RETRACTED,MANUAL
23:45:43.959,9.51,39.43,0.00,218.6660934751402,OFF,RETRACTED,MANUAL
23:45:44.061,9.65,38.99,0.00,217.42634731658197,OFF,RETRACTED,MANUAL
23:45:44.164,9.77,38.54,0.00,216.1874154976434,OFF,RETRACTED,MANUAL
23:45:44.263,9.87,38.06,0.00,214.9493289915572,OFF,RETRACTED,MANUAL
23:45:44.367,9.93,37.57,0.00,213.7121187504198,OFF,RETRACTED,MANUAL
23:45:44.467,9.98,37.07,0.00,212.4758157044236,OFF,RETRACTED,MANUAL
23:45:44.569,10.00,36.55,0.00,211.24045076108132,OFF,RETRACTED,MANUAL
23:45:44.669,9.99,36.02,0.00,210.0060548044504,OFF,RETRACTED,MANUAL
23:45:44.773,9.96,35.48,0.00,208.77265869436724,OFF,RETRACTED,MANUAL
23:45:44.874,9.91,34.92,0.00,207.54029326566857,OFF,RETRACTED,MANUAL
23:45:44.977,9.83,34.34,0.00,206.30898932742681,OFF,RETRACTED,MANUAL
23:45:45.076,9.72,33.75,0.00,205.0787776621772,OFF,RETRACTED,MANUAL
23:45:45.179,9.59,33.15,0.00,203.8496890251455,OFF,RETRACTED,MANUAL
23:45:45.279,9.44,32.53,0.00,202.6217541434854,OFF,RETRACTED,MANUAL
23:45:45.381,9.26,31.91,0.00,201.3950037155032,OFF,RETRACTED,MANUAL
23:45:45.481,9.07,31.27,0.00,200.1694684098966,OFF,RETRACTED,MANUAL
23:45:45.582,8.84,30.61,0.00,198.94517886498534,OFF,RETRACTED,MANUAL
23:45:45.682,8.60,29.95,0.00,197.72216568794244,OFF,RETRACTED,MANUAL
23:45:45.783,8.33,29.27,0.00,196.50045945403542,OFF,RETRACTED,MANUAL
23:45:45.883,8.05,28.58,0.00,195.28009070585475,OFF,RETRACTED,MANUAL
23:45:45.984,7.74,27.88,0.00,194.06108995255642,OFF,RETRACTED,MANUAL
23:45:46.085,7.41,27.17,0.00,192.8434876690967,OFF,RETRACTED,MANUAL
23:45:46.187,7.07,26.44,0.00,191.62731429546744,OFF,RETRACTED,MANUAL
23:45:46.287,6.71,25.71,0.00,190.41260023594145,OFF,RETRACTED,MANUAL
23:45:46.388,6.33,24.97,0.00,189.1993758583052,OFF,RETRACTED,MANUAL
23:45:46.489,5.93,24.21,0.00,187.98767149310578,OFF,RETRACTED,MANUAL
23:45:46.589,5.52,23.45,0.00,186.77751743289008,OFF,RETRACTED,MANUAL
23:45:46.690,5.10,22.68,0.00,185.5689439314449,OFF,RETRACTED,MANUAL
23:45:46.791,4.66,21.89,0.00,184.36198120304647,OFF,RETRACTED,MANUAL
23:45:46.893,4.21,21.10,0.00,183.15665942169846,OFF,RETRACTED,MANUAL
23:45:46.994,3.75,20.30,0.00,181.95300872038354,OFF,RETRACTED,MANUAL
23:45:47.095,3.29,19.50,0.00,180.7510591903073,OFF,RETRACTED,MANUAL
23:45:47.196,2.81,18.68,0.00,179.55084088014377,OFF,RETRACTED,MANUAL
23:45:47.296,2.33,17.86,0.00,178.35238379528982,OFF,RETRACTED,MANUAL
23:45:47.397,1.84,17.03,0.00,177.15571789710856,OFF,RETRACTED,MANUAL
23:45:47.498,1.35,16.19,0.00,175.96087310218587,OFF,RETRACTED,MANUAL
23:45:47.600,0.85,15.35,0.00,174.76787928158026,OFF,RETRACTED,MANUAL
23:45:47.702,0.35,14.50,0.00,173.57676626007344,OFF,RETRACTED,MANUAL
23:45:47.803,-0.15,13.65,0.00,172.3875638154306,OFF,RETRACTED,MANUAL
23:45:47.904,-0.65,12.79,0.00,171.2003016776492,OFF,RETRACTED,MANUAL
23:45:48.004,-1.15,11.92,0.00,170.01500952822175,OFF,RETRACTED,MANUAL
23:45:48.107,-1.64,11.05,0.00,168.831716999391,OFF,RETRACTED,MANUAL
23:45:48.206,-2.13,10.18,0.00,167.65045367340696,OFF,RETRACTED,MANUAL
23:45:48.308,-2.62,9.30,0.00,166.47124908179288,OFF,RETRACTED,MANUAL
23:45:48.408,-3.10,8.42,0.00,165.29413270460046,OFF,RETRACTED,MANUAL
23:45:48.510,-3.57,7.53,0.00,164.11913396967867,OFF,RETRACTED,MANUAL
23:45:48.610,-4.03,6.64,0.00,162.94628225193551,OFF,RETRACTED,MANUAL
23:45:48.711,-4.48,5.75,0.00,161.77560687260117,OFF,RETRACTED,MANUAL
23:45:48.811,-4.93,4.86,0.00,160.60713709850086,OFF,RETRACTED,MANUAL
23:45:48.912,-5.35,3.96,0.00,159.44090214131634,OFF,RETRACTED,MANUAL
23:45:49.013,-5.77,3.06,0.00,158.2769311568617,OFF,RETRACTED,MANUAL
23:45:49.114,-6.17,2.17,0.00,157.11525324435172,OFF,RETRACTED,MANUAL
23:45:49.215,-6.56,1.27,0.00,155.95589744567206,OFF,RETRACTED,MANUAL
23:45:49.315,-6.93,0.37,0.00,154.79889274465899,OFF,RETRACTED,MANUAL
23:45:49.418,-7.28,-0.53,0.00,153.64426806636806,OFF,RETRACTED,MANUAL
23:45:49.517,-7.61,-1.43,0.00,152.49205227635696,OFF,RETRACTED,MANUAL
23:45:49.618,-7.93,-2.33,0.00,151.34227417996124,OFF,RETRACTED,MANUAL
23:45:49.721,-8.22,-3.23,0.00,150.19496252157177,OFF,RETRACTED,MANUAL
23:45:49.821,-8.50,-4.13,0.00,149.05014598392188,OFF,RETRACTED,MANUAL
23:45:49.923,-8.75,-5.02,0.00,147.90785318736383,OFF,RETRACTED,MANUAL
23:45:50.023,-8.98,-5.92,0.00,146.76811268915878,OFF,RETRACTED,MANUAL
23:45:50.126,-9.19,-6.81,0.00,145.63095298276068,OFF,RETRACTED,MANUAL
23:45:50.225,-9.37,-7.70,0.00,144.4964024971013,OFF,RETRACTED,MANUAL
23:45:50.325,-9.54,-8.58,0.00,143.36448959588532,OFF,RETRACTED,MANUAL
23:45:50.426,-9.67,-9.46,0.00,142.2352425768747,OFF,RETRACTED,MANUAL
23:45:50.531,-9.79,-10.34,0.00,141.10868967118694,OFF,RETRACTED,MANUAL
23:45:50.630,-9.88,-11.21,0.00,139.98485904258678,OFF,RETRACTED,MANUAL
23:45:50.735,-9.94,-12.08,0.00,138.8637787867798,OFF,RETRACTED,MANUAL
23:45:50.842,-9.98,-12.95,0.00,137.7454769307156,OFF,RETRACTED,MANUAL
23:45:50.949,-10.00,-13.81,0.00,136.62998143188076,OFF,RETRACTED,MANUAL
23:45:51.051,-9.99,-14.66,0.00,135.51732017760548,OFF,RETRACTED,MANUAL
23:45:51.151,-9.96,-15.51,0.00,134.40752098436388,OFF,RETRACTED,MANUAL
23:45:51.252,-9.90,-16.35,0.00,133.30061159707645,OFF,RETRACTED,MANUAL
23:45:51.353,-9.81,-17.19,0.00,132.19661968842178,OFF,RETRACTED,MANUAL
23:45:51.455,-9.70,-18.01,0.00,131.09557285813855,OFF,RETRACTED,MANUAL
23:45:51.555,-9.57,-18.84,0.00,129.99749863234092,OFF,RETRACTED,MANUAL
23:45:51.656,-9.41,-19.65,0.00,128.90242446282815,OFF,RETRACTED,MANUAL
23:45:51.757,-9.23,-20.45,0.00,127.81037772639586,OFF,RETRACTED,MANUAL
23:45:51.858,-9.03,-21.25,0.00,126.72138572415717,OFF,RETRACTED,MANUAL
23:45:51.959,-8.80,-22.04,0.00,125.63547568085383,OFF,RETRACTED,MANUAL
23:45:52.060,-8.56,-22.82,0.00,124.55267474418116,OFF,RETRACTED,MANUAL
23:45:52.162,-8.29,-23.59,0.00,123.47300998410695,OFF,RETRACTED,MANUAL
23:45:52.262,-8.00,-24.35,0.00,122.39650839219243,OFF,RETRACTED,MANUAL
23:45:52.363,-7.69,-25.11,0.00,121.32319688092286,OFF,RETRACTED,MANUAL
23:45:52.466,-7.36,-25.85,0.00,120.2531022830286,OFF,RETRACTED,MANUAL
23:45:52.565,-7.01,-26.58,0.00,119.18625135081962,OFF,RETRACTED,MANUAL
23:45:52.666,-6.64,-27.30,0.00,118.1226707555144,OFF,RETRACTED,MANUAL
23:45:52.770,-6.26,-28.01,0.00,117.06238708657096,OFF,RETRACTED,MANUAL
23:45:52.871,-5.86,-28.71,0.00,116.00542685102727,OFF,RETRACTED,MANUAL
23:45:52.970,-5.45,-29.40,0.00,114.95181647283266,OFF,RETRACTED,MANUAL
23:45:53.070,-5.03,-30.07,0.00,113.9015822921925,OFF,RETRACTED,MANUAL
23:45:53.171,-4.59,-30.74,0.00,112.8547505649073,OFF,RETRACTED,MANUAL
23:45:53.272,-4.14,-31.39,0.00,111.81134746171432,OFF,RETRACTED,MANUAL
23:45:53.372,-3.68,-32.03,0.00,110.77139906763816,OFF,RETRACTED,MANUAL
23:45:53.473,-3.21,-32.65,0.00,109.7349313813331,OFF,RETRACTED,MANUAL
23:45:53.576,-2.73,-33.26,0.00,108.70197031443806,OFF,RETRACTED,MANUAL
23:45:53.675,-2.25,-33.86,0.00,107.67254169092664,OFF,RETRACTED,MANUAL
23:45:53.775,-1.76,-34.45,0.00,106.6466712464593,OFF,RETRACTED,MANUAL
23:45:53.877,-1.26,-35.02,0.00,105.62438462774523,OFF,RETRACTED,MANUAL
23:45:53.977,-0.76,-35.58,0.00,104.60570739189521,OFF,RETRACTED,MANUAL
23:45:54.077,-0.27,-36.12,0.00,103.59066500578774,OFF,RETRACTED,MANUAL
23:45:54.178,0.23,-36.65,0.00,102.57928284543038,OFF,RETRACTED,MANUAL
23:45:54.279,0.73,-37.17,0.00,101.57158619532302,OFF,RETRACTED,MANUAL
23:45:54.382,1.23,-37.67,0.00,100.56760024783085,OFF,RETRACTED,MANUAL
23:45:54.483,1.73,-38.15,0.00,99.56735010254886,OFF,RETRACTED,MANUAL
23:45:54.585,2.22,-38.62,0.00,98.57086076567924,OFF,RETRACTED,MANUAL
23:45:54.685,2.70,-39.08,0.00,97.57815714940429,OFF,RETRACTED,MANUAL
23:45:54.785,3.18,-39.51,0.00,96.58926407126128,OFF,RETRACTED,MANUAL
23:45:54.886,3.65,-39.94,0.00,95.60420625352702,OFF,RETRACTED,MANUAL
23:45:54.986,4.11,-40.34,0.00,94.62300832259433,OFF,RETRACTED,MANUAL
23:45:55.089,4.56,-40.73,0.00,93.64569480836099,OFF,RETRACTED,MANUAL
23:45:55.190,5.00,-41.11,0.00,92.67229014361473,OFF,RETRACTED,MANUAL
23:45:55.289,5.43,-41.47,0.00,91.70281866342,OFF,RETRACTED,MANUAL
23:45:55.392,5.84,-41.81,0.00,90.73730460451478,OFF,RETRACTED,MANUAL
23:45:55.493,6.24,-42.13,0.00,89.77577210469877,OFF,RETRACTED,MANUAL
23:45:55.594,6.62,-42.44,0.00,88.81824520223523,OFF,RETRACTED,MANUAL
23:45:55.696,6.99,-42.73,0.00,87.86474783524736,OFF,RETRACTED,MANUAL
23:45:55.797,7.34,-43.00,0.00,86.91530384111846,OFF,RETRACTED,MANUAL
23:45:55.898,7.67,-43.26,0.00,85.96993695590018,OFF,RETRACTED,MANUAL
23:45:55.999,7.98,-43.50,0.00,85.02867081371411,OFF,RETRACTED,MANUAL
23:45:56.100,8.27,-43.72,0.00,84.09152894616548,OFF,RETRACTED,MANUAL
23:45:56.200,8.54,-43.93,0.00,83.15853478175279,OFF,RETRACTED,MANUAL
23:45:56.302,8.79,-44.11,0.00,82.22971164528022,OFF,RETRACTED,MANUAL
23:45:56.402,9.02,-44.28,0.00,81.3050827572792,OFF,RETRACTED,MANUAL
23:45:56.503,9.22,-44.43,0.00,80.38467123342235,OFF,RETRACTED,MANUAL
23:45:56.604,9.40,-44.57,0.00,79.46850008395057,OFF,RETRACTED,MANUAL
23:45:56.707,9.56,-44.68,0.00,78.55659221309548,OFF,RETRACTED,MANUAL
23:45:56.806,9.70,-44.78,0.00,77.64897041850512,OFF,RETRACTED,MANUAL
23:45:56.907,9.81,-44.86,0.00,76.74565739067833,OFF,RETRACTED,MANUAL
23:45:57.008,9.89,-44.92,0.00,75.84667571239245,OFF,RETRACTED,MANUAL
23:45:57.110,9.95,-44.97,0.00,74.95204785814329,OFF,RETRACTED,MANUAL
23:45:57.211,9.99,-44.99,0.00,74.06179619358124,OFF,RETRACTED,MANUAL
23:45:57.313,10.00,-45.00,0.00,73.17594297495029,OFF,RETRACTED,MANUAL
23:45:57.415,9.99,-44.99,0.00,72.29451034853602,OFF,RETRACTED,MANUAL
23:45:57.518,9.95,-44.96,0.00,71.41752035010694,OFF,RETRACTED,MANUAL
23:45:57.623,9.88,-44.92,0.00,70.54499490436791,OFF,RETRACTED,MANUAL
23:45:57.724,9.80,-44.85,0.00,69.6769558244103,OFF,RETRACTED,MANUAL
23:45:57.830,9.68,-44.77,0.00,68.81342481116465,OFF,RETRACTED,MANUAL
23:45:57.935,9.55,-44.67,0.00,67.95442345286253,OFF,RETRACTED,MANUAL
23:45:58.036,9.38,-44.55,0.00,67.09997322449195,OFF,RETRACTED,MANUAL
23:45:58.138,9.20,-44.42,0.00,66.25009548726476,OFF,RETRACTED,MANUAL
23:45:58.238,8.99,-44.26,0.00,65.40481148808067,OFF,RETRACTED,MANUAL
23:45:58.340,8.76,-44.09,0.00,64.56414235899447,OFF,RETRACTED,MANUAL
23:45:58.439,8.51,-43.90,0.00,63.72810911669177,OFF,RETRACTED,MANUAL
23:45:58.541,8.24,-43.70,0.00,62.89673266195888,OFF,RETRACTED,MANUAL
23:45:58.640,7.94,-43.48,0.00,62.07003377916453,OFF,RETRACTED,MANUAL
23:45:58.743,7.63,-43.23,0.00,61.2480331357383,OFF,RETRACTED,MANUAL
23:45:58.842,7.30,-42.98,0.00,60.43075128165219,OFF,RETRACTED,MANUAL
23:45:58.945,6.95,-42.70,0.00,59.61820864891132,OFF,RETRACTED,MANUAL
23:45:59.046,6.58,-42.41,0.00,58.810425551037895,OFF,RETRACTED,MANUAL
23:45:59.147,6.20,-42.10,0.00,58.00742218256792,OFF,RETRACTED,MANUAL
23:45:59.251,5.80,-41.77,0.00,57.209218618544355,OFF,RETRACTED,MANUAL
23:45:59.352,5.38,-41.43,0.00,56.41583481401358,OFF,RETRACTED,MANUAL
23:45:59.452,4.95,-41.07,0.00,55.6272906035305,OFF,RETRACTED,MANUAL
23:45:59.554,4.51,-40.69,0.00,54.84360570065823,OFF,RETRACTED,MANUAL
23:45:59.655,4.06,-40.30,0.00,54.06479969747903,OFF,RETRACTED,MANUAL
23:45:59.762,3.60,-39.89,0.00,53.29089206410305,OFF,RETRACTED,MANUAL
23:45:59.861,3.13,-39.47,0.00,52.521902148179606,OFF,RETRACTED,MANUAL
23:45:59.965,2.65,-39.03,0.00,51.75784917441774,OFF,RETRACTED,MANUAL
23:46:00.067,2.16,-38.57,0.00,50.99875224410087,OFF,RETRACTED,MANUAL
23:46:00.167,1.67,-38.10,0.00,50.24463033461325,OFF,RETRACTED,MANUAL
23:46:00.268,1.18,-37.61,0.00,49.495502298963885,OFF,RETRACTED,MANUAL
23:46:00.369,0.68,-37.11,0.00,48.75138686531355,OFF,RETRACTED,MANUAL
23:46:00.470,0.18,-36.60,0.00,48.01230263651047,OFF,RETRACTED,MANUAL
23:46:00.571,-0.32,-36.07,0.00,47.27826808962075,OFF,RETRACTED,MANUAL
23:46:00.671,-0.82,-35.52,0.00,46.549301575470366,OFF,RETRACTED,MANUAL
23:46:00.773,-1.32,-34.96,0.00,45.82542131818474,OFF,RETRACTED,MANUAL
23:46:00.900,-1.81,-34.39,0.00,45.10664541473159,OFF,RETRACTED,MANUAL
23:46:01.008,-2.30,-33.80,0.00,44.392991834472014,OFF,RETRACTED,MANUAL
23:46:01.108,-2.78,-33.20,0.00,43.68447841870744,OFF,RETRACTED,MANUAL
23:46:01.208,-3.26,-32.58,0.00,42.98112288023677,OFF,RETRACTED,MANUAL
23:46:01.325,-3.73,-31.96,0.00,42.28294280291237,OFF,RETRACTED,MANUAL
23:46:01.434,-4.19,-31.32,0.00,41.58995564119883,OFF,RETRACTED,MANUAL
23:46:01.546,-4.63,-30.66,0.00,40.90217871974005,OFF,RETRACTED,MANUAL
23:46:01.650,-5.07,-30.00,0.00,40.21962923292233,OFF,RETRACTED,MANUAL
23:46:01.755,-5.50,-29.32,0.00,39.54232424444774,OFF,RETRACTED,MANUAL
23:46:01.932,-5.91,-28.63,0.00,38.87028068690614,OFF,RETRACTED,MANUAL
23:46:02.066,-6.30,-27.93,0.00,38.20351536135061,OFF,RETRACTED,MANUAL
23:46:02.171,-6.68,-27.22,0.00,37.542044936880444,OFF,RETRACTED,MANUAL
23:46:02.291,-7.05,-26.50,0.00,36.88588595022088,OFF,RETRACTED,MANUAL
23:46:02.426,-7.39,-25.77,0.00,36.2350548053129,OFF,RETRACTED,MANUAL
23:46:02.562,-7.72,-25.03,0.00,35.58956777290166,OFF,RETRACTED,MANUAL
23:46:02.714,-8.03,-24.27,0.00,34.94944099012841,OFF,RETRACTED,MANUAL
23:46:02.817,-8.32,-23.51,0.00,34.31469046013032,OFF,RETRACTED,MANUAL
23:46:02.918,-8.58,-22.74,0.00,33.68533205163675,OFF,RETRACTED,MANUAL
23:46:03.020,-8.83,-21.96,0.00,33.06138149857546,OFF,RETRACTED,MANUAL
23:46:03.125,-9.05,-21.17,0.00,32.442854399678254,OFF,RETRACTED,MANUAL
23:46:03.233,-9.25,-20.37,0.00,31.82976621808956,OFF,RETRACTED,MANUAL
23:46:03.333,-9.43,-19.56,0.00,31.222132280982834,OFF,RETRACTED,MANUAL
23:46:03.434,-9.59,-18.75,0.00,30.619967779173976,OFF,RETRACTED,MANUAL
23:46:03.534,-9.72,-17.93,0.00,30.023287766744602,OFF,RETRACTED,MANUAL
23:46:03.636,-9.82,-17.10,0.00,29.432107160664344,OFF,RETRACTED,MANUAL
23:46:03.735,-9.90,-16.26,0.00,28.846440740416824,OFF,RETRACTED,MANUAL
23:46:03.836,-9.96,-15.42,0.00,28.266303147632755,OFF,RETRACTED,MANUAL
23:46:03.938,-9.99,-14.57,0.00,27.69170888572097,OFF,RETRACTED,MANUAL
23:46:04.039,-10.00,-13.72,0.00,27.122672319508496,OFF,RETRACTED,MANUAL
23:46:04.141,-9.98,-12.86,0.00,26.55920767488027,OFF,RETRACTED,MANUAL
23:46:04.241,-9.94,-11.99,0.00,26.001329038422227,OFF,RETRACTED,MANUAL
23:46:04.342,-9.87,-11.12,0.00,25.449050357072053,OFF,RETRACTED,MANUAL
23:46:04.443,-9.78,-10.25,0.00,24.902385437767208,OFF,RETRACTED,MANUAL
23:46:04.545,-9.66,-9.37,0.00,24.361347947102587,OFF,RETRACTED,MANUAL
23:46:04.646,-9.52,-8.49,0.00,23.82595141098767,OFF,RETRACTED,MANUAL
23:46:04.750,-9.36,-7.60,0.00,23.296209214307225,OFF,RETRACTED,MANUAL
23:46:04.859,-9.17,-6.71,0.00,22.77213460058931,OFF,RETRACTED,MANUAL
23:46:04.962,-8.96,-5.82,0.00,22.25374067167124,OFF,RETRACTED,MANUAL
23:46:05.068,-8.72,-4.93,0.00,21.741040387374596,OFF,RETRACTED,MANUAL
23:46:05.179,-8.47,-4.03,0.00,21.234046565180165,OFF,RETRACTED,MANUAL
23:46:05.282,-8.19,-3.14,0.00,20.73277187990638,OFF,RETRACTED,MANUAL
23:46:05.386,-7.89,-2.24,0.00,20.237228863394932,OFF,RETRACTED,MANUAL
23:46:05.488,-7.58,-1.34,0.00,19.747429904194775,OFF,RETRACTED,MANUAL
23:46:05.591,-7.24,-0.44,0.00,19.263387247254713,OFF,RETRACTED,MANUAL
23:46:05.692,-6.89,0.46,0.00,18.785112993616252,OFF,RETRACTED,MANUAL
23:46:05.796,-6.52,1.36,0.00,18.312619100110226,OFF,RETRACTED,MANUAL
23:46:05.895,-6.13,2.26,0.00,17.845917379059955,OFF,RETRACTED,MANUAL
23:46:05.996,-5.73,3.16,0.00,17.385019497983535,OFF,RETRACTED,MANUAL
23:46:06.099,-5.31,4.06,0.00,16.929936979304358,OFF,RETRACTED,MANUAL
23:46:06.201,-4.88,4.95,0.00,16.480681200061923,OFF,RETRACTED,MANUAL
23:46:06.304,-4.44,5.85,0.00,16.037263391626766,OFF,RETRACTED,MANUAL
23:46:06.406,-3.98,6.74,0.00,15.599694639421529,OFF,RETRACTED,MANUAL
23:46:06.508,-3.52,7.63,0.00,15.167985882641688,OFF,RETRACTED,MANUAL
23:46:06.608,-3.05,8.51,0.00,14.742147913983956,OFF,RETRACTED,MANUAL
23:46:06.709,-2.57,9.39,0.00,14.322191379375681,OFF,RETRACTED,MANUAL
23:46:06.814,-2.08,10.27,0.00,13.908126777707764,OFF,RETRACTED,MANUAL
23:46:06.923,-1.59,11.15,0.00,13.499964460574233,OFF,RETRACTED,MANUAL
23:46:07.063,-1.09,12.01,0.00,13.09771463201119,OFF,RETRACTED,MANUAL
23:46:07.168,-0.60,12.88,0.00,12.701387348243713,OFF,RETRACTED,MANUAL
23:46:07.270,-0.10,13.74,0.00,12.310992517433533,OFF,RETRACTED,MANUAL
23:46:07.375,0.40,14.59,0.00,11.926539899430509,OFF,RETRACTED,MANUAL
23:46:07.476,0.90,15.44,0.00,11.54803910553062,OFF,RETRACTED,MANUAL
23:46:07.577,1.40,16.28,0.00,11.1754995982335,OFF,RETRACTED,MANUAL
23:46:07.682,1.89,17.12,0.00,10.808930691007646,OFF,RETRACTED,MANUAL
23:46:07.787,2.38,17.95,0.00,10.448341548056874,OFF,RETRACTED,MANUAL
23:46:07.897,2.86,18.77,0.00,10.093741184090561,OFF,RETRACTED,MANUAL
23:46:08.010,3.34,19.58,0.00,9.745138464099767,OFF,RETRACTED,MANUAL
23:46:08.111,3.80,20.39,0.00,9.402542103133868,OFF,RETRACTED,MANUAL
23:46:08.212,4.26,21.19,0.00,9.065960666084294,OFF,RETRACTED,MANUAL
23:46:08.314,4.71,21.98,0.00,8.735402567469663,OFF,RETRACTED,MANUAL
23:46:08.417,5.14,22.76,0.00,8.410876071224749,OFF,RETRACTED,MANUAL
23:46:08.516,5.57,23.53,0.00,8.09238929049556,OFF,RETRACTED,MANUAL
23:46:08.618,5.97,24.29,0.00,7.779950187434508,OFF,RETRACTED,MANUAL
23:46:08.720,6.37,25.05,0.00,7.473566573003183,OFF,RETRACTED,MANUAL
23:46:08.820,6.75,25.79,0.00,7.17324610677619,OFF,RETRACTED,MANUAL
23:46:08.926,7.11,26.52,0.00,6.878996296749079,OFF,RETRACTED,MANUAL
23:46:09.025,7.45,27.24,0.00,6.590824499152205,OFF,RETRACTED,MANUAL
23:46:09.128,7.77,27.95,0.00,6.3087379182651375,OFF,RETRACTED,MANUAL
23:46:09.229,8.08,28.65,0.00,6.032743606237858,OFF,RETRACTED,MANUAL
23:46:09.331,8.36,29.34,0.00,5.762848462913979,OFF,RETRACTED,MANUAL
23:46:09.432,8.63,30.02,0.00,5.499059235657683,OFF,RETRACTED,MANUAL
23:46:09.534,8.87,30.68,0.00,5.24138251918626,OFF,RETRACTED,MANUAL
23:46:09.641,9.09,31.33,0.00,4.989824755403873,OFF,RETRACTED,MANUAL
23:46:09.742,9.28,31.97,0.00,4.744392233241655,OFF,RETRACTED,MANUAL
23:46:09.842,9.46,32.60,0.00,4.505091088500052,OFF,RETRACTED,MANUAL
23:46:09.965,9.61,33.22,0.00,4.271927303694895,OFF,RETRACTED,MANUAL
23:46:10.068,9.74,33.82,0.00,4.044906707909007,OFF,RETRACTED,MANUAL
23:46:10.180,9.84,34.40,0.00,3.8240349766450663,OFF,RETRACTED,MANUAL
23:46:10.285,9.91,34.98,0.00,3.6093176316850872,OFF,RETRACTED,MANUAL
23:46:10.390,9.97,35.54,0.00,3.4007600409516385,OFF,RETRACTED,MANUAL
23:46:10.527,10.00,36.08,0.00,3.198367418373323,OFF,RETRACTED,MANUAL
23:46:10.641,10.00,36.61,0.00,3.0021448237554296,OFF,RETRACTED,MANUAL
23:46:10.742,9.98,37.13,0.00,2.81209716265235,OFF,RETRACTED,MANUAL
23:46:10.876,9.93,37.63,0.00,2.628229186245875,OFF,RETRACTED,MANUAL
23:46:10.989,9.86,38.11,0.00,2.4505454912259097,OFF,RETRACTED,MANUAL
23:46:11.089,9.76,38.58,0.00,2.2790505196753656,OFF,RETRACTED,MANUAL
23:46:11.193,9.64,39.04,0.00,2.113748558959827,OFF,RETRACTED,MANUAL
23:46:11.292,9.49,39.48,0.00,1.9546437416194635,OFF,RETRACTED,MANUAL
23:46:11.394,9.33,39.90,0.00,1.8017400452665697,OFF,RETRACTED,MANUAL
23:46:11.497,9.13,40.31,0.00,1.6550412924856346,OFF,RETRACTED,MANUAL
23:46:11.603,8.92,40.70,0.00,1.5145511507377023,OFF,RETRACTED,MANUAL
23:46:11.703,8.68,41.08,0.00,1.380273132269167,OFF,RETRACTED,MANUAL
23:46:11.804,8.42,41.44,0.00,1.2522105940232393,OFF,RETRACTED,MANUAL
23:46:11.905,8.14,41.78,0.00,1.1303667375569262,OFF,RETRACTED,MANUAL
23:46:12.020,7.84,42.11,0.00,1.0147446089602852,OFF,RETRACTED,MANUAL
23:46:12.120,7.52,42.42,0.00,0.9053470987803678,OFF,RETRACTED,MANUAL
23:46:12.233,7.18,42.71,0.00,0.8021769419493978,OFF,RETRACTED,MANUAL
23:46:12.334,6.83,42.98,0.00,0.7052367177157635,OFF,RETRACTED,MANUAL
23:46:12.444,6.45,43.24,0.00,0.6145288495800969,OFF,RETRACTED,MANUAL
23:46:12.545,6.06,43.48,0.00,0.5300556052344518,OFF,RETRACTED,MANUAL
23:46:12.647,5.66,43.70,0.00,0.4518190965054032,OFF,RETRACTED,MANUAL
23:46:12.746,5.24,43.91,0.00,0.3798212793016944,OFF,RETRACTED,MANUAL
23:46:12.850,4.81,44.10,0.00,0.31406395356492567,OFF,RETRACTED,MANUAL
23:46:12.951,4.36,44.27,0.00,0.2545487632248751,OFF,RETRACTED,MANUAL
23:46:13.050,3.91,44.42,0.00,0.20127719615820183,OFF,RETRACTED,MANUAL
23:46:13.151,3.44,44.56,0.00,0.15425058415124226,OFF,RETRACTED,MANUAL
23:46:13.252,2.97,44.67,0.00,0.11347010286695536,OFF,RETRACTED,MANUAL
23:46:13.354,2.49,44.77,0.00,0.07893677181510839,OFF,RETRACTED,MANUAL
23:46:13.455,2.00,44.85,0.00,0.050651454327322654,OFF,RETRACTED,MANUAL
23:46:13.557,1.51,44.92,0.00,0.028614857534961402,OFF,RETRACTED,MANUAL
23:46:13.657,1.01,44.96,0.00,0.012827532351849413,OFF,RETRACTED,MANUAL
23:46:13.757,0.51,44.99,0.00,0.0032898734602611057,OFF,RETRACTED,MANUAL
23:46:13.857,0.01,45.00,0.00,2.1193012003095646e-06,OFF,RETRACTED,MANUAL
23:46:13.958,-0.49,44.99,0.00,0.002964352068346443,OFF,RETRACTED,MANUAL
23:46:14.059,-0.99,44.96,0.00,0.012176497705979727,OFF,RETRACTED,MANUAL
23:46:14.160,-1.48,44.92,0.00,0.027638325911055972,OFF,RETRACTED,MANUAL
23:46:14.260,-1.97,44.86,0.00,0.049349450138549855,OFF,RETRACTED,MANUAL
23:46:14.363,-2.46,44.78,0.00,0.07730932761157305,OFF,RETRACTED,MANUAL
23:46:14.465,-2.94,44.68,0.00,0.11151725933461876,OFF,RETRACTED,MANUAL
23:46:14.565,-3.42,44.56,0.00,0.15197239011109787,OFF,RETRACTED,MANUAL
23:46:14.667,-3.88,44.43,0.00,0.19867370856499633,OFF,RETRACTED,MANUAL
23:46:14.768,-4.34,44.28,0.00,0.2516200471656589,OFF,RETRACTED,MANUAL
23:46:14.868,-4.78,44.11,0.00,0.3108100822574613,OFF,RETRACTED,MANUAL
23:46:14.970,-5.22,43.92,0.00,0.3762423340926091,OFF,RETRACTED,MANUAL
23:46:15.070,-5.64,43.72,0.00,0.44791516686808563,OFF,RETRACTED,MANUAL
23:46:15.170,-6.04,43.49,0.00,0.5258267887670058,OFF,RETRACTED,MANUAL
23:46:15.271,-6.43,43.25,0.00,0.6099752520026698,OFF,RETRACTED,MANUAL
23:46:15.372,-6.81,43.00,0.00,0.7003584528680733,OFF,RETRACTED,MANUAL
23:46:15.473,-7.16,42.72,0.00,0.7969741317878061,OFF,RETRACTED,MANUAL
23:46:15.574,-7.50,42.43,0.00,0.8998198733748382,OFF,RETRACTED,MANUAL
23:46:15.675,-7.83,42.12,0.00,1.0088931064912003,OFF,RETRACTED,MANUAL
23:46:15.776,-8.13,41.80,0.00,1.1241911043115067,OFF,RETRACTED,MANUAL
23:46:15.878,-8.41,41.46,0.00,1.2457109843920477,OFF,RETRACTED,MANUAL
23:46:15.979,-8.67,41.10,0.00,1.3734497087420436,OFF,RETRACTED,MANUAL
23:46:16.081,-8.91,40.72,0.00,1.5074040838998997,OFF,RETRACTED,MANUAL
23:46:16.182,-9.12,40.33,0.00,1.6475707610134975,OFF,RETRACTED,MANUAL
23:46:16.282,-9.32,39.93,0.00,1.793946235922931,OFF,RETRACTED,MANUAL
23:46:16.382,-9.49,39.50,0.00,1.9465268492491816,OFF,RETRACTED,MANUAL
23:46:16.483,-9.63,39.06,0.00,2.105308786484784,OFF,RETRACTED,MANUAL
23:46:16.585,-9.75,38.61,0.00,2.270288078089436,OFF,RETRACTED,MANUAL
23:46:16.686,-9.85,38.14,0.00,2.441460599589675,OFF,RETRACTED,MANUAL
23:46:16.786,-9.93,37.65,0.00,2.6188220716811372,OFF,RETRACTED,MANUAL
23:46:16.888,-9.97,37.15,0.00,2.802368060336505,OFF,RETRACTED,MANUAL
23:46:16.989,-10.00,36.64,0.00,2.992093976915527,OFF,RETRACTED,MANUAL
23:46:17.090,-10.00,36.11,0.00,3.1879950782799824,OFF,RETRACTED,MANUAL
23:46:17.191,-9.97,35.56,0.00,3.390066466912856,OFF,RETRACTED,MANUAL
23:46:17.290,-9.92,35.01,0.00,3.598303091039668,OFF,RETRACTED,MANUAL
23:46:17.391,-9.84,34.43,0.00,3.8126997447559177,OFF,RETRACTED,MANUAL
23:46:17.492,-9.74,33.85,0.00,4.033251068156318,OFF,RETRACTED,MANUAL
23:46:17.592,-9.62,33.25,0.00,4.259951547469143,OFF,RETRACTED,MANUAL
23:46:17.693,-9.47,32.63,0.00,4.4927955151944445,OFF,RETRACTED,MANUAL
23:46:17.796,-9.29,32.01,0.00,4.731777150244881,OFF,RETRACTED,MANUAL
23:46:17.898,-9.10,31.37,0.00,4.976890478092372,OFF,RETRACTED,MANUAL
23:46:18.000,-8.88,30.72,0.00,5.228129370916321,OFF,RETRACTED,MANUAL
23:46:18.103,-8.64,30.05,0.00,5.485487547757259,OFF,RETRACTED,MANUAL
23:46:18.204,-8.38,29.38,0.00,5.748958574674617,OFF,RETRACTED,MANUAL
23:46:18.304,-8.09,28.69,0.00,6.018535864905999,OFF,RETRACTED,MANUAL
23:46:18.405,-7.79,27.99,0.00,6.2942126790335635,OFF,RETRACTED,MANUAL
23:46:18.510,-7.47,27.28,0.00,6.575982125151199,OFF,RETRACTED,MANUAL
23:46:18.611,-7.12,26.56,0.00,6.863837159037189,OFF,RETRACTED,MANUAL
23:46:18.712,-6.76,25.83,0.00,7.157770584331075,OFF,RETRACTED,MANUAL
23:46:18.813,-6.39,25.09,0.00,7.457775052712094,OFF,RETRACTED,MANUAL
23:46:18.914,-6.00,24.33,0.00,7.763843064084625,OFF,RETRACTED,MANUAL
23:46:19.017,-5.59,23.57,0.00,8.0759669667641,OFF,RETRACTED,MANUAL
23:46:19.117,-5.17,22.80,0.00,8.394138957669014,OFF,RETRACTED,MANUAL
23:46:19.217,-4.73,22.02,0.00,8.718351082516563,OFF,RETRACTED,MANUAL
23:46:19.318,-4.29,21.23,0.00,9.048595236020077,OFF,RETRACTED,MANUAL
23:46:19.419,-3.83,20.43,0.00,9.38486316209341,OFF,RETRACTED,MANUAL
23:46:19.520,-3.36,19.63,0.00,9.727146454055656,OFF,RETRACTED,MANUAL
23:46:19.621,-2.89,18.81,0.00,10.07543655484207,OFF,RETRACTED,MANUAL
23:46:19.721,-2.41,17.99,0.00,10.42972475721885,OFF,RETRACTED,MANUAL
23:46:19.830,-1.92,17.16,0.00,10.790002203998824,OFF,RETRACTED,MANUAL
23:46:19.931,-1.42,16.33,0.00,11.15625988826514,OFF,RETRACTED,MANUAL
23:46:20.031,-0.93,15.49,0.00,11.52848865359445,OFF,RETRACTED,MANUAL
23:46:20.132,-0.43,14.64,0.00,11.906679194286795,OFF,RETRACTED,MANUAL
23:46:20.233,0.07,13.78,0.00,12.290822055598852,OFF,RETRACTED,MANUAL
23:46:20.336,0.57,12.92,0.00,12.680907633978592,OFF,RETRACTED,MANUAL
23:46:20.438,1.07,12.06,0.00,13.07692617730737,OFF,RETRACTED,MANUAL
23:46:20.541,1.56,11.19,0.00,13.478867785142029,OFF,RETRACTED,MANUAL
23:46:20.642,2.06,10.32,0.00,13.886722408962953,OFF,RETRACTED,MANUAL
23:46:20.744,2.54,9.44,0.00,14.300479852426406,OFF,RETRACTED,MANUAL
23:46:20.845,3.02,8.56,0.00,14.720129771617252,OFF,RETRACTED,MANUAL
23:46:20.947,3.50,7.67,0.00,15.145661675309924,OFF,RETRACTED,MANUAL
23:46:21.048,3.96,6.78,0.00,15.577064925228768,OFF,RETRACTED,MANUAL
23:46:21.148,4.41,5.89,0.00,16.01432873631464,OFF,RETRACTED,MANUAL
23:46:21.250,4.86,5.00,0.00,16.4574421769957,OFF,RETRACTED,MANUAL
23:46:21.351,5.29,4.10,0.00,16.906394169458338,OFF,RETRACTED,MANUAL
23:46:21.452,5.70,3.21,0.00,17.361173489926756,OFF,RETRACTED,MANUAL
23:46:21.556,6.11,2.31,0.00,17.821768768941354,OFF,RETRACTED,MANUAL
23:46:21.655,6.50,1.41,0.00,18.288168491643802,OFF,RETRACTED,MANUAL
23:46:21.756,6.87,0.51,0.00,18.760360998065977,OFF,RETRACTED,MANUAL
23:46:21.857,7.22,-0.39,0.00,19.238334483419123,OFF,RETRACTED,MANUAL
23:46:21.959,7.56,-1.29,0.00,19.722076998391742,OFF,RETRACTED,MANUAL
23:46:22.060,7.88,-2.19,0.00,20.211576449445744,OFF,RETRACTED,MANUAL
23:46:22.165,8.18,-3.09,0.00,20.70682059912005,OFF,RETRACTED,MANUAL
23:46:22.264,8.45,-3.99,0.00,21.20779706633735,OFF,RETRACTED,MANUAL
23:46:22.367,8.71,-4.88,0.00,21.71449332671142,OFF,RETRACTED,MANUAL
23:46:22.468,8.94,-5.77,0.00,22.22689671286281,OFF,RETRACTED,MANUAL
23:46:22.569,9.16,-6.67,0.00,22.744994414733213,OFF,RETRACTED,MANUAL
23:46:22.674,9.35,-7.55,0.00,23.268773479906685,OFF,RETRACTED,MANUAL
23:46:22.782,9.51,-8.44,0.00,23.79822081393465,OFF,RETRACTED,MANUAL
23:46:22.885,9.65,-9.32,0.00,24.333323180660557,OFF,RETRACTED,MANUAL
23:46:22.998,9.77,-10.20,0.00,24.874067202553846,OFF,RETRACTED,MANUAL
23:46:23.099,9.87,-11.08,0.00,25.420439361041787,OFF,RETRACTED,MANUAL
23:46:23.213,9.94,-11.95,0.00,25.97242599684847,OFF,RETRACTED,MANUAL
23:46:23.345,9.98,-12.81,0.00,26.530013310337523,OFF,RETRACTED,MANUAL
23:46:23.472,10.00,-13.67,0.00,27.093187361854405,OFF,RETRACTED,MANUAL
23:46:23.588,9.99,-14.53,0.00,27.661934072077912,OFF,RETRACTED,MANUAL
23:46:23.710,9.96,-15.37,0.00,28.236239222369505,OFF,RETRACTED,MANUAL
23:46:23.809,9.91,-16.22,0.00,28.816088455129943,OFF,RETRACTED,MANUAL
23:46:23.910,9.83,-17.05,0.00,29.401467274159444,OFF,RETRACTED,MANUAL
23:46:24.012,9.72,-17.88,0.00,29.99236104501719,OFF,RETRACTED,MANUAL
23:46:24.113,9.59,-18.71,0.00,30.588754995390502,OFF,RETRACTED,MANUAL
23:46:24.214,9.44,-19.52,0.00,31.190634215461245,OFF,RETRACTED,MANUAL
23:46:24.315,9.26,-20.33,0.00,31.797983658279918,OFF,RETRACTED,MANUAL
23:46:24.415,9.06,-21.13,0.00,32.41078814014284,OFF,RETRACTED,MANUAL
23:46:24.521,8.84,-21.92,0.00,33.02903234096908,OFF,RETRACTED,MANUAL
23:46:24.623,8.60,-22.70,0.00,33.652700804686674,OFF,RETRACTED,MANUAL
23:46:24.725,8.33,-23.47,0.00,34.28177793961609,OFF,RETRACTED,MANUAL
23:46:24.826,8.04,-24.23,0.00,34.91624801886127,OFF,RETRACTED,MANUAL
23:46:24.930,7.74,-24.99,0.00,35.55609518070409,OFF,RETRACTED,MANUAL
23:46:25.049,7.41,-25.73,0.00,36.201303428998074,OFF,RETRACTED,MANUAL
23:46:25.172,7.06,-26.46,0.00,36.8518566335714,OFF,RETRACTED,MANUAL
23:46:25.328,6.70,-27.19,0.00,37.50773853062748,OFF,RETRACTED,MANUAL
23:46:25.446,6.32,-27.90,0.00,38.168932723152494,OFF,RETRACTED,MANUAL
23:46:25.558,5.93,-28.60,0.00,38.83542268132709,OFF,RETRACTED,MANUAL
23:46:25.662,5.52,-29.29,0.00,39.50719174293599,OFF,RETRACTED,MANUAL
23:46:25.763,5.09,-29.96,0.00,40.184223113788676,OFF,RETRACTED,MANUAL
23:46:25.864,4.66,-30.63,0.00,40.866499868135605,OFF,RETRACTED,MANUAL
23:46:25.965,4.21,-31.28,0.00,41.554004949092985,OFF,RETRACTED,MANUAL
23:46:26.067,3.75,-31.92,0.00,42.246721169070554,OFF,RETRACTED,MANUAL
23:46:26.168,3.28,-32.55,0.00,42.94463121019794,OFF,RETRACTED,MANUAL
23:46:26.269,2.81,-33.17,0.00,43.64771762476147,OFF,RETRACTED,MANUAL
23:46:26.373,2.32,-33.77,0.00,44.35596283563686,OFF,RETRACTED,MANUAL
23:46:26.473,1.83,-34.36,0.00,45.06934913673024,OFF,RETRACTED,MANUAL
23:46:26.575,1.34,-34.93,0.00,45.787858693422265,OFF,RETRACTED,MANUAL
23:46:26.674,0.84,-35.49,0.00,46.511473543010425,OFF,RETRACTED,MANUAL
23:46:26.777,0.34,-36.04,0.00,47.2401755951621,OFF,RETRACTED,MANUAL
23:46:26.876,-0.16,-36.57,0.00,47.97394663236358,OFF,RETRACTED,MANUAL
23:46:26.995,-0.65,-37.09,0.00,48.712768310376504,OFF,RETRACTED,MANUAL
23:46:27.096,-1.15,-37.59,0.00,49.45662215869851,OFF,RETRACTED,MANUAL
23:46:27.199,-1.65,-38.08,0.00,50.205489581021055,OFF,RETRACTED,MANUAL
23:46:27.303,-2.14,-38.55,0.00,50.95935185569863,OFF,RETRACTED,MANUAL
23:46:27.404,-2.62,-39.00,0.00,51.71819013621317,OFF,RETRACTED,MANUAL
23:46:27.505,-3.10,-39.45,0.00,52.48198545164658,OFF,RETRACTED,MANUAL
23:46:27.606,-3.57,-39.87,0.00,53.250718707156864,OFF,RETRACTED,MANUAL
23:46:27.709,-4.04,-40.28,0.00,54.024370684451554,OFF,RETRACTED,MANUAL
23:46:27.812,-4.49,-40.67,0.00,54.80292204227263,OFF,RETRACTED,MANUAL
23:46:27.927,-4.93,-41.05,0.00,55.58635331687617,OFF,RETRACTED,MANUAL
23:46:28.027,-5.36,-41.41,0.00,56.3746449225205,OFF,RETRACTED,MANUAL
23:46:28.135,-5.77,-41.75,0.00,57.16777715195772,OFF,RETRACTED,MANUAL
23:46:28.242,-6.17,-42.08,0.00,57.96573017692222,OFF,RETRACTED,MANUAL
23:46:28.342,-6.56,-42.39,0.00,58.76848404863111,OFF,RETRACTED,MANUAL
23:46:28.448,-6.93,-42.69,0.00,59.5760186982788,OFF,RETRACTED,MANUAL
23:46:28.558,-7.28,-42.96,0.00,60.388313937540545,OFF,RETRACTED,MANUAL
23:46:28.672,-7.61,-43.22,0.00,61.20534945907886,OFF,RETRACTED,MANUAL
23:46:28.772,-7.93,-43.46,0.00,62.027104837047034,OFF,RETRACTED,MANUAL
23:46:28.873,-8.22,-43.69,0.00,62.85355952760466,OFF,RETRACTED,MANUAL
23:46:28.982,-8.50,-43.89,0.00,63.68469286942687,OFF,RETRACTED,MANUAL
23:46:29.081,-8.75,-44.08,0.00,64.52048408422286,OFF,RETRACTED,MANUAL
23:46:29.182,-8.98,-44.26,0.00,65.36091227725694,OFF,RETRACTED,MANUAL
23:46:29.283,-9.19,-44.41,0.00,66.20595643786689,OFF,RETRACTED,MANUAL
23:46:29.384,-9.38,-44.55,0.00,67.05559543999391,OFF,RETRACTED,MANUAL
23:46:29.484,-9.54,-44.66,0.00,67.90980804270657,OFF,RETRACTED,MANUAL
23:46:29.589,-9.68,-44.77,0.00,68.76857289073371,OFF,RETRACTED,MANUAL
23:46:29.695,-9.79,-44.85,0.00,69.63186851500006,OFF,RETRACTED,MANUAL
23:46:29.801,-9.88,-44.91,0.00,70.49967333315874,OFF,RETRACTED,MANUAL
23:46:29.903,-9.94,-44.96,0.00,71.37196565013576,OFF,RETRACTED,MANUAL
23:46:30.004,-9.98,-44.99,0.00,72.24872365866798,OFF,RETRACTED,MANUAL
23:46:30.105,-10.00,-45.00,0.00,73.12992543985027,OFF,RETRACTED,MANUAL
23:46:30.207,-9.99,-44.99,0.00,74.0155489636852,OFF,RETRACTED,MANUAL
23:46:30.309,-9.96,-44.97,0.00,74.90557208962954,OFF,RETRACTED,MANUAL
23:46:30.413,-9.90,-44.92,0.00,75.79997256715282,OFF,RETRACTED,MANUAL
23:46:30.517,-9.81,-44.86,0.00,76.69872803628903,OFF,RETRACTED,MANUAL
23:46:30.617,-9.70,-44.78,0.00,77.60181602819753,OFF,RETRACTED,MANUAL
23:46:30.720,-9.57,-44.69,0.00,78.50921396572693,OFF,RETRACTED,MANUAL
23:46:30.822,-9.41,-44.57,0.00,79.42089916397478,OFF,RETRACTED,MANUAL
23:46:30.922,-9.23,-44.44,0.00,80.3368488308598,OFF,RETRACTED,MANUAL
23:46:31.022,-9.03,-44.29,0.00,81.25704006768746,OFF,RETRACTED,MANUAL
23:46:31.123,-8.80,-44.12,0.00,82.18144986972408,OFF,RETRACTED,MANUAL
23:46:31.225,-8.55,-43.94,0.00,83.11005512677409,OFF,RETRACTED,MANUAL
23:46:31.327,-8.28,-43.73,0.00,84.04283262375307,OFF,RETRACTED,MANUAL
23:46:31.428,-7.99,-43.51,0.00,84.97975904127352,OFF,RETRACTED,MANUAL
23:46:31.529,-7.68,-43.27,0.00,85.92081095622319,OFF,RETRACTED,MANUAL
23:46:31.631,-7.35,-43.02,0.00,86.8659648423525,OFF,RETRACTED,MANUAL
23:46:31.733,-7.00,-42.75,0.00,87.81519707086483,OFF,RETRACTED,MANUAL
23:46:31.835,-6.64,-42.46,0.00,88.76848391100259,OFF,RETRACTED,MANUAL
23:46:31.936,-6.26,-42.15,0.00,89.72580153064584,OFF,RETRACTED,MANUAL
23:46:32.040,-5.86,-41.83,0.00,90.68712599690315,OFF,RETRACTED,MANUAL
23:46:32.141,-5.45,-41.48,0.00,91.65243327671234,OFF,RETRACTED,MANUAL
23:46:32.243,-5.02,-41.13,0.00,92.62169923744307,OFF,RETRACTED,MANUAL
23:46:32.344,-4.58,-40.75,0.00,93.5948996474954,OFF,RETRACTED,MANUAL
23:46:32.444,-4.13,-40.36,0.00,94.5720101769111,OFF,RETRACTED,MANUAL
23:46:32.544,-3.67,-39.96,0.00,95.55300639797721,OFF,RETRACTED,MANUAL
23:46:32.647,-3.20,-39.54,0.00,96.53786378583857,OFF,RETRACTED,MANUAL
23:46:32.747,-2.73,-39.10,0.00,97.52655771911316,OFF,RETRACTED,MANUAL
23:46:32.849,-2.24,-38.65,0.00,98.51906348050275,OFF,RETRACTED,MANUAL
23:46:32.949,-1.75,-38.18,0.00,99.51535625741641,OFF,RETRACTED,MANUAL
23:46:33.052,-1.26,-37.69,0.00,100.51541114258592,OFF,RETRACTED,MANUAL
23:46:33.152,-0.76,-37.19,0.00,101.51920313469049,OFF,RETRACTED,MANUAL
23:46:33.253,-0.26,-36.68,0.00,102.52670713898402,OFF,RETRACTED,MANUAL
23:46:33.354,0.24,-36.15,0.00,103.53789796791747,OFF,RETRACTED,MANUAL
23:46:33.455,0.74,-35.61,0.00,104.55275034177424,OFF,RETRACTED,MANUAL
23:46:33.556,1.24,-35.05,0.00,105.57123888929709,OFF,RETRACTED,MANUAL
23:46:33.658,1.73,-34.48,0.00,106.59333814832468,OFF,RETRACTED,MANUAL
23:46:33.761,2.22,-33.89,0.00,107.61902256643017,OFF,RETRACTED,MANUAL
23:46:33.862,2.71,-33.30,0.00,108.6482665015551,OFF,RETRACTED,MANUAL
23:46:33.965,3.18,-32.68,0.00,109.68104422265617,OFF,RETRACTED,MANUAL
23:46:34.125,3.65,-32.06,0.00,110.71732991034341,OFF,RETRACTED,MANUAL
23:46:34.243,4.11,-31.42,0.00,111.75709765752785,OFF,RETRACTED,MANUAL
23:46:34.343,4.56,-30.77,0.00,112.80032147007142,OFF,RETRACTED,MANUAL
23:46:34.446,5.00,-30.11,0.00,113.84697526743173,OFF,RETRACTED,MANUAL
23:46:34.547,5.43,-29.43,0.00,114.89703288331978,OFF,RETRACTED,MANUAL
23:46:34.647,5.84,-28.75,0.00,115.95046806634915,OFF,RETRACTED,MANUAL
23:46:34.749,6.24,-28.05,0.00,117.00725448069437,OFF,RETRACTED,MANUAL
23:46:34.850,6.62,-27.34,0.00,118.06736570675164,OFF,RETRACTED,MANUAL
23:46:34.951,6.99,-26.62,0.00,119.130775241794,OFF,RETRACTED,MANUAL
23:46:35.063,7.34,-25.89,0.00,120.19745650063996,OFF,RETRACTED,MANUAL
23:46:35.166,7.67,-25.14,0.00,121.26738281631285,OFF,RETRACTED,MANUAL
23:46:35.266,7.98,-24.39,0.00,122.34052744070978,OFF,RETRACTED,MANUAL
23:46:35.370,8.27,-23.63,0.00,123.4168635452725,OFF,RETRACTED,MANUAL
23:46:35.471,8.54,-22.86,0.00,124.496364221653,OFF,RETRACTED,MANUAL
23:46:35.577,8.79,-22.08,0.00,125.57900248239207,OFF,RETRACTED,MANUAL
23:46:35.682,9.02,-21.29,0.00,126.66475126158882,OFF,RETRACTED,MANUAL
23:46:35.782,9.22,-20.50,0.00,127.75358341557954,OFF,RETRACTED,MANUAL
23:46:35.886,9.40,-19.69,0.00,128.8454717236187,OFF,RETRACTED,MANUAL
23:46:35.994,9.56,-18.88,0.00,129.9403888885538,OFF,RETRACTED,MANUAL
23:46:36.096,9.70,-18.06,0.00,131.0383075375144,OFF,RETRACTED,MANUAL
23:46:36.200,9.81,-17.23,0.00,132.13920022259066,OFF,RETRACTED,MANUAL
23:46:36.301,9.89,-16.39,0.00,133.24303942152198,OFF,RETRACTED,MANUAL
23:46:36.403,9.95,-15.55,0.00,134.34979753838746,OFF,RETRACTED,MANUAL
23:46:36.504,9.99,-14.71,0.00,135.45944690429025,OFF,RETRACTED,MANUAL
23:46:36.607,10.00,-13.85,0.00,136.5719597780556,OFF,RETRACTED,MANUAL
23:46:36.711,9.99,-12.99,0.00,137.68730834691877,OFF,RETRACTED,MANUAL
23:46:36.813,9.95,-12.13,0.00,138.80546472722287,OFF,RETRACTED,MANUAL
23:46:36.915,9.88,-11.26,0.00,139.9264009651182,OFF,RETRACTED,MANUAL
23:46:37.019,9.79,-10.39,0.00,141.05008903725562,OFF,RETRACTED,MANUAL
23:46:37.122,9.68,-9.51,0.00,142.17650085149342,OFF,RETRACTED,MANUAL
23:46:37.222,9.54,-8.63,0.00,143.30560824759414,OFF,RETRACTED,MANUAL
23:46:37.330,9.38,-7.74,0.00,144.4373829979309,OFF,RETRACTED,MANUAL
23:46:37.433,9.20,-6.85,0.00,145.57179680819544,OFF,RETRACTED,MANUAL
23:46:37.535,8.99,-5.96,0.00,146.70882131810004,OFF,RETRACTED,MANUAL
23:46:37.637,8.76,-5.07,0.00,147.8484281020927,OFF,RETRACTED,MANUAL
23:46:37.738,8.51,-4.17,0.00,148.99058867006244,OFF,RETRACTED,MANUAL
23:46:37.839,8.24,-3.28,0.00,150.13527446805375,OFF,RETRACTED,MANUAL
23:46:37.941,7.94,-2.38,0.00,151.28245687898283,OFF,RETRACTED,MANUAL
23:46:38.043,7.63,-1.48,0.00,152.43210722334763,OFF,RETRACTED,MANUAL
23:46:38.144,7.30,-0.58,0.00,153.584196759951,OFF,RETRACTED,MANUAL
23:46:38.252,6.94,0.32,0.00,154.7386966866137,OFF,RETRACTED,MANUAL
23:46:38.359,6.58,1.22,0.00,155.89557814089693,OFF,RETRACTED,MANUAL
23:46:38.458,6.19,2.12,0.00,157.05481220082618,OFF,RETRACTED,MANUAL
23:46:38.559,5.79,3.02,0.00,158.21636988560869,OFF,RETRACTED,MANUAL
23:46:38.660,5.38,3.91,0.00,159.38022215636448,OFF,RETRACTED,MANUAL
23:46:38.783,4.95,4.81,0.00,160.5463399168466,OFF,RETRACTED,MANUAL
23:46:38.908,4.51,5.70,0.00,161.7146940141709,OFF,RETRACTED,MANUAL
23:46:39.048,4.06,6.60,0.00,162.88525523954752,OFF,RETRACTED,MANUAL
23:46:39.160,3.59,7.48,0.00,164.0579943290051,OFF,RETRACTED,MANUAL
23:46:39.261,3.12,8.37,0.00,165.23288196412915,OFF,RETRACTED,MANUAL
23:46:39.360,2.64,9.25,0.00,166.40988877278912,OFF,RETRACTED,MANUAL
23:46:39.464,2.16,10.13,0.00,167.5889853298753,OFF,RETRACTED,MANUAL
23:46:39.563,1.67,11.01,0.00,168.77014215803683,OFF,RETRACTED,MANUAL
23:46:39.686,1.17,11.88,0.00,169.95332972841288,OFF,RETRACTED,MANUAL
23:46:39.788,0.68,12.74,0.00,171.13851846137743,OFF,RETRACTED,MANUAL
23:46:39.890,0.18,13.60,0.00,172.3256787272731,OFF,RETRACTED,MANUAL
23:46:39.999,-0.32,14.46,0.00,173.5147808471542,OFF,RETRACTED,MANUAL
23:46:40.106,-0.82,15.31,0.00,174.70579509353138,OFF,RETRACTED,MANUAL
23:46:40.215,-1.32,16.15,0.00,175.8986916911088,OFF,RETRACTED,MANUAL
23:46:40.316,-1.81,16.99,0.00,177.09344081753537,OFF,RETRACTED,MANUAL
23:46:40.418,-2.30,17.82,0.00,178.2900126041443,OFF,RETRACTED,MANUAL
23:46:40.518,-2.79,18.64,0.00,179.48837713670233,OFF,RETRACTED,MANUAL
23:46:40.621,-3.26,19.46,0.00,180.68850445616033,OFF,RETRACTED,MANUAL
23:46:40.720,-3.73,20.26,0.00,181.89036455939612,OFF,RETRACTED,MANUAL
23:46:40.822,-4.19,21.06,0.00,183.0939273999714,OFF,RETRACTED,MANUAL
23:46:40.925,-4.64,21.85,0.00,184.299162888877,OFF,RETRACTED,MANUAL
23:46:41.025,-5.08,22.64,0.00,185.5060408952876,OFF,RETRACTED,MANUAL
23:46:41.128,-5.50,23.41,0.00,186.71453124731764,OFF,RETRACTED,MANUAL
23:46:41.236,-5.91,24.17,0.00,187.9246037327695,OFF,RETRACTED,MANUAL
23:46:41.342,-6.31,24.93,0.00,189.13622809989582,OFF,RETRACTED,MANUAL
23:46:41.457,-6.69,25.67,0.00,190.34937405814964,OFF,RETRACTED,MANUAL
23:46:41.556,-7.05,26.41,0.00,191.56401127894435,OFF,RETRACTED,MANUAL
23:46:41.658,-7.40,27.13,0.00,192.78010939641442,OFF,RETRACTED,MANUAL
23:46:41.761,-7.72,27.84,0.00,193.9976380081685,OFF,RETRACTED,MANUAL
23:46:41.865,-8.03,28.54,0.00,195.2165666760565,OFF,RETRACTED,MANUAL
23:46:41.968,-8.32,29.23,0.00,196.43686492692427,OFF,RETRACTED,MANUAL
23:46:42.067,-8.58,29.91,0.00,197.65850225337823,OFF,RETRACTED,MANUAL
23:46:42.170,-8.83,30.58,0.00,198.88144811455064,OFF,RETRACTED,MANUAL
23:46:42.270,-9.05,31.23,0.00,200.10567193685688,OFF,RETRACTED,MANUAL
23:46:42.370,-9.25,31.87,0.00,201.33114311476692,OFF,RETRACTED,MANUAL
23:46:42.472,-9.43,32.50,0.00,202.55783101156425,OFF,RETRACTED,MANUAL
23:46:42.573,-9.59,33.12,0.00,203.7857049601145,OFF,RETRACTED,MANUAL
23:46:42.674,-9.72,33.72,0.00,205.01473426363458,OFF,RETRACTED,MANUAL
23:46:42.775,-9.82,34.31,0.00,206.24488819645424,OFF,RETRACTED,MANUAL
23:46:42.875,-9.90,34.89,0.00,207.47613600479096,OFF,RETRACTED,MANUAL
23:46:42.978,-9.96,35.45,0.00,208.70844690751278,OFF,RETRACTED,MANUAL
23:46:43.077,-9.99,35.99,0.00,209.9417900969104,OFF,RETRACTED,MANUAL
23:46:43.178,-10.00,36.53,0.00,211.17613473947014,OFF,RETRACTED,MANUAL
23:46:43.279,-9.98,37.05,0.00,212.41144997663844,OFF,RETRACTED,MANUAL
23:46:43.382,-9.94,37.55,0.00,213.64770492560046,OFF,RETRACTED,MANUAL
23:46:43.482,-9.87,38.04,0.00,214.88486868004603,OFF,RETRACTED,MANUAL
23:46:43.584,-9.78,38.51,0.00,216.12291031094477,OFF,RETRACTED,MANUAL
23:46:43.685,-9.66,38.97,0.00,217.3617988673222,OFF,RETRACTED,MANUAL
23:46:43.787,-9.52,39.41,0.00,218.60150337702714,OFF,RETRACTED,MANUAL
23:46:43.912,-9.35,39.84,0.00,219.84199284751324,OFF,RETRACTED,MANUAL
23:46:44.015,-9.17,40.25,0.00,221.0832362666074,OFF,RETRACTED,MANUAL
23:46:44.115,-8.95,40.64,0.00,222.32520260328792,OFF,RETRACTED,MANUAL
23:46:44.217,-8.72,41.02,0.00,223.56786080846285,OFF,RETRACTED,MANUAL
23:46:44.318,-8.46,41.38,0.00,224.81117981574005,OFF,RETRACTED,MANUAL
23:46:44.427,-8.19,41.73,0.00,226.05512854221078,OFF,RETRACTED,MANUAL
23:46:44.532,-7.89,42.06,0.00,227.29967588922085,OFF,RETRACTED,MANUAL
23:46:44.634,-7.57,42.37,0.00,228.5447907431505,OFF,RETRACTED,MANUAL
23:46:44.735,-7.24,42.66,0.00,229.79044197619498,OFF,RETRACTED,MANUAL
23:46:44.836,-6.88,42.94,0.00,231.03659844713658,OFF,RETRACTED,MANUAL
23:46:44.937,-6.51,43.20,0.00,232.28322900213024,OFF,RETRACTED,MANUAL
23:46:45.051,-6.13,43.44,0.00,233.5303024754761,OFF,RETRACTED,MANUAL
23:46:45.151,-5.72,43.67,0.00,234.77778769040137,OFF,RETRACTED,MANUAL
23:46:45.255,-5.31,43.88,0.00,236.02565345984246,OFF,RETRACTED,MANUAL
23:46:45.355,-4.88,44.07,0.00,237.27386858721832,OFF,RETRACTED,MANUAL
23:46:45.456,-4.43,44.24,0.00,238.52240186721758,OFF,RETRACTED,MANUAL
23:46:45.559,-3.98,44.40,0.00,239.77122208657238,OFF,RETRACTED,MANUAL
23:46:45.658,-3.52,44.54,0.00,241.02029802484137,OFF,RETRACTED,MANUAL
23:46:45.775,-3.04,44.66,0.00,242.26959845519292,OFF,RETRACTED,MANUAL
23:46:45.876,-2.56,44.76,0.00,243.5190921451796,OFF,RETRACTED,MANUAL
23:46:45.978,-2.08,44.84,0.00,244.768747857526,OFF,RETRACTED,MANUAL
23:46:46.081,-1.59,44.91,0.00,246.01853435090348,OFF,RETRACTED,MANUAL
23:46:46.183,-1.09,44.96,0.00,247.26842038071393,OFF,RETRACTED,MANUAL
23:46:46.286,-0.59,44.99,0.00,248.51837469987348,OFF,RETRACTED,MANUAL
23:46:46.387,-0.09,45.00,0.00,249.7683660595875,OFF,RETRACTED,MANUAL
23:46:46.491,0.41,44.99,0.00,251.01836321013883,OFF,RETRACTED,MANUAL
23:46:46.592,0.91,44.97,0.00,252.26833490166294,OFF,RETRACTED,MANUAL
23:46:46.694,1.40,44.93,0.00,253.51824988493178,OFF,RETRACTED,MANUAL
23:46:46.794,1.90,44.87,0.00,254.76807691213762,OFF,RETRACTED,MANUAL
23:46:46.895,2.38,44.79,0.00,256.0177847376681,OFF,RETRACTED,MANUAL
23:46:46.996,2.87,44.70,0.00,257.2673421188945,OFF,RETRACTED,MANUAL
23:46:47.101,3.34,44.58,0.00,258.51671781694637,OFF,RETRACTED,MANUAL
23:46:47.200,3.81,44.45,0.00,259.76588059749554,OFF,RETRACTED,MANUAL
23:46:47.303,4.27,44.30,0.00,261.01479923153926,OFF,RETRACTED,MANUAL
23:46:47.404,4.71,44.14,0.00,262.26344249617506,OFF,RETRACTED,MANUAL
23:46:47.504,5.15,43.95,0.00,263.511779175388,OFF,RETRACTED,MANUAL
23:46:47.607,5.57,43.75,0.00,264.75977806082534,OFF,RETRACTED,MANUAL
23:46:47.707,5.98,43.53,0.00,266.00740795257894,OFF,RETRACTED,MANUAL
23:46:47.829,6.37,43.29,0.00,267.2546376599684,OFF,RETRACTED,MANUAL
23:46:48.049,6.75,43.04,0.00,268.5014360023141,OFF,RETRACTED,MANUAL
23:46:48.162,7.11,42.77,0.00,269.7477718097243,OFF,RETRACTED,MANUAL
23:46:48.266,7.45,42.48,0.00,270.99361392386777,OFF,RETRACTED,MANUAL
23:46:48.372,7.78,42.17,0.00,272.23893119875567,OFF,RETRACTED,MANUAL
23:46:48.472,8.08,41.85,0.00,273.48369250152274,OFF,RETRACTED,MANUAL
23:46:48.573,8.36,41.51,0.00,274.72786671319955,OFF,RETRACTED,MANUAL
23:46:48.673,8.63,41.16,0.00,275.97142272949725,OFF,RETRACTED,MANUAL
23:46:48.774,8.87,40.78,0.00,277.21432946157944,OFF,RETRACTED,MANUAL
23:46:48.875,9.09,40.40,0.00,278.4565558368416,OFF,RETRACTED,MANUAL
23:46:48.977,9.29,39.99,0.00,279.6980707996908,OFF,RETRACTED,MANUAL
23:46:49.079,9.46,39.57,0.00,280.93884331231595,OFF,RETRACTED,MANUAL
23:46:49.182,9.61,39.13,0.00,282.1788423554706,OFF,RETRACTED,MANUAL
23:46:49.281,9.74,38.68,0.00,283.41803692924225,OFF,RETRACTED,MANUAL
23:46:49.381,9.84,38.21,0.00,284.65639605383035,OFF,RETRACTED,MANUAL
23:46:49.482,9.92,37.73,0.00,285.89388877032303,OFF,RETRACTED,MANUAL
23:46:49.584,9.97,37.23,0.00,287.13048414146505,OFF,RETRACTED,MANUAL
23:46:49.685,10.00,36.72,0.00,288.3661512524382,OFF,RETRACTED,MANUAL
23:46:49.785,10.00,36.19,0.00,289.6008592116284,OFF,RETRACTED,MANUAL
23:46:49.886,9.98,35.65,0.00,290.8345771513999,OFF,RETRACTED,MANUAL
23:46:49.987,9.93,35.10,0.00,292.0672742288703,OFF,RETRACTED,MANUAL
23:46:50.088,9.86,34.53,0.00,293.2989196266751,OFF,RETRACTED,MANUAL
23:46:50.189,9.76,33.94,0.00,294.52948255374525,OFF,RETRACTED,MANUAL
23:46:50.292,9.64,33.34,0.00,295.7589322460708,OFF,RETRACTED,MANUAL
23:46:50.392,9.49,32.73,0.00,296.98723796747265,OFF,RETRACTED,MANUAL
23:46:50.499,9.32,32.11,0.00,298.2143690103734,OFF,RETRACTED,MANUAL
23:46:50.602,9.13,31.47,0.00,299.44029469655914,OFF,RETRACTED,MANUAL
23:46:50.703,8.92,30.82,0.00,300.6649843779534,OFF,RETRACTED,MANUAL
23:46:50.815,8.68,30.16,0.00,301.888407437377,OFF,RETRACTED,MANUAL
23:46:50.919,8.42,29.49,0.00,303.1105332893163,OFF,RETRACTED,MANUAL
23:46:51.020,8.14,28.80,0.00,304.3313313806904,OFF,RETRACTED,MANUAL
23:46:51.121,7.84,28.10,0.00,305.55077119160893,OFF,RETRACTED,MANUAL
23:46:51.222,7.52,27.39,0.00,306.7688222361418,OFF,RETRACTED,MANUAL
23:46:51.323,7.18,26.67,0.00,307.9854540630754,OFF,RETRACTED,MANUAL
23:46:51.424,6.82,25.94,0.00,309.20063625667666,OFF,RETRACTED,MANUAL
23:46:51.525,6.45,25.20,0.00,310.41433843745574,OFF,RETRACTED,MANUAL
23:46:51.646,6.06,24.45,0.00,311.6265302629196,OFF,RETRACTED,MANUAL
23:46:51.748,5.65,23.69,0.00,312.83718142833743,OFF,RETRACTED,MANUAL
23:46:51.853,5.23,22.92,0.00,314.04626166749233,OFF,RETRACTED,MANUAL
23:46:51.953,4.80,22.14,0.00,315.2537407534404,OFF,RETRACTED,MANUAL
23:46:52.056,4.36,21.36,0.00,316.4595884992692,OFF,RETRACTED,MANUAL
23:46:52.156,3.90,20.56,0.00,317.663774758846,OFF,RETRACTED,MANUAL
23:46:52.257,3.44,19.76,0.00,318.8662694275789,OFF,RETRACTED,MANUAL
23:46:52.358,2.96,18.94,0.00,320.0670424431629,OFF,RETRACTED,MANUAL
23:46:52.458,2.48,18.12,0.00,321.26606378633426,OFF,RETRACTED,MANUAL
23:46:52.560,2.00,17.30,0.00,322.4633034816236,OFF,RETRACTED,MANUAL
23:46:52.660,1.50,16.46,0.00,323.65873159809917,OFF,RETRACTED,MANUAL
23:46:52.763,1.01,15.62,0.00,324.852318250122,OFF,RETRACTED,MANUAL
23:46:52.871,0.51,14.77,0.00,326.04403359808714,OFF,RETRACTED,MANUAL
23:46:52.984,0.01,13.92,0.00,327.2338478491721,OFF,RETRACTED,MANUAL
23:46:53.085,-0.49,13.06,0.00,328.42173125808426,OFF,RETRACTED,MANUAL
23:46:53.186,-0.99,12.20,0.00,329.60765412779864,OFF,RETRACTED,MANUAL
23:46:53.288,-1.49,11.33,0.00,330.79158681030685,OFF,RETRACTED,MANUAL
23:46:53.388,-1.98,10.46,0.00,331.97349970735274,OFF,RETRACTED,MANUAL
23:46:53.489,-2.47,9.58,0.00,333.1533632711745,OFF,RETRACTED,MANUAL
23:46:53.591,-2.95,8.70,0.00,334.33114800524623,OFF,RETRACTED,MANUAL
23:46:53.695,-3.42,7.81,0.00,335.50682446500923,OFF,RETRACTED,MANUAL
23:46:53.795,-3.89,6.92,0.00,336.68036325861493,OFF,RETRACTED,MANUAL
23:46:53.902,-4.34,6.03,0.00,337.8517350476538,OFF,RETRACTED,MANUAL
23:46:54.036,-4.79,5.14,0.00,339.02091054789116,OFF,RETRACTED,MANUAL
23:46:54.142,-5.22,4.25,0.00,340.18786053000224,OFF,RETRACTED,MANUAL
23:46:54.321,-5.64,3.35,0.00,341.35255582029646,OFF,RETRACTED,MANUAL
23:46:54.429,-6.05,2.45,0.00,342.514967301454,OFF,RETRACTED,MANUAL
23:46:54.534,-6.44,1.55,0.00,343.6750659132474,OFF,RETRACTED,MANUAL
23:46:54.636,-6.81,0.65,0.00,344.83282265327114,OFF,RETRACTED,MANUAL
23:46:54.737,-7.17,-0.25,0.00,345.98820857766856,OFF,RETRACTED,MANUAL
23:46:54.860,-7.51,-1.15,0.00,347.1411948018501,OFF,RETRACTED,MANUAL
23:46:54.965,-7.83,-2.05,0.00,348.29175250122177,OFF,RETRACTED,MANUAL
23:46:55.068,-8.13,-2.95,0.00,349.43985291190035,OFF,RETRACTED,MANUAL
23:46:55.168,-8.41,-3.84,0.00,350.5854673314344,OFF,RETRACTED,MANUAL
23:46:55.269,-8.67,-4.74,0.00,351.7285671195249,OFF,RETRACTED,MANUAL
23:46:55.375,-8.91,-5.63,0.00,352.8691236987348,OFF,RETRACTED,MANUAL
23:46:55.476,-9.12,-6.52,0.00,354.00710855521095,OFF,RETRACTED,MANUAL
23:46:55.578,-9.32,-7.41,0.00,355.1424932393902,OFF,RETRACTED,MANUAL
23:46:55.679,-9.49,-8.30,0.00,356.2752493667138,OFF,RETRACTED,MANUAL
23:46:55.779,-9.63,-9.18,0.00,357.40534861833925,OFF,RETRACTED,MANUAL
23:46:55.880,-9.76,-10.06,0.00,358.5327627418424,OFF,RETRACTED,MANUAL
23:46:55.982,-9.85,-10.94,0.00,359.6574635519306,OFF,RETRACTED,MANUAL
23:46:56.083,-9.93,-11.81,0.00,360.7794229311413,OFF,RETRACTED,MANUAL
23:46:56.183,-9.97,-12.67,0.00,361.8986128305477,OFF,RETRACTED,MANUAL
23:46:56.284,-10.00,-13.53,0.00,363.01500527046215,OFF,RETRACTED,MANUAL
23:46:56.385,-10.00,-14.39,0.00,364.1285723411303,OFF,RETRACTED,MANUAL
23:46:56.490,-9.97,-15.24,0.00,365.2392862034348,OFF,RETRACTED,MANUAL
23:46:56.592,-9.92,-16.08,0.00,366.34711908958633,OFF,RETRACTED,MANUAL
23:46:56.696,-9.84,-16.92,0.00,367.45204330381955,OFF,RETRACTED,MANUAL
23:46:56.796,-9.74,-17.75,0.00,368.55403122308826,OFF,RETRACTED,MANUAL
23:46:56.897,-9.62,-18.57,0.00,369.65305529775026,OFF,RETRACTED,MANUAL
23:46:56.999,-9.47,-19.39,0.00,370.74908805226255,OFF,RETRACTED,MANUAL
23:46:57.101,-9.29,-20.20,0.00,371.8421020858625,OFF,RETRACTED,MANUAL
23:46:57.200,-9.10,-21.00,0.00,372.9320700732555,OFF,RETRACTED,MANUAL
23:46:57.325,-8.88,-21.79,0.00,374.01896476530015,OFF,RETRACTED,MANUAL
23:46:57.424,-8.64,-22.57,0.00,375.1027589896842,OFF,RETRACTED,MANUAL
23:46:57.525,-8.37,-23.35,0.00,376.18342565161004,OFF,RETRACTED,MANUAL
23:46:57.625,-8.09,-24.11,0.00,377.26093773446667,OFF,RETRACTED,MANUAL
23:46:57.726,-7.79,-24.87,0.00,378.3352683005073,OFF,RETRACTED,MANUAL
23:46:57.827,-7.46,-25.61,0.00,379.40639049152526,OFF,RETRACTED,MANUAL
23:46:57.928,-7.12,-26.35,0.00,380.4742775295201,OFF,RETRACTED,MANUAL
23:46:58.029,-6.76,-27.07,0.00,381.53890271737305,OFF,RETRACTED,MANUAL
23:46:58.129,-6.38,-27.79,0.00,382.600239439509,OFF,RETRACTED,MANUAL
23:46:58.230,-5.99,-28.49,0.00,383.6582611625645,OFF,RETRACTED,MANUAL
23:46:58.332,-5.58,-29.18,0.00,384.71294143605303,OFF,RETRACTED,MANUAL
23:46:58.432,-5.16,-29.86,0.00,385.7642538930212,OFF,RETRACTED,MANUAL
23:46:58.533,-4.73,-30.53,0.00,386.81217225071384,OFF,RETRACTED,MANUAL
23:46:58.633,-4.28,-31.18,0.00,387.8566703112258,OFF,RETRACTED,MANUAL
23:46:58.734,-3.82,-31.82,0.00,388.89772196216006,OFF,RETRACTED,MANUAL
23:46:58.837,-3.36,-32.45,0.00,389.935301177278,OFF,RETRACTED,MANUAL
23:46:58.938,-2.88,-33.07,0.00,390.96938201715625,OFF,RETRACTED,MANUAL
23:46:59.042,-2.40,-33.67,0.00,391.99993862982626,OFF,RETRACTED,MANUAL
23:46:59.171,-1.91,-34.26,0.00,393.02694525142635,OFF,RETRACTED,MANUAL
23:46:59.271,-1.42,-34.84,0.00,394.0503762068445,OFF,RETRACTED,MANUAL
23:46:59.372,-0.92,-35.40,0.00,395.0702059103586,OFF,RETRACTED,MANUAL
23:46:59.473,-0.42,-35.95,0.00,396.0864088662821,OFF,RETRACTED,MANUAL
23:46:59.573,0.08,-36.49,0.00,397.09895966959266,OFF,RETRACTED,MANUAL
23:46:59.676,0.58,-37.00,0.00,398.10783300657283,OFF,RETRACTED,MANUAL
23:46:59.776,1.07,-37.51,0.00,399.11300365544173,OFF,RETRACTED,MANUAL
23:46:59.877,1.57,-38.00,0.00,400.1144464869842,OFF,RETRACTED,MANUAL
23:46:59.977,2.06,-38.47,0.00,401.11213646518434,OFF,RETRACTED,MANUAL
23:47:00.079,2.55,-38.93,0.00,402.10604864784324,OFF,RETRACTED,MANUAL
23:47:00.182,3.03,-39.38,0.00,403.0961581872082,OFF,RETRACTED,MANUAL
23:47:00.281,3.50,-39.80,0.00,404.08244033059214,OFF,RETRACTED,MANUAL
23:47:00.385,3.96,-40.22,0.00,405.0648704209916,OFF,RETRACTED,MANUAL
23:47:00.487,4.42,-40.61,0.00,406.0434238977082,OFF,RETRACTED,MANUAL
23:47:00.586,4.86,-40.99,0.00,407.0180762969545,OFF,RETRACTED,MANUAL
23:47:00.687,5.29,-41.35,0.00,407.9888032524715,OFF,RETRACTED,MANUAL
23:47:00.830,5.71,-41.70,0.00,408.9555804961358,OFF,RETRACTED,MANUAL
23:47:00.939,6.11,-42.03,0.00,409.9183838585652,OFF,RETRACTED,MANUAL
23:47:01.039,6.50,-42.34,0.00,410.87718926972855,OFF,RETRACTED,MANUAL
23:47:01.140,6.87,-42.64,0.00,411.8319727595392,OFF,RETRACTED,MANUAL
23:47:01.241,7.23,-42.92,0.00,412.78271045845963,OFF,RETRACTED,MANUAL
23:47:01.342,7.56,-43.18,0.00,413.7293785980968,OFF,RETRACTED,MANUAL
23:47:01.443,7.88,-43.43,0.00,414.6719535117953,OFF,RETRACTED,MANUAL
23:47:01.545,8.18,-43.65,0.00,415.61041163523396,OFF,RETRACTED,MANUAL
23:47:01.644,8.46,-43.86,0.00,416.5447295070073,OFF,RETRACTED,MANUAL
23:47:01.745,8.71,-44.06,0.00,417.47488376921706,OFF,RETRACTED,MANUAL
23:47:01.848,8.95,-44.23,0.00,418.40085116805534,OFF,RETRACTED,MANUAL
23:47:01.947,9.16,-44.39,0.00,419.3226085543839,OFF,RETRACTED,MANUAL
23:47:02.048,9.35,-44.53,0.00,420.2401328843189,OFF,RETRACTED,MANUAL
23:47:02.148,9.51,-44.65,0.00,421.1534012197983,OFF,RETRACTED,MANUAL
23:47:02.249,9.66,-44.75,0.00,422.0623907291615,OFF,RETRACTED,MANUAL
23:47:02.350,9.77,-44.84,0.00,422.9670786877181,OFF,RETRACTED,MANUAL
23:47:02.451,9.87,-44.90,0.00,423.86744247831484,OFF,RETRACTED,MANUAL
23:47:02.552,9.94,-44.95,0.00,424.76345959190655,OFF,RETRACTED,MANUAL
23:47:02.654,9.98,-44.99,0.00,425.6551076281107,OFF,RETRACTED,MANUAL
23:47:02.774,10.00,-45.00,0.00,426.5423642957728,OFF,RETRACTED,MANUAL
23:47:02.874,9.99,-45.00,0.00,427.42520741352246,OFF,RETRACTED,MANUAL
23:47:02.975,9.96,-44.97,0.00,428.30361491032636,OFF,RETRACTED,MANUAL
23:47:03.075,9.91,-44.93,0.00,429.17756482604545,OFF,RETRACTED,MANUAL
23:47:03.177,9.83,-44.87,0.00,430.04703531197606,OFF,RETRACTED,MANUAL
23:47:03.280,9.72,-44.80,0.00,430.91200463140126,OFF,RETRACTED,MANUAL
23:47:03.382,9.59,-44.70,0.00,431.77245116013313,OFF,RETRACTED,MANUAL
23:47:03.483,9.44,-44.59,0.00,432.62835338705213,OFF,RETRACTED,MANUAL
23:47:03.583,9.26,-44.46,0.00,433.47968991464955,OFF,RETRACTED,MANUAL
23:47:03.684,9.06,-44.32,0.00,434.32643945955533,OFF,RETRACTED,MANUAL
23:47:03.786,8.84,-44.15,0.00,435.1685808530749,OFF,RETRACTED,MANUAL
23:47:03.888,8.59,-43.97,0.00,436.00609304171735,OFF,RETRACTED,MANUAL
23:47:03.988,8.33,-43.77,0.00,436.8389550877204,OFF,RETRACTED,MANUAL
23:47:04.089,8.04,-43.55,0.00,437.66714616957864,OFF,RETRACTED,MANUAL
23:47:04.190,7.73,-43.31,0.00,438.49064558255697,OFF,RETRACTED,MANUAL
23:47:04.291,7.41,-43.06,0.00,439.30943273921287,OFF,RETRACTED,MANUAL
23:47:04.394,7.06,-42.79,0.00,440.12348716991016,OFF,RETRACTED,MANUAL
23:47:04.517,6.70,-42.50,0.00,440.93278852332935,OFF,RETRACTED,MANUAL
23:47:04.618,6.32,-42.20,0.00,441.737316566981,OFF,RETRACTED,MANUAL
23:47:04.720,5.92,-41.88,0.00,442.5370511877048,OFF,RETRACTED,MANUAL
23:47:04.825,5.51,-41.54,0.00,443.33197239217685,OFF,RETRACTED,MANUAL
23:47:04.927,5.09,-41.19,0.00,444.12206030740845,OFF,RETRACTED,MANUAL
23:47:05.028,4.65,-40.81,0.00,444.90729518124175,OFF,RETRACTED,MANUAL
23:47:05.131,4.21,-40.43,0.00,445.68765738284804,OFF,RETRACTED,MANUAL
23:47:05.234,3.75,-40.02,0.00,446.46312740321184,OFF,RETRACTED,MANUAL
23:47:05.334,3.28,-39.60,0.00,447.233685855623,OFF,RETRACTED,MANUAL
23:47:05.435,2.80,-39.17,0.00,447.9993134761603,OFF,RETRACTED,MANUAL
23:47:05.538,2.32,-38.72,0.00,448.7599911241721,OFF,RETRACTED,MANUAL
23:47:05.642,1.83,-38.25,0.00,449.51569978275893,OFF,RETRACTED,MANUAL
23:47:05.760,1.34,-37.77,0.00,450.26642055924265,OFF,RETRACTED,MANUAL
23:47:05.861,0.84,-37.27,0.00,451.01213468564293,OFF,RETRACTED,MANUAL
23:47:05.962,0.34,-36.76,0.00,451.7528235191454,OFF,RETRACTED,MANUAL
23:47:06.063,-0.16,-36.24,0.00,452.4884685425668,OFF,RETRACTED,MANUAL
23:47:06.163,-0.66,-35.70,0.00,453.219051364822,OFF,RETRACTED,MANUAL
23:47:06.266,-1.16,-35.14,0.00,453.94455372137736,OFF,RETRACTED,MANUAL
23:47:06.366,-1.65,-34.57,0.00,454.66495747471174,OFF,RETRACTED,MANUAL
23:47:06.467,-2.14,-33.99,0.00,455.3802446147689,OFF,RETRACTED,MANUAL
23:47:06.568,-2.63,-33.39,0.00,456.0903972594066,OFF,RETRACTED,MANUAL
23:47:06.670,-3.11,-32.78,0.00,456.79539765484765,OFF,RETRACTED,MANUAL
23:47:06.771,-3.58,-32.16,0.00,457.49522817611785,OFF,RETRACTED,MANUAL
23:47:06.873,-4.04,-31.52,0.00,458.1898713274908,OFF,RETRACTED,MANUAL
23:47:06.973,-4.49,-30.87,0.00,458.8793097429236,OFF,RETRACTED,MANUAL
23:47:07.102,-4.93,-30.21,0.00,459.5635261864911,OFF,RETRACTED,MANUAL
23:47:07.208,-5.36,-29.54,0.00,460.2425035528197,OFF,RETRACTED,MANUAL
23:47:07.309,-5.78,-28.86,0.00,460.9162248675095,OFF,RETRACTED,MANUAL
23:47:07.409,-6.18,-28.16,0.00,461.58467328756285,OFF,RETRACTED,MANUAL
23:47:07.512,-6.56,-27.45,0.00,462.2478321018041,OFF,RETRACTED,MANUAL
23:47:07.614,-6.93,-26.73,0.00,462.90568473129633,OFF,RETRACTED,MANUAL
23:47:07.715,-7.28,-26.00,0.00,463.5582147297601,OFF,RETRACTED,MANUAL
23:47:07.815,-7.62,-25.26,0.00,464.2054057839784,OFF,RETRACTED,MANUAL
23:47:07.916,-7.93,-24.51,0.00,464.8472417142086,OFF,RETRACTED,MANUAL
23:47:08.017,-8.23,-23.75,0.00,465.483706474586,OFF,RETRACTED,MANUAL
23:47:08.121,-8.50,-22.99,0.00,466.1147841535236,OFF,RETRACTED,MANUAL
23:47:08.221,-8.75,-22.21,0.00,466.7404589741143,OFF,RETRACTED,MANUAL
23:47:08.324,-8.98,-21.42,0.00,467.3607152945192,OFF,RETRACTED,MANUAL
23:47:08.424,-9.19,-20.62,0.00,467.9755376083626,OFF,RETRACTED,MANUAL
23:47:08.527,-9.38,-19.82,0.00,468.58491054511865,OFF,RETRACTED,MANUAL
23:47:08.626,-9.54,-19.01,0.00,469.1888188704948,OFF,RETRACTED,MANUAL
23:47:08.727,-9.68,-18.19,0.00,469.78724748681617,OFF,RETRACTED,MANUAL
23:47:08.827,-9.79,-17.36,0.00,470.3801814333976,OFF,RETRACTED,MANUAL
23:47:08.958,-9.88,-16.53,0.00,470.96760588692126,OFF,RETRACTED,MANUAL
23:47:09.065,-9.95,-15.69,0.00,471.54950616180656,OFF,RETRACTED,MANUAL
23:47:09.165,-9.98,-14.84,0.00,472.1258677105759,OFF,RETRACTED,MANUAL
23:47:09.300,-10.00,-13.99,0.00,472.69667612422245,OFF,RETRACTED,MANUAL
23:47:09.407,-9.99,-13.13,0.00,473.2619171325646,OFF,RETRACTED,MANUAL
23:47:09.516,-9.95,-12.27,0.00,473.82157660460666,OFF,RETRACTED,MANUAL
23:47:09.618,-9.89,-11.40,0.00,474.37564054889094,OFF,RETRACTED,MANUAL
23:47:09.720,-9.81,-10.53,0.00,474.924095113847,OFF,RETRACTED,MANUAL
23:47:09.820,-9.70,-9.65,0.00,475.4669265881407,OFF,RETRACTED,MANUAL
23:47:09.923,-9.57,-8.77,0.00,476.0041214010128,OFF,RETRACTED,MANUAL
23:47:10.022,-9.41,-7.88,0.00,476.5356661226209,OFF,RETRACTED,MANUAL
23:47:10.123,-9.23,-7.00,0.00,477.06154746437466,OFF,RETRACTED,MANUAL
23:47:10.263,-9.03,-6.11,0.00,477.58175227926716,OFF,RETRACTED,MANUAL
23:47:10.363,-8.80,-5.21,0.00,478.09626756220666,OFF,RETRACTED,MANUAL
23:47:10.466,-8.55,-4.32,0.00,478.605080450337,OFF,RETRACTED,MANUAL
23:47:10.565,-8.28,-3.42,0.00,479.1081782233627,OFF,RETRACTED,MANUAL
23:47:10.667,-7.99,-2.52,0.00,479.6055483038655,OFF,RETRACTED,MANUAL
23:47:10.766,-7.68,-1.62,0.00,480.09717825761857,OFF,RETRACTED,MANUAL
23:47:10.871,-7.35,-0.72,0.00,480.58305579390014,OFF,RETRACTED,MANUAL
23:47:10.973,-7.00,0.18,0.00,481.0631687657964,OFF,RETRACTED,MANUAL
23:47:11.073,-6.64,1.08,0.00,481.537505170508,OFF,RETRACTED,MANUAL
23:47:11.176,-6.25,1.98,0.00,482.0060531496496,OFF,RETRACTED,MANUAL
23:47:11.275,-5.86,2.87,0.00,482.4688009895454,OFF,RETRACTED,MANUAL
23:47:11.376,-5.44,3.77,0.00,482.9257371215249,OFF,RETRACTED,MANUAL
23:47:11.501,-5.02,4.67,0.00,483.3768501222079,OFF,RETRACTED,MANUAL
23:47:11.607,-4.58,5.56,0.00,483.8221287137928,OFF,RETRACTED,MANUAL
23:47:11.710,-4.13,6.45,0.00,484.2615617643381,OFF,RETRACTED,MANUAL
23:47:11.814,-3.67,7.34,0.00,484.6951382880398,OFF,RETRACTED,MANUAL
23:47:11.915,-3.20,8.23,0.00,485.1228474455086,OFF,RETRACTED,MANUAL
23:47:12.018,-2.72,9.11,0.00,485.54467854403725,OFF,RETRACTED,MANUAL
23:47:12.118,-2.24,9.99,0.00,485.9606210378703,OFF,RETRACTED,MANUAL
23:47:12.221,-1.75,10.87,0.00,486.3706645284669,OFF,RETRACTED,MANUAL
23:47:12.323,-1.25,11.74,0.00,486.7747987647607,OFF,RETRACTED,MANUAL
23:47:12.422,-0.76,12.60,0.00,487.17301364341796,OFF,RETRACTED,MANUAL
23:47:12.527,-0.26,13.47,0.00,487.5652992090869,OFF,RETRACTED,MANUAL
23:47:12.626,0.24,14.32,0.00,487.9516456546487,OFF,RETRACTED,MANUAL
23:47:12.731,0.74,15.17,0.00,488.33204332146255,OFF,RETRACTED,MANUAL
23:47:12.831,1.24,16.02,0.00,488.7064826996059,OFF,RETRACTED,MANUAL
23:47:12.932,1.73,16.85,0.00,489.0749544281149,OFF,RETRACTED,MANUAL
23:47:13.033,2.22,17.69,0.00,489.437449295215,OFF,RETRACTED,MANUAL
23:47:13.136,2.71,18.51,0.00,489.7939582385534,OFF,RETRACTED,MANUAL
23:47:13.237,3.19,19.33,0.00,490.14447234542513,OFF,RETRACTED,MANUAL
23:47:13.341,3.66,20.13,0.00,490.48898285299526,OFF,RETRACTED,MANUAL
23:47:13.440,4.12,20.94,0.00,490.82748114851995,OFF,RETRACTED,MANUAL
23:47:13.541,4.57,21.73,0.00,491.159958769559,OFF,RETRACTED,MANUAL
23:47:13.642,5.01,22.51,0.00,491.4864074041893,OFF,RETRACTED,MANUAL
23:47:13.743,5.43,23.29,0.00,491.80681889121183,OFF,RETRACTED,MANUAL
23:47:13.847,5.85,24.05,0.00,492.12118522035576,OFF,RETRACTED,MANUAL
23:47:13.948,6.24,24.81,0.00,492.42949853248,OFF,RETRACTED,MANUAL
23:47:14.050,6.63,25.55,0.00,492.7317511197675,OFF,RETRACTED,MANUAL
23:47:14.151,6.99,26.29,0.00,493.0279354259193,OFF,RETRACTED,MANUAL
23:47:14.265,7.34,27.01,0.00,493.3180440463432,OFF,RETRACTED,MANUAL
23:47:14.366,7.67,27.73,0.00,493.60206972833817,OFF,RETRACTED,MANUAL
23:47:14.466,7.98,28.43,0.00,493.88000537127806,OFF,RETRACTED,MANUAL
23:47:14.568,8.27,29.12,0.00,494.1518440267857,OFF,RETRACTED,MANUAL
23:47:14.668,8.54,29.80,0.00,494.41757889890886,OFF,RETRACTED,MANUAL
23:47:14.777,8.79,30.47,0.00,494.67720334428964,OFF,RETRACTED,MANUAL
23:47:14.881,9.02,31.13,0.00,494.93071087233005,OFF,RETRACTED,MANUAL
23:47:14.983,9.22,31.77,0.00,495.1780951453558,OFF,RETRACTED,MANUAL
23:47:15.081,9.41,32.40,0.00,495.41934997877263,OFF,RETRACTED,MANUAL
23:47:15.182,9.56,33.02,0.00,495.6544693412222,OFF,RETRACTED,MANUAL
23:47:15.283,9.70,33.63,0.00,495.8834473547327,OFF,RETRACTED,MANUAL
23:47:15.383,9.81,34.22,0.00,496.1062782948655,OFF,RETRACTED,MANUAL
23:47:15.486,9.89,34.79,0.00,496.32295659085923,OFF,RETRACTED,MANUAL
23:47:15.588,9.95,35.36,0.00,496.5334768257675,OFF,RETRACTED,MANUAL
23:47:15.687,9.99,35.91,0.00,496.73783373659535,OFF,RETRACTED,MANUAL
23:47:15.788,10.00,36.44,0.00,496.9360222144307,OFF,RETRACTED,MANUAL
23:47:15.910,9.99,36.96,0.00,497.1280373045717,OFF,RETRACTED,MANUAL
23:47:16.015,9.95,37.47,0.00,497.3138742066516,OFF,RETRACTED,MANUAL
23:47:16.116,9.88,37.96,0.00,497.4935282747572,OFF,RETRACTED,MANUAL
23:47:16.234,9.79,38.44,0.00,497.66699501754624,OFF,RETRACTED,MANUAL
23:47:16.335,9.68,38.90,0.00,497.8342700983591,OFF,RETRACTED,MANUAL
23:47:16.436,9.54,39.34,0.00,497.9953493353273,OFF,RETRACTED,MANUAL
23:47:16.538,9.38,39.77,0.00,498.15022870147885,OFF,RETRACTED,MANUAL
23:47:16.639,9.20,40.18,0.00,498.2989043248373,OFF,RETRACTED,MANUAL
23:47:16.743,8.99,40.58,0.00,498.4413724885198,OFF,RETRACTED,MANUAL
23:47:16.848,8.76,40.96,0.00,498.57762963082973,OFF,RETRACTED,MANUAL
23:47:16.947,8.51,41.33,0.00,498.7076723453455,OFF,RETRACTED,MANUAL
23:47:17.050,8.23,41.67,0.00,498.8314973810063,OFF,RETRACTED,MANUAL
23:47:17.151,7.94,42.01,0.00,498.9491016421925,OFF,RETRACTED,MANUAL
23:47:17.272,7.63,42.32,0.00,499.06048218880375,OFF,RETRACTED,MANUAL
23:47:17.372,7.29,42.62,0.00,499.16563623633215,OFF,RETRACTED,MANUAL
23:47:17.473,6.94,42.90,0.00,499.2645611559319,OFF,RETRACTED,MANUAL
23:47:17.574,6.57,43.16,0.00,499.3572544744854,OFF,RETRACTED,MANUAL
23:47:17.675,6.19,43.41,0.00,499.44371387466435,OFF,RETRACTED,MANUAL
23:47:17.776,5.79,43.64,0.00,499.5239371949883,OFF,RETRACTED,MANUAL
23:47:17.878,5.37,43.85,0.00,499.5979224298784,OFF,RETRACTED,MANUAL
23:47:17.977,4.94,44.04,0.00,499.66566772970754,OFF,RETRACTED,MANUAL
23:47:18.078,4.50,44.22,0.00,499.72717140084694,OFF,RETRACTED,MANUAL
23:47:18.180,4.05,44.37,0.00,499.7824319057079,OFF,RETRACTED,MANUAL
23:47:18.282,3.59,44.52,0.00,499.8314478627807,OFF,RETRACTED,MANUAL
23:47:18.382,3.12,44.64,0.00,499.87421804666894,OFF,RETRACTED,MANUAL
23:47:18.483,2.64,44.74,0.00,499.9107413881203,OFF,RETRACTED,MANUAL
23:47:18.614,2.16,44.83,0.00,499.9410169740531,OFF,RETRACTED,MANUAL
23:47:18.715,1.66,44.90,0.00,499.9650440475794,OFF,RETRACTED,MANUAL
23:47:18.816,1.17,44.95,0.00,499.98282200802345,OFF,RETRACTED,MANUAL
23:47:18.917,0.67,44.98,0.00,499.9943504109373,OFF,RETRACTED,MANUAL
23:47:19.021,0.17,45.00,0.00,499.9996289681112,OFF,RETRACTED,MANUAL
23:47:19.122,-0.33,45.00,0.00,499.99865754758184,OFF,RETRACTED,MANUAL
23:47:19.223,-0.83,44.98,0.00,499.9914361736345,OFF,RETRACTED,MANUAL
23:47:19.326,-1.32,44.94,0.00,499.97796502680325,OFF,RETRACTED,MANUAL
23:47:19.425,-1.82,44.88,0.00,499.95824444386596,OFF,RETRACTED,MANUAL
23:47:19.526,-2.31,44.81,0.00,499.93227491783625,OFF,RETRACTED,MANUAL
23:47:19.627,-2.79,44.71,0.00,499.9000570979508,OFF,RETRACTED,MANUAL
23:47:19.730,-3.27,44.60,0.00,499.86159178965363,OFF,RETRACTED,MANUAL
23:47:19.831,-3.73,44.47,0.00,499.81687995457526,OFF,RETRACTED,MANUAL
23:47:19.932,-4.19,44.33,0.00,499.7659227105093,OFF,RETRACTED,MANUAL
23:47:20.032,-4.64,44.16,0.00,499.7087213313843,OFF,RETRACTED,MANUAL
23:47:20.134,-5.08,43.98,0.00,499.64527724723155,OFF,RETRACTED,MANUAL
23:47:20.234,-5.50,43.78,0.00,499.57559204414997,OFF,RETRACTED,MANUAL
23:47:20.339,-5.91,43.57,0.00,499.49966746426605,OFF,RETRACTED,MANUAL
23:47:20.445,-6.31,43.33,0.00,499.41750540569024,OFF,RETRACTED,MANUAL
23:47:20.547,-6.69,43.08,0.00,499.3291079224699,OFF,RETRACTED,MANUAL
23:47:20.647,-7.05,42.81,0.00,499.2344772245373,OFF,RETRACTED,MANUAL
23:47:20.751,-7.40,42.53,0.00,499.1336156776549,OFF,RETRACTED,MANUAL
23:47:20.850,-7.73,42.22,0.00,499.0265258033564,OFF,RETRACTED,MANUAL
23:47:20.951,-8.03,41.90,0.00,498.91321027888284,OFF,RETRACTED,MANUAL
23:47:21.052,-8.32,41.57,0.00,498.7936719371167,OFF,RETRACTED,MANUAL
23:47:21.153,-8.59,41.21,0.00,498.66791376650997,OFF,RETRACTED,MANUAL
23:47:21.255,-8.83,40.84,0.00,498.5359389110106,OFF,RETRACTED,MANUAL
23:47:21.356,-9.06,40.46,0.00,498.3977506699829,OFF,RETRACTED,MANUAL
23:47:21.455,-9.26,40.06,0.00,498.2533524981258,OFF,RETRACTED,MANUAL
23:47:21.558,-9.43,39.64,0.00,498.1027480053864,OFF,RETRACTED,MANUAL
23:47:21.658,-9.59,39.21,0.00,497.94594095686864,OFF,RETRACTED,MANUAL
23:47:21.760,-9.72,38.76,0.00,497.7829352727407,OFF,RETRACTED,MANUAL
23:47:21.860,-9.82,38.29,0.00,497.6137350281364,OFF,RETRACTED,MANUAL
23:47:21.960,-9.90,37.81,0.00,497.4383444530529,OFF,RETRACTED,MANUAL
23:47:22.071,-9.96,37.31,0.00,497.2567679322457,OFF,RETRACTED,MANUAL
23:47:22.176,-9.99,36.80,0.00,497.0690100051179,OFF,RETRACTED,MANUAL
23:47:22.285,-10.00,36.28,0.00,496.87507536560815,OFF,RETRACTED,MANUAL
23:47:22.385,-9.98,35.74,0.00,496.67496886207226,OFF,RETRACTED,MANUAL
23:47:22.485,-9.94,35.18,0.00,496.46869549716246,OFF,RETRACTED,MANUAL
23:47:22.607,-9.87,34.62,0.00,496.2562604277025,OFF,RETRACTED,MANUAL
23:47:22.710,-9.78,34.03,0.00,496.0376689645574,OFF,RETRACTED,MANUAL
23:47:22.811,-9.66,33.44,0.00,495.81292657250253,OFF,RETRACTED,MANUAL
23:47:22.916,-9.52,32.83,0.00,495.58203887008614,OFF,RETRACTED,MANUAL
23:47:23.017,-9.35,32.21,0.00,495.3450116294887,OFF,RETRACTED,MANUAL
23:47:23.118,-9.16,31.57,0.00,495.10185077637925,OFF,RETRACTED,MANUAL
23:47:23.221,-8.95,30.93,0.00,494.85256238976575,OFF,RETRACTED,MANUAL
23:47:23.320,-8.72,30.27,0.00,494.59715270184523,OFF,RETRACTED,MANUAL
23:47:23.422,-8.46,29.59,0.00,494.33562809784655,OFF,RETRACTED,MANUAL
23:47:23.521,-8.19,28.91,0.00,494.0679951158713,OFF,RETRACTED,MANUAL
23:47:23.622,-7.89,28.21,0.00,493.79426044673033,OFF,RETRACTED,MANUAL
23:47:23.723,-7.57,27.51,0.00,493.51443093377543,OFF,RETRACTED,MANUAL
23:47:23.824,-7.23,26.79,0.00,493.2285135727302,OFF,RETRACTED,MANUAL
23:47:23.925,-6.88,26.06,0.00,492.9365155115138,OFF,RETRACTED,MANUAL
23:47:24.026,-6.51,25.32,0.00,492.63844405006256,OFF,RETRACTED,MANUAL
23:47:24.126,-6.12,24.57,0.00,492.33430664014793,OFF,RETRACTED,MANUAL
23:47:24.227,-5.72,23.82,0.00,492.02411088518835,OFF,RETRACTED,MANUAL
23:47:24.327,-5.30,23.05,0.00,491.70786454006213,OFF,RETRACTED,MANUAL
23:47:24.430,-4.87,22.27,0.00,491.3855755109113,OFF,RETRACTED,MANUAL
23:47:24.529,-4.43,21.48,0.00,491.0572518549448,OFF,RETRACTED,MANUAL
23:47:24.632,-3.98,20.69,0.00,490.7229017802375,OFF,RETRACTED,MANUAL
23:47:24.731,-3.51,19.88,0.00,490.38253364552287,OFF,RETRACTED,MANUAL
23:47:24.852,-3.04,19.07,0.00,490.036155959987,OFF,RETRACTED,MANUAL
23:47:24.960,-2.56,18.25,0.00,489.683777383054,OFF,RETRACTED,MANUAL
23:47:25.059,-2.07,17.43,0.00,489.3254067241699,OFF,RETRACTED,MANUAL
23:47:25.175,-1.58,16.59,0.00,488.96105294258314,OFF,RETRACTED,MANUAL
23:47:25.276,-1.09,15.75,0.00,488.59072514711806,OFF,RETRACTED,MANUAL
23:47:25.376,-0.59,14.91,0.00,488.214432595951,OFF,RETRACTED,MANUAL
23:47:25.477,-0.09,14.06,0.00,487.832184696376,OFF,RETRACTED,MANUAL
23:47:25.578,0.41,13.20,0.00,487.44399100457065,OFF,RETRACTED,MANUAL
23:47:25.679,0.91,12.34,0.00,487.0498612253576,OFF,RETRACTED,MANUAL
23:47:25.780,1.41,11.47,0.00,486.6498052119597,OFF,RETRACTED,MANUAL
23:47:25.882,1.90,10.60,0.00,486.24383296575695,OFF,RETRACTED,MANUAL
23:47:25.984,2.39,9.72,0.00,485.8319546360344,OFF,RETRACTED,MANUAL
23:47:26.083,2.87,8.84,0.00,485.4141805197289,OFF,RETRACTED,MANUAL
23:47:26.183,3.35,7.95,0.00,484.9905210611722,OFF,RETRACTED,MANUAL
23:47:26.284,3.81,7.07,0.00,484.56098685182735,OFF,RETRACTED,MANUAL
23:47:26.385,4.27,6.18,0.00,484.125588630028,OFF,RETRACTED,MANUAL
23:47:26.485,4.72,5.28,0.00,483.68433728070687,OFF,RETRACTED,MANUAL
23:47:26.588,5.15,4.39,0.00,483.2372438351248,OFF,RETRACTED,MANUAL
23:47:26.688,5.57,3.49,0.00,482.78431947059516,OFF,RETRACTED,MANUAL
23:47:26.789,5.98,2.59,0.00,482.3255755102024,OFF,RETRACTED,MANUAL
23:47:26.891,6.37,1.70,0.00,481.86102342252207,OFF,RETRACTED,MANUAL
23:47:26.991,6.75,0.80,0.00,481.39067482133237,OFF,RETRACTED,MANUAL
23:47:27.092,7.11,-0.10,0.00,480.9145414653236,OFF,RETRACTED,MANUAL
23:47:27.195,7.45,-1.00,0.00,480.4326352578057,OFF,RETRACTED,MANUAL
23:47:27.295,7.78,-1.90,0.00,479.94496824640737,OFF,RETRACTED,MANUAL
23:47:27.395,8.08,-2.80,0.00,479.45155262277916,OFF,RETRACTED,MANUAL
23:47:27.498,8.37,-3.70,0.00,478.952400722286,OFF,RETRACTED,MANUAL
23:47:27.610,8.63,-4.60,0.00,478.4475250236993,OFF,RETRACTED,MANUAL
23:47:27.763,8.87,-5.49,0.00,477.9369381488861,OFF,RETRACTED,MANUAL
23:47:27.884,9.09,-6.38,0.00,477.4206528624901,OFF,RETRACTED,MANUAL
23:47:28.048,9.29,-7.27,0.00,476.8986820716174,OFF,RETRACTED,MANUAL
23:47:28.154,9.46,-8.16,0.00,476.3710388255105,OFF,RETRACTED,MANUAL
23:47:28.255,9.61,-9.04,0.00,475.83773631522314,OFF,RETRACTED,MANUAL
23:47:28.355,9.74,-9.92,0.00,475.29878787329096,OFF,RETRACTED,MANUAL
23:47:28.480,9.84,-10.80,0.00,474.7542069733956,OFF,RETRACTED,MANUAL
23:47:28.591,9.92,-11.67,0.00,474.2040072300317,OFF,RETRACTED,MANUAL
23:47:28.692,9.97,-12.54,0.00,473.64820239816447,OFF,RETRACTED,MANUAL
23:47:28.792,10.00,-13.40,0.00,473.08680637288546,OFF,RETRACTED,MANUAL
23:47:28.896,10.00,-14.25,0.00,472.5198331890672,OFF,RETRACTED,MANUAL
23:47:28.995,9.98,-15.10,0.00,471.9472970210078,OFF,RETRACTED,MANUAL
23:47:29.096,9.93,-15.95,0.00,471.3692121820827,OFF,RETRACTED,MANUAL
23:47:29.203,9.86,-16.79,0.00,470.7855931243827,OFF,RETRACTED,MANUAL
23:47:29.308,9.76,-17.62,0.00,470.1964544383538,OFF,RETRACTED,MANUAL
23:47:29.413,9.64,-18.44,0.00,469.60181085243335,OFF,RETRACTED,MANUAL
23:47:29.514,9.49,-19.26,0.00,469.0016772326783,OFF,RETRACTED,MANUAL
23:47:29.625,9.32,-20.07,0.00,468.39606858239875,OFF,RETRACTED,MANUAL
23:47:29.726,9.13,-20.87,0.00,467.7850000417794,OFF,RETRACTED,MANUAL
23:47:29.827,8.91,-21.67,0.00,467.168486887502,OFF,RETRACTED,MANUAL
23:47:29.929,8.68,-22.45,0.00,466.5465445323642,OFF,RETRACTED,MANUAL
23:47:30.031,8.42,-23.23,0.00,465.9191885248906,OFF,RETRACTED,MANUAL
23:47:30.130,8.14,-23.99,0.00,465.28643454894967,OFF,RETRACTED,MANUAL
23:47:30.230,7.84,-24.75,0.00,464.6482984233578,OFF,RETRACTED,MANUAL
23:47:30.331,7.52,-25.49,0.00,464.004796101485,OFF,RETRACTED,MANUAL
23:47:30.434,7.18,-26.23,0.00,463.3559436708566,OFF,RETRACTED,MANUAL
23:47:30.535,6.82,-26.96,0.00,462.7017573527478,OFF,RETRACTED,MANUAL
23:47:30.634,6.45,-27.67,0.00,462.04225350178336,OFF,RETRACTED,MANUAL
23:47:30.737,6.06,-28.38,0.00,461.3774486055253,OFF,RETRACTED,MANUAL
23:47:30.837,5.65,-29.07,0.00,460.7073592840612,OFF,RETRACTED,MANUAL
23:47:30.940,5.23,-29.75,0.00,460.03200228959037,OFF,RETRACTED,MANUAL
23:47:31.039,4.80,-30.42,0.00,459.3513945060005,OFF,RETRACTED,MANUAL
23:47:31.140,4.35,-31.08,0.00,458.6655529484517,OFF,RETRACTED,MANUAL
23:47:31.241,3.90,-31.72,0.00,457.97449476294713,OFF,RETRACTED,MANUAL
23:47:31.343,3.43,-32.35,0.00,457.2782372259055,OFF,RETRACTED,MANUAL
23:47:31.449,2.96,-32.97,0.00,456.5767977437299,OFF,RETRACTED,MANUAL
23:47:31.568,2.48,-33.58,0.00,455.87019385236897,OFF,RETRACTED,MANUAL
23:47:31.668,1.99,-34.17,0.00,455.15844321688417,OFF,RETRACTED,MANUAL
23:47:31.769,1.50,-34.75,0.00,454.44156363100416,OFF,RETRACTED,MANUAL
23:47:31.870,1.00,-35.31,0.00,453.7195730166814,OFF,RETRACTED,MANUAL
23:47:31.971,0.50,-35.87,0.00,452.99248942364466,OFF,RETRACTED,MANUAL
23:47:32.073,0.00,-36.40,0.00,452.26033102894377,OFF,RETRACTED,MANUAL
23:47:32.172,-0.50,-36.92,0.00,451.5231161365016,OFF,RETRACTED,MANUAL
23:47:32.276,-0.99,-37.43,0.00,450.7808631766519,OFF,RETRACTED,MANUAL
23:47:32.374,-1.49,-37.92,0.00,450.03359070568024,OFF,RETRACTED,MANUAL
23:47:32.475,-1.98,-38.40,0.00,449.2813174053603,OFF,RETRACTED,MANUAL
23:47:32.576,-2.47,-38.86,0.00,448.5240620824834,OFF,RETRACTED,MANUAL
23:47:32.677,-2.95,-39.31,0.00,447.76184366839425,OFF,RETRACTED,MANUAL
23:47:32.778,-3.43,-39.74,0.00,446.99468121851345,OFF,RETRACTED,MANUAL
23:47:32.878,-3.89,-40.15,0.00,446.2225939118623,OFF,RETRACTED,MANUAL
23:47:32.979,-4.35,-40.55,0.00,445.44560105058446,OFF,RETRACTED,MANUAL
23:47:33.081,-4.79,-40.93,0.00,444.6637220594586,OFF,RETRACTED,MANUAL
23:47:33.181,-5.22,-41.30,0.00,443.8769764854201,OFF,RETRACTED,MANUAL
23:47:33.282,-5.64,-41.65,0.00,443.0853839970671,OFF,RETRACTED,MANUAL
23:47:33.385,-6.05,-41.98,0.00,442.28896438417064,OFF,RETRACTED,MANUAL
23:47:33.485,-6.44,-42.30,0.00,441.4877375571809,OFF,RETRACTED,MANUAL
23:47:33.586,-6.81,-42.59,0.00,440.6817235467243,OFF,RETRACTED,MANUAL
23:47:33.686,-7.17,-42.88,0.00,439.8709425031104,OFF,RETRACTED,MANUAL
23:47:33.787,-7.51,-43.14,0.00,439.055414695823,OFF,RETRACTED,MANUAL
23:47:33.889,-7.83,-43.39,0.00,438.2351605130149,OFF,RETRACTED,MANUAL
23:47:33.989,-8.13,-43.62,0.00,437.4102004609989,OFF,RETRACTED,MANUAL
23:47:34.090,-8.41,-43.83,0.00,436.5805551637312,OFF,RETRACTED,MANUAL
23:47:34.191,-8.67,-44.03,0.00,435.74624536230226,OFF,RETRACTED,MANUAL
23:47:34.292,-8.91,-44.20,0.00,434.9072919144134,OFF,RETRACTED,MANUAL
23:47:34.392,-9.13,-44.36,0.00,434.06371579385734,OFF,RETRACTED,MANUAL
23:47:34.493,-9.32,-44.50,0.00,433.2155380899942,OFF,RETRACTED,MANUAL
23:47:34.594,-9.49,-44.63,0.00,432.36278000722007,OFF,RETRACTED,MANUAL
23:47:34.697,-9.63,-44.74,0.00,431.50546286444387,OFF,RETRACTED,MANUAL
23:47:34.798,-9.76,-44.82,0.00,430.64360809454945,OFF,RETRACTED,MANUAL
23:47:34.898,-9.85,-44.89,0.00,429.7772372438611,OFF,RETRACTED,MANUAL
23:47:34.999,-9.93,-44.95,0.00,428.90637197160635,OFF,RETRACTED,MANUAL
23:47:35.101,-9.97,-44.98,0.00,428.03103404936905,OFF,RETRACTED,MANUAL
23:47:35.202,-10.00,-45.00,0.00,427.15124536055305,OFF,RETRACTED,MANUAL
23:47:35.303,-10.00,-45.00,0.00,426.2670278998296,OFF,RETRACTED,MANUAL
23:47:35.406,-9.97,-44.98,0.00,425.3784037725892,OFF,RETRACTED,MANUAL
23:47:35.505,-9.92,-44.94,0.00,424.48539519439,OFF,RETRACTED,MANUAL
23:47:35.615,-9.84,-44.88,0.00,423.5880244903975,OFF,RETRACTED,MANUAL
23:47:35.717,-9.74,-44.81,0.00,422.68631409483373,OFF,RETRACTED,MANUAL
23:47:35.819,-9.61,-44.72,0.00,421.7802865504117,OFF,RETRACTED,MANUAL
23:47:35.918,-9.46,-44.61,0.00,420.8699645077728,OFF,RETRACTED,MANUAL
23:47:36.024,-9.29,-44.48,0.00,419.955370724922,OFF,RETRACTED,MANUAL
23:47:36.137,-9.09,-44.34,0.00,419.0365280666535,OFF,RETRACTED,MANUAL
23:47:36.290,-8.88,-44.18,0.00,418.1134595039874,OFF,RETRACTED,MANUAL
23:47:36.398,-8.63,-44.00,0.00,417.18618811358954,OFF,RETRACTED,MANUAL
23:47:36.502,-8.37,-43.80,0.00,416.25473707719647,OFF,RETRACTED,MANUAL
23:47:36.604,-8.09,-43.58,0.00,415.3191296810369,OFF,RETRACTED,MANUAL
23:47:36.703,-7.78,-43.35,0.00,414.3793893152443,OFF,RETRACTED,MANUAL
23:47:36.806,-7.46,-43.10,0.00,413.4355394732803,OFF,RETRACTED,MANUAL
23:47:36.909,-7.12,-42.83,0.00,412.4876037513416,OFF,RETRACTED,MANUAL
23:47:37.010,-6.76,-42.55,0.00,411.5356058477721,OFF,RETRACTED,MANUAL
23:47:37.112,-6.38,-42.25,0.00,410.5795695624711,OFF,RETRACTED,MANUAL
23:47:37.214,-5.99,-41.93,0.00,409.61951879629316,OFF,RETRACTED,MANUAL
23:47:37.317,-5.58,-41.59,0.00,408.6554775504587,OFF,RETRACTED,MANUAL
23:47:37.420,-5.16,-41.24,0.00,407.6874699259489,OFF,RETRACTED,MANUAL
23:47:37.521,-4.72,-40.87,0.00,406.71552012290385,OFF,RETRACTED,MANUAL
23:47:37.622,-4.28,-40.49,0.00,405.7396524400193,OFF,RETRACTED,MANUAL
23:47:37.723,-3.82,-40.09,0.00,404.7598912739338,OFF,RETRACTED,MANUAL
23:47:37.825,-3.35,-39.67,0.00,403.7762611186269,OFF,RETRACTED,MANUAL
23:47:37.928,-2.88,-39.24,0.00,402.78878656480117,OFF,RETRACTED,MANUAL
23:47:38.030,-2.40,-38.79,0.00,401.7974922992691,OFF,RETRACTED,MANUAL
23:47:38.129,-1.91,-38.33,0.00,400.80240310433703,OFF,RETRACTED,MANUAL
23:47:38.230,-1.42,-37.85,0.00,399.8035438571802,OFF,RETRACTED,MANUAL
23:47:38.333,-0.92,-37.35,0.00,398.80093952922925,OFF,RETRACTED,MANUAL
23:47:38.434,-0.42,-36.85,0.00,397.7946151855401,OFF,RETRACTED,MANUAL
23:47:38.535,0.08,-36.32,0.00,396.78459598416896,OFF,RETRACTED,MANUAL
23:47:38.640,0.58,-35.78,0.00,395.7709071755446,OFF,RETRACTED,MANUAL
23:47:38.761,1.08,-35.23,0.00,394.7535741018317,OFF,RETRACTED,MANUAL
23:47:38.860,1.57,-34.66,0.00,393.7326221963055,OFF,RETRACTED,MANUAL
23:47:38.962,2.06,-34.08,0.00,392.7080769827104,OFF,RETRACTED,MANUAL
23:47:39.067,2.55,-33.49,0.00,391.6799640746235,OFF,RETRACTED,MANUAL
23:47:39.171,3.03,-32.88,0.00,390.6483091748153,OFF,RETRACTED,MANUAL
23:47:39.274,3.50,-32.26,0.00,389.61313807460175,OFF,RETRACTED,MANUAL
23:47:39.375,3.97,-31.62,0.00,388.5744766532078,OFF,RETRACTED,MANUAL
23:47:39.477,4.42,-30.98,0.00,387.53235087711494,OFF,RETRACTED,MANUAL
23:47:39.578,4.86,-30.32,0.00,386.48678679941327,OFF,RETRACTED,MANUAL
23:47:39.679,5.29,-29.65,0.00,385.43781055915184,OFF,RETRACTED,MANUAL
23:47:39.780,5.71,-28.97,0.00,384.3854483806789,OFF,RETRACTED,MANUAL
23:47:39.881,6.12,-28.27,0.00,383.32972657299575,OFF,RETRACTED,MANUAL
23:47:39.981,6.50,-27.56,0.00,382.2706715290925,OFF,RETRACTED,MANUAL
23:47:40.082,6.87,-26.85,0.00,381.20830972529006,OFF,RETRACTED,MANUAL
23:47:40.186,7.23,-26.12,0.00,380.1426677205798,OFF,RETRACTED,MANUAL
23:47:40.287,7.57,-25.38,0.00,379.07377215595335,OFF,RETRACTED,MANUAL
23:47:40.387,7.88,-24.63,0.00,378.0016497537455,OFF,RETRACTED,MANUAL
23:47:40.486,8.18,-23.88,0.00,376.92632731696057,OFF,RETRACTED,MANUAL
23:47:40.589,8.46,-23.11,0.00,375.8478317286034,OFF,RETRACTED,MANUAL
23:47:40.688,8.71,-22.33,0.00,374.7661899510092,OFF,RETRACTED,MANUAL
23:47:40.789,8.95,-21.55,0.00,373.68142902516286,OFF,RETRACTED,MANUAL
23:47:40.889,9.16,-20.75,0.00,372.59357607003267,OFF,RETRACTED,MANUAL
23:47:40.990,9.35,-19.95,0.00,371.5026582818858,OFF,RETRACTED,MANUAL
23:47:41.092,9.51,-19.14,0.00,370.40870293361013,OFF,RETRACTED,MANUAL
23:47:41.193,9.66,-18.32,0.00,369.3117373740339,OFF,RETRACTED,MANUAL
23:47:41.295,9.77,-17.49,0.00,368.21178902723597,OFF,RETRACTED,MANUAL
23:47:41.395,9.87,-16.66,0.00,367.1088853918692,OFF,RETRACTED,MANUAL
23:47:41.496,9.94,-15.82,0.00,366.003054040467,OFF,RETRACTED,MANUAL
23:47:41.599,9.98,-14.98,0.00,364.8943226187557,OFF,RETRACTED,MANUAL
23:47:41.699,10.00,-14.12,0.00,363.7827188449645,OFF,RETRACTED,MANUAL
23:47:41.801,9.99,-13.27,0.00,362.66827050912684,OFF,RETRACTED,MANUAL
23:47:41.901,9.96,-12.40,0.00,361.55100547239454,OFF,RETRACTED,MANUAL
23:47:42.001,9.91,-11.54,0.00,360.43095166633543,OFF,RETRACTED,MANUAL
23:47:42.103,9.83,-10.67,0.00,359.3081370922362,OFF,RETRACTED,MANUAL
23:47:42.203,9.72,-9.79,0.00,358.1825898204044,OFF,RETRACTED,MANUAL
23:47:42.305,9.59,-8.91,0.00,357.05433798946,OFF,RETRACTED,MANUAL
23:47:42.405,9.44,-8.02,0.00,355.92340980564165,OFF,RETRACTED,MANUAL
23:47:42.506,9.26,-7.14,0.00,354.7898335420949,OFF,RETRACTED,MANUAL
23:47:42.607,9.06,-6.25,0.00,353.65363753816746,OFF,RETRACTED,MANUAL
23:47:42.707,8.84,-5.35,0.00,352.5148501987018,OFF,RETRACTED,MANUAL
23:47:42.808,8.59,-4.46,0.00,351.3734999933189,OFF,RETRACTED,MANUAL
23:47:42.909,8.32,-3.56,0.00,350.22961545571593,OFF,RETRACTED,MANUAL
23:47:43.009,8.04,-2.67,0.00,349.08322518294693,OFF,RETRACTED,MANUAL
23:47:43.110,7.73,-1.77,0.00,347.9343578347089,OFF,RETRACTED,MANUAL
23:47:43.213,7.40,-0.87,0.00,346.78304213262743,OFF,RETRACTED,MANUAL
23:47:43.313,7.06,0.03,0.00,345.62930685953177,OFF,RETRACTED,MANUAL
23:47:43.413,6.70,0.93,0.00,344.47318085874525,OFF,RETRACTED,MANUAL
23:47:43.514,6.32,1.83,0.00,343.3146930333578,OFF,RETRACTED,MANUAL
23:47:43.616,5.92,2.73,0.00,342.1538723455046,OFF,RETRACTED,MANUAL
23:47:43.716,5.51,3.63,0.00,340.9907478156441,OFF,RETRACTED,MANUAL
23:47:43.816,5.09,4.52,0.00,339.82534852182573,OFF,RETRACTED,MANUAL
23:47:43.917,4.65,5.42,0.00,338.6577035989726,OFF,RETRACTED,MANUAL
23:47:44.018,4.20,6.31,0.00,337.48784223814715,OFF,RETRACTED,MANUAL
23:47:44.119,3.74,7.20,0.00,336.31579368582237,OFF,RETRACTED,MANUAL
23:47:44.221,3.27,8.09,0.00,335.14158724315274,OFF,RETRACTED,MANUAL
23:47:44.323,2.80,8.97,0.00,333.9652522652348,OFF,RETRACTED,MANUAL
23:47:44.423,2.31,9.85,0.00,332.7868181603834,OFF,RETRACTED,MANUAL
23:47:44.524,1.83,10.73,0.00,331.6063143893898,OFF,RETRACTED,MANUAL
23:47:44.625,1.33,11.60,0.00,330.42377046478686,OFF,RETRACTED,MANUAL
23:47:44.726,0.84,12.47,0.00,329.2392159501127,OFF,RETRACTED,MANUAL
23:47:44.826,0.34,13.33,0.00,328.05268045916506,OFF,RETRACTED,MANUAL
23:47:44.928,-0.16,14.19,0.00,326.8641936552712,OFF,RETRACTED,MANUAL
23:47:45.031,-0.66,15.04,0.00,325.67378525053937,OFF,RETRACTED,MANUAL
23:47:45.130,-1.16,15.88,0.00,324.4814850051175,OFF,RETRACTED,MANUAL
23:47:45.230,-1.66,16.72,0.00,323.2873227264515,OFF,RETRACTED,MANUAL
23:47:45.331,-2.15,17.55,0.00,322.0913282685327,OFF,RETRACTED,MANUAL
23:47:45.432,-2.63,18.38,0.00,320.89353153116195,OFF,RETRACTED,MANUAL
23:47:45.533,-3.11,19.20,0.00,319.6939624591953,OFF,RETRACTED,MANUAL
23:47:45.634,-3.58,20.01,0.00,318.492651041797,OFF,RETRACTED,MANUAL
23:47:45.734,-4.04,20.81,0.00,317.28962731169173,OFF,RETRACTED,MANUAL
23:47:45.835,-4.50,21.60,0.00,316.0849213444066,OFF,RETRACTED,MANUAL
23:47:45.936,-4.94,22.39,0.00,314.8785632575298,OFF,RETRACTED,MANUAL
23:47:46.037,-5.37,23.16,0.00,313.6705832099506,OFF,RETRACTED,MANUAL
23:47:46.137,-5.78,23.93,0.00,312.4610114011074,OFF,RETRACTED,MANUAL
23:47:46.240,-6.18,24.69,0.00,311.249878070234,OFF,RETRACTED,MANUAL
23:47:46.339,-6.57,25.44,0.00,310.03721349559726,OFF,RETRACTED,MANUAL
23:47:46.440,-6.94,26.17,0.00,308.82304799375004,OFF,RETRACTED,MANUAL
23:47:46.543,-7.29,26.90,0.00,307.6074119187667,OFF,RETRACTED,MANUAL
23:47:46.642,-7.62,27.62,0.00,306.3903356614857,OFF,RETRACTED,MANUAL
23:47:46.745,-7.93,28.32,0.00,305.17184964875196,OFF,RETRACTED,MANUAL
23:47:46.844,-8.23,29.01,0.00,303.95198434264876,OFF,RETRACTED,MANUAL
23:47:46.945,-8.50,29.70,0.00,302.730770239747,OFF,RETRACTED,MANUAL
23:47:47.046,-8.75,30.37,0.00,301.5082378703357,OFF,RETRACTED,MANUAL
23:47:47.146,-8.99,31.02,0.00,300.2844177976603,OFF,RETRACTED,MANUAL
23:47:47.248,-9.19,31.67,0.00,299.0593406171607,OFF,RETRACTED,MANUAL
23:47:47.348,-9.38,32.30,0.00,297.8330369556991,OFF,RETRACTED,MANUAL
23:47:47.449,-9.54,32.92,0.00,296.60553747080485,OFF,RETRACTED,MANUAL
23:47:47.550,-9.68,33.53,0.00,295.37687284990125,OFF,RETRACTED,MANUAL
23:47:47.651,-9.79,34.12,0.00,294.14707380953973,OFF,RETRACTED,MANUAL
23:47:47.752,-9.88,34.70,0.00,292.9161710946341,OFF,RETRACTED,MANUAL
23:47:47.852,-9.95,35.27,0.00,291.68419547768457,OFF,RETRACTED,MANUAL
23:47:47.953,-9.99,35.82,0.00,290.4511777580191,OFF,RETRACTED,MANUAL
23:47:48.053,-10.00,36.36,0.00,289.2171487610166,OFF,RETRACTED,MANUAL
23:47:48.154,-9.99,36.88,0.00,287.9821393373375,OFF,RETRACTED,MANUAL
23:47:48.255,-9.95,37.39,0.00,286.74618036215503,OFF,RETRACTED,MANUAL
23:47:48.357,-9.89,37.88,0.00,285.50930273437564,OFF,RETRACTED,MANUAL
23:47:48.456,-9.81,38.36,0.00,284.2715373758773,OFF,RETRACTED,MANUAL
23:47:48.559,-9.70,38.82,0.00,283.03291523072954,OFF,RETRACTED,MANUAL
23:47:48.658,-9.57,39.27,0.00,281.79346726442145,OFF,RETRACTED,MANUAL
23:47:48.759,-9.41,39.70,0.00,280.55322446308946,OFF,RETRACTED,MANUAL
23:47:48.860,-9.23,40.12,0.00,279.3122178327354,OFF,RETRACTED,MANUAL
23:47:48.962,-9.02,40.52,0.00,278.0704783984622,OFF,RETRACTED,MANUAL
23:47:49.063,-8.80,40.90,0.00,276.8280372036911,OFF,RETRACTED,MANUAL
23:47:49.163,-8.55,41.27,0.00,275.58492530938713,OFF,RETRACTED,MANUAL
23:47:49.264,-8.28,41.62,0.00,274.3411737932848,OFF,RETRACTED,MANUAL
23:47:49.365,-7.99,41.95,0.00,273.0968137491036,OFF,RETRACTED,MANUAL
23:47:49.466,-7.68,42.27,0.00,271.85187628578166,OFF,RETRACTED,MANUAL
23:47:49.568,-7.35,42.57,0.00,270.6063925266907,OFF,RETRACTED,MANUAL
23:47:49.668,-7.00,42.85,0.00,269.36039360885974,OFF,RETRACTED,MANUAL
23:47:49.769,-6.63,43.12,0.00,268.11391068219876,OFF,RETRACTED,MANUAL
23:47:49.870,-6.25,43.37,0.00,266.86697490871234,OFF,RETRACTED,MANUAL
23:47:49.971,-5.85,43.60,0.00,265.6196174617317,OFF,RETRACTED,MANUAL
23:47:50.071,-5.44,43.81,0.00,264.3718695251281,OFF,RETRACTED,MANUAL
23:47:50.172,-5.01,44.01,0.00,263.1237622925348,OFF,RETRACTED,MANUAL
23:47:50.273,-4.58,44.19,0.00,261.87532696656956,OFF,RETRACTED,MANUAL
23:47:50.374,-4.12,44.35,0.00,260.6265947580469,OFF,RETRACTED,MANUAL
23:47:50.476,-3.66,44.49,0.00,259.37759688520873,OFF,RETRACTED,MANUAL
23:47:50.576,-3.19,44.62,0.00,258.12836457293685,OFF,RETRACTED,MANUAL
23:47:50.676,-2.72,44.73,0.00,256.87892905197396,OFF,RETRACTED,MANUAL
23:47:50.777,-2.23,44.82,0.00,255.62932155814485,OFF,RETRACTED,MANUAL
23:47:50.878,-1.74,44.89,0.00,254.37957333156822,OFF,RETRACTED,MANUAL
23:47:50.981,-1.25,44.94,0.00,253.1297156158864,OFF,RETRACTED,MANUAL
23:47:51.081,-0.75,44.98,0.00,251.87977965747717,OFF,RETRACTED,MANUAL
23:47:51.185,-0.25,45.00,0.00,250.62979670467442,OFF,RETRACTED,MANUAL
23:47:51.288,0.25,45.00,0.00,249.37979800698864,OFF,RETRACTED,MANUAL
23:47:51.388,0.75,44.98,0.00,248.1298148143186,OFF,RETRACTED,MANUAL
23:47:51.489,1.24,44.94,0.00,246.87987837618078,OFF,RETRACTED,MANUAL
23:47:51.589,1.74,44.89,0.00,245.63001994092107,OFF,RETRACTED,MANUAL
23:47:51.692,2.23,44.82,0.00,244.38027075493522,OFF,RETRACTED,MANUAL
23:47:51.792,2.71,44.73,0.00,243.13066206188958,OFF,RETRACTED,MANUAL
23:47:51.892,3.19,44.62,0.00,241.88122510193287,OFF,RETRACTED,MANUAL
23:47:51.993,3.66,44.50,0.00,240.63199111092572,OFF,RETRACTED,MANUAL
23:47:52.094,4.12,44.35,0.00,239.3829913196529,OFF,RETRACTED,MANUAL
23:47:52.196,4.57,44.19,0.00,238.13425695304412,OFF,RETRACTED,MANUAL
23:47:52.296,5.01,44.01,0.00,236.88581922939528,OFF,RETRACTED,MANUAL
23:47:52.397,5.44,43.82,0.00,235.6377093595809,OFF,RETRACTED,MANUAL
23:47:52.498,5.85,43.60,0.00,234.38995854628448,OFF,RETRACTED,MANUAL
23:47:52.599,6.25,43.37,0.00,233.1425979832114,OFF,RETRACTED,MANUAL
23:47:52.700,6.63,43.12,0.00,231.89565885431074,OFF,RETRACTED,MANUAL
23:47:52.800,7.00,42.86,0.00,230.64917233299758,OFF,RETRACTED,MANUAL
23:47:52.901,7.34,42.57,0.00,229.40316958136646,OFF,RETRACTED,MANUAL
23:47:53.001,7.67,42.27,0.00,228.15768174942303,OFF,RETRACTED,MANUAL
23:47:53.104,7.99,41.96,0.00,226.91273997429826,OFF,RETRACTED,MANUAL
23:47:53.204,8.28,41.62,0.00,225.66837537947168,OFF,RETRACTED,MANUAL
23:47:53.305,8.55,41.27,0.00,224.4246190739951,OFF,RETRACTED,MANUAL
23:47:53.406,8.79,40.90,0.00,223.1815021517079,OFF,RETRACTED,MANUAL
23:47:53.507,9.02,40.52,0.00,221.93905569047004,OFF,RETRACTED,MANUAL
23:47:53.609,9.23,40.12,0.00,220.69731075137847,OFF,RETRACTED,MANUAL
23:47:53.710,9.41,39.71,0.00,219.4562983779919,OFF,RETRACTED,MANUAL
23:47:53.812,9.57,39.28,0.00,218.21604959555683,OFF,RETRACTED,MANUAL
23:47:53.911,9.70,38.83,0.00,216.97659541022472,OFF,RETRACTED,MANUAL
23:47:54.014,9.81,38.37,0.00,215.73796680828735,OFF,RETRACTED,MANUAL
23:47:54.115,9.89,37.89,0.00,214.50019475539534,OFF,RETRACTED,MANUAL
23:47:54.215,9.95,37.39,0.00,213.26331019578546,OFF,RETRACTED,MANUAL
23:47:54.315,9.99,36.89,0.00,212.0273440515091,OFF,RETRACTED,MANUAL
23:47:54.418,10.00,36.36,0.00,210.79232722165193,OFF,RETRACTED,MANUAL
23:47:54.519,9.99,35.83,0.00,209.55829058157218,OFF,RETRACTED,MANUAL
23:47:54.618,9.95,35.27,0.00,208.32526498212155,OFF,RETRACTED,MANUAL
23:47:54.721,9.88,34.71,0.00,207.0932812488758,OFF,RETRACTED,MANUAL
23:47:54.820,9.79,34.13,0.00,205.86237018136586,OFF,RETRACTED,MANUAL
23:47:54.920,9.68,33.54,0.00,204.6325625523008,OFF,RETRACTED,MANUAL
23:47:55.021,9.54,32.93,0.00,203.40388910680906,OFF,RETRACTED,MANUAL
23:47:55.123,9.38,32.31,0.00,202.17638056166277,OFF,RETRACTED,MANUAL
23:47:55.223,9.19,31.68,0.00,200.95006760451162,OFF,RETRACTED,MANUAL
23:47:55.324,8.99,31.03,0.00,199.72498089311742,OFF,RETRACTED,MANUAL
23:47:55.424,8.76,30.37,0.00,198.50115105458065,OFF,RETRACTED,MANUAL
23:47:55.525,8.50,29.70,0.00,197.27860868458532,OFF,RETRACTED,MANUAL
23:47:55.625,8.23,29.02,0.00,196.05738434662695,OFF,RETRACTED,MANUAL
23:47:55.726,7.94,28.33,0.00,194.8375085712504,OFF,RETRACTED,MANUAL
23:47:55.827,7.62,27.62,0.00,193.61901185528828,OFF,RETRACTED,MANUAL
23:47:55.927,7.29,26.91,0.00,192.40192466109153,OFF,RETRACTED,MANUAL
23:47:56.029,6.94,26.18,0.00,191.18627741577833,OFF,RETRACTED,MANUAL
23:47:56.128,6.57,25.44,0.00,189.97210051046656,OFF,RETRACTED,MANUAL
23:47:56.229,6.18,24.69,0.00,188.75942429951556,OFF,RETRACTED,MANUAL
23:47:56.330,5.78,23.94,0.00,187.5482790997692,OFF,RETRACTED,MANUAL
23:47:56.431,5.37,23.17,0.00,186.3386951897909,OFF,RETRACTED,MANUAL
23:47:56.533,4.94,22.39,0.00,185.13070280911722,OFF,RETRACTED,MANUAL
23:47:56.634,4.50,21.61,0.00,183.9243321574947,OFF,RETRACTED,MANUAL
23:47:56.736,4.05,20.81,0.00,182.71961339412678,OFF,RETRACTED,MANUAL
23:47:56.837,3.59,20.01,0.00,181.5165766369215,OFF,RETRACTED,MANUAL
23:47:56.938,3.12,19.20,0.00,180.3152519617318,OFF,RETRACTED,MANUAL
23:47:57.040,2.64,18.39,0.00,179.11566940161362,OFF,RETRACTED,MANUAL
23:47:57.139,2.15,17.56,0.00,177.91785894606852,OFF,RETRACTED,MANUAL
23:47:57.242,1.66,16.73,0.00,176.72185054029552,OFF,RETRACTED,MANUAL
23:47:57.343,1.17,15.89,0.00,175.52767408444413,OFF,RETRACTED,MANUAL
23:47:57.442,0.67,15.04,0.00,174.33535943286014,OFF,RETRACTED,MANUAL
23:47:57.543,0.17,14.19,0.00,173.1449363933495,OFF,RETRACTED,MANUAL
23:47:57.644,-0.33,13.34,0.00,171.95643472642615,OFF,RETRACTED,MANUAL
23:47:57.744,-0.83,12.47,0.00,170.76988414456986,OFF,RETRACTED,MANUAL
23:47:57.845,-1.33,11.61,0.00,169.5853143114851,OFF,RETRACTED,MANUAL
23:47:57.946,-1.82,10.73,0.00,168.4027548413526,OFF,RETRACTED,MANUAL
23:47:58.049,-2.31,9.86,0.00,167.22223529809924,OFF,RETRACTED,MANUAL
23:47:58.151,-2.79,8.98,0.00,166.04378519465206,OFF,RETRACTED,MANUAL
23:47:58.252,-3.27,8.09,0.00,164.86743399220228,OFF,RETRACTED,MANUAL
23:47:58.352,-3.74,7.21,0.00,163.69321109947043,OFF,RETRACTED,MANUAL
23:47:58.455,-4.20,6.32,0.00,162.52114587196425,OFF,RETRACTED,MANUAL
23:47:58.554,-4.65,5.43,0.00,161.35126761125508,OFF,RETRACTED,MANUAL
23:47:58.655,-5.08,4.53,0.00,160.18360556423855,OFF,RETRACTED,MANUAL
23:47:58.758,-5.51,3.64,0.00,159.01818892240496,OFF,RETRACTED,MANUAL
23:47:58.858,-5.92,2.74,0.00,157.85504682111133,OFF,RETRACTED,MANUAL
23:47:58.960,-6.31,1.84,0.00,156.6942083388463,OFF,RETRACTED,MANUAL
23:47:59.061,-6.69,0.94,0.00,155.53570249651318,OFF,RETRACTED,MANUAL
23:47:59.161,-7.06,0.04,0.00,154.37955825669758,OFF,RETRACTED,MANUAL
23:47:59.262,-7.40,-0.86,0.00,153.22580452294537,OFF,RETRACTED,MANUAL
23:47:59.365,-7.73,-1.76,0.00,152.07447013904138,OFF,RETRACTED,MANUAL
23:47:59.464,-8.04,-2.66,0.00,150.925583888282,OFF,RETRACTED,MANUAL
23:47:59.566,-8.32,-3.56,0.00,149.77917449276532,OFF,RETRACTED,MANUAL
23:47:59.667,-8.59,-4.45,0.00,148.63527061266646,OFF,RETRACTED,MANUAL
23:47:59.768,-8.83,-5.35,0.00,147.4939008455229,OFF,RETRACTED,MANUAL
23:47:59.868,-9.06,-6.24,0.00,146.35509372552096,OFF,RETRACTED,MANUAL
23:47:59.970,-9.26,-7.13,0.00,145.21887772277609,OFF,RETRACTED,MANUAL
23:48:00.070,-9.44,-8.02,0.00,144.0852812426308,OFF,RETRACTED,MANUAL
23:48:00.172,-9.59,-8.90,0.00,142.95433262493808,OFF,RETRACTED,MANUAL
23:48:00.272,-9.72,-9.78,0.00,141.82606014335443,OFF,RETRACTED,MANUAL
23:48:00.372,-9.82,-10.66,0.00,140.70049200463478,OFF,RETRACTED,MANUAL
23:48:00.472,-9.91,-11.53,0.00,139.57765634792068,OFF,RETRACTED,MANUAL
23:48:00.573,-9.96,-12.40,0.00,138.45758124404676,OFF,RETRACTED,MANUAL
23:48:00.674,-9.99,-13.26,0.00,137.34029469483227,OFF,RETRACTED,MANUAL
23:48:00.774,-10.00,-14.12,0.00,136.22582463238268,OFF,RETRACTED,MANUAL
23:48:00.875,-9.98,-14.97,0.00,135.11419891839313,OFF,RETRACTED,MANUAL
23:48:00.976,-9.94,-15.82,0.00,134.00544534344544,OFF,RETRACTED,MANUAL
23:48:01.076,-9.87,-16.65,0.00,132.89959162632277,OFF,RETRACTED,MANUAL
23:48:01.177,-9.78,-17.49,0.00,131.79666541331048,OFF,RETRACTED,MANUAL
23:48:01.278,-9.66,-18.31,0.00,130.69669427750642,OFF,RETRACTED,MANUAL
23:48:01.379,-9.52,-19.13,0.00,129.5997057181333,OFF,RETRACTED,MANUAL
23:48:01.480,-9.35,-19.94,0.00,128.5057271598448,OFF,RETRACTED,MANUAL
23:48:01.583,-9.16,-20.75,0.00,127.41478595204951,OFF,RETRACTED,MANUAL
23:48:01.683,-8.95,-21.54,0.00,126.32690936822077,OFF,RETRACTED,MANUAL
23:48:01.784,-8.72,-22.33,0.00,125.24212460521653,OFF,RETRACTED,MANUAL
23:48:01.884,-8.46,-23.10,0.00,124.1604587826009,OFF,RETRACTED,MANUAL
23:48:01.985,-8.18,-23.87,0.00,123.08193894196002,OFF,RETRACTED,MANUAL
23:48:02.088,-7.89,-24.63,0.00,122.00659204623528,OFF,RETRACTED,MANUAL
23:48:02.190,-7.57,-25.38,0.00,120.93444497904306,OFF,RETRACTED,MANUAL
23:48:02.289,-7.23,-26.11,0.00,119.86552454400427,OFF,RETRACTED,MANUAL
23:48:02.390,-6.88,-26.84,0.00,118.7998574640755,OFF,RETRACTED,MANUAL
23:48:02.491,-6.51,-27.56,0.00,117.7374703808753,OFF,RETRACTED,MANUAL
23:48:02.592,-6.12,-28.27,0.00,116.67838985402693,OFF,RETRACTED,MANUAL
23:48:02.692,-5.72,-28.96,0.00,115.62264236048836,OFF,RETRACTED,MANUAL
23:48:02.793,-5.30,-29.64,0.00,114.57025429389196,OFF,RETRACTED,MANUAL
23:48:02.896,-4.87,-30.31,0.00,113.5212519638861,OFF,RETRACTED,MANUAL
23:48:02.995,-4.42,-30.97,0.00,112.47566159547137,OFF,RETRACTED,MANUAL
23:48:03.096,-3.97,-31.62,0.00,111.43350932835406,OFF,RETRACTED,MANUAL
23:48:03.197,-3.51,-32.25,0.00,110.39482121628654,OFF,RETRACTED,MANUAL
23:48:03.298,-3.04,-32.87,0.00,109.35962322641751,OFF,RETRACTED,MANUAL
23:48:03.398,-2.56,-33.48,0.00,108.32794123864429,OFF,RETRACTED,MANUAL
23:48:03.499,-2.07,-34.08,0.00,107.29980104495988,OFF,RETRACTED,MANUAL
23:48:03.600,-1.58,-34.66,0.00,106.27522834881705,OFF,RETRACTED,MANUAL
23:48:03.701,-1.08,-35.23,0.00,105.25424876447985,OFF,RETRACTED,MANUAL
23:48:03.802,-0.58,-35.78,0.00,104.23688781638472,OFF,RETRACTED,MANUAL
23:48:03.903,-0.08,-36.32,0.00,103.22317093850378,OFF,RETRACTED,MANUAL
23:48:04.005,0.42,-36.84,0.00,102.21312347370332,OFF,RETRACTED,MANUAL
23:48:04.106,0.91,-37.35,0.00,101.2067706731188,OFF,RETRACTED,MANUAL
23:48:04.206,1.41,-37.84,0.00,100.2041376955178,OFF,RETRACTED,MANUAL
23:48:04.305,1.90,-38.32,0.00,99.20524960667257,OFF,RETRACTED,MANUAL
23:48:04.406,2.39,-38.79,0.00,98.21013137873473,OFF,RETRACTED,MANUAL
23:48:04.507,2.88,-39.24,0.00,97.21880788960524,OFF,RETRACTED,MANUAL
23:48:04.610,3.35,-39.67,0.00,96.23130392232119,OFF,RETRACTED,MANUAL
23:48:04.712,3.82,-40.09,0.00,95.24764416443028,OFF,RETRACTED,MANUAL
23:48:04.812,4.27,-40.49,0.00,94.26785320737531,OFF,RETRACTED,MANUAL
23:48:04.914,4.72,-40.87,0.00,93.29195554588046,OFF,RETRACTED,MANUAL
23:48:05.014,5.16,-41.24,0.00,92.31997557733371,OFF,RETRACTED,MANUAL
23:48:05.115,5.58,-41.59,0.00,91.35193760118503,OFF,RETRACTED,MANUAL
23:48:05.216,5.98,-41.93,0.00,90.38786581833344,OFF,RETRACTED,MANUAL
23:48:05.318,6.38,-42.25,0.00,89.42778433052325,OFF,RETRACTED,MANUAL
23:48:05.418,6.75,-42.55,0.00,88.47171713974302,OFF,RETRACTED,MANUAL
23:48:05.518,7.11,-42.83,0.00,87.51968814762003,OFF,RETRACTED,MANUAL
23:48:05.619,7.46,-43.10,0.00,86.57172115483087,OFF,RETRACTED,MANUAL
23:48:05.721,7.78,-43.35,0.00,85.6278398605009,OFF,RETRACTED,MANUAL
23:48:05.821,8.09,-43.58,0.00,84.68806786161343,OFF,RETRACTED,MANUAL
23:48:05.933,8.37,-43.80,0.00,83.75242865242072,OFF,RETRACTED,MANUAL
23:48:06.033,8.63,-44.00,0.00,82.82094562385169,OFF,RETRACTED,MANUAL
23:48:06.133,8.87,-44.18,0.00,81.89364206293482,OFF,RETRACTED,MANUAL
23:48:06.234,9.09,-44.34,0.00,80.97054115221084,OFF,RETRACTED,MANUAL
23:48:06.335,9.29,-44.48,0.00,80.05166596915444,OFF,RETRACTED,MANUAL
23:48:06.435,9.46,-44.61,0.00,79.13703948559868,OFF,RETRACTED,MANUAL
23:48:06.536,9.61,-44.72,0.00,78.2266845671553,OFF,RETRACTED,MANUAL
23:48:06.639,9.74,-44.81,0.00,77.3206239726513,OFF,RETRACTED,MANUAL
23:48:06.742,9.84,-44.88,0.00,76.41888035355427,OFF,RETRACTED,MANUAL
23:48:06.846,9.92,-44.94,0.00,75.52147625340771,OFF,RETRACTED,MANUAL
23:48:06.947,9.97,-44.98,0.00,74.62843410726865,OFF,RETRACTED,MANUAL
23:48:07.048,10.00,-45.00,0.00,73.73977624114175,OFF,RETRACTED,MANUAL
23:48:07.149,10.00,-45.00,0.00,72.8555248714286,OFF,RETRACTED,MANUAL
23:48:07.249,9.97,-44.98,0.00,71.9757021043674,OFF,RETRACTED,MANUAL
23:48:07.350,9.93,-44.95,0.00,71.10032993548151,OFF,RETRACTED,MANUAL
23:48:07.451,9.85,-44.89,0.00,70.2294302490308,OFF,RETRACTED,MANUAL
23:48:07.552,9.76,-44.82,0.00,69.36302481745957,OFF,RETRACTED,MANUAL
23:48:07.653,9.64,-44.74,0.00,68.50113530085974,OFF,RETRACTED,MANUAL
23:48:07.754,9.49,-44.63,0.00,67.64378324642433,OFF,RETRACTED,MANUAL
23:48:07.854,9.32,-44.51,0.00,66.79099008791007,OFF,RETRACTED,MANUAL
23:48:07.957,9.13,-44.36,0.00,65.9427771451027,OFF,RETRACTED,MANUAL
23:48:08.055,8.91,-44.20,0.00,65.09916562327916,OFF,RETRACTED,MANUAL
23:48:08.156,8.67,-44.03,0.00,64.2601766126848,OFF,RETRACTED,MANUAL
23:48:08.259,8.41,-43.83,0.00,63.42583108800122,OFF,RETRACTED,MANUAL
23:48:08.358,8.13,-43.62,0.00,62.59614990782299,OFF,RETRACTED,MANUAL
23:48:08.459,7.83,-43.39,0.00,61.771153814137705,OFF,RETRACTED,MANUAL
23:48:08.559,7.51,-43.14,0.00,60.95086343180225,OFF,RETRACTED,MANUAL
23:48:08.661,7.17,-42.88,0.00,60.13529926803474,OFF,RETRACTED,MANUAL
23:48:08.763,6.82,-42.60,0.00,59.32448171189674,OFF,RETRACTED,MANUAL
23:48:08.862,6.44,-42.30,0.00,58.518431033784964,OFF,RETRACTED,MANUAL
23:48:08.963,6.05,-41.98,0.00,57.71716738492546,OFF,RETRACTED,MANUAL
23:48:09.064,5.65,-41.65,0.00,56.92071079686551,OFF,RETRACTED,MANUAL
23:48:09.164,5.23,-41.30,0.00,56.129081180979426,OFF,RETRACTED,MANUAL
23:48:09.265,4.79,-40.93,0.00,55.342298327966375,OFF,RETRACTED,MANUAL
23:48:09.366,4.35,-40.55,0.00,54.560381907356714,OFF,RETRACTED,MANUAL
23:48:09.466,3.89,-40.15,0.00,53.78335146702133,OFF,RETRACTED,MANUAL
23:48:09.567,3.43,-39.74,0.00,53.0112264326786,OFF,RETRACTED,MANUAL
23:48:09.668,2.95,-39.31,0.00,52.24402610741521,OFF,RETRACTED,MANUAL
23:48:09.769,2.47,-38.86,0.00,51.481769671199345,OFF,RETRACTED,MANUAL
23:48:09.871,1.99,-38.40,0.00,50.724476180402235,OFF,RETRACTED,MANUAL
23:48:09.972,1.49,-37.93,0.00,49.97216456732275,OFF,RETRACTED,MANUAL
23:48:10.074,1.00,-37.43,0.00,49.22485363970995,OFF,RETRACTED,MANUAL
23:48:10.175,0.50,-36.93,0.00,48.48256208029909,OFF,RETRACTED,MANUAL
23:48:10.298,-0.00,-36.41,0.00,47.745308446340545,OFF,RETRACTED,MANUAL
23:48:10.398,-0.50,-35.87,0.00,47.01311116913675,OFF,RETRACTED,MANUAL
23:48:10.499,-1.00,-35.32,0.00,46.28598855358254,OFF,RETRACTED,MANUAL
23:48:10.600,-1.49,-34.75,0.00,45.56395877770336,OFF,RETRACTED,MANUAL
23:48:10.701,-1.99,-34.18,0.00,44.84703989220705,OFF,RETRACTED,MANUAL
23:48:10.801,-2.47,-33.58,0.00,44.135249820028406,OFF,RETRACTED,MANUAL
23:48:10.902,-2.96,-32.98,0.00,43.428606355882124,OFF,RETRACTED,MANUAL
23:48:11.003,-3.43,-32.36,0.00,42.72712716581907,OFF,RETRACTED,MANUAL
23:48:11.104,-3.89,-31.73,0.00,42.03082978678037,OFF,RETRACTED,MANUAL
23:48:11.205,-4.35,-31.08,0.00,41.33973162616533,OFF,RETRACTED,MANUAL
23:48:11.306,-4.79,-30.42,0.00,40.6538499613919,OFF,RETRACTED,MANUAL
23:48:11.408,-5.23,-29.76,0.00,39.97320193946604,OFF,RETRACTED,MANUAL
23:48:11.508,-5.65,-29.07,0.00,39.297804576553744,OFF,RETRACTED,MANUAL
23:48:11.608,-6.05,-28.38,0.00,38.627674757552,OFF,RETRACTED,MANUAL
23:48:11.709,-6.44,-27.68,0.00,37.96282923567239,OFF,RETRACTED,MANUAL
23:48:11.810,-6.82,-26.96,0.00,37.30328463201826,OFF,RETRACTED,MANUAL
23:48:11.911,-7.17,-26.24,0.00,36.64905743517042,OFF,RETRACTED,MANUAL
23:48:12.011,-7.51,-25.50,0.00,36.00016400077561,OFF,RETRACTED,MANUAL
23:48:12.113,-7.83,-24.75,0.00,35.356620551134,OFF,RETRACTED,MANUAL
23:48:12.214,-8.13,-24.00,0.00,34.71844317479932,OFF,RETRACTED,MANUAL
23:48:12.314,-8.41,-23.23,0.00,34.0856478261727,OFF,RETRACTED,MANUAL
23:48:12.415,-8.67,-22.46,0.00,33.4582503251049,OFF,RETRACTED,MANUAL
23:48:12.517,-8.91,-21.67,0.00,32.83626635650165,OFF,RETRACTED,MANUAL
23:48:12.616,-9.13,-20.88,0.00,32.219711469928,OFF,RETRACTED,MANUAL
23:48:12.717,-9.32,-20.08,0.00,31.60860107922491,OFF,RETRACTED,MANUAL
23:48:12.817,-9.49,-19.27,0.00,31.002950462120282,OFF,RETRACTED,MANUAL
23:48:12.918,-9.64,-18.45,0.00,30.40277475984803,OFF,RETRACTED,MANUAL
23:48:13.019,-9.76,-17.63,0.00,29.80808897677028,OFF,RETRACTED,MANUAL
23:48:13.120,-9.85,-16.79,0.00,29.21890797999896,OFF,RETRACTED,MANUAL
23:48:13.221,-9.93,-15.96,0.00,28.635246499029137,OFF,RETRACTED,MANUAL
23:48:13.321,-9.97,-15.11,0.00,28.05711912536742,OFF,RETRACTED,MANUAL
23:48:13.422,-10.00,-14.26,0.00,27.484540312168065,OFF,RETRACTED,MANUAL
23:48:13.523,-10.00,-13.40,0.00,26.917524373872368,OFF,RETRACTED,MANUAL
23:48:13.623,-9.97,-12.54,0.00,26.35608548584767,OFF,RETRACTED,MANUAL
23:48:13.724,-9.92,-11.68,0.00,25.80023768403771,OFF,RETRACTED,MANUAL
23:48:13.825,-9.84,-10.80,0.00,25.249994864608595,OFF,RETRACTED,MANUAL
23:48:13.927,-9.74,-9.93,0.00,24.70537078360215,OFF,RETRACTED,MANUAL
23:48:14.027,-9.61,-9.05,0.00,24.16637905659283,OFF,RETRACTED,MANUAL
23:48:14.129,-9.46,-8.17,0.00,23.633033158344148,OFF,RETRACTED,MANUAL
23:48:14.229,-9.29,-7.28,0.00,23.105346422476543,OFF,RETRACTED,MANUAL
23:48:14.330,-9.09,-6.39,0.00,22.58333204113103,OFF,RETRACTED,MANUAL
23:48:14.433,-8.87,-5.50,0.00,22.067003064639835,OFF,RETRACTED,MANUAL
23:48:14.532,-8.63,-4.60,0.00,21.55637240120126,OFF,RETRACTED,MANUAL
23:48:14.634,-8.37,-3.71,0.00,21.051452816553848,OFF,RETRACTED,MANUAL
23:48:14.736,-8.08,-2.81,0.00,20.552256933661624,OFF,RETRACTED,MANUAL
23:48:14.837,-7.78,-1.91,0.00,20.058797232395676,OFF,RETRACTED,MANUAL
23:48:14.938,-7.46,-1.01,0.00,19.571086049222828,OFF,RETRACTED,MANUAL
23:48:15.039,-7.11,-0.11,0.00,19.089135576897917,OFF,RETRACTED,MANUAL
23:48:15.139,-6.75,0.79,0.00,18.612957864156357,OFF,RETRACTED,MANUAL
23:48:15.240,-6.38,1.69,0.00,18.142564815416762,OFF,RETRACTED,MANUAL
23:48:15.342,-5.98,2.59,0.00,17.677968190480897,OFF,RETRACTED,MANUAL
23:48:15.441,-5.58,3.49,0.00,17.219179604240168,OFF,RETRACTED,MANUAL
23:48:15.542,-5.15,4.38,0.00,16.766210526386004,OFF,RETRACTED,MANUAL
23:48:15.643,-4.72,5.28,0.00,16.31907228112044,OFF,RETRACTED,MANUAL
23:48:15.745,-4.27,6.17,0.00,15.877776046877017,OFF,RETRACTED,MANUAL
23:48:15.845,-3.82,7.06,0.00,15.442332856038519,OFF,RETRACTED,MANUAL
23:48:15.946,-3.35,7.95,0.00,15.012753594662144,OFF,RETRACTED,MANUAL
23:48:16.046,-2.87,8.83,0.00,14.58904900220756,OFF,RETRACTED,MANUAL
23:48:16.147,-2.39,9.71,0.00,14.17122967126636,OFF,RETRACTED,MANUAL
23:48:16.250,-1.90,10.59,0.00,13.75930604730064,OFF,RETRACTED,MANUAL
23:48:16.349,-1.41,11.46,0.00,13.353288428379585,OFF,RETRACTED,MANUAL
23:48:16.452,-0.91,12.33,0.00,12.953186964922423,OFF,RETRACTED,MANUAL
23:48:16.551,-0.42,13.19,0.00,12.55901165944556,OFF,RETRACTED,MANUAL
23:48:16.652,0.08,14.05,0.00,12.170772366309961,OFF,RETRACTED,MANUAL
23:48:16.752,0.58,14.90,0.00,11.78847879147824,OFF,RETRACTED,MANUAL
23:48:16.853,1.08,15.75,0.00,11.412140492269941,OFF,RETRACTED,MANUAL
23:48:16.956,1.58,16.59,0.00,11.041766877122853,OFF,RETRACTED,MANUAL
23:48:17.055,2.07,17.42,0.00,10.677367205358678,OFF,RETRACTED,MANUAL
23:48:17.156,2.56,18.25,0.00,10.318950586949086,OFF,RETRACTED,MANUAL
23:48:17.259,3.04,19.07,0.00,9.9665259822915,OFF,RETRACTED,MANUAL
23:48:17.358,3.51,19.88,0.00,9.620102201982604,OFF,RETRACTED,MANUAL
23:48:17.459,3.97,20.68,0.00,9.279687906598895,OFF,RETRACTED,MANUAL
23:48:17.561,4.43,21.48,0.00,8.94529160648051,OFF,RETRACTED,MANUAL
23:48:17.661,4.87,22.26,0.00,8.616921661516528,OFF,RETRACTED,MANUAL
23:48:17.762,5.30,23.04,0.00,8.294586280939,OFF,RETRACTED,MANUAL
23:48:17.863,5.72,23.81,0.00,7.978293523115667,OFF,RETRACTED,MANUAL
23:48:17.965,6.12,24.57,0.00,7.668051295348988,OFF,RETRACTED,MANUAL
23:48:18.066,6.51,25.32,0.00,7.36386735367887,OFF,RETRACTED,MANUAL
23:48:18.166,6.88,26.06,0.00,7.0657493026871805,OFF,RETRACTED,MANUAL
23:48:18.268,7.23,26.78,0.00,6.773704595310164,OFF,RETRACTED,MANUAL
23:48:18.368,7.57,27.50,0.00,6.487740532650207,OFF,RETRACTED,MANUAL
23:48:18.468,7.89,28.21,0.00,6.20786426379405,OFF,RETRACTED,MANUAL
23:48:18.571,8.18,28.90,0.00,5.934082785634189,OFF,RETRACTED,MANUAL
23:48:18.670,8.46,29.59,0.00,5.666402942692514,OFF,RETRACTED,MANUAL
23:48:18.771,8.72,30.26,0.00,5.404831426951603,OFF,RETRACTED,MANUAL
23:48:18.872,8.95,30.92,0.00,5.149374777685722,OFF,RETRACTED,MANUAL
23:48:18.972,9.16,31.57,0.00,4.900039381297773,OFF,RETRACTED,MANUAL
23:48:19.074,9.35,32.20,0.00,4.65683147115999,OFF,RETRACTED,MANUAL
23:48:19.174,9.52,32.83,0.00,4.4197571274568475,OFF,RETRACTED,MANUAL
23:48:19.274,9.66,33.43,0.00,4.1888222770348875,OFF,RETRACTED,MANUAL
23:48:19.376,9.78,34.03,0.00,3.96403269325333,OFF,RETRACTED,MANUAL
23:48:19.476,9.87,34.61,0.00,3.7453939958400895,OFF,RETRACTED,MANUAL
23:48:19.579,9.94,35.18,0.00,3.5329116507515437,OFF,RETRACTED,MANUAL
23:48:19.678,9.98,35.73,0.00,3.326590970034573,OFF,RETRACTED,MANUAL
23:48:19.779,10.00,36.27,0.00,3.126437111695793,OFF,RETRACTED,MANUAL
23:48:19.880,9.99,36.80,0.00,2.9324550795712696,OFF,RETRACTED,MANUAL
23:48:19.981,9.96,37.31,0.00,2.744649723201661,OFF,RETRACTED,MANUAL
23:48:20.083,9.91,37.81,0.00,2.5630257377113423,OFF,RETRACTED,MANUAL
23:48:20.182,9.82,38.29,0.00,2.3875876636900273,OFF,RETRACTED,MANUAL
23:48:20.283,9.72,38.75,0.00,2.2183398870806172,OFF,RETRACTED,MANUAL
23:48:20.384,9.59,39.20,0.00,2.055286639068754,OFF,RETRACTED,MANUAL
23:48:20.484,9.44,39.64,0.00,1.8984319959771767,OFF,RETRACTED,MANUAL
23:48:20.585,9.26,40.05,0.00,1.7477798791639714,OFF,RETRACTED,MANUAL
23:48:20.686,9.06,40.46,0.00,1.6033340549237494,OFF,RETRACTED,MANUAL
23:48:20.786,8.83,40.84,0.00,1.4650981343948501,OFF,RETRACTED,MANUAL
23:48:20.887,8.59,41.21,0.00,1.3330755734681077,OFF,RETRACTED,MANUAL
23:48:20.988,8.32,41.56,0.00,1.207269672700619,OFF,RETRACTED,MANUAL
23:48:21.089,8.04,41.90,0.00,1.0876835772335767,OFF,RETRACTED,MANUAL
23:48:21.190,7.73,42.22,0.00,0.9743202767127173,OFF,RETRACTED,MANUAL
23:48:21.299,7.40,42.52,0.00,0.8671826052149072,OFF,RETRACTED,MANUAL
23:48:21.399,7.06,42.81,0.00,0.7662732411762931,OFF,RETRACTED,MANUAL
23:48:21.500,6.69,43.08,0.00,0.6715947073257382,OFF,RETRACTED,MANUAL
23:48:21.600,6.31,43.33,0.00,0.5831493706217827,OFF,RETRACTED,MANUAL
23:48:21.701,5.92,43.56,0.00,0.5009394421930153,OFF,RETRACTED,MANUAL
23:48:21.804,5.51,43.78,0.00,0.42496697728344657,OFF,RETRACTED,MANUAL
23:48:21.906,5.08,43.98,0.00,0.3552338752007813,OFF,RETRACTED,MANUAL
23:48:22.005,4.65,44.16,0.00,0.29174187926892614,OFF,RETRACTED,MANUAL
23:48:22.106,4.20,44.33,0.00,0.23449257678450408,OFF,RETRACTED,MANUAL
23:48:22.210,3.74,44.47,0.00,0.1834873989770074,OFF,RETRACTED,MANUAL
23:48:22.310,3.27,44.60,0.00,0.1387276209732704,OFF,RETRACTED,MANUAL
23:48:22.411,2.79,44.71,0.00,0.10021436176540988,OFF,RETRACTED,MANUAL
23:48:22.512,2.31,44.80,0.00,0.06794858418291483,OFF,RETRACTED,MANUAL
23:48:22.612,1.82,44.88,0.00,0.04193109486857338,OFF,RETRACTED,MANUAL
23:48:22.713,1.33,44.94,0.00,0.02216254425817965,OFF,RETRACTED,MANUAL
23:48:22.814,0.83,44.98,0.00,0.00864342656453232,OFF,RETRACTED,MANUAL
23:48:22.914,0.33,45.00,0.00,0.0013740797648438274,OFF,RETRACTED,MANUAL
23:48:23.015,-0.17,45.00,0.00,0.00035468559241280673,OFF,RETRACTED,MANUAL
23:48:23.115,-0.67,44.98,0.00,0.005585269532048187,OFF,RETRACTED,MANUAL
23:48:23.216,-1.17,44.95,0.00,0.017065700819415497,OFF,RETRACTED,MANUAL
23:48:23.318,-1.66,44.90,0.00,0.03479569244433378,OFF,RETRACTED,MANUAL
23:48:23.418,-2.15,44.83,0.00,0.05877480115793787,OFF,RETRACTED,MANUAL
23:48:23.521,-2.64,44.74,0.00,0.08900242748373444,OFF,RETRACTED,MANUAL
23:48:23.620,-3.12,44.64,0.00,0.12547781573263705,OFF,RETRACTED,MANUAL
23:48:23.738,-3.59,44.52,0.00,0.16820005402189508,OFF,RETRACTED,MANUAL
23:48:23.840,-4.05,44.38,0.00,0.21716807429774576,OFF,RETRACTED,MANUAL
23:48:23.941,-4.50,44.22,0.00,0.2723806523622727,OFF,RETRACTED,MANUAL
23:48:24.041,-4.94,44.04,0.00,0.3338364079038172,OFF,RETRACTED,MANUAL
23:48:24.141,-5.37,43.85,0.00,0.40153380453165255,OFF,RETRACTED,MANUAL
23:48:24.242,-5.78,43.64,0.00,0.4754711498145525,OFF,RETRACTED,MANUAL
23:48:24.343,-6.19,43.41,0.00,0.5556465953226848,OFF,RETRACTED,MANUAL
23:48:24.445,-6.57,43.16,0.00,0.6420581366739953,OFF,RETRACTED,MANUAL
23:48:24.545,-6.94,42.90,0.00,0.7347036135845713,OFF,RETRACTED,MANUAL
23:48:24.647,-7.29,42.62,0.00,0.8335807099221029,OFF,RETRACTED,MANUAL
23:48:24.747,-7.62,42.32,0.00,0.9386869537646305,OFF,RETRACTED,MANUAL
23:48:24.850,-7.94,42.01,0.00,1.0500197174613675,OFF,RETRACTED,MANUAL
23:48:24.951,-8.23,41.68,0.00,1.167576217699036,OFF,RETRACTED,MANUAL
23:48:25.051,-8.50,41.33,0.00,1.2913535155712452,OFF,RETRACTED,MANUAL
23:48:25.153,-8.76,40.96,0.00,1.4213485166518467,OFF,RETRACTED,MANUAL
23:48:25.254,-8.99,40.58,0.00,1.557557971072896,OFF,RETRACTED,MANUAL
23:48:25.361,-9.20,40.19,0.00,1.6999784736050003,OFF,RETRACTED,MANUAL
23:48:25.526,-9.38,39.77,0.00,1.848606463742982,OFF,RETRACTED,MANUAL
23:48:25.673,-9.54,39.34,0.00,2.003438225794838,OFF,RETRACTED,MANUAL
23:48:25.795,-9.68,38.90,0.00,2.1644698889743665,OFF,RETRACTED,MANUAL
23:48:25.900,-9.79,38.44,0.00,2.331697427498767,OFF,RETRACTED,MANUAL
23:48:26.003,-9.88,37.96,0.00,2.505116660688145,OFF,RETRACTED,MANUAL
23:48:26.105,-9.95,37.47,0.00,2.6847232530706435,OFF,RETRACTED,MANUAL
23:48:26.205,-9.99,36.97,0.00,2.870512714490843,OFF,RETRACTED,MANUAL
23:48:26.305,-10.00,36.45,0.00,3.062480400221574,OFF,RETRACTED,MANUAL
23:48:26.406,-9.99,35.91,0.00,3.2606215110812684,OFF,RETRACTED,MANUAL
23:48:26.508,-9.95,35.36,0.00,3.4649310935521953,OFF,RETRACTED,MANUAL
23:48:26.611,-9.89,34.80,0.00,3.6754040399054304,OFF,RETRACTED,MANUAL
23:48:26.730,-9.81,34.22,0.00,3.892035088328271,OFF,RETRACTED,MANUAL
23:48:26.841,-9.70,33.63,0.00,4.1148188230554865,OFF,RETRACTED,MANUAL
23:48:26.999,-9.56,33.03,0.00,4.343749674505915,OFF,RETRACTED,MANUAL
23:48:27.159,-9.41,32.41,0.00,4.578821919419909,OFF,RETRACTED,MANUAL
23:48:27.259,-9.23,31.78,0.00,4.820029681003604,OFF,RETRACTED,MANUAL
23:48:27.360,-9.02,31.13,0.00,5.067366929075462,OFF,RETRACTED,MANUAL
23:48:27.460,-8.79,30.48,0.00,5.320827480216877,OFF,RETRACTED,MANUAL
23:48:27.561,-8.55,29.81,0.00,5.580404997927928,OFF,RETRACTED,MANUAL
23:48:27.664,-8.28,29.13,0.00,5.846092992783866,OFF,RETRACTED,MANUAL
23:48:27.766,-7.98,28.44,0.00,6.117884822598654,OFF,RETRACTED,MANUAL
23:48:27.866,-7.67,27.73,0.00,6.395773692590694,OFF,RETRACTED,MANUAL
23:48:27.967,-7.34,27.02,0.00,6.679752655552306,OFF,RETRACTED,MANUAL
23:48:28.069,-7.00,26.30,0.00,6.969814612025033,OFF,RETRACTED,MANUAL
23:48:28.171,-6.63,25.56,0.00,7.265952310474631,OFF,RETRACTED,MANUAL
23:48:28.272,-6.25,24.81,0.00,7.56815834747411,OFF,RETRACTED,MANUAL
23:48:28.372,-5.85,24.06,0.00,7.876425167888243,OFF,RETRACTED,MANUAL
23:48:28.475,-5.44,23.29,0.00,8.190745065062146,OFF,RETRACTED,MANUAL
23:48:28.645,-5.01,22.52,0.00,8.511110181015653,OFF,RETRACTED,MANUAL
23:48:28.750,-4.57,21.73,0.00,8.837512506637125,OFF,RETRACTED,MANUAL
23:48:28.852,-4.12,20.94,0.00,9.169943881885388,OFF,RETRACTED,MANUAL
23:48:28.951,-3.66,20.14,0.00,9.508395995993368,OFF,RETRACTED,MANUAL
23:48:29.053,-3.19,19.33,0.00,9.852860387675378,OFF,RETRACTED,MANUAL
23:48:29.154,-2.71,18.52,0.00,10.203328445340532,OFF,RETRACTED,MANUAL
23:48:29.255,-2.23,17.69,0.00,10.55979140730517,OFF,RETRACTED,MANUAL
23:48:29.356,-1.74,16.86,0.00,10.922240362013781,OFF,RETRACTED,MANUAL
23:48:29.457,-1.24,16.02,0.00,11.290666248261402,OFF,RETRACTED,MANUAL
23:48:29.559,-0.75,15.18,0.00,11.665059855419514,OFF,RETRACTED,MANUAL
23:48:29.660,-0.25,14.33,0.00,12.045411823668502,OFF,RETRACTED,MANUAL
23:48:29.760,0.25,13.47,0.00,12.431712644228469,OFF,RETRACTED,MANUAL
23:48:29.862,0.75,12.61,0.00,12.823952659598973,OFF,RETRACTED,MANUAL
23:48:29.962,1.25,11.75,0.00,13.2221220638001,OFF,RETRACTED,MANUAL
23:48:30.062,1.74,10.87,0.00,13.62621090261689,OFF,RETRACTED,MANUAL
23:48:30.163,2.23,10.00,0.00,14.036209073850557,OFF,RETRACTED,MANUAL
23:48:30.263,2.72,9.12,0.00,14.452106327567606,OFF,RETRACTED,MANUAL
23:48:30.366,3.20,8.24,0.00,14.873892266358382,OFF,RETRACTED,MANUAL
23:48:30.468,3.67,7.35,0.00,15.301556345596339,OFF,RETRACTED,MANUAL
23:48:30.568,4.13,6.46,0.00,15.73508787370119,OFF,RETRACTED,MANUAL
23:48:30.670,4.58,5.57,0.00,16.174476012408547,OFF,RETRACTED,MANUAL
23:48:30.773,5.01,4.67,0.00,16.619709777037173,OFF,RETRACTED,MANUAL
23:48:30.885,5.44,3.78,0.00,17.07077803676617,OFF,RETRACTED,MANUAL
23:48:30.988,5.85,2.88,0.00,17.52766951491256,OFF,RETRACTED,MANUAL
23:48:31.099,6.25,1.98,0.00,17.990372789212444,OFF,RETRACTED,MANUAL
23:48:31.224,6.63,1.08,0.00,18.458876292109494,OFF,RETRACTED,MANUAL
23:48:31.339,7.00,0.18,0.00,18.933168311039765,OFF,RETRACTED,MANUAL
23:48:31.441,7.35,-0.72,0.00,19.41323698872756,OFF,RETRACTED,MANUAL
23:48:31.541,7.68,-1.62,0.00,19.89907032348094,OFF,RETRACTED,MANUAL
23:48:31.644,7.99,-2.52,0.00,20.390656169491137,OFF,RETRACTED,MANUAL
23:48:31.745,8.28,-3.41,0.00,20.88798223713897,OFF,RETRACTED,MANUAL
23:48:31.847,8.55,-4.31,0.00,21.39103609329797,OFF,RETRACTED,MANUAL
23:48:31.947,8.80,-5.21,0.00,21.899805161647947,OFF,RETRACTED,MANUAL
23:48:32.048,9.02,-6.10,0.00,22.41427672298869,OFF,RETRACTED,MANUAL
23:48:32.148,9.23,-6.99,0.00,22.93443791555717,OFF,RETRACTED,MANUAL
23:48:32.255,9.41,-7.88,0.00,23.460275735352212,OFF,RETRACTED,MANUAL
23:48:32.362,9.57,-8.76,0.00,23.99177703645492,OFF,RETRACTED,MANUAL
23:48:32.468,9.70,-9.64,0.00,24.528928531360492,OFF,RETRACTED,MANUAL
23:48:32.568,9.81,-10.52,0.00,25.071716791309484,OFF,RETRACTED,MANUAL
23:48:32.675,9.89,-11.39,0.00,25.620128246622926,OFF,RETRACTED,MANUAL
23:48:32.799,9.95,-12.26,0.00,26.17414918704455,OFF,RETRACTED,MANUAL
23:48:32.902,9.99,-13.12,0.00,26.73376576207889,OFF,RETRACTED,MANUAL
23:48:33.003,10.00,-13.98,0.00,27.298963981340762,OFF,RETRACTED,MANUAL
23:48:33.110,9.99,-14.83,0.00,27.86972971490411,OFF,RETRACTED,MANUAL
23:48:33.214,9.95,-15.68,0.00,28.44604869365449,OFF,RETRACTED,MANUAL
23:48:33.327,9.88,-16.52,0.00,29.027906509649085,OFF,RETRACTED,MANUAL
23:48:33.492,9.79,-17.36,0.00,29.615288616472014,OFF,RETRACTED,MANUAL
23:48:33.597,9.68,-18.18,0.00,30.208180329601163,OFF,RETRACTED,MANUAL
23:48:33.701,9.54,-19.00,0.00,30.80656682677457,OFF,RETRACTED,MANUAL
23:48:33.806,9.38,-19.81,0.00,31.41043314836014,OFF,RETRACTED,MANUAL
23:48:33.906,9.19,-20.62,0.00,32.019764197733025,OFF,RETRACTED,MANUAL
23:48:34.008,8.99,-21.41,0.00,32.63454474164783,OFF,RETRACTED,MANUAL
23:48:34.128,8.75,-22.20,0.00,33.254759410622995,OFF,RETRACTED,MANUAL
23:48:34.239,8.50,-22.98,0.00,33.88039269932412,OFF,RETRACTED,MANUAL
23:48:34.398,8.23,-23.75,0.00,34.511428966950575,OFF,RETRACTED,MANUAL
23:48:34.507,7.93,-24.51,0.00,35.14785243763046,OFF,RETRACTED,MANUAL
23:48:34.611,7.62,-25.26,0.00,35.789647200809185,OFF,RETRACTED,MANUAL
23:48:34.713,7.29,-26.00,0.00,36.43679721165114,OFF,RETRACTED,MANUAL
23:48:34.836,6.94,-26.73,0.00,37.08928629143969,OFF,RETRACTED,MANUAL
23:48:34.942,6.57,-27.45,0.00,37.74709812798096,OFF,RETRACTED,MANUAL
23:48:35.049,6.18,-28.15,0.00,38.41021627601512,OFF,RETRACTED,MANUAL
23:48:35.156,5.78,-28.85,0.00,39.07862415762213,OFF,RETRACTED,MANUAL
23:48:35.267,5.37,-29.53,0.00,39.75230506263969,OFF,RETRACTED,MANUAL
23:48:35.374,4.94,-30.21,0.00,40.431242149080305,OFF,RETRACTED,MANUAL
23:48:35.482,4.50,-30.87,0.00,41.11541844355122,OFF,RETRACTED,MANUAL
23:48:35.588,4.04,-31.52,0.00,41.804816841682566,OFF,RETRACTED,MANUAL
23:48:35.693,3.58,-32.15,0.00,42.49942010854943,OFF,RETRACTED,MANUAL
23:48:35.797,3.11,-32.78,0.00,43.19921087910626,OFF,RETRACTED,MANUAL
23:48:35.904,2.63,-33.39,0.00,43.90417165862027,OFF,RETRACTED,MANUAL
23:48:36.015,2.15,-33.98,0.00,44.61428482310765,OFF,RETRACTED,MANUAL
23:48:36.152,1.66,-34.57,0.00,45.32953261977826,OFF,RETRACTED,MANUAL
23:48:36.281,1.16,-35.14,0.00,46.04989716747352,OFF,RETRACTED,MANUAL
23:48:36.384,0.66,-35.69,0.00,46.77536045711716,OFF,RETRACTED,MANUAL
23:48:36.489,0.16,-36.23,0.00,47.505904352164805,OFF,RETRACTED,MANUAL
23:48:36.611,-0.34,-36.76,0.00,48.24151058905605,OFF,RETRACTED,MANUAL
23:48:36.728,-0.84,-37.27,0.00,48.98216077767535,OFF,RETRACTED,MANUAL
23:48:36.834,-1.33,-37.77,0.00,49.72783640180552,OFF,RETRACTED,MANUAL
23:48:36.939,-1.83,-38.25,0.00,50.47851881959485,OFF,RETRACTED,MANUAL
23:48:37.046,-2.32,-38.72,0.00,51.23418926402195,OFF,RETRACTED,MANUAL
23:48:37.149,-2.80,-39.17,0.00,51.99482884336402,OFF,RETRACTED,MANUAL
23:48:37.252,-3.28,-39.60,0.00,52.76041854167329,OFF,RETRACTED,MANUAL
23:48:37.356,-3.74,-40.02,0.00,53.530939219246136,OFF,RETRACTED,MANUAL
23:48:37.461,-4.20,-40.42,0.00,54.30637161310577,OFF,RETRACTED,MANUAL
23:48:37.562,-4.65,-40.81,0.00,55.08669633748272,OFF,RETRACTED,MANUAL
23:48:37.666,-5.09,-41.18,0.00,55.8718938842984,OFF,RETRACTED,MANUAL
23:48:37.769,-5.51,-41.54,0.00,56.661944623657234,OFF,RETRACTED,MANUAL
23:48:37.877,-5.92,-41.88,0.00,57.4568288043308,OFF,RETRACTED,MANUAL
23:48:37.983,-6.32,-42.20,0.00,58.25652655425597,OFF,RETRACTED,MANUAL
23:48:38.087,-6.70,-42.50,0.00,59.06101788103069,OFF,RETRACTED,MANUAL
23:48:38.190,-7.06,-42.79,0.00,59.870282672412486,OFF,RETRACTED,MANUAL
23:48:38.293,-7.40,-43.06,0.00,60.68430069682603,OFF,RETRACTED,MANUAL
23:48:38.395,-7.73,-43.31,0.00,61.50305160386202,OFF,RETRACTED,MANUAL
23:48:38.499,-8.04,-43.55,0.00,62.32651492479033,OFF,RETRACTED,MANUAL
23:48:38.600,-8.33,-43.76,0.00,63.15467007307092,OFF,RETRACTED,MANUAL
23:48:38.703,-8.59,-43.97,0.00,63.98749634486691,OFF,RETRACTED,MANUAL
23:48:38.805,-8.84,-44.15,0.00,64.82497291956739,OFF,RETRACTED,MANUAL
23:48:38.909,-9.06,-44.31,0.00,65.66707886030031,OFF,RETRACTED,MANUAL
23:48:39.017,-9.26,-44.46,0.00,66.5137931144611,OFF,RETRACTED,MANUAL
23:48:39.120,-9.44,-44.59,0.00,67.36509451423746,OFF,RETRACTED,MANUAL
23:48:39.222,-9.59,-44.70,0.00,68.22096177713749,OFF,RETRACTED,MANUAL
23:48:39.329,-9.72,-44.80,0.00,69.08137350652672,OFF,RETRACTED,MANUAL
23:48:39.433,-9.83,-44.87,0.00,69.94630819215539,OFF,RETRACTED,MANUAL
23:48:39.535,-9.91,-44.93,0.00,70.8157442107015,OFF,RETRACTED,MANUAL
23:48:39.636,-9.96,-44.97,0.00,71.68965982630985,OFF,RETRACTED,MANUAL
23:48:39.738,-9.99,-45.00,0.00,72.56803319113428,OFF,RETRACTED,MANUAL
23:48:39.841,-10.00,-45.00,0.00,73.45084234588899,OFF,RETRACTED,MANUAL
23:48:39.940,-9.98,-44.99,0.00,74.33806522038975,OFF,RETRACTED,MANUAL
23:48:40.049,-9.94,-44.95,0.00,75.22967963411097,OFF,RETRACTED,MANUAL
23:48:40.154,-9.87,-44.90,0.00,76.12566329673874,OFF,RETRACTED,MANUAL
23:48:40.255,-9.77,-44.84,0.00,77.02599380872681,OFF,RETRACTED,MANUAL
23:48:40.359,-9.66,-44.75,0.00,77.93064866186194,OFF,RETRACTED,MANUAL
23:48:40.464,-9.51,-44.65,0.00,78.83960523981858,OFF,RETRACTED,MANUAL
23:48:40.565,-9.35,-44.53,0.00,79.75284081872962,OFF,RETRACTED,MANUAL
23:48:40.666,-9.16,-44.39,0.00,80.67033256775318,OFF,RETRACTED,MANUAL
23:48:40.769,-8.95,-44.23,0.00,81.59205754964199,OFF,RETRACTED,MANUAL
23:48:40.872,-8.71,-44.06,0.00,82.51799272132214,OFF,RETRACTED,MANUAL
23:48:40.977,-8.46,-43.86,0.00,83.44811493446124,OFF,RETRACTED,MANUAL
23:48:41.084,-8.18,-43.65,0.00,84.38240093605239,OFF,RETRACTED,MANUAL
23:48:41.191,-7.88,-43.43,0.00,85.32082736899426,OFF,RETRACTED,MANUAL
23:48:41.294,-7.56,-43.18,0.00,86.26337077267354,OFF,RETRACTED,MANUAL
23:48:41.396,-7.23,-42.92,0.00,87.21000758355689,OFF,RETRACTED,MANUAL
23:48:41.511,-6.87,-42.64,0.00,88.160714135772,OFF,RETRACTED,MANUAL
23:48:41.619,-6.50,-42.35,0.00,89.1154666617046,OFF,RETRACTED,MANUAL
23:48:41.721,-6.11,-42.03,0.00,90.0742412925913,OFF,RETRACTED,MANUAL
23:48:41.824,-5.71,-41.70,0.00,91.03701405911482,OFF,RETRACTED,MANUAL
23:48:41.928,-5.29,-41.36,0.00,92.00376089200893,OFF,RETRACTED,MANUAL
23:48:42.033,-4.86,-40.99,0.00,92.97445762265178,OFF,RETRACTED,MANUAL
23:48:42.135,-4.42,-40.61,0.00,93.94907998367566,OFF,RETRACTED,MANUAL
23:48:42.238,-3.97,-40.22,0.00,94.92760360957232,OFF,RETRACTED,MANUAL
23:48:42.358,-3.50,-39.81,0.00,95.91000403730067,OFF,RETRACTED,MANUAL
23:48:42.459,-3.03,-39.38,0.00,96.89625670690393,OFF,RETRACTED,MANUAL
23:48:42.567,-2.55,-38.94,0.00,97.8863369621154,OFF,RETRACTED,MANUAL
23:48:42.668,-2.06,-38.48,0.00,98.88022005098023,OFF,RETRACTED,MANUAL
23:48:42.769,-1.57,-38.00,0.00,99.877881126473,OFF,RETRACTED,MANUAL
23:48:42.870,-1.08,-37.51,0.00,100.87929524711731,OFF,RETRACTED,MANUAL
23:48:42.970,-0.58,-37.01,0.00,101.88443737761517,OFF,RETRACTED,MANUAL
23:48:43.135,-0.08,-36.49,0.00,102.89328238946428,OFF,RETRACTED,MANUAL
23:48:43.172,0.42,-35.96,0.00,103.90580506159179,OFF,RETRACTED,MANUAL
23:48:43.273,0.92,-35.41,0.00,104.92198008098379,OFF,RETRACTED,MANUAL
23:48:43.373,1.42,-34.84,0.00,105.94178204331612,OFF,RETRACTED,MANUAL
23:48:43.474,1.91,-34.27,0.00,106.96518545359575,OFF,RETRACTED,MANUAL
23:48:43.577,2.40,-33.68,0.00,107.99216472678938,OFF,RETRACTED,MANUAL
23:48:43.678,2.88,-33.07,0.00,109.02269418846859,OFF,RETRACTED,MANUAL
23:48:43.779,3.35,-32.46,0.00,110.05674807545054,OFF,RETRACTED,MANUAL
23:48:43.878,3.82,-31.83,0.00,111.09430053644041,OFF,RETRACTED,MANUAL
23:48:43.979,4.28,-31.19,0.00,112.13532563268373,OFF,RETRACTED,MANUAL
23:48:44.080,4.72,-30.53,0.00,113.17979733860574,OFF,RETRACTED,MANUAL
23:48:44.181,5.16,-29.86,0.00,114.22768954246823,OFF,RETRACTED,MANUAL
23:48:44.281,5.58,-29.18,0.00,115.27897604702073,OFF,RETRACTED,MANUAL
23:48:44.382,5.99,-28.49,0.00,116.33363057015382,OFF,RETRACTED,MANUAL
23:48:44.483,6.38,-27.79,0.00,117.39162674556238,OFF,RETRACTED,MANUAL
23:48:44.584,6.76,-27.08,0.00,118.4529381233956,OFF,RETRACTED,MANUAL
23:48:44.687,7.12,-26.35,0.00,119.51753817092435,OFF,RETRACTED,MANUAL
23:48:44.787,7.46,-25.62,0.00,120.58540027320291,OFF,RETRACTED,MANUAL
23:48:44.891,7.78,-24.87,0.00,121.65649773373275,OFF,RETRACTED,MANUAL
23:48:44.991,8.09,-24.12,0.00,122.73080377513624,OFF,RETRACTED,MANUAL
23:48:45.093,8.37,-23.35,0.00,123.80829153981671,OFF,RETRACTED,MANUAL
23:48:45.196,8.63,-22.58,0.00,124.88893409063623,OFF,RETRACTED,MANUAL
23:48:45.343,8.88,-21.80,0.00,125.97270441158732,OFF,RETRACTED,MANUAL
23:48:45.398,9.09,-21.01,0.00,127.0595754084668,OFF,RETRACTED,MANUAL
23:48:45.501,9.29,-20.21,0.00,128.14951990955944,OFF,RETRACTED,MANUAL
23:48:45.600,9.46,-19.40,0.00,129.24251066630802,OFF,RETRACTED,MANUAL
23:48:45.701,9.61,-18.58,0.00,130.33852035400048,OFF,RETRACTED,MANUAL
23:48:45.802,9.74,-17.76,0.00,131.43752157245177,OFF,RETRACTED,MANUAL
23:48:45.904,9.84,-16.93,0.00,132.539486846687,OFF,RETRACTED,MANUAL
23:48:46.005,9.92,-16.09,0.00,133.64438862763492,OFF,RETRACTED,MANUAL
23:48:46.105,9.97,-15.25,0.00,134.75219929280698,OFF,RETRACTED,MANUAL
23:48:46.206,10.00,-14.40,0.00,135.86289114699423,OFF,RETRACTED,MANUAL
23:48:46.307,10.00,-13.54,0.00,136.97643642295816,OFF,RETRACTED,MANUAL
23:48:46.407,9.97,-12.68,0.00,138.09280728212332,OFF,RETRACTED,MANUAL
23:48:46.508,9.93,-11.81,0.00,139.21197581527952,OFF,RETRACTED,MANUAL
23:48:46.609,9.85,-10.94,0.00,140.3339140432701,OFF,RETRACTED,MANUAL
23:48:46.710,9.76,-10.07,0.00,141.45859391769784,OFF,RETRACTED,MANUAL
23:48:46.810,9.63,-9.19,0.00,142.58598732162446,OFF,RETRACTED,MANUAL
23:48:46.911,9.49,-8.31,0.00,143.71606607027195,OFF,RETRACTED,MANUAL
23:48:47.012,9.32,-7.42,0.00,144.8488019117337,OFF,RETRACTED,MANUAL
23:48:47.112,9.13,-6.53,0.00,145.984166527671,OFF,RETRACTED,MANUAL
23:48:47.213,8.91,-5.64,0.00,147.12213153402763,OFF,RETRACTED,MANUAL
23:48:47.316,8.67,-4.75,0.00,148.2626684817377,OFF,RETRACTED,MANUAL
23:48:47.419,8.41,-3.85,0.00,149.4057488574353,OFF,RETRACTED,MANUAL
23:48:47.532,8.13,-2.95,0.00,150.55134408417382,OFF,RETRACTED,MANUAL
23:48:47.632,7.83,-2.05,0.00,151.69942552213058,OFF,RETRACTED,MANUAL
23:48:47.736,7.51,-1.15,0.00,152.8499644693295,OFF,RETRACTED,MANUAL
23:48:47.836,7.17,-0.25,0.00,154.0029321623568,OFF,RETRACTED,MANUAL
23:48:47.942,6.81,0.65,0.00,155.15829977707858,OFF,RETRACTED,MANUAL
23:48:48.087,6.44,1.55,0.00,156.3160384293679,OFF,RETRACTED,MANUAL
23:48:48.201,6.05,2.44,0.00,157.47611917581708,OFF,RETRACTED,MANUAL
23:48:48.310,5.64,3.34,0.00,158.63851301446795,OFF,RETRACTED,MANUAL
23:48:48.434,5.22,4.24,0.00,159.80319088553503,OFF,RETRACTED,MANUAL
23:48:48.555,4.79,5.13,0.00,160.97012367213057,OFF,RETRACTED,MANUAL
23:48:48.663,4.35,6.03,0.00,162.13928220099902,OFF,RETRACTED,MANUAL
23:48:48.777,3.89,6.92,0.00,163.31063724323636,OFF,RETRACTED,MANUAL
23:48:48.886,3.42,7.81,0.00,164.48415951502756,OFF,RETRACTED,MANUAL
23:48:48.995,2.95,8.69,0.00,165.65981967837692,OFF,RETRACTED,MANUAL
23:48:49.097,2.47,9.57,0.00,166.83758834183993,OFF,RETRACTED,MANUAL
23:48:49.215,1.98,10.45,0.00,168.01743606126473,OFF,RETRACTED,MANUAL
23:48:49.370,1.49,11.32,0.00,169.19933334051808,OFF,RETRACTED,MANUAL
23:48:49.478,0.99,12.19,0.00,170.38325063222953,OFF,RETRACTED,MANUAL
23:48:49.579,0.50,13.06,0.00,171.56915833852847,OFF,RETRACTED,MANUAL
23:48:49.681,-0.00,13.91,0.00,172.75702681178234,OFF,RETRACTED,MANUAL
23:48:49.818,-0.50,14.77,0.00,173.9468263553445,OFF,RETRACTED,MANUAL
23:48:49.925,-1.00,15.61,0.00,175.13852722428675,OFF,RETRACTED,MANUAL
23:48:50.031,-1.50,16.45,0.00,176.3320996261493,OFF,RETRACTED,MANUAL
23:48:50.137,-1.99,17.29,0.00,177.52751372168436,OFF,RETRACTED,MANUAL
23:48:50.237,-2.48,18.12,0.00,178.72473962560008,OFF,RETRACTED,MANUAL
23:48:50.378,-2.96,18.94,0.00,179.92374740731458,OFF,RETRACTED,MANUAL
23:48:50.495,-3.43,19.75,0.00,181.1245070916941,OFF,RETRACTED,MANUAL
23:48:50.609,-3.90,20.55,0.00,182.3269886598091,OFF,RETRACTED,MANUAL
23:48:50.721,-4.35,21.35,0.00,183.53116204968296,OFF,RETRACTED,MANUAL
23:48:50.822,-4.80,22.14,0.00,184.73699715704194,OFF,RETRACTED,MANUAL
23:48:50.925,-5.23,22.92,0.00,185.9444638360746,OFF,RETRACTED,MANUAL
23:48:51.026,-5.65,23.69,0.00,187.15353190017512,OFF,RETRACTED,MANUAL
23:48:51.126,-6.06,24.45,0.00,188.3641711227049,OFF,RETRACTED,MANUAL
23:48:51.245,-6.45,25.20,0.00,189.57635123774642,OFF,RETRACTED,MANUAL
23:48:51.366,-6.82,25.94,0.00,190.7900419408582,OFF,RETRACTED,MANUAL
23:48:51.490,-7.18,26.67,0.00,192.00521288983936,OFF,RETRACTED,MANUAL
23:48:51.597,-7.52,27.39,0.00,193.2218337054777,OFF,RETRACTED,MANUAL
23:48:51.702,-7.84,28.10,0.00,194.4398739723162,OFF,RETRACTED,MANUAL
23:48:51.803,-8.14,28.79,0.00,195.65930323941166,OFF,RETRACTED,MANUAL
23:48:51.903,-8.42,29.48,0.00,196.88009102109413,OFF,RETRACTED,MANUAL
23:48:52.005,-8.68,30.15,0.00,198.1022067977362,OFF,RETRACTED,MANUAL
23:48:52.108,-8.91,30.82,0.00,199.32562001650527,OFF,RETRACTED,MANUAL
23:48:52.209,-9.13,31.47,0.00,200.55030009213465,OFF,RETRACTED,MANUAL
23:48:52.311,-9.32,32.10,0.00,201.77621640768623,OFF,RETRACTED,MANUAL
23:48:52.411,-9.49,32.73,0.00,203.00333831531424,OFF,RETRACTED,MANUAL
23:48:52.512,-9.64,33.34,0.00,204.23163513703835,OFF,RETRACTED,MANUAL
23:48:52.612,-9.76,33.94,0.00,205.4610761655003,OFF,RETRACTED,MANUAL
23:48:52.717,-9.86,34.52,0.00,206.6916306647383,OFF,RETRACTED,MANUAL
23:48:52.819,-9.93,35.09,0.00,207.9232678709541,OFF,RETRACTED,MANUAL
23:48:52.925,-9.98,35.65,0.00,209.1559569932799,OFF,RETRACTED,MANUAL
23:48:53.024,-10.00,36.19,0.00,210.3896672145553,OFF,RETRACTED,MANUAL
23:48:53.126,-10.00,36.72,0.00,211.62436769208728,OFF,RETRACTED,MANUAL
23:48:53.225,-9.97,37.23,0.00,212.86002755842827,OFF,RETRACTED,MANUAL
23:48:53.326,-9.92,37.73,0.00,214.0966159221459,OFF,RETRACTED,MANUAL
23:48:53.427,-9.84,38.21,0.00,215.33410186859376,OFF,RETRACTED,MANUAL
23:48:53.530,-9.74,38.68,0.00,216.57245446069115,OFF,RETRACTED,MANUAL
23:48:53.631,-9.61,39.13,0.00,217.811642739686,OFF,RETRACTED,MANUAL
23:48:53.734,-9.46,39.57,0.00,219.05163572593588,OFF,RETRACTED,MANUAL
23:48:53.833,-9.29,39.99,0.00,220.29240241968074,OFF,RETRACTED,MANUAL
23:48:53.933,-9.09,40.39,0.00,221.53391180181606,OFF,RETRACTED,MANUAL
23:48:54.034,-8.87,40.78,0.00,222.7761328346755,OFF,RETRACTED,MANUAL
23:48:54.134,-8.63,41.15,0.00,224.01903446279616,OFF,RETRACTED,MANUAL
23:48:54.235,-8.37,41.51,0.00,225.26258561370207,OFF,RETRACTED,MANUAL
23:48:54.336,-8.08,41.85,0.00,226.50675519867926,OFF,RETRACTED,MANUAL
23:48:54.436,-7.78,42.17,0.00,227.7515121135511,OFF,RETRACTED,MANUAL
23:48:54.550,-7.45,42.48,0.00,228.99682523946308,OFF,RETRACTED,MANUAL
23:48:54.650,-7.11,42.77,0.00,230.24266344365014,OFF,RETRACTED,MANUAL
23:48:54.754,-6.75,43.04,0.00,231.4889955802221,OFF,RETRACTED,MANUAL
23:48:54.859,-6.37,43.29,0.00,232.73579049094047,OFF,RETRACTED,MANUAL
23:48:54.962,-5.98,43.53,0.00,233.98301700599558,OFF,RETRACTED,MANUAL
23:48:55.065,-5.57,43.75,0.00,235.23064394479312,OFF,RETRACTED,MANUAL
23:48:55.169,-5.15,43.95,0.00,236.4786401167228,OFF,RETRACTED,MANUAL
23:48:55.274,-4.72,44.13,0.00,237.7269743219453,OFF,RETRACTED,MANUAL
23:48:55.376,-4.27,44.30,0.00,238.97561535217056,OFF,RETRACTED,MANUAL
23:48:55.498,-3.81,44.45,0.00,240.22453199143604,OFF,RETRACTED,MANUAL
23:48:55.600,-3.35,44.58,0.00,241.4736930168944,OFF,RETRACTED,MANUAL
23:48:55.705,-2.87,44.70,0.00,242.72306719958323,OFF,RETRACTED,MANUAL
23:48:55.816,-2.39,44.79,0.00,243.97262330521306,OFF,RETRACTED,MANUAL
23:48:55.925,-1.90,44.87,0.00,245.22233009494636,OFF,RETRACTED,MANUAL
23:48:56.030,-1.41,44.93,0.00,246.47215632617664,OFF,RETRACTED,MANUAL
23:48:56.130,-0.91,44.97,0.00,247.7220707533168,OFF,RETRACTED,MANUAL
23:48:56.232,-0.41,44.99,0.00,248.97204212856954,OFF,RETRACTED,MANUAL
23:48:56.342,0.09,45.00,0.00,250.22203920271548,OFF,RETRACTED,MANUAL
23:48:56.459,0.59,44.99,0.00,251.47203072589292,OFF,RETRACTED,MANUAL
23:48:56.575,1.09,44.96,0.00,252.72198544837713,OFF,RETRACTED,MANUAL
23:48:56.682,1.58,44.91,0.00,253.97187212136865,OFF,RETRACTED,MANUAL
23:48:56.786,2.07,44.84,0.00,255.221659497764,OFF,RETRACTED,MANUAL
23:48:56.889,2.56,44.76,0.00,256.4713163329439,OFF,RETRACTED,MANUAL
23:48:56.990,3.04,44.66,0.00,257.7208113855525,OFF,RETRACTED,MANUAL
23:48:57.093,3.51,44.54,0.00,258.9701134182768,OFF,RETRACTED,MANUAL
23:48:57.204,3.98,44.40,0.00,260.21919119863463,OFF,RETRACTED,MANUAL
23:48:57.307,4.43,44.24,0.00,261.46801349974476,OFF,RETRACTED,MANUAL
23:48:57.409,4.87,44.07,0.00,262.71654910111465,OFF,RETRACTED,MANUAL
23:48:57.511,5.30,43.88,0.00,263.96476678941934,OFF,RETRACTED,MANUAL
23:48:57.613,5.72,43.67,0.00,265.21263535927983,OFF,RETRACTED,MANUAL
23:48:57.713,6.12,43.45,0.00,266.4601236140505,OFF,RETRACTED,MANUAL
23:48:57.815,6.51,43.20,0.00,267.7072003665881,OFF,RETRACTED,MANUAL
23:48:57.917,6.88,42.94,0.00,268.95383444003875,OFF,RETRACTED,MANUAL
23:48:58.023,7.24,42.67,0.00,270.19999466861555,OFF,RETRACTED,MANUAL
23:48:58.125,7.57,42.37,0.00,271.445649898376,OFF,RETRACTED,MANUAL
23:48:58.227,7.89,42.06,0.00,272.69076898800773,OFF,RETRACTED,MANUAL
23:48:58.331,8.19,41.73,0.00,273.93532080959653,OFF,RETRACTED,MANUAL
23:48:58.430,8.46,41.39,0.00,275.1792742494117,OFF,RETRACTED,MANUAL
23:48:58.531,8.72,41.02,0.00,276.42259820868213,OFF,RETRACTED,MANUAL
23:48:58.632,8.95,40.65,0.00,277.6652616043717,OFF,RETRACTED,MANUAL
23:48:58.732,9.16,40.25,0.00,278.9072333699639,OFF,RETRACTED,MANUAL
23:48:58.833,9.35,39.84,0.00,280.1484824562273,OFF,RETRACTED,MANUAL
23:48:58.934,9.52,39.41,0.00,281.3889778319996,OFF,RETRACTED,MANUAL
23:48:59.038,9.66,38.97,0.00,282.62868848496095,OFF,RETRACTED,MANUAL
23:48:59.137,9.78,38.51,0.00,283.86758342240785,OFF,RETRACTED,MANUAL
23:48:59.238,9.87,38.04,0.00,285.1056316720348,OFF,RETRACTED,MANUAL
23:48:59.341,9.94,37.55,0.00,286.3428022826984,OFF,RETRACTED,MANUAL
23:48:59.440,9.98,37.05,0.00,287.5790643251978,OFF,RETRACTED,MANUAL
23:48:59.565,10.00,36.53,0.00,288.81438689304633,OFF,RETRACTED,MANUAL
23:48:59.671,9.99,36.00,0.00,290.0487391032423,OFF,RETRACTED,MANUAL
23:48:59.779,9.96,35.45,0.00,291.2820900970484,OFF,RETRACTED,MANUAL
23:48:59.885,9.90,34.89,0.00,292.5144090407521,OFF,RETRACTED,MANUAL
23:48:59.987,9.82,34.31,0.00,293.7456651264441,OFF,RETRACTED,MANUAL
23:49:00.090,9.72,33.73,0.00,294.9758275727864,OFF,RETRACTED,MANUAL
23:49:00.202,9.59,33.12,0.00,296.2048656257801,OFF,RETRACTED,MANUAL
23:49:00.304,9.43,32.51,0.00,297.4327485595413,OFF,RETRACTED,MANUAL
23:49:00.417,9.26,31.88,0.00,298.65944567705907,OFF,RETRACTED,MANUAL
23:49:00.537,9.06,31.24,0.00,299.88492631096926,OFF,RETRACTED,MANUAL
23:49:00.648,8.83,30.58,0.00,301.1091598243198,OFF,RETRACTED,MANUAL
23:49:00.759,8.59,29.92,0.00,302.332115611335,OFF,RETRACTED,MANUAL
23:49:00.866,8.32,29.24,0.00,303.5537630981872,OFF,RETRACTED,MANUAL
23:49:00.967,8.03,28.55,0.00,304.7740717437512,OFF,RETRACTED,MANUAL
23:49:01.068,7.72,27.85,0.00,305.9930110403744,OFF,RETRACTED,MANUAL
23:49:01.181,7.40,27.13,0.00,307.210550514638,OFF,RETRACTED,MANUAL
23:49:01.285,7.05,26.41,0.00,308.42665972811665,OFF,RETRACTED,MANUAL
23:49:01.394,6.69,25.68,0.00,309.6413082781469,OFF,RETRACTED,MANUAL
23:49:01.497,6.31,24.93,0.00,310.8544657985765,OFF,RETRACTED,MANUAL
23:49:01.603,5.91,24.18,0.00,312.0661019605306,OFF,RETRACTED,MANUAL
23:49:01.709,5.50,23.42,0.00,313.2761864731683,OFF,RETRACTED,MANUAL
23:49:01.817,5.08,22.64,0.00,314.4846890844381,OFF,RETRACTED,MANUAL
23:49:01.919,4.64,21.86,0.00,315.6915795818411,OFF,RETRACTED,MANUAL
23:49:02.035,4.19,21.07,0.00,316.896827793176,OFF,RETRACTED,MANUAL
23:49:02.153,3.73,20.27,0.00,318.1004035873002,OFF,RETRACTED,MANUAL
23:49:02.290,3.27,19.46,0.00,319.30227687488167,OFF,RETRACTED,MANUAL
23:49:02.393,2.79,18.65,0.00,320.50241760914906,OFF,RETRACTED,MANUAL
23:49:02.521,2.31,17.82,0.00,321.7007957866499,OFF,RETRACTED,MANUAL
23:49:02.644,1.82,16.99,0.00,322.8973814479905,OFF,RETRACTED,MANUAL
23:49:02.750,1.32,16.16,0.00,324.0921446785916,OFF,RETRACTED,MANUAL
23:49:02.884,0.83,15.31,0.00,325.2850556094347,OFF,RETRACTED,MANUAL
23:49:03.028,0.33,14.46,0.00,326.476084417807,OFF,RETRACTED,MANUAL
23:49:03.148,-0.17,13.61,0.00,327.6652013280536,OFF,RETRACTED,MANUAL
23:49:03.263,-0.67,12.75,0.00,328.8523766123121,OFF,RETRACTED,MANUAL
23:49:03.382,-1.17,11.88,0.00,330.03758059126227,OFF,RETRACTED,MANUAL
23:49:03.509,-1.67,11.01,0.00,331.22078363486617,OFF,RETRACTED,MANUAL
23:49:03.610,-2.16,10.14,0.00,332.4019561631078,OFF,RETRACTED,MANUAL
23:49:03.717,-2.64,9.26,0.00,333.5810686467388,OFF,RETRACTED,MANUAL
23:49:03.823,-3.12,8.38,0.00,334.7580916080068,OFF,RETRACTED,MANUAL
23:49:03.927,-3.59,7.49,0.00,335.9329956213991,OFF,RETRACTED,MANUAL
23:49:04.031,-4.05,6.60,0.00,337.10575131437645,OFF,RETRACTED,MANUAL
23:49:04.141,-4.50,5.71,0.00,338.2763293681061,OFF,RETRACTED,MANUAL
23:49:04.246,-4.95,4.82,0.00,339.44470051820093,OFF,RETRACTED,MANUAL
23:49:04.347,-5.37,3.92,0.00,340.6108355554414,OFF,RETRACTED,MANUAL
23:49:04.450,-5.79,3.02,0.00,341.7747053265122,OFF,RETRACTED,MANUAL
23:49:04.549,-6.19,2.13,0.00,342.93628073472985,OFF,RETRACTED,MANUAL
23:49:04.650,-6.57,1.23,0.00,344.0955327407679,OFF,RETRACTED,MANUAL
23:49:04.753,-6.94,0.33,0.00,345.25243236338986,OFF,RETRACTED,MANUAL
23:49:04.856,-7.29,-0.57,0.00,346.4069506801638,OFF,RETRACTED,MANUAL
23:49:04.957,-7.63,-1.47,0.00,347.55905882819195,OFF,RETRACTED,MANUAL
23:49:05.060,-7.94,-2.37,0.00,348.7087280048305,OFF,RETRACTED,MANUAL
23:49:05.163,-8.23,-3.27,0.00,349.8559294684085,OFF,RETRACTED,MANUAL
23:49:05.263,-8.51,-4.17,0.00,351.00063453895217,OFF,RETRACTED,MANUAL
23:49:05.363,-8.76,-5.06,0.00,352.1428145988928,OFF,RETRACTED,MANUAL
23:49:05.466,-8.99,-5.96,0.00,353.2824410937884,OFF,RETRACTED,MANUAL
23:49:05.573,-9.20,-6.85,0.00,354.419485533036,OFF,RETRACTED,MANUAL
23:49:05.676,-9.38,-7.74,0.00,355.5539194905821,OFF,RETRACTED,MANUAL
23:49:05.781,-9.54,-8.62,0.00,356.68571460564016,OFF,RETRACTED,MANUAL
23:49:05.882,-9.68,-9.50,0.00,357.8148425833896,OFF,RETRACTED,MANUAL
23:49:05.985,-9.79,-10.38,0.00,358.94127519568985,OFF,RETRACTED,MANUAL
23:49:06.089,-9.88,-11.25,0.00,360.0649842817842,OFF,RETRACTED,MANUAL
23:49:06.190,-9.95,-12.12,0.00,361.18594174900244,OFF,RETRACTED,MANUAL
23:49:06.292,-9.99,-12.99,0.00,362.3041195734695,OFF,RETRACTED,MANUAL
23:49:06.394,-10.00,-13.85,0.00,363.4194898007964,OFF,RETRACTED,MANUAL
23:49:06.495,-9.99,-14.70,0.00,364.5320245467855,OFF,RETRACTED,MANUAL
23:49:06.596,-9.95,-15.55,0.00,365.6416959981262,OFF,RETRACTED,MANUAL
23:49:06.696,-9.89,-16.39,0.00,366.7484764130883,OFF,RETRACTED,MANUAL
23:49:06.799,-9.81,-17.22,0.00,367.85233812222236,OFF,RETRACTED,MANUAL
23:49:06.964,-9.70,-18.05,0.00,368.95325352904143,OFF,RETRACTED,MANUAL
23:49:07.072,-9.56,-18.87,0.00,370.0511951107178,OFF,RETRACTED,MANUAL
23:49:07.176,-9.41,-19.69,0.00,371.146135418769,OFF,RETRACTED,MANUAL
23:49:07.279,-9.22,-20.49,0.00,372.2380470797429,OFF,RETRACTED,MANUAL
23:49:07.382,-9.02,-21.29,0.00,373.3269027959079,OFF,RETRACTED,MANUAL
23:49:07.483,-8.79,-22.08,0.00,374.41267534592635,OFF,RETRACTED,MANUAL
23:49:07.590,-8.54,-22.86,0.00,375.4953375855409,OFF,RETRACTED,MANUAL
23:49:07.702,-8.27,-23.63,0.00,376.574862448252,OFF,RETRACTED,MANUAL
23:49:07.808,-7.98,-24.39,0.00,377.65122294599286,OFF,RETRACTED,MANUAL
23:49:07.908,-7.67,-25.14,0.00,378.72439216981,OFF,RETRACTED,MANUAL
23:49:08.008,-7.34,-25.88,0.00,379.7943432905274,OFF,RETRACTED,MANUAL
23:49:08.111,-6.99,-26.61,0.00,380.86104955942255,OFF,RETRACTED,MANUAL
23:49:08.211,-6.63,-27.33,0.00,381.9244843088944,OFF,RETRACTED,MANUAL
23:49:08.311,-6.24,-28.04,0.00,382.98462095312817,OFF,RETRACTED,MANUAL
23:49:08.412,-5.85,-28.74,0.00,384.0414329887658,OFF,RETRACTED,MANUAL
23:49:08.522,-5.43,-29.43,0.00,385.0948939955601,OFF,RETRACTED,MANUAL
23:49:08.624,-5.01,-30.10,0.00,386.14497763704065,OFF,RETRACTED,MANUAL
23:49:08.727,-4.57,-30.76,0.00,387.1916576611711,OFF,RETRACTED,MANUAL
23:49:08.829,-4.12,-31.42,0.00,388.234907901004,OFF,RETRACTED,MANUAL
23:49:08.932,-3.66,-32.05,0.00,389.2747022753406,OFF,RETRACTED,MANUAL
23:49:09.069,-3.19,-32.68,0.00,390.3110147893741,OFF,RETRACTED,MANUAL
23:49:09.172,-2.71,-33.29,0.00,391.3438195353458,OFF,RETRACTED,MANUAL
23:49:09.283,-2.22,-33.89,0.00,392.37309069319076,OFF,RETRACTED,MANUAL
23:49:09.386,-1.73,-34.47,0.00,393.39880253118224,OFF,RETRACTED,MANUAL
23:49:09.488,-1.24,-35.05,0.00,394.42092940658046,OFF,RETRACTED,MANUAL
23:49:09.591,-0.74,-35.60,0.00,395.4394457662655,OFF,RETRACTED,MANUAL
23:49:09.693,-0.24,-36.15,0.00,396.4543261473814,OFF,RETRACTED,MANUAL
23:49:09.803,0.26,-36.68,0.00,397.4655451779713,OFF,RETRACTED,MANUAL
23:49:09.904,0.76,-37.19,0.00,398.47307757761087,OFF,RETRACTED,MANUAL
23:49:10.078,1.25,-37.69,0.00,399.4768981580454,OFF,RETRACTED,MANUAL
23:49:10.187,1.75,-38.17,0.00,400.47698182381123,OFF,RETRACTED,MANUAL
23:49:10.289,2.24,-38.64,0.00,401.4733035728688,OFF,RETRACTED,MANUAL
23:49:10.389,2.72,-39.10,0.00,402.4658384972263,OFF,RETRACTED,MANUAL
23:49:10.490,3.20,-39.53,0.00,403.45456178356085,OFF,RETRACTED,MANUAL
23:49:10.592,3.67,-39.96,0.00,404.4394487138446,OFF,RETRACTED,MANUAL
23:49:10.694,4.13,-40.36,0.00,405.4204746659542,OFF,RETRACTED,MANUAL
23:49:10.793,4.58,-40.75,0.00,406.3976151142921,OFF,RETRACTED,MANUAL
23:49:10.899,5.02,-41.12,0.00,407.37084563039775,OFF,RETRACTED,MANUAL
23:49:11.002,5.44,-41.48,0.00,408.34014188355764,OFF,RETRACTED,MANUAL
23:49:11.103,5.86,-41.82,0.00,409.30547964141863,OFF,RETRACTED,MANUAL
23:49:11.208,6.25,-42.15,0.00,410.26683477058583,OFF,RETRACTED,MANUAL
23:49:11.311,6.64,-42.45,0.00,411.224183237231,OFF,RETRACTED,MANUAL
23:49:11.410,7.00,-42.74,0.00,412.17750110769225,OFF,RETRACTED,MANUAL
23:49:11.512,7.35,-43.02,0.00,413.12676454907256,OFF,RETRACTED,MANUAL
23:49:11.612,7.68,-43.27,0.00,414.071949829834,OFF,RETRACTED,MANUAL
23:49:11.713,7.99,-43.51,0.00,415.0130333203964,OFF,RETRACTED,MANUAL
23:49:11.814,8.28,-43.73,0.00,415.9499914937203,OFF,RETRACTED,MANUAL
23:49:11.915,8.55,-43.93,0.00,416.8828009259,OFF,RETRACTED,MANUAL
23:49:12.015,8.80,-44.12,0.00,417.81143829674835,OFF,RETRACTED,MANUAL
23:49:12.132,9.03,-44.29,0.00,418.73588039037816,OFF,RETRACTED,MANUAL
23:49:12.231,9.23,-44.44,0.00,419.65610409578784,OFF,RETRACTED,MANUAL
23:49:12.343,9.41,-44.57,0.00,420.57208640743136,OFF,RETRACTED,MANUAL
23:49:12.447,9.57,-44.69,0.00,421.48380442579867,OFF,RETRACTED,MANUAL
23:49:12.546,9.70,-44.78,0.00,422.3912353579867,OFF,RETRACTED,MANUAL
23:49:12.652,9.81,-44.86,0.00,423.2943565182683,OFF,RETRACTED,MANUAL
23:49:12.755,9.89,-44.92,0.00,424.19314532866395,OFF,RETRACTED,MANUAL
23:49:12.858,9.95,-44.97,0.00,425.0875793194989,OFF,RETRACTED,MANUAL
23:49:12.957,9.99,-44.99,0.00,425.97763612996994,OFF,RETRACTED,MANUAL
23:49:13.060,10.00,-45.00,0.00,426.8632935087033,OFF,RETRACTED,MANUAL
23:49:13.161,9.98,-44.99,0.00,427.74452931430926,OFF,RETRACTED,MANUAL
23:49:13.261,9.95,-44.96,0.00,428.6213215159412,OFF,RETRACTED,MANUAL
23:49:13.361,9.88,-44.91,0.00,429.4936481938384,OFF,RETRACTED,MANUAL
23:49:13.462,9.79,-44.85,0.00,430.36148753987936,OFF,RETRACTED,MANUAL
23:49:13.563,9.68,-44.77,0.00,431.2248178581256,OFF,RETRACTED,MANUAL
23:49:13.667,9.54,-44.67,0.00,432.08361756536294,OFF,RETRACTED,MANUAL
23:49:13.766,9.38,-44.55,0.00,432.937865191646,OFF,RETRACTED,MANUAL
23:49:13.874,9.19,-44.41,0.00,433.7875393808272,OFF,RETRACTED,MANUAL
23:49:13.975,8.98,-44.26,0.00,434.63261889109606,OFF,RETRACTED,MANUAL
23:49:14.080,8.75,-44.09,0.00,435.473082595509,OFF,RETRACTED,MANUAL
23:49:14.179,8.50,-43.90,0.00,436.3089094825159,OFF,RETRACTED,MANUAL
23:49:14.281,8.23,-43.69,0.00,437.14007865649046,OFF,RETRACTED,MANUAL
23:49:14.381,7.93,-43.46,0.00,437.9665693382455,OFF,RETRACTED,MANUAL
23:49:14.481,7.62,-43.22,0.00,438.788360865557,OFF,RETRACTED,MANUAL
23:49:14.587,7.28,-42.96,0.00,439.60543269367963,OFF,RETRACTED,MANUAL
23:49:14.690,6.93,-42.69,0.00,440.41776439585897,OFF,RETRACTED,MANUAL
23:49:14.791,6.56,-42.39,0.00,441.22533566384715,OFF,RETRACTED,MANUAL
23:49:14.899,6.18,-42.08,0.00,442.0281263084034,OFF,RETRACTED,MANUAL
23:49:15.019,5.78,-41.76,0.00,442.82611625980337,OFF,RETRACTED,MANUAL
23:49:15.131,5.36,-41.41,0.00,443.6192855683398,OFF,RETRACTED,MANUAL
23:49:15.267,4.93,-41.05,0.00,444.4076144048204,OFF,RETRACTED,MANUAL
23:49:15.369,4.49,-40.68,0.00,445.1910830610672,OFF,RETRACTED,MANUAL
23:49:15.478,4.04,-40.28,0.00,445.9696719504038,OFF,RETRACTED,MANUAL
23:49:15.583,3.58,-39.87,0.00,446.7433616081483,OFF,RETRACTED,MANUAL
23:49:15.687,3.11,-39.45,0.00,447.51213269209967,OFF,RETRACTED,MANUAL
23:49:15.790,2.63,-39.01,0.00,448.27596598301966,OFF,RETRACTED,MANUAL
23:49:15.893,2.14,-38.55,0.00,449.0348423851181,OFF,RETRACTED,MANUAL
23:49:15.997,1.65,-38.08,0.00,449.7887429265233,OFF,RETRACTED,MANUAL
23:49:16.099,1.16,-37.59,0.00,450.53764875976094,OFF,RETRACTED,MANUAL
23:49:16.206,0.66,-37.09,0.00,451.2815411622243,OFF,RETRACTED,MANUAL
23:49:16.308,0.16,-36.57,0.00,452.0204015366409,OFF,RETRACTED,MANUAL
23:49:16.414,-0.34,-36.04,0.00,452.7542114115421,OFF,RETRACTED,MANUAL
23:49:16.517,-0.84,-35.50,0.00,453.482952441718,OFF,RETRACTED,MANUAL
23:49:16.616,-1.34,-34.94,0.00,454.20660640868095,OFF,RETRACTED,MANUAL
23:49:16.719,-1.83,-34.36,0.00,454.9251552211195,OFF,RETRACTED,MANUAL
23:49:16.822,-2.32,-33.77,0.00,455.6385809153496,OFF,RETRACTED,MANUAL
23:49:16.930,-2.80,-33.17,0.00,456.3468656557682,OFF,RETRACTED,MANUAL
23:49:17.033,-3.28,-32.56,0.00,457.0499917352927,OFF,RETRACTED,MANUAL
23:49:17.135,-3.75,-31.93,0.00,457.74794157580754,OFF,RETRACTED,MANUAL
23:49:17.239,-4.21,-31.29,0.00,458.4406977286032,OFF,RETRACTED,MANUAL
23:49:17.343,-4.65,-30.64,0.00,459.12824287481095,OFF,RETRACTED,MANUAL
23:49:17.445,-5.09,-29.97,0.00,459.8105598258399,OFF,RETRACTED,MANUAL
23:49:17.547,-5.51,-29.29,0.00,460.4876315238008,OFF,RETRACTED,MANUAL
23:49:17.646,-5.92,-28.60,0.00,461.1594410419365,OFF,RETRACTED,MANUAL
23:49:17.746,-6.32,-27.90,0.00,461.82597158504404,OFF,RETRACTED,MANUAL
23:49:17.877,-6.70,-27.19,0.00,462.48720648989365,OFF,RETRACTED,MANUAL
23:49:17.990,-7.06,-26.47,0.00,463.14312922564886,OFF,RETRACTED,MANUAL
23:49:18.096,-7.41,-25.74,0.00,463.7937233942747,OFF,RETRACTED,MANUAL
23:49:18.198,-7.73,-24.99,0.00,464.4389727309508,OFF,RETRACTED,MANUAL
23:49:18.299,-8.04,-24.24,0.00,465.07886110447726,OFF,RETRACTED,MANUAL
23:49:18.406,-8.33,-23.48,0.00,465.71337251767716,OFF,RETRACTED,MANUAL
23:49:18.510,-8.59,-22.70,0.00,466.3424911078002,OFF,RETRACTED,MANUAL
23:49:18.616,-8.84,-21.92,0.00,466.96620114691325,OFF,RETRACTED,MANUAL
23:49:18.722,-9.06,-21.13,0.00,467.584487042298,OFF,RETRACTED,MANUAL
23:49:18.825,-9.26,-20.33,0.00,468.1973333368392,OFF,RETRACTED,MANUAL
23:49:18.923,-9.44,-19.53,0.00,468.80472470941055,OFF,RETRACTED,MANUAL
23:49:19.025,-9.59,-18.71,0.00,469.4066459752611,OFF,RETRACTED,MANUAL
23:49:19.128,-9.72,-17.89,0.00,470.00308208638967,OFF,RETRACTED,MANUAL
23:49:19.229,-9.83,-17.06,0.00,470.5940181319246,OFF,RETRACTED,MANUAL
23:49:19.329,-9.91,-16.22,0.00,471.1794393384954,OFF,RETRACTED,MANUAL
23:49:19.430,-9.96,-15.38,0.00,471.7593310706017,OFF,RETRACTED,MANUAL
23:49:19.531,-9.99,-14.53,0.00,472.3336788309821,OFF,RETRACTED,MANUAL
23:49:19.634,-10.00,-13.68,0.00,472.90246826097143,OFF,RETRACTED,MANUAL
23:49:19.733,-9.98,-12.82,0.00,473.46568514086385,OFF,RETRACTED,MANUAL
23:49:19.837,-9.94,-11.95,0.00,474.0233153902665,OFF,RETRACTED,MANUAL
23:49:19.941,-9.87,-11.08,0.00,474.5753450684515,OFF,RETRACTED,MANUAL
23:49:20.042,-9.77,-10.21,0.00,475.12176037470726,OFF,RETRACTED,MANUAL
23:49:20.141,-9.66,-9.33,0.00,475.66254764867864,OFF,RETRACTED,MANUAL
23:49:20.242,-9.51,-8.45,0.00,476.19769337071205,OFF,RETRACTED,MANUAL
23:49:20.343,-9.35,-7.56,0.00,476.7271841621924,OFF,RETRACTED,MANUAL
23:49:20.446,-9.16,-6.67,0.00,477.25100678587654,OFF,RETRACTED,MANUAL
23:49:20.545,-8.95,-5.78,0.00,477.76914814622785,OFF,RETRACTED,MANUAL
23:49:20.646,-8.71,-4.89,0.00,478.28159528973833,OFF,RETRACTED,MANUAL
23:49:20.748,-8.45,-3.99,0.00,478.78833540525636,OFF,RETRACTED,MANUAL
23:49:20.850,-8.18,-3.10,0.00,479.2893558243052,OFF,RETRACTED,MANUAL
23:49:20.949,-7.88,-2.20,0.00,479.7846440213999,OFF,RETRACTED,MANUAL
23:49:21.050,-7.56,-1.30,0.00,480.27418761436275,OFF,RETRACTED,MANUAL
23:49:21.150,-7.23,-0.40,0.00,480.7579743646286,OFF,RETRACTED,MANUAL
23:49:21.251,-6.87,0.50,0.00,481.23599217755407,OFF,RETRACTED,MANUAL
23:49:21.352,-6.50,1.40,0.00,481.7082291027185,OFF,RETRACTED,MANUAL
23:49:21.452,-6.11,2.30,0.00,482.1746733342229,OFF,RETRACTED,MANUAL
23:49:21.557,-5.71,3.20,0.00,482.635313210987,OFF,RETRACTED,MANUAL
23:49:21.659,-5.29,4.10,0.00,483.09013721703724,OFF,RETRACTED,MANUAL
23:49:21.764,-4.86,4.99,0.00,483.53913398179714,OFF,RETRACTED,MANUAL
23:49:21.865,-4.42,5.89,0.00,483.982292280371,OFF,RETRACTED,MANUAL
23:49:21.966,-3.96,6.78,0.00,484.4196010338238,OFF,RETRACTED,MANUAL
23:49:22.066,-3.50,7.66,0.00,484.8510493094607,OFF,RETRACTED,MANUAL
23:49:22.171,-3.03,8.55,0.00,485.27662632109667,OFF,RETRACTED,MANUAL
23:49:22.272,-2.55,9.43,0.00,485.6963214293286,OFF,RETRACTED,MANUAL
23:49:22.378,-2.06,10.31,0.00,486.1101241418006,OFF,RETRACTED,MANUAL
23:49:22.477,-1.57,11.18,0.00,486.5180241134659,OFF,RETRACTED,MANUAL
23:49:22.579,-1.07,12.05,0.00,486.9200111468475,OFF,RETRACTED,MANUAL
23:49:22.680,-0.57,12.92,0.00,487.3160751922901,OFF,RETRACTED,MANUAL
23:49:22.779,-0.07,13.78,0.00,487.7062063482131,OFF,RETRACTED,MANUAL
23:49:22.880,0.42,14.63,0.00,488.0903948613578,OFF,RETRACTED,MANUAL
23:49:22.981,0.92,15.48,0.00,488.468631127031,OFF,RETRACTED,MANUAL
23:49:23.082,1.42,16.32,0.00,488.84090568934687,OFF,RETRACTED,MANUAL
23:49:23.184,1.91,17.16,0.00,489.20720924146,OFF,RETRACTED,MANUAL
23:49:23.284,2.40,17.99,0.00,489.5675326258009,OFF,RETRACTED,MANUAL
23:49:23.384,2.88,18.81,0.00,489.9218668343035,OFF,RETRACTED,MANUAL
23:49:23.485,3.36,19.62,0.00,490.27020300863074,OFF,RETRACTED,MANUAL
23:49:23.588,3.83,20.43,0.00,490.61253244039733,OFF,RETRACTED,MANUAL
23:49:23.692,4.28,21.22,0.00,490.94884657138476,OFF,RETRACTED,MANUAL
23:49:23.792,4.73,22.01,0.00,491.27913699375733,OFF,RETRACTED,MANUAL
23:49:23.893,5.16,22.79,0.00,491.6033954502716,OFF,RETRACTED,MANUAL
23:49:23.995,5.58,23.57,0.00,491.92161383448274,OFF,RETRACTED,MANUAL
23:49:24.096,5.99,24.33,0.00,492.23378419094854,OFF,RETRACTED,MANUAL
23:49:24.202,6.38,25.08,0.00,492.5398987154258,OFF,RETRACTED,MANUAL
23:49:24.304,6.76,25.82,0.00,492.83994975506755,OFF,RETRACTED,MANUAL
23:49:24.403,7.12,26.55,0.00,493.1339298086133,OFF,RETRACTED,MANUAL
23:49:24.503,7.46,27.28,0.00,493.42183152657657,OFF,RETRACTED,MANUAL
23:49:24.606,7.79,27.99,0.00,493.70364771143034,OFF,RETRACTED,MANUAL
23:49:24.729,8.09,28.68,0.00,493.9793713177842,OFF,RETRACTED,MANUAL
23:49:24.813,8.37,29.37,0.00,494.2489954525624,OFF,RETRACTED,MANUAL
23:49:24.915,8.64,30.05,0.00,494.5125133751755,OFF,RETRACTED,MANUAL
23:49:25.016,8.88,30.71,0.00,494.7699184976889,OFF,RETRACTED,MANUAL
23:49:25.121,9.10,31.36,0.00,495.02120438498866,OFF,RETRACTED,MANUAL
23:49:25.221,9.29,32.00,0.00,495.26636475494024,OFF,RETRACTED,MANUAL
23:49:25.321,9.47,32.63,0.00,495.50539347854726,OFF,RETRACTED,MANUAL
23:49:25.422,9.62,33.24,0.00,495.73828458010405,OFF,RETRACTED,MANUAL
23:49:25.523,9.74,33.84,0.00,495.9650322373449,OFF,RETRACTED,MANUAL
23:49:25.625,9.84,34.43,0.00,496.18563078159076,OFF,RETRACTED,MANUAL
23:49:25.726,9.92,35.00,0.00,496.40007469788924,OFF,RETRACTED,MANUAL
23:49:25.829,9.97,35.56,0.00,496.6083586251536,OFF,RETRACTED,MANUAL
23:49:25.928,10.00,36.10,0.00,496.8104773562965,OFF,RETRACTED,MANUAL
23:49:26.029,10.00,36.63,0.00,497.00642583835986,OFF,RETRACTED,MANUAL
23:49:26.130,9.97,37.15,0.00,497.19619917264254,OFF,RETRACTED,MANUAL
23:49:26.236,9.93,37.65,0.00,497.37979261482064,OFF,RETRACTED,MANUAL
23:49:26.338,9.85,38.14,0.00,497.55720157506767,OFF,RETRACTED,MANUAL
23:49:26.441,9.76,38.61,0.00,497.728421618169,OFF,RETRACTED,MANUAL
23:49:26.542,9.63,39.06,0.00,497.8934484636321,OFF,RETRACTED,MANUAL
23:49:26.643,9.49,39.50,0.00,498.05227798579494,OFF,RETRACTED,MANUAL
23:49:26.745,9.32,39.92,0.00,498.20490621392753,OFF,RETRACTED,MANUAL
23:49:26.845,9.12,40.33,0.00,498.35132933233206,OFF,RETRACTED,MANUAL
23:49:26.946,8.91,40.72,0.00,498.49154368043827,OFF,RETRACTED,MANUAL
23:49:27.046,8.67,41.10,0.00,498.62554575289454,OFF,RETRACTED,MANUAL
23:49:27.148,8.41,41.45,0.00,498.75333219965637,OFF,RETRACTED,MANUAL
23:49:27.250,8.13,41.80,0.00,498.87489982606917,OFF,RETRACTED,MANUAL
23:49:27.350,7.83,42.12,0.00,498.99024559294844,OFF,RETRACTED,MANUAL
23:49:27.450,7.51,42.43,0.00,499.0993666166562,OFF,RETRACTED,MANUAL
23:49:27.552,7.17,42.72,0.00,499.2022601691722,OFF,RETRACTED,MANUAL
23:49:27.654,6.81,43.00,0.00,499.2989236781635,OFF,RETRACTED,MANUAL
23:49:27.756,6.44,43.25,0.00,499.3893547270471,OFF,RETRACTED,MANUAL
23:49:27.860,6.04,43.49,0.00,499.47355105505153,OFF,RETRACTED,MANUAL
23:49:27.961,5.64,43.71,0.00,499.551510557273,OFF,RETRACTED,MANUAL
23:49:28.065,5.22,43.92,0.00,499.62323128472786,OFF,RETRACTED,MANUAL
23:49:28.167,4.79,44.11,0.00,499.6887114444019,OFF,RETRACTED,MANUAL
23:49:28.270,4.34,44.28,0.00,499.7479493992945,OFF,RETRACTED,MANUAL
23:49:28.371,3.89,44.43,0.00,499.8009436684597,OFF,RETRACTED,MANUAL
23:49:28.472,3.42,44.56,0.00,499.84769292704374,OFF,RETRACTED,MANUAL
23:49:28.573,2.95,44.68,0.00,499.8881960063174,OFF,RETRACTED,MANUAL
23:49:28.674,2.47,44.78,0.00,499.9224518937059,OFF,RETRACTED,MANUAL
23:49:28.775,1.98,44.86,0.00,499.9504597328139,OFF,RETRACTED,MANUAL
23:49:28.877,1.49,44.92,0.00,499.97221882344684,OFF,RETRACTED,MANUAL
23:49:28.985,0.99,44.96,0.00,499.98772862162855,OFF,RETRACTED,MANUAL
23:49:29.084,0.49,44.99,0.00,499.99698873961484,OFF,RETRACTED,MANUAL
23:49:29.187,-0.01,45.00,0.00,499.99999894590337,OFF,RETRACTED,MANUAL
23:49:29.286,-0.51,44.99,0.00,499.99675916523904,OFF,RETRACTED,MANUAL
23:49:29.386,-1.01,44.96,0.00,499.9872694786162,OFF,RETRACTED,MANUAL
23:49:29.489,-1.50,44.92,0.00,499.9715301232766,OFF,RETRACTED,MANUAL
23:49:29.589,-2.00,44.85,0.00,499.94954149270325,OFF,RETRACTED,MANUAL
23:49:29.690,-2.48,44.77,0.00,499.92130413661073,OFF,RETRACTED,MANUAL
23:49:29.790,-2.96,44.67,0.00,499.88681876093153,OFF,RETRACTED,MANUAL
23:49:29.891,-3.44,44.56,0.00,499.8460862277982,OFF,RETRACTED,MANUAL
23:49:29.996,-3.90,44.42,0.00,499.799107555522,OFF,RETRACTED,MANUAL
23:49:30.097,-4.36,44.27,0.00,499.7458839185674,OFF,RETRACTED,MANUAL
23:49:30.200,-4.80,44.10,0.00,499.68641664752226,OFF,RETRACTED,MANUAL
23:49:30.333,-5.23,43.91,0.00,499.6207072290655,OFF,RETRACTED,MANUAL
23:49:30.446,-5.65,43.71,0.00,499.54875730592903,OFF,RETRACTED,MANUAL
23:49:30.559,-6.06,43.48,0.00,499.47056867685717,OFF,RETRACTED,MANUAL
23:49:30.664,-6.45,43.24,0.00,499.38614329656184,OFF,RETRACTED,MANUAL
23:49:30.765,-6.82,42.99,0.00,499.29548327567284,OFF,RETRACTED,MANUAL
23:49:30.865,-7.18,42.71,0.00,499.19859088068597,OFF,RETRACTED,MANUAL
23:49:30.966,-7.52,42.42,0.00,499.0954685339062,OFF,RETRACTED,MANUAL
23:49:31.066,-7.84,42.11,0.00,498.98611881338684,OFF,RETRACTED,MANUAL
23:49:31.167,-8.14,41.78,0.00,498.87054445286526,OFF,RETRACTED,MANUAL
23:49:31.268,-8.42,41.44,0.00,498.7487483416942,OFF,RETRACTED,MANUAL
23:49:31.369,-8.68,41.08,0.00,498.62073352477023,OFF,RETRACTED,MANUAL
23:49:31.470,-8.92,40.71,0.00,498.4865032024572,OFF,RETRACTED,MANUAL
23:49:31.579,-9.13,40.32,0.00,498.346060730506,OFF,RETRACTED,MANUAL
23:49:31.680,-9.32,39.91,0.00,498.1994096199715,OFF,RETRACTED,MANUAL
23:49:31.780,-9.49,39.48,0.00,498.04655353712326,OFF,RETRACTED,MANUAL
23:49:31.883,-9.64,39.04,0.00,497.88749630335576,OFF,RETRACTED,MANUAL
23:49:31.985,-9.76,38.59,0.00,497.72224189509143,OFF,RETRACTED,MANUAL
23:49:32.085,-9.86,38.12,0.00,497.55079444368187,OFF,RETRACTED,MANUAL
23:49:32.187,-9.93,37.63,0.00,497.37315823530474,OFF,RETRACTED,MANUAL
23:49:32.287,-9.98,37.13,0.00,497.18933771085545,OFF,RETRACTED,MANUAL
23:49:32.387,-10.00,36.61,0.00,496.99933746583787,OFF,RETRACTED,MANUAL
23:49:32.489,-10.00,36.08,0.00,496.8031622502482,OFF,RETRACTED,MANUAL
23:49:32.589,-9.97,35.54,0.00,496.6008169684565,OFF,RETRACTED,MANUAL
23:49:32.690,-9.92,34.98,0.00,496.39230667908475,OFF,RETRACTED,MANUAL
23:49:32.792,-9.84,34.41,0.00,496.1776365948786,OFF,RETRACTED,MANUAL
23:49:32.895,-9.74,33.82,0.00,495.9568120825793,OFF,RETRACTED,MANUAL
23:49:32.997,-9.61,33.22,0.00,495.7298386627882,OFF,RETRACTED,MANUAL
23:49:33.097,-9.46,32.61,0.00,495.49672200982894,OFF,RETRACTED,MANUAL
23:49:33.198,-9.29,31.98,0.00,495.25746795160603,OFF,RETRACTED,MANUAL
23:49:33.299,-9.09,31.34,0.00,495.0120824694578,OFF,RETRACTED,MANUAL
23:49:33.400,-8.87,30.69,0.00,494.7605716980089,OFF,RETRACTED,MANUAL
23:49:33.503,-8.63,30.02,0.00,494.5029419250154,OFF,RETRACTED,MANUAL
23:49:33.602,-8.36,29.35,0.00,494.2391995912084,OFF,RETRACTED,MANUAL
23:49:33.704,-8.08,28.66,0.00,493.96935129013275,OFF,RETRACTED,MANUAL
23:49:33.803,-7.77,27.96,0.00,493.6934037679812,OFF,RETRACTED,MANUAL
23:49:33.903,-7.45,27.25,0.00,493.41136392342776,OFF,RETRACTED,MANUAL
23:49:34.005,-7.11,26.53,0.00,493.12323880745384,OFF,RETRACTED,MANUAL
23:49:34.105,-6.75,25.79,0.00,492.82903562317244,OFF,RETRACTED,MANUAL
23:49:34.209,-6.37,25.05,0.00,492.5287617256482,OFF,RETRACTED,MANUAL
23:49:34.310,-5.98,24.30,0.00,492.22242462171215,OFF,RETRACTED,MANUAL
23:49:34.412,-5.57,23.54,0.00,491.91003196977624,OFF,RETRACTED,MANUAL
23:49:34.511,-5.15,22.77,0.00,491.5915915796405,OFF,RETRACTED,MANUAL
23:49:34.612,-4.71,21.98,0.00,491.2671114122983,OFF,RETRACTED,MANUAL
23:49:34.713,-4.27,21.20,0.00,490.93659957973716,OFF,RETRACTED,MANUAL
23:49:34.814,-3.81,20.40,0.00,490.60006434473473,OFF,RETRACTED,MANUAL
23:49:34.915,-3.34,19.59,0.00,490.25751412065506,OFF,RETRACTED,MANUAL
23:49:35.015,-2.87,18.78,0.00,489.9089574712357,OFF,RETRACTED,MANUAL
23:49:35.123,-2.38,17.96,0.00,489.5544031103748,OFF,RETRACTED,MANUAL
23:49:35.231,-1.90,17.13,0.00,489.19385990191347,OFF,RETRACTED,MANUAL
23:49:35.352,-1.40,16.29,0.00,488.82733685941207,OFF,RETRACTED,MANUAL
23:49:35.454,-0.91,15.45,0.00,488.45484314592807,OFF,RETRACTED,MANUAL
23:49:35.555,-0.41,14.60,0.00,488.076388073785,OFF,RETRACTED,MANUAL
23:49:35.665,0.09,13.75,0.00,487.6919811043398,OFF,RETRACTED,MANUAL
23:49:35.766,0.59,12.89,0.00,487.30163184774733,OFF,RETRACTED,MANUAL
23:49:35.867,1.09,12.02,0.00,486.90535006271756,OFF,RETRACTED,MANUAL
23:49:35.970,1.59,11.15,0.00,486.503145656275,OFF,RETRACTED,MANUAL
23:49:36.072,2.08,10.28,0.00,486.095028683509,OFF,RETRACTED,MANUAL
23:49:36.173,2.56,9.40,0.00,485.6810093473224,OFF,RETRACTED,MANUAL
23:49:36.278,3.04,8.52,0.00,485.26109799817783,OFF,RETRACTED,MANUAL
23:49:36.377,3.52,7.63,0.00,484.83530513383585,OFF,RETRACTED,MANUAL
23:49:36.496,3.98,6.74,0.00,484.4036413990965,OFF,RETRACTED,MANUAL
23:49:36.595,4.43,5.85,0.00,483.9661175855307,OFF,RETRACTED,MANUAL
23:49:36.698,4.88,4.96,0.00,483.5227446312109,OFF,RETRACTED,MANUAL
23:49:36.800,5.31,4.06,0.00,483.0735336204387,OFF,RETRACTED,MANUAL
23:49:36.918,5.72,3.17,0.00,482.61849578346454,OFF,RETRACTED,MANUAL
23:49:37.013,6.13,2.27,0.00,482.15764249621134,OFF,RETRACTED,MANUAL
23:49:37.133,6.51,1.37,0.00,481.6909852799872,OFF,RETRACTED,MANUAL
23:49:37.233,6.88,0.47,0.00,481.2185358011984,OFF,RETRACTED,MANUAL
23:49:37.336,7.24,-0.43,0.00,480.7403058710578,OFF,RETRACTED,MANUAL
23:49:37.435,7.57,-1.33,0.00,480.25630744528746,OFF,RETRACTED,MANUAL
23:49:37.538,7.89,-2.23,0.00,479.7665526238235,OFF,RETRACTED,MANUAL
23:49:37.639,8.19,-3.13,0.00,479.2710536505109,OFF,RETRACTED,MANUAL
23:49:37.745,8.46,-4.03,0.00,478.76982291279825,OFF,RETRACTED,MANUAL
23:49:37.845,8.72,-4.92,0.00,478.26287294142855,OFF,RETRACTED,MANUAL
23:49:37.946,8.95,-5.81,0.00,477.75021641012336,OFF,RETRACTED,MANUAL
23:49:38.047,9.17,-6.71,0.00,477.2318661352698,OFF,RETRACTED,MANUAL
23:49:38.149,9.35,-7.59,0.00,476.7078350755979,OFF,RETRACTED,MANUAL
23:49:38.250,9.52,-8.48,0.00,476.17813633185676,OFF,RETRACTED,MANUAL
23:49:38.357,9.66,-9.36,0.00,475.64278314648817,OFF,RETRACTED,MANUAL
23:49:38.459,9.78,-10.24,0.00,475.10178890329234,OFF,RETRACTED,MANUAL
23:49:38.560,9.87,-11.11,0.00,474.5551671270981,OFF,RETRACTED,MANUAL
23:49:38.661,9.94,-11.98,0.00,474.0029314834211,OFF,RETRACTED,MANUAL
23:49:38.762,9.98,-12.85,0.00,473.4450957781239,OFF,RETRACTED,MANUAL
23:49:38.862,10.00,-13.71,0.00,472.8816739570708,OFF,RETRACTED,MANUAL
23:49:38.963,9.99,-14.56,0.00,472.3126801057764,OFF,RETRACTED,MANUAL
23:49:39.065,9.96,-15.41,0.00,471.7381284490581,OFF,RETRACTED,MANUAL
23:49:39.165,9.90,-16.25,0.00,471.1580333506774,OFF,RETRACTED,MANUAL
23:49:39.266,9.82,-17.09,0.00,470.57240931298156,OFF,RETRACTED,MANUAL
23:49:39.366,9.72,-17.92,0.00,469.98127097654185,OFF,RETRACTED,MANUAL
23:49:39.468,9.59,-18.74,0.00,469.3846331197843,OFF,RETRACTED,MANUAL
23:49:39.568,9.43,-19.56,0.00,468.78251065862503,OFF,RETRACTED,MANUAL
23:49:39.671,9.25,-20.36,0.00,468.17491864609417,OFF,RETRACTED,MANUAL
23:49:39.772,9.05,-21.16,0.00,467.5618722719604,OFF,RETRACTED,MANUAL
23:49:39.876,8.83,-21.95,0.00,466.94338686235204,OFF,RETRACTED,MANUAL
23:49:39.977,8.58,-22.73,0.00,466.3194778793704,OFF,RETRACTED,MANUAL
23:49:40.078,8.32,-23.50,0.00,465.69016092070837,OFF,RETRACTED,MANUAL
23:49:40.179,8.03,-24.27,0.00,465.0554517192572,OFF,RETRACTED,MANUAL
23:49:40.280,7.72,-25.02,0.00,464.4153661427138,OFF,RETRACTED,MANUAL
23:49:40.381,7.39,-25.76,0.00,463.76992019318527,OFF,RETRACTED,MANUAL
23:49:40.483,7.05,-26.50,0.00,463.11913000678476,OFF,RETRACTED,MANUAL
23:49:40.582,6.69,-27.22,0.00,462.4630118532341,OFF,RETRACTED,MANUAL
23:49:40.683,6.31,-27.93,0.00,461.8015821354528,OFF,RETRACTED,MANUAL
23:49:40.784,5.91,-28.63,0.00,461.13485738914943,OFF,RETRACTED,MANUAL
23:49:40.884,5.50,-29.32,0.00,460.4628542824089,OFF,RETRACTED,MANUAL
23:49:40.985,5.07,-29.99,0.00,459.785589615272,OFF,RETRACTED,MANUAL
23:49:41.086,4.64,-30.66,0.00,459.103080319321,OFF,RETRACTED,MANUAL
23:49:41.186,4.19,-31.31,0.00,458.4153434572528,OFF,RETRACTED,MANUAL
23:49:41.287,3.73,-31.95,0.00,457.7223962224531,OFF,RETRACTED,MANUAL
23:49:41.388,3.26,-32.58,0.00,457.0242559385677,OFF,RETRACTED,MANUAL
23:49:41.489,2.79,-33.19,0.00,456.3209400590654,OFF,RETRACTED,MANUAL
23:49:41.589,2.30,-33.79,0.00,455.6124661668074,OFF,RETRACTED,MANUAL
23:49:41.691,1.81,-34.38,0.00,454.8988519736042,OFF,RETRACTED,MANUAL
23:49:41.792,1.32,-34.96,0.00,454.18011531977356,OFF,RETRACTED,MANUAL
23:49:41.893,0.82,-35.52,0.00,453.45627417369525,OFF,RETRACTED,MANUAL
23:49:41.994,0.32,-36.06,0.00,452.7273466313583,OFF,RETRACTED,MANUAL
23:49:42.094,-0.18,-36.59,0.00,451.9933509159142,OFF,RETRACTED,MANUAL
23:49:42.195,-0.68,-37.11,0.00,451.2543053772177,OFF,RETRACTED,MANUAL
23:49:42.298,-1.17,-37.61,0.00,450.5102284913687,OFF,RETRACTED,MANUAL
23:49:42.402,-1.67,-38.10,0.00,449.7611388602518,OFF,RETRACTED,MANUAL
23:49:42.500,-2.16,-38.57,0.00,449.0070552110665,OFF,RETRACTED,MANUAL
23:49:42.600,-2.65,-39.02,0.00,448.24799639586587,OFF,RETRACTED,MANUAL
23:49:42.701,-3.12,-39.46,0.00,447.48398139108076,OFF,RETRACTED,MANUAL
23:49:42.804,-3.60,-39.89,0.00,446.7150292970465,OFF,RETRACTED,MANUAL
23:49:42.905,-4.06,-40.30,0.00,445.9411593375264,OFF,RETRACTED,MANUAL
23:49:43.008,-4.51,-40.69,0.00,445.16239085922706,OFF,RETRACTED,MANUAL
23:49:43.108,-4.95,-41.07,0.00,444.37874333132095,OFF,RETRACTED,MANUAL
23:49:43.209,-5.38,-41.43,0.00,443.59023634495543,OFF,RETRACTED,MANUAL
23:49:43.324,-5.79,-41.77,0.00,442.79688961276406,OFF,RETRACTED,MANUAL
23:49:43.429,-6.19,-42.10,0.00,441.9987229683751,OFF,RETRACTED,MANUAL
23:49:43.528,-6.58,-42.41,0.00,441.1957563659106,OFF,RETRACTED,MANUAL
23:49:43.638,-6.95,-42.70,0.00,440.38800987949514,OFF,RETRACTED,MANUAL
23:49:43.738,-7.30,-42.97,0.00,439.5755037027486,OFF,RETRACTED,MANUAL
23:49:43.840,-7.63,-43.23,0.00,438.75825814828335,OFF,RETRACTED,MANUAL
23:49:43.941,-7.94,-43.47,0.00,437.93629364719663,OFF,RETRACTED,MANUAL
23:49:44.042,-8.24,-43.70,0.00,437.1096307485559,OFF,RETRACTED,MANUAL
23:49:44.141,-8.51,-43.90,0.00,436.2782901188918,OFF,RETRACTED,MANUAL
23:49:44.242,-8.76,-44.09,0.00,435.4422925416767,OFF,RETRACTED,MANUAL
23:49:44.343,-8.99,-44.26,0.00,434.6016589168064,OFF,RETRACTED,MANUAL
23:49:44.443,-9.20,-44.42,0.00,433.7564102600791,OFF,RETRACTED,MANUAL
23:49:44.544,-9.38,-44.55,0.00,432.90656770266474,OFF,RETRACTED,MANUAL
23:49:44.645,-9.54,-44.67,0.00,432.0521524905842,OFF,RETRACTED,MANUAL
23:49:44.745,-9.68,-44.77,0.00,431.1931859841733,OFF,RETRACTED,MANUAL
23:49:44.849,-9.79,-44.85,0.00,430.3296896575498,OFF,RETRACTED,MANUAL
23:49:44.950,-9.88,-44.92,0.00,429.46168509807836,OFF,RETRACTED,MANUAL
23:49:45.052,-9.95,-44.96,0.00,428.58919400582516,OFF,RETRACTED,MANUAL
23:49:45.153,-9.99,-44.99,0.00,427.7122381930234,OFF,RETRACTED,MANUAL
23:49:45.257,-10.00,-45.00,0.00,426.8308395835225,OFF,RETRACTED,MANUAL
23:49:45.357,-9.99,-44.99,0.00,425.945020212242,OFF,RETRACTED,MANUAL
23:49:45.460,-9.95,-44.97,0.00,425.0548022246213,OFF,RETRACTED,MANUAL
23:49:45.559,-9.89,-44.92,0.00,424.1602078760611,OFF,RETRACTED,MANUAL
23:49:45.661,-9.81,-44.86,0.00,423.26125953137483,OFF,RETRACTED,MANUAL
23:49:45.761,-9.70,-44.78,0.00,422.35797966422433,OFF,RETRACTED,MANUAL
23:49:45.862,-9.56,-44.68,0.00,421.4503908565591,OFF,RETRACTED,MANUAL
23:49:45.964,-9.40,-44.57,0.00,420.53851579805354,OFF,RETRACTED,MANUAL
23:49:46.065,-9.22,-44.43,0.00,419.62237728553396,OFF,RETRACTED,MANUAL
23:49:46.166,-9.02,-44.28,0.00,418.7019982224166,OFF,RETRACTED,MANUAL
23:49:46.268,-8.79,-44.11,0.00,417.77740161813034,OFF,RETRACTED,MANUAL
23:49:46.367,-8.54,-43.93,0.00,416.848610587542,OFF,RETRACTED,MANUAL
23:49:46.467,-8.27,-43.72,0.00,415.9156483503803,OFF,RETRACTED,MANUAL
23:49:46.570,-7.98,-43.50,0.00,414.97853823065,OFF,RETRACTED,MANUAL
23:49:46.671,-7.67,-43.26,0.00,414.03730365605645,OFF,RETRACTED,MANUAL
23:49:46.771,-7.34,-43.01,0.00,413.0919681574152,OFF,RETRACTED,MANUAL
23:49:46.873,-6.99,-42.73,0.00,412.14255536806434,OFF,RETRACTED,MANUAL
23:49:46.973,-6.62,-42.44,0.00,411.1890890232755,OFF,RETRACTED,MANUAL
23:49:47.074,-6.24,-42.13,0.00,410.231592959655,OFF,RETRACTED,MANUAL
23:49:47.175,-5.84,-41.81,0.00,409.27009111455595,OFF,RETRACTED,MANUAL
23:49:47.276,-5.43,-41.47,0.00,408.30460752547435,OFF,RETRACTED,MANUAL
23:49:47.376,-5.00,-41.11,0.00,407.33516632944963,OFF,RETRACTED,MANUAL
23:49:47.477,-4.56,-40.74,0.00,406.36179176246253,OFF,RETRACTED,MANUAL
23:49:47.578,-4.11,-40.35,0.00,405.38450815882385,OFF,RETRACTED,MANUAL
23:49:47.680,-3.65,-39.94,0.00,404.40333995057415,OFF,RETRACTED,MANUAL
23:49:47.783,-3.18,-39.52,0.00,403.41831166686745,OFF,RETRACTED,MANUAL
23:49:47.883,-2.70,-39.08,0.00,402.42944793335965,OFF,RETRACTED,MANUAL
23:49:47.987,-2.22,-38.63,0.00,401.43677347159394,OFF,RETRACTED,MANUAL
23:49:48.090,-1.73,-38.16,0.00,400.4403130983774,OFF,RETRACTED,MANUAL
23:49:48.191,-1.24,-37.67,0.00,399.4400917251687,OFF,RETRACTED,MANUAL
23:49:48.292,-0.74,-37.17,0.00,398.4361343574503,OFF,RETRACTED,MANUAL
23:49:48.393,-0.24,-36.66,0.00,397.428466094104,OFF,RETRACTED,MANUAL
23:49:48.495,0.26,-36.13,0.00,396.41711212678536,OFF,RETRACTED,MANUAL
23:49:48.594,0.76,-35.58,0.00,395.40209773928797,OFF,RETRACTED,MANUAL
23:49:48.697,1.26,-35.03,0.00,394.3834483069201,OFF,RETRACTED,MANUAL
23:49:48.798,1.75,-34.45,0.00,393.36118929586456,OFF,RETRACTED,MANUAL
23:49:48.901,2.24,-33.87,0.00,392.3353462625433,OFF,RETRACTED,MANUAL
23:49:49.000,2.73,-33.27,0.00,391.30594485298025,OFF,RETRACTED,MANUAL
23:49:49.101,3.20,-32.66,0.00,390.2730108021541,OFF,RETRACTED,MANUAL
23:49:49.203,3.67,-32.03,0.00,389.23656993336374,OFF,RETRACTED,MANUAL
23:49:49.303,4.13,-31.39,0.00,388.19664815757693,OFF,RETRACTED,MANUAL
23:49:49.403,4.58,-30.74,0.00,387.15327147278396,OFF,RETRACTED,MANUAL
23:49:49.504,5.02,-30.08,0.00,386.106465963349,OFF,RETRACTED,MANUAL
23:49:49.606,5.45,-29.40,0.00,385.0562577993524,OFF,RETRACTED,MANUAL
23:49:49.707,5.86,-28.71,0.00,384.00267323594494,OFF,RETRACTED,MANUAL
23:49:49.808,6.26,-28.02,0.00,382.9457386126859,OFF,RETRACTED,MANUAL
23:49:49.911,6.64,-27.31,0.00,381.8854803528858,OFF,RETRACTED,MANUAL
23:49:50.010,7.01,-26.58,0.00,380.8219249629474,OFF,RETRACTED,MANUAL
23:49:50.112,7.35,-25.85,0.00,379.75509903169706,OFF,RETRACTED,MANUAL
23:49:50.212,7.68,-25.11,0.00,378.685029229729,OFF,RETRACTED,MANUAL
23:49:50.316,7.99,-24.36,0.00,377.6117423087325,OFF,RETRACTED,MANUAL
23:49:50.416,8.28,-23.60,0.00,376.53526510082474,OFF,RETRACTED,MANUAL
23:49:50.519,8.55,-22.83,0.00,375.45562451788135,OFF,RETRACTED,MANUAL
23:49:50.619,8.80,-22.05,0.00,374.37284755085767,OFF,RETRACTED,MANUAL
23:49:50.722,9.03,-21.26,0.00,373.2869612691229,OFF,RETRACTED,MANUAL
23:49:50.822,9.23,-20.46,0.00,372.19799281977765,OFF,RETRACTED,MANUAL
23:49:50.924,9.41,-19.66,0.00,371.10596942697634,OFF,RETRACTED,MANUAL
23:49:51.024,9.57,-18.84,0.00,370.0109183912485,OFF,RETRACTED,MANUAL
23:49:51.127,9.70,-18.02,0.00,368.9128670888099,OFF,RETRACTED,MANUAL
23:49:51.228,9.81,-17.19,0.00,367.8118429708875,OFF,RETRACTED,MANUAL
23:49:51.327,9.90,-16.36,0.00,366.70787356302674,OFF,RETRACTED,MANUAL
23:49:51.430,9.96,-15.52,0.00,365.60098646440554,OFF,RETRACTED,MANUAL
23:49:51.531,9.99,-14.67,0.00,364.4912093471451,OFF,RETRACTED,MANUAL
23:49:51.633,10.00,-13.81,0.00,363.37856995561253,OFF,RETRACTED,MANUAL
23:49:51.732,9.98,-12.95,0.00,362.26309610573617,OFF,RETRACTED,MANUAL
23:49:51.833,9.94,-12.09,0.00,361.1448156843042,OFF,RETRACTED,MANUAL
23:49:51.936,9.88,-11.22,0.00,360.02375664826894,OFF,RETRACTED,MANUAL
23:49:52.041,9.79,-10.35,0.00,358.8999470240494,OFF,RETRACTED,MANUAL
23:49:52.142,9.68,-9.47,0.00,357.7734149068246,OFF,RETRACTED,MANUAL
23:49:52.243,9.54,-8.59,0.00,356.64418845984034,OFF,RETRACTED,MANUAL
23:49:52.344,9.38,-7.70,0.00,355.5122959136989,OFF,RETRACTED,MANUAL
23:49:52.468,9.19,-6.81,0.00,354.37776556565507,OFF,RETRACTED,MANUAL
23:49:52.568,8.98,-5.92,0.00,353.24062577891004,OFF,RETRACTED,MANUAL
23:49:52.677,8.75,-5.03,0.00,352.100904981896,OFF,RETRACTED,MANUAL
23:49:52.777,8.50,-4.14,0.00,350.9586316675752,OFF,RETRACTED,MANUAL
23:49:52.878,8.22,-3.24,0.00,349.813834392721,OFF,RETRACTED,MANUAL
23:49:52.978,7.93,-2.34,0.00,348.66654177720557,OFF,RETRACTED,MANUAL
23:49:53.079,7.61,-1.44,0.00,347.5167825032862,OFF,RETRACTED,MANUAL
23:49:53.180,7.28,-0.54,0.00,346.36458531488165,OFF,RETRACTED,MANUAL
23:49:53.280,6.93,0.36,0.00,345.20997901686314,OFF,RETRACTED,MANUAL
23:49:53.383,6.56,1.26,0.00,344.0529924743281,OFF,RETRACTED,MANUAL
23:49:53.482,6.17,2.16,0.00,342.8936546118798,OFF,RETRACTED,MANUAL
23:49:53.582,5.77,3.06,0.00,341.7319944129061,OFF,RETRACTED,MANUAL
23:49:53.683,5.36,3.95,0.00,340.56804091884806,OFF,RETRACTED,MANUAL
23:49:53.784,4.93,4.85,0.00,339.40182322848415,OFF,RETRACTED,MANUAL
23:49:53.886,4.49,5.74,0.00,338.2333704971959,OFF,RETRACTED,MANUAL
23:49:53.985,4.04,6.63,0.00,337.06271193624065,OFF,RETRACTED,MANUAL
23:49:54.086,3.57,7.52,0.00,335.8898768120232,OFF,RETRACTED,MANUAL
23:49:54.186,3.10,8.41,0.00,334.7148944453572,OFF,RETRACTED,MANUAL
23:49:54.287,2.62,9.29,0.00,333.5377942107423,OFF,RETRACTED,MANUAL
23:49:54.388,2.14,10.17,0.00,332.35860553562304,OFF,RETRACTED,MANUAL
23:49:54.488,1.65,11.05,0.00,331.1773578996549,OFF,RETRACTED,MANUAL
23:49:54.606,1.15,11.92,0.00,329.99408083396895,OFF,RETRACTED,MANUAL
23:49:54.703,0.65,12.78,0.00,328.80880392042684,OFF,RETRACTED,MANUAL
23:49:54.803,0.15,13.64,0.00,327.6215567908913,OFF,RETRACTED,MANUAL
23:49:54.904,-0.35,14.50,0.00,326.43236912647876,OFF,RETRACTED,MANUAL
23:49:55.011,-0.84,15.34,0.00,325.2412706568189,OFF,RETRACTED,MANUAL
23:49:55.114,-1.34,16.19,0.00,324.0482911593132,OFF,RETRACTED,MANUAL
23:49:55.216,-1.84,17.02,0.00,322.85346045838344,OFF,RETRACTED,MANUAL
23:49:55.317,-2.32,17.85,0.00,321.6568084247367,OFF,RETRACTED,MANUAL
23:49:55.418,-2.81,18.68,0.00,320.4583649746114,OFF,RETRACTED,MANUAL
23:49:55.519,-3.28,19.49,0.00,319.25816006903153,OFF,RETRACTED,MANUAL
23:49:55.621,-3.75,20.30,0.00,318.0562237130588,OFF,RETRACTED,MANUAL
23:49:55.725,-4.21,21.10,0.00,316.8525859550361,OFF,RETRACTED,MANUAL
23:49:55.825,-4.66,21.89,0.00,315.6472768858464,OFF,RETRACTED,MANUAL
23:49:55.928,-5.09,22.67,0.00,314.4403266381537,OFF,RETRACTED,MANUAL
23:49:56.030,-5.52,23.44,0.00,313.23176538565133,OFF,RETRACTED,MANUAL
23:49:56.131,-5.93,24.21,0.00,312.02162334230934,OFF,RETRACTED,MANUAL
23:49:56.231,-6.32,24.96,0.00,310.8099307616124,OFF,RETRACTED,MANUAL
23:49:56.332,-6.70,25.70,0.00,309.59671793581356,OFF,RETRACTED,MANUAL
23:49:56.435,-7.07,26.44,0.00,816.7640303903406,OFF,DEPLOYED,MANUAL
23:49:56.568,-7.41,27.16,0.00,814.3317058143759,OFF,DEPLOYED,MANUAL
23:49:56.667,-7.74,27.87,0.00,811.896522951724,OFF,DEPLOYED,MANUAL
23:49:56.766,-8.04,28.57,0.00,809.4585426818228,OFF,DEPLOYED,MANUAL
23:49:56.867,-8.33,29.26,0.00,807.0178259540555,OFF,DEPLOYED,MANUAL
23:49:56.969,-8.60,29.94,0.00,804.5744337862131,OFF,DEPLOYED,MANUAL
23:49:57.072,-8.84,30.61,0.00,802.1284272629728,OFF,DEPLOYED,MANUAL
23:49:57.175,-9.06,31.26,0.00,799.6798675343734,OFF,DEPLOYED,MANUAL
23:49:57.283,-9.26,31.90,0.00,797.228815814274,OFF,DEPLOYED,MANUAL
23:49:57.388,-9.44,32.53,0.00,794.7753333788431,OFF,DEPLOYED,MANUAL
23:49:57.493,-9.59,33.15,0.00,792.319481565014,OFF,DEPLOYED,MANUAL
23:49:57.592,-9.72,33.75,0.00,789.8613217689541,OFF,DEPLOYED,MANUAL
23:49:57.694,-9.83,34.34,0.00,787.4009154445337,OFF,DEPLOYED,MANUAL
23:49:57.794,-9.91,34.91,0.00,784.9383241017758,OFF,DEPLOYED,MANUAL
23:49:57.896,-9.96,35.47,0.00,782.4736093053392,OFF,DEPLOYED,MANUAL
23:49:57.997,-9.99,36.02,0.00,780.0068326729655,OFF,DEPLOYED,MANUAL
23:49:58.098,-10.00,36.55,0.00,777.5380558739421,OFF,DEPLOYED,MANUAL
23:49:58.199,-9.98,37.07,0.00,775.0673406275637,OFF,DEPLOYED,MANUAL
23:49:58.300,-9.94,37.57,0.00,772.5947487015758,OFF,DEPLOYED,MANUAL
23:49:58.400,-9.87,38.06,0.00,770.1203419106514,OFF,DEPLOYED,MANUAL
23:49:58.501,-9.77,38.53,0.00,767.6441821148313,OFF,DEPLOYED,MANUAL
23:49:58.602,-9.65,38.99,0.00,765.1663312179815,OFF,DEPLOYED,MANUAL
23:49:58.709,-9.51,39.43,0.00,762.6868511662487,OFF,DEPLOYED,MANUAL
23:49:58.809,-9.35,39.86,0.00,760.2058039464983,OFF,DEPLOYED,MANUAL
23:49:58.910,-9.16,40.27,0.00,757.723251584785,OFF,DEPLOYED,MANUAL
23:49:59.012,-8.94,40.66,0.00,755.2392561447884,OFF,DEPLOYED,MANUAL
23:49:59.113,-8.71,41.04,0.00,752.7538797262653,OFF,DEPLOYED,MANUAL
23:49:59.216,-8.45,41.40,0.00,750.2671844635,OFF,DEPLOYED,MANUAL
23:49:59.316,-8.17,41.74,0.00,747.7792325237378,OFF,DEPLOYED,MANUAL
23:49:59.416,-7.88,42.07,0.00,745.2900861056511,OFF,DEPLOYED,MANUAL
23:49:59.517,-7.56,42.38,0.00,742.7998074377705,OFF,DEPLOYED,MANUAL
23:49:59.620,-7.22,42.68,0.00,740.3084587769331,OFF,DEPLOYED,MANUAL
23:49:59.732,-6.87,42.95,0.00,737.8161024067292,OFF,DEPLOYED,MANUAL
23:49:59.830,-6.50,43.21,0.00,735.3228006359311,OFF,DEPLOYED,MANUAL
23:49:59.931,-6.11,43.45,0.00,732.828615796957,OFF,DEPLOYED,MANUAL
23:50:00.034,-5.70,43.68,0.00,730.3336102442977,OFF,DEPLOYED,MANUAL
23:50:00.137,-5.29,43.89,0.00,727.8378463529622,OFF,DEPLOYED,MANUAL
23:50:00.241,-4.86,44.08,0.00,725.3413865169213,OFF,DEPLOYED,MANUAL
23:50:00.343,-4.41,44.25,0.00,261.4221465737669,OFF,RETRACTED,MANUAL
23:50:00.444,-3.96,44.40,0.00,260.1733143360037,OFF,RETRACTED,MANUAL
23:50:00.545,-3.50,44.54,0.00,258.92422776591195,OFF,RETRACTED,MANUAL
23:50:00.646,-3.02,44.66,0.00,257.6749180905909,OFF,RETRACTED,MANUAL
23:50:00.767,-2.54,44.76,0.00,256.42541654271906,OFF,RETRACTED,MANUAL
23:50:00.877,-2.06,44.85,0.00,255.17575435976653,OFF,RETRACTED,MANUAL
23:50:01.027,-1.56,44.91,0.00,253.92596278322458,OFF,RETRACTED,MANUAL
23:50:01.134,-1.07,44.96,0.00,252.67607305781755,OFF,RETRACTED,MANUAL
23:50:01.234,-0.57,44.99,0.00,251.42611643072343,OFF,RETRACTED,MANUAL
23:50:01.335,-0.07,45.00,0.00,250.1761241507946,OFF,RETRACTED,MANUAL
23:50:01.436,0.43,44.99,0.00,248.9261274677694,OFF,RETRACTED,MANUAL
23:50:01.540,0.93,44.97,0.00,247.67615763150155,OFF,RETRACTED,MANUAL
23:50:01.639,1.42,44.93,0.00,246.4262458911719,OFF,RETRACTED,MANUAL
23:50:01.742,1.92,44.87,0.00,245.17642349450884,OFF,RETRACTED,MANUAL
23:50:01.841,2.41,44.79,0.00,243.92672168700898,OFF,RETRACTED,MANUAL
23:50:01.942,2.89,44.69,0.00,242.67717171114884,OFF,RETRACTED,MANUAL
23:50:02.043,3.36,44.58,0.00,241.4278048056145,OFF,RETRACTED,MANUAL
23:50:02.144,3.83,44.45,0.00,240.17865220451358,OFF,RETRACTED,MANUAL
23:50:02.245,4.29,44.30,0.00,238.929745136596,OFF,RETRACTED,MANUAL
23:50:02.346,4.73,44.13,0.00,237.68111482447523,OFF,RETRACTED,MANUAL
23:50:02.446,5.17,43.94,0.00,236.43279248384044,OFF,RETRACTED,MANUAL
23:50:02.551,5.59,43.74,0.00,235.18480932268696,OFF,RETRACTED,MANUAL
23:50:02.654,6.00,43.52,0.00,233.93719654052876,OFF,RETRACTED,MANUAL
23:50:02.755,6.39,43.28,0.00,232.68998532762046,OFF,RETRACTED,MANUAL
23:50:02.857,6.76,43.03,0.00,662.8864137283583,OFF,DEPLOYED,AUTO
23:50:02.958,7.12,42.76,0.00,660.393784639196,OFF,DEPLOYED,AUTO
23:50:03.058,7.47,42.47,0.00,657.9021457033549,OFF,DEPLOYED,AUTO
23:50:03.168,7.79,42.16,0.00,655.4115592116787,OFF,DEPLOYED,AUTO
23:50:03.270,8.09,41.84,0.00,652.9220874286997,OFF,DEPLOYED,AUTO
23:50:03.370,8.38,41.50,0.00,650.4337925910866,OFF,DEPLOYED,AUTO
23:50:03.473,8.64,41.14,0.00,647.9467369060737,OFF,DEPLOYED,AUTO
23:50:03.573,8.88,40.77,0.00,645.4609825499269,OFF,DEPLOYED,AUTO
23:50:03.673,9.10,40.38,0.00,642.976591666376,OFF,DEPLOYED,AUTO
23:50:03.774,9.29,39.97,0.00,640.4936263650634,OFF,DEPLOYED,AUTO
23:50:03.875,9.47,39.55,0.00,638.0121487199958,OFF,DEPLOYED,AUTO
23:50:03.975,9.62,39.11,0.00,635.5322207679782,OFF,DEPLOYED,AUTO
23:50:04.076,9.74,38.66,0.00,633.0539045070838,OFF,DEPLOYED,AUTO
23:50:04.176,9.84,38.19,0.00,630.5772618950898,OFF,DEPLOYED,AUTO
23:50:04.278,9.92,37.71,0.00,628.1023548479327,OFF,DEPLOYED,AUTO
23:50:04.378,9.97,37.21,0.00,625.6292452381633,OFF,DEPLOYED,AUTO
23:50:04.478,10.00,36.70,0.00,623.157994893386,OFF,DEPLOYED,AUTO
23:50:04.581,10.00,36.17,0.00,620.6886655947341,OFF,DEPLOYED,AUTO
23:50:04.682,9.97,35.63,0.00,618.2213190753116,OFF,DEPLOYED,AUTO
23:50:04.796,9.93,35.07,0.00,615.7560170186529,OFF,DEPLOYED,AUTO
23:50:04.900,9.85,34.50,0.00,613.2928210571845,OFF,DEPLOYED,AUTO
23:50:05.002,9.75,33.91,0.00,610.8317927706701,OFF,DEPLOYED,AUTO
23:50:05.104,9.63,33.32,0.00,608.3729936846923,OFF,DEPLOYED,AUTO
23:50:05.206,9.49,32.70,0.00,605.9164852691003,OFF,DEPLOYED,AUTO
23:50:05.307,9.32,32.08,0.00,603.4623289364763,OFF,DEPLOYED,AUTO
23:50:05.409,9.12,31.44,0.00,601.0105860406043,OFF,DEPLOYED,AUTO
23:50:05.509,8.91,30.79,0.00,598.5613178749222,OFF,DEPLOYED,AUTO
23:50:05.610,8.67,30.13,0.00,596.11458567101,OFF,DEPLOYED,AUTO
23:50:05.711,8.41,29.46,0.00,593.6704505970453,OFF,DEPLOYED,AUTO
23:50:05.812,8.13,28.77,0.00,591.2289737562776,OFF,DEPLOYED,AUTO
23:50:05.915,7.82,28.07,0.00,588.7902161855044,OFF,DEPLOYED,AUTO
23:50:06.016,7.50,27.36,0.00,586.3542388535309,OFF,DEPLOYED,AUTO
23:50:06.118,7.16,26.64,0.00,583.921102659667,OFF,DEPLOYED,AUTO
23:50:06.217,6.81,25.91,0.00,581.4908684321908,OFF,DEPLOYED,AUTO
23:50:06.318,6.43,25.17,0.00,579.0635969268316,OFF,DEPLOYED,AUTO
23:50:06.419,6.04,24.42,0.00,576.6393488252537,OFF,DEPLOYED,AUTO
23:50:06.521,5.64,23.66,0.00,574.2181847335269,OFF,DEPLOYED,AUTO
23:50:06.623,5.22,22.89,0.00,571.8001651806305,OFF,DEPLOYED,AUTO
23:50:06.726,4.78,22.11,0.00,569.3853506169276,OFF,DEPLOYED,AUTO
23:50:06.826,4.34,21.32,0.00,566.9738014126564,OFF,DEPLOYED,AUTO
23:50:06.929,3.88,20.52,0.00,564.5655778564249,OFF,DEPLOYED,AUTO
23:50:07.033,3.42,19.72,0.00,562.1607401536896,OFF,DEPLOYED,AUTO
23:50:07.133,2.94,18.91,0.00,559.7593484252714,OFF,DEPLOYED,AUTO
23:50:07.233,2.46,18.09,0.00,557.3614627058384,OFF,DEPLOYED,AUTO
23:50:07.334,1.97,17.26,0.00,554.9671429424086,OFF,DEPLOYED,AUTO
23:50:07.438,1.48,16.42,0.00,552.5764489928549,OFF,DEPLOYED,AUTO
23:50:07.541,0.98,15.58,0.00,550.1894406243948,OFF,DEPLOYED,AUTO
23:50:07.640,0.49,14.74,0.00,547.8061775121163,OFF,DEPLOYED,AUTO
23:50:07.741,-0.01,13.88,0.00,545.4267192374733,OFF,DEPLOYED,AUTO
23:50:07.842,-0.51,13.02,0.00,543.0511252867987,OFF,DEPLOYED,AUTO
23:50:07.942,-1.01,12.16,0.00,540.6794550498208,OFF,DEPLOYED,AUTO
23:50:08.047,-1.51,11.29,0.00,538.3117678181654,OFF,DEPLOYED,AUTO
23:50:08.149,-2.00,10.42,0.00,535.9481227838934,OFF,DEPLOYED,AUTO
23:50:08.252,-2.49,9.54,0.00,533.5885790380073,OFF,DEPLOYED,AUTO
23:50:08.350,-2.97,8.66,0.00,531.2331955689781,OFF,DEPLOYED,AUTO
23:50:08.451,-3.44,7.77,0.00,528.882031261273,OFF,DEPLOYED,AUTO
23:50:08.552,-3.91,6.89,0.00,526.5351448938707,OFF,DEPLOYED,AUTO
23:50:08.653,-4.36,5.99,0.00,524.1925951388114,OFF,DEPLOYED,AUTO
23:50:08.755,-4.81,5.10,0.00,521.8544405597171,OFF,DEPLOYED,AUTO
23:50:08.854,-5.24,4.21,0.00,519.5207396103303,OFF,DEPLOYED,AUTO
23:50:08.955,-5.66,3.31,0.00,517.1915506330566,OFF,DEPLOYED,AUTO
23:50:09.057,-6.06,2.41,0.00,514.8669318574925,OFF,DEPLOYED,AUTO
23:50:09.157,-6.45,1.51,0.00,512.5469413989897,OFF,DEPLOYED,AUTO
23:50:09.258,-6.83,0.61,0.00,510.2316372571887,OFF,DEPLOYED,AUTO
23:50:09.360,-7.18,-0.29,0.00,507.9210773145726,OFF,DEPLOYED,AUTO
23:50:09.461,-7.52,-1.19,0.00,505.6153193350227,OFF,DEPLOYED,AUTO
23:50:09.560,-7.84,-2.09,0.00,503.314420962362,OFF,DEPLOYED,AUTO
23:50:09.662,-8.14,-2.99,0.00,501.0184397189332,OFF,DEPLOYED,AUTO
23:50:09.761,-8.42,-3.88,0.00,149.36371650207394,OFF,RETRACTED,AUTO
23:50:09.862,-8.68,-4.78,0.00,148.22072904652725,OFF,RETRACTED,AUTO
23:50:09.963,-8.92,-5.67,0.00,147.080286067455,OFF,RETRACTED,AUTO
23:50:10.064,-9.13,-6.56,0.00,145.94241607586903,OFF,RETRACTED,AUTO
23:50:10.174,-9.33,-7.45,0.00,144.80714751846153,OFF,RETRACTED,AUTO
23:50:10.278,-9.49,-8.34,0.00,143.67450877688728,OFF,RETRACTED,AUTO
23:50:10.378,-9.64,-9.22,0.00,142.54452816705583,OFF,RETRACTED,AUTO
23:50:10.478,-9.76,-10.10,0.00,141.41723393842517,OFF,RETRACTED,AUTO
23:50:10.580,-9.86,-10.98,0.00,140.2926542732891,OFF,RETRACTED,AUTO
23:50:10.682,-9.93,-11.85,0.00,139.1708172860823,OFF,RETRACTED,AUTO
23:50:10.783,-9.98,-12.71,0.00,138.05175102267097,OFF,RETRACTED,AUTO
23:50:10.883,-10.00,-13.57,0.00,136.93548345965348,OFF,RETRACTED,AUTO
23:50:10.985,-10.00,-14.43,0.00,135.82204250366226,OFF,RETRACTED,AUTO
23:50:11.085,-9.97,-15.28,0.00,134.71145599066014,OFF,RETRACTED,AUTO
23:50:11.186,-9.91,-16.12,0.00,133.60375168525366,OFF,RETRACTED,AUTO
23:50:11.286,-9.84,-16.96,0.00,132.4989572799927,OFF,RETRACTED,AUTO
23:50:11.387,-9.74,-17.79,0.00,131.39710039467994,OFF,RETRACTED,AUTO
23:50:11.488,-9.61,-18.61,0.00,130.29820857568166,OFF,RETRACTED,AUTO
23:50:11.588,-9.46,-19.43,0.00,129.20230929523294,OFF,RETRACTED,AUTO
23:50:11.696,-9.28,-20.23,0.00,128.1094299507603,OFF,RETRACTED,AUTO
23:50:11.795,-9.09,-21.03,0.00,127.01959786419044,OFF,RETRACTED,AUTO
23:50:11.896,-8.87,-21.83,0.00,125.93284028126875,OFF,RETRACTED,AUTO
23:50:11.997,-8.63,-22.61,0.00,124.84918437087974,OFF,RETRACTED,AUTO
23:50:12.098,-8.36,-23.38,0.00,123.76865722436168,OFF,RETRACTED,AUTO
23:50:12.199,-8.08,-24.15,0.00,122.69128585483843,OFF,RETRACTED,AUTO
23:50:12.300,-7.77,-24.90,0.00,121.61709719653817,OFF,RETRACTED,AUTO
23:50:12.402,-7.45,-25.65,0.00,120.5461181041214,OFF,RETRACTED,AUTO
23:50:12.502,-7.11,-26.38,0.00,119.47837535201117,OFF,RETRACTED,AUTO
23:50:12.603,-6.74,-27.10,0.00,118.41389563371763,OFF,RETRACTED,AUTO
23:50:12.703,-6.37,-27.82,0.00,117.35270556117979,OFF,RETRACTED,AUTO
23:50:12.804,-5.97,-28.52,0.00,116.29483166409423,OFF,RETRACTED,AUTO
23:50:12.905,-5.57,-29.21,0.00,115.24030038925329,OFF,RETRACTED,AUTO
23:50:13.006,-5.14,-29.89,0.00,114.18913809988535,OFF,RETRACTED,AUTO
23:50:13.108,-4.71,-30.55,0.00,113.14137107498996,OFF,RETRACTED,AUTO
23:50:13.207,-4.26,-31.21,0.00,112.09702550868963,OFF,RETRACTED,AUTO
23:50:13.307,-3.80,-31.85,0.00,111.05612750956917,OFF,RETRACTED,AUTO
23:50:13.408,-3.34,-32.48,0.00,110.01870310002431,OFF,RETRACTED,AUTO
23:50:13.509,-2.86,-33.10,0.00,108.98477821561272,OFF,RETRACTED,AUTO
23:50:13.609,-2.38,-33.70,0.00,107.95437870439977,OFF,RETRACTED,AUTO
23:50:13.711,-1.89,-34.29,0.00,106.927530326321,OFF,RETRACTED,AUTO
23:50:13.811,-1.40,-34.87,0.00,105.90425875253237,OFF,RETRACTED,AUTO
23:50:13.911,-0.90,-35.43,0.00,104.88458956476995,OFF,RETRACTED,AUTO
23:50:14.012,-0.40,-35.98,0.00,103.86854825471178,OFF,RETRACTED,AUTO
23:50:14.112,0.10,-36.51,0.00,102.8561602233348,OFF,RETRACTED,AUTO
23:50:14.213,0.60,-37.03,0.00,101.84745078028851,OFF,RETRACTED,AUTO
23:50:14.314,1.10,-37.53,0.00,100.84244514325641,OFF,RETRACTED,AUTO
23:50:14.414,1.59,-38.02,0.00,99.84116843732716,OFF,RETRACTED,AUTO
23:50:14.515,2.08,-38.49,0.00,98.84364569436761,OFF,RETRACTED,AUTO
23:50:14.616,2.57,-38.95,0.00,97.84990185239153,OFF,RETRACTED,AUTO
23:50:14.718,3.05,-39.40,0.00,96.85996175494472,OFF,RETRACTED,AUTO
23:50:14.822,3.52,-39.82,0.00,95.87385015047798,OFF,RETRACTED,AUTO
23:50:14.926,3.98,-40.23,0.00,94.8915916917301,OFF,RETRACTED,AUTO
23:50:15.025,4.44,-40.63,0.00,93.91321093511274,OFF,RETRACTED,AUTO
23:50:15.125,4.88,-41.01,0.00,92.9387323400911,OFF,RETRACTED,AUTO
23:50:15.227,5.31,-41.37,0.00,91.96818026858071,OFF,RETRACTED,AUTO
23:50:15.328,5.73,-41.72,0.00,91.00157898433275,OFF,RETRACTED,AUTO
23:50:15.428,6.13,-42.05,0.00,90.03895265232907,OFF,RETRACTED,AUTO
23:50:15.529,6.52,-42.36,0.00,89.08032533817914,OFF,RETRACTED,AUTO
23:50:15.630,6.89,-42.65,0.00,88.12572100751316,OFF,RETRACTED,AUTO
23:50:15.731,7.24,-42.93,0.00,87.17516352539107,OFF,RETRACTED,AUTO
23:50:15.832,7.58,-43.19,0.00,86.22867665570038,OFF,RETRACTED,AUTO
23:50:15.932,7.89,-43.44,0.00,85.28628406056353,OFF,RETRACTED,AUTO
23:50:16.033,8.19,-43.66,0.00,84.34800929974773,OFF,RETRACTED,AUTO
23:50:16.133,8.47,-43.87,0.00,83.41387583007034,OFF,RETRACTED,AUTO
23:50:16.234,8.72,-44.06,0.00,82.48390700482088,OFF,RETRACTED,AUTO
23:50:16.344,8.96,-44.24,0.00,81.55812607317154,OFF,RETRACTED,AUTO
23:50:16.443,9.17,-44.39,0.00,80.6365561795973,OFF,RETRACTED,AUTO
23:50:16.544,9.36,-44.53,0.00,79.71922036329892,OFF,RETRACTED,AUTO
23:50:16.645,9.52,-44.65,0.00,78.80614155762137,OFF,RETRACTED,AUTO
23:50:16.745,9.66,-44.75,0.00,77.89734258948852,OFF,RETRACTED,AUTO
23:50:16.847,9.78,-44.84,0.00,76.99284617882728,OFF,RETRACTED,AUTO
23:50:16.948,9.87,-44.91,0.00,76.09267493800081,OFF,RETRACTED,AUTO
23:50:17.048,9.94,-44.96,0.00,75.19685137124446,OFF,RETRACTED,AUTO
23:50:17.151,9.98,-44.99,0.00,74.30539787409825,OFF,RETRACTED,AUTO
23:50:17.252,10.00,-45.00,0.00,73.41833673285447,OFF,RETRACTED,AUTO
23:50:17.353,9.99,-44.99,0.00,72.53569012399538,OFF,RETRACTED,AUTO
23:50:17.454,9.96,-44.97,0.00,71.65748011364028,OFF,RETRACTED,AUTO
23:50:17.555,9.90,-44.93,0.00,70.78372865699492,OFF,RETRACTED,AUTO
23:50:17.656,9.82,-44.87,0.00,69.9144575977977,OFF,RETRACTED,AUTO
23:50:17.757,9.72,-44.79,0.00,69.04968866778114,OFF,RETRACTED,AUTO
23:50:17.858,9.59,-44.70,0.00,68.18944348612337,OFF,RETRACTED,AUTO
23:50:17.960,9.43,-44.59,0.00,67.33374355890916,OFF,RETRACTED,AUTO
23:50:18.061,9.25,-44.46,0.00,66.48261027859334,OFF,RETRACTED,AUTO
23:50:18.161,9.05,-44.31,0.00,65.63606492346116,OFF,RETRACTED,AUTO
23:50:18.262,8.83,-44.14,0.00,64.79412865710361,OFF,RETRACTED,AUTO
23:50:18.363,8.58,-43.96,0.00,63.9568225278835,OFF,RETRACTED,AUTO
23:50:18.463,8.32,-43.76,0.00,63.12416746841046,OFF,RETRACTED,AUTO
23:50:18.567,8.03,-43.54,0.00,62.296184295018776,OFF,RETRACTED,AUTO
23:50:18.669,7.72,-43.30,0.00,61.47289370724232,OFF,RETRACTED,AUTO
23:50:18.769,7.39,-43.05,0.00,60.654316287304084,OFF,RETRACTED,AUTO
23:50:18.871,7.05,-42.78,0.00,59.8404724995969,OFF,RETRACTED,AUTO
23:50:18.974,6.68,-42.49,0.00,59.0313826901731,OFF,RETRACTED,AUTO
23:50:19.076,6.30,-42.18,0.00,58.22706708623693,OFF,RETRACTED,AUTO
23:50:19.226,5.91,-41.86,0.00,57.4275457956343,OFF,RETRACTED,AUTO
23:50:19.345,5.50,-41.52,0.00,56.63283880635697,OFF,RETRACTED,AUTO
23:50:19.462,5.07,-41.17,0.00,55.84296598603828,OFF,RETRACTED,AUTO
23:50:19.572,4.63,-40.80,0.00,55.05794708145763,OFF,RETRACTED,AUTO
23:50:19.676,4.19,-40.41,0.00,54.27780171804781,OFF,RETRACTED,AUTO
23:50:19.824,3.73,-40.01,0.00,53.50254939940007,OFF,RETRACTED,AUTO
23:50:19.936,3.26,-39.59,0.00,52.73220950678311,OFF,RETRACTED,AUTO
23:50:20.082,2.78,-39.15,0.00,51.96680129865416,OFF,RETRACTED,AUTO
23:50:20.219,2.30,-38.70,0.00,51.206343910178504,OFF,RETRACTED,AUTO
23:50:20.358,1.81,-38.23,0.00,50.45085635275234,OFF,RETRACTED,AUTO
23:50:20.463,1.31,-37.75,0.00,49.70035751352313,OFF,RETRACTED,AUTO
23:50:20.575,0.82,-37.25,0.00,48.95486615492382,OFF,RETRACTED,AUTO
23:50:20.677,0.32,-36.74,0.00,48.21440091419953,OFF,RETRACTED,AUTO
23:50:20.785,-0.18,-36.21,0.00,47.478980302942745,OFF,RETRACTED,AUTO
23:50:20.885,-0.68,-35.67,0.00,46.748622706631494,OFF,RETRACTED,AUTO
23:50:20.985,-1.18,-35.12,0.00,46.02334638416551,OFF,RETRACTED,AUTO
23:50:21.088,-1.67,-34.55,0.00,45.303169467416126,OFF,RETRACTED,AUTO
23:50:21.188,-2.16,-33.96,0.00,44.588109960768804,OFF,RETRACTED,AUTO
23:50:21.292,-2.65,-33.36,0.00,43.878185740673956,OFF,RETRACTED,AUTO
23:50:21.394,-3.13,-32.75,0.00,43.173414555201106,OFF,RETRACTED,AUTO
23:50:21.511,-3.60,-32.13,0.00,42.47381402359113,OFF,RETRACTED,AUTO
23:50:21.613,-4.06,-31.49,0.00,41.77940163582193,OFF,RETRACTED,AUTO
23:50:21.726,-4.51,-30.84,0.00,41.09019475216701,OFF,RETRACTED,AUTO
23:50:21.828,-4.95,-30.18,0.00,40.40621060276263,OFF,RETRACTED,AUTO
23:50:21.928,-5.38,-29.51,0.00,39.727466287177776,OFF,RETRACTED,AUTO
23:50:22.028,-5.80,-28.82,0.00,39.05397877398309,OFF,RETRACTED,AUTO
23:50:22.129,-6.20,-28.13,0.00,38.385764900332305,OFF,RETRACTED,AUTO
23:50:22.232,-6.58,-27.42,0.00,37.72284137153744,OFF,RETRACTED,AUTO
23:50:22.334,-6.95,-26.70,0.00,37.06522476065226,OFF,RETRACTED,AUTO
23:50:22.435,-7.30,-25.97,0.00,36.41293150805859,OFF,RETRACTED,AUTO
23:50:22.537,-7.63,-25.23,0.00,35.765977921051956,OFF,RETRACTED,AUTO
23:50:22.643,-7.94,-24.48,0.00,35.124380173439334,OFF,RETRACTED,AUTO
23:50:22.746,-8.24,-23.72,0.00,34.488154305130934,OFF,RETRACTED,AUTO
23:50:22.851,-8.51,-22.95,0.00,33.857316221740376,OFF,RETRACTED,AUTO
23:50:22.953,-8.76,-22.17,0.00,33.231881694187706,OFF,RETRACTED,AUTO
23:50:23.054,-8.99,-21.38,0.00,32.611866358301796,OFF,RETRACTED,AUTO
23:50:23.164,-9.20,-20.59,0.00,31.997285714434668,OFF,RETRACTED,AUTO
23:50:23.275,-9.38,-19.78,0.00,31.388155127070377,OFF,RETRACTED,AUTO
23:50:23.380,-9.55,-18.97,0.00,30.78448982444189,OFF,RETRACTED,AUTO
23:50:23.492,-9.68,-18.15,0.00,30.18630489815115,OFF,RETRACTED,AUTO
23:50:23.596,-9.80,-17.32,0.00,29.59361530278852,OFF,RETRACTED,AUTO
23:50:23.699,-9.88,-16.49,0.00,29.006435855563865,OFF,RETRACTED,AUTO
23:50:23.801,-9.95,-15.65,0.00,28.4247812359327,OFF,RETRACTED,AUTO
23:50:23.902,-9.99,-14.80,0.00,27.848665985230298,OFF,RETRACTED,AUTO
23:50:24.003,-10.00,-13.95,0.00,27.278104506308722,OFF,RETRACTED,AUTO
23:50:24.104,-9.99,-13.09,0.00,26.713111063173557,OFF,RETRACTED,AUTO
23:50:24.207,-9.95,-12.23,0.00,26.153699780632337,OFF,RETRACTED,AUTO
23:50:24.310,-9.89,-11.36,0.00,25.599884643937912,OFF,RETRACTED,AUTO
23:50:24.413,-9.81,-10.49,0.00,25.05167949843994,OFF,RETRACTED,AUTO
23:50:24.514,-9.70,-9.61,0.00,24.509098049239242,OFF,RETRACTED,AUTO
23:50:24.615,-9.56,-8.73,0.00,23.972153860842184,OFF,RETRACTED,AUTO
23:50:24.716,-9.40,-7.84,0.00,23.440860356826363,OFF,RETRACTED,AUTO
23:50:24.817,-9.22,-6.96,0.00,22.91523081950166,OFF,RETRACTED,AUTO
23:50:24.919,-9.02,-6.07,0.00,22.395278389579204,OFF,RETRACTED,AUTO
23:50:25.019,-8.79,-5.17,0.00,21.881016065843312,OFF,RETRACTED,AUTO
23:50:25.120,-8.54,-4.28,0.00,21.372456704823833,OFF,RETRACTED,AUTO
23:50:25.223,-8.27,-3.38,0.00,20.869613020479107,OFF,RETRACTED,AUTO
23:50:25.323,-7.98,-2.48,0.00,20.372497583874974,OFF,RETRACTED,AUTO
23:50:25.424,-7.67,-1.58,0.00,19.881122822871504,OFF,RETRACTED,AUTO
23:50:25.528,-7.33,-0.68,0.00,19.395501021812805,OFF,RETRACTED,AUTO
23:50:25.626,-6.99,0.22,0.00,18.915644321217258,OFF,RETRACTED,AUTO
23:50:25.727,-6.62,1.12,0.00,18.441564717478002,OFF,RETRACTED,AUTO
23:50:25.827,-6.24,2.02,0.00,17.973274062560535,OFF,RETRACTED,AUTO
23:50:25.928,-5.84,2.91,0.00,17.51078406370678,OFF,RETRACTED,AUTO
23:50:26.029,-5.43,3.81,0.00,17.054106283143284,OFF,RETRACTED,AUTO
23:50:26.131,-5.00,4.71,0.00,16.603252137789468,OFF,RETRACTED,AUTO
23:50:26.232,-4.56,5.60,0.00,16.158232898976138,OFF,RETRACTED,AUTO
23:50:26.331,-4.11,6.49,0.00,15.719059692161125,OFF,RETRACTED,AUTO
23:50:26.432,-3.65,7.38,0.00,15.285743496651634,OFF,RETRACTED,AUTO
23:50:26.533,-3.18,8.27,0.00,14.858295145330686,OFF,RETRACTED,AUTO
23:50:26.636,-2.70,9.15,0.00,14.43672532438353,OFF,RETRACTED,AUTO
23:50:26.735,-2.22,10.03,0.00,14.021044573034345,OFF,RETRACTED,AUTO
23:50:26.837,-1.73,10.91,0.00,13.611263283280323,OFF,RETRACTED,AUTO
23:50:26.937,-1.23,11.78,0.00,13.207391699632268,OFF,RETRACTED,AUTO
23:50:27.040,-0.73,12.64,0.00,12.809439918859425,OFF,RETRACTED,AUTO
23:50:27.140,-0.23,13.50,0.00,12.417417889734338,OFF,RETRACTED,AUTO
23:50:27.242,0.27,14.36,0.00,12.03133541278791,OFF,RETRACTED,AUTO
23:50:27.342,0.77,15.21,0.00,11.651202140062026,OFF,RETRACTED,AUTO
23:50:27.447,1.26,16.05,0.00,11.277027574868612,OFF,RETRACTED,AUTO
23:50:27.546,1.76,16.89,0.00,10.908821071552893,OFF,RETRACTED,AUTO
23:50:27.647,2.25,17.72,0.00,10.546591835257232,OFF,RETRACTED,AUTO
23:50:27.748,2.73,18.55,0.00,10.190348921694124,OFF,RETRACTED,AUTO
23:50:27.849,3.21,19.36,0.00,9.840101236917917,OFF,RETRACTED,AUTO
23:50:27.950,3.68,20.17,0.00,9.495857537102495,OFF,RETRACTED,AUTO
23:50:28.051,4.14,20.97,0.00,9.157626428322885,OFF,RETRACTED,AUTO
23:50:28.153,4.59,21.76,0.00,8.825416366338203,OFF,RETRACTED,AUTO
23:50:28.253,5.03,22.55,0.00,8.499235656383206,OFF,RETRACTED,AUTO
23:50:28.353,5.45,23.32,0.00,8.179092452958656,OFF,RETRACTED,AUTO
23:50:28.453,5.86,24.09,0.00,7.86499475962799,OFF,RETRACTED,AUTO
23:50:28.554,6.26,24.84,0.00,7.556950428817572,OFF,RETRACTED,AUTO
23:50:28.654,6.64,25.59,0.00,7.254967161618737,OFF,RETRACTED,AUTO
23:50:28.755,7.01,26.32,0.00,6.9590525075979315,OFF,RETRACTED,AUTO
23:50:28.858,7.36,27.05,0.00,6.669213864606064,OFF,RETRACTED,AUTO
23:50:28.958,7.69,27.76,0.00,6.385458478594131,OFF,RETRACTED,AUTO
23:50:29.059,8.00,28.46,0.00,6.107793443432342,OFF,RETRACTED,AUTO
23:50:29.160,8.29,29.15,0.00,5.836225700731404,OFF,RETRACTED,AUTO
23:50:29.261,8.56,29.83,0.00,5.570762039671109,OFF,RETRACTED,AUTO
23:50:29.361,8.80,30.50,0.00,5.311409096829124,OFF,RETRACTED,AUTO
23:50:29.461,9.03,31.16,0.00,5.058173356015544,OFF,RETRACTED,AUTO
23:50:29.563,9.23,31.80,0.00,4.811061148111037,OFF,RETRACTED,AUTO
23:50:29.665,9.41,32.43,0.00,4.570078650907249,OFF,RETRACTED,AUTO
23:50:29.764,9.57,33.05,0.00,4.335231888954382,OFF,RETRACTED,AUTO
23:50:29.864,9.70,33.65,0.00,4.106526733409282,OFF,RETRACTED,AUTO
23:50:29.966,9.81,34.24,0.00,3.883968901888892,OFF,RETRACTED,AUTO
23:50:30.068,9.90,34.82,0.00,3.6675639583277473,OFF,RETRACTED,AUTO
23:50:30.167,9.96,35.38,0.00,3.4573173128375174,OFF,RETRACTED,AUTO
23:50:30.268,9.99,35.93,0.00,3.2532342215737344,OFF,RETRACTED,AUTO
23:50:30.369,10.00,36.47,0.00,3.055319786603036,OFF,RETRACTED,AUTO
23:50:30.469,9.98,36.99,0.00,2.863578955775978,OFF,RETRACTED,AUTO
23:50:30.572,9.94,37.49,0.00,2.678016522603599,OFF,RETRACTED,AUTO
23:50:30.671,9.88,37.98,0.00,2.498637126136572,OFF,RETRACTED,AUTO
23:50:30.772,9.79,38.46,0.00,2.32544525085072,OFF,RETRACTED,AUTO
23:50:30.873,9.67,38.92,0.00,2.158445226533871,OFF,RETRACTED,AUTO
23:50:30.974,9.54,39.36,0.00,1.9976412281779972,OFF,RETRACTED,AUTO
23:50:31.076,9.37,39.79,0.00,1.843037275874849,OFF,RETRACTED,AUTO
23:50:31.175,9.19,40.20,0.00,1.6946372347147474,OFF,RETRACTED,AUTO
23:50:31.277,8.98,40.60,0.00,1.5524448146912277,OFF,RETRACTED,AUTO
23:50:31.377,8.75,40.98,0.00,1.4164635706073625,OFF,RETRACTED,AUTO
23:50:31.479,8.49,41.34,0.00,1.2866969019871988,OFF,RETRACTED,AUTO
23:50:31.579,8.22,41.69,0.00,1.1631480529908629,OFF,RETRACTED,AUTO
23:50:31.680,7.93,42.02,0.00,1.045820112332791,OFF,RETRACTED,AUTO
23:50:31.783,7.61,42.33,0.00,0.9347160132055592,OFF,RETRACTED,AUTO
23:50:31.882,7.28,42.63,0.00,0.8298385332058729,OFF,RETRACTED,AUTO
23:50:31.982,6.93,42.91,0.00,0.7311902942652466,OFF,RETRACTED,AUTO
23:50:32.083,6.56,43.17,0.00,0.6387737625846626,OFF,RETRACTED,AUTO
23:50:32.184,6.17,43.42,0.00,0.5525912485723552,OFF,RETRACTED,AUTO
23:50:32.285,5.77,43.65,0.00,0.47264490678674065,OFF,RETRACTED,AUTO
23:50:32.386,5.35,43.86,0.00,0.39893673588233014,OFF,RETRACTED,AUTO
23:50:32.488,4.93,44.05,0.00,0.3314685785594236,OFF,RETRACTED,AUTO
23:50:32.589,4.48,44.22,0.00,0.2702421215186064,OFF,RETRACTED,AUTO
23:50:32.689,4.03,44.38,0.00,0.21525889541791798,OFF,RETRACTED,AUTO
23:50:32.789,3.57,44.52,0.00,0.1665202748352499,OFF,RETRACTED,AUTO
23:50:32.890,3.10,44.64,0.00,0.12402747823355753,OFF,RETRACTED,AUTO
23:50:32.993,2.62,44.75,0.00,0.08778156793053427,OFF,RETRACTED,AUTO
23:50:33.092,2.13,44.83,0.00,0.0577834500721508,OFF,RETRACTED,AUTO
23:50:33.194,1.64,44.90,0.00,0.034033874609633585,OFF,RETRACTED,AUTO
23:50:33.294,1.15,44.95,0.00,0.01653343528121809,OFF,RETRACTED,AUTO
23:50:33.395,0.65,44.98,0.00,0.005282569596943176,OFF,RETRACTED,AUTO
23:50:33.494,0.15,45.00,0.00,0.0002815588278792802,OFF,RETRACTED,AUTO
23:50:33.595,-0.35,45.00,0.00,0.0015305279990798226,OFF,RETRACTED,AUTO
23:50:33.697,-0.85,44.97,0.00,0.009029445886312715,OFF,RETRACTED,AUTO
23:50:33.797,-1.35,44.93,0.00,0.02277812501708354,OFF,RETRACTED,AUTO
23:50:33.899,-1.84,44.88,0.00,0.04277622167506934,OFF,RETRACTED,AUTO
23:50:33.998,-2.33,44.80,0.00,0.06902323590892934,OFF,RETRACTED,AUTO
23:50:34.100,-2.81,44.71,0.00,0.10151851154463998,OFF,RETRACTED,AUTO
23:50:34.199,-3.29,44.60,0.00,0.14026123620206477,OFF,RETRACTED,AUTO
23:50:34.300,-3.76,44.47,0.00,0.18525044131507684,OFF,RETRACTED,AUTO
23:50:34.401,-4.21,44.32,0.00,0.23648500215585955,OFF,RETRACTED,AUTO
23:50:34.501,-4.66,44.16,0.00,0.29396363786310076,OFF,RETRACTED,AUTO
23:50:34.602,-5.10,43.97,0.00,0.3576849114737968,OFF,RETRACTED,AUTO
23:50:34.705,-5.52,43.77,0.00,0.4276472299596321,OFF,RETRACTED,AUTO
23:50:34.810,-5.93,43.56,0.00,0.5038488442661446,OFF,RETRACTED,AUTO
23:50:34.918,-6.33,43.32,0.00,0.5862878493570065,OFF,RETRACTED,AUTO
23:50:35.017,-6.71,43.07,0.00,0.674962184261318,OFF,RETRACTED,AUTO
23:50:35.118,-7.07,42.80,0.00,0.7698696321252498,OFF,RETRACTED,AUTO
23:50:35.219,-7.41,42.51,0.00,0.8710078202677778,OFF,RETRACTED,AUTO
23:50:35.320,-7.74,42.21,0.00,0.9783742202393455,OFF,RETRACTED,AUTO
23:50:35.420,-8.05,41.89,0.00,1.0919661478855573,OFF,RETRACTED,AUTO
23:50:35.523,-8.33,41.55,0.00,1.21178076341414,OFF,RETRACTED,AUTO
23:50:35.623,-8.60,41.20,0.00,1.3378150714657124,OFF,RETRACTED,AUTO
23:50:35.724,-8.84,40.83,0.00,1.4700659211895584,OFF,RETRACTED,AUTO
23:50:35.825,-9.07,40.44,0.00,1.608530006321132,OFF,RETRACTED,AUTO
23:50:35.926,-9.26,40.04,0.00,1.7532038652655046,OFF,RETRACTED,AUTO
23:50:36.027,-9.44,39.62,0.00,1.9040838811837375,OFF,RETRACTED,AUTO
23:50:36.128,-9.59,39.19,0.00,2.0611662820830645,OFF,RETRACTED,AUTO
23:50:36.229,-9.72,38.74,0.00,2.2244471409120763,OFF,RETRACTED,AUTO
23:50:36.329,-9.83,38.27,0.00,2.393922375657638,OFF,RETRACTED,AUTO
23:50:36.430,-9.91,37.79,0.00,2.5695877494476917,OFF,RETRACTED,AUTO
23:50:36.530,-9.96,37.29,0.00,2.7514388706569832,OFF,RETRACTED,AUTO
23:50:36.633,-9.99,36.78,0.00,2.939471193016743,OFF,RETRACTED,AUTO
23:50:36.734,-10.00,36.25,0.00,3.133680015729226,OFF,RETRACTED,AUTO
23:50:36.835,-9.98,35.71,0.00,3.3340604835836984,OFF,RETRACTED,AUTO
23:50:36.934,-9.93,35.16,0.00,3.5406075870789095,OFF,RETRACTED,AUTO
23:50:37.035,-9.87,34.59,0.00,3.753316162548032,OFF,RETRACTED,AUTO
23:50:37.136,-9.77,34.01,0.00,3.9721808922874686,OFF,RETRACTED,AUTO
23:50:37.237,-9.65,33.41,0.00,4.197196304690948,OFF,RETRACTED,AUTO
23:50:37.338,-9.51,32.80,0.00,4.428356774384639,OFF,RETRACTED,AUTO
23:50:37.441,-9.34,32.18,0.00,4.665656522368749,OFF,RETRACTED,AUTO
23:50:37.543,-9.15,31.55,0.00,4.909089616162021,OFF,RETRACTED,AUTO
23:50:37.644,-8.94,30.90,0.00,5.15864996994938,OFF,RETRACTED,AUTO
23:50:37.743,-8.71,30.24,0.00,5.4143313447357,OFF,RETRACTED,AUTO
23:50:37.844,-8.45,29.56,0.00,5.676127348499591,OFF,RETRACTED,AUTO
23:50:37.949,-8.17,28.88,0.00,5.944031436354578,OFF,RETRACTED,AUTO
23:50:38.052,-7.87,28.18,0.00,6.218036910712442,OFF,RETRACTED,AUTO
23:50:38.153,-7.56,27.48,0.00,6.49813692145014,OFF,RETRACTED,AUTO
23:50:38.255,-7.22,26.76,0.00,6.784324466082836,OFF,RETRACTED,AUTO
23:50:38.354,-6.86,26.03,0.00,7.076592389936451,OFF,RETRACTED,AUTO
23:50:38.457,-6.49,25.29,0.00,7.374933386328024,OFF,RETRACTED,AUTO
23:50:38.556,-6.10,24.54,0.00,7.67933999674824,OFF,RETRACTED,AUTO
23:50:38.657,-5.70,23.78,0.00,7.989804611047248,OFF,RETRACTED,AUTO
23:50:38.759,-5.28,23.01,0.00,8.306319467626736,OFF,RETRACTED,AUTO
23:50:38.859,-4.85,22.23,0.00,8.628876653631352,OFF,RETRACTED,AUTO
23:50:38.961,-4.41,21.45,0.00,8.957468105148223,OFF,RETRACTED,AUTO
23:50:39.060,-3.95,20.65,0.00,9.292085607408183,OFF,RETRACTED,AUTO
23:50:39.161,-3.49,19.85,0.00,9.632720794990604,OFF,RETRACTED,AUTO
23:50:39.262,-3.02,19.04,0.00,9.979365152034546,OFF,RETRACTED,AUTO
23:50:39.362,-2.54,18.22,0.00,10.332010012448592,OFF,RETRACTED,AUTO
23:50:39.463,-2.05,17.39,0.00,10.690646560129665,OFF,RETRACTED,AUTO
23:50:39.564,-1.56,16.56,0.00,11.05526582918273,OFF,RETRACTED,AUTO
23:50:39.665,-1.06,15.72,0.00,11.425858704144474,OFF,RETRACTED,AUTO
23:50:39.768,-0.57,14.87,0.00,11.802415920213434,OFF,RETRACTED,AUTO
23:50:39.868,-0.07,14.02,0.00,12.184928063478282,OFF,RETRACTED,AUTO
23:50:39.968,0.43,13.16,0.00,12.573385571155399,OFF,RETRACTED,AUTO
23:50:40.070,0.93,12.30,0.00,12.967778731827224,OFF,RETRACTED,AUTO
23:50:40.171,1.43,11.43,0.00,13.368097685684774,OFF,RETRACTED,AUTO
23:50:40.270,1.92,10.56,0.00,13.774332424776219,OFF,RETRACTED,AUTO
23:50:40.371,2.41,9.68,0.00,14.186472793253643,OFF,RETRACTED,AUTO
23:50:40.472,2.89,8.80,0.00,14.60450848762926,OFF,RETRACTED,AUTO
23:50:40.573,3.37,7.91,0.00,15.028429057032525,OFF,RETRACTED,AUTO
23:50:40.674,3.83,7.03,0.00,15.458223903470667,OFF,RETRACTED,AUTO
23:50:40.774,4.29,6.14,0.00,15.893882282096143,OFF,RETRACTED,AUTO
23:50:40.875,4.74,5.24,0.00,16.335393301471584,OFF,RETRACTED,AUTO
23:50:40.975,5.17,4.35,0.00,16.782745923844402,OFF,RETRACTED,AUTO
23:50:41.076,5.59,3.45,0.00,17.23592896542246,OFF,RETRACTED,AUTO
23:50:41.177,6.00,2.55,0.00,17.694931096652596,OFF,RETRACTED,AUTO
23:50:41.277,6.39,1.66,0.00,18.15974084250678,OFF,RETRACTED,AUTO
23:50:41.378,6.77,0.76,0.00,18.630346582764844,OFF,RETRACTED,AUTO
23:50:41.481,7.13,-0.14,0.00,19.106736552307893,OFF,RETRACTED,AUTO
23:50:41.581,7.47,-1.04,0.00,19.588898841411464,OFF,RETRACTED,AUTO
23:50:41.683,7.79,-1.94,0.00,20.07682139604273,OFF,RETRACTED,AUTO
23:50:41.784,8.10,-2.84,0.00,20.57049201816463,OFF,RETRACTED,AUTO
23:50:41.885,8.38,-3.74,0.00,21.069898366036654,OFF,RETRACTED,AUTO
23:50:41.985,8.64,-4.64,0.00,21.575027954526092,OFF,RETRACTED,AUTO
23:50:42.086,8.88,-5.53,0.00,22.085868155419547,OFF,RETRACTED,AUTO
23:50:42.187,9.10,-6.42,0.00,22.602406197737878,OFF,RETRACTED,AUTO
23:50:42.287,9.30,-7.31,0.00,23.124629168058362,OFF,RETRACTED,AUTO
23:50:42.390,9.47,-8.20,0.00,23.652524010833247,OFF,RETRACTED,AUTO
23:50:42.490,9.62,-9.08,0.00,24.186077528718954,OFF,RETRACTED,AUTO
23:50:42.591,9.74,-9.96,0.00,24.72527638290532,OFF,RETRACTED,AUTO
23:50:42.692,9.84,-10.84,0.00,25.270107093448274,OFF,RETRACTED,AUTO
23:50:42.792,9.92,-11.71,0.00,25.82055603961001,OFF,RETRACTED,AUTO
23:50:42.895,9.97,-12.57,0.00,26.376609460194743,OFF,RETRACTED,AUTO
23:50:42.993,10.00,-13.44,0.00,26.938253453895953,OFF,RETRACTED,AUTO
23:50:43.098,10.00,-14.29,0.00,27.505473979643,OFF,RETRACTED,AUTO
23:50:43.199,9.97,-15.14,0.00,28.078256856951526,OFF,RETRACTED,AUTO
23:50:43.299,9.92,-15.99,0.00,28.656587766281035,OFF,RETRACTED,AUTO
23:50:43.401,9.85,-16.83,0.00,29.240452249388085,OFF,RETRACTED,AUTO
23:50:43.501,9.75,-17.66,0.00,29.829835709691025,OFF,RETRACTED,AUTO
23:50:43.602,9.63,-18.48,0.00,30.42472341263405,OFF,RETRACTED,AUTO
23:50:43.703,9.48,-19.30,0.00,31.025100486054697,OFF,RETRACTED,AUTO
23:50:43.803,9.31,-20.11,0.00,31.630951920559085,OFF,RETRACTED,AUTO
23:50:43.904,9.12,-20.91,0.00,32.24226256989212,OFF,RETRACTED,AUTO
23:50:44.007,8.90,-21.70,0.00,32.85901715131939,OFF,RETRACTED,AUTO
23:50:44.107,8.67,-22.48,0.00,33.481200246008456,OFF,RETRACTED,AUTO
23:50:44.210,8.40,-23.26,0.00,34.10879629941343,OFF,RETRACTED,AUTO
23:50:44.311,8.12,-24.03,0.00,34.74178962166752,OFF,RETRACTED,AUTO
23:50:44.412,7.82,-24.78,0.00,35.38016438796973,OFF,RETRACTED,AUTO
23:50:44.511,7.50,-25.53,0.00,36.023904638984106,OFF,RETRACTED,AUTO
23:50:44.614,7.16,-26.26,0.00,36.672994281237976,OFF,RETRACTED,AUTO
23:50:44.713,6.80,-26.99,0.00,37.32741708752309,OFF,RETRACTED,AUTO
23:50:44.814,6.43,-27.70,0.00,37.98715669730524,OFF,RETRACTED,AUTO
23:50:44.916,6.04,-28.41,0.00,38.65219661712766,OFF,RETRACTED,AUTO
23:50:45.016,5.63,-29.10,0.00,39.32252022102696,OFF,RETRACTED,AUTO
23:50:45.116,5.21,-29.78,0.00,39.99811075094797,OFF,RETRACTED,AUTO
23:50:45.217,4.78,-30.45,0.00,40.67895131716165,OFF,RETRACTED,AUTO
23:50:45.318,4.33,-31.11,0.00,41.365024898691274,OFF,RETRACTED,AUTO
23:50:45.419,3.88,-31.75,0.00,42.056314343732,OFF,RETRACTED,AUTO
23:50:45.519,3.41,-32.38,0.00,42.75280237008374,OFF,RETRACTED,AUTO
23:50:45.620,2.94,-33.00,0.00,43.45447156558214,OFF,RETRACTED,AUTO
23:50:45.721,2.46,-33.60,0.00,44.16130438853281,OFF,RETRACTED,AUTO
23:50:45.821,1.97,-34.20,0.00,44.873283168154046,OFF,RETRACTED,AUTO
23:50:45.922,1.48,-34.77,0.00,45.590390105012375,OFF,RETRACTED,AUTO
23:50:46.026,0.98,-35.34,0.00,46.31260727147176,OFF,RETRACTED,AUTO
23:50:46.125,0.48,-35.89,0.00,47.03991661214067,OFF,RETRACTED,AUTO
23:50:46.228,-0.02,-36.42,0.00,47.772299944322384,OFF,RETRACTED,AUTO
23:50:46.329,-0.52,-36.95,0.00,48.50973895847389,OFF,RETRACTED,AUTO
23:50:46.428,-1.02,-37.45,0.00,49.25221521865714,OFF,RETRACTED,AUTO
23:50:46.530,-1.51,-37.94,0.00,49.999710163004295,OFF,RETRACTED,AUTO
23:50:46.637,-2.00,-38.42,0.00,50.752205104180774,OFF,RETRACTED,AUTO
23:50:46.741,-2.49,-38.88,0.00,51.509681229851054,OFF,RETRACTED,AUTO
23:50:46.842,-2.97,-39.33,0.00,52.27211960315361,OFF,RETRACTED,AUTO
23:50:46.943,-3.45,-39.76,0.00,53.03950116316784,OFF,RETRACTED,AUTO
23:50:47.046,-3.91,-40.17,0.00,53.811806725394604,OFF,RETRACTED,AUTO
23:50:47.147,-4.37,-40.57,0.00,54.58901698223511,OFF,RETRACTED,AUTO
23:50:47.247,-4.81,-40.95,0.00,55.37111250347229,OFF,RETRACTED,AUTO
23:50:47.347,-5.24,-41.31,0.00,56.15807373676111,OFF,RETRACTED,AUTO
23:50:47.448,-5.66,-41.66,0.00,56.949881008110566,OFF,RETRACTED,AUTO
23:50:47.549,-6.07,-41.99,0.00,57.74651452238015,OFF,RETRACTED,AUTO
23:50:47.651,-6.46,-42.31,0.00,58.54795436377353,OFF,RETRACTED,AUTO
23:50:47.752,-6.83,-42.61,0.00,59.354180496335175,OFF,RETRACTED,AUTO
23:50:47.854,-7.19,-42.89,0.00,60.16517276445609,OFF,RETRACTED,AUTO
23:50:47.956,-7.52,-43.15,0.00,60.98091089337069,OFF,RETRACTED,AUTO
23:50:48.058,-7.84,-43.40,0.00,61.801374489668234,OFF,RETRACTED,AUTO
23:50:48.158,-8.14,-43.63,0.00,62.62654304180151,OFF,RETRACTED,AUTO
23:50:48.259,-8.42,-43.84,0.00,63.45639592059857,OFF,RETRACTED,AUTO
23:50:48.361,-8.68,-44.03,0.00,64.29091237978295,OFF,RETRACTED,AUTO
23:50:48.461,-8.92,-44.21,0.00,65.13007155648555,OFF,RETRACTED,AUTO
23:50:48.562,-9.14,-44.37,0.00,65.97385247177056,OFF,RETRACTED,AUTO
23:50:48.662,-9.33,-44.51,0.00,66.82223403115913,OFF,RETRACTED,AUTO
23:50:48.763,-9.50,-44.63,0.00,67.6751950251552,OFF,RETRACTED,AUTO
23:50:48.864,-9.64,-44.74,0.00,68.53271412978077,OFF,RETRACTED,AUTO
23:50:48.965,-9.76,-44.83,0.00,69.3947699071017,OFF,RETRACTED,AUTO
23:50:49.066,-9.86,-44.90,0.00,70.26134080576844,OFF,RETRACTED,AUTO
23:50:49.167,-9.93,-44.95,0.00,71.13240516155363,OFF,RETRACTED,AUTO
23:50:49.267,-9.98,-44.98,0.00,72.00794119789259,OFF,RETRACTED,AUTO
23:50:49.370,-10.00,-45.00,0.00,72.88792702643238,OFF,RETRACTED,AUTO
23:50:49.469,-10.00,-45.00,0.00,73.77234064757192,OFF,RETRACTED,AUTO
23:50:49.572,-9.97,-44.98,0.00,74.66115995101683,OFF,RETRACTED,AUTO
23:50:49.671,-9.91,-44.94,0.00,75.5543627163307,OFF,RETRACTED,AUTO
23:50:49.773,-9.84,-44.88,0.00,76.45192661348969,OFF,RETRACTED,AUTO
23:50:49.873,-9.73,-44.81,0.00,77.35382920344566,OFF,RETRACTED,AUTO
23:50:49.974,-9.61,-44.72,0.00,78.26004793867958,OFF,RETRACTED,AUTO
23:50:50.075,-9.46,-44.61,0.00,79.17056016377026,OFF,RETRACTED,AUTO
23:50:50.177,-9.28,-44.48,0.00,80.08534311595946,OFF,RETRACTED,AUTO
23:50:50.278,-9.09,-44.33,0.00,81.00437392571973,OFF,RETRACTED,AUTO
23:50:50.377,-8.87,-44.17,0.00,81.92762961733138,OFF,RETRACTED,AUTO
23:50:50.478,-8.62,-43.99,0.00,82.85508710944882,OFF,RETRACTED,AUTO
23:50:50.579,-8.36,-43.79,0.00,83.78672321568303,OFF,RETRACTED,AUTO
23:50:50.681,-8.07,-43.57,0.00,84.72251464517996,OFF,RETRACTED,AUTO
23:50:50.782,-7.77,-43.34,0.00,85.6624380032012,OFF,RETRACTED,AUTO
23:50:50.882,-7.45,-43.09,0.00,86.60646979171449,OFF,RETRACTED,AUTO
23:50:50.983,-7.10,-42.82,0.00,87.55458640997287,OFF,RETRACTED,AUTO
23:50:51.084,-6.74,-42.54,0.00,88.50676415511035,OFF,RETRACTED,AUTO
23:50:51.185,-6.36,-42.23,0.00,89.46297922273286,OFF,RETRACTED,AUTO
23:50:51.285,-5.97,-41.92,0.00,90.42320770751215,OFF,RETRACTED,AUTO
23:50:51.386,-5.56,-41.58,0.00,91.38742560378881,OFF,RETRACTED,AUTO
23:50:51.489,-5.14,-41.23,0.00,92.3556088061643,OFF,RETRACTED,AUTO
23:50:51.588,-4.70,-40.86,0.00,93.32773311010902,OFF,RETRACTED,AUTO
23:50:51.688,-4.26,-40.47,0.00,94.303774212566,OFF,RETRACTED,AUTO
23:50:51.796,-3.80,-40.07,0.00,95.28370771255709,OFF,RETRACTED,AUTO
23:50:51.896,-3.33,-39.65,0.00,96.26750911179863,OFF,RETRACTED,AUTO
23:50:51.997,-2.86,-39.22,0.00,97.25515381530548,OFF,RETRACTED,AUTO
23:50:52.098,-2.37,-38.77,0.00,98.2466171320115,OFF,RETRACTED,AUTO
23:50:52.198,-1.89,-38.31,0.00,99.24187427538541,OFF,RETRACTED,AUTO
23:50:52.299,-1.39,-37.83,0.00,100.24090036404903,OFF,RETRACTED,AUTO
23:50:52.400,-0.90,-37.33,0.00,101.24367042240505,OFF,RETRACTED,AUTO
23:50:52.502,-0.40,-36.82,0.00,102.25015938125276,OFF,RETRACTED,AUTO
23:50:52.601,0.10,-36.30,0.00,103.26034207842068,OFF,RETRACTED,AUTO
23:50:52.702,0.60,-35.76,0.00,104.27419325939391,OFF,RETRACTED,AUTO
23:50:52.804,1.10,-35.20,0.00,105.29168757794434,OFF,RETRACTED,AUTO
23:50:52.907,1.60,-34.64,0.00,106.31279959676993,OFF,RETRACTED,AUTO
23:50:53.010,2.09,-34.06,0.00,107.33750378812186,OFF,RETRACTED,AUTO
23:50:53.112,2.57,-33.46,0.00,108.36577453444878,OFF,RETRACTED,AUTO
23:50:53.212,3.05,-32.85,0.00,109.39758612903555,OFF,RETRACTED,AUTO
23:50:53.313,3.52,-32.23,0.00,110.4329127766446,OFF,RETRACTED,AUTO
23:50:53.414,3.99,-31.60,0.00,111.47172859416659,OFF,RETRACTED,AUTO
23:50:53.515,4.44,-30.95,0.00,112.5140076112587,OFF,RETRACTED,AUTO
23:50:53.616,4.88,-30.29,0.00,113.55972377099985,OFF,RETRACTED,AUTO
23:50:53.717,5.31,-29.62,0.00,114.60885093054043,OFF,RETRACTED,AUTO
23:50:53.819,5.73,-28.93,0.00,115.66136286175467,OFF,RETRACTED,AUTO
23:50:53.920,6.13,-28.24,0.00,116.71723325190203,OFF,RETRACTED,AUTO
23:50:54.019,6.52,-27.53,0.00,117.77643570427631,OFF,RETRACTED,AUTO
23:50:54.120,6.89,-26.82,0.00,118.83894373887136,OFF,RETRACTED,AUTO
23:50:54.222,7.24,-26.09,0.00,119.90473079304161,OFF,RETRACTED,AUTO
23:50:54.322,7.58,-25.35,0.00,120.97377022216477,OFF,RETRACTED,AUTO
23:50:54.423,7.90,-24.60,0.00,122.04603530031378,OFF,RETRACTED,AUTO
23:50:54.525,8.19,-23.84,0.00,123.12149922091598,OFF,RETRACTED,AUTO
23:50:54.625,8.47,-23.07,0.00,124.20013509742944,OFF,RETRACTED,AUTO
23:50:54.725,8.72,-22.30,0.00,125.2819159640134,OFF,RETRACTED,AUTO
23:50:54.827,8.96,-21.51,0.00,126.36681477620097,OFF,RETRACTED,AUTO
23:50:54.927,9.17,-20.72,0.00,127.45480441158146,OFF,RETRACTED,AUTO
23:50:55.027,9.36,-19.91,0.00,128.5458576704691,OFF,RETRACTED,AUTO
23:50:55.129,9.52,-19.10,0.00,129.63994727658928,OFF,RETRACTED,AUTO
23:50:55.230,9.66,-18.28,0.00,130.73704587775876,OFF,RETRACTED,AUTO
23:50:55.331,9.78,-17.46,0.00,131.8371260465682,OFF,RETRACTED,AUTO
23:50:55.433,9.87,-16.62,0.00,132.94016028107364,OFF,RETRACTED,AUTO
23:50:55.532,9.94,-15.78,0.00,134.04612100547524,OFF,RETRACTED,AUTO
23:50:55.633,9.98,-14.94,0.00,135.15498057081243,OFF,RETRACTED,AUTO
23:50:55.736,10.00,-14.09,0.00,136.2667112556539,OFF,RETRACTED,AUTO
23:50:55.835,9.99,-13.23,0.00,137.38128526678872,OFF,RETRACTED,AUTO
23:50:55.936,9.96,-12.37,0.00,138.49867473992794,OFF,RETRACTED,AUTO
23:50:56.037,9.90,-11.50,0.00,139.61885174039128,OFF,RETRACTED,AUTO
23:50:56.138,9.82,-10.63,0.00,140.7417882638121,OFF,RETRACTED,AUTO
23:50:56.238,9.71,-9.75,0.00,141.86745623683584,OFF,RETRACTED,AUTO
23:50:56.339,9.58,-8.87,0.00,142.99582751782015,OFF,RETRACTED,AUTO
23:50:56.439,9.43,-7.99,0.00,144.12687389754495,OFF,RETRACTED,AUTO
23:50:56.540,9.25,-7.10,0.00,145.26056709990814,OFF,RETRACTED,AUTO
23:50:56.642,9.05,-6.21,0.00,146.39687878263862,OFF,RETRACTED,AUTO
23:50:56.743,8.83,-5.32,0.00,147.5357805380036,OFF,RETRACTED,AUTO
23:50:56.843,8.58,-4.42,0.00,148.6772438935168,OFF,RETRACTED,AUTO
23:50:56.944,8.31,-3.52,0.00,149.82124031265707,OFF,RETRACTED,AUTO
23:50:57.045,8.02,-2.63,0.00,150.96774119557188,OFF,RETRACTED,AUTO
23:50:57.145,7.72,-1.73,0.00,152.11671787979887,OFF,RETRACTED,AUTO
23:50:57.248,7.39,-0.83,0.00,153.2681416409808,OFF,RETRACTED,AUTO
23:50:57.347,7.04,0.07,0.00,154.42198369358192,OFF,RETRACTED,AUTO
23:50:57.448,6.68,0.97,0.00,155.57821519161436,OFF,RETRACTED,AUTO
23:50:57.552,6.30,1.87,0.00,156.7368072293492,OFF,RETRACTED,AUTO
23:50:57.653,5.90,2.77,0.00,157.89773084204586,OFF,RETRACTED,AUTO
23:50:57.753,5.49,3.67,0.00,159.06095700667447,OFF,RETRACTED,AUTO
23:50:57.854,5.07,4.56,0.00,160.22645664263987,OFF,RETRACTED,AUTO
23:50:57.956,4.63,5.46,0.00,161.39420061251514,OFF,RETRACTED,AUTO
23:50:58.056,4.18,6.35,0.00,162.56415972276022,OFF,RETRACTED,AUTO
23:50:58.156,3.72,7.24,0.00,163.7363047244583,OFF,RETRACTED,AUTO
23:50:58.258,3.25,8.13,0.00,164.91060631404537,OFF,RETRACTED,AUTO
23:50:58.358,2.78,9.01,0.00,166.0870351340412,OFF,RETRACTED,AUTO
23:50:58.458,2.29,9.89,0.00,167.26556177378987,OFF,RETRACTED,AUTO
23:50:58.559,1.80,10.77,0.00,168.44615677018513,OFF,RETRACTED,AUTO
23:50:58.670,1.31,11.64,0.00,169.6287906084135,OFF,RETRACTED,AUTO
23:50:58.773,0.81,12.51,0.00,170.81343372269072,OFF,RETRACTED,AUTO
23:50:58.874,0.31,13.37,0.00,172.00005649699887,OFF,RETRACTED,AUTO
23:50:58.975,-0.19,14.22,0.00,173.18862926583378,OFF,RETRACTED,AUTO
23:50:59.077,-0.69,15.08,0.00,174.37912231493647,OFF,RETRACTED,AUTO
23:50:59.178,-1.18,15.92,0.00,175.5715058820427,OFF,RETRACTED,AUTO
23:50:59.280,-1.68,16.76,0.00,176.7657501576254,OFF,RETRACTED,AUTO
23:50:59.380,-2.17,17.59,0.00,177.96182528563816,OFF,RETRACTED,AUTO
23:50:59.482,-2.65,18.42,0.00,179.15970136426853,OFF,RETRACTED,AUTO
23:50:59.583,-3.13,19.23,0.00,180.35934844667517,OFF,RETRACTED,AUTO
23:50:59.685,-3.60,20.04,0.00,181.56073654174355,OFF,RETRACTED,AUTO
23:50:59.784,-4.07,20.84,0.00,182.76383561483382,OFF,RETRACTED,AUTO
23:50:59.885,-4.52,21.64,0.00,183.96861558853016,OFF,RETRACTED,AUTO
23:50:59.987,-4.96,22.42,0.00,185.17504634339934,OFF,RETRACTED,AUTO
23:51:00.086,-5.38,23.20,0.00,186.38309771873367,OFF,RETRACTED,AUTO
23:51:00.187,-5.80,23.96,0.00,187.5927395133116,OFF,RETRACTED,AUTO
23:51:00.289,-6.20,24.72,0.00,188.8039414861514,OFF,RETRACTED,AUTO
23:51:00.389,-6.58,25.47,0.00,190.01667335726495,OFF,RETRACTED,AUTO
23:51:00.489,-6.95,26.21,0.00,191.23090480842222,OFF,RETRACTED,AUTO
23:51:00.592,-7.30,26.93,0.00,192.4466054838984,OFF,RETRACTED,AUTO
23:51:00.692,-7.63,27.65,0.00,193.66374499123987,OFF,RETRACTED,AUTO
23:51:00.793,-7.95,28.35,0.00,194.8822929020224,OFF,RETRACTED,AUTO
23:51:00.893,-8.24,29.05,0.00,196.10221875260996,OFF,RETRACTED,AUTO
23:51:00.996,-8.51,29.73,0.00,197.32349204492323,OFF,RETRACTED,AUTO
23:51:01.095,-8.77,30.40,0.00,198.54608224719183,OFF,RETRACTED,AUTO
23:51:01.196,-8.99,31.05,0.00,199.76995879472435,OFF,RETRACTED,AUTO
23:51:01.298,-9.20,31.70,0.00,601.9901821813418,OFF,DEPLOYED,AUTO
23:51:01.398,-9.39,32.33,0.00,604.4428970135721,OFF,DEPLOYED,AUTO
23:51:01.499,-9.55,32.95,0.00,606.8980007684037,OFF,DEPLOYED,AUTO
23:51:01.600,-9.68,33.56,0.00,609.3554320683669,OFF,DEPLOYED,AUTO
23:51:01.700,-9.80,34.15,0.00,611.8151294778074,OFF,DEPLOYED,AUTO
23:51:01.801,-9.88,34.73,0.00,614.2770315044181,OFF,DEPLOYED,AUTO
23:51:01.902,-9.95,35.29,0.00,616.7410766007729,OFF,DEPLOYED,AUTO
23:51:02.003,-9.99,35.85,0.00,619.2072031658797,OFF,DEPLOYED,AUTO
23:51:02.103,-10.00,36.38,0.00,621.6753495466994,OFF,DEPLOYED,AUTO
23:51:02.204,-9.99,36.91,0.00,624.1454540397011,OFF,DEPLOYED,AUTO
23:51:02.306,-9.95,37.41,0.00,626.617454892401,OFF,DEPLOYED,AUTO
23:51:02.409,-9.89,37.91,0.00,629.0912903049032,OFF,DEPLOYED,AUTO
23:51:02.508,-9.80,38.38,0.00,631.5668984314581,OFF,DEPLOYED,AUTO
23:51:02.610,-9.69,38.84,0.00,634.0442173819879,OFF,DEPLOYED,AUTO
23:51:02.712,-9.56,39.29,0.00,636.5231852236479,OFF,DEPLOYED,AUTO
23:51:02.813,-9.40,39.72,0.00,639.0037399823714,OFF,DEPLOYED,AUTO
23:51:02.914,-9.22,40.14,0.00,641.4858196444148,OFF,DEPLOYED,AUTO
23:51:03.015,-9.01,40.54,0.00,643.9693621579231,OFF,DEPLOYED,AUTO
23:51:03.116,-8.79,40.92,0.00,646.4543054344592,OFF,DEPLOYED,AUTO
23:51:03.217,-8.54,41.28,0.00,648.9405873505705,OFF,DEPLOYED,AUTO
23:51:03.318,-8.27,41.63,0.00,651.4281457493388,OFF,DEPLOYED,AUTO
23:51:03.418,-7.97,41.97,0.00,653.91691844193,OFF,DEPLOYED,AUTO
23:51:03.519,-7.66,42.28,0.00,656.4068432091635,OFF,DEPLOYED,AUTO
23:51:03.620,-7.33,42.58,0.00,658.8978578030463,OFF,DEPLOYED,AUTO
23:51:03.722,-6.98,42.87,0.00,661.3898999483433,OFF,DEPLOYED,AUTO
23:51:03.825,-6.62,43.13,0.00,663.8829073441307,OFF,DEPLOYED,AUTO
23:51:03.926,-6.23,43.38,0.00,666.3768176653498,OFF,DEPLOYED,AUTO
23:51:04.029,-5.83,43.61,0.00,668.8715685643797,OFF,DEPLOYED,AUTO
23:51:04.130,-5.42,43.82,0.00,671.3670976725741,OFF,DEPLOYED,AUTO
23:51:04.229,-4.99,44.02,0.00,673.8633426018355,OFF,DEPLOYED,AUTO
23:51:04.331,-4.56,44.20,0.00,676.3602409461705,OFF,DEPLOYED,AUTO
23:51:04.436,-4.10,44.36,0.00,678.8577302832471,OFF,DEPLOYED,AUTO
23:51:04.537,-3.64,44.50,0.00,681.355748175969,OFF,DEPLOYED,AUTO
23:51:04.640,-3.17,44.63,0.00,683.8542321740154,OFF,DEPLOYED,AUTO
23:51:04.739,-2.70,44.73,0.00,686.3531198154166,OFF,DEPLOYED,AUTO
23:51:04.841,-2.21,44.82,0.00,688.8523486281115,OFF,DEPLOYED,AUTO
23:51:04.943,-1.72,44.89,0.00,691.3518561315067,OFF,DEPLOYED,AUTO
23:51:05.044,-1.23,44.95,0.00,693.8515798380516,OFF,DEPLOYED,AUTO
23:51:05.144,-0.73,44.98,0.00,696.3514572547805,OFF,DEPLOYED,AUTO
23:51:05.246,-0.23,45.00,0.00,698.8514258848879,OFF,DEPLOYED,AUTO
23:51:05.349,0.27,45.00,0.00,701.3514232292882,OFF,DEPLOYED,AUTO
23:51:05.462,0.77,44.98,0.00,703.8513867881749,OFF,DEPLOYED,AUTO
23:51:05.569,1.27,44.94,0.00,706.3512540625959,OFF,DEPLOYED,AUTO
23:51:05.680,1.76,44.89,0.00,708.8509625559961,OFF,DEPLOYED,AUTO
23:51:05.781,2.25,44.81,0.00,711.3504497757933,OFF,DEPLOYED,AUTO
23:51:05.882,2.73,44.72,0.00,713.8496532349375,OFF,DEPLOYED,AUTO
23:51:05.983,3.21,44.62,0.00,716.3485104534685,OFF,DEPLOYED,AUTO
23:51:06.085,3.68,44.49,0.00,718.8469589600932,OFF,DEPLOYED,AUTO
23:51:06.185,4.14,44.35,0.00,721.3449362937255,OFF,DEPLOYED,AUTO
23:51:06.286,4.59,44.18,0.00,723.8423800050622,OFF,DEPLOYED,AUTO
23:51:06.387,5.03,44.00,0.00,726.3392276581405,OFF,DEPLOYED,AUTO
23:51:06.488,5.46,43.81,0.00,728.8354168318957,OFF,DEPLOYED,AUTO
23:51:06.591,5.87,43.59,0.00,731.3308851217354,OFF,DEPLOYED,AUTO
23:51:06.695,6.26,43.36,0.00,733.825570141079,OFF,DEPLOYED,AUTO
23:51:06.795,6.65,43.11,0.00,736.3194095229308,OFF,DEPLOYED,AUTO
23:51:06.897,7.01,42.84,0.00,738.8123409214361,OFF,DEPLOYED,AUTO
23:51:07.000,7.36,42.56,0.00,741.3043020134362,OFF,DEPLOYED,AUTO
23:51:07.103,7.69,42.26,0.00,743.7952305000409,OFF,DEPLOYED,AUTO
23:51:07.203,8.00,41.94,0.00,746.2850641081641,OFF,DEPLOYED,AUTO
23:51:07.304,8.29,41.61,0.00,748.7737405920952,OFF,DEPLOYED,AUTO
23:51:07.406,8.56,41.26,0.00,751.2611977350518,OFF,DEPLOYED,AUTO
23:51:07.507,8.81,40.89,0.00,753.7473733507314,OFF,DEPLOYED,AUTO
23:51:07.610,9.03,40.50,0.00,756.2322052848801,OFF,DEPLOYED,AUTO
23:51:07.710,9.23,40.10,0.00,758.7156314168255,OFF,DEPLOYED,AUTO
23:51:07.812,9.41,39.69,0.00,761.1975896610435,OFF,DEPLOYED,AUTO
23:51:07.925,9.57,39.26,0.00,763.6780179687073,OFF,DEPLOYED,AUTO
23:51:08.026,9.70,38.81,0.00,766.156854329235,OFF,DEPLOYED,AUTO
23:51:08.126,9.81,38.34,0.00,768.6340367718536,OFF,DEPLOYED,AUTO
23:51:08.229,9.90,37.87,0.00,771.1095033671277,OFF,DEPLOYED,AUTO
23:51:08.332,9.96,37.37,0.00,773.5831922285212,OFF,DEPLOYED,AUTO
23:51:08.436,9.99,36.86,0.00,776.0550415139413,OFF,DEPLOYED,AUTO
23:51:08.541,10.00,36.34,0.00,778.5249894272813,OFF,DEPLOYED,AUTO
23:51:08.641,9.98,35.80,0.00,780.992974219979,OFF,DEPLOYED,AUTO
23:51:08.742,9.94,35.25,0.00,783.4589341925396,OFF,DEPLOYED,AUTO
23:51:08.845,9.88,34.68,0.00,785.9228076960921,OFF,DEPLOYED,AUTO
23:51:08.948,9.79,34.10,0.00,788.3845331339276,OFF,DEPLOYED,AUTO
23:51:09.050,9.67,33.51,0.00,790.8440489630343,OFF,DEPLOYED,AUTO
23:51:09.156,9.53,32.90,0.00,793.301293695652,OFF,DEPLOYED,AUTO
23:51:09.257,9.37,32.28,0.00,795.7562059007868,OFF,DEPLOYED,AUTO
23:51:09.356,9.19,31.65,0.00,798.2087242057613,OFF,DEPLOYED,AUTO
23:51:09.457,8.98,31.00,0.00,800.6587872977458,OFF,DEPLOYED,AUTO
23:51:09.562,8.75,30.34,0.00,803.1063339252869,OFF,DEPLOYED,AUTO
23:51:09.666,8.49,29.67,0.00,805.5513028998535,OFF,DEPLOYED,AUTO
23:51:09.766,8.22,28.99,0.00,807.993633097345,OFF,DEPLOYED,AUTO
23:51:09.872,7.92,28.30,0.00,810.4332634596337,OFF,DEPLOYED,AUTO
23:51:09.972,7.61,27.59,0.00,812.8701329960878,OFF,DEPLOYED,AUTO
23:51:10.073,7.27,26.87,0.00,815.3041807850921,OFF,DEPLOYED,AUTO
23:51:10.174,6.92,26.15,0.00,817.7353459755857,OFF,DEPLOYED,AUTO
23:51:10.277,6.55,25.41,0.00,820.1635677885619,OFF,DEPLOYED,AUTO
23:51:10.381,6.17,24.66,0.00,822.5887855186019,OFF,DEPLOYED,AUTO
23:51:10.480,5.77,23.90,0.00,825.0109385353887,OFF,DEPLOYED,AUTO
23:51:10.581,5.35,23.14,0.00,827.4299662852197,OFF,DEPLOYED,AUTO
23:51:10.683,4.92,22.36,0.00,829.845808292534,OFF,DEPLOYED,AUTO
23:51:10.783,4.48,21.57,0.00,832.2584041614039,OFF,DEPLOYED,AUTO
23:51:10.886,4.03,20.78,0.00,834.667693577058,OFF,DEPLOYED,AUTO
23:51:10.987,3.57,19.98,0.00,837.0736163073867,OFF,DEPLOYED,AUTO
23:51:11.088,3.09,19.17,0.00,839.4761122044436,OFF,DEPLOYED,AUTO
23:51:11.192,2.61,18.35,0.00,841.8751212059631,OFF,DEPLOYED,AUTO
23:51:11.292,2.13,17.52,0.00,844.2705833368417,OFF,DEPLOYED,AUTO
23:51:11.397,1.64,16.69,0.00,846.662438710651,OFF,DEPLOYED,AUTO
23:51:11.500,1.14,15.85,0.00,849.0506275311313,OFF,DEPLOYED,AUTO
23:51:11.601,0.65,15.01,0.00,851.4350900936829,OFF,DEPLOYED,AUTO
23:51:11.702,0.15,14.15,0.00,853.8157667868728,OFF,DEPLOYED,AUTO
23:51:11.805,-0.35,13.30,0.00,856.1925980939043,OFF,DEPLOYED,AUTO
23:51:11.905,-0.85,12.44,0.00,858.5655245941184,OFF,DEPLOYED,AUTO
23:51:12.007,-1.35,11.57,0.00,860.9344869644763,OFF,DEPLOYED,AUTO
23:51:12.108,-1.84,10.70,0.00,863.2994259810388,OFF,DEPLOYED,AUTO
23:51:12.209,-2.33,9.82,0.00,865.6602825204602,OFF,DEPLOYED,AUTO
23:51:12.310,-2.82,8.94,0.00,868.0169975614467,OFF,DEPLOYED,AUTO
23:51:12.412,-3.29,8.06,0.00,870.3695121862451,OFF,DEPLOYED,AUTO
23:51:12.512,-3.76,7.17,0.00,872.7177675821122,OFF,DEPLOYED,AUTO
23:51:12.623,-4.22,6.28,0.00,875.0617050427821,OFF,DEPLOYED,AUTO
23:51:12.733,-4.67,5.39,0.00,877.4012659699472,OFF,DEPLOYED,AUTO
23:51:12.840,-5.10,4.49,0.00,879.7363918747025,OFF,DEPLOYED,AUTO
23:51:12.942,-5.53,3.60,0.00,882.0670243790223,OFF,DEPLOYED,AUTO
23:51:13.043,-5.94,2.70,0.00,884.3931052172152,OFF,DEPLOYED,AUTO
23:51:13.145,-6.33,1.80,0.00,886.7145762373782,OFF,DEPLOYED,AUTO
23:51:13.260,-6.71,0.90,0.00,889.0313794028633,OFF,DEPLOYED,AUTO
23:51:13.361,-7.07,-0.00,0.00,891.3434567937087,OFF,DEPLOYED,AUTO
23:51:13.463,-7.42,-0.90,0.00,893.6507506081,OFF,DEPLOYED,AUTO
23:51:13.563,-7.74,-1.80,0.00,895.9532031638121,OFF,DEPLOYED,AUTO
23:51:13.673,-8.05,-2.70,0.00,898.2507568996477,OFF,DEPLOYED,AUTO
23:51:13.779,-8.34,-3.60,0.00,900.5433543768896,OFF,DEPLOYED,AUTO
23:51:13.890,-8.60,-4.49,0.00,902.8309382807171,OFF,DEPLOYED,AUTO
23:51:14.003,-8.85,-5.39,0.00,905.1134514216517,OFF,DEPLOYED,AUTO
23:51:14.106,-9.07,-6.28,0.00,907.3908367369836,OFF,DEPLOYED,AUTO
23:51:14.212,-9.27,-7.17,0.00,909.6630372921956,OFF,DEPLOYED,AUTO
23:51:14.319,-9.44,-8.06,0.00,911.9299962823984,OFF,DEPLOYED,AUTO
23:51:14.430,-9.60,-8.94,0.00,914.1916570337321,OFF,DEPLOYED,AUTO
23:51:14.537,-9.72,-9.82,0.00,916.4479630047958,OFF,DEPLOYED,AUTO
23:51:14.641,-9.83,-10.70,0.00,918.6988577880577,OFF,DEPLOYED,AUTO
23:51:14.742,-9.91,-11.57,0.00,920.9442851112623,OFF,DEPLOYED,AUTO
23:51:14.843,-9.96,-12.44,0.00,923.1841888388496,OFF,DEPLOYED,AUTO
23:51:14.947,-9.99,-13.30,0.00,925.4185129733404,OFF,DEPLOYED,AUTO
23:51:15.054,-10.00,-14.16,0.00,927.6472016567473,OFF,DEPLOYED,AUTO
23:51:15.155,-9.98,-15.01,0.00,929.8701991719693,OFF,DEPLOYED,AUTO
23:51:15.256,-9.93,-15.85,0.00,932.0874499441812,OFF,DEPLOYED,AUTO
23:51:15.359,-9.86,-16.69,0.00,934.2988985422356,OFF,DEPLOYED,AUTO
23:51:15.460,-9.77,-17.52,0.00,936.5044896800296,OFF,DEPLOYED,AUTO
23:51:15.561,-9.65,-18.35,0.00,938.7041682178995,OFF,DEPLOYED,AUTO
23:51:15.663,-9.51,-19.17,0.00,940.8978791639963,OFF,DEPLOYED,AUTO
23:51:15.763,-9.34,-19.98,0.00,943.0855676756577,OFF,DEPLOYED,AUTO
23:51:15.867,-9.15,-20.78,0.00,945.267179060791,OFF,DEPLOYED,AUTO
23:51:15.972,-8.94,-21.57,0.00,947.4426587792221,OFF,DEPLOYED,AUTO
23:51:16.072,-8.70,-22.36,0.00,949.6119524440714,OFF,DEPLOYED,AUTO
23:51:16.178,-8.45,-23.14,0.00,951.7750058231102,OFF,DEPLOYED,AUTO
23:51:16.290,-8.17,-23.90,0.00,953.9317648401136,OFF,DEPLOYED,AUTO
23:51:16.404,-7.87,-24.66,0.00,956.0821755762247,OFF,DEPLOYED,AUTO
23:51:16.513,-7.55,-25.41,0.00,958.226184271284,OFF,DEPLOYED,AUTO
23:51:16.615,-7.22,-26.15,0.00,960.3637373251856,OFF,DEPLOYED,AUTO
23:51:16.730,-6.86,-26.87,0.00,962.4947812992148,OFF,DEPLOYED,AUTO
23:51:16.855,-6.49,-27.59,0.00,964.6192629173801,OFF,DEPLOYED,AUTO
23:51:16.964,-6.10,-28.30,0.00,966.7371290677577,OFF,DEPLOYED,AUTO
23:51:17.071,-5.70,-28.99,0.00,968.8483268038012,OFF,DEPLOYED,AUTO
23:51:17.211,-5.28,-29.67,0.00,970.952803345677,OFF,DEPLOYED,AUTO
23:51:17.343,-4.85,-30.34,0.00,973.0505060815813,OFF,DEPLOYED,AUTO
23:51:17.444,-4.41,-31.00,0.00,975.141382569052,OFF,DEPLOYED,AUTO
23:51:17.561,-3.95,-31.65,0.00,977.2253805362917,OFF,DEPLOYED,AUTO
23:51:17.669,-3.49,-32.28,0.00,979.3024478834568,OFF,DEPLOYED,AUTO
23:51:17.800,-3.01,-32.90,0.00,981.3725326839717,OFF,DEPLOYED,AUTO
23:51:17.912,-2.53,-33.51,0.00,983.4355831858245,OFF,DEPLOYED,AUTO
23:51:18.022,-2.05,-34.10,0.00,985.4915478128569,OFF,DEPLOYED,AUTO
23:51:18.124,-1.56,-34.68,0.00,987.5403751660662,OFF,DEPLOYED,AUTO
23:51:18.225,-1.06,-35.25,0.00,989.5820140248723,OFF,DEPLOYED,AUTO
23:51:18.328,-0.56,-35.80,0.00,991.6164133484103,OFF,DEPLOYED,AUTO
23:51:18.429,-0.06,-36.34,0.00,993.643522276803,OFF,DEPLOYED,AUTO
23:51:18.532,0.44,-36.86,0.00,995.6632901324297,OFF,DEPLOYED,AUTO
23:51:18.632,0.94,-37.37,0.00,997.6756664212049,OFF,DEPLOYED,AUTO
23:51:18.734,1.43,-37.87,0.00,999.6806008338237,OFF,DEPLOYED,AUTO
23:51:18.846,1.93,-38.35,0.00,1001.67804324703,OFF,DEPLOYED,AUTO
23:51:18.947,2.41,-38.81,0.00,1003.6679437248674,OFF,DEPLOYED,AUTO
23:51:19.051,2.90,-39.26,0.00,1005.6502525199251,OFF,DEPLOYED,AUTO
23:51:19.154,3.37,-39.69,0.00,1007.6249200745917,OFF,DEPLOYED,AUTO
23:51:19.258,3.84,-40.10,0.00,1009.5918970222785,OFF,DEPLOYED,AUTO
23:51:19.359,4.29,-40.50,0.00,1011.5511341886645,OFF,DEPLOYED,AUTO
23:51:19.462,4.74,-40.89,0.00,1013.5025825929222,OFF,DEPLOYED,AUTO
23:51:19.571,5.17,-41.26,0.00,1015.4461934489407,OFF,DEPLOYED,AUTO
23:51:19.674,5.60,-41.61,0.00,1017.3819181665551,OFF,DEPLOYED,AUTO
23:51:19.775,6.00,-41.94,0.00,1019.3097083527457,OFF,DEPLOYED,AUTO
23:51:19.877,6.39,-42.26,0.00,1021.2295158128582,OFF,DEPLOYED,AUTO
23:51:19.998,6.77,-42.56,0.00,1023.1412925518059,OFF,DEPLOYED,AUTO
23:51:20.104,7.13,-42.84,0.00,1025.0449907752675,OFF,DEPLOYED,AUTO
23:51:20.210,7.47,-43.11,0.00,1026.9405628908917,OFF,DEPLOYED,AUTO
23:51:20.313,7.79,-43.36,0.00,1028.8279615094718,OFF,DEPLOYED,AUTO
23:51:20.414,8.10,-43.59,0.00,1030.7071394461407,OFF,DEPLOYED,AUTO
23:51:20.515,8.38,-43.81,0.00,1032.5780497215478,OFF,DEPLOYED,AUTO
23:51:20.619,8.64,-44.00,0.00,1034.4406455630308,OFF,DEPLOYED,AUTO
23:51:20.720,8.88,-44.18,0.00,1036.2948804057962,OFF,DEPLOYED,AUTO
23:51:20.821,9.10,-44.35,0.00,1038.1407078940667,OFF,DEPLOYED,AUTO
23:51:20.924,9.30,-44.49,0.00,1039.9780818822514,OFF,DEPLOYED,AUTO
23:51:21.026,9.47,-44.62,0.00,1041.8069564360962,OFF,DEPLOYED,AUTO
23:51:21.127,9.62,-44.72,0.00,1043.62728583383,OFF,DEPLOYED,AUTO
23:51:21.248,9.74,-44.81,0.00,1045.4390245673178,OFF,DEPLOYED,AUTO
23:51:21.383,9.84,-44.89,0.00,1047.242127343183,OFF,DEPLOYED,AUTO
23:51:21.487,9.92,-44.94,0.00,1049.03654908395,OFF,DEPLOYED,AUTO
23:51:21.595,9.97,-44.98,0.00,1050.822244929169,OFF,DEPLOYED,AUTO
23:51:21.695,10.00,-45.00,0.00,1052.599170236534,OFF,DEPLOYED,AUTO
23:51:21.796,10.00,-45.00,0.00,1054.3672805830106,OFF,DEPLOYED,AUTO
23:51:21.897,9.97,-44.98,0.00,1056.1265317659288,OFF,DEPLOYED,AUTO
23:51:21.999,9.92,-44.95,0.00,1057.8768798041012,OFF,DEPLOYED,AUTO
23:51:22.101,9.85,-44.89,0.00,1059.618280938918,OFF,DEPLOYED,AUTO
23:51:22.201,9.75,-44.82,0.00,1061.3506916354388,OFF,DEPLOYED,AUTO
23:51:22.303,9.63,-44.73,0.00,1063.0740685834917,OFF,DEPLOYED,AUTO
23:51:22.405,9.48,-44.62,0.00,1064.7883686987398,OFF,DEPLOYED,AUTO
23:51:22.505,9.31,-44.50,0.00,1066.49354912377,OFF,DEPLOYED,AUTO
23:51:22.607,9.12,-44.36,0.00,1068.1895672291603,OFF,DEPLOYED,AUTO
23:51:22.708,8.90,-44.20,0.00,1069.876380614544,OFF,DEPLOYED,AUTO
23:51:22.809,8.66,-44.02,0.00,1071.553947109679,OFF,DEPLOYED,AUTO
23:51:22.911,8.40,-43.82,0.00,1073.222224775488,OFF,DEPLOYED,AUTO
23:51:23.012,8.12,-43.61,0.00,1074.8811719051164,OFF,DEPLOYED,AUTO
23:51:23.112,7.82,-43.38,0.00,1076.530747024972,OFF,DEPLOYED,AUTO
23:51:23.212,7.50,-43.13,0.00,1078.1709088957607,OFF,DEPLOYED,AUTO
23:51:23.314,7.16,-42.87,0.00,1079.801616513526,OFF,DEPLOYED,AUTO
23:51:23.414,6.80,-42.58,0.00,1081.4228291106592,OFF,DEPLOYED,AUTO
23:51:23.515,6.42,-42.28,0.00,1083.0345061569308,OFF,DEPLOYED,AUTO
23:51:23.616,6.03,-41.97,0.00,1084.6366073604981,OFF,DEPLOYED,AUTO
23:51:23.717,5.63,-41.63,0.00,1086.229092668912,OFF,DEPLOYED,AUTO
23:51:23.819,5.21,-41.28,0.00,1087.811922270128,OFF,DEPLOYED,AUTO
23:51:23.921,4.77,-40.92,0.00,1089.3850565934854,OFF,DEPLOYED,AUTO
23:51:24.024,4.33,-40.54,0.00,1090.9484563107085,OFF,DEPLOYED,AUTO
23:51:24.127,3.87,-40.14,0.00,1092.5020823368857,OFF,DEPLOYED,AUTO
23:51:24.231,3.41,-39.72,0.00,1094.045895831445,OFF,DEPLOYED,AUTO
23:51:24.333,2.93,-39.29,0.00,1095.579858199134,OFF,DEPLOYED,AUTO
23:51:24.434,2.45,-38.84,0.00,1097.1039310909712,OFF,DEPLOYED,AUTO
23:51:24.535,1.96,-38.38,0.00,1098.6180764052133,OFF,DEPLOYED,AUTO
23:51:24.636,1.47,-37.90,0.00,1100.122256288307,OFF,DEPLOYED,AUTO
23:51:24.737,0.98,-37.41,0.00,1101.616433135831,OFF,DEPLOYED,AUTO
23:51:24.839,0.48,-36.90,0.00,1103.100569593446,OFF,DEPLOYED,AUTO
23:51:24.940,-0.02,-36.38,0.00,1104.574628557816,OFF,DEPLOYED,AUTO
23:51:25.041,-0.52,-35.85,0.00,1106.0385731775436,OFF,DEPLOYED,AUTO
23:51:25.143,-1.02,-35.29,0.00,1107.4923668540896,OFF,DEPLOYED,AUTO
23:51:25.243,-1.52,-34.73,0.00,1108.9359732426856,OFF,DEPLOYED,AUTO
23:51:25.343,-2.01,-34.15,0.00,1110.3693562532517,OFF,DEPLOYED,AUTO
23:51:25.445,-2.50,-33.56,0.00,1111.7924800512847,OFF,DEPLOYED,AUTO
23:51:25.545,-2.98,-32.95,0.00,1113.2053090587638,OFF,DEPLOYED,AUTO
23:51:25.647,-3.45,-32.33,0.00,1114.6078079550375,OFF,DEPLOYED,AUTO
23:51:25.748,-3.91,-31.70,0.00,1115.9999416777046,OFF,DEPLOYED,AUTO
23:51:25.849,-4.37,-31.05,0.00,1117.381675423498,OFF,DEPLOYED,AUTO
23:51:25.949,-4.81,-30.40,0.00,1118.752974649145,OFF,DEPLOYED,AUTO
23:51:26.051,-5.25,-29.73,0.00,1120.1138050722354,OFF,DEPLOYED,AUTO
23:51:26.154,-5.66,-29.04,0.00,1121.46413267208,OFF,DEPLOYED,AUTO
23:51:26.256,-6.07,-28.35,0.00,1122.8039236905572,OFF,DEPLOYED,AUTO
23:51:26.363,-6.46,-27.65,0.00,1124.133144632965,OFF,DEPLOYED,AUTO
23:51:26.465,-6.83,-26.93,0.00,1125.4517622688472,OFF,DEPLOYED,AUTO
23:51:26.566,-7.19,-26.20,0.00,1126.7597436328315,OFF,DEPLOYED,AUTO
23:51:26.667,-7.53,-25.47,0.00,1128.0570560254523,OFF,DEPLOYED,AUTO
23:51:26.770,-7.85,-24.72,0.00,1129.343667013965,OFF,DEPLOYED,AUTO
23:51:26.872,-8.15,-23.96,0.00,1130.6195444331659,OFF,DEPLOYED,AUTO
23:51:26.977,-8.43,-23.20,0.00,1131.884656386184,OFF,DEPLOYED,AUTO
23:51:27.083,-8.69,-22.42,0.00,1133.1389712452865,OFF,DEPLOYED,AUTO
23:51:27.184,-8.92,-21.64,0.00,1134.382457652667,OFF,DEPLOYED,AUTO
23:51:27.290,-9.14,-20.84,0.00,1135.6150845212285,OFF,DEPLOYED,AUTO
23:51:27.391,-9.33,-20.04,0.00,1136.8368210353672,OFF,DEPLOYED,AUTO
23:51:27.492,-9.50,-19.23,0.00,1138.0476366517316,OFF,DEPLOYED,AUTO
23:51:27.594,-9.64,-18.41,0.00,1139.247501099995,OFF,DEPLOYED,AUTO
23:51:27.695,-9.76,-17.59,0.00,1140.4363843836081,OFF,DEPLOYED,AUTO
23:51:27.796,-9.86,-16.76,0.00,1141.6142567805493,OFF,DEPLOYED,AUTO
23:51:27.897,-9.93,-15.92,0.00,1142.7810888440736,OFF,DEPLOYED,AUTO
23:51:27.997,-9.98,-15.07,0.00,1143.9368514034381,OFF,DEPLOYED,AUTO
23:51:28.099,-10.00,-14.22,0.00,1145.0815155646392,OFF,DEPLOYED,AUTO
23:51:28.199,-10.00,-13.37,0.00,1146.2150527111326,OFF,DEPLOYED,AUTO
23:51:28.303,-9.97,-12.50,0.00,1147.3374345045468,OFF,DEPLOYED,AUTO
23:51:28.407,-9.91,-11.64,0.00,1148.4486328853989,OFF,DEPLOYED,AUTO
23:51:28.508,-9.84,-10.77,0.00,1149.5486200737855,OFF,DEPLOYED,AUTO
23:51:28.608,-9.73,-9.89,0.00,1150.6373685700842,OFF,DEPLOYED,AUTO
23:51:28.709,-9.61,-9.01,0.00,1151.7148511556393,OFF,DEPLOYED,AUTO
23:51:28.810,-9.46,-8.13,0.00,1152.781040893441,OFF,DEPLOYED,AUTO
23:51:28.911,-9.28,-7.24,0.00,1153.8359111288041,OFF,DEPLOYED,AUTO
23:51:29.011,-9.08,-6.35,0.00,1154.879435490026,OFF,DEPLOYED,AUTO
23:51:29.112,-8.86,-5.46,0.00,1155.9115878890525,OFF,DEPLOYED,AUTO
23:51:29.213,-8.62,-4.56,0.00,1156.932342522127,OFF,DEPLOYED,AUTO
23:51:29.314,-8.36,-3.67,0.00,1157.9416738704356,OFF,DEPLOYED,AUTO
23:51:29.415,-8.07,-2.77,0.00,1158.93955670075,OFF,DEPLOYED,AUTO
23:51:29.515,-7.77,-1.87,0.00,1159.92596606605,OFF,DEPLOYED,AUTO
23:51:29.617,-7.44,-0.97,0.00,1160.9008773061528,OFF,DEPLOYED,AUTO
23:51:29.718,-7.10,-0.07,0.00,1161.8642660483279,OFF,DEPLOYED,AUTO
23:51:29.820,-6.74,0.83,0.00,1162.8161082079062,OFF,DEPLOYED,AUTO
23:51:29.920,-6.36,1.73,0.00,1163.7563799888853,OFF,DEPLOYED,AUTO
23:51:30.022,-5.97,2.63,0.00,1164.685057884519,OFF,DEPLOYED,AUTO
23:51:30.123,-5.56,3.53,0.00,1165.6021186779076,OFF,DEPLOYED,AUTO
23:51:30.224,-5.14,4.42,0.00,1166.5075394425794,OFF,DEPLOYED,AUTO
23:51:30.324,-4.70,5.32,0.00,1167.4012975430612,OFF,DEPLOYED,AUTO
23:51:30.425,-4.25,6.21,0.00,1168.2833706354495,OFF,DEPLOYED,AUTO
23:51:30.525,-3.80,7.10,0.00,1169.1537366679615,OFF,DEPLOYED,AUTO
23:51:30.627,-3.33,7.99,0.00,1170.0123738814918,OFF,DEPLOYED,AUTO
23:51:30.727,-2.85,8.87,0.00,1170.859260810155,OFF,DEPLOYED,AUTO
23:51:30.832,-2.37,9.75,0.00,1171.6943762818207,OFF,DEPLOYED,AUTO
23:51:30.937,-1.88,10.63,0.00,1172.517699418648,OFF,DEPLOYED,AUTO
23:51:31.041,-1.39,11.50,0.00,1173.3292096376,OFF,DEPLOYED,AUTO
23:51:31.142,-0.89,12.37,0.00,1174.1288866509635,OFF,DEPLOYED,AUTO
23:51:31.242,-0.39,13.23,0.00,1174.916710466855,OFF,DEPLOYED,AUTO
23:51:31.343,0.11,14.09,0.00,1175.6926613897188,OFF,DEPLOYED,AUTO
23:51:31.443,0.61,14.94,0.00,1176.4567200208246,OFF,DEPLOYED,AUTO
23:51:31.544,1.10,15.79,0.00,1177.2088672587456,OFF,DEPLOYED,AUTO
23:51:31.645,1.60,16.63,0.00,1177.9490842998393,OFF,DEPLOYED,AUTO
23:51:31.746,2.09,17.46,0.00,1178.677352638719,OFF,DEPLOYED,AUTO
23:51:31.846,2.58,18.28,0.00,1179.3936540687127,OFF,DEPLOYED,AUTO
23:51:31.953,3.06,19.10,0.00,1180.097970682324,OFF,DEPLOYED,AUTO
23:51:32.052,3.53,19.91,0.00,1180.7902848716735,OFF,DEPLOYED,AUTO
23:51:32.153,3.99,20.72,0.00,1181.4705793289422,OFF,DEPLOYED,AUTO
23:51:32.256,4.45,21.51,0.00,1182.1388370468042,OFF,DEPLOYED,AUTO
23:51:32.356,4.89,22.30,0.00,1182.7950413188505,OFF,DEPLOYED,AUTO
23:51:32.457,5.32,23.08,0.00,1183.4391757400103,OFF,DEPLOYED,AUTO
23:51:32.558,5.73,23.84,0.00,1184.0712242069558,OFF,DEPLOYED,AUTO
23:51:32.659,6.14,24.60,0.00,1184.691170918508,OFF,DEPLOYED,AUTO
23:51:32.761,6.52,25.35,0.00,1185.2990003760317,OFF,DEPLOYED,AUTO
23:51:32.861,6.89,26.09,0.00,1185.894697383821,OFF,DEPLOYED,AUTO
23:51:32.963,7.25,26.82,0.00,1186.4782470494836,OFF,DEPLOYED,AUTO
23:51:33.063,7.58,27.53,0.00,1187.0496347843073,OFF,DEPLOYED,AUTO
23:51:33.163,7.90,28.24,0.00,1187.6088463036285,OFF,DEPLOYED,AUTO
23:51:33.265,8.20,28.94,0.00,1188.1558676271884,OFF,DEPLOYED,AUTO
23:51:33.368,8.47,29.62,0.00,1188.6906850794817,OFF,DEPLOYED,AUTO
23:51:33.469,8.73,30.29,0.00,1189.2132852901013,OFF,DEPLOYED,AUTO
23:51:33.569,8.96,30.95,0.00,1189.7236551940682,OFF,DEPLOYED,AUTO
23:51:33.671,9.17,31.60,0.00,1190.221782032162,OFF,DEPLOYED,AUTO
23:51:33.772,9.36,32.23,0.00,1190.7076533512375,OFF,DEPLOYED,AUTO
23:51:33.873,9.52,32.85,0.00,1191.1812570045358,OFF,DEPLOYED,AUTO
23:51:33.973,9.66,33.46,0.00,1191.642581151992,OFF,DEPLOYED,AUTO
23:51:34.076,9.78,34.06,0.00,1192.091614260526,OFF,DEPLOYED,AUTO
23:51:34.176,9.87,34.64,0.00,1192.5283451043333,OFF,DEPLOYED,AUTO
23:51:34.276,9.94,35.21,0.00,1192.9527627651653,OFF,DEPLOYED,AUTO
23:51:34.392,9.98,35.76,0.00,1193.3648566326024,OFF,DEPLOYED,AUTO
23:51:34.494,10.00,36.30,0.00,1193.76461640432,OFF,DEPLOYED,AUTO
23:51:34.596,9.99,36.82,0.00,1194.1520320863447,OFF,DEPLOYED,AUTO
23:51:34.696,9.96,37.33,0.00,1194.5270939933039,OFF,DEPLOYED,AUTO
23:51:34.797,9.90,37.83,0.00,1194.88979274867,OFF,DEPLOYED,AUTO
23:51:34.900,9.82,38.31,0.00,1195.2401192849925,OFF,DEPLOYED,AUTO
23:51:35.002,9.71,38.77,0.00,1195.578064844127,OFF,DEPLOYED,AUTO
23:51:35.103,9.58,39.22,0.00,1195.9036209774517,OFF,DEPLOYED,AUTO
23:51:35.203,9.43,39.65,0.00,1196.2167795460805,OFF,DEPLOYED,AUTO
23:51:35.304,9.25,40.07,0.00,1196.517532721065,OFF,DEPLOYED,AUTO
23:51:35.405,9.05,40.47,0.00,1196.8058729835914,OFF,DEPLOYED,AUTO
23:51:35.506,8.82,40.86,0.00,1197.0817931251688,OFF,DEPLOYED,AUTO
23:51:35.606,8.58,41.23,0.00,1197.3452862478077,OFF,DEPLOYED,AUTO
23:51:35.707,8.31,41.58,0.00,1197.5963457641938,OFF,DEPLOYED,AUTO
23:51:35.809,8.02,41.92,0.00,1197.8349653978523,OFF,DEPLOYED,AUTO
23:51:35.909,7.71,42.24,0.00,1198.0611391833045,OFF,DEPLOYED,AUTO
23:51:36.013,7.39,42.54,0.00,1198.2748614662178,OFF,DEPLOYED,AUTO
23:51:36.114,7.04,42.82,0.00,1198.4761269035466,OFF,DEPLOYED,AUTO
23:51:36.215,6.68,43.09,0.00,1198.6649304636649,OFF,DEPLOYED,AUTO
23:51:36.315,6.30,43.34,0.00,1198.8412674264937,OFF,DEPLOYED,AUTO
23:51:36.415,5.90,43.57,0.00,1199.0051333836177,OFF,DEPLOYED,AUTO
23:51:36.517,5.49,43.79,0.00,1199.1565242383974,OFF,DEPLOYED,AUTO
23:51:36.620,5.06,43.99,0.00,1199.2954362060689,OFF,DEPLOYED,AUTO
23:51:36.720,4.63,44.17,0.00,1199.42186581384,OFF,DEPLOYED,AUTO
23:51:36.822,4.18,44.33,0.00,1199.5358099009775,OFF,DEPLOYED,AUTO
23:51:36.953,3.72,44.48,0.00,1199.6372656188846,OFF,DEPLOYED,AUTO
23:51:37.074,3.25,44.61,0.00,1199.7262304311741,OFF,DEPLOYED,AUTO
23:51:37.175,2.77,44.72,0.00,1199.8027021137302,OFF,DEPLOYED,AUTO
23:51:37.277,2.29,44.81,0.00,1199.866678754765,OFF,DEPLOYED,AUTO
23:51:37.377,1.80,44.88,0.00,1199.9181587548655,OFF,DEPLOYED,AUTO
23:51:37.482,1.31,44.94,0.00,1199.9571408270344,OFF,DEPLOYED,AUTO
23:51:37.594,0.81,44.98,0.00,1199.9836239967221,OFF,DEPLOYED,AUTO
23:51:37.718,0.31,45.00,0.00,1199.9976076018506,OFF,DEPLOYED,AUTO
23:51:37.834,-0.19,45.00,0.00,1199.9990912928308,OFF,DEPLOYED,AUTO
23:51:37.936,-0.69,44.98,0.00,1199.9880750325701,OFF,DEPLOYED,AUTO
23:51:38.037,-1.19,44.95,0.00,1199.9645590964747,OFF,DEPLOYED,AUTO
23:51:38.138,-1.68,44.90,0.00,1199.9285440724416,OFF,DEPLOYED,AUTO
23:51:38.240,-2.17,44.83,0.00,1199.8800308608447,OFF,DEPLOYED,AUTO
23:51:38.342,-2.66,44.74,0.00,1199.8190206745116,OFF,DEPLOYED,AUTO
23:51:38.444,-3.14,44.63,0.00,1199.7455150386936,OFF,DEPLOYED,AUTO
23:51:38.545,-3.61,44.51,0.00,1199.6595157910285,OFF,DEPLOYED,AUTO
23:51:38.654,-4.07,44.37,0.00,1199.5610250814923,OFF,DEPLOYED,AUTO
23:51:38.755,-4.52,44.21,0.00,1199.4500453723476,OFF,DEPLOYED,AUTO
23:51:38.863,-4.96,44.03,0.00,1199.326579438082,OFF,DEPLOYED,AUTO
23:51:38.966,-5.39,43.84,0.00,1199.1906303653368,OFF,DEPLOYED,AUTO
23:51:39.067,-5.80,43.63,0.00,1199.042201552832,OFF,DEPLOYED,AUTO
23:51:39.167,-6.20,43.40,0.00,1198.8812967112804,OFF,DEPLOYED,AUTO
23:51:39.271,-6.59,43.15,0.00,1198.707919863294,OFF,DEPLOYED,AUTO
23:51:39.371,-6.95,42.89,0.00,1198.5220753432852,OFF,DEPLOYED,AUTO
23:51:39.473,-7.31,42.61,0.00,1198.3237677973577,OFF,DEPLOYED,AUTO
23:51:39.573,-7.64,42.31,0.00,1198.11300218319,OFF,DEPLOYED,AUTO
23:51:39.675,-7.95,41.99,0.00,1197.8897837699105,OFF,DEPLOYED,AUTO
23:51:39.777,-8.24,41.66,0.00,1197.654118137969,OFF,DEPLOYED,AUTO
23:51:39.879,-8.52,41.31,0.00,1197.406011178993,OFF,DEPLOYED,AUTO
23:51:39.981,-8.77,40.95,0.00,1197.145469095644,OFF,DEPLOYED,AUTO
23:51:40.084,-9.00,40.57,0.00,1196.8724984014614,OFF,DEPLOYED,AUTO
23:51:40.188,-9.20,40.17,0.00,1196.5871059206968,OFF,DEPLOYED,AUTO
23:51:40.290,-9.39,39.76,0.00,1196.2892987881482,OFF,DEPLOYED,AUTO
23:51:40.397,-9.55,39.33,0.00,1195.9790844489783,OFF,DEPLOYED,AUTO
23:51:40.499,-9.68,38.88,0.00,1195.6564706585293,OFF,DEPLOYED,AUTO
23:51:40.604,-9.80,38.42,0.00,1195.3214654821297,OFF,DEPLOYED,AUTO
23:51:40.720,-9.89,37.94,0.00,1194.9740772948905,OFF,DEPLOYED,AUTO
23:51:40.827,-9.95,37.45,0.00,1194.614314781499,OFF,DEPLOYED,AUTO
23:51:40.928,-9.99,36.95,0.00,1194.242186935999,OFF,DEPLOYED,AUTO
23:51:41.031,-10.00,36.42,0.00,1193.8577030615672,OFF,DEPLOYED,AUTO
23:51:41.133,-9.99,35.89,0.00,1193.4608727702812,OFF,DEPLOYED,AUTO
23:51:41.238,-9.95,35.34,0.00,1193.0517059828767,OFF,DEPLOYED,AUTO
23:51:41.342,-9.89,34.77,0.00,1192.630212928502,OFF,DEPLOYED,AUTO
23:51:41.443,-9.80,34.20,0.00,1192.1964041444621,OFF,DEPLOYED,AUTO
23:51:41.543,-9.69,33.60,0.00,1191.7502904759538,OFF,DEPLOYED,AUTO
23:51:41.646,-9.56,33.00,0.00,1191.291883075796,OFF,DEPLOYED,AUTO
23:51:41.751,-9.40,32.38,0.00,1190.821193404149,OFF,DEPLOYED,AUTO
23:51:41.852,-9.22,31.75,0.00,1190.3382332282304,OFF,DEPLOYED,AUTO
23:51:41.954,-9.01,31.10,0.00,1189.8430146220194,OFF,DEPLOYED,AUTO
23:51:42.061,-8.78,30.45,0.00,1189.3355499659556,OFF,DEPLOYED,AUTO
23:51:42.162,-8.53,29.78,0.00,1188.8158519466294,OFF,DEPLOYED,AUTO
23:51:42.265,-8.26,29.10,0.00,1188.2839335564631,OFF,DEPLOYED,AUTO
23:51:42.365,-7.97,28.41,0.00,1187.7398080933895,OFF,DEPLOYED,AUTO
23:51:42.468,-7.66,27.70,0.00,1187.1834891605163,OFF,DEPLOYED,AUTO
23:51:42.567,-7.33,26.99,0.00,1186.6149906657884,OFF,DEPLOYED,AUTO
23:51:42.668,-6.98,26.26,0.00,1186.034326821639,OFF,DEPLOYED,AUTO
23:51:42.778,-6.61,25.53,0.00,1185.4415121446327,OFF,DEPLOYED,AUTO
23:51:42.884,-6.23,24.78,0.00,1184.836561455106,OFF,DEPLOYED,AUTO
23:51:42.985,-5.83,24.02,0.00,1184.2194898767948,OFF,DEPLOYED,AUTO
23:51:43.088,-5.42,23.26,0.00,1183.5903128364564,OFF,DEPLOYED,AUTO
23:51:43.218,-4.99,22.48,0.00,1182.9490460634852,OFF,DEPLOYED,AUTO
23:51:43.375,-4.55,21.70,0.00,1182.295705589515,OFF,DEPLOYED,AUTO
23:51:43.480,-4.10,20.91,0.00,1181.6303077480243,OFF,DEPLOYED,AUTO
23:51:43.580,-3.64,20.11,0.00,1180.9528691739251,OFF,DEPLOYED,AUTO
23:51:43.684,-3.17,19.30,0.00,1180.263406803146,OFF,DEPLOYED,AUTO
23:51:43.784,-2.69,18.48,0.00,1179.5619378722115,OFF,DEPLOYED,AUTO
23:51:43.885,-2.21,17.66,0.00,1178.8484799178066,OFF,DEPLOYED,AUTO
23:51:43.987,-1.72,16.82,0.00,1178.1230507763435,OFF,DEPLOYED,AUTO
23:51:44.094,-1.22,15.99,0.00,1177.385668583513,OFF,DEPLOYED,AUTO
23:51:44.196,-0.72,15.14,0.00,1176.636351773832,OFF,DEPLOYED,AUTO
23:51:44.296,-0.23,14.29,0.00,1175.8751190801827,OFF,DEPLOYED,AUTO
23:51:44.400,0.27,13.43,0.00,1175.1019895333402,OFF,DEPLOYED,AUTO
23:51:44.563,0.77,12.57,0.00,1174.3169824615043,OFF,DEPLOYED,AUTO
23:51:44.677,1.27,11.71,0.00,1173.5201174898107,OFF,DEPLOYED,AUTO
23:51:44.779,1.77,10.84,0.00,1172.7114145398425,OFF,DEPLOYED,AUTO
23:51:44.887,2.26,9.96,0.00,1171.8908938291324,OFF,DEPLOYED,AUTO
23:51:44.992,2.74,9.08,0.00,1171.058575870653,OFF,DEPLOYED,AUTO
23:51:45.094,3.22,8.20,0.00,1170.2144814723108,OFF,DEPLOYED,AUTO
23:51:45.193,3.69,7.31,0.00,1169.3586317364225,OFF,DEPLOYED,AUTO
23:51:45.294,4.15,6.42,0.00,1168.4910480591861,OFF,DEPLOYED,AUTO
23:51:45.395,4.60,5.53,0.00,1167.6117521301503,OFF,DEPLOYED,AUTO
23:51:45.496,5.03,4.63,0.00,1166.7207659316646,OFF,DEPLOYED,AUTO
23:51:45.599,5.46,3.74,0.00,1165.8181117383392,OFF,DEPLOYED,AUTO
23:51:45.698,5.87,2.84,0.00,1164.9038121164815,OFF,DEPLOYED,AUTO
23:51:45.803,6.27,1.94,0.00,1163.9778899235346,OFF,DEPLOYED,AUTO
23:51:45.903,6.65,1.04,0.00,1163.0403683075065,OFF,DEPLOYED,AUTO
23:51:46.005,7.01,0.14,0.00,1162.0912707063858,OFF,DEPLOYED,AUTO
23:51:46.111,7.36,-0.76,0.00,1161.1306208475648,OFF,DEPLOYED,AUTO
23:51:46.219,7.69,-1.66,0.00,1160.1584427472399,OFF,DEPLOYED,AUTO
23:51:46.320,8.00,-2.56,0.00,1159.174760709813,OFF,DEPLOYED,AUTO
23:51:46.456,8.29,-3.45,0.00,1158.179599327285,OFF,DEPLOYED,AUTO
23:51:46.563,8.56,-4.35,0.00,1157.1729834786356,OFF,DEPLOYED,AUTO
23:51:46.665,8.81,-5.25,0.00,1156.1549383292106,OFF,DEPLOYED,AUTO
23:51:46.774,9.03,-6.14,0.00,1155.1254893300852,OFF,DEPLOYED,AUTO
23:51:46.877,9.24,-7.03,0.00,1154.0846622174313,OFF,DEPLOYED,AUTO
23:51:46.981,9.42,-7.92,0.00,1153.0324830118734,OFF,DEPLOYED,AUTO
23:51:47.083,9.57,-8.80,0.00,1151.9689780178342,OFF,DEPLOYED,AUTO
23:51:47.185,9.71,-9.68,0.00,1150.8941738228846,OFF,DEPLOYED,AUTO
23:51:47.315,9.81,-10.56,0.00,1149.8080972970733,OFF,DEPLOYED,AUTO
23:51:47.424,9.90,-11.43,0.00,1148.7107755922573,OFF,DEPLOYED,AUTO
23:51:47.556,9.96,-12.30,0.00,1147.6022361414232,OFF,DEPLOYED,AUTO
23:51:47.673,9.99,-13.16,0.00,1146.4825066579967,OFF,DEPLOYED,AUTO
23:51:47.778,10.00,-14.02,0.00,1145.351615135158,OFF,DEPLOYED,AUTO
23:51:47.883,9.98,-14.87,0.00,1144.2095898451362,OFF,DEPLOYED,AUTO
23:51:47.984,9.94,-15.72,0.00,1143.0564593385043,OFF,DEPLOYED,AUTO
23:51:48.087,9.88,-16.56,0.00,1141.8922524434663,OFF,DEPLOYED,AUTO
23:51:48.193,9.79,-17.39,0.00,1140.7169982651308,OFF,DEPLOYED,AUTO
23:51:48.301,9.67,-18.22,0.00,1139.530726184793,OFF,DEPLOYED,AUTO
23:51:48.403,9.53,-19.04,0.00,1138.333465859192,OFF,DEPLOYED,AUTO
23:51:48.507,9.37,-19.85,0.00,1137.125247219775,OFF,DEPLOYED,AUTO
23:51:48.612,9.18,-20.65,0.00,1135.906100471946,OFF,DEPLOYED,AUTO
23:51:48.715,8.98,-21.45,0.00,1134.676056094307,OFF,DEPLOYED,AUTO
23:51:48.817,8.74,-22.24,0.00,1133.4351448379045,OFF,DEPLOYED,AUTO
23:51:48.920,8.49,-23.01,0.00,1132.1833977254564,OFF,DEPLOYED,AUTO
23:51:49.022,8.22,-23.78,0.00,1130.9208460505743,OFF,DEPLOYED,AUTO
23:51:49.125,7.92,-24.54,0.00,1129.6475213769866,OFF,DEPLOYED,AUTO
23:51:49.227,7.61,-25.29,0.00,1128.36345553774,OFF,DEPLOYED,AUTO
23:51:49.328,7.27,-26.03,0.00,1127.0686806344156,OFF,DEPLOYED,AUTO
23:51:49.431,6.92,-26.76,0.00,1125.7632290363185,OFF,DEPLOYED,AUTO
23:51:49.531,6.55,-27.48,0.00,1124.4471333796707,OFF,DEPLOYED,AUTO
23:51:49.635,6.16,-28.18,0.00,1123.120426566797,OFF,DEPLOYED,AUTO
23:51:49.735,5.76,-28.88,0.00,1121.7831417652947,OFF,DEPLOYED,AUTO
23:51:49.837,5.35,-29.56,0.00,1120.4353124072159,OFF,DEPLOYED,AUTO
23:51:49.939,4.92,-30.24,0.00,1119.0769721882245,OFF,DEPLOYED,AUTO
23:51:50.038,4.48,-30.90,0.00,1117.7081550667556,OFF,DEPLOYED,AUTO
23:51:50.142,4.02,-31.55,0.00,1116.3288952631674,OFF,DEPLOYED,AUTO
23:51:50.242,3.56,-32.18,0.00,1114.9392272588796,OFF,DEPLOYED,AUTO
23:51:50.345,3.09,-32.80,0.00,1113.5391857955215,OFF,DEPLOYED,AUTO
23:51:50.446,2.61,-33.41,0.00,1112.1288058740572,OFF,DEPLOYED,AUTO
23:51:50.546,2.12,-34.01,0.00,1110.7081227539109,OFF,DEPLOYED,AUTO
23:51:50.649,1.63,-34.59,0.00,1109.2771719520888,OFF,DEPLOYED,AUTO
23:51:50.749,1.14,-35.16,0.00,1107.8359892422825,OFF,DEPLOYED,AUTO
23:51:50.853,0.64,-35.72,0.00,1106.3846106539863,OFF,DEPLOYED,AUTO
23:51:50.952,0.14,-36.26,0.00,1104.9230724715899,OFF,DEPLOYED,AUTO
23:51:51.053,-0.36,-36.78,0.00,1103.4514112334714,OFF,DEPLOYED,AUTO
23:51:51.154,-0.86,-37.29,0.00,1101.9696637310872,OFF,DEPLOYED,AUTO
23:51:51.254,-1.35,-37.79,0.00,1100.4778670080434,OFF,DEPLOYED,AUTO
23:51:51.355,-1.85,-38.27,0.00,1098.9760583591828,OFF,DEPLOYED,AUTO
23:51:51.456,-2.34,-38.74,0.00,1097.464275329643,OFF,DEPLOYED,AUTO
23:51:51.557,-2.82,-39.19,0.00,1095.9425557139211,OFF,DEPLOYED,AUTO
23:51:51.658,-3.30,-39.62,0.00,1094.4109375549308,OFF,DEPLOYED,AUTO
23:51:51.758,-3.76,-40.04,0.00,1092.8694591430417,OFF,DEPLOYED,AUTO
23:51:51.860,-4.22,-40.44,0.00,1091.3181590151357,OFF,DEPLOYED,AUTO
23:51:51.962,-4.67,-40.83,0.00,1089.7570759536354,OFF,DEPLOYED,AUTO
23:51:52.065,-5.11,-41.20,0.00,1088.1862489855362,OFF,DEPLOYED,AUTO
23:51:52.170,-5.53,-41.55,0.00,1086.6057173814327,OFF,DEPLOYED,AUTO
23:51:52.272,-5.94,-41.89,0.00,1085.015520654528,OFF,DEPLOYED,AUTO
23:51:52.375,-6.33,-42.21,0.00,1083.41569855966,OFF,DEPLOYED,AUTO
23:51:52.477,-6.71,-42.51,0.00,1081.8062910922972,OFF,DEPLOYED,AUTO
23:51:52.578,-7.07,-42.80,0.00,1080.1873384875432,OFF,DEPLOYED,AUTO
23:51:52.680,-7.42,-43.07,0.00,1078.5588812191306,OFF,DEPLOYED,AUTO
23:51:52.784,-7.74,-43.32,0.00,1076.9209599984017,OFF,DEPLOYED,AUTO
23:51:52.885,-8.05,-43.56,0.00,1075.273615773304,OFF,DEPLOYED,AUTO
23:51:52.987,-8.34,-43.77,0.00,1073.6168897273578,OFF,DEPLOYED,AUTO
23:51:53.090,-8.60,-43.97,0.00,1071.9508232786275,OFF,DEPLOYED,AUTO
23:51:53.194,-8.85,-44.16,0.00,1070.2754580786898,OFF,DEPLOYED,AUTO
23:51:53.296,-9.07,-44.32,0.00,1068.5908360115832,OFF,DEPLOYED,AUTO
23:51:53.398,-9.27,-44.47,0.00,1066.8969991927734,OFF,DEPLOYED,AUTO
23:51:53.499,-9.44,-44.60,0.00,1065.193989968093,OFF,DEPLOYED,AUTO
23:51:53.602,-9.60,-44.71,0.00,1063.4818509126842,OFF,DEPLOYED,AUTO
23:51:53.702,-9.73,-44.80,0.00,1061.7606248299362,OFF,DEPLOYED,AUTO
23:51:53.802,-9.83,-44.88,0.00,1060.0303547504068,OFF,DEPLOYED,AUTO
23:51:53.903,-9.91,-44.93,0.00,1058.29108393076,OFF,DEPLOYED,AUTO
23:51:54.005,-9.96,-44.97,0.00,1056.542855852676,OFF,DEPLOYED,AUTO
23:51:54.106,-9.99,-45.00,0.00,1054.7857142217656,OFF,DEPLOYED,AUTO
23:51:54.207,-10.00,-45.00,0.00,1053.0197029664805,OFF,DEPLOYED,AUTO
23:51:54.308,-9.98,-44.98,0.00,1051.2448662370052,OFF,DEPLOYED,AUTO
23:51:54.409,-9.93,-44.95,0.00,1049.461248404168,OFF,DEPLOYED,AUTO
23:51:54.510,-9.86,-44.90,0.00,1047.6688940583217,OFF,DEPLOYED,AUTO
23:51:54.611,-9.77,-44.83,0.00,1045.8678480082317,OFF,DEPLOYED,AUTO
23:51:54.716,-9.65,-44.75,0.00,1044.058155279958,OFF,DEPLOYED,AUTO
23:51:54.815,-9.51,-44.64,0.00,1042.2398611157193,OFF,DEPLOYED,AUTO
23:51:54.916,-9.34,-44.52,0.00,1040.413010972778,OFF,DEPLOYED,AUTO
23:51:55.019,-9.15,-44.38,0.00,1038.5776505222918,OFF,DEPLOYED,AUTO
23:51:55.118,-8.94,-44.22,0.00,1036.7338256481771,OFF,DEPLOYED,AUTO
23:51:55.218,-8.70,-44.05,0.00,1034.8815824459618,OFF,DEPLOYED,AUTO
23:51:55.320,-8.45,-43.86,0.00,1033.0209672216247,OFF,DEPLOYED,AUTO
23:51:55.422,-8.17,-43.64,0.00,1031.1520264904516,OFF,DEPLOYED,AUTO
23:51:55.523,-7.87,-43.42,0.00,1029.2748069758638,OFF,DEPLOYED,AUTO
23:51:55.625,-7.55,-43.17,0.00,1027.3893556082514,OFF,DEPLOYED,AUTO
23:51:55.728,-7.21,-42.91,0.00,1025.495719523803,OFF,DEPLOYED,AUTO
23:51:55.828,-6.86,-42.63,0.00,1023.5939460633166,OFF,DEPLOYED,AUTO
23:51:55.930,-6.49,-42.33,0.00,1021.6840827710325,OFF,DEPLOYED,AUTO
23:51:56.033,-6.10,-42.02,0.00,1019.7661773934335,OFF,DEPLOYED,AUTO
23:51:56.133,-5.69,-41.69,0.00,1017.840277878054,OFF,DEPLOYED,AUTO
23:51:56.235,-5.28,-41.34,0.00,1015.9064323722846,OFF,DEPLOYED,AUTO
23:51:56.335,-4.84,-40.98,0.00,1013.9646892221567,OFF,DEPLOYED,AUTO
23:51:56.436,-4.40,-40.60,0.00,1012.0150969711503,OFF,DEPLOYED,AUTO
23:51:56.537,-3.95,-40.20,0.00,1010.0577043589706,OFF,DEPLOYED,AUTO
23:51:56.639,-3.48,-39.79,0.00,1008.0925603203306,OFF,DEPLOYED,AUTO
23:51:56.739,-3.01,-39.36,0.00,1006.1197139837319,OFF,DEPLOYED,AUTO
23:51:56.840,-2.53,-38.92,0.00,1004.1392146702244,OFF,DEPLOYED,AUTO
23:51:56.943,-2.04,-38.46,0.00,1002.1511118921909,OFF,DEPLOYED,AUTO
23:51:57.043,-1.55,-37.98,0.00,1000.1554553520971,OFF,DEPLOYED,AUTO
23:51:57.146,-1.06,-37.49,0.00,998.1522949412524,OFF,DEPLOYED,AUTO
23:51:57.246,-0.56,-36.99,0.00,996.141680738566,OFF,DEPLOYED,AUTO
23:51:57.349,-0.06,-36.47,0.00,994.1236630092822,OFF,DEPLOYED,AUTO
23:51:57.450,0.44,-35.93,0.00,992.0982922037422,OFF,DEPLOYED,AUTO
23:51:57.551,0.94,-35.38,0.00,990.0656189561103,OFF,DEPLOYED,AUTO
23:51:57.655,1.44,-34.82,0.00,988.0256940831123,OFF,DEPLOYED,AUTO
23:51:57.762,1.93,-34.24,0.00,985.9785685827662,OFF,DEPLOYED,AUTO
23:51:57.863,2.42,-33.65,0.00,983.9242936330976,OFF,DEPLOYED,AUTO
23:51:57.965,2.90,-33.05,0.00,981.8629205908758,OFF,DEPLOYED,AUTO
23:51:58.068,3.38,-32.43,0.00,979.7945009903194,OFF,DEPLOYED,AUTO
23:51:58.168,3.84,-31.80,0.00,977.7190865418111,OFF,DEPLOYED,AUTO
23:51:58.274,4.30,-31.16,0.00,975.6367291306065,OFF,DEPLOYED,AUTO
23:51:58.377,4.74,-30.50,0.00,973.5474808155268,OFF,DEPLOYED,AUTO
23:51:58.478,5.18,-29.83,0.00,971.4513938276741,OFF,DEPLOYED,AUTO
23:51:58.581,5.60,-29.15,0.00,969.3485205691136,OFF,DEPLOYED,AUTO
23:51:58.686,6.01,-28.46,0.00,967.2389136115676,OFF,DEPLOYED,AUTO
23:51:58.791,6.40,-27.76,0.00,965.1226256951029,OFF,DEPLOYED,AUTO
23:51:58.895,6.77,-27.05,0.00,962.9997097268013,OFF,DEPLOYED,AUTO
23:51:58.998,7.13,-26.32,0.00,960.8702187794543,OFF,DEPLOYED,AUTO
23:51:59.098,7.47,-25.59,0.00,958.7342060902249,OFF,DEPLOYED,AUTO
23:51:59.199,7.80,-24.84,0.00,956.591725059319,OFF,DEPLOYED,AUTO
23:51:59.300,8.10,-24.08,0.00,954.4428292486537,OFF,DEPLOYED,AUTO
23:51:59.411,8.38,-23.32,0.00,952.2875723805064,OFF,DEPLOYED,AUTO
23:51:59.527,8.65,-22.55,0.00,950.1260083361896,OFF,DEPLOYED,AUTO
23:51:59.630,8.89,-21.76,0.00,947.9581911546917,OFF,DEPLOYED,AUTO
23:51:59.730,9.10,-20.97,0.00,945.7841750313294,OFF,DEPLOYED,AUTO
23:51:59.833,9.30,-20.17,0.00,943.6040143163957,OFF,DEPLOYED,AUTO
23:51:59.935,9.47,-19.36,0.00,941.4177635137887,OFF,DEPLOYED,AUTO
23:52:00.036,9.62,-18.54,0.00,939.2254772796676,OFF,DEPLOYED,AUTO
23:52:00.137,9.74,-17.72,0.00,937.0272104210743,OFF,DEPLOYED,AUTO
23:52:00.243,9.84,-16.89,0.00,934.8230178945655,OFF,DEPLOYED,AUTO
23:52:00.345,9.92,-16.05,0.00,932.6129548048428,OFF,DEPLOYED,AUTO
23:52:00.446,9.97,-15.21,0.00,930.3970764033622,OFF,DEPLOYED,AUTO
23:52:00.547,10.00,-14.36,0.00,928.1754380869713,OFF,DEPLOYED,AUTO
23:52:00.650,10.00,-13.50,0.00,925.9480953965124,OFF,DEPLOYED,AUTO
23:52:00.754,9.97,-12.64,0.00,923.7151040154366,OFF,DEPLOYED,AUTO
23:52:00.857,9.92,-11.78,0.00,921.4765197684155,OFF,DEPLOYED,AUTO
23:52:00.957,9.85,-10.90,0.00,919.2323986199322,OFF,DEPLOYED,AUTO
23:52:01.061,9.75,-10.03,0.00,916.9827966729017,OFF,DEPLOYED,AUTO
23:52:01.162,9.63,-9.15,0.00,914.7277701672556,OFF,DEPLOYED,AUTO
23:52:01.264,9.48,-8.27,0.00,912.467375478539,OFF,DEPLOYED,AUTO
23:52:01.367,9.31,-7.38,0.00,910.2016691165047,OFF,DEPLOYED,AUTO
23:52:01.467,9.12,-6.49,0.00,907.9307077236872,OFF,DEPLOYED,AUTO
23:52:01.567,8.90,-5.60,0.00,905.6545480740065,OFF,DEPLOYED,AUTO
23:52:01.670,8.66,-4.71,0.00,903.3732470713348,OFF,DEPLOYED,AUTO
23:52:01.771,8.40,-3.81,0.00,901.086861748079,OFF,DEPLOYED,AUTO
23:52:01.871,8.12,-2.91,0.00,898.7954492637557,OFF,DEPLOYED,AUTO
23:52:01.974,7.82,-2.01,0.00,896.4990669035517,OFF,DEPLOYED,AUTO
23:52:02.074,7.49,-1.11,0.00,894.1977720769094,OFF,DEPLOYED,AUTO
23:52:02.176,7.15,-0.21,0.00,891.8916223160795,OFF,DEPLOYED,AUTO
23:52:02.277,6.80,0.69,0.00,889.5806752746861,OFF,DEPLOYED,AUTO
23:52:02.377,6.42,1.59,0.00,887.264988726288,OFF,DEPLOYED,AUTO
23:52:02.479,6.03,2.48,0.00,884.9446205629221,OFF,DEPLOYED,AUTO
23:52:02.579,5.62,3.38,0.00,882.6196287936745,OFF,DEPLOYED,AUTO
23:52:02.681,5.20,4.28,0.00,880.2900715432183,OFF,DEPLOYED,AUTO
23:52:02.782,4.77,5.17,0.00,877.956007050364,OFF,DEPLOYED,AUTO
23:52:02.883,4.33,6.07,0.00,875.617493666605,OFF,DEPLOYED,AUTO
23:52:02.983,3.87,6.96,0.00,873.2745898546478,OFF,DEPLOYED,AUTO
23:52:03.084,3.40,7.85,0.00,870.9273541869691,OFF,DEPLOYED,AUTO
23:52:03.184,2.93,8.73,0.00,868.575845344338,OFF,DEPLOYED,AUTO
23:52:03.288,2.45,9.61,0.00,866.2201221143532,OFF,DEPLOYED,AUTO
23:52:03.388,1.96,10.49,0.00,863.8602433899764,OFF,DEPLOYED,AUTO
23:52:03.489,1.47,11.36,0.00,861.4962681680458,OFF,DEPLOYED,AUTO
23:52:03.590,0.97,12.23,0.00,859.1282555478222,OFF,DEPLOYED,AUTO
23:52:03.691,0.47,13.09,0.00,856.7562647294978,OFF,DEPLOYED,AUTO
23:52:03.792,-0.03,13.95,0.00,854.3803550127197,OFF,DEPLOYED,AUTO
23:52:03.894,-0.53,14.80,0.00,852.0005857951102,OFF,DEPLOYED,AUTO
23:52:03.994,-1.03,15.65,0.00,849.6170165707691,OFF,DEPLOYED,AUTO
23:52:04.095,-1.52,16.49,0.00,847.2297069288063,OFF,DEPLOYED,AUTO
23:52:04.197,-2.01,17.33,0.00,844.8387165518385,OFF,DEPLOYED,AUTO
23:52:04.299,-2.50,18.15,0.00,842.4441052145006,OFF,DEPLOYED,AUTO
23:52:04.401,-2.98,18.97,0.00,840.0459327819547,OFF,DEPLOYED,AUTO
23:52:04.504,-3.45,19.79,0.00,837.6442592083798,OFF,DEPLOYED,AUTO
23:52:04.612,-3.92,20.59,0.00,835.2391445354938,OFF,DEPLOYED,AUTO
23:52:04.711,-4.37,21.39,0.00,832.830648891038,OFF,DEPLOYED,AUTO
23:52:04.815,-4.82,22.17,0.00,830.4188324872782,OFF,DEPLOYED,AUTO
23:52:04.917,-5.25,22.95,0.00,828.0037556195023,OFF,DEPLOYED,AUTO
23:52:05.021,-5.67,23.72,0.00,825.5854786644993,OFF,DEPLOYED,AUTO
23:52:05.121,-6.07,24.48,0.00,823.1640620790706,OFF,DEPLOYED,AUTO
23:52:05.223,-6.46,25.23,0.00,820.7395663985047,OFF,DEPLOYED,AUTO
23:52:05.324,-6.84,25.97,0.00,818.3120522350674,OFF,DEPLOYED,AUTO
23:52:05.424,-7.19,26.70,0.00,815.8815802764898,OFF,DEPLOYED,AUTO
23:52:05.526,-7.53,27.42,0.00,813.4482112844372,OFF,DEPLOYED,AUTO
23:52:05.627,-7.85,28.13,0.00,811.0120060930113,OFF,DEPLOYED,AUTO
23:52:05.727,-8.15,28.83,0.00,808.573025607215,OFF,DEPLOYED,AUTO
23:52:05.828,-8.43,29.51,0.00,806.1313308014333,OFF,DEPLOYED,AUTO
23:52:05.929,-8.69,30.18,0.00,803.6869827179127,OFF,DEPLOYED,AUTO
23:52:06.030,-8.92,30.85,0.00,801.240042465221,OFF,DEPLOYED,AUTO
23:52:06.131,-9.14,31.49,0.00,798.7905712167407,OFF,DEPLOYED,AUTO
23:52:06.231,-9.33,32.13,0.00,796.3386302091252,OFF,DEPLOYED,AUTO
23:52:06.332,-9.50,32.75,0.00,793.8842807407722,OFF,DEPLOYED,AUTO
23:52:06.435,-9.64,33.37,0.00,791.4275841702938,OFF,DEPLOYED,AUTO
23:52:06.539,-9.76,33.96,0.00,788.9686019149697,OFF,DEPLOYED,AUTO
23:52:06.642,-9.86,34.55,0.00,786.5073954492314,OFF,DEPLOYED,AUTO
23:52:06.742,-9.93,35.12,0.00,784.0440263031124,OFF,DEPLOYED,AUTO
23:52:06.857,-9.98,35.67,0.00,781.5785560607133,OFF,DEPLOYED,AUTO
23:52:06.962,-10.00,36.21,0.00,779.1110463586649,OFF,DEPLOYED,AUTO
23:52:07.063,-9.99,36.74,0.00,776.6415588845745,OFF,DEPLOYED,AUTO
23:52:07.180,-9.97,37.25,0.00,774.1701553755037,OFF,DEPLOYED,AUTO
23:52:07.268,-9.91,37.75,0.00,771.6968976164114,OFF,DEPLOYED,AUTO
23:52:07.370,-9.84,38.23,0.00,769.221847438613,OFF,DEPLOYED,AUTO
23:52:07.485,-9.73,38.70,0.00,766.7450667182375,OFF,DEPLOYED,AUTO
23:52:07.587,-9.61,39.15,0.00,764.2666173746668,OFF,DEPLOYED,AUTO
23:52:07.689,-9.45,39.59,0.00,761.786561369009,OFF,DEPLOYED,AUTO
23:52:07.792,-9.28,40.01,0.00,759.3049607025349,OFF,DEPLOYED,AUTO
23:52:07.896,-9.08,40.41,0.00,756.8218774151321,OFF,DEPLOYED,AUTO
23:52:07.997,-8.86,40.80,0.00,754.337373583757,OFF,DEPLOYED,AUTO
23:52:08.101,-8.62,41.17,0.00,751.8515113208687,OFF,DEPLOYED,AUTO
23:52:08.207,-8.35,41.53,0.00,749.364352772898,OFF,DEPLOYED,AUTO
23:52:08.308,-8.07,41.86,0.00,746.8759601186791,OFF,DEPLOYED,AUTO
23:52:08.414,-7.76,42.19,0.00,744.3863955678986,OFF,DEPLOYED,AUTO
23:52:08.515,-7.44,42.49,0.00,741.8957213595443,OFF,DEPLOYED,AUTO
23:52:08.615,-7.10,42.78,0.00,739.4039997603345,OFF,DEPLOYED,AUTO
23:52:08.720,-6.73,43.05,0.00,736.911293063183,OFF,DEPLOYED,AUTO
23:52:08.822,-6.36,43.30,0.00,734.4176635856275,OFF,DEPLOYED,AUTO
23:52:08.923,-5.96,43.54,0.00,731.9231736682748,OFF,DEPLOYED,AUTO
23:52:09.026,-5.55,43.76,0.00,729.4278856732466,OFF,DEPLOYED,AUTO
23:52:09.126,-5.13,43.96,0.00,726.9318619826057,OFF,DEPLOYED,AUTO
23:52:09.227,-4.70,44.14,0.00,724.435164996818,OFF,DEPLOYED,AUTO
23:52:09.332,-4.25,44.31,0.00,721.937857133178,OFF,DEPLOYED,AUTO
23:52:09.433,-3.79,44.46,0.00,719.4400008242524,OFF,DEPLOYED,AUTO
23:52:09.534,-3.32,44.59,0.00,716.941658516322,OFF,DEPLOYED,AUTO
23:52:09.640,-2.85,44.70,0.00,714.4428926678078,OFF,DEPLOYED,AUTO
23:52:09.739,-2.37,44.79,0.00,711.943765747729,OFF,DEPLOYED,AUTO
23:52:09.857,-1.88,44.87,0.00,709.4443402341285,OFF,DEPLOYED,AUTO
23:52:09.958,-1.38,44.93,0.00,706.944678612514,OFF,DEPLOYED,AUTO
23:52:10.061,-0.89,44.97,0.00,704.4448433742997,OFF,DEPLOYED,AUTO
23:52:10.162,-0.39,44.99,0.00,701.9448970152289,OFF,DEPLOYED,AUTO
23:52:10.266,0.11,45.00,0.00,699.4449020338338,OFF,DEPLOYED,AUTO
23:52:10.371,0.61,44.99,0.00,696.9449209298591,OFF,DEPLOYED,AUTO
23:52:10.473,1.11,44.96,0.00,694.4450162027022,OFF,DEPLOYED,AUTO
23:52:10.575,1.60,44.91,0.00,691.9452503498542,OFF,DEPLOYED,AUTO
23:52:10.679,2.10,44.84,0.00,689.4456858653245,OFF,DEPLOYED,AUTO
23:52:10.780,2.58,44.75,0.00,686.9463852380984,OFF,DEPLOYED,AUTO
23:52:10.881,3.06,44.65,0.00,684.4474109505616,OFF,DEPLOYED,AUTO
23:52:10.986,3.53,44.53,0.00,681.9488254769409,OFF,DEPLOYED,AUTO
23:52:11.091,4.00,44.39,0.00,679.4506912817467,OFF,DEPLOYED,AUTO
23:52:11.193,4.45,44.24,0.00,676.9530708181967,OFF,DEPLOYED,AUTO
23:52:11.294,4.89,44.06,0.00,674.4560265266757,OFF,DEPLOYED,AUTO
23:52:11.396,5.32,43.87,0.00,671.9596208331612,OFF,DEPLOYED,AUTO
23:52:11.497,5.74,43.66,0.00,669.4639161476655,OFF,DEPLOYED,AUTO
23:52:11.597,6.14,43.44,0.00,666.9689748626793,OFF,DEPLOYED,AUTO
23:52:11.718,6.53,43.19,0.00,664.4748593515974,OFF,DEPLOYED,AUTO
23:52:11.820,6.90,42.93,0.00,661.9816319671816,OFF,DEPLOYED,AUTO
23:52:11.920,7.25,42.65,0.00,659.4893550399865,OFF,DEPLOYED,AUTO
23:52:12.022,7.59,42.36,0.00,656.9980908768055,OFF,DEPLOYED,AUTO
23:52:12.124,7.90,42.04,0.00,654.5079017591163,OFF,DEPLOYED,AUTO
23:52:12.224,8.20,41.72,0.00,652.0188499415103,OFF,DEPLOYED,AUTO
23:52:12.324,8.47,41.37,0.00,649.5309976501567,OFF,DEPLOYED,AUTO
23:52:12.425,8.73,41.01,0.00,647.0444070812332,OFF,DEPLOYED,AUTO
23:52:12.526,8.96,40.63,0.00,644.5591403993747,OFF,DEPLOYED,AUTO
23:52:12.627,9.17,40.23,0.00,642.0752597361222,OFF,DEPLOYED,AUTO
23:52:12.728,9.36,39.82,0.00,639.5928271883558,OFF,DEPLOYED,AUTO
23:52:12.829,9.52,39.40,0.00,637.1119048167635,OFF,DEPLOYED,AUTO
23:52:12.934,9.66,38.95,0.00,634.6325546442754,OFF,DEPLOYED,AUTO
23:52:13.035,9.78,38.49,0.00,632.1548386545167,OFF,DEPLOYED,AUTO
23:52:13.138,9.87,38.02,0.00,629.6788187902614,OFF,DEPLOYED,AUTO
23:52:13.240,9.94,37.53,0.00,627.2045569518702,OFF,DEPLOYED,AUTO
23:52:13.344,9.98,37.03,0.00,624.732114995764,OFF,DEPLOYED,AUTO
23:52:13.446,10.00,36.51,0.00,622.2615547328626,OFF,DEPLOYED,AUTO
23:52:13.546,9.99,35.97,0.00,619.792937927044,OFF,DEPLOYED,MANUAL
23:52:13.671,9.96,35.43,0.00,617.3263262936034,OFF,DEPLOYED,MANUAL
23:52:13.785,9.90,34.86,0.00,614.8617814976959,OFF,DEPLOYED,MANUAL
23:52:13.889,9.82,34.29,0.00,612.3993651528167,OFF,DEPLOYED,MANUAL
23:52:13.994,9.71,33.70,0.00,609.9391388192462,OFF,DEPLOYED,MANUAL
23:52:14.100,9.58,33.10,0.00,607.4811640025146,OFF,DEPLOYED,MANUAL
23:52:14.201,9.43,32.48,0.00,605.0255021518676,OFF,DEPLOYED,MANUAL
23:52:14.301,9.25,31.85,0.00,602.5722146587168,OFF,DEPLOYED,MANUAL
23:52:14.834,9.05,31.21,0.00,600.1213628551252,OFF,DEPLOYED,MANUAL
23:52:14.834,8.82,30.55,0.00,597.6730080122602,OFF,DEPLOYED,MANUAL
23:52:14.836,8.58,29.89,0.00,595.2272113388653,OFF,DEPLOYED,MANUAL
23:52:14.840,8.31,29.21,0.00,592.7840339797336,OFF,DEPLOYED,MANUAL
23:52:14.842,8.02,28.52,0.00,590.3435370141648,OFF,DEPLOYED,MANUAL
23:52:14.966,7.71,27.82,0.00,587.9057814544593,OFF,DEPLOYED,MANUAL
23:52:15.090,7.38,27.10,0.00,585.4708282443792,OFF,DEPLOYED,MANUAL
23:52:15.190,7.04,26.38,0.00,583.038738257628,OFF,DEPLOYED,MANUAL
23:52:15.291,6.67,25.64,0.00,580.6095722963321,OFF,DEPLOYED,MANUAL
23:52:15.392,6.29,24.90,0.00,578.183391089507,OFF,DEPLOYED,MANUAL
23:52:15.493,5.90,24.15,0.00,575.76025529156,OFF,DEPLOYED,MANUAL
23:52:15.594,5.48,23.38,0.00,573.3402254807601,OFF,DEPLOYED,MANUAL
23:52:15.711,5.06,22.61,0.00,570.9233621577262,OFF,DEPLOYED,MANUAL
23:52:15.811,4.62,21.82,0.00,568.509725743919,OFF,DEPLOYED,MANUAL
23:52:15.920,4.17,21.03,0.00,566.0993765801164,OFF,DEPLOYED,MANUAL
23:52:16.020,3.71,20.23,0.00,563.6923749249254,OFF,DEPLOYED,MANUAL
23:52:16.134,3.25,19.43,0.00,561.2887809532618,OFF,DEPLOYED,MANUAL
23:52:16.241,2.77,18.61,0.00,558.8886547548499,OFF,DEPLOYED,MANUAL
23:52:16.345,2.28,17.79,0.00,556.492056332723,OFF,DEPLOYED,MANUAL
23:52:16.484,1.80,16.96,0.00,554.0990456017099,OFF,DEPLOYED,MANUAL
23:52:16.584,1.30,16.12,0.00,551.7096823869579,OFF,DEPLOYED,MANUAL
23:52:16.687,0.80,15.28,0.00,549.3240264224227,OFF,DEPLOYED,MANUAL
23:52:16.796,0.30,14.43,0.00,546.9421373493792,OFF,DEPLOYED,MANUAL
23:52:16.899,-0.20,13.57,0.00,544.5640747149337,OFF,DEPLOYED,MANUAL
23:52:17.002,-0.69,12.71,0.00,542.1898979705213,OFF,DEPLOYED,MANUAL
23:52:17.106,-1.19,11.84,0.00,539.8196664704403,OFF,DEPLOYED,MANUAL
23:52:17.211,-1.69,10.97,0.00,537.453439470355,OFF,DEPLOYED,MANUAL
23:52:17.313,-2.18,10.10,0.00,535.0912761258169,OFF,DEPLOYED,MANUAL
23:52:17.414,-2.66,9.22,0.00,532.7332354907899,OFF,DEPLOYED,MANUAL
23:52:17.518,-3.14,8.34,0.00,530.3793765161606,OFF,DEPLOYED,MANUAL
23:52:17.619,-3.61,7.45,0.00,528.029758048284,OFF,DEPLOYED,MANUAL
23:52:17.718,-4.07,6.56,0.00,525.6844388274994,OFF,DEPLOYED,MANUAL
23:52:17.823,-4.52,5.67,0.00,523.3434774866652,OFF,DEPLOYED,MANUAL
23:52:17.932,-4.96,4.78,0.00,521.0069325496962,OFF,DEPLOYED,MANUAL
23:52:18.032,-5.39,3.88,0.00,159.33743121504386,OFF,RETRACTED,MANUAL
23:52:18.174,-5.81,2.98,0.00,158.1736627147372,OFF,RETRACTED,MANUAL
23:52:18.281,-6.21,2.09,0.00,157.01218986808007,OFF,RETRACTED,MANUAL
23:52:18.383,-6.59,1.19,0.00,155.85304171183313,OFF,RETRACTED,MANUAL
23:52:18.486,-6.96,0.29,0.00,154.69624722464158,OFF,RETRACTED,MANUAL
23:52:18.603,-7.31,-0.61,0.00,153.541835326304,OFF,RETRACTED,MANUAL
23:52:18.707,-7.64,-1.51,0.00,152.38983487705943,OFF,RETRACTED,MANUAL
23:52:18.816,-7.95,-2.41,0.00,151.24027467685906,OFF,RETRACTED,MANUAL
23:52:18.916,-8.25,-3.31,0.00,150.09318346464806,OFF,RETRACTED,MANUAL
23:52:19.018,-8.52,-4.21,0.00,148.94858991764858,OFF,RETRACTED,MANUAL
23:52:19.118,-8.77,-5.10,0.00,147.80652265063645,OFF,RETRACTED,MANUAL
23:52:19.219,-9.00,-6.00,0.00,146.66701021523548,OFF,RETRACTED,MANUAL
23:52:19.330,-9.21,-6.89,0.00,145.53008109919722,OFF,RETRACTED,MANUAL
23:52:19.429,-9.39,-7.77,0.00,144.39576372569033,OFF,RETRACTED,MANUAL
23:52:19.530,-9.55,-8.66,0.00,143.2640864525917,OFF,RETRACTED,MANUAL
23:52:19.631,-9.69,-9.54,0.00,142.13507757177098,OFF,RETRACTED,MANUAL
23:52:19.734,-9.80,-10.42,0.00,141.008765308393,OFF,RETRACTED,MANUAL
23:52:19.836,-9.89,-11.29,0.00,139.88517782020574,OFF,RETRACTED,MANUAL
23:52:19.945,-9.95,-12.16,0.00,138.76434319683779,OFF,RETRACTED,MANUAL
23:52:20.050,-9.99,-13.02,0.00,137.646289459098,OFF,RETRACTED,MANUAL
23:52:20.154,-10.00,-13.88,0.00,136.53104455826838,OFF,RETRACTED,MANUAL
23:52:20.260,-9.99,-14.74,0.00,135.41863637541502,OFF,RETRACTED,MANUAL
23:52:20.362,-9.95,-15.58,0.00,134.30909272068448,OFF,RETRACTED,MANUAL
23:52:20.480,-9.89,-16.43,0.00,133.20244133261033,OFF,RETRACTED,MANUAL
23:52:20.590,-9.80,-17.26,0.00,132.09870987742124,OFF,RETRACTED,MANUAL
23:52:20.693,-9.69,-18.09,0.00,130.99792594834298,OFF,RETRACTED,MANUAL
23:52:20.801,-9.56,-18.91,0.00,129.900117064918,OFF,RETRACTED,MANUAL
23:52:20.903,-9.40,-19.72,0.00,128.80531067231118,OFF,RETRACTED,MANUAL
23:52:21.015,-9.22,-20.53,0.00,127.71353414062536,OFF,RETRACTED,MANUAL
23:52:21.115,-9.01,-21.32,0.00,126.62481476421848,OFF,RETRACTED,MANUAL
23:52:21.215,-8.78,-22.11,0.00,125.53917976101516,OFF,RETRACTED,MANUAL
23:52:21.316,-8.53,-22.89,0.00,124.4566562718355,OFF,RETRACTED,MANUAL
23:52:21.434,-8.26,-23.66,0.00,123.37727135971033,OFF,RETRACTED,MANUAL
23:52:21.553,-7.97,-24.42,0.00,122.30105200920624,OFF,RETRACTED,MANUAL
23:52:21.665,-7.66,-25.17,0.00,121.22802512575248,OFF,RETRACTED,MANUAL
23:52:21.766,-7.33,-25.91,0.00,120.15821753496218,OFF,RETRACTED,MANUAL
23:52:21.872,-6.98,-26.64,0.00,119.09165598197089,OFF,RETRACTED,MANUAL
23:52:21.974,-6.61,-27.36,0.00,118.02836713076195,OFF,RETRACTED,MANUAL
23:52:22.081,-6.23,-28.07,0.00,116.9683775635012,OFF,RETRACTED,MANUAL
23:52:22.190,-5.83,-28.77,0.00,115.91171377987416,OFF,RETRACTED,MANUAL
23:52:22.305,-5.41,-29.46,0.00,114.85840219641739,OFF,RETRACTED,MANUAL
23:52:22.408,-4.99,-30.13,0.00,113.80846914586706,OFF,RETRACTED,MANUAL
23:52:22.514,-4.55,-30.79,0.00,112.76194087649478,OFF,RETRACTED,MANUAL
23:52:22.621,-4.10,-31.44,0.00,111.71884355145278,OFF,RETRACTED,MANUAL
23:52:22.728,-3.64,-32.08,0.00,110.67920324812135,OFF,RETRACTED,MANUAL
23:52:22.832,-3.17,-32.71,0.00,109.64304595745094,OFF,RETRACTED,MANUAL
23:52:22.936,-2.69,-33.32,0.00,108.61039758332137,OFF,RETRACTED,MANUAL
23:52:23.048,-2.20,-33.92,0.00,107.58128394188819,OFF,RETRACTED,MANUAL
23:52:23.153,-1.71,-34.50,0.00,106.55573076093879,OFF,RETRACTED,MANUAL
23:52:23.257,-1.22,-35.07,0.00,105.5337636792508,OFF,RETRACTED,MANUAL
23:52:23.358,-0.72,-35.63,0.00,104.51540824594511,OFF,RETRACTED,MANUAL
23:52:23.459,-0.22,-36.17,0.00,103.50068991985592,ON,RETRACTED,MANUAL
23:52:23.578,0.28,-36.70,0.00,102.48963406888859,ON,RETRACTED,MANUAL
23:52:23.672,0.78,-37.21,0.00,101.48226596938673,ON,RETRACTED,MANUAL
23:52:23.774,1.28,-37.71,0.00,100.47861080550175,ON,RETRACTED,MANUAL
23:52:23.882,1.77,-38.19,0.00,99.47869366855767,ON,RETRACTED,MANUAL
23:52:23.993,2.26,-38.66,0.00,98.48253955643222,ON,RETRACTED,MANUAL
23:52:24.096,2.74,-39.12,0.00,97.49017337292631,ON,RETRACTED,MANUAL
23:52:24.198,3.22,-39.55,0.00,96.50161992714291,ON,RETRACTED,MANUAL
23:52:24.309,3.69,-39.97,0.00,95.51690393286799,ON,RETRACTED,MANUAL
23:52:24.408,4.15,-40.38,0.00,94.53605000794738,ON,RETRACTED,MANUAL
23:52:24.509,4.60,-40.77,0.00,93.55908267367951,ON,RETRACTED,MANUAL
23:52:24.611,5.04,-41.14,0.00,92.58602635419683,ON,RETRACTED,MANUAL
23:52:24.711,5.46,-41.50,0.00,91.61690537585667,ON,RETRACTED,MANUAL
23:52:24.812,5.87,-41.84,0.00,90.6517439666344,ON,RETRACTED,MANUAL
23:52:24.913,6.27,-42.16,0.00,89.69056625551215,ON,RETRACTED,MANUAL
23:52:25.014,6.65,-42.47,0.00,88.73339627188415,ON,RETRACTED,MANUAL
23:52:25.116,7.02,-42.76,0.00,87.78025794495,ON,RETRACTED,MANUAL
23:52:25.219,7.37,-43.03,0.00,86.83117510311834,ON,RETRACTED,MANUAL
23:52:25.323,7.69,-43.28,0.00,85.88617147341205,ON,RETRACTED,MANUAL
23:52:25.426,8.00,-43.52,0.00,84.94527068086998,ON,RETRACTED,MANUAL
23:52:25.540,8.29,-43.74,0.00,84.0084962479643,ON,RETRACTED,MANUAL
23:52:25.641,8.56,-43.94,0.00,83.07587159400705,ON,RETRACTED,MANUAL
23:52:25.745,8.81,-44.13,0.00,82.14742003456601,ON,RETRACTED,MANUAL
23:52:25.849,9.04,-44.30,0.00,81.22316478088311,ON,RETRACTED,MANUAL
23:52:25.952,9.24,-44.45,0.00,80.30312893928894,ON,RETRACTED,MANUAL
23:52:26.054,9.42,-44.58,0.00,79.38733551063288,ON,RETRACTED,MANUAL
23:52:26.155,9.57,-44.69,0.00,78.475807389703,ON,RETRACTED,MANUAL
23:52:26.259,9.71,-44.79,0.00,77.56856736465483,ON,RETRACTED,MANUAL
23:52:26.361,9.81,-44.87,0.00,76.66563811644306,ON,RETRACTED,MANUAL
23:52:26.466,9.90,-44.93,0.00,75.76704221824923,ON,RETRACTED,MANUAL
23:52:26.573,9.96,-44.97,0.00,74.87280213492537,ON,RETRACTED,MANUAL
23:52:26.673,9.99,-44.99,0.00,73.98294022242692,ON,RETRACTED,MANUAL
23:52:26.775,10.00,-45.00,0.00,73.09747872725532,ON,RETRACTED,MANUAL
23:52:26.878,9.98,-44.99,0.00,72.21643978590319,ON,RETRACTED,MANUAL
23:52:26.979,9.94,-44.96,0.00,71.33984542429562,ON,RETRACTED,MANUAL
23:52:27.087,9.88,-44.91,0.00,70.46771755724717,ON,RETRACTED,MANUAL
23:52:27.189,9.79,-44.85,0.00,69.6000779879092,ON,RETRACTED,MANUAL
23:52:27.293,9.67,-44.76,0.00,68.73694840722575,ON,RETRACTED,MANUAL
23:52:27.395,9.53,-44.66,0.00,67.87835039339251,ON,RETRACTED,MANUAL
23:52:27.497,9.37,-44.54,0.00,67.02430541131275,ON,RETRACTED,MANUAL
23:52:27.598,9.18,-44.40,0.00,66.17483481206773,ON,RETRACTED,MANUAL
23:52:27.698,8.97,-44.25,0.00,65.3299598323782,ON,RETRACTED,MANUAL
23:52:27.819,8.74,-44.08,0.00,64.48970159407463,ON,RETRACTED,MANUAL
23:52:27.923,8.49,-43.89,0.00,63.654081103570405,ON,RETRACTED,MANUAL
23:52:28.026,8.21,-43.68,0.00,62.82311925133192,ON,RETRACTED,MANUAL
23:52:28.128,7.92,-43.45,0.00,61.99683681136332,ON,RETRACTED,MANUAL
23:52:28.231,7.60,-43.21,0.00,61.175254440682664,ON,RETRACTED,MANUAL
23:52:28.334,7.27,-42.95,0.00,60.35839267880638,ON,RETRACTED,MANUAL
23:52:28.446,6.92,-42.68,0.00,59.5462719472371,ON,RETRACTED,MANUAL
23:52:28.554,6.55,-42.38,0.00,58.73891254894855,ON,RETRACTED,MANUAL
23:52:28.681,6.16,-42.07,0.00,57.93633466788478,ON,RETRACTED,MANUAL
23:52:28.784,5.76,-41.74,0.00,57.13855836845099,ON,RETRACTED,MANUAL
23:52:28.884,5.34,-41.40,0.00,56.34560359501313,ON,RETRACTED,MANUAL
23:52:28.987,4.91,-41.04,0.00,55.55749017140039,ON,RETRACTED,MANUAL
23:52:29.093,4.47,-40.66,0.00,54.77423780040499,ON,RETRACTED,MANUAL
23:52:29.195,4.02,-40.27,0.00,53.99586606329666,ON,RETRACTED,MANUAL
23:52:29.306,3.56,-39.86,0.00,53.22239441932814,ON,RETRACTED,MANUAL
23:52:29.408,3.09,-39.43,0.00,52.45384220525034,ON,RETRACTED,MANUAL
23:52:29.507,2.61,-38.99,0.00,51.69022863482968,ON,RETRACTED,MANUAL
23:52:29.608,2.12,-38.53,0.00,50.93157279836339,ON,RETRACTED,MANUAL
23:52:29.709,1.63,-38.06,0.00,50.177893662209016,ON,RETRACTED,MANUAL
23:52:29.809,1.13,-37.57,0.00,49.429210068305736,ON,RETRACTED,MANUAL
23:52:29.911,0.64,-37.07,0.00,48.68554073370433,ON,RETRACTED,MANUAL
23:52:30.012,0.14,-36.55,0.00,47.946904250100516,ON,RETRACTED,MANUAL
23:52:30.113,-0.36,-36.02,0.00,47.21331908336583,ON,RETRACTED,MANUAL
23:52:30.228,-0.86,-35.47,0.00,46.48480357309222,ON,RETRACTED,MANUAL
23:52:30.329,-1.36,-34.91,0.00,45.761375932129596,ON,RETRACTED,MANUAL
23:52:30.432,-1.85,-34.34,0.00,45.04305424613122,ON,RETRACTED,MANUAL
23:52:30.531,-2.34,-33.75,0.00,44.32985647310292,ON,RETRACTED,MANUAL
23:52:30.633,-2.82,-33.14,0.00,43.62180044294976,ON,RETRACTED,MANUAL
23:52:30.735,-3.30,-32.53,0.00,42.918903857036696,ON,RETRACTED,MANUAL
23:52:30.834,-3.77,-31.90,0.00,42.22118428774175,ON,RETRACTED,MANUAL
23:52:30.937,-4.23,-31.26,0.00,41.52865917801782,ON,RETRACTED,MANUAL
23:52:31.036,-4.67,-30.61,0.00,40.84134584095753,ON,RETRACTED,MANUAL
23:52:31.138,-5.11,-29.94,0.00,40.15926145935654,ON,RETRACTED,MANUAL
23:52:31.238,-5.53,-29.26,0.00,39.48242308528992,ON,RETRACTED,MANUAL
23:52:31.381,-5.94,-28.57,0.00,38.8108476396817,ON,RETRACTED,MANUAL
23:52:31.494,-6.34,-27.87,0.00,38.1445519118831,ON,RETRACTED,MANUAL
23:52:31.598,-6.72,-27.16,0.00,37.48355255925347,ON,RETRACTED,MANUAL
23:52:31.700,-7.08,-26.44,0.00,36.8278661067404,ON,RETRACTED,MANUAL
23:52:31.832,-7.42,-25.70,0.00,36.17750894647196,ON,RETRACTED,MANUAL
23:52:31.934,-7.75,-24.96,0.00,35.53249733734327,ON,RETRACTED,MANUAL
23:52:32.045,-8.05,-24.21,0.00,34.89284740461099,ON,RETRACTED,MANUAL
23:52:32.144,-8.34,-23.44,0.00,34.258575139491,ON,RETRACTED,MANUAL
23:52:32.247,-8.61,-22.67,0.00,33.6296963987551,ON,RETRACTED,MANUAL
23:52:32.346,-8.85,-21.89,0.00,33.00622690433997,ON,RETRACTED,MANUAL
23:52:32.454,-9.07,-21.10,0.00,32.38818224295045,ON,RETRACTED,MANUAL
23:52:32.555,-9.27,-20.30,0.00,31.775577865670954,ON,RETRACTED,MANUAL
23:52:32.658,-9.45,-19.49,0.00,31.168429087579824,ON,RETRACTED,MANUAL
23:52:32.760,-9.60,-18.68,0.00,30.5667510873632,ON,RETRACTED,MANUAL
23:52:32.863,-9.73,-17.85,0.00,29.970558906940596,ON,RETRACTED,MANUAL
23:52:32.964,-9.83,-17.02,0.00,29.37986745108543,ON,RETRACTED,MANUAL
23:52:33.064,-9.91,-16.19,0.00,28.79469148705337,ON,RETRACTED,MANUAL
23:52:33.166,-9.96,-15.34,0.00,28.215045644213887,ON,RETRACTED,MANUAL
23:52:33.300,-9.99,-14.49,0.00,27.640944413681183,ON,RETRACTED,MANUAL
23:52:33.401,-10.00,-13.64,0.00,27.07240214795695,ON,RETRACTED,MANUAL
23:52:33.506,-9.98,-12.78,0.00,26.5094330605682,ON,RETRACTED,MANUAL
23:52:33.616,-9.93,-11.91,0.00,25.952051225712836,ON,RETRACTED,MANUAL
23:52:33.722,-9.86,-11.04,0.00,25.400270577908458,ON,RETRACTED,MANUAL
23:52:33.827,-9.77,-10.17,0.00,24.854104911640945,ON,RETRACTED,MANUAL
23:52:33.936,-9.65,-9.29,0.00,24.313567881024312,ON,RETRACTED,MANUAL
23:52:34.038,-9.51,-8.41,0.00,23.778672999456177,ON,RETRACTED,MANUAL
23:52:34.139,-9.34,-7.52,0.00,23.24943363928074,ON,RETRACTED,MANUAL
23:52:34.242,-9.15,-6.63,0.00,22.725863031455106,ON,RETRACTED,MANUAL
23:52:34.344,-8.94,-5.74,0.00,22.207974265215768,ON,RETRACTED,MANUAL
23:52:34.446,-8.70,-4.85,0.00,21.69578028775564,ON,RETRACTED,MANUAL
23:52:34.549,-8.44,-3.95,0.00,21.18929390389752,ON,RETRACTED,MANUAL
23:52:34.649,-8.16,-3.06,0.00,20.68852777577456,ON,RETRACTED,MANUAL
23:52:34.751,-7.87,-2.16,0.00,20.193494422514647,ON,RETRACTED,MANUAL
23:52:34.853,-7.55,-1.26,0.00,19.704206219924345,ON,RETRACTED,MANUAL
23:52:34.956,-7.21,-0.36,0.00,19.220675400184007,ON,RETRACTED,MANUAL
23:52:35.056,-6.85,0.54,0.00,18.742914051538946,ON,RETRACTED,MANUAL
23:52:35.165,-6.48,1.44,0.00,18.270934117997967,ON,RETRACTED,MANUAL
23:52:35.269,-6.09,2.34,0.00,17.804747399035477,ON,RETRACTED,MANUAL
23:52:35.379,-5.69,3.24,0.00,17.344365549293855,ON,RETRACTED,MANUAL
23:52:35.483,-5.27,4.14,0.00,16.889800078296048,ON,RETRACTED,MANUAL
23:52:35.585,-4.84,5.03,0.00,16.441062350155136,ON,RETRACTED,MANUAL
23:52:35.689,-4.40,5.93,0.00,15.998163583290989,ON,RETRACTED,MANUAL
23:52:35.791,-3.94,6.82,0.00,15.561114850150233,ON,RETRACTED,MANUAL
23:52:35.896,-3.48,7.70,0.00,15.129927076927316,ON,RETRACTED,MANUAL
23:52:35.999,-3.01,8.59,0.00,14.704611043294648,ON,RETRACTED,MANUAL
23:52:36.108,-2.53,9.47,0.00,14.28517738213094,ON,RETRACTED,MANUAL
23:52:36.210,-2.04,10.35,0.00,13.87163657925592,ON,RETRACTED,MANUAL
23:52:36.314,-1.55,11.22,0.00,13.4639989731686,ON,RETRACTED,MANUAL
23:52:36.415,-1.05,12.09,0.00,13.062274754786841,ON,RETRACTED,MANUAL
23:52:36.524,-0.55,12.96,0.00,12.666473967195685,ON,RETRACTED,MANUAL
23:52:36.648,-0.05,13.82,0.00,12.276606505394312,ON,RETRACTED,MANUAL
23:52:36.762,0.45,14.67,0.00,11.892682116048832,ON,RETRACTED,MANUAL
23:52:36.880,0.95,15.52,0.00,11.514710397249615,ON,RETRACTED,MANUAL
23:52:36.981,1.44,16.36,0.00,11.142700798268777,ON,RETRACTED,MANUAL
23:52:37.084,1.94,17.19,0.00,10.776662619327595,ON,RETRACTED,MANUAL
23:52:37.185,2.42,18.02,0.00,10.416605011361327,ON,RETRACTED,MANUAL
23:52:37.288,2.90,18.84,0.00,10.062536975791517,ON,RETRACTED,MANUAL
23:52:37.390,3.38,19.66,0.00,9.7144673643011,ON,RETRACTED,MANUAL
23:52:37.492,3.85,20.46,0.00,9.372404878611178,ON,RETRACTED,MANUAL
23:52:37.600,4.30,21.26,0.00,9.036358070266658,ON,RETRACTED,MANUAL
23:52:37.706,4.75,22.05,0.00,8.706335340420168,ON,RETRACTED,MANUAL
23:52:37.812,5.18,22.83,0.00,8.38234493962284,ON,RETRACTED,MANUAL
23:52:37.913,5.60,23.60,0.00,8.064394967618199,ON,RETRACTED,MANUAL
23:52:38.016,6.01,24.36,0.00,7.752493373138151,ON,RETRACTED,MANUAL
23:52:38.119,6.40,25.11,0.00,7.44664795370673,ON,RETRACTED,MANUAL
23:52:38.220,6.78,25.85,0.00,7.146866355443478,ON,RETRACTED,MANUAL
23:52:38.324,7.14,26.59,0.00,6.853156072872764,ON,RETRACTED,MANUAL
23:52:38.425,7.48,27.31,0.00,6.565524448736767,ON,RETRACTED,MANUAL
23:52:38.529,7.80,28.02,0.00,6.283978673810253,ON,RETRACTED,MANUAL
23:52:38.634,8.10,28.72,0.00,6.008525786723368,ON,RETRACTED,MANUAL
23:52:38.738,8.39,29.40,0.00,5.739172673783969,ON,RETRACTED,MANUAL
23:52:38.839,8.65,30.08,0.00,5.475926068805791,ON,RETRACTED,MANUAL
23:52:38.942,8.89,30.74,0.00,5.218792552940641,ON,RETRACTED,MANUAL
23:52:39.042,9.11,31.39,0.00,4.967778554512336,ON,RETRACTED,MANUAL
23:52:39.143,9.30,32.03,0.00,4.722890348858044,ON,RETRACTED,MANUAL
23:52:39.244,9.47,32.66,0.00,4.484134058170213,ON,RETRACTED,MANUAL
23:52:39.347,9.62,33.27,0.00,4.251515651343652,ON,RETRACTED,MANUAL
23:52:39.446,9.75,33.87,0.00,4.025040943826781,ON,RETRACTED,MANUAL
23:52:39.549,9.85,34.45,0.00,3.804715597474768,ON,RETRACTED,MANUAL
23:52:39.651,9.92,35.03,0.00,3.5905451204101837,ON,RETRACTED,MANUAL
23:52:39.754,9.97,35.58,0.00,3.3825348668837876,ON,RETRACTED,MANUAL
23:52:39.856,10.00,36.13,0.00,3.180690037141062,ON,RETRACTED,MANUAL
23:52:39.966,10.00,36.66,0.00,2.9850156772924947,ON,RETRACTED,MANUAL
23:52:40.072,9.97,37.17,0.00,2.79551667918642,ON,RETRACTED,MANUAL
23:52:40.182,9.92,37.67,0.00,2.6121977802881133,ON,RETRACTED,MANUAL
23:52:40.289,9.85,38.16,0.00,2.435063563560533,ON,RETRACTED,MANUAL
23:52:40.390,9.75,38.63,0.00,2.264118457349923,ON,RETRACTED,MANUAL
23:52:40.493,9.63,39.08,0.00,2.0993667352751686,ON,RETRACTED,MANUAL
23:52:40.596,9.48,39.52,0.00,1.9408125161203316,ON,RETRACTED,MANUAL
23:52:40.699,9.31,39.94,0.00,1.7884597637328739,ON,RETRACTED,MANUAL
23:52:40.799,9.11,40.35,0.00,1.6423122869236408,ON,RETRACTED,MANUAL
23:52:40.907,8.90,40.74,0.00,1.5023737393719614,ON,RETRACTED,MANUAL
23:52:41.010,8.66,41.11,0.00,1.3686476195343857,ON,RETRACTED,MANUAL
23:52:41.111,8.40,41.47,0.00,1.241137270556635,ON,RETRACTED,MANUAL
23:52:41.212,8.12,41.81,0.00,1.119845880190951,ON,RETRACTED,MANUAL
23:52:41.318,7.81,42.14,0.00,1.0047764807157478,ON,RETRACTED,MANUAL
23:52:41.418,7.49,42.44,0.00,0.8959319488600386,ON,RETRACTED,MANUAL
23:52:41.520,7.15,42.73,0.00,0.7933150057316141,ON,RETRACTED,MANUAL
23:52:41.622,6.79,43.01,0.00,0.6969282167483755,ON,RETRACTED,MANUAL
23:52:41.723,6.42,43.26,0.00,0.6067739915752384,ON,RETRACTED,MANUAL
23:52:41.824,6.03,43.50,0.00,0.5228545840630545,ON,RETRACTED,MANUAL
23:52:41.925,5.62,43.72,0.00,0.44517209219270626,ON,RETRACTED,MANUAL
23:52:42.027,5.20,43.93,0.00,0.3737284580225264,ON,RETRACTED,MANUAL
23:52:42.128,4.77,44.11,0.00,0.30852546763944133,ON,RETRACTED,MANUAL
23:52:42.229,4.32,44.28,0.00,0.24956475111488885,ON,RETRACTED,MANUAL
23:52:42.332,3.87,44.43,0.00,0.19684778246377732,ON,RETRACTED,MANUAL
23:52:42.434,3.40,44.57,0.00,0.1503758796075374,ON,RETRACTED,MANUAL
23:52:42.535,2.93,44.68,0.00,0.11015020434135181,ON,RETRACTED,MANUAL
23:52:42.641,2.44,44.78,0.00,0.07617176230493783,ON,RETRACTED,MANUAL
23:52:42.742,1.96,44.86,0.00,0.04844140295759303,ON,RETRACTED,MANUAL
23:52:42.843,1.46,44.92,0.00,0.026959819556878983,ON,RETRACTED,MANUAL
23:52:42.945,0.97,44.97,0.00,0.011727549141312466,ON,RETRACTED,MANUAL
23:52:43.045,0.47,44.99,0.00,0.0027449725167798533,ON,RETRACTED,MANUAL
23:52:43.148,-0.03,45.00,0.00,1.2314247271660861e-05,ON,RETRACTED,MANUAL
23:52:43.247,-0.53,44.99,0.00,0.003529642649056086,ON,RETRACTED,MANUAL
23:52:43.349,-1.03,44.96,0.00,0.013296869789144239,ON,RETRACTED,MANUAL
23:52:43.452,-1.53,44.92,0.00,0.029313751487393347,ON,RETRACTED,MANUAL
23:52:43.554,-2.02,44.85,0.00,0.05157988732250374,ON,RETRACTED,MANUAL
23:52:43.656,-2.50,44.77,0.00,0.08009472064236434,ON,RETRACTED,MANUAL
23:52:43.758,-2.99,44.67,0.00,0.11485753857755299,ON,RETRACTED,MANUAL
23:52:43.857,-3.46,44.55,0.00,0.15586747205938423,ON,RETRACTED,MANUAL
23:52:43.958,-3.92,44.42,0.00,0.203123495841794,ON,RETRACTED,MANUAL
23:52:44.059,-4.38,44.26,0.00,0.2566244285264361,ON,RETRACTED,MANUAL
23:52:44.160,-4.82,44.09,0.00,0.3163689325930079,ON,RETRACTED,MANUAL
23:52:44.262,-5.25,43.90,0.00,0.3823555144319357,ON,RETRACTED,MANUAL
23:52:44.365,-5.67,43.70,0.00,0.45458252438209,ON,RETRACTED,MANUAL
23:52:44.468,-6.08,43.47,0.00,0.5330481567719971,ON,RETRACTED,MANUAL
23:52:44.568,-6.47,43.23,0.00,0.6177504499648023,ON,RETRACTED,MANUAL
23:52:44.671,-6.84,42.97,0.00,0.7086872864078657,ON,RETRACTED,MANUAL
23:52:44.772,-7.20,42.70,0.00,0.8058563926848308,ON,RETRACTED,MANUAL
23:52:44.874,-7.53,42.41,0.00,0.9092553395731215,ON,RETRACTED,MANUAL
23:52:44.988,-7.85,42.10,0.00,1.0188815421045092,ON,RETRACTED,MANUAL
23:52:45.091,-8.15,41.77,0.00,1.1347322596293736,ON,RETRACTED,MANUAL
23:52:45.208,-8.43,41.43,0.00,1.2568045958862228,ON,RETRACTED,MANUAL
23:52:45.311,-8.69,41.07,0.00,1.3850954990728042,ON,RETRACTED,MANUAL
23:52:45.419,-8.93,40.69,0.00,1.5196017619232691,ON,RETRACTED,MANUAL
23:52:45.525,-9.14,40.30,0.00,1.6603200217879532,ON,RETRACTED,MANUAL
23:52:45.626,-9.33,39.89,0.00,1.8072467607175895,ON,RETRACTED,MANUAL
23:52:45.732,-9.50,39.46,0.00,1.9603783055517,ON,RETRACTED,MANUAL
23:52:45.837,-9.64,39.02,0.00,2.1197108280094596,ON,RETRACTED,MANUAL
23:52:45.939,-9.76,38.57,0.00,2.2852403447861036,ON,RETRACTED,MANUAL
23:52:46.039,-9.86,38.10,0.00,2.4569627176523454,ON,RETRACTED,MANUAL
23:52:46.141,-9.93,37.61,0.00,2.63487365355752,ON,RETRACTED,MANUAL
23:52:46.241,-9.98,37.11,0.00,2.8189687047380403,ON,RETRACTED,MANUAL
23:52:46.343,-10.00,36.59,0.00,3.009243268826964,ON,RETRACTED,MANUAL
23:52:46.443,-9.99,36.06,0.00,3.205692588970038,ON,RETRACTED,MANUAL
23:52:46.547,-9.97,35.51,0.00,3.4083117539445595,ON,RETRACTED,MANUAL
23:52:46.669,-9.91,34.96,0.00,3.617095698281645,ON,RETRACTED,MANUAL
23:52:46.773,-9.83,34.38,0.00,3.8320392023940997,ON,RETRACTED,MANUAL
23:52:46.873,-9.73,33.79,0.00,4.053136892705282,ON,RETRACTED,MANUAL
23:52:46.974,-9.60,33.19,0.00,4.280383241784449,ON,RETRACTED,MANUAL
23:52:47.076,-9.45,32.58,0.00,4.513772568484683,ON,RETRACTED,MANUAL
23:52:47.178,-9.28,31.95,0.00,4.753299038084634,ON,RETRACTED,MANUAL
23:52:47.277,-9.08,31.31,0.00,4.998956662435717,ON,RETRACTED,MANUAL
23:52:47.378,-8.86,30.66,0.00,5.250739300109785,ON,RETRACTED,MANUAL
23:52:47.481,-8.62,29.99,0.00,5.508640656554007,ON,RETRACTED,MANUAL
23:52:47.580,-8.35,29.32,0.00,5.7726542842479205,ON,RETRACTED,MANUAL
23:52:47.681,-8.07,28.63,0.00,6.042773582864157,ON,RETRACTED,MANUAL
23:52:47.786,-7.76,27.93,0.00,6.318991799435139,ON,RETRACTED,MANUAL
23:52:47.885,-7.44,27.22,0.00,6.601302028519399,ON,RETRACTED,MANUAL
23:52:47.987,-7.09,26.49,0.00,6.889697212375978,ON,RETRACTED,MANUAL
23:52:48.089,-6.73,25.76,0.00,7.1841701411402425,ON,RETRACTED,MANUAL
23:52:48.190,-6.35,25.02,0.00,7.484713453003934,ON,RETRACTED,MANUAL
23:52:48.292,-5.96,24.27,0.00,7.791319634400736,ON,RETRACTED,MANUAL
23:52:48.392,-5.55,23.50,0.00,8.103981020191668,ON,RETRACTED,MANUAL
23:52:48.495,-5.13,22.73,0.00,8.422689793858325,ON,RETRACTED,MANUAL
23:52:48.596,-4.69,21.95,0.00,8.74743798769802,ON,RETRACTED,MANUAL
23:52:48.698,-4.25,21.16,0.00,9.078217483022314,ON,RETRACTED,MANUAL
23:52:48.799,-3.79,20.36,0.00,9.415020010362014,ON,RETRACTED,MANUAL
23:52:48.900,-3.32,19.55,0.00,9.757837149671019,ON,RETRACTED,MANUAL
23:52:49.002,-2.84,18.74,0.00,10.10666033053866,ON,RETRACTED,MANUAL
23:52:49.105,-2.36,17.92,0.00,10.461480832403652,ON,RETRACTED,MANUAL
23:52:49.208,-1.87,17.09,0.00,10.822289784771328,ON,RETRACTED,MANUAL
23:52:49.307,-1.38,16.25,0.00,11.189078167437742,ON,RETRACTED,MANUAL
23:52:49.408,-0.88,15.41,0.00,11.561836810711924,ON,RETRACTED,MANUAL
23:52:49.509,-0.38,14.56,0.00,11.940556395647207,ON,RETRACTED,MANUAL
23:52:49.610,0.12,13.71,0.00,12.325227454273659,ON,RETRACTED,MANUAL
23:52:49.710,0.62,12.85,0.00,12.715840369834353,ON,RETRACTED,MANUAL
23:52:49.811,1.11,11.98,0.00,13.112385377027806,ON,RETRACTED,MANUAL
23:52:49.912,1.61,11.11,0.00,13.514852562248933,ON,RETRACTED,MANUAL
23:52:50.013,2.10,10.24,0.00,13.923231863839106,ON,RETRACTED,MANUAL
23:52:50.114,2.59,9.36,0.00,14.33751307233706,ON,RETRACTED,MANUAL
23:52:50.214,3.07,8.48,0.00,14.757685830733465,ON,RETRACTED,MANUAL
23:52:50.315,3.54,7.59,0.00,15.183739634732575,ON,RETRACTED,MANUAL
23:52:50.416,4.00,6.70,0.00,15.615663833010785,ON,RETRACTED,MANUAL
23:52:50.518,4.45,5.81,0.00,16.053447627485667,ON,RETRACTED,MANUAL
23:52:50.617,4.90,4.92,0.00,16.497080073585153,ON,RETRACTED,MANUAL
23:52:50.720,5.32,4.02,0.00,16.94655008052058,ON,RETRACTED,MANUAL
23:52:50.819,5.74,3.13,0.00,17.401846411566453,ON,RETRACTED,MANUAL
23:52:50.920,6.14,2.23,0.00,17.862957684337545,ON,RETRACTED,MANUAL
23:52:51.021,6.53,1.33,0.00,18.32987237107608,ON,RETRACTED,MANUAL
23:52:51.124,6.90,0.43,0.00,18.80257879893921,ON,RETRACTED,MANUAL
23:52:51.223,7.25,-0.47,0.00,19.281065150290146,ON,RETRACTED,MANUAL
23:52:51.333,7.59,-1.37,0.00,19.765319462996445,ON,RETRACTED,MANUAL
23:52:51.443,7.90,-2.27,0.00,20.25532963072476,ON,RETRACTED,MANUAL
23:52:51.543,8.20,-3.17,0.00,20.75108340324647,ON,RETRACTED,MANUAL
23:52:51.645,8.48,-4.07,0.00,21.252568386743064,ON,RETRACTED,MANUAL
23:52:51.746,8.73,-4.96,0.00,21.759772044115323,ON,RETRACTED,MANUAL
23:52:51.847,8.96,-5.85,0.00,22.272681695299752,ON,RETRACTED,MANUAL
23:52:51.947,9.17,-6.75,0.00,22.791284517580976,ON,RETRACTED,MANUAL
23:52:52.049,9.36,-7.63,0.00,23.315567545915513,ON,RETRACTED,MANUAL
23:52:52.149,9.53,-8.52,0.00,23.845517673254932,ON,RETRACTED,MANUAL
23:52:52.253,9.67,-9.40,0.00,24.3811216508729,ON,RETRACTED,MANUAL
23:52:52.353,9.78,-10.28,0.00,24.922366088699363,ON,RETRACTED,MANUAL
23:52:52.454,9.87,-11.15,0.00,25.46923745565084,ON,RETRACTED,MANUAL
23:52:52.557,9.94,-12.02,0.00,26.021722079971596,ON,RETRACTED,MANUAL
23:52:52.665,9.98,-12.89,0.00,26.579806149574893,ON,RETRACTED,MANUAL
23:52:52.765,10.00,-13.75,0.00,27.143475712387158,ON,RETRACTED,MANUAL
23:52:52.867,9.99,-14.60,0.00,27.712716676700325,ON,RETRACTED,MANUAL
23:52:52.969,9.96,-15.45,0.00,28.287514811519117,ON,RETRACTED,MANUAL
23:52:53.070,9.90,-16.29,0.00,28.867855746920128,ON,RETRACTED,MANUAL
23:52:53.179,9.82,-17.13,0.00,29.453724974410164,ON,RETRACTED,MANUAL
23:52:53.281,9.71,-17.96,0.00,30.04510784728825,ON,RETRACTED,MANUAL
23:52:53.384,9.58,-18.78,0.00,30.641989581014997,ON,RETRACTED,MANUAL
23:52:53.486,9.43,-19.59,0.00,31.244355253577368,ON,RETRACTED,MANUAL
23:52:53.588,9.25,-20.40,0.00,31.85218980586484,ON,RETRACTED,MANUAL
23:52:53.690,9.04,-21.20,0.00,32.46547804204536,ON,RETRACTED,MANUAL
23:52:53.790,8.82,-21.99,0.00,33.084204629944026,ON,RETRACTED,MANUAL
23:52:53.896,8.57,-22.77,0.00,33.70835410143013,ON,RETRACTED,MANUAL
23:52:53.996,8.31,-23.54,0.00,34.33791085279853,ON,RETRACTED,MANUAL
23:52:54.097,8.02,-24.30,0.00,34.9728591451632,ON,RETRACTED,MANUAL
23:52:54.200,7.71,-25.05,0.00,35.61318310484995,ON,RETRACTED,MANUAL
23:52:54.305,7.38,-25.80,0.00,36.25886672379218,ON,RETRACTED,MANUAL
23:52:54.406,7.03,-26.53,0.00,36.909893859934925,ON,RETRACTED,MANUAL
23:52:54.506,6.67,-27.25,0.00,37.56624823763272,ON,RETRACTED,MANUAL
23:52:54.608,6.29,-27.96,0.00,38.22791344806032,ON,RETRACTED,MANUAL
23:52:54.709,5.89,-28.66,0.00,38.89487294962197,ON,RETRACTED,MANUAL
23:52:54.810,5.48,-29.35,0.00,39.56711006836383,ON,RETRACTED,MANUAL
23:52:54.911,5.06,-30.02,0.00,40.24460799839494,ON,RETRACTED,MANUAL
23:52:55.012,4.62,-30.69,0.00,40.92734980230131,ON,RETRACTED,MANUAL
23:52:55.113,4.17,-31.34,0.00,41.61531841157344,ON,RETRACTED,MANUAL
23:52:55.216,3.71,-31.98,0.00,42.30849662703196,ON,RETRACTED,MANUAL
23:52:55.315,3.24,-32.61,0.00,43.006867119256555,ON,RETRACTED,MANUAL
23:52:55.417,2.76,-33.22,0.00,43.71041242902328,ON,RETRACTED,MANUAL
23:52:55.518,2.28,-33.82,0.00,44.41911496773503,ON,RETRACTED,MANUAL
23:52:55.622,1.79,-34.41,0.00,45.13295701786524,ON,RETRACTED,MANUAL
23:52:55.725,1.30,-34.98,0.00,45.85192073339985,ON,RETRACTED,MANUAL
23:52:55.826,0.80,-35.54,0.00,46.57598814028245,ON,RETRACTED,MANUAL
23:52:55.926,0.30,-36.09,0.00,47.30514113686755,ON,RETRACTED,MANUAL
23:52:56.031,-0.20,-36.62,0.00,48.03936149436723,ON,RETRACTED,MANUAL
23:52:56.131,-0.70,-37.13,0.00,48.77863085731076,ON,RETRACTED,MANUAL
23:52:56.233,-1.20,-37.63,0.00,49.52293074400259,ON,RETRACTED,MANUAL
23:52:56.335,-1.69,-38.12,0.00,50.27224254698328,ON,RETRACTED,MANUAL
23:52:56.440,-2.18,-38.59,0.00,51.0265475334989,ON,RETRACTED,MANUAL
23:52:56.541,-2.67,-39.04,0.00,51.78582684596296,ON,RETRACTED,MANUAL
23:52:56.642,-3.15,-39.48,0.00,52.550061502432214,ON,RETRACTED,MANUAL
23:52:56.744,-3.62,-39.91,0.00,53.3192323970801,ON,RETRACTED,MANUAL
23:52:56.853,-4.08,-40.32,0.00,54.093320300673184,ON,RETRACTED,MANUAL
23:52:56.980,-4.53,-40.71,0.00,54.87230586105636,ON,RETRACTED,MANUAL
23:52:57.097,-4.97,-41.08,0.00,55.65616960363013,ON,RETRACTED,MANUAL
23:52:57.211,-5.40,-41.44,0.00,56.44489193184177,ON,RETRACTED,MANUAL
23:52:57.312,-5.81,-41.78,0.00,57.23845312767412,ON,RETRACTED,MANUAL
23:52:57.416,-6.21,-42.11,0.00,58.03683335213748,ON,RETRACTED,MANUAL
23:52:57.522,-6.59,-42.42,0.00,58.84001264577009,ON,RETRACTED,MANUAL
23:52:57.626,-6.96,-42.71,0.00,59.64797092913034,ON,RETRACTED,MANUAL
23:52:57.726,-7.31,-42.99,0.00,60.460688003303204,ON,RETRACTED,MANUAL
23:52:57.827,-7.64,-43.24,0.00,61.27814355040417,ON,RETRACTED,MANUAL
23:52:57.928,-7.96,-43.48,0.00,62.10031713408594,ON,RETRACTED,MANUAL
23:52:58.030,-8.25,-43.71,0.00,62.927188200054104,ON,RETRACTED,MANUAL
23:52:58.130,-8.52,-43.91,0.00,63.75873607657388,ON,RETRACTED,MANUAL
23:52:58.231,-8.77,-44.10,0.00,64.59493997499172,ON,RETRACTED,MANUAL
23:52:58.332,-9.00,-44.27,0.00,65.43577899025365,ON,RETRACTED,MANUAL
23:52:58.433,-9.21,-44.42,0.00,66.28123210142695,ON,RETRACTED,MANUAL
23:52:58.535,-9.39,-44.56,0.00,67.13127817223022,ON,RETRACTED,MANUAL
23:52:58.636,-9.55,-44.67,0.00,67.98589595155477,ON,RETRACTED,MANUAL
23:52:58.739,-9.69,-44.77,0.00,68.84506407400065,ON,RETRACTED,MANUAL
23:52:58.841,-9.80,-44.85,0.00,69.70876106040956,ON,RETRACTED,MANUAL
23:52:58.941,-9.89,-44.92,0.00,70.57696531840054,ON,RETRACTED,MANUAL
23:52:59.043,-9.95,-44.96,0.00,71.44965514291488,ON,RETRACTED,MANUAL
23:52:59.143,-9.99,-44.99,0.00,72.32680871675115,ON,RETRACTED,MANUAL
23:52:59.244,-10.00,-45.00,0.00,73.2084041111157,ON,RETRACTED,MANUAL
23:52:59.346,-9.99,-44.99,0.00,74.0944192861696,ON,RETRACTED,MANUAL
23:52:59.447,-9.95,-44.96,0.00,74.98483209157834,ON,RETRACTED,MANUAL
23:52:59.548,-9.89,-44.92,0.00,75.87962026707066,ON,RETRACTED,MANUAL
23:52:59.648,-9.80,-44.86,0.00,76.77876144298756,ON,RETRACTED,MANUAL
23:52:59.751,-9.69,-44.78,0.00,77.68223314084645,ON,RETRACTED,MANUAL
23:52:59.856,-9.56,-44.68,0.00,78.59001277390198,ON,RETRACTED,MANUAL
23:52:59.955,-9.40,-44.56,0.00,79.50207764770926,ON,RETRACTED,MANUAL
23:53:00.062,-9.21,-44.43,0.00,80.41840496069656,ON,RETRACTED,MANUAL
23:53:00.167,-9.01,-44.28,0.00,81.33897180472744,ON,RETRACTED,MANUAL
23:53:00.272,-8.78,-44.11,0.00,82.26375516567879,ON,RETRACTED,MANUAL
23:53:00.375,-8.53,-43.92,0.00,83.19273192401477,ON,RETRACTED,MANUAL
23:53:00.476,-8.26,-43.71,0.00,84.12587885536345,ON,RETRACTED,MANUAL
23:53:00.576,-7.97,-43.49,0.00,85.06317263110282,ON,RETRACTED,MANUAL
23:53:00.680,-7.65,-43.25,0.00,86.00458981893593,ON,RETRACTED,MANUAL
23:53:00.780,-7.32,-42.99,0.00,86.95010688348216,ON,RETRACTED,MANUAL
23:53:00.882,-6.97,-42.72,0.00,87.89970018686415,ON,RETRACTED,MANUAL
23:53:00.984,-6.61,-42.43,0.00,88.8533459892974,ON,RETRACTED,MANUAL
23:53:01.085,-6.22,-42.12,0.00,89.81102044968921,ON,RETRACTED,MANUAL
23:53:01.186,-5.82,-41.80,0.00,90.7726996262266,ON,RETRACTED,MANUAL
23:53:01.288,-5.41,-41.45,0.00,91.73835947698029,ON,RETRACTED,MANUAL
23:53:01.388,-4.98,-41.10,0.00,92.70797586050426,ON,RETRACTED,MANUAL
23:53:01.491,-4.54,-40.72,0.00,93.68152453643805,ON,RETRACTED,MANUAL
23:53:01.596,-4.09,-40.33,0.00,94.6589811661182,ON,RETRACTED,MANUAL
23:53:01.698,-3.63,-39.92,0.00,95.64032131317856,ON,RETRACTED,MANUAL
23:53:01.807,-3.16,-39.50,0.00,96.62552044416657,ON,RETRACTED,MANUAL
23:53:01.908,-2.68,-39.06,0.00,97.61455392915516,ON,RETRACTED,MANUAL
23:53:02.013,-2.20,-38.60,0.00,98.60739704235743,ON,RETRACTED,MANUAL
23:53:02.121,-1.71,-38.13,0.00,99.60402496275,ON,RETRACTED,MANUAL
23:53:02.227,-1.21,-37.65,0.00,100.60441277468541,ON,RETRACTED,MANUAL
23:53:02.335,-0.72,-37.15,0.00,101.60853546852042,ON,RETRACTED,MANUAL
23:53:02.437,-0.22,-36.63,0.00,102.61636794124001,ON,RETRACTED,MANUAL
23:53:02.542,0.28,-36.10,0.00,103.62788499708341,ON,RETRACTED,MANUAL
23:53:02.645,0.78,-35.56,0.00,104.6430613481798,ON,RETRACTED,MANUAL
23:53:02.755,1.28,-35.00,0.00,105.6618716151718,ON,RETRACTED,MANUAL
23:53:02.858,1.77,-34.43,0.00,106.68429032785582,ON,RETRACTED,MANUAL
23:53:02.959,2.26,-33.84,0.00,107.7102919258173,ON,RETRACTED,MANUAL
23:53:03.061,2.75,-33.24,0.00,108.73985075906825,ON,RETRACTED,MANUAL
23:53:03.160,3.22,-32.63,0.00,109.77294108869441,ON,RETRACTED,MANUAL
23:53:03.261,3.69,-32.00,0.00,110.80953708748984,ON,RETRACTED,MANUAL
23:53:03.362,4.15,-31.36,0.00,111.84961284060861,ON,RETRACTED,MANUAL
23:53:03.463,4.60,-30.71,0.00,112.89314234621102,ON,RETRACTED,MANUAL
23:53:03.569,5.04,-30.05,0.00,113.94009951611235,ON,RETRACTED,MANUAL
23:53:03.670,5.47,-29.37,0.00,114.9904581764408,ON,RETRACTED,MANUAL
23:53:03.769,5.88,-28.68,0.00,116.04419206828308,ON,RETRACTED,MANUAL
23:53:03.871,6.28,-27.98,0.00,117.10127484834683,ON,RETRACTED,MANUAL
23:53:03.972,6.66,-27.27,0.00,118.16168008961759,ON,RETRACTED,MANUAL
23:53:04.072,7.02,-26.55,0.00,119.22538128201799,ON,RETRACTED,MANUAL
23:53:04.174,7.37,-25.82,0.00,120.29235183307668,ON,RETRACTED,MANUAL
23:53:04.288,7.70,-25.08,0.00,121.36256506858396,ON,RETRACTED,MANUAL
23:53:04.394,8.01,-24.33,0.00,122.43599423326465,ON,RETRACTED,MANUAL
23:53:04.503,8.30,-23.56,0.00,123.51261249144557,ON,RETRACTED,MANUAL
23:53:04.614,8.56,-22.79,0.00,124.59239292772479,ON,RETRACTED,MANUAL
23:53:04.717,8.81,-22.01,0.00,125.6753085476507,ON,RETRACTED,MANUAL
23:53:04.820,9.04,-21.22,0.00,126.7613322783877,ON,RETRACTED,MANUAL
23:53:04.921,9.24,-20.43,0.00,127.85043696939906,ON,RETRACTED,MANUAL
23:53:05.026,9.42,-19.62,0.00,128.94259539312424,ON,RETRACTED,MANUAL
23:53:05.126,9.58,-18.81,0.00,130.03778024565796,ON,RETRACTED,MANUAL
23:53:05.226,9.71,-17.98,0.00,131.13596414743907,ON,RETRACTED,MANUAL
23:53:05.329,9.82,-17.16,0.00,132.23711964392567,ON,RETRACTED,MANUAL
23:53:05.430,9.90,-16.32,0.00,133.3412192062877,ON,RETRACTED,MANUAL
23:53:05.533,9.96,-15.48,0.00,134.44823523209362,ON,RETRACTED,MANUAL
23:53:05.635,9.99,-14.63,0.00,135.5581400459988,ON,RETRACTED,MANUAL
23:53:05.734,10.00,-13.78,0.00,136.67090590044393,ON,RETRACTED,MANUAL
23:53:05.836,9.98,-12.92,0.00,137.78650497633902,ON,RETRACTED,MANUAL
23:53:05.937,9.94,-12.05,0.00,138.90490938376522,ON,RETRACTED,MANUAL
23:53:06.037,9.88,-11.18,0.00,140.02609116267064,ON,RETRACTED,MANUAL
23:53:06.138,9.79,-10.31,0.00,141.15002228356758,ON,RETRACTED,MANUAL
23:53:06.238,9.67,-9.43,0.00,142.2766746482398,ON,RETRACTED,MANUAL
23:53:06.343,9.53,-8.55,0.00,143.40602009043522,ON,RETRACTED,MANUAL
23:53:06.443,9.37,-7.66,0.00,144.53803037657661,ON,RETRACTED,MANUAL
23:53:06.544,9.18,-6.78,0.00,145.67267720646578,ON,RETRACTED,MANUAL
23:53:06.647,8.97,-5.88,0.00,146.80993221398944,ON,RETRACTED,MANUAL
23:53:06.748,8.74,-4.99,0.00,147.94976696783493,ON,RETRACTED,MANUAL
23:53:06.849,8.49,-4.10,0.00,149.09215297219112,ON,RETRACTED,MANUAL
23:53:06.953,8.21,-3.20,0.00,150.23706166746734,ON,RETRACTED,MANUAL
23:53:07.064,7.91,-2.30,0.00,151.38446443100594,ON,RETRACTED,MANUAL
23:53:07.172,7.60,-1.40,0.00,152.5343325777959,ON,RETRACTED,MANUAL
23:53:07.281,7.27,-0.50,0.00,153.68663736119672,ON,RETRACTED,MANUAL
23:53:07.384,6.91,0.40,0.00,154.8413499736472,ON,RETRACTED,MANUAL
23:53:07.491,6.54,1.30,0.00,155.99844154739213,ON,RETRACTED,MANUAL
23:53:07.597,6.16,2.20,0.00,157.1578831552025,ON,RETRACTED,MANUAL
23:53:07.699,5.76,3.10,0.00,158.3196458110968,ON,RETRACTED,MANUAL
23:53:07.800,5.34,3.99,0.00,159.4837004710725,ON,RETRACTED,MANUAL
23:53:07.908,4.91,4.89,0.00,160.650018033822,ON,RETRACTED,MANUAL
23:53:08.013,4.47,5.78,0.00,161.81856934146703,ON,RETRACTED,MANUAL
23:53:08.116,4.02,6.67,0.00,162.98932518028573,ON,RETRACTED,MANUAL
23:53:08.286,3.55,7.56,0.00,164.16225628144144,ON,RETRACTED,MANUAL
23:53:08.396,3.08,8.45,0.00,165.33733332172113,ON,RETRACTED,MANUAL
23:53:08.503,2.60,9.33,0.00,166.51452692425823,ON,RETRACTED,MANUAL
23:53:08.605,2.12,10.21,0.00,167.69380765927403,ON,RETRACTED,MANUAL
23:53:08.746,1.63,11.08,0.00,168.87514604481157,ON,RETRACTED,MANUAL
23:53:08.849,1.13,11.95,0.00,170.05851254747108,ON,RETRACTED,MANUAL
23:53:08.949,0.63,12.82,0.00,171.24387758315493,ON,RETRACTED,MANUAL
23:53:09.050,0.13,13.68,0.00,172.43121151779735,ON,RETRACTED,MANUAL
23:53:09.155,-0.37,14.53,0.00,173.6204846681118,ON,RETRACTED,MANUAL
23:53:09.256,-0.87,15.38,0.00,174.81166730233144,ON,RETRACTED,MANUAL
23:53:09.363,-1.36,16.23,0.00,176.00472964095076,ON,RETRACTED,MANUAL
23:53:09.463,-1.86,17.06,0.00,177.19964185747688,ON,RETRACTED,MANUAL
23:53:09.564,-2.35,17.89,0.00,178.39637407916484,ON,RETRACTED,MANUAL
23:53:09.664,-2.83,18.71,0.00,179.59489638777146,ON,RETRACTED,MANUAL
23:53:09.765,-3.30,19.53,0.00,180.7951788203015,ON,RETRACTED,MANUAL
23:53:09.867,-3.77,20.33,0.00,181.9971913697549,ON,RETRACTED,MANUAL
23:53:09.968,-4.23,21.13,0.00,183.2009039858839,ON,RETRACTED,MANUAL
23:53:10.071,-4.68,21.92,0.00,184.4062865759342,ON,RETRACTED,MANUAL
23:53:10.174,-5.11,22.70,0.00,185.61330900540372,ON,RETRACTED,MANUAL
23:53:10.275,-5.54,23.48,0.00,186.8219410987947,ON,RETRACTED,MANUAL
23:53:10.376,-5.95,24.24,0.00,188.03215264036592,ON,RETRACTED,MANUAL
23:53:10.478,-6.34,24.99,0.00,189.24391337489539,ON,RETRACTED,MANUAL
23:53:10.578,-6.72,25.74,0.00,190.4571930084261,ON,RETRACTED,MANUAL
23:53:10.681,-7.08,26.47,0.00,191.6719612090304,ON,RETRACTED,MANUAL
23:53:10.781,-7.42,27.19,0.00,192.88818760756658,ON,RETRACTED,MANUAL
23:53:10.882,-7.75,27.90,0.00,194.10584179843624,ON,RETRACTED,MANUAL
23:53:10.984,-8.06,28.60,0.00,195.32489334035154,ON,RETRACTED,MANUAL
23:53:11.084,-8.34,29.29,0.00,196.5453117570857,ON,RETRACTED,MANUAL
23:53:11.185,-8.61,29.97,0.00,197.7670665382418,ON,RETRACTED,MANUAL
23:53:11.285,-8.85,30.64,0.00,198.990127140014,ON,RETRACTED,MANUAL
23:53:11.388,-9.07,31.29,0.00,200.21446298594918,ON,RETRACTED,MANUAL
23:53:11.489,-9.27,31.93,0.00,201.44004346771848,ON,RETRACTED,MANUAL
23:53:11.590,-9.45,32.56,0.00,202.66683794587192,ON,RETRACTED,MANUAL
23:53:11.709,-9.60,33.17,0.00,203.89481575061143,ON,RETRACTED,MANUAL
23:53:11.832,-9.73,33.77,0.00,205.12394618255587,ON,RETRACTED,MANUAL
23:53:11.932,-9.83,34.36,0.00,206.35419851350673,ON,RETRACTED,MANUAL
23:53:12.038,-9.91,34.94,0.00,207.58554198722328,ON,RETRACTED,MANUAL
23:53:12.139,-9.96,35.50,0.00,208.81794582018105,ON,RETRACTED,MANUAL
23:53:12.239,-9.99,36.04,0.00,210.05137920234841,ON,RETRACTED,MANUAL
23:53:12.342,-10.00,36.57,0.00,211.2858112979551,ON,RETRACTED,MANUAL
23:53:12.441,-9.98,37.09,0.00,212.52121124626117,ON,RETRACTED,MANUAL
23:53:12.543,-9.93,37.59,0.00,213.75754816233587,ON,RETRACTED,MANUAL
23:53:12.643,-9.86,38.08,0.00,214.99479113781885,ON,RETRACTED,MANUAL
23:53:12.743,-9.77,38.55,0.00,216.2329092417002,ON,RETRACTED,MANUAL
23:53:12.845,-9.65,39.01,0.00,217.47187152109183,ON,RETRACTED,MANUAL
23:53:12.946,-9.50,39.45,0.00,218.7116470019995,ON,RETRACTED,MANUAL
23:53:13.047,-9.34,39.87,0.00,219.95220469010425,ON,RETRACTED,MANUAL
23:53:13.147,-9.15,40.28,0.00,221.19351357152678,ON,RETRACTED,MANUAL
23:53:13.248,-8.93,40.68,0.00,222.4355426136097,ON,RETRACTED,MANUAL
23:53:13.350,-8.70,41.05,0.00,223.67826076569162,ON,RETRACTED,MANUAL
23:53:13.450,-8.44,41.41,0.00,224.92163695988168,ON,RETRACTED,MANUAL
23:53:13.557,-8.16,41.76,0.00,226.16564011184337,ON,RETRACTED,MANUAL
23:53:13.660,-7.86,42.08,0.00,227.4102391215609,ON,RETRACTED,MANUAL
23:53:13.761,-7.54,42.39,0.00,228.65540287412384,ON,RETRACTED,MANUAL
23:53:13.862,-7.21,42.69,0.00,229.90110024050324,ON,RETRACTED,MANUAL
23:53:13.963,-6.85,42.96,0.00,231.14730007832802,ON,RETRACTED,MANUAL
23:53:14.064,-6.48,43.22,0.00,232.3939712326707,ON,RETRACTED,MANUAL
23:53:14.165,-6.09,43.47,0.00,233.64108253681562,ON,RETRACTED,MANUAL
23:53:14.269,-5.69,43.69,0.00,234.88860281304505,ON,RETRACTED,MANUAL
23:53:14.367,-5.27,43.90,0.00,236.13650087341713,ON,RETRACTED,MANUAL
23:53:14.469,-4.84,44.09,0.00,237.38474552054353,ON,RETRACTED,MANUAL
23:53:14.571,-4.39,44.26,0.00,238.63330554837665,ON,RETRACTED,MANUAL
23:53:14.671,-3.94,44.41,0.00,239.88214974297904,ON,RETRACTED,MANUAL
23:53:14.772,-3.47,44.55,0.00,241.1312468833109,ON,RETRACTED,MANUAL
23:53:14.876,-3.00,44.67,0.00,242.38056574200877,ON,RETRACTED,MANUAL
23:53:14.977,-2.52,44.77,0.00,243.63007508616445,ON,RETRACTED,MANUAL
23:53:15.079,-2.03,44.85,0.00,244.879743678113,ON,RETRACTED,MANUAL
23:53:15.181,-1.54,44.91,0.00,246.1295402762029,ON,RETRACTED,MANUAL
23:53:15.280,-1.05,44.96,0.00,247.37943363558432,ON,RETRACTED,MANUAL
23:53:15.381,-0.55,44.99,0.00,248.62939250898836,ON,RETRACTED,MANUAL
23:53:15.481,-0.05,45.00,0.00,249.8793856475065,ON,RETRACTED,MANUAL
23:53:15.584,0.45,44.99,0.00,251.12938180137897,ON,RETRACTED,MANUAL
23:53:15.687,0.95,44.97,0.00,252.37934972076522,ON,RETRACTED,MANUAL
23:53:15.786,1.45,44.92,0.00,253.62925815653236,ON,RETRACTED,MANUAL
23:53:15.886,1.94,44.86,0.00,254.87907586103464,ON,RETRACTED,MANUAL
23:53:15.989,2.43,44.78,0.00,256.1287715888927,ON,RETRACTED,MANUAL
23:53:16.091,2.91,44.69,0.00,257.37831409778204,ON,RETRACTED,MANUAL
23:53:16.193,3.38,44.57,0.00,258.62767214920325,ON,RETRACTED,MANUAL
23:53:16.293,3.85,44.44,0.00,259.87681450927005,ON,RETRACTED,MANUAL
23:53:16.394,4.31,44.29,0.00,261.1257099494885,ON,RETRACTED,MANUAL
23:53:16.494,4.75,44.12,0.00,262.374327247536,ON,RETRACTED,MANUAL
23:53:16.595,5.19,43.93,0.00,263.6226351880485,ON,RETRACTED,MANUAL
23:53:16.697,5.61,43.73,0.00,264.87060256339083,ON,RETRACTED,MANUAL
23:53:16.797,6.01,43.51,0.00,266.1181981744436,ON,RETRACTED,MANUAL
23:53:16.897,6.41,43.27,0.00,267.3653908313815,ON,RETRACTED,MANUAL
23:53:16.998,6.78,43.02,0.00,268.6121493544513,ON,RETRACTED,MANUAL
23:53:17.098,7.14,42.74,0.00,269.8584425747583,ON,RETRACTED,MANUAL
23:53:17.199,7.48,42.45,0.00,271.10423933503534,ON,RETRACTED,MANUAL
23:53:17.303,7.80,42.15,0.00,272.3495084904281,ON,RETRACTED,MANUAL
23:53:17.403,8.11,41.82,0.00,273.5942189092727,ON,RETRACTED,MANUAL
23:53:17.504,8.39,41.48,0.00,274.83833947387166,ON,RETRACTED,MANUAL
23:53:17.605,8.65,41.12,0.00,276.08183908127916,ON,RETRACTED,MANUAL
23:53:17.706,8.89,40.75,0.00,277.32468664406804,ON,RETRACTED,MANUAL
23:53:17.807,9.11,40.36,0.00,278.566851091114,ON,RETRACTED,MANUAL
23:53:17.911,9.30,39.95,0.00,279.80830136837056,ON,RETRACTED,MANUAL
23:53:18.011,9.47,39.53,0.00,281.0490064396437,ON,RETRACTED,MANUAL
23:53:18.110,9.62,39.09,0.00,282.28893528737467,ON,RETRACTED,MANUAL
23:53:18.211,9.75,38.64,0.00,283.5280569134052,ON,RETRACTED,MANUAL
23:53:18.312,9.85,38.17,0.00,284.76634033975915,ON,RETRACTED,MANUAL
23:53:18.413,9.92,37.69,0.00,286.00375460941535,ON,RETRACTED,MANUAL
23:53:18.513,9.97,37.19,0.00,287.24026878707974,ON,RETRACTED,MANUAL
23:53:18.614,10.00,36.67,0.00,288.4758519599658,ON,RETRACTED,MANUAL
23:53:18.717,10.00,36.15,0.00,289.7104732385568,ON,RETRACTED,MANUAL
23:53:18.818,9.97,35.60,0.00,290.9441017573851,ON,RETRACTED,MANUAL
23:53:18.918,9.92,35.05,0.00,292.176706675802,ON,RETRACTED,MANUAL
23:53:19.022,9.85,34.47,0.00,293.4082571787469,ON,RETRACTED,MANUAL
23:53:19.122,9.75,33.89,0.00,294.638722477525,ON,RETRACTED,MANUAL
23:53:19.225,9.63,33.29,0.00,295.868071810566,ON,RETRACTED,MANUAL
23:53:19.324,9.48,32.68,0.00,297.09627444420073,ON,RETRACTED,MANUAL
23:53:19.425,9.31,32.05,0.00,298.3232996734273,ON,RETRACTED,MANUAL
23:53:19.528,9.11,31.41,0.00,299.54911682267715,ON,RETRACTED,MANUAL
23:53:19.628,8.90,30.76,0.00,300.77369524658883,ON,RETRACTED,MANUAL
23:53:19.729,8.66,30.10,0.00,301.9970043307638,ON,RETRACTED,MANUAL
23:53:19.830,8.40,29.43,0.00,303.2190134925387,ON,RETRACTED,MANUAL
23:53:19.931,8.11,28.74,0.00,304.43969218174806,ON,RETRACTED,MANUAL
23:53:20.033,7.81,28.04,0.00,305.65900988148655,ON,RETRACTED,MANUAL
23:53:20.134,7.49,27.33,0.00,306.8769361088787,ON,RETRACTED,MANUAL
23:53:20.243,7.15,26.61,0.00,308.0934404158304,ON,RETRACTED,MANUAL
23:53:20.348,6.79,25.88,0.00,309.3084923897974,ON,RETRACTED,MANUAL
23:53:20.450,6.41,25.14,0.00,310.5220616545437,ON,RETRACTED,MANUAL
23:53:20.561,6.02,24.39,0.00,311.734117870899,ON,RETRACTED,MANUAL
23:53:20.662,5.62,23.63,0.00,312.9446307375246,ON,RETRACTED,MANUAL
23:53:20.766,5.20,22.85,0.00,314.15356999166016,ON,RETRACTED,MANUAL
23:53:20.868,4.76,22.07,0.00,315.36090540988727,ON,RETRACTED,MANUAL
23:53:20.968,4.32,21.29,0.00,316.5666068088833,ON,RETRACTED,MANUAL
23:53:21.069,3.86,20.49,0.00,317.7706440461744,ON,RETRACTED,MANUAL
23:53:21.170,3.40,19.68,0.00,318.9729870208958,ON,RETRACTED,MANUAL
23:53:21.271,2.92,18.87,0.00,320.17360567453403,ON,RETRACTED,MANUAL
23:53:21.373,2.44,18.05,0.00,321.37246999168525,ON,RETRACTED,MANUAL
23:53:21.473,1.95,17.22,0.00,322.569550000804,ON,RETRACTED,MANUAL
23:53:21.576,1.46,16.39,0.00,323.76481577495065,ON,RETRACTED,MANUAL
23:53:21.676,0.96,15.55,0.00,324.9582374325466,ON,RETRACTED,MANUAL
23:53:21.777,0.46,14.70,0.00,326.1497851381107,ON,RETRACTED,MANUAL
23:53:21.878,-0.04,13.84,0.00,327.3394291030126,ON,RETRACTED,MANUAL
23:53:21.980,-0.54,12.99,0.00,328.52713958621496,ON,RETRACTED,MANUAL
23:53:22.079,-1.03,12.12,0.00,329.7128868950159,ON,RETRACTED,MANUAL
23:53:22.184,-1.53,11.25,0.00,330.8966413857979,ON,RETRACTED,MANUAL
23:53:22.283,-2.02,10.38,0.00,332.0783734647586,ON,RETRACTED,MANUAL
23:53:22.389,-2.51,9.50,0.00,333.2580535886576,ON,RETRACTED,MANUAL
23:53:22.487,-2.99,8.62,0.00,334.43565226555324,ON,RETRACTED,MANUAL
23:53:22.590,-3.46,7.73,0.00,335.61114005553827,ON,RETRACTED,MANUAL
23:53:22.690,-3.93,6.85,0.00,336.7844875714825,ON,RETRACTED,MANUAL
23:53:22.792,-4.38,5.96,0.00,337.9556654797574,ON,RETRACTED,MANUAL
23:53:22.892,-4.83,5.06,0.00,339.12464450097633,ON,RETRACTED,MANUAL
23:53:22.995,-5.26,4.17,0.00,340.2913954107247,ON,RETRACTED,MANUAL
23:53:23.097,-5.68,3.27,0.00,341.45588904028875,ON,RETRACTED,MANUAL
23:53:23.197,-6.08,2.37,0.00,342.6180962773918,ON,RETRACTED,MANUAL
23:53:23.299,-6.47,1.47,0.00,343.7779880669118,ON,RETRACTED,MANUAL
23:53:23.400,-6.84,0.57,0.00,344.93553541161435,ON,RETRACTED,MANUAL
23:53:23.501,-7.20,-0.33,0.00,346.0907093728762,ON,RETRACTED,MANUAL
23:53:23.602,-7.54,-1.23,0.00,347.2434810714068,ON,RETRACTED,MANUAL
23:53:23.718,-7.86,-2.13,0.00,348.3938216879769,ON,RETRACTED,MANUAL
23:53:23.824,-8.15,-3.03,0.00,349.5417024641296,ON,RETRACTED,MANUAL
23:53:23.924,-8.43,-3.92,0.00,350.68709470290514,ON,RETRACTED,MANUAL
23:53:24.027,-8.69,-4.82,0.00,351.82996976955724,ON,RETRACTED,MANUAL
23:53:24.129,-8.93,-5.71,0.00,352.97029909226706,ON,RETRACTED,MANUAL
23:53:24.229,-9.14,-6.60,0.00,354.1080541628642,ON,RETRACTED,MANUAL
23:53:24.330,-9.33,-7.49,0.00,355.24320653752966,ON,RETRACTED,MANUAL
23:53:24.431,-9.50,-8.38,0.00,356.375727837513,ON,RETRACTED,MANUAL
23:53:24.534,-9.65,-9.26,0.00,357.50558974984085,ON,RETRACTED,MANUAL
23:53:24.636,-9.77,-10.14,0.00,358.63276402802256,ON,RETRACTED,MANUAL
23:53:24.737,-9.86,-11.01,0.00,359.75722249276316,ON,RETRACTED,MANUAL
23:53:24.839,-9.93,-11.88,0.00,360.878937032658,ON,RETRACTED,MANUAL
23:53:24.941,-9.98,-12.75,0.00,361.9978796049018,ON,RETRACTED,MANUAL
23:53:25.040,-10.00,-13.61,0.00,363.11402223598884,ON,RETRACTED,MANUAL
23:53:25.143,-9.99,-14.47,0.00,364.2273370224097,ON,RETRACTED,MANUAL
23:53:25.247,-9.97,-15.32,0.00,365.3377961313559,ON,RETRACTED,MANUAL
23:53:25.348,-9.91,-16.16,0.00,366.445371801406,ON,RETRACTED,MANUAL
23:53:25.448,-9.83,-16.99,0.00,367.5500363432259,ON,RETRACTED,MANUAL
23:53:25.551,-9.73,-17.82,0.00,368.6517621402596,ON,RETRACTED,MANUAL
23:53:25.653,-9.60,-18.65,0.00,369.7505216494181,ON,RETRACTED,MANUAL
23:53:25.753,-9.45,-19.46,0.00,370.84628740177385,ON,RETRACTED,MANUAL
23:53:25.853,-9.28,-20.27,0.00,371.9390320032386,ON,RETRACTED,MANUAL
23:53:25.954,-9.08,-21.07,0.00,373.0287281352543,ON,RETRACTED,MANUAL
23:53:26.056,-8.86,-21.86,0.00,374.1153485554743,ON,RETRACTED,MANUAL
23:53:26.157,-8.61,-22.64,0.00,375.1988660984433,ON,RETRACTED,MANUAL
23:53:26.257,-8.35,-23.42,0.00,376.2792536762821,ON,RETRACTED,MANUAL
23:53:26.358,-8.06,-24.18,0.00,377.356484279356,ON,RETRACTED,MANUAL
23:53:26.463,-7.76,-24.93,0.00,378.4305309769561,ON,RETRACTED,MANUAL
23:53:26.563,-7.43,-25.68,0.00,379.5013669179708,ON,RETRACTED,MANUAL
23:53:26.664,-7.09,-26.41,0.00,380.568965331556,ON,RETRACTED,MANUAL
23:53:26.765,-6.73,-27.14,0.00,381.63329952780975,ON,RETRACTED,MANUAL
23:53:26.866,-6.35,-27.85,0.00,382.6943428984313,ON,RETRACTED,MANUAL
23:53:26.967,-5.96,-28.55,0.00,383.7520689173915,ON,RETRACTED,MANUAL
23:53:27.067,-5.55,-29.24,0.00,384.80645114159506,ON,RETRACTED,MANUAL
23:53:27.168,-5.12,-29.92,0.00,385.85746321153965,ON,RETRACTED,MANUAL
23:53:27.269,-4.69,-30.58,0.00,386.90507885198144,ON,RETRACTED,MANUAL
23:53:27.369,-4.24,-31.24,0.00,387.94927187258236,ON,RETRACTED,MANUAL
23:53:27.470,-3.78,-31.88,0.00,388.9900161685713,ON,RETRACTED,MANUAL
23:53:27.572,-3.32,-32.51,0.00,390.02728572139506,ON,RETRACTED,MANUAL
23:53:27.684,-2.84,-33.12,0.00,391.0610545993675,ON,RETRACTED,MANUAL
23:53:27.787,-2.36,-33.73,0.00,392.09129695832326,ON,RETRACTED,MANUAL
23:53:27.887,-1.87,-34.32,0.00,393.11798704225566,ON,RETRACTED,MANUAL
23:53:27.988,-1.38,-34.89,0.00,394.14109918396605,ON,RETRACTED,MANUAL
23:53:28.090,-0.88,-35.45,0.00,395.16060780570416,ON,RETRACTED,MANUAL
23:53:28.201,-0.38,-36.00,0.00,396.17648741980616,ON,RETRACTED,MANUAL
23:53:28.314,0.12,-36.53,0.00,397.18871262933743,ON,RETRACTED,MANUAL
23:53:28.425,0.62,-37.05,0.00,398.19725812871906,ON,RETRACTED,MANUAL
23:53:28.531,1.12,-37.55,0.00,399.2020987043661,ON,RETRACTED,MANUAL
23:53:28.636,1.61,-38.04,0.00,400.2032092353164,ON,RETRACTED,MANUAL
23:53:28.740,2.10,-38.52,0.00,401.2005646938575,ON,RETRACTED,MANUAL
23:53:28.845,2.59,-38.97,0.00,402.1941401461577,ON,RETRACTED,MANUAL
23:53:28.956,3.07,-39.41,0.00,403.183910752881,ON,RETRACTED,MANUAL
23:53:29.061,3.54,-39.84,0.00,404.1698517698138,ON,RETRACTED,MANUAL
23:53:29.161,4.00,-40.25,0.00,405.151938548482,ON,RETRACTED,MANUAL
23:53:29.262,4.46,-40.65,0.00,406.13014653676595,ON,RETRACTED,MANUAL
23:53:29.364,4.90,-41.02,0.00,407.1044512795196,ON,RETRACTED,MANUAL
23:53:29.469,5.33,-41.39,0.00,408.07482841917385,ON,RETRACTED,MANUAL
23:53:29.573,5.74,-41.73,0.00,409.0412536963506,ON,RETRACTED,MANUAL
23:53:29.675,6.15,-42.06,0.00,410.00370295046844,ON,RETRACTED,MANUAL
23:53:29.778,6.53,-42.37,0.00,410.96215212034457,ON,RETRACTED,MANUAL
23:53:29.878,6.90,-42.67,0.00,411.9165772448025,ON,RETRACTED,MANUAL
23:53:29.979,7.26,-42.94,0.00,412.86695446326246,ON,RETRACTED,MANUAL
23:53:30.083,7.59,-43.20,0.00,413.8132600163435,ON,RETRACTED,MANUAL
23:53:30.183,7.91,-43.45,0.00,414.75547024645607,ON,RETRACTED,MANUAL
23:53:30.283,8.20,-43.67,0.00,415.6935615983922,ON,RETRACTED,MANUAL
23:53:30.384,8.48,-43.88,0.00,416.62751061991946,ON,RETRACTED,MANUAL
23:53:30.485,8.73,-44.07,0.00,417.5572939623598,ON,RETRACTED,MANUAL
23:53:30.590,8.97,-44.24,0.00,418.482888381178,ON,RETRACTED,MANUAL
23:53:30.690,9.18,-44.40,0.00,419.4042707365617,ON,RETRACTED,MANUAL
23:53:30.790,9.36,-44.54,0.00,420.3214179939989,ON,RETRACTED,MANUAL
23:53:30.891,9.53,-44.66,0.00,421.2343072248585,ON,RETRACTED,MANUAL
23:53:30.992,9.67,-44.76,0.00,422.14291560695585,ON,RETRACTED,MANUAL
23:53:31.093,9.78,-44.84,0.00,423.04722042512884,ON,RETRACTED,MANUAL
23:53:31.196,9.87,-44.91,0.00,423.94719907180405,ON,RETRACTED,MANUAL
23:53:31.297,9.94,-44.96,0.00,424.84282904756094,ON,RETRACTED,MANUAL
23:53:31.397,9.98,-44.99,0.00,425.7340879616993,ON,RETRACTED,MANUAL
23:53:31.502,10.00,-45.00,0.00,426.6209535327914,ON,RETRACTED,MANUAL
23:53:31.602,9.99,-44.99,0.00,427.50340358924416,ON,RETRACTED,MANUAL
23:53:31.704,9.96,-44.97,0.00,428.3814160698522,ON,RETRACTED,MANUAL
23:53:31.806,9.90,-44.93,0.00,429.25496902434793,ON,RETRACTED,MANUAL
23:53:31.907,9.82,-44.87,0.00,430.12404061395546,ON,RETRACTED,MANUAL
23:53:32.008,9.71,-44.79,0.00,430.98860911192907,ON,RETRACTED,MANUAL
23:53:32.111,9.58,-44.70,0.00,431.8486529041014,ON,RETRACTED,MANUAL
23:53:32.211,9.42,-44.58,0.00,432.7041504894224,ON,RETRACTED,MANUAL
23:53:32.313,9.24,-44.45,0.00,433.55508048049575,ON,RETRACTED,MANUAL
23:53:32.413,9.04,-44.30,0.00,434.40142160411847,ON,RETRACTED,MANUAL
23:53:32.516,8.82,-44.13,0.00,435.24315270180534,ON,RETRACTED,MANUAL
23:53:32.617,8.57,-43.95,0.00,436.0802527303226,ON,RETRACTED,MANUAL
23:53:32.722,8.30,-43.75,0.00,436.91270076221343,ON,RETRACTED,MANUAL
23:53:32.824,8.01,-43.53,0.00,437.740475986319,ON,RETRACTED,MANUAL
23:53:32.925,7.70,-43.29,0.00,438.56355770830424,ON,RETRACTED,MANUAL
23:53:33.026,7.38,-43.04,0.00,439.38192535116775,ON,RETRACTED,MANUAL
23:53:33.127,7.03,-42.77,0.00,440.1955584557611,ON,RETRACTED,MANUAL
23:53:33.227,6.67,-42.48,0.00,441.0044366812991,ON,RETRACTED,MANUAL
23:53:33.328,6.28,-42.17,0.00,441.8085398058671,ON,RETRACTED,MANUAL
23:53:33.431,5.89,-41.85,0.00,442.607847726931,ON,RETRACTED,MANUAL
23:53:33.536,5.48,-41.51,0.00,443.4023404618335,ON,RETRACTED,MANUAL
23:53:33.637,5.05,-41.15,0.00,444.19199814829744,ON,RETRACTED,MANUAL
23:53:33.739,4.61,-40.78,0.00,444.9768010449218,ON,RETRACTED,MANUAL
23:53:33.839,4.17,-40.39,0.00,445.75672953167395,ON,RETRACTED,MANUAL
23:53:33.942,3.71,-39.99,0.00,446.53176411038453,ON,RETRACTED,MANUAL
23:53:34.042,3.24,-39.57,0.00,447.3018854052284,ON,RETRACTED,MANUAL
23:53:34.145,2.76,-39.13,0.00,448.0670741632133,ON,RETRACTED,MANUAL
23:53:34.245,2.28,-38.68,0.00,448.8273112546601,ON,RETRACTED,MANUAL
23:53:34.345,1.79,-38.21,0.00,449.58257767368,ON,RETRACTED,MANUAL
23:53:34.446,1.29,-37.73,0.00,450.3328545386541,ON,RETRACTED,MANUAL
23:53:34.547,0.80,-37.23,0.00,451.07812309269764,ON,RETRACTED,MANUAL
23:53:34.648,0.30,-36.72,0.00,451.8183647041367,ON,RETRACTED,MANUAL
23:53:34.748,-0.20,-36.19,0.00,452.5535608669695,ON,RETRACTED,MANUAL
23:53:34.852,-0.70,-35.65,0.00,453.28369320133027,ON,RETRACTED,MANUAL
23:53:34.953,-1.20,-35.09,0.00,454.0087434539488,ON,RETRACTED,MANUAL
23:53:35.055,-1.70,-34.52,0.00,454.7286934986063,ON,RETRACTED,MANUAL
23:53:35.155,-2.19,-33.94,0.00,455.44352533658935,ON,RETRACTED,MANUAL
23:53:35.256,-2.67,-33.34,0.00,456.1532210971392,ON,RETRACTED,MANUAL
23:53:35.359,-3.15,-32.73,0.00,456.85776303789874,ON,RETRACTED,MANUAL
23:53:35.460,-3.62,-32.10,0.00,457.5571335453562,ON,RETRACTED,MANUAL
23:53:35.562,-4.08,-31.47,0.00,458.25131513528527,ON,RETRACTED,MANUAL
23:53:35.709,-4.53,-30.82,0.00,458.94029045318234,ON,RETRACTED,MANUAL
23:53:35.817,-4.97,-30.15,0.00,459.6240422747004,ON,RETRACTED,MANUAL
23:53:35.922,-5.40,-29.48,0.00,460.30255350607956,ON,RETRACTED,MANUAL
23:53:36.023,-5.81,-28.79,0.00,460.97580718457436,ON,RETRACTED,MANUAL
23:53:36.126,-6.21,-28.10,0.00,461.6437864788778,ON,RETRACTED,MANUAL
23:53:36.227,-6.60,-27.39,0.00,462.30647468954237,ON,RETRACTED,MANUAL
23:53:36.329,-6.96,-26.67,0.00,462.9638552493974,ON,RETRACTED,MANUAL
23:53:36.436,-7.31,-25.94,0.00,463.615911723963,ON,RETRACTED,MANUAL
23:53:36.535,-7.65,-25.20,0.00,464.26262781186136,ON,RETRACTED,MANUAL
23:53:36.638,-7.96,-24.45,0.00,464.9039873452239,ON,RETRACTED,MANUAL
23:53:36.738,-8.25,-23.69,0.00,465.53997429009576,ON,RETRACTED,MANUAL
23:53:36.841,-8.52,-22.92,0.00,466.17057274683646,ON,RETRACTED,MANUAL
23:53:36.946,-8.77,-22.14,0.00,466.7957669505173,ON,RETRACTED,MANUAL
23:53:37.049,-9.00,-21.35,0.00,467.4155412713158,ON,RETRACTED,MANUAL
23:53:37.166,-9.21,-20.55,0.00,468.02988021490626,ON,RETRACTED,MANUAL
23:53:37.269,-9.39,-19.75,0.00,468.6387684228472,ON,RETRACTED,MANUAL
23:53:37.371,-9.55,-18.94,0.00,469.24219067296485,ON,RETRACTED,MANUAL
23:53:37.471,-9.69,-18.12,0.00,469.8401318797346,ON,RETRACTED,MANUAL
23:53:37.571,-9.80,-17.29,0.00,470.4325770946573,ON,RETRACTED,MANUAL
23:53:37.676,-9.89,-16.45,0.00,471.0195115066336,ON,RETRACTED,MANUAL
23:53:37.788,-9.95,-15.61,0.00,471.60092044233363,ON,RETRACTED,MANUAL
23:53:37.890,-9.99,-14.77,0.00,472.1767893665643,ON,RETRACTED,MANUAL
23:53:37.992,-10.00,-13.91,0.00,472.7471038826325,ON,RETRACTED,MANUAL
23:53:38.107,-9.99,-13.05,0.00,473.31184973270507,ON,RETRACTED,MANUAL
23:53:38.208,-9.95,-12.19,0.00,473.8710127981651,ON,RETRACTED,MANUAL
23:53:38.311,-9.89,-11.32,0.00,474.42457909996523,ON,RETRACTED,MANUAL
23:53:38.416,-9.80,-10.45,0.00,474.97253479897654,ON,RETRACTED,MANUAL
23:53:38.516,-9.69,-9.57,0.00,475.5148661963352,ON,RETRACTED,MANUAL
23:53:38.688,-9.55,-8.69,0.00,476.05155973378464,ON,RETRACTED,MANUAL
23:53:38.818,-9.40,-7.80,0.00,476.5826019940141,ON,RETRACTED,MANUAL
23:53:38.943,-9.21,-6.92,0.00,477.107979700995,ON,RETRACTED,MANUAL
23:53:39.051,-9.01,-6.03,0.00,477.6276797203119,ON,RETRACTED,MANUAL
23:53:39.153,-8.78,-5.13,0.00,478.14168905949134,ON,RETRACTED,MANUAL
23:53:39.255,-8.53,-4.24,0.00,478.6499948683267,ON,RETRACTED,MANUAL
23:53:39.355,-8.26,-3.34,0.00,479.15258443919925,ON,RETRACTED,MANUAL
23:53:39.460,-7.96,-2.44,0.00,479.64944520739584,ON,RETRACTED,MANUAL
23:53:39.560,-7.65,-1.54,0.00,480.1405647514231,ON,RETRACTED,MANUAL
23:53:39.707,-7.32,-0.64,0.00,480.62593079331805,ON,RETRACTED,MANUAL
23:53:39.810,-6.97,0.26,0.00,481.10553119895496,ON,RETRACTED,MANUAL
23:53:39.913,-6.60,1.16,0.00,481.5793539783487,ON,RETRACTED,MANUAL
23:53:40.017,-6.22,2.05,0.00,482.04738728595436,ON,RETRACTED,MANUAL
23:53:40.119,-5.82,2.95,0.00,482.50961942096365,ON,RETRACTED,MANUAL
23:53:40.219,-5.41,3.85,0.00,482.96603882759734,ON,RETRACTED,MANUAL
23:53:40.321,-4.98,4.75,0.00,483.416634095394,ON,RETRACTED,MANUAL
23:53:40.421,-4.54,5.64,0.00,483.86139395949533,ON,RETRACTED,MANUAL
23:53:40.522,-4.09,6.53,0.00,484.300307300928,ON,RETRACTED,MANUAL
23:53:40.623,-3.63,7.42,0.00,484.7333631468813,ON,RETRACTED,MANUAL
23:53:40.723,-3.16,8.31,0.00,485.1605506709816,ON,RETRACTED,MANUAL
23:53:40.826,-2.68,9.19,0.00,485.581859193563,ON,RETRACTED,MANUAL
23:53:40.937,-2.19,10.07,0.00,485.9972781819346,ON,RETRACTED,MANUAL
23:53:41.038,-1.70,10.94,0.00,486.4067972506431,ON,RETRACTED,MANUAL
23:53:41.139,-1.21,11.82,0.00,486.8104061617331,ON,RETRACTED,MANUAL
23:53:41.241,-0.71,12.68,0.00,487.20809482500306,ON,RETRACTED,MANUAL
23:53:41.342,-0.21,13.54,0.00,487.59985329825696,ON,RETRACTED,MANUAL
23:53:41.442,0.29,14.40,0.00,487.9856717875533,ON,RETRACTED,MANUAL
23:53:41.546,0.79,15.25,0.00,488.3655406474502,ON,RETRACTED,MANUAL
23:53:41.646,1.28,16.09,0.00,488.73945038124566,ON,RETRACTED,MANUAL
23:53:41.747,1.78,16.93,0.00,489.10739164121594,ON,RETRACTED,MANUAL
23:53:41.848,2.27,17.76,0.00,489.4693552288488,ON,RETRACTED,MANUAL
23:53:41.954,2.75,18.58,0.00,489.82533209507324,ON,RETRACTED,MANUAL
23:53:42.053,3.23,19.40,0.00,490.1753133404862,ON,RETRACTED,MANUAL
23:53:42.158,3.70,20.21,0.00,490.51929021557476,ON,RETRACTED,MANUAL
23:53:42.262,4.16,21.01,0.00,490.857254120935,ON,RETRACTED,MANUAL
23:53:42.365,4.61,21.80,0.00,491.1891966074869,ON,RETRACTED,MANUAL
23:53:42.468,5.05,22.58,0.00,491.5151093766855,ON,RETRACTED,MANUAL
23:53:42.570,5.47,23.36,0.00,491.8349842807286,ON,RETRACTED,MANUAL
23:53:42.672,5.88,24.12,0.00,492.14881332276025,ON,RETRACTED,MANUAL
23:53:42.772,6.28,24.87,0.00,492.4565886570708,ON,RETRACTED,MANUAL
23:53:42.873,6.66,25.62,0.00,492.75830258929284,ON,RETRACTED,MANUAL
23:53:42.973,7.02,26.35,0.00,493.0539475765938,ON,RETRACTED,MANUAL
23:53:43.074,7.37,27.08,0.00,493.3435162278644,ON,RETRACTED,MANUAL
23:53:43.175,7.70,27.79,0.00,493.62700130390346,ON,RETRACTED,MANUAL
23:53:43.276,8.01,28.49,0.00,493.90439571759885,ON,RETRACTED,MANUAL
23:53:43.378,8.30,29.18,0.00,494.17569253410466,ON,RETRACTED,MANUAL
23:53:43.478,8.57,29.86,0.00,494.44088497101455,ON,RETRACTED,MANUAL
23:53:43.579,8.81,30.53,0.00,494.6999663985315,ON,RETRACTED,MANUAL
23:53:43.680,9.04,31.19,0.00,494.9529303396332,ON,RETRACTED,MANUAL
23:53:43.780,9.24,31.83,0.00,495.1997704702345,ON,RETRACTED,MANUAL
23:53:43.883,9.42,32.46,0.00,495.4404806193448,ON,RETRACTED,MANUAL
23:53:43.982,9.58,33.08,0.00,495.6750547692229,ON,RETRACTED,MANUAL
23:53:44.083,9.71,33.68,0.00,495.9034870555275,ON,RETRACTED,MANUAL
23:53:44.184,9.82,34.27,0.00,496.1257717674631,ON,RETRACTED,MANUAL
23:53:44.285,9.90,34.85,0.00,496.34190334792356,ON,RETRACTED,MANUAL
23:53:44.386,9.96,35.41,0.00,496.55187639363066,ON,RETRACTED,MANUAL
23:53:44.486,9.99,35.96,0.00,496.75568565526913,ON,RETRACTED,MANUAL
23:53:44.588,10.00,36.49,0.00,496.9533260376181,ON,RETRACTED,MANUAL
23:53:44.690,9.98,37.01,0.00,497.1447925996783,ON,RETRACTED,MANUAL
23:53:44.827,9.94,37.51,0.00,497.3300805547956,ON,RETRACTED,MANUAL
23:53:44.930,9.88,38.00,0.00,497.5091852707808,ON,RETRACTED,MANUAL
23:53:45.030,9.78,38.48,0.00,497.6821022700254,ON,RETRACTED,MANUAL
23:53:45.132,9.67,38.94,0.00,497.8488272296133,ON,RETRACTED,MANUAL
23:53:45.232,9.53,39.38,0.00,498.0093559814292,ON,RETRACTED,MANUAL
23:53:45.334,9.37,39.81,0.00,498.1636845122628,ON,RETRACTED,MANUAL
23:53:45.434,9.18,40.22,0.00,498.3118089639088,ON,RETRACTED,MANUAL
23:53:45.534,8.97,40.62,0.00,498.45372563326356,ON,RETRACTED,MANUAL
23:53:45.635,8.74,40.99,0.00,498.5894309724178,ON,RETRACTED,MANUAL
23:53:45.736,8.48,41.36,0.00,498.7189215887451,ON,RETRACTED,MANUAL
23:53:45.837,8.21,41.70,0.00,498.8421942449868,ON,RETRACTED,MANUAL
23:53:45.937,7.91,42.03,0.00,498.9592458593329,ON,RETRACTED,MANUAL
23:53:46.038,7.60,42.35,0.00,499.0700735054992,ON,RETRACTED,MANUAL
23:53:46.139,7.26,42.64,0.00,499.1746744128002,ON,RETRACTED,MANUAL
23:53:46.241,6.91,42.92,0.00,499.27304596621866,ON,RETRACTED,MANUAL
23:53:46.340,6.54,43.18,0.00,499.36518570647104,ON,RETRACTED,MANUAL
23:53:46.441,6.15,43.43,0.00,499.4510913300685,ON,RETRACTED,MANUAL
23:53:46.541,5.75,43.65,0.00,499.530760689375,ON,RETRACTED,MANUAL
23:53:46.642,5.34,43.86,0.00,499.6041917926606,ON,RETRACTED,MANUAL
23:53:46.743,4.91,44.06,0.00,499.67138280415156,ON,RETRACTED,MANUAL
23:53:46.844,4.46,44.23,0.00,499.7323320440762,ON,RETRACTED,MANUAL
23:53:46.945,4.01,44.39,0.00,499.78703798870663,ON,RETRACTED,MANUAL
23:53:47.046,3.55,44.53,0.00,499.8354992703971,ON,RETRACTED,MANUAL
23:53:47.146,3.08,44.65,0.00,499.8777146776181,ON,RETRACTED,MANUAL
23:53:47.246,2.60,44.75,0.00,499.91368315498653,ON,RETRACTED,MANUAL
23:53:47.347,2.11,44.84,0.00,499.9434038032924,ON,RETRACTED,MANUAL
23:53:47.448,1.62,44.90,0.00,499.96687587952124,ON,RETRACTED,MANUAL
23:53:47.548,1.13,44.95,0.00,499.9840987968721,ON,RETRACTED,MANUAL
23:53:47.651,0.63,44.99,0.00,499.995072124773,ON,RETRACTED,MANUAL
23:53:47.816,0.13,45.00,0.00,499.9997955888914,ON,RETRACTED,MANUAL
23:53:47.917,-0.37,45.00,0.00,499.99826907114095,ON,RETRACTED,MANUAL
23:53:48.019,-0.87,44.97,0.00,499.9904926096844,ON,RETRACTED,MANUAL
23:53:48.133,-1.37,44.93,0.00,499.976466398933,ON,RETRACTED,MANUAL
23:53:48.268,-1.86,44.87,0.00,499.9561907895412,ON,RETRACTED,MANUAL
23:53:48.413,-2.35,44.80,0.00,499.92966628839815,ON,RETRACTED,MANUAL
23:53:48.538,-2.83,44.70,0.00,499.89689355861515,ON,RETRACTED,MANUAL
23:53:48.668,-3.31,44.59,0.00,499.8578734195087,ON,RETRACTED,MANUAL
23:53:48.781,-3.78,44.46,0.00,499.8126068465801,ON,RETRACTED,MANUAL
23:53:48.899,-4.23,44.31,0.00,499.7610949714914,ON,RETRACTED,MANUAL
23:53:49.013,-4.68,44.15,0.00,499.70333908203685,ON,RETRACTED,MANUAL
23:53:49.143,-5.12,43.97,0.00,499.6393406221106,ON,RETRACTED,MANUAL
23:53:49.248,-5.54,43.76,0.00,499.5691011916708,ON,RETRACTED,MANUAL
23:53:49.370,-5.95,43.55,0.00,499.49262254669975,ON,RETRACTED,MANUAL
23:53:49.469,-6.34,43.31,0.00,499.4099065991593,ON,RETRACTED,MANUAL
23:53:49.576,-6.72,43.06,0.00,499.32095541694406,ON,RETRACTED,MANUAL
23:53:49.679,-7.08,42.79,0.00,499.2257712238288,ON,RETRACTED,MANUAL
23:53:49.779,-7.43,42.50,0.00,499.1243563994135,ON,RETRACTED,MANUAL
23:53:49.879,-7.75,42.20,0.00,499.0167134790634,ON,RETRACTED,MANUAL
23:53:49.981,-8.06,41.87,0.00,498.902845153846,ON,RETRACTED,MANUAL
23:53:50.080,-8.34,41.54,0.00,498.7827542704634,ON,RETRACTED,MANUAL
23:53:50.183,-8.61,41.18,0.00,498.6564438311815,ON,RETRACTED,MANUAL
23:53:50.284,-8.85,40.81,0.00,498.52391699375465,ON,RETRACTED,MANUAL
23:53:50.409,-9.07,40.42,0.00,498.3851770713469,ON,RETRACTED,MANUAL
23:53:50.523,-9.27,40.02,0.00,498.2402275324491,ON,RETRACTED,MANUAL
23:53:50.635,-9.45,39.60,0.00,498.08907200079216,ON,RETRACTED,MANUAL
23:53:50.736,-9.60,39.17,0.00,497.93171425525657,ON,RETRACTED,MANUAL
23:53:50.838,-9.73,38.71,0.00,497.76815822977767,ON,RETRACTED,MANUAL
23:53:50.937,-9.83,38.25,0.00,497.59840801324765,ON,RETRACTED,MANUAL
23:53:51.038,-9.91,37.77,0.00,497.422467849413,ON,RETRACTED,MANUAL
23:53:51.139,-9.97,37.27,0.00,497.24034213676873,ON,RETRACTED,MANUAL
23:53:51.240,-9.99,36.76,0.00,497.0520354284481,ON,RETRACTED,MANUAL
23:53:51.342,-10.00,36.23,0.00,496.8575524321091,ON,RETRACTED,MANUAL
23:53:51.442,-9.98,35.69,0.00,496.6568980098165,ON,RETRACTED,MANUAL
23:53:51.542,-9.93,35.14,0.00,496.45007717792026,ON,RETRACTED,MANUAL
23:53:51.685,-9.86,34.57,0.00,496.23709510693055,ON,RETRACTED,MANUAL
23:53:51.744,-9.77,33.98,0.00,496.017957121388,ON,RETRACTED,MANUAL
23:53:51.845,-9.65,33.39,0.00,495.79266869973094,ON,RETRACTED,MANUAL
23:53:51.945,-9.50,32.78,0.00,495.561235474158,ON,RETRACTED,MANUAL
23:53:52.048,-9.34,32.15,0.00,495.3236632304879,ON,RETRACTED,MANUAL
23:53:52.153,-9.15,31.52,0.00,495.0799579080143,ON,RETRACTED,MANUAL
23:53:52.256,-8.93,30.87,0.00,494.83012559935764,ON,RETRACTED,MANUAL
23:53:52.358,-8.70,30.21,0.00,494.5741725503125,ON,RETRACTED,MANUAL
23:53:52.459,-8.44,29.53,0.00,494.31210515969184,ON,RETRACTED,MANUAL
23:53:52.560,-8.16,28.85,0.00,494.0439299791668,ON,RETRACTED,MANUAL
23:53:52.661,-7.86,28.15,0.00,493.7696537131029,ON,RETRACTED,MANUAL
23:53:52.763,-7.54,27.44,0.00,493.4892832183925,ON,RETRACTED,MANUAL
23:53:52.864,-7.20,26.73,0.00,493.20282550428334,ON,RETRACTED,MANUAL
23:53:52.964,-6.85,26.00,0.00,492.9102877322034,ON,RETRACTED,MANUAL
23:53:53.066,-6.48,25.26,0.00,492.6116772155818,ON,RETRACTED,MANUAL
23:53:53.167,-6.09,24.51,0.00,492.30700141966577,ON,RETRACTED,MANUAL
23:53:53.267,-5.68,23.75,0.00,491.9962679613344,ON,RETRACTED,MANUAL
23:53:53.367,-5.26,22.98,0.00,491.679484608908,ON,RETRACTED,MANUAL
23:53:53.468,-4.83,22.20,0.00,491.35665928195385,ON,RETRACTED,MANUAL
23:53:53.569,-4.39,21.41,0.00,491.0278000510883,ON,RETRACTED,MANUAL
23:53:53.671,-3.93,20.62,0.00,490.692915137775,ON,RETRACTED,MANUAL
23:53:53.772,-3.47,19.81,0.00,490.3520129141194,ON,RETRACTED,MANUAL
23:53:53.873,-3.00,19.00,0.00,490.00510190265925,ON,RETRACTED,MANUAL
23:53:53.973,-2.52,18.18,0.00,489.65219077615177,ON,RETRACTED,MANUAL
23:53:54.075,-2.03,17.35,0.00,489.2932883573568,ON,RETRACTED,MANUAL
23:53:54.175,-1.54,16.52,0.00,488.9284036188161,ON,RETRACTED,MANUAL
23:53:54.276,-1.04,15.68,0.00,488.55754568262904,ON,RETRACTED,MANUAL
23:53:54.377,-0.54,14.83,0.00,488.18072382022484,ON,RETRACTED,MANUAL
23:53:54.498,-0.04,13.98,0.00,487.7979474521304,ON,RETRACTED,MANUAL
23:53:54.597,0.46,13.12,0.00,487.4092261477349,ON,RETRACTED,MANUAL
23:53:54.698,0.95,12.26,0.00,487.01456962505085,ON,RETRACTED,MANUAL
23:53:54.799,1.45,11.39,0.00,486.61398775047064,ON,RETRACTED,MANUAL
23:53:54.899,1.94,10.52,0.00,486.20749053852035,ON,RETRACTED,MANUAL
23:53:55.000,2.43,9.64,0.00,485.79508815160904,ON,RETRACTED,MANUAL
23:53:55.102,2.91,8.76,0.00,485.37679089977496,ON,RETRACTED,MANUAL
23:53:55.202,3.39,7.88,0.00,484.9526092404276,ON,RETRACTED,MANUAL
23:53:55.302,3.85,6.99,0.00,484.52255377808626,ON,RETRACTED,MANUAL
23:53:55.403,4.31,6.10,0.00,484.0866352641153,ON,RETRACTED,MANUAL
23:53:55.503,4.76,5.20,0.00,483.6448645964547,ON,RETRACTED,MANUAL
23:53:55.604,5.19,4.31,0.00,483.19725281934814,ON,RETRACTED,MANUAL
23:53:55.705,5.61,3.41,0.00,482.74381112306685,ON,RETRACTED,MANUAL
23:53:55.806,6.02,2.51,0.00,482.2845508436296,ON,RETRACTED,MANUAL
23:53:55.906,6.41,1.62,0.00,481.8194834625193,ON,RETRACTED,MANUAL
23:53:56.008,6.78,0.72,0.00,481.3486206063965,ON,RETRACTED,MANUAL
23:53:56.108,7.14,-0.18,0.00,480.87197404680785,ON,RETRACTED,MANUAL
23:53:56.208,7.48,-1.08,0.00,480.3895556998926,ON,RETRACTED,MANUAL
23:53:56.309,7.81,-1.98,0.00,479.90137762608435,ON,RETRACTED,MANUAL
23:53:56.410,8.11,-2.88,0.00,479.40745202980946,ON,RETRACTED,MANUAL
23:53:56.512,8.39,-3.78,0.00,478.90779125918215,ON,RETRACTED,MANUAL
23:53:56.618,8.65,-4.68,0.00,478.4024078056956,ON,RETRACTED,MANUAL
23:53:56.718,8.89,-5.57,0.00,477.8913143039099,ON,RETRACTED,MANUAL
23:53:56.821,9.11,-6.46,0.00,477.374523531136,ON,RETRACTED,MANUAL
23:53:56.921,9.30,-7.35,0.00,476.8520484071162,ON,RETRACTED,MANUAL
23:53:57.024,9.48,-8.24,0.00,476.3239019937014,ON,RETRACTED,MANUAL
23:53:57.124,9.62,-9.12,0.00,475.7900974945245,ON,RETRACTED,MANUAL
23:53:57.224,9.75,-10.00,0.00,475.25064825467007,ON,RETRACTED,MANUAL
23:53:57.325,9.85,-10.88,0.00,474.7055677603412,ON,RETRACTED,MANUAL
23:53:57.428,9.92,-11.75,0.00,474.15486963852163,ON,RETRACTED,MANUAL
23:53:57.527,9.97,-12.61,0.00,473.59856765663585,ON,RETRACTED,MANUAL
23:53:57.628,10.00,-13.47,0.00,473.03667572220445,ON,RETRACTED,MANUAL
23:53:57.728,10.00,-14.33,0.00,472.46920788249645,ON,RETRACTED,MANUAL
23:53:57.829,9.97,-15.18,0.00,471.8961783241783,ON,RETRACTED,MANUAL
23:53:57.930,9.92,-16.02,0.00,471.31760137295925,ON,RETRACTED,MANUAL
23:53:58.035,9.85,-16.86,0.00,470.7334914932328,ON,RETRACTED,MANUAL
23:53:58.138,9.75,-17.69,0.00,470.1438632877155,ON,RETRACTED,MANUAL
23:53:58.238,9.62,-18.52,0.00,469.5487314970818,ON,RETRACTED,MANUAL
23:53:58.339,9.48,-19.33,0.00,468.9481109995956,ON,RETRACTED,MANUAL
23:53:58.442,9.31,-20.14,0.00,468.34201681073796,ON,RETRACTED,MANUAL
23:53:58.543,9.11,-20.94,0.00,467.730464082832,ON,RETRACTED,MANUAL
23:53:58.645,8.89,-21.74,0.00,467.11346810466404,ON,RETRACTED,MANUAL
23:53:58.751,8.65,-22.52,0.00,466.4910443011015,ON,RETRACTED,MANUAL
23:53:58.852,8.39,-23.29,0.00,465.86320823270705,ON,RETRACTED,MANUAL
23:53:58.960,8.11,-24.06,0.00,465.22997559534963,ON,RETRACTED,MANUAL
23:53:59.089,7.81,-24.81,0.00,464.59136221981214,ON,RETRACTED,MANUAL
23:53:59.192,7.49,-25.56,0.00,463.9473840713959,ON,RETRACTED,MANUAL
23:53:59.292,7.15,-26.30,0.00,463.298057249521,ON,RETRACTED,MANUAL
23:53:59.398,6.79,-27.02,0.00,462.643397987324,ON,RETRACTED,MANUAL
23:53:59.502,6.41,-27.74,0.00,461.98342265125257,ON,RETRACTED,MANUAL
23:53:59.602,6.02,-28.44,0.00,461.31814774065566,ON,RETRACTED,MANUAL
23:53:59.703,5.61,-29.13,0.00,460.6475898873714,ON,RETRACTED,MANUAL
23:53:59.804,5.19,-29.81,0.00,459.9717658553111,ON,RETRACTED,MANUAL
23:53:59.906,4.76,-30.48,0.00,459.29069254004054,ON,RETRACTED,MANUAL
23:54:00.008,4.31,-31.13,0.00,458.60438696835706,ON,RETRACTED,MANUAL
23:54:00.119,3.86,-31.78,0.00,457.91286629786407,ON,RETRACTED,MANUAL
23:54:00.220,3.39,-32.41,0.00,457.2161478165425,ON,RETRACTED,MANUAL
23:54:00.323,2.92,-33.03,0.00,456.51424894231803,ON,RETRACTED,MANUAL
23:54:00.424,2.44,-33.63,0.00,455.80718722262594,ON,RETRACTED,MANUAL
23:54:00.586,1.95,-34.22,0.00,455.09498033397244,ON,RETRACTED,MANUAL
23:54:00.772,1.45,-34.80,0.00,454.37764608149257,ON,RETRACTED,MANUAL
23:54:00.880,0.96,-35.36,0.00,453.65520239850537,ON,RETRACTED,MANUAL
23:54:00.991,0.46,-35.91,0.00,452.9276673460652,ON,RETRACTED,MANUAL
23:54:01.097,-0.04,-36.45,0.00,452.19505911251053,ON,RETRACTED,MANUAL
23:54:01.203,-0.54,-36.97,0.00,451.4573960130091,ON,RETRACTED,MANUAL
23:54:01.307,-1.04,-37.47,0.00,450.7146964890999,ON,RETRACTED,MANUAL
23:54:01.414,-1.53,-37.97,0.00,449.96697910823235,ON,RETRACTED,MANUAL
23:54:01.519,-2.03,-38.44,0.00,449.21426256330204,ON,RETRACTED,MANUAL
23:54:01.639,-2.51,-38.90,0.00,448.4565656721834,ON,RETRACTED,MANUAL
23:54:01.751,-2.99,-39.35,0.00,447.6939073772592,ON,RETRACTED,MANUAL
23:54:01.851,-3.47,-39.77,0.00,446.92630674494717,ON,RETRACTED,MANUAL
23:54:01.953,-3.93,-40.19,0.00,446.15378296522306,ON,RETRACTED,MANUAL
23:54:02.055,-4.39,-40.58,0.00,445.3763553511412,ON,RETRACTED,MANUAL
23:54:02.171,-4.83,-40.96,0.00,444.5940433383514,ON,RETRACTED,MANUAL
23:54:02.284,-5.26,-41.33,0.00,443.80686648461324,ON,RETRACTED,MANUAL
23:54:02.387,-5.68,-41.68,0.00,443.01484446930715,ON,RETRACTED,MANUAL
23:54:02.516,-6.08,-42.01,0.00,442.2179970929421,ON,RETRACTED,MANUAL
23:54:02.631,-6.47,-42.32,0.00,441.4163442766611,ON,RETRACTED,MANUAL
23:54:02.735,-6.85,-42.62,0.00,440.6099060617428,ON,RETRACTED,MANUAL
23:54:02.870,-7.20,-42.90,0.00,439.7987026091005,ON,RETRACTED,MANUAL
23:54:02.984,-7.54,-43.16,0.00,438.98275419877837,ON,RETRACTED,MANUAL
23:54:03.099,-7.86,-43.41,0.00,438.1620812294441,ON,RETRACTED,MANUAL
23:54:03.203,-8.16,-43.64,0.00,437.3367042178792,ON,RETRACTED,MANUAL
23:54:03.325,-8.44,-43.85,0.00,436.506643798466,ON,RETRACTED,MANUAL
23:54:03.429,-8.69,-44.04,0.00,435.6719207226717,ON,RETRACTED,MANUAL
23:54:03.547,-8.93,-44.22,0.00,434.83255585852976,ON,RETRACTED,MANUAL
23:54:03.690,-9.14,-44.38,0.00,433.988570190118,ON,RETRACTED,MANUAL
23:54:03.815,-9.33,-44.52,0.00,433.1399848170343,ON,RETRACTED,MANUAL
23:54:03.918,-9.50,-44.64,0.00,432.2868209538687,ON,RETRACTED,MANUAL
23:54:04.021,-9.65,-44.74,0.00,431.4290999296734,ON,RETRACTED,MANUAL
23:54:04.132,-9.77,-44.83,0.00,430.5668431874292,ON,RETRACTED,MANUAL
23:54:04.270,-9.86,-44.90,0.00,429.7000722835099,ON,RETRACTED,MANUAL
23:54:04.383,-9.93,-44.95,0.00,428.8288088871428,ON,RETRACTED,MANUAL
23:54:04.520,-9.98,-44.98,0.00,427.9530747798676,ON,RETRACTED,MANUAL
23:54:04.652,-10.00,-45.00,0.00,427.0728918549913,ON,RETRACTED,MANUAL
23:54:04.763,-9.99,-45.00,0.00,426.1882821170411,ON,RETRACTED,MANUAL
23:54:04.868,-9.97,-44.98,0.00,425.2992676812146,ON,RETRACTED,MANUAL
23:54:04.980,-9.91,-44.94,0.00,424.4058707728261,ON,RETRACTED,MANUAL
23:54:05.081,-9.83,-44.88,0.00,423.50811372675196,ON,RETRACTED,MANUAL
23:54:05.186,-9.73,-44.80,0.00,422.60601898687156,ON,RETRACTED,MANUAL
23:54:05.286,-9.60,-44.71,0.00,421.6996091055064,ON,RETRACTED,MANUAL
23:54:05.397,-9.45,-44.60,0.00,420.78890674285617,ON,RETRACTED,MANUAL
23:54:05.504,-9.27,-44.47,0.00,419.8739346664328,ON,RETRACTED,MANUAL
23:54:05.610,-9.08,-44.33,0.00,418.9547157504902,ON,RETRACTED,MANUAL
23:54:05.712,-8.85,-44.16,0.00,418.0312729754537,ON,RETRACTED,MANUAL
23:54:05.832,-8.61,-43.98,0.00,417.10362942734434,ON,RETRACTED,MANUAL
23:54:05.937,-8.35,-43.78,0.00,416.1718082972027,ON,RETRACTED,MANUAL
23:54:06.054,-8.06,-43.56,0.00,415.2358328805083,ON,RETRACTED,MANUAL
23:54:06.158,-7.76,-43.33,0.00,414.295726576598,ON,RETRACTED,MANUAL
23:54:06.260,-7.43,-43.08,0.00,413.3515128880804,ON,RETRACTED,MANUAL
23:54:06.374,-7.09,-42.81,0.00,412.4032154202484,ON,RETRACTED,MANUAL
23:54:06.488,-6.72,-42.52,0.00,411.45085788048937,ON,RETRACTED,MANUAL
23:54:06.596,-6.35,-42.22,0.00,410.4944640776923,ON,RETRACTED,MANUAL
23:54:06.701,-5.95,-41.90,0.00,409.53405792165233,ON,RETRACTED,MANUAL
23:54:06.809,-5.54,-41.56,0.00,408.56966342247347,ON,RETRACTED,MANUAL
23:54:06.914,-5.12,-41.21,0.00,407.60130468996783,ON,RETRACTED,MANUAL
23:54:07.017,-4.68,-40.84,0.00,406.62900593305335,ON,RETRACTED,MANUAL
23:54:07.124,-4.24,-40.46,0.00,405.65279145914826,ON,RETRACTED,MANUAL
23:54:07.226,-3.78,-40.05,0.00,404.67268567356365,ON,RETRACTED,MANUAL
23:54:07.328,-3.31,-39.64,0.00,403.6887130788931,ON,RETRACTED,MANUAL
23:54:07.429,-2.84,-39.20,0.00,402.7008982744001,ON,RETRACTED,MANUAL
23:54:07.531,-2.35,-38.75,0.00,401.70926595540345,ON,RETRACTED,MANUAL
23:54:07.633,-1.86,-38.29,0.00,400.7138409126595,ON,RETRACTED,MANUAL
23:54:07.735,-1.37,-37.81,0.00,399.7146480317424,ON,RETRACTED,MANUAL
23:54:07.836,-0.87,-37.31,0.00,398.71171229242213,ON,RETRACTED,MANUAL
23:54:07.936,-0.38,-36.80,0.00,397.7050587680399,ON,RETRACTED,MANUAL
23:54:08.037,0.12,-36.27,0.00,396.6947126248815,ON,RETRACTED,MANUAL
23:54:08.139,0.62,-35.73,0.00,395.68069912154783,ON,RETRACTED,MANUAL
23:54:08.239,1.12,-35.18,0.00,394.6630436083236,ON,RETRACTED,MANUAL
23:54:08.339,1.62,-34.61,0.00,393.6417715265437,ON,RETRACTED,MANUAL
23:54:08.442,2.11,-34.03,0.00,392.6169084079571,ON,RETRACTED,MANUAL
23:54:08.541,2.59,-33.43,0.00,391.5884798740882,ON,RETRACTED,MANUAL
23:54:08.642,3.07,-32.82,0.00,390.55651163559673,ON,RETRACTED,MANUAL
23:54:08.745,3.55,-32.20,0.00,389.5210294916352,ON,RETRACTED,MANUAL
23:54:08.846,4.01,-31.57,0.00,388.482059329203,ON,RETRACTED,MANUAL
23:54:08.947,4.46,-30.92,0.00,387.43962712250016,ON,RETRACTED,MANUAL
23:54:09.049,4.90,-30.26,0.00,386.3937589322776,ON,RETRACTED,MANUAL
23:54:09.148,5.33,-29.59,0.00,385.3444809051856,ON,RETRACTED,MANUAL
23:54:09.252,5.75,-28.90,0.00,384.29181927312015,ON,RETRACTED,MANUAL
23:54:09.353,6.15,-28.21,0.00,383.23580035256725,ON,RETRACTED,MANUAL
23:54:09.460,6.54,-27.50,0.00,382.17645054394484,ON,RETRACTED,MANUAL
23:54:09.563,6.91,-26.78,0.00,381.11379633094305,ON,RETRACTED,MANUAL
23:54:09.667,7.26,-26.06,0.00,380.04786427986187,ON,RETRACTED,MANUAL
23:54:09.801,7.59,-25.32,0.00,378.978681038947,ON,RETRACTED,MANUAL
23:54:09.916,7.91,-24.57,0.00,377.9062733377238,ON,RETRACTED,MANUAL
23:54:10.038,8.21,-23.81,0.00,376.83066798632893,ON,RETRACTED,MANUAL
23:54:10.146,8.48,-23.04,0.00,375.75189187484017,ON,RETRACTED,MANUAL
23:54:10.255,8.74,-22.26,0.00,374.6699719726041,ON,RETRACTED,MANUAL
23:54:10.357,8.97,-21.48,0.00,373.584935327562,ON,RETRACTED,MANUAL
23:54:10.460,9.18,-20.68,0.00,372.49680906557336,ON,RETRACTED,MANUAL
23:54:10.565,9.36,-19.88,0.00,371.40562038973815,ON,RETRACTED,MANUAL
23:54:10.745,9.53,-19.07,0.00,370.3113965797164,ON,RETRACTED,MANUAL
23:54:10.854,9.67,-18.25,0.00,369.2141649910464,ON,RETRACTED,MANUAL
23:54:10.957,9.78,-17.42,0.00,368.1139530544607,ON,RETRACTED,MANUAL
23:54:11.065,9.87,-16.59,0.00,367.01078827520035,ON,RETRACTED,MANUAL
23:54:11.174,9.94,-15.75,0.00,365.90469823232746,ON,RETRACTED,MANUAL
23:54:11.274,9.98,-14.90,0.00,364.7957105780355,ON,RETRACTED,MANUAL
23:54:11.375,10.00,-14.05,0.00,363.683853036958,ON,RETRACTED,MANUAL
23:54:11.477,9.99,-13.19,0.00,362.5691534054756,ON,RETRACTED,MANUAL
23:54:11.577,9.96,-12.33,0.00,361.45163955102106,ON,RETRACTED,MANUAL
23:54:11.679,9.90,-11.46,0.00,360.3313394113825,ON,RETRACTED,MANUAL
23:54:11.779,9.82,-10.59,0.00,359.2082809940051,ON,RETRACTED,MANUAL
23:54:11.882,9.71,-9.71,0.00,358.08249237529077,ON,RETRACTED,MANUAL
23:54:11.982,9.58,-8.83,0.00,356.95400169989637,ON,RETRACTED,MANUAL
23:54:12.085,9.42,-7.95,0.00,355.82283718003,ON,RETRACTED,MANUAL
23:54:12.184,9.24,-7.06,0.00,354.68902709474565,ON,RETRACTED,MANUAL
23:54:12.285,9.04,-6.17,0.00,353.5525997892366,ON,RETRACTED,MANUAL
23:54:12.388,8.82,-5.28,0.00,352.41358367412613,ON,RETRACTED,MANUAL
23:54:12.489,8.57,-4.38,0.00,351.27200722475783,ON,RETRACTED,MANUAL
23:54:12.592,8.30,-3.48,0.00,350.1278989804835,ON,RETRACTED,MANUAL
23:54:12.694,8.01,-2.59,0.00,348.9812875439497,ON,RETRACTED,MANUAL
23:54:12.795,7.70,-1.69,0.00,347.83220158038256,ON,RETRACTED,MANUAL
23:54:12.903,7.37,-0.79,0.00,346.6806698168713,ON,RETRACTED,MANUAL
23:54:13.008,7.03,0.11,0.00,345.5267210416501,ON,RETRACTED,MANUAL
23:54:13.110,6.66,1.01,0.00,344.3703841033782,ON,RETRACTED,MANUAL
23:54:13.209,6.28,1.91,0.00,343.21168791041885,ON,RETRACTED,MANUAL
23:54:13.311,5.88,2.81,0.00,342.0506614301165,ON,RETRACTED,MANUAL
23:54:13.412,5.47,3.71,0.00,340.8873336880727,ON,RETRACTED,MANUAL
23:54:13.513,5.05,4.60,0.00,339.72173376742046,ON,RETRACTED,MANUAL
23:54:13.613,4.61,5.50,0.00,338.553890808097,ON,RETRACTED,MANUAL
23:54:13.727,4.16,6.39,0.00,337.38383400611553,ON,RETRACTED,MANUAL
23:54:13.834,3.70,7.28,0.00,336.21159261283515,ON,RETRACTED,MANUAL
23:54:13.938,3.23,8.17,0.00,335.0371959342296,ON,RETRACTED,MANUAL
23:54:14.042,2.76,9.05,0.00,333.8606733301548,ON,RETRACTED,MANUAL
23:54:14.146,2.27,9.93,0.00,332.6820542136144,ON,RETRACTED,MANUAL
23:54:14.277,1.78,10.81,0.00,331.50136805002506,ON,RETRACTED,MANUAL
23:54:14.388,1.29,11.68,0.00,330.3186443564793,ON,RETRACTED,MANUAL
23:54:14.491,0.79,12.54,0.00,329.13391270100794,ON,RETRACTED,MANUAL
23:54:14.595,0.29,13.41,0.00,327.9472027018406,ON,RETRACTED,MANUAL
23:54:14.700,-0.21,14.26,0.00,326.75854402666545,ON,RETRACTED,MANUAL
23:54:14.807,-0.71,15.11,0.00,325.56796639188747,ON,RETRACTED,MANUAL
23:54:14.908,-1.21,15.96,0.00,324.37549956188553,ON,RETRACTED,MANUAL
23:54:15.015,-1.70,16.80,0.00,323.18117334826826,ON,RETRACTED,MANUAL
23:54:15.132,-2.19,17.63,0.00,321.9850176091288,ON,RETRACTED,MANUAL
23:54:15.237,-2.68,18.45,0.00,320.78706224829835,ON,RETRACTED,MANUAL
23:54:15.340,-3.15,19.27,0.00,319.5873372145985,ON,RETRACTED,MANUAL
23:54:15.448,-3.62,20.08,0.00,318.38587250109265,ON,RETRACTED,MANUAL
23:54:15.554,-4.09,20.88,0.00,317.18269814433603,ON,RETRACTED,MANUAL
23:54:15.653,-4.54,21.67,0.00,315.9778442236249,ON,RETRACTED,MANUAL
23:54:15.754,-4.98,22.46,0.00,314.77134086024455,ON,RETRACTED,MANUAL
23:54:15.865,-5.40,23.23,0.00,313.56321821671617,ON,RETRACTED,MANUAL
23:54:15.971,-5.82,24.00,0.00,312.35350649604294,ON,RETRACTED,MANUAL
23:54:16.073,-6.22,24.75,0.00,311.1422359409549,ON,RETRACTED,MANUAL
23:54:16.186,-6.60,25.50,0.00,309.92943683315286,ON,RETRACTED,MANUAL
23:54:16.312,-6.97,26.24,0.00,308.71513949255126,ON,RETRACTED,MANUAL
23:54:16.415,-7.32,26.96,0.00,307.4993742765205,ON,RETRACTED,MANUAL
23:54:16.520,-7.65,27.68,0.00,306.2821715791275,ON,RETRACTED,MANUAL
23:54:16.623,-7.96,28.38,0.00,305.06356183037644,ON,RETRACTED,MANUAL
23:54:16.726,-8.25,29.08,0.00,303.8435754954475,ON,RETRACTED,MANUAL
23:54:16.826,-8.53,29.76,0.00,302.6222430739355,ON,RETRACTED,MANUAL
23:54:16.929,-8.78,30.43,0.00,301.3995950990875,ON,RETRACTED,MANUAL
23:54:17.029,-9.00,31.08,0.00,300.17566213703896,ON,RETRACTED,MANUAL
23:54:17.132,-9.21,31.73,0.00,298.9504747860504,ON,RETRACTED,MANUAL
23:54:17.235,-9.39,32.36,0.00,297.7240636757416,ON,RETRACTED,MANUAL
23:54:17.335,-9.55,32.98,0.00,296.4964594663266,ON,RETRACTED,MANUAL
23:54:17.436,-9.69,33.58,0.00,295.2676928478466,ON,RETRACTED,MANUAL
23:54:17.540,-9.80,34.18,0.00,294.03779453940314,ON,RETRACTED,MANUAL
23:54:17.640,-9.89,34.75,0.00,292.8067952883898,ON,RETRACTED,MANUAL
23:54:17.741,-9.95,35.32,0.00,291.5747258697238,ON,RETRACTED,MANUAL
23:54:17.843,-9.99,35.87,0.00,290.34161708507634,ON,RETRACTED,MANUAL
23:54:17.945,-10.00,36.41,0.00,289.107499762103,ON,RETRACTED,MANUAL
23:54:18.047,-9.99,36.93,0.00,287.87240475367236,ON,RETRACTED,MANUAL
23:54:18.149,-9.95,37.43,0.00,286.6363629370954,ON,RETRACTED,MANUAL
23:54:18.250,-9.89,37.93,0.00,285.39940521335313,ON,RETRACTED,MANUAL
23:54:18.352,-9.80,38.40,0.00,284.16156250632434,ON,RETRACTED,MANUAL
23:54:18.453,-9.69,38.86,0.00,282.92286576201207,ON,RETRACTED,MANUAL
23:54:18.554,-9.55,39.31,0.00,281.68334594777053,ON,RETRACTED,MANUAL
23:54:18.654,-9.39,39.74,0.00,280.4430340515304,ON,RETRACTED,MANUAL
23:54:18.756,-9.21,40.16,0.00,279.2019610810246,ON,RETRACTED,MANUAL
23:54:18.862,-9.00,40.55,0.00,277.9601580630127,ON,RETRACTED,MANUAL
23:54:18.968,-8.78,40.94,0.00,276.7176560425055,ON,RETRACTED,MANUAL
23:54:19.072,-8.53,41.30,0.00,275.4744860819888,ON,RETRACTED,MANUAL
23:54:19.174,-8.25,41.65,0.00,274.2306792606468,ON,RETRACTED,MANUAL
23:54:19.273,-7.96,41.98,0.00,272.9862666735853,ON,RETRACTED,MANUAL
23:54:19.376,-7.65,42.30,0.00,271.74127943105424,ON,RETRACTED,MANUAL
23:54:19.477,-7.32,42.60,0.00,270.49574865766965,ON,RETRACTED,MANUAL
23:54:19.578,-6.97,42.88,0.00,269.2497054916362,ON,RETRACTED,MANUAL
23:54:19.678,-6.60,43.14,0.00,268.003181083968,ON,RETRACTED,MANUAL
23:54:19.780,-6.22,43.39,0.00,266.7562065977104,ON,RETRACTED,MANUAL
23:54:19.880,-5.82,43.62,0.00,265.50881320716053,ON,RETRACTED,MANUAL
23:54:19.982,-5.40,43.83,0.00,264.2610320970882,ON,RETRACTED,MANUAL
23:54:20.083,-4.98,44.03,0.00,263.0128944619563,ON,RETRACTED,MANUAL
23:54:20.185,-4.54,44.20,0.00,261.7644315051406,ON,RETRACTED,MANUAL
23:54:20.285,-4.08,44.36,0.00,260.5156744381499,ON,RETRACTED,MANUAL
23:54:20.386,-3.62,44.51,0.00,259.266654479846,ON,RETRACTED,MANUAL
23:54:20.486,-3.15,44.63,0.00,258.01740285566274,ON,RETRACTED,MANUAL
23:54:20.590,-2.67,44.74,0.00,256.7679507968257,ON,RETRACTED,MANUAL
23:54:20.704,-2.19,44.82,0.00,255.5183295395712,ON,RETRACTED,MANUAL
23:54:20.849,-1.70,44.90,0.00,254.2685703243656,ON,RETRACTED,MANUAL
23:54:21.062,-1.20,44.95,0.00,253.01870439512425,ON,RETRACTED,MANUAL
23:54:21.166,-0.71,44.98,0.00,251.76876299843025,ON,RETRACTED,MANUAL
23:54:21.269,-0.21,45.00,0.00,250.51877738275337,ON,RETRACTED,MANUAL
23:54:21.377,0.29,45.00,0.00,249.26877879766897,ON,RETRACTED,MANUAL
23:54:21.481,0.79,44.98,0.00,248.01879849307656,ON,RETRACTED,MANUAL
23:54:21.605,1.29,44.94,0.00,246.76886771841862,ON,RETRACTED,MANUAL
23:54:21.718,1.78,44.88,0.00,245.51901772189942,ON,RETRACTED,MANUAL
23:54:21.837,2.27,44.81,0.00,244.2692797497038,ON,RETRACTED,MANUAL
23:54:21.943,2.76,44.72,0.00,243.01968504521597,ON,RETRACTED,MANUAL
23:54:22.045,3.23,44.61,0.00,241.7702648482384,ON,RETRACTED,MANUAL
23:54:22.146,3.70,44.48,0.00,240.52105039421104,ON,RETRACTED,MANUAL
23:54:22.248,4.16,44.34,0.00,239.27207291343012,ON,RETRACTED,MANUAL
23:54:22.348,4.61,44.18,0.00,238.02336363026762,ON,RETRACTED,MANUAL
23:54:22.450,5.05,44.00,0.00,236.7749537623906,ON,RETRACTED,MANUAL
23:54:22.552,5.47,43.80,0.00,235.52687451998068,ON,RETRACTED,MANUAL
23:54:22.652,5.89,43.58,0.00,234.27915710495398,ON,RETRACTED,MANUAL
23:54:22.767,6.28,43.35,0.00,233.03183271018085,ON,RETRACTED,MANUAL
23:54:22.879,6.66,43.10,0.00,231.7849325187062,ON,RETRACTED,MANUAL
23:54:22.986,7.03,42.83,0.00,230.5384877029699,ON,RETRACTED,MANUAL
23:54:23.092,7.37,42.55,0.00,229.29252942402738,ON,RETRACTED,MANUAL
23:54:23.202,7.70,42.25,0.00,228.04708883077075,ON,RETRACTED,MANUAL
23:54:23.311,8.01,41.93,0.00,226.80219705915,ON,RETRACTED,MANUAL
23:54:23.425,8.30,41.59,0.00,225.55788523139452,ON,RETRACTED,MANUAL
23:54:23.529,8.57,41.24,0.00,224.31418445523522,ON,RETRACTED,MANUAL
23:54:23.649,8.82,40.87,0.00,223.07112582312675,ON,RETRACTED,MANUAL
23:54:23.751,9.04,40.49,0.00,221.82874041147016,ON,RETRACTED,MANUAL
23:54:23.851,9.24,40.09,0.00,220.58705927983604,ON,RETRACTED,MANUAL
23:54:23.953,9.42,39.67,0.00,219.346113470188,ON,RETRACTED,MANUAL
23:54:24.064,9.58,39.24,0.00,218.10593400610662,ON,RETRACTED,MANUAL
23:54:24.168,9.71,38.79,0.00,216.86655189201397,ON,RETRACTED,MANUAL
23:54:24.276,9.82,38.32,0.00,215.6279981123983,ON,RETRACTED,MANUAL
23:54:24.377,9.90,37.84,0.00,214.39030363103961,ON,RETRACTED,MANUAL
23:54:24.477,9.96,37.35,0.00,213.15349939023548,ON,RETRACTED,MANUAL
23:54:24.578,9.99,36.84,0.00,211.9176163100275,ON,RETRACTED,MANUAL
23:54:24.680,10.00,36.32,0.00,210.68268528742834,ON,RETRACTED,MANUAL
23:54:24.781,9.98,35.78,0.00,209.4487371956492,ON,RETRACTED,MANUAL
23:54:24.882,9.94,35.22,0.00,208.2158028833281,ON,RETRACTED,MANUAL
23:54:24.985,9.87,34.66,0.00,206.98391317375868,ON,RETRACTED,MANUAL
23:54:25.093,9.78,34.08,0.00,205.7530988641195,ON,RETRACTED,MANUAL
23:54:25.195,9.67,33.48,0.00,204.52339072470417,ON,RETRACTED,MANUAL
23:54:25.294,9.53,32.87,0.00,203.29481949815215,ON,RETRACTED,MANUAL
23:54:25.397,9.36,32.25,0.00,202.06741589868014,ON,RETRACTED,MANUAL
23:54:25.497,9.18,31.62,0.00,200.84121061131415,ON,RETRACTED,MANUAL
23:54:25.598,8.97,30.97,0.00,199.61623429112254,ON,RETRACTED,MANUAL
23:54:25.700,8.73,30.31,0.00,198.39251756244948,ON,RETRACTED,MANUAL
23:54:25.799,8.48,29.64,0.00,197.1700910181495,ON,RETRACTED,MANUAL
23:54:25.899,8.21,28.96,0.00,195.94898521882246,ON,RETRACTED,MANUAL
23:54:26.000,7.91,28.26,0.00,194.72923069204984,ON,RETRACTED,MANUAL
23:54:26.101,7.59,27.56,0.00,193.5108579316312,ON,RETRACTED,MANUAL
23:54:26.202,7.26,26.84,0.00,192.29389739682213,ON,RETRACTED,MANUAL
23:54:26.305,6.91,26.11,0.00,191.07837951157262,ON,RETRACTED,MANUAL
23:54:26.407,6.54,25.38,0.00,189.8643346637665,ON,RETRACTED,MANUAL
23:54:26.515,6.15,24.63,0.00,188.6517932044617,ON,RETRACTED,MANUAL
23:54:26.622,5.75,23.87,0.00,187.4407854471316,ON,RETRACTED,MANUAL
23:54:26.777,5.33,23.10,0.00,186.23134166690699,ON,RETRACTED,MANUAL
23:54:26.884,4.90,22.32,0.00,185.0234920998194,ON,RETRACTED,MANUAL
23:54:26.992,4.46,21.54,0.00,183.8172669420452,ON,RETRACTED,MANUAL
23:54:27.099,4.01,20.74,0.00,182.61269634915038,ON,RETRACTED,MANUAL
23:54:27.209,3.54,19.94,0.00,181.40981043533708,ON,RETRACTED,MANUAL
23:54:27.338,3.07,19.13,0.00,180.2086392726905,ON,RETRACTED,MANUAL
23:54:27.449,2.59,18.31,0.00,179.00921289042714,ON,RETRACTED,MANUAL
23:54:27.556,2.11,17.49,0.00,177.81156127414408,ON,RETRACTED,MANUAL
23:54:27.658,1.62,16.65,0.00,176.61571436506932,ON,RETRACTED,MANUAL
23:54:27.761,1.12,15.81,0.00,175.42170205931336,ON,RETRACTED,MANUAL
23:54:27.861,0.62,14.97,0.00,174.22955420712165,ON,RETRACTED,MANUAL
23:54:27.964,0.12,14.12,0.00,173.0393006121284,ON,RETRACTED,MANUAL
23:54:28.065,-0.38,13.26,0.00,171.8509710306114,ON,RETRACTED,MANUAL
23:54:28.169,-0.88,12.40,0.00,170.66459517074844,ON,RETRACTED,MANUAL
23:54:28.269,-1.37,11.53,0.00,169.48020269187413,ON,RETRACTED,MANUAL
23:54:28.370,-1.87,10.66,0.00,168.29782320373877,ON,RETRACTED,MANUAL
23:54:28.472,-2.35,9.78,0.00,167.11748626576804,ON,RETRACTED,MANUAL
23:54:28.573,-2.84,8.90,0.00,165.93922138632382,ON,RETRACTED,MANUAL
23:54:28.677,-3.31,8.02,0.00,164.7630580219668,ON,RETRACTED,MANUAL
23:54:28.780,-3.78,7.13,0.00,163.5890255767198,ON,RETRACTED,MANUAL
23:54:28.882,-4.24,6.24,0.00,162.41715340133283,ON,RETRACTED,MANUAL
23:54:28.993,-4.69,5.35,0.00,161.2474707925492,ON,RETRACTED,MANUAL
23:54:29.104,-5.12,4.45,0.00,160.08000699237323,ON,RETRACTED,MANUAL
23:54:29.207,-5.54,3.56,0.00,158.91479118733912,ON,RETRACTED,MANUAL
23:54:29.315,-5.95,2.66,0.00,157.7518525077813,ON,RETRACTED,MANUAL
23:54:29.428,-6.35,1.76,0.00,156.5912200271062,ON,RETRACTED,MANUAL
23:54:29.541,-6.73,0.86,0.00,155.43292276106538,ON,RETRACTED,MANUAL
23:54:29.643,-7.09,-0.04,0.00,154.27698966703016,ON,RETRACTED,MANUAL
23:54:29.747,-7.43,-0.94,0.00,153.1234496432677,ON,RETRACTED,MANUAL
23:54:29.850,-7.76,-1.84,0.00,151.97233152821852,ON,RETRACTED,MANUAL
23:54:29.969,-8.06,-2.74,0.00,150.8236640997755,ON,RETRACTED,MANUAL
23:54:30.070,-8.35,-3.64,0.00,149.67747607456454,ON,RETRACTED,MANUAL
23:54:30.174,-8.61,-4.53,0.00,148.5337961072266,ON,RETRACTED,MANUAL
23:54:30.276,-8.86,-5.43,0.00,147.3926527897013,ON,RETRACTED,MANUAL
23:54:30.378,-9.08,-6.32,0.00,146.2540746505121,ON,RETRACTED,MANUAL
23:54:30.480,-9.27,-7.21,0.00,145.11809015405322,ON,RETRACTED,MANUAL
23:54:30.594,-9.45,-8.10,0.00,143.98472769987788,ON,RETRACTED,MANUAL
23:54:30.694,-9.60,-8.98,0.00,142.85401562198842,ON,RETRACTED,MANUAL
23:54:30.795,-9.73,-9.86,0.00,141.7259821881279,ON,RETRACTED,MANUAL
23:54:30.895,-9.83,-10.74,0.00,140.60065559907338,ON,RETRACTED,MANUAL
23:54:30.998,-9.91,-11.61,0.00,139.478063987931,ON,RETRACTED,MANUAL
23:54:31.097,-9.97,-12.48,0.00,138.3582354194326,ON,RETRACTED,MANUAL
23:54:31.198,-9.99,-13.34,0.00,137.241197889234,ON,RETRACTED,MANUAL
23:54:31.298,-10.00,-14.19,0.00,136.12697932321532,ON,RETRACTED,MANUAL
23:54:31.400,-9.98,-15.05,0.00,135.0156075767827,ON,RETRACTED,MANUAL
23:54:31.501,-9.93,-15.89,0.00,133.90711043417187,ON,RETRACTED,MANUAL
23:54:31.601,-9.86,-16.73,0.00,132.8015156077537,ON,RETRACTED,MANUAL
23:54:31.702,-9.77,-17.56,0.00,131.69885073734122,ON,RETRACTED,MANUAL
23:54:31.803,-9.65,-18.39,0.00,130.5991433894988,ON,RETRACTED,MANUAL
23:54:31.904,-9.50,-19.20,0.00,129.50242105685288,ON,RETRACTED,MANUAL
23:54:32.004,-9.33,-20.01,0.00,128.40871115740458,ON,RETRACTED,MANUAL
23:54:32.106,-9.14,-20.82,0.00,127.31804103384448,ON,RETRACTED,MANUAL
23:54:32.206,-8.93,-21.61,0.00,126.23043795286884,ON,RETRACTED,MANUAL
23:54:32.306,-8.69,-22.39,0.00,125.14592910449807,ON,RETRACTED,MANUAL
23:54:32.407,-8.44,-23.17,0.00,124.06454160139685,ON,RETRACTED,MANUAL
23:54:32.507,-8.16,-23.94,0.00,122.98630247819645,ON,RETRACTED,MANUAL
23:54:32.609,-7.86,-24.70,0.00,121.91123869081883,ON,RETRACTED,MANUAL
23:54:32.710,-7.54,-25.44,0.00,120.83937711580262,ON,RETRACTED,MANUAL
23:54:32.815,-7.20,-26.18,0.00,119.77074454963142,ON,RETRACTED,MANUAL
23:54:32.916,-6.85,-26.91,0.00,118.70536770806368,ON,RETRACTED,MANUAL
23:54:33.016,-6.47,-27.62,0.00,117.64327322546501,ON,RETRACTED,MANUAL
23:54:33.117,-6.08,-28.33,0.00,116.5844876541421,ON,RETRACTED,MANUAL
23:54:33.218,-5.68,-29.02,0.00,115.52903746367909,ON,RETRACTED,MANUAL
23:54:33.319,-5.26,-29.70,0.00,114.47694904027583,ON,RETRACTED,MANUAL
23:54:33.420,-4.83,-30.37,0.00,113.42824868608807,ON,RETRACTED,MANUAL
23:54:33.521,-4.39,-31.03,0.00,112.38296261856999,ON,RETRACTED,MANUAL
23:54:33.621,-3.93,-31.68,0.00,111.34111696981896,ON,RETRACTED,MANUAL
23:54:34.038,-3.47,-32.31,0.00,110.30273778592183,ON,RETRACTED,MANUAL
23:54:34.038,-2.99,-32.93,0.00,109.26785102630419,ON,RETRACTED,MANUAL
23:54:34.041,-2.51,-33.54,0.00,108.23648256308104,ON,RETRACTED,MANUAL
23:54:34.041,-2.03,-34.13,0.00,107.20865818041034,ON,RETRACTED,MANUAL
23:54:34.125,-1.53,-34.71,0.00,106.18440357384807,ON,RETRACTED,MANUAL
23:54:34.225,-1.04,-35.27,0.00,105.16374434970604,ON,RETRACTED,MANUAL
23:54:34.326,-0.54,-35.83,0.00,104.14670602441174,ON,RETRACTED,MANUAL
23:54:34.426,-0.04,-36.36,0.00,103.13331402387027,ON,RETRACTED,MANUAL
23:54:34.527,0.46,-36.89,0.00,102.12359368282893,ON,RETRACTED,MANUAL
23:54:34.628,0.96,-37.40,0.00,101.11757024424358,ON,RETRACTED,MANUAL
23:54:34.729,1.46,-37.89,0.00,100.11526885864785,ON,RETRACTED,MANUAL
23:54:34.829,1.95,-38.37,0.00,99.11671458352416,ON,RETRACTED,MANUAL
23:54:34.931,2.44,-38.83,0.00,98.12193238267739,ON,RETRACTED,MANUAL
23:54:35.193,2.92,-39.28,0.00,97.13094712561073,ON,RETRACTED,MANUAL
23:54:35.193,3.39,-39.71,0.00,96.14378358690402,ON,RETRACTED,MANUAL
23:54:35.233,3.86,-40.12,0.00,95.16046644559427,ON,RETRACTED,MANUAL
23:54:35.334,4.31,-40.52,0.00,94.1810202845588,ON,RETRACTED,MANUAL
23:54:35.436,4.76,-40.91,0.00,93.20546958990067,ON,RETRACTED,MANUAL
23:54:35.538,5.19,-41.27,0.00,92.23383875033639,ON,RETRACTED,MANUAL
23:54:35.638,5.61,-41.62,0.00,91.26615205658638,ON,RETRACTED,MANUAL
23:54:35.739,6.02,-41.96,0.00,90.30243370076758,ON,RETRACTED,MANUAL
23:54:35.849,6.41,-42.27,0.00,89.34270777578865,ON,RETRACTED,MANUAL
23:54:35.969,6.79,-42.57,0.00,88.38699827474778,ON,RETRACTED,MANUAL
23:54:36.071,7.15,-42.86,0.00,87.43532909033269,ON,RETRACTED,MANUAL
23:54:36.171,7.49,-43.12,0.00,86.4877240142234,ON,RETRACTED,MANUAL
23:54:36.274,7.81,-43.37,0.00,85.54420673649753,ON,RETRACTED,MANUAL
23:54:36.376,8.11,-43.60,0.00,84.60480084503786,ON,RETRACTED,MANUAL
23:54:36.475,8.39,-43.82,0.00,83.66952982494269,ON,RETRACTED,MANUAL
23:54:36.576,8.65,-44.01,0.00,82.73841705793885,ON,RETRACTED,MANUAL
23:54:36.677,8.89,-44.19,0.00,81.81148582179705,ON,RETRACTED,MANUAL
23:54:36.778,9.11,-44.35,0.00,80.88875928974986,ON,RETRACTED,MANUAL
23:54:36.878,9.31,-44.50,0.00,79.97026052991257,ON,RETRACTED,MANUAL
23:54:36.979,9.48,-44.62,0.00,79.05601250470627,ON,RETRACTED,MANUAL
23:54:37.080,9.62,-44.73,0.00,78.14603807028408,ON,RETRACTED,MANUAL
23:54:37.179,9.75,-44.82,0.00,77.24035997595936,ON,RETRACTED,MANUAL
23:54:37.280,9.85,-44.89,0.00,76.33900086363738,ON,RETRACTED,MANUAL
23:54:37.384,9.92,-44.94,0.00,75.44198326724893,ON,RETRACTED,MANUAL
23:54:37.485,9.97,-44.98,0.00,74.54932961218728,ON,RETRACTED,MANUAL
23:54:37.587,10.00,-45.00,0.00,73.66106221474723,ON,RETRACTED,MANUAL
23:54:37.687,10.00,-45.00,0.00,72.7772032815675,ON,RETRACTED,MANUAL
23:54:37.789,9.97,-44.98,0.00,71.89777490907537,ON,RETRACTED,MANUAL
23:54:37.889,9.92,-44.94,0.00,71.02279908293437,ON,RETRACTED,MANUAL
23:54:37.989,9.85,-44.89,0.00,70.15229767749457,ON,RETRACTED,MANUAL
23:54:38.090,9.75,-44.82,0.00,69.28629245524573,ON,RETRACTED,MANUAL
23:54:38.190,9.62,-44.73,0.00,68.4248050662734,ON,RETRACTED,MANUAL
23:54:38.293,9.48,-44.62,0.00,67.56785704771733,ON,RETRACTED,MANUAL
23:54:38.394,9.30,-44.49,0.00,66.71546982323338,ON,RETRACTED,MANUAL
23:54:38.494,9.11,-44.35,0.00,65.8676647024578,ON,RETRACTED,MANUAL
23:54:38.596,8.89,-44.19,0.00,65.02446288047443,ON,RETRACTED,MANUAL
23:54:38.698,8.65,-44.01,0.00,64.1858854372849,ON,RETRACTED,MANUAL
23:54:38.799,8.39,-43.81,0.00,63.3519533372816,ON,RETRACTED,MANUAL
23:54:38.899,8.11,-43.60,0.00,62.52268742872366,ON,RETRACTED,MANUAL
23:54:39.004,7.81,-43.37,0.00,61.69810844321552,ON,RETRACTED,MANUAL
23:54:39.105,7.48,-43.12,0.00,60.87823699518893,ON,RETRACTED,MANUAL
23:54:39.207,7.14,-42.85,0.00,60.06309358138736,ON,RETRACTED,MANUAL
23:54:39.307,6.78,-42.57,0.00,59.252698580353695,ON,RETRACTED,MANUAL
23:54:39.412,6.41,-42.27,0.00,58.447072251920815,ON,RETRACTED,MANUAL
23:54:39.512,6.02,-41.95,0.00,57.646234736704855,ON,RETRACTED,MANUAL
23:54:39.613,5.61,-41.62,0.00,56.85020605560209,ON,RETRACTED,MANUAL
23:54:39.714,5.19,-41.27,0.00,56.05900610928805,ON,RETRACTED,MANUAL
23:54:39.815,4.75,-40.90,0.00,55.27265467772017,ON,RETRACTED,MANUAL
23:54:39.915,4.31,-40.52,0.00,54.49117141964331,ON,RETRACTED,MANUAL
23:54:40.016,3.85,-40.12,0.00,53.71457587209818,ON,RETRACTED,MANUAL
23:54:40.116,3.39,-39.70,0.00,52.942887449933096,ON,RETRACTED,MANUAL
23:54:40.217,2.91,-39.27,0.00,52.17612544531832,ON,RETRACTED,MANUAL
23:54:40.318,2.43,-38.82,0.00,51.414309027264125,ON,RETRACTED,MANUAL
23:54:40.418,1.94,-38.36,0.00,50.65745724114123,ON,RETRACTED,MANUAL
23:54:40.519,1.45,-37.88,0.00,49.905589008204885,ON,RETRACTED,MANUAL
23:54:40.619,0.95,-37.39,0.00,49.158723125121725,ON,RETRACTED,MANUAL
23:54:40.720,0.46,-36.88,0.00,48.416878263499996,ON,RETRACTED,MANUAL
23:54:40.820,-0.04,-36.36,0.00,47.680072969422525,ON,RETRACTED,MANUAL
23:54:40.922,-0.54,-35.82,0.00,46.94832566298331,ON,RETRACTED,MANUAL
23:54:41.022,-1.04,-35.27,0.00,46.22165463782696,ON,RETRACTED,MANUAL
23:54:41.122,-1.54,-34.70,0.00,45.50007806069118,ON,RETRACTED,MANUAL
23:54:41.224,-2.03,-34.12,0.00,44.78361397095284,ON,RETRACTED,MANUAL
23:54:41.324,-2.52,-33.53,0.00,44.07228028017687,ON,RETRACTED,MANUAL
23:54:41.425,-3.00,-32.92,0.00,43.36609477166854,ON,RETRACTED,MANUAL
23:54:41.527,-3.47,-32.30,0.00,42.66507510002867,ON,RETRACTED,MANUAL
23:54:41.628,-3.94,-31.67,0.00,41.96923879071264,ON,RETRACTED,MANUAL
23:54:41.728,-4.39,-31.02,0.00,41.27860323959189,ON,RETRACTED,MANUAL
23:54:41.830,-4.83,-30.37,0.00,40.59318571251927,ON,RETRACTED,MANUAL
23:54:41.930,-5.26,-29.70,0.00,39.91300334489719,ON,RETRACTED,MANUAL
23:54:42.030,-5.68,-29.01,0.00,39.23807314124949,ON,RETRACTED,MANUAL
23:54:42.130,-6.09,-28.32,0.00,38.56841197479608,ON,RETRACTED,MANUAL
23:54:42.231,-6.48,-27.61,0.00,37.904036587031214,ON,RETRACTED,MANUAL
23:54:42.332,-6.85,-26.90,0.00,37.244963587304994,ON,RETRACTED,MANUAL
23:54:42.432,-7.20,-26.17,0.00,36.59120945240815,ON,RETRACTED,MANUAL
23:54:42.533,-7.54,-25.43,0.00,35.94279052615991,ON,RETRACTED,MANUAL
23:54:42.634,-7.86,-24.69,0.00,35.299723018999714,ON,RETRACTED,MANUAL
23:54:42.735,-8.16,-23.93,0.00,34.66202300758175,ON,RETRACTED,MANUAL
23:54:42.836,-8.44,-23.16,0.00,34.029706434373054,ON,RETRACTED,MANUAL
23:54:42.937,-8.70,-22.39,0.00,33.402789107255074,ON,RETRACTED,MANUAL
23:54:43.038,-8.93,-21.60,0.00,32.78128669912829,ON,RETRACTED,MANUAL
23:54:43.139,-9.15,-20.81,0.00,32.16521474752054,ON,RETRACTED,MANUAL
23:54:43.241,-9.34,-20.01,0.00,31.554588654198568,ON,RETRACTED,MANUAL
23:54:43.340,-9.50,-19.20,0.00,30.949423684782886,ON,RETRACTED,MANUAL
23:54:43.441,-9.65,-18.38,0.00,30.349734968366164,ON,RETRACTED,MANUAL
23:54:43.543,-9.77,-17.55,0.00,29.755537497135123,ON,RETRACTED,MANUAL
23:54:43.644,-9.86,-16.72,0.00,29.166846125995562,ON,RETRACTED,MANUAL
23:54:43.744,-9.93,-15.88,0.00,28.583675572201173,ON,RETRACTED,MANUAL
23:54:43.845,-9.98,-15.04,0.00,28.006040414985364,ON,RETRACTED,MANUAL
23:54:43.946,-10.00,-14.18,0.00,27.43395509519698,ON,RETRACTED,MANUAL
23:54:44.046,-9.99,-13.33,0.00,26.867433914939227,ON,RETRACTED,MANUAL
23:54:44.148,-9.97,-12.47,0.00,26.30649103721214,ON,RETRACTED,MANUAL
23:54:44.248,-9.91,-11.60,0.00,25.75114048555841,ON,RETRACTED,MANUAL
23:54:44.350,-9.83,-10.73,0.00,25.201396143712913,ON,RETRACTED,MANUAL
23:54:44.451,-9.73,-9.85,0.00,24.65727175525555,ON,RETRACTED,MANUAL
23:54:44.550,-9.60,-8.97,0.00,24.118780923267707,ON,RETRACTED,MANUAL
23:54:44.653,-9.45,-8.09,0.00,23.58593710999216,ON,RETRACTED,MANUAL
23:54:44.756,-9.27,-7.20,0.00,23.05875363649642,ON,RETRACTED,MANUAL
23:54:44.858,-9.07,-6.31,0.00,22.53724368233995,ON,RETRACTED,MANUAL
23:54:44.967,-8.85,-5.42,0.00,22.021420285244375,ON,RETRACTED,MANUAL
23:54:45.073,-8.61,-4.52,0.00,21.511296340767785,ON,RETRACTED,MANUAL
23:54:45.177,-8.34,-3.63,0.00,21.00688460198225,ON,RETRACTED,MANUAL
23:54:45.290,-8.06,-2.73,0.00,20.508197679154932,ON,RETRACTED,MANUAL
23:54:45.393,-7.75,-1.83,0.00,20.01524803943292,ON,RETRACTED,MANUAL
23:54:45.495,-7.43,-0.93,0.00,19.52804800653155,ON,RETRACTED,MANUAL
23:54:45.597,-7.08,-0.03,0.00,19.046609760426264,ON,RETRACTED,MANUAL
23:54:45.703,-6.72,0.87,0.00,18.57094533704816,ON,RETRACTED,MANUAL
23:54:45.803,-6.34,1.77,0.00,18.101066627983045,ON,RETRACTED,MANUAL
23:54:45.907,-5.95,2.67,0.00,17.63698538017414,ON,RETRACTED,MANUAL
23:54:46.014,-5.54,3.57,0.00,17.17871319562849,ON,RETRACTED,MANUAL
23:54:46.133,-5.12,4.46,0.00,16.726261531126852,ON,RETRACTED,MANUAL
23:54:46.237,-4.68,5.36,0.00,16.27964169793725,ON,RETRACTED,MANUAL
23:54:46.340,-4.23,6.25,0.00,15.838864861532272,ON,RETRACTED,MANUAL
23:54:46.444,-3.78,7.14,0.00,15.403942041309847,ON,RETRACTED,MANUAL
23:54:46.547,-3.31,8.03,0.00,14.974884110317873,ON,RETRACTED,MANUAL
23:54:46.664,-2.83,8.91,0.00,14.551701794982222,ON,RETRACTED,MANUAL
23:54:46.777,-2.35,9.79,0.00,14.134405674838774,ON,RETRACTED,MANUAL
23:54:46.888,-1.86,10.67,0.00,13.72300618226879,ON,RETRACTED,MANUAL
23:54:46.995,-1.37,11.54,0.00,13.317513602238165,ON,RETRACTED,MANUAL
23:54:47.106,-0.87,12.41,0.00,12.917938072040243,ON,RETRACTED,MANUAL
23:54:47.215,-0.37,13.27,0.00,12.524289581042524,ON,RETRACTED,MANUAL
23:54:47.337,0.13,14.13,0.00,12.136577970436718,ON,RETRACTED,MANUAL
23:54:47.439,0.63,14.98,0.00,11.754812932992962,ON,RETRACTED,MANUAL
23:54:47.540,1.13,15.82,0.00,11.379004012817262,ON,RETRACTED,MANUAL
23:54:47.642,1.62,16.66,0.00,11.009160605113067,ON,RETRACTED,MANUAL
23:54:47.743,2.11,17.50,0.00,10.645291955946306,ON,RETRACTED,MANUAL
23:54:47.855,2.60,18.32,0.00,10.287407162014262,ON,RETRACTED,MANUAL
23:54:47.958,3.08,19.14,0.00,9.935515170418142,ON,RETRACTED,MANUAL
23:54:48.063,3.55,19.95,0.00,9.589624778439372,ON,RETRACTED,MANUAL
23:54:48.166,4.01,20.75,0.00,9.249744633319779,ON,RETRACTED,MANUAL
23:54:48.279,4.47,21.55,0.00,8.915883232045275,ON,RETRACTED,MANUAL
23:54:48.381,4.91,22.33,0.00,8.58804892113352,ON,RETRACTED,MANUAL
23:54:48.481,5.34,23.11,0.00,8.266249896425194,ON,RETRACTED,MANUAL
23:54:48.584,5.75,23.88,0.00,7.950494202879156,ON,RETRACTED,MANUAL
23:54:48.688,6.15,24.64,0.00,7.640789734371282,ON,RETRACTED,MANUAL
23:54:48.811,6.54,25.38,0.00,7.337144233497213,ON,RETRACTED,MANUAL
23:54:48.955,6.91,26.12,0.00,7.03956529137858,ON,RETRACTED,MANUAL
23:54:49.068,7.26,26.85,0.00,6.748060347473455,ON,RETRACTED,MANUAL
23:54:49.170,7.60,27.57,0.00,6.462636689390308,ON,RETRACTED,MANUAL
23:54:49.273,7.91,28.27,0.00,6.1833014527056775,ON,RETRACTED,MANUAL
23:54:49.374,8.21,28.97,0.00,5.910061620785967,ON,RETRACTED,MANUAL
23:54:49.473,8.48,29.65,0.00,5.642924024612682,ON,RETRACTED,MANUAL
23:54:49.574,8.74,30.32,0.00,5.38189534261187,ON,RETRACTED,MANUAL
23:54:49.674,8.97,30.98,0.00,5.126982100486941,ON,RETRACTED,MANUAL
23:54:49.775,9.18,31.63,0.00,4.878190671055734,ON,RETRACTED,MANUAL
23:54:49.879,9.37,32.26,0.00,4.635527274090975,ON,RETRACTED,MANUAL
23:54:49.979,9.53,32.88,0.00,4.398997976164935,ON,RETRACTED,MANUAL
23:54:50.081,9.67,33.49,0.00,4.16860869049782,ON,RETRACTED,MANUAL
23:54:50.182,9.78,34.08,0.00,3.944365176809697,ON,RETRACTED,MANUAL
23:54:50.282,9.88,34.66,0.00,3.7262730411767677,ON,RETRACTED,MANUAL
23:54:50.385,9.94,35.23,0.00,3.5143377358910186,ON,RETRACTED,MANUAL
23:54:50.485,9.98,35.78,0.00,3.308564559324111,ON,RETRACTED,MANUAL
23:54:50.586,10.00,36.32,0.00,3.1089586557946802,ON,RETRACTED,MANUAL
23:54:50.686,9.99,36.85,0.00,2.9155250154399823,ON,RETRACTED,MANUAL
23:54:50.791,9.96,37.36,0.00,2.7282684740908962,ON,RETRACTED,MANUAL
23:54:50.892,9.90,37.85,0.00,2.5471937131512163,ON,RETRACTED,MANUAL
23:54:50.993,9.82,38.33,0.00,2.3723052594805267,ON,RETRACTED,MANUAL
23:54:51.093,9.71,38.79,0.00,2.2036074852810827,ON,RETRACTED,MANUAL
23:54:51.193,9.58,39.24,0.00,2.0411046079884727,ON,RETRACTED,MANUAL
23:54:51.294,9.42,39.67,0.00,1.8848006901661165,ON,RETRACTED,MANUAL
23:54:51.395,9.24,40.09,0.00,1.7346996394038285,ON,RETRACTED,MANUAL
23:54:51.496,9.04,40.49,0.00,1.5908052082200754,ON,RETRACTED,MANUAL
23:54:51.597,8.81,40.88,0.00,1.453120993968156,ON,RETRACTED,MANUAL
23:54:51.698,8.57,41.24,0.00,1.321650438746218,ON,RETRACTED,MANUAL
23:54:51.798,8.30,41.60,0.00,1.1963968293113396,ON,RETRACTED,MANUAL
23:54:51.898,8.01,41.93,0.00,1.077363296997163,ON,RETRACTED,MANUAL
23:54:52.000,7.70,42.25,0.00,0.9645528176358482,ON,RETRACTED,MANUAL
23:54:52.100,7.37,42.55,0.00,0.8579682114835521,ON,RETRACTED,MANUAL
23:54:52.200,7.02,42.83,0.00,0.7576121431497711,ON,RETRACTED,MANUAL
23:54:52.302,6.66,43.10,0.00,0.6634871215310341,ON,RETRACTED,MANUAL
23:54:52.402,6.28,43.35,0.00,0.5755954997479762,ON,RETRACTED,MANUAL
23:54:52.502,5.88,43.58,0.00,0.49393947508661995,ON,RETRACTED,MANUAL
23:54:52.603,5.47,43.80,0.00,0.4185210889432085,ON,RETRACTED,MANUAL
23:54:52.704,5.04,44.00,0.00,0.3493422267735866,ON,RETRACTED,MANUAL
23:54:52.804,4.61,44.18,0.00,0.2864046180456228,ON,RETRACTED,MANUAL
23:54:52.904,4.16,44.34,0.00,0.2297098361963208,ON,RETRACTED,MANUAL
23:54:53.005,3.70,44.48,0.00,0.17925929859225676,ON,RETRACTED,MANUAL
23:54:53.106,3.23,44.61,0.00,0.13505426649422247,ON,RETRACTED,MANUAL
23:54:53.207,2.75,44.72,0.00,0.09709584502567736,ON,RETRACTED,MANUAL
23:54:53.307,2.27,44.81,0.00,0.06538498314526464,ON,RETRACTED,MANUAL
23:54:53.408,1.78,44.89,0.00,0.03992247362285184,ON,RETRACTED,MANUAL
23:54:53.510,1.28,44.94,0.00,0.020708953019834553,ON,RETRACTED,MANUAL
23:54:53.609,0.79,44.98,0.00,0.007744901673248705,ON,RETRACTED,MANUAL
23:54:53.711,0.29,45.00,0.00,0.0010306436836629018,ON,RETRACTED,MANUAL
23:54:53.811,-0.21,45.00,0.00,0.0005663469072203497,ON,RETRACTED,MANUAL
23:54:53.912,-0.71,44.98,0.00,0.006352022951318759,ON,RETRACTED,MANUAL
23:54:54.012,-1.21,44.95,0.00,0.018387527174326124,ON,RETRACTED,MANUAL
23:54:54.113,-1.70,44.89,0.00,0.03667255868927555,ON,RETRACTED,MANUAL
23:54:54.213,-2.19,44.82,0.00,0.06120666037134015,ON,RETRACTED,MANUAL
23:54:54.316,-2.68,44.74,0.00,0.09198921886923017,ON,RETRACTED,MANUAL
23:54:54.417,-3.16,44.63,0.00,0.12901946462062597,ON,RETRACTED,MANUAL
23:54:54.516,-3.63,44.50,0.00,0.1722964718712774,ON,RETRACTED,MANUAL
23:54:54.617,-4.09,44.36,0.00,0.22181915869828117,ON,RETRACTED,MANUAL
23:54:54.717,-4.54,44.20,0.00,0.2775862870370531,ON,RETRACTED,MANUAL
23:54:54.818,-4.98,44.03,0.00,0.33959646271225097,ON,RETRACTED,MANUAL
23:54:54.919,-5.41,43.83,0.00,0.407848135472733,ON,RETRACTED,MANUAL
23:54:55.019,-5.82,43.62,0.00,0.48233959903024015,ON,RETRACTED,MANUAL
23:54:55.120,-6.22,43.39,0.00,0.5630689911020568,ON,RETRACTED,MANUAL
23:54:55.221,-6.60,43.14,0.00,0.6500342934576224,ON,RETRACTED,MANUAL
23:54:55.323,-6.97,42.88,0.00,0.7432333319688098,ON,RETRACTED,MANUAL
23:54:55.423,-7.32,42.59,0.00,0.8426637766646365,ON,RETRACTED,MANUAL
23:54:55.524,-7.65,42.29,0.00,0.948323141789075,ON,RETRACTED,MANUAL
23:54:55.624,-7.96,41.98,0.00,1.060208785863523,ON,RETRACTED,MANUAL
23:54:55.725,-8.26,41.65,0.00,1.178317911752714,ON,RETRACTED,MANUAL
23:54:55.828,-8.53,41.30,0.00,1.302647566734663,ON,RETRACTED,MANUAL
23:54:55.928,-8.78,40.93,0.00,1.4331946425744206,ON,RETRACTED,MANUAL
23:54:56.027,-9.01,40.55,0.00,1.5699558756019485,ON,RETRACTED,MANUAL
23:54:56.130,-9.21,40.15,0.00,1.7129278467935194,ON,RETRACTED,MANUAL
23:54:56.233,-9.40,39.74,0.00,1.8621069818572948,ON,RETRACTED,MANUAL
23:54:56.351,-9.55,39.31,0.00,2.017489551322683,ON,RETRACTED,MANUAL
23:54:56.452,-9.69,38.86,0.00,2.179071670633533,ON,RETRACTED,MANUAL
23:54:56.553,-9.80,38.40,0.00,2.3468493002452533,ON,RETRACTED,MANUAL
23:54:56.654,-9.89,37.92,0.00,2.5208182457259056,ON,RETRACTED,MANUAL
23:54:56.754,-9.95,37.43,0.00,2.7009741578608555,ON,RETRACTED,MANUAL
23:54:56.855,-9.99,36.92,0.00,2.8873125327617117,ON,RETRACTED,MANUAL
23:54:56.955,-10.00,36.40,0.00,3.079828711978763,ON,RETRACTED,MANUAL
23:54:57.056,-9.99,35.86,0.00,3.2785178826175922,ON,RETRACTED,MANUAL
23:54:57.157,-9.95,35.31,0.00,3.4833750774593,ON,RETRACTED,MANUAL
23:54:57.259,-9.89,34.75,0.00,3.694395175084651,ON,RETRACTED,MANUAL
23:54:57.359,-9.80,34.17,0.00,3.911572900002227,ON,RETRACTED,MANUAL
23:54:57.461,-9.69,33.58,0.00,4.1349028227801625,ON,RETRACTED,MANUAL
23:54:57.561,-9.55,32.97,0.00,4.364379360182085,ON,RETRACTED,MANUAL
23:54:57.661,-9.39,32.35,0.00,4.599996775306494,ON,RETRACTED,MANUAL
23:54:57.762,-9.21,31.72,0.00,4.841749177730236,ON,RETRACTED,MANUAL
23:54:57.863,-9.00,31.08,0.00,5.08963052365587,ON,RETRACTED,MANUAL
23:54:57.963,-8.77,30.42,0.00,5.343634616062673,ON,RETRACTED,MANUAL
23:54:58.064,-8.52,29.75,0.00,5.603755104861591,ON,RETRACTED,MANUAL
23:54:58.165,-8.25,29.07,0.00,5.869985487053867,ON,RETRACTED,MANUAL
23:54:58.265,-7.96,28.38,0.00,6.142319106893893,ON,RETRACTED,MANUAL
23:54:58.367,-7.65,27.67,0.00,6.420749156055308,ON,RETRACTED,MANUAL
23:54:58.467,-7.31,26.96,0.00,6.705268673801385,ON,RETRACTED,MANUAL
23:54:58.568,-6.96,26.23,0.00,6.995870547159058,ON,RETRACTED,MANUAL
23:54:58.668,-6.60,25.49,0.00,7.292547511096558,ON,RETRACTED,MANUAL
23:54:58.769,-6.21,24.75,0.00,7.595292148705283,ON,RETRACTED,MANUAL
23:54:58.869,-5.81,23.99,0.00,7.904096891385024,ON,RETRACTED,MANUAL
23:54:58.970,-5.40,23.22,0.00,8.218954019033333,ON,RETRACTED,MANUAL
23:54:59.071,-4.97,22.45,0.00,8.539855660238402,ON,RETRACTED,MANUAL
23:54:59.172,-4.53,21.66,0.00,8.866793792475903,ON,RETRACTED,MANUAL
23:54:59.274,-4.08,20.87,0.00,9.199760242309594,ON,RETRACTED,MANUAL
23:54:59.374,-3.62,20.07,0.00,9.538746685595527,ON,RETRACTED,MANUAL
23:54:59.475,-3.15,19.26,0.00,9.883744647690321,ON,RETRACTED,MANUAL
23:54:59.576,-2.67,18.44,0.00,10.234745503662822,ON,RETRACTED,MANUAL
23:54:59.680,-2.19,17.62,0.00,10.59174047850999,ON,RETRACTED,MANUAL
23:54:59.779,-1.69,16.79,0.00,10.954720647376007,ON,RETRACTED,MANUAL
23:54:59.884,-1.20,15.95,0.00,11.32367693577558,ON,RETRACTED,MANUAL
23:54:59.990,-0.70,15.10,0.00,11.698600119820696,ON,RETRACTED,MANUAL
23:55:00.092,-0.20,14.25,0.00,12.07948082645126,ON,RETRACTED,MANUAL
23:55:00.195,0.30,13.40,0.00,12.466309533669488,ON,RETRACTED,MANUAL
23:55:00.295,0.80,12.53,0.00,12.859076570777802,ON,RETRACTED,MANUAL
23:55:00.396,1.29,11.67,0.00,13.257772118620807,ON,RETRACTED,MANUAL
23:55:00.497,1.79,10.80,0.00,13.662386209830487,ON,RETRACTED,MANUAL
23:55:00.597,2.28,9.92,0.00,14.072908729075692,ON,RETRACTED,MANUAL
23:55:00.698,2.76,9.04,0.00,14.489329413314778,ON,RETRACTED,MANUAL
23:55:00.799,3.24,8.16,0.00,14.911637852052337,ON,RETRACTED,MANUAL
23:55:00.899,3.71,7.27,0.00,15.339823487599432,ON,RETRACTED,MANUAL
23:55:00.999,4.17,6.38,0.00,15.773875615337431,ON,RETRACTED,MANUAL
23:55:01.100,4.62,5.49,0.00,16.2137833839858,ON,RETRACTED,MANUAL
23:55:01.202,5.05,4.59,0.00,16.659535795873182,ON,RETRACTED,MANUAL
23:55:01.301,5.48,3.70,0.00,17.111121707212504,ON,RETRACTED,MANUAL
23:55:01.402,5.89,2.80,0.00,17.568529828379553,ON,RETRACTED,MANUAL
23:55:01.504,6.29,1.90,0.00,18.03174872419507,ON,RETRACTED,MANUAL
23:55:01.604,6.67,1.00,0.00,18.500766814210806,ON,RETRACTED,MANUAL
23:55:01.705,7.03,0.10,0.00,18.975572372998926,ON,RETRACTED,MANUAL
23:55:01.806,7.38,-0.80,0.00,19.45615353044522,ON,RETRACTED,MANUAL
23:55:01.908,7.71,-1.70,0.00,19.942498272045725,ON,RETRACTED,MANUAL
23:55:02.007,8.01,-2.60,0.00,20.434594439207274,ON,RETRACTED,MANUAL
23:55:02.108,8.30,-3.49,0.00,20.93242972955133,ON,RETRACTED,MANUAL
23:55:02.209,8.57,-4.39,0.00,21.43599169722154,ON,RETRACTED,MANUAL
23:55:02.309,8.82,-5.29,0.00,21.94526775319494,ON,RETRACTED,MANUAL
23:55:02.410,9.04,-6.18,0.00,22.46024516559666,ON,RETRACTED,MANUAL
23:55:02.511,9.24,-7.07,0.00,22.9809110600182,ON,RETRACTED,MANUAL
23:55:02.611,9.42,-7.96,0.00,23.507252419839347,ON,RETRACTED,MANUAL
23:55:02.712,9.58,-8.84,0.00,24.039256086553507,ON,RETRACTED,MANUAL
23:55:02.812,9.71,-9.72,0.00,24.5769087600967,ON,RETRACTED,MANUAL
23:55:02.915,9.82,-10.60,0.00,25.12019699918008,ON,RETRACTED,MANUAL
23:55:03.016,9.90,-11.47,0.00,25.669107221626007,ON,RETRACTED,MANUAL
23:55:03.115,9.96,-12.34,0.00,26.2236257047075,ON,RETRACTED,MANUAL
23:55:03.217,9.99,-13.20,0.00,26.783738585491363,ON,RETRACTED,MANUAL
23:55:03.317,10.00,-14.06,0.00,27.349431861184712,ON,RETRACTED,MANUAL
23:55:03.417,9.98,-14.91,0.00,27.92069138948517,ON,RETRACTED,MANUAL
23:55:03.518,9.94,-15.76,0.00,28.497502888934264,ON,RETRACTED,MANUAL
23:55:03.619,9.87,-16.60,0.00,29.079851939274533,ON,RETRACTED,MANUAL
23:55:03.719,9.78,-17.43,0.00,29.66772398181007,ON,RETRACTED,MANUAL
23:55:03.820,9.67,-18.26,0.00,30.261104319770425,ON,RETRACTED,MANUAL
23:55:03.920,9.53,-19.07,0.00,30.859978118678015,ON,RETRACTED,MANUAL
23:55:04.021,9.36,-19.89,0.00,31.464330406719142,ON,RETRACTED,MANUAL
23:55:04.122,9.18,-20.69,0.00,32.07414607511802,ON,RETRACTED,MANUAL
23:55:04.223,8.97,-21.48,0.00,32.68940987851471,ON,RETRACTED,MANUAL
23:55:04.324,8.73,-22.27,0.00,33.31010643534614,ON,RETRACTED,MANUAL
23:55:04.424,8.48,-23.05,0.00,33.93622022823081,ON,RETRACTED,MANUAL
23:55:04.526,8.20,-23.82,0.00,34.56773560435644,ON,RETRACTED,MANUAL
23:55:04.626,7.91,-24.58,0.00,35.204636775871506,ON,RETRACTED,MANUAL
23:55:04.727,7.59,-25.32,0.00,35.84690782027997,ON,RETRACTED,MANUAL
23:55:04.827,7.26,-26.06,0.00,36.494532680839086,ON,RETRACTED,MANUAL
23:55:04.928,6.90,-26.79,0.00,37.14749516696108,ON,RETRACTED,MANUAL
23:55:05.028,6.53,-27.51,0.00,37.805778954617836,ON,RETRACTED,MANUAL
23:55:05.129,6.15,-28.22,0.00,38.46936758674897,ON,RETRACTED,MANUAL
23:55:05.230,5.74,-28.91,0.00,39.13824447367324,ON,RETRACTED,MANUAL
23:55:05.345,5.33,-29.60,0.00,39.812392893503215,ON,RETRACTED,MANUAL
23:55:05.446,4.90,-30.27,0.00,40.491795992563624,ON,RETRACTED,MANUAL
23:55:05.547,4.46,-30.93,0.00,41.176436785812314,ON,RETRACTED,MANUAL
23:55:05.647,4.00,-31.57,0.00,41.86629815726516,ON,RETRACTED,MANUAL
23:55:05.747,3.54,-32.21,0.00,42.56136286042374,ON,RETRACTED,MANUAL
23:55:05.853,3.07,-32.83,0.00,43.26161351870675,ON,RETRACTED,MANUAL
23:55:05.954,2.59,-33.44,0.00,43.967032625884144,ON,RETRACTED,MANUAL
23:55:06.057,2.10,-34.04,0.00,44.677602546515004,ON,RETRACTED,MANUAL
23:55:06.158,1.61,-34.62,0.00,45.39330551638835,ON,RETRACTED,MANUAL
23:55:06.260,1.12,-35.19,0.00,46.11412364296717,ON,RETRACTED,MANUAL
23:55:06.361,0.62,-35.74,0.00,46.840038905835854,ON,RETRACTED,MANUAL
23:55:06.462,0.12,-36.28,0.00,47.57103315715068,ON,RETRACTED,MANUAL
23:55:06.562,-0.38,-36.80,0.00,48.30708812209335,ON,RETRACTED,MANUAL
23:55:06.663,-0.88,-37.32,0.00,49.04818539932816,ON,RETRACTED,MANUAL
23:55:06.763,-1.38,-37.81,0.00,49.7943064614617,ON,RETRACTED,MANUAL
23:55:06.865,-1.87,-38.29,0.00,50.545432655506374,ON,RETRACTED,MANUAL
23:55:06.965,-2.36,-38.76,0.00,51.30154520334639,ON,RETRACTED,MANUAL
23:55:07.067,-2.84,-39.21,0.00,52.06262520220744,ON,RETRACTED,MANUAL
23:55:07.167,-3.32,-39.64,0.00,52.82865362512919,ON,RETRACTED,MANUAL
23:55:07.269,-3.78,-40.06,0.00,53.59961132144099,ON,RETRACTED,MANUAL
23:55:07.370,-4.24,-40.46,0.00,54.37547901724054,ON,RETRACTED,MANUAL
23:55:07.471,-4.69,-40.85,0.00,55.1562373158759,ON,RETRACTED,MANUAL
23:55:07.572,-5.13,-41.22,0.00,55.94186669843026,ON,RETRACTED,MANUAL
23:55:07.672,-5.55,-41.57,0.00,56.73234752420993,ON,RETRACTED,MANUAL
23:55:07.773,-5.96,-41.90,0.00,57.527660031235484,ON,RETRACTED,MANUAL
23:55:07.876,-6.35,-42.22,0.00,58.327784336735675,ON,RETRACTED,MANUAL
23:55:07.977,-6.73,-42.53,0.00,59.1327004376445,ON,RETRACTED,MANUAL
23:55:08.079,-7.09,-42.81,0.00,59.94238821110139,ON,RETRACTED,MANUAL
23:55:08.190,-7.43,-43.08,0.00,60.75682741495416,ON,RETRACTED,MANUAL
23:55:08.290,-7.76,-43.33,0.00,61.57599768826515,ON,RETRACTED,MANUAL
23:55:08.391,-8.06,-43.57,0.00,62.399878551820194,ON,RETRACTED,MANUAL
23:55:08.494,-8.35,-43.78,0.00,63.22844940864056,ON,RETRACTED,MANUAL
23:55:08.596,-8.61,-43.98,0.00,64.06168954449805,ON,RETRACTED,MANUAL
23:55:08.695,-8.86,-44.16,0.00,64.89957812843264,ON,RETRACTED,MANUAL
23:55:08.796,-9.08,-44.33,0.00,65.74209421327336,ON,RETRACTED,MANUAL
23:55:08.897,-9.28,-44.47,0.00,66.58921673616203,ON,RETRACTED,MANUAL
23:55:08.997,-9.45,-44.60,0.00,67.4409245190796,ON,RETRACTED,MANUAL
23:55:09.099,-9.60,-44.71,0.00,68.29719626937592,ON,RETRACTED,MANUAL
23:55:09.206,-9.73,-44.81,0.00,69.1580105803018,ON,RETRACTED,MANUAL
23:55:09.310,-9.83,-44.88,0.00,70.02334593154436,ON,RETRACTED,MANUAL
23:55:09.422,-9.91,-44.94,0.00,70.89318068976479,ON,RETRACTED,MANUAL
23:55:09.523,-9.97,-44.98,0.00,71.76749310913954,ON,RETRACTED,MANUAL
23:55:09.626,-9.99,-45.00,0.00,72.64626133190362,ON,RETRACTED,MANUAL
23:55:09.736,-10.00,-45.00,0.00,73.5294633888972,ON,RETRACTED,MANUAL
23:55:09.838,-9.98,-44.98,0.00,74.41707720011493,ON,RETRACTED,MANUAL
23:55:09.953,-9.93,-44.95,0.00,75.30908057525767,ON,RETRACTED,MANUAL
23:55:10.059,-9.86,-44.90,0.00,76.20545121428756,ON,RETRACTED,MANUAL
23:55:10.254,-9.76,-44.83,0.00,77.1061667079853,ON,RETRACTED,MANUAL
23:55:10.373,-9.64,-44.74,0.00,78.01120453851044,ON,RETRACTED,MANUAL
23:55:10.513,-9.50,-44.64,0.00,78.92054207996435,ON,RETRACTED,MANUAL
23:55:10.623,-9.33,-44.52,0.00,79.8341565989559,ON,RETRACTED,MANUAL
23:55:10.725,-9.14,-44.37,0.00,80.75202525516963,ON,RETRACTED,MANUAL
23:55:10.825,-8.93,-44.22,0.00,81.67412510193702,ON,RETRACTED,MANUAL
23:55:10.931,-8.69,-44.04,0.00,82.60043308680989,ON,RETRACTED,MANUAL
23:55:11.033,-8.43,-43.85,0.00,83.53092605213686,ON,RETRACTED,MANUAL
23:55:11.137,-8.15,-43.64,0.00,84.46558073564225,ON,RETRACTED,MANUAL
23:55:11.239,-7.85,-43.41,0.00,85.40437377100767,ON,RETRACTED,MANUAL
23:55:11.340,-7.54,-43.16,0.00,86.34728168845612,ON,RETRACTED,MANUAL
23:55:11.441,-7.20,-42.90,0.00,87.29428091533882,ON,RETRACTED,MANUAL
23:55:11.542,-6.84,-42.62,0.00,88.24534777672432,ON,RETRACTED,MANUAL
23:55:11.642,-6.47,-42.32,0.00,89.20045849599072,ON,RETRACTED,MANUAL
23:55:11.748,-6.08,-42.00,0.00,90.15958919541973,ON,RETRACTED,MANUAL
23:55:11.851,-5.68,-41.67,0.00,91.12271589679384,ON,RETRACTED,MANUAL
23:55:11.956,-5.26,-41.33,0.00,92.08981452199563,ON,RETRACTED,MANUAL
23:55:12.058,-4.82,-40.96,0.00,93.06086089360994,ON,RETRACTED,MANUAL
23:55:12.160,-4.38,-40.58,0.00,94.03583073552795,ON,RETRACTED,MANUAL
23:55:12.259,-3.93,-40.18,0.00,95.01469967355445,ON,RETRACTED,MANUAL
23:55:12.361,-3.46,-39.77,0.00,95.99744323601698,ON,RETRACTED,MANUAL
23:55:12.461,-2.99,-39.34,0.00,96.98403685437762,ON,RETRACTED,MANUAL
23:55:12.563,-2.51,-38.90,0.00,97.97445586384734,ON,RETRACTED,MANUAL
23:55:12.663,-2.02,-38.44,0.00,98.96867550400245,ON,RETRACTED,MANUAL
23:55:12.765,-1.53,-37.96,0.00,99.96667091940375,ON,RETRACTED,MANUAL
23:55:12.884,-1.03,-37.47,0.00,100.96841716021783,ON,RETRACTED,MANUAL
23:55:12.985,-0.53,-36.96,0.00,101.97388918284085,ON,RETRACTED,MANUAL
23:55:13.087,-0.03,-36.44,0.00,102.98306185052459,ON,RETRACTED,MANUAL
23:55:13.187,0.46,-35.91,0.00,103.99590993400491,ON,RETRACTED,MANUAL
23:55:13.291,0.96,-35.36,0.00,105.01240811213256,ON,RETRACTED,MANUAL
23:55:13.392,1.46,-34.79,0.00,106.03253097250592,ON,RETRACTED,MANUAL
23:55:13.495,1.95,-34.22,0.00,107.05625301210671,ON,RETRACTED,MANUAL
23:55:13.595,2.44,-33.63,0.00,108.08354863793718,ON,RETRACTED,MANUAL
23:55:13.698,2.92,-33.02,0.00,109.11439216766018,ON,RETRACTED,MANUAL
23:55:13.799,3.40,-32.40,0.00,110.14875783024124,ON,RETRACTED,MANUAL
23:55:13.900,3.86,-31.77,0.00,111.18661976659263,ON,RETRACTED,MANUAL
23:55:14.001,4.32,-31.13,0.00,112.22795203022002,ON,RETRACTED,MANUAL
23:55:14.102,4.76,-30.47,0.00,113.27272858787097,ON,RETRACTED,MANUAL
23:55:14.201,5.20,-29.80,0.00,114.32092332018604,ON,RETRACTED,MANUAL
23:55:14.302,5.62,-29.12,0.00,115.37251002235146,ON,RETRACTED,MANUAL
23:55:14.404,6.02,-28.43,0.00,116.4274624047545,ON,RETRACTED,MANUAL
23:55:14.504,6.42,-27.73,0.00,117.48575409364051,ON,RETRACTED,MANUAL
23:55:14.605,6.79,-27.01,0.00,118.54735863177237,ON,RETRACTED,MANUAL
23:55:14.708,7.15,-26.29,0.00,119.61224947909199,ON,RETRACTED,MANUAL
23:55:14.807,7.49,-25.55,0.00,120.68040001338358,ON,RETRACTED,MANUAL
23:55:14.909,7.81,-24.81,0.00,121.75178353093943,ON,RETRACTED,MANUAL
23:55:15.010,8.11,-24.05,0.00,122.82637324722742,ON,RETRACTED,MANUAL
23:55:15.110,8.40,-23.29,0.00,123.90414229756061,ON,RETRACTED,MANUAL
23:55:15.211,8.66,-22.51,0.00,124.98506373776885,ON,RETRACTED,MANUAL
23:55:15.310,8.90,-21.73,0.00,126.06911054487247,ON,RETRACTED,MANUAL
23:55:15.413,9.11,-20.93,0.00,127.15625561775774,ON,RETRACTED,MANUAL
23:55:15.513,9.31,-20.13,0.00,128.24647177785442,ON,RETRACTED,MANUAL
23:55:15.613,9.48,-19.32,0.00,129.33973176981533,ON,RETRACTED,MANUAL
23:55:15.715,9.63,-18.51,0.00,130.43600826219765,ON,RETRACTED,MANUAL
23:55:15.816,9.75,-17.68,0.00,131.5352738481461,ON,RETRACTED,MANUAL
23:55:15.916,9.85,-16.85,0.00,132.63750104607828,ON,RETRACTED,MANUAL
23:55:16.017,9.92,-16.02,0.00,133.7426623003717,ON,RETRACTED,MANUAL
23:55:16.117,9.97,-15.17,0.00,134.85072998205254,ON,RETRACTED,MANUAL
23:55:16.218,10.00,-14.32,0.00,135.96167638948648,ON,RETRACTED,MANUAL
23:55:16.319,10.00,-13.46,0.00,137.0754737490712,ON,RETRACTED,MANUAL
23:55:16.422,9.97,-12.60,0.00,138.19209421593067,ON,RETRACTED,MANUAL
23:55:16.522,9.92,-11.74,0.00,139.31150987461143,ON,RETRACTED,MANUAL
23:55:16.624,9.85,-10.87,0.00,140.4336927397803,ON,RETRACTED,MANUAL
23:55:16.726,9.75,-9.99,0.00,141.55861475692407,ON,RETRACTED,MANUAL
23:55:16.826,9.62,-9.11,0.00,142.68624780305095,ON,RETRACTED,MANUAL
23:55:16.926,9.47,-8.23,0.00,143.8165636873935,ON,RETRACTED,MANUAL
23:55:17.027,9.30,-7.34,0.00,144.9495341521135,ON,RETRACTED,MANUAL
23:55:17.128,9.11,-6.45,0.00,146.08513087300827,ON,RETRACTED,MANUAL
23:55:17.233,8.89,-5.56,0.00,147.22332546021903,ON,RETRACTED,MANUAL
23:55:17.330,8.65,-4.67,0.00,148.3640894589403,ON,RETRACTED,MANUAL
23:55:17.430,8.39,-3.77,0.00,149.50739435013156,ON,RETRACTED,MANUAL
23:55:17.531,8.11,-2.87,0.00,150.65321155123007,ON,RETRACTED,MANUAL
23:55:17.632,7.80,-1.97,0.00,151.80151241686553,ON,RETRACTED,MANUAL
23:55:17.733,7.48,-1.07,0.00,152.95226823957603,ON,RETRACTED,MANUAL
23:55:17.833,7.14,-0.17,0.00,154.10545025052596,ON,RETRACTED,MANUAL
23:55:17.934,6.78,0.73,0.00,155.26102962022514,ON,RETRACTED,MANUAL
23:55:18.034,6.40,1.63,0.00,156.4189774592495,ON,RETRACTED,MANUAL
23:55:18.136,6.01,2.52,0.00,157.57926481896334,ON,RETRACTED,MANUAL
23:55:18.237,5.61,3.42,0.00,158.74186269224313,ON,RETRACTED,MANUAL
23:55:18.340,5.18,4.32,0.00,159.90674201420262,ON,RETRACTED,MANUAL
23:55:18.439,4.75,5.21,0.00,161.07387366291937,ON,RETRACTED,MANUAL
23:55:18.542,4.31,6.11,0.00,162.24322846016298,ON,RETRACTED,MANUAL
23:55:18.642,3.85,7.00,0.00,163.4147771721244,ON,RETRACTED,MANUAL
23:55:18.745,3.38,7.88,0.00,164.5884905101469,ON,RETRACTED,MANUAL
23:55:18.844,2.91,8.77,0.00,165.76433913145812,ON,RETRACTED,MANUAL
23:55:18.945,2.43,9.65,0.00,166.9422936399038,ON,RETRACTED,MANUAL
23:55:19.046,1.94,10.53,0.00,168.1223245866825,ON,RETRACTED,MANUAL
23:55:19.147,1.45,11.40,0.00,169.30440247108214,ON,RETRACTED,MANUAL
23:55:19.248,0.95,12.27,0.00,170.4884977412171,ON,RETRACTED,MANUAL
23:55:19.348,0.45,13.13,0.00,171.67458079476728,ON,RETRACTED,MANUAL
23:55:19.449,-0.05,13.99,0.00,172.8626219797181,ON,RETRACTED,MANUAL
23:55:19.551,-0.55,14.84,0.00,174.05259159510192,ON,RETRACTED,MANUAL
23:55:19.652,-1.05,15.69,0.00,175.24445989174026,ON,RETRACTED,MANUAL
23:55:19.754,-1.54,16.53,0.00,176.43819707298778,ON,RETRACTED,MANUAL
23:55:19.854,-2.03,17.36,0.00,177.6337732954771,ON,RETRACTED,MANUAL
23:55:19.958,-2.52,18.19,0.00,178.831158669865,ON,RETRACTED,MANUAL
23:55:20.072,-3.00,19.01,0.00,180.03032326157944,ON,RETRACTED,MANUAL
23:55:20.171,-3.48,19.82,0.00,181.23123709156806,ON,RETRACTED,MANUAL
23:55:20.272,-3.94,20.63,0.00,182.4338701370477,ON,RETRACTED,MANUAL
23:55:20.373,-4.39,21.42,0.00,183.63819233225485,ON,RETRACTED,MANUAL
23:55:20.476,-4.84,22.21,0.00,184.84417356919732,ON,RETRACTED,MANUAL
23:55:20.583,-5.27,22.99,0.00,186.05178369840706,ON,RETRACTED,MANUAL
23:55:20.690,-5.69,23.76,0.00,187.26099252969374,ON,RETRACTED,MANUAL
23:55:20.790,-6.09,24.52,0.00,188.47176983289944,ON,RETRACTED,MANUAL
23:55:20.893,-6.48,25.26,0.00,189.68408533865477,ON,RETRACTED,MANUAL
23:55:20.992,-6.85,26.00,0.00,190.89790873913518,ON,RETRACTED,MANUAL
23:55:21.092,-7.21,26.73,0.00,192.11320968881884,ON,RETRACTED,MANUAL
23:55:21.210,-7.55,27.45,0.00,193.32995780524539,ON,RETRACTED,MANUAL
23:55:21.323,-7.86,28.16,0.00,194.5481226697752,ON,RETRACTED,MANUAL
23:55:21.431,-8.16,28.86,0.00,195.76767382835018,ON,RETRACTED,MANUAL
23:55:21.531,-8.44,29.54,0.00,196.98858079225482,ON,RETRACTED,MANUAL
23:55:21.632,-8.70,30.21,0.00,198.21081303887868,ON,RETRACTED,MANUAL
23:55:21.732,-8.93,30.87,0.00,199.4343400124792,ON,RETRACTED,MANUAL
23:55:21.833,-9.15,31.52,0.00,200.65913112494576,ON,RETRACTED,MANUAL
23:55:21.934,-9.34,32.16,0.00,201.8851557565644,ON,RETRACTED,MANUAL
23:55:22.035,-9.51,32.78,0.00,203.11238325678312,ON,RETRACTED,MANUAL
23:55:22.136,-9.65,33.39,0.00,204.34078294497834,ON,RETRACTED,MANUAL
23:55:22.237,-9.77,33.99,0.00,205.57032411122185,ON,RETRACTED,MANUAL
23:55:22.338,-9.86,34.57,0.00,206.80097601704858,ON,RETRACTED,MANUAL
23:55:22.438,-9.93,35.14,0.00,208.0327078962249,ON,RETRACTED,MANUAL
23:55:22.539,-9.98,35.70,0.00,209.265488955518,ON,RETRACTED,MANUAL
23:55:22.640,-10.00,36.24,0.00,210.49928837546565,ON,RETRACTED,MANUAL
23:55:22.741,-9.99,36.76,0.00,211.7340753111466,ON,RETRACTED,MANUAL
23:55:22.843,-9.96,37.27,0.00,212.9698188929517,ON,RETRACTED,MANUAL
23:55:22.943,-9.91,37.77,0.00,214.2064882273559,ON,RETRACTED,MANUAL
23:55:23.044,-9.83,38.25,0.00,215.44405239769011,ON,RETRACTED,MANUAL
23:55:23.145,-9.73,38.72,0.00,216.6824804649146,ON,RETRACTED,MANUAL
23:55:23.246,-9.60,39.17,0.00,217.92174146839218,ON,RETRACTED,MANUAL
23:55:23.346,-9.45,39.61,0.00,219.16180442666231,ON,RETRACTED,MANUAL
23:55:23.447,-9.27,40.02,0.00,220.40263833821564,ON,RETRACTED,MANUAL
23:55:23.548,-9.07,40.43,0.00,221.64421218226897,ON,RETRACTED,MANUAL
23:55:23.650,-8.85,40.82,0.00,222.88649491954087,ON,RETRACTED,MANUAL
23:55:23.752,-8.61,41.19,0.00,224.12945549302762,ON,RETRACTED,MANUAL
23:55:23.855,-8.34,41.54,0.00,225.3730628287796,ON,RETRACTED,MANUAL
23:55:23.957,-8.06,41.88,0.00,226.61728583667826,ON,RETRACTED,MANUAL
23:55:24.057,-7.75,42.20,0.00,227.86209341121312,ON,RETRACTED,MANUAL
23:55:24.158,-7.42,42.50,0.00,229.1074544322597,ON,RETRACTED,MANUAL
23:55:24.259,-7.08,42.79,0.00,230.3533377658573,ON,RETRACTED,MANUAL
23:55:24.359,-6.72,43.06,0.00,231.5997122649875,ON,RETRACTED,MANUAL
23:55:24.460,-6.34,43.31,0.00,232.84654677035272,ON,RETRACTED,MANUAL
23:55:24.561,-5.95,43.55,0.00,234.09381011115528,ON,RETRACTED,MANUAL
23:55:24.662,-5.54,43.77,0.00,235.3414711058766,ON,RETRACTED,MANUAL
23:55:24.763,-5.11,43.97,0.00,236.58949856305682,ON,RETRACTED,MANUAL
23:55:24.865,-4.68,44.15,0.00,237.8378612820745,ON,RETRACTED,MANUAL
23:55:24.965,-4.23,44.32,0.00,239.08652805392668,ON,RETRACTED,MANUAL
23:55:25.067,-3.77,44.46,0.00,240.3354676620091,ON,RETRACTED,MANUAL
23:55:25.169,-3.30,44.59,0.00,241.58464888289663,ON,RETRACTED,MANUAL
23:55:25.273,-2.83,44.70,0.00,242.83404048712376,ON,RETRACTED,MANUAL
23:55:25.379,-2.34,44.80,0.00,244.0836112399655,ON,RETRACTED,MANUAL
23:55:25.481,-1.86,44.87,0.00,245.33332990221808,ON,RETRACTED,MANUAL
23:55:25.592,-1.36,44.93,0.00,246.58316523098006,ON,RETRACTED,MANUAL
23:55:25.693,-0.87,44.97,0.00,247.8330859804333,ON,RETRACTED,MANUAL
23:55:25.792,-0.37,45.00,0.00,249.0830609026242,ON,RETRACTED,MANUAL
23:55:25.894,0.13,45.00,0.00,250.33305874824475,ON,RETRACTED,MANUAL
23:55:25.994,0.63,44.99,0.00,251.58304826741394,ON,RETRACTED,MANUAL
23:55:26.096,1.13,44.95,0.00,252.8329982104589,ON,RETRACTED,MANUAL
23:55:26.198,1.63,44.90,0.00,254.08287732869616,ON,RETRACTED,MANUAL
23:55:26.300,2.12,44.84,0.00,255.33265437521283,ON,RETRACTED,MANUAL
23:55:26.400,2.60,44.75,0.00,256.58229810564785,ON,RETRACTED,MANUAL
23:55:26.503,3.08,44.65,0.00,257.8317772789731,ON,RETRACTED,MANUAL
23:55:26.605,3.55,44.53,0.00,259.0810606582743,ON,RETRACTED,MANUAL
23:55:26.706,4.02,44.39,0.00,260.3301170115319,ON,RETRACTED,MANUAL
23:55:26.806,4.47,44.23,0.00,261.57891511240234,ON,RETRACTED,MANUAL
23:55:26.908,4.91,44.05,0.00,262.82742374099803,ON,RETRACTED,MANUAL
23:55:27.008,5.34,43.86,0.00,264.0756116846683,ON,RETRACTED,MANUAL
23:55:27.109,5.76,43.65,0.00,265.32344773877946,ON,RETRACTED,MANUAL
23:55:27.210,6.16,43.43,0.00,266.57090070749535,ON,RETRACTED,MANUAL
23:55:27.311,6.54,43.18,0.00,267.81793940455657,ON,RETRACTED,MANUAL
23:55:27.413,6.91,42.92,0.00,269.0645326540607,ON,RETRACTED,MANUAL
23:55:27.516,7.27,42.64,0.00,270.3106492912415,ON,RETRACTED,MANUAL
23:55:27.617,7.60,42.34,0.00,271.5562581632478,ON,RETRACTED,MANUAL
23:55:27.717,7.92,42.03,0.00,272.8013281299227,ON,RETRACTED,MANUAL
23:55:27.819,8.21,41.70,0.00,274.04582806458194,ON,RETRACTED,MANUAL
23:55:27.919,8.49,41.35,0.00,275.289726854792,ON,RETRACTED,MANUAL
23:55:28.019,8.74,40.99,0.00,276.5329934031478,ON,RETRACTED,MANUAL
23:55:28.120,8.97,40.61,0.00,277.7755966280505,ON,RETRACTED,MANUAL
23:55:28.221,9.18,40.22,0.00,279.01750546448415,ON,RETRACTED,MANUAL
23:55:28.322,9.37,39.80,0.00,280.2586888647925,ON,RETRACTED,MANUAL
23:55:28.424,9.53,39.38,0.00,281.4991157994552,ON,RETRACTED,MANUAL
23:55:28.525,9.67,38.93,0.00,282.7387552578635,ON,RETRACTED,MANUAL
23:55:28.625,9.79,38.47,0.00,283.9775762490955,ON,RETRACTED,MANUAL
23:55:28.726,9.88,38.00,0.00,285.21554780269093,ON,RETRACTED,MANUAL
23:55:28.829,9.94,37.51,0.00,286.4526389694254,ON,RETRACTED,MANUAL
23:55:28.928,9.98,37.00,0.00,287.6888188220843,ON,RETRACTED,MANUAL
23:55:29.030,10.00,36.48,0.00,288.9240564562355,ON,RETRACTED,MANUAL
23:55:29.131,9.99,35.95,0.00,290.15832099100265,ON,RETRACTED,MANUAL
23:55:29.232,9.96,35.40,0.00,291.3915815698366,ON,RETRACTED,MANUAL
23:55:29.333,9.90,34.84,0.00,292.6238073612871,ON,RETRACTED,MANUAL
23:55:29.434,9.82,34.26,0.00,293.85496755977357,ON,RETRACTED,MANUAL
23:55:29.535,9.71,33.67,0.00,295.0850313863551,ON,RETRACTED,MANUAL
23:55:29.636,9.58,33.07,0.00,296.31396808950024,ON,RETRACTED,MANUAL
23:55:29.736,9.42,32.45,0.00,297.5417469458553,ON,RETRACTED,MANUAL
23:55:29.839,9.24,31.82,0.00,298.76833726101285,ON,RETRACTED,MANUAL
23:55:29.940,9.04,31.18,0.00,299.9937083702789,ON,RETRACTED,MANUAL
23:55:30.046,8.81,30.52,0.00,301.2178296394395,ON,RETRACTED,MANUAL
23:55:30.150,8.56,29.86,0.00,302.44067046552675,ON,RETRACTED,MANUAL
23:55:30.251,8.30,29.18,0.00,303.66220027758357,ON,RETRACTED,MANUAL
23:55:30.354,8.01,28.49,0.00,304.8823885374284,ON,RETRACTED,MANUAL
23:55:30.455,7.70,27.78,0.00,306.10120474041827,ON,RETRACTED,MANUAL
23:55:30.557,7.37,27.07,0.00,307.31861841621156,ON,RETRACTED,MANUAL
23:55:30.661,7.02,26.35,0.00,308.5345991295298,ON,RETRACTED,MANUAL
23:55:30.764,6.66,25.61,0.00,309.7491164809185,ON,RETRACTED,MANUAL
23:55:30.867,6.27,24.87,0.00,310.962140107507,ON,RETRACTED,MANUAL
23:55:30.968,5.88,24.11,0.00,312.17363968376804,ON,RETRACTED,MANUAL
23:55:31.069,5.47,23.35,0.00,313.3835849222752,ON,RETRACTED,MANUAL
23:55:31.173,5.04,22.57,0.00,314.59194557446045,ON,RETRACTED,MANUAL
23:55:31.274,4.60,21.79,0.00,315.79869143137057,ON,RETRACTED,MANUAL
23:55:31.374,4.15,21.00,0.00,317.00379232442185,ON,RETRACTED,MANUAL
23:55:31.477,3.69,20.20,0.00,318.2072181261549,ON,RETRACTED,MANUAL
23:55:31.579,3.22,19.39,0.00,319.40893875098715,ON,RETRACTED,MANUAL
23:55:31.685,2.75,18.57,0.00,320.6089241559657,ON,RETRACTED,MANUAL
23:55:31.787,2.26,17.75,0.00,321.807144341518,ON,RETRACTED,MANUAL
23:55:31.888,1.77,16.92,0.00,323.00356935220157,ON,RETRACTED,MANUAL
23:55:31.996,1.28,16.08,0.00,324.1981692774537,ON,RETRACTED,MANUAL
23:55:32.098,0.78,15.24,0.00,325.39091425233835,ON,RETRACTED,MANUAL
23:55:32.203,0.28,14.39,0.00,326.5817744582933,ON,RETRACTED,MANUAL
23:55:32.306,-0.22,13.53,0.00,327.77072012387544,ON,RETRACTED,MANUAL
23:55:32.419,-0.72,12.67,0.00,328.957721525505,ON,RETRACTED,MANUAL
23:55:32.536,-1.21,11.81,0.00,330.1427489882089,ON,RETRACTED,MANUAL
23:55:32.649,-1.71,10.94,0.00,331.32577288636213,ON,RETRACTED,MANUAL
23:55:32.764,-2.20,10.06,0.00,332.50676364442893,ON,RETRACTED,MANUAL
23:55:32.867,-2.68,9.18,0.00,333.6856917377018,ON,RETRACTED,MANUAL
23:55:32.967,-3.16,8.30,0.00,334.8625276930399,ON,RETRACTED,MANUAL
23:55:33.069,-3.63,7.41,0.00,336.03724208960557,ON,RETRACTED,MANUAL
23:55:33.178,-4.09,6.52,0.00,337.20980555960017,ON,RETRACTED,MANUAL
23:55:33.281,-4.54,5.63,0.00,338.38018878899794,ON,RETRACTED,MANUAL
23:55:33.382,-4.98,4.74,0.00,339.5483625182791,ON,RETRACTED,MANUAL
23:55:33.485,-5.41,3.84,0.00,340.71429754316125,ON,RETRACTED,MANUAL
23:55:33.587,-5.82,2.94,0.00,341.87796471532954,ON,RETRACTED,MANUAL
23:55:33.688,-6.22,2.05,0.00,343.0393349431653,ON,RETRACTED,MANUAL
23:55:33.789,-6.61,1.15,0.00,344.1983791924732,ON,RETRACTED,MANUAL
23:55:33.891,-6.97,0.25,0.00,345.3550684872075,ON,RETRACTED,MANUAL
23:55:33.991,-7.32,-0.65,0.00,346.5093739101961,ON,RETRACTED,MANUAL
23:55:34.095,-7.65,-1.55,0.00,347.6612666038634,ON,RETRACTED,MANUAL
23:55:34.195,-7.97,-2.45,0.00,348.8107177709521,ON,RETRACTED,MANUAL
23:55:34.296,-8.26,-3.35,0.00,349.95769867524297,ON,RETRACTED,MANUAL
23:55:34.397,-8.53,-4.25,0.00,351.1021806422731,ON,RETRACTED,MANUAL
23:55:34.499,-8.78,-5.14,0.00,352.2441350600529,ON,RETRACTED,MANUAL
23:55:34.600,-9.01,-6.04,0.00,353.3835333797814,ON,RETRACTED,MANUAL
23:55:34.700,-9.21,-6.93,0.00,354.52034711655995,ON,RETRACTED,MANUAL
23:55:34.801,-9.40,-7.81,0.00,355.6545478501044,ON,RETRACTED,MANUAL
23:55:34.902,-9.56,-8.70,0.00,356.7861072254554,ON,RETRACTED,MANUAL
23:55:35.003,-9.69,-9.58,0.00,357.91499695368753,ON,RETRACTED,MANUAL
23:55:35.103,-9.80,-10.46,0.00,359.0411888126164,ON,RETRACTED,MANUAL
23:55:35.205,-9.89,-11.33,0.00,360.1646546475042,ON,RETRACTED,MANUAL
23:55:35.314,-9.95,-12.20,0.00,361.28536637176353,ON,RETRACTED,MANUAL
23:55:35.424,-9.99,-13.06,0.00,362.40329596765974,ON,RETRACTED,MANUAL
23:55:35.534,-10.00,-13.92,0.00,363.51841548701105,ON,RETRACTED,MANUAL
23:55:35.635,-9.99,-14.77,0.00,364.6306970518876,ON,RETRACTED,MANUAL
23:55:35.736,-9.95,-15.62,0.00,365.7401128553082,ON,RETRACTED,MANUAL
23:55:35.838,-9.89,-16.46,0.00,366.8466351619356,ON,RETRACTED,MANUAL
23:55:35.939,-9.80,-17.30,0.00,367.9502363087696,ON,RETRACTED,MANUAL
23:55:36.044,-9.69,-18.12,0.00,369.0508887058392,ON,RETRACTED,MANUAL
23:55:36.146,-9.55,-18.94,0.00,370.14856483689175,ON,RETRACTED,MANUAL
23:55:36.249,-9.39,-19.76,0.00,371.24323726008106,ON,RETRACTED,MANUAL
23:55:36.352,-9.21,-20.56,0.00,372.33487860865364,ON,RETRACTED,MANUAL
23:55:36.455,-9.00,-21.36,0.00,373.42346159163264,ON,RETRACTED,MANUAL
23:55:36.560,-8.77,-22.15,0.00,374.5089589945001,ON,RETRACTED,MANUAL
23:55:36.665,-8.52,-22.92,0.00,375.5913436798776,ON,RETRACTED,MANUAL
23:55:36.777,-8.25,-23.69,0.00,376.6705885882043,ON,RETRACTED,MANUAL
23:55:36.895,-7.96,-24.45,0.00,377.74666673841364,ON,RETRACTED,MANUAL
23:55:37.066,-7.64,-25.21,0.00,378.81955122860813,ON,RETRACTED,MANUAL
23:55:37.332,-7.31,-25.95,0.00,379.88921523673116,ON,RETRACTED,MANUAL
23:55:37.430,-6.96,-26.68,0.00,380.95563202123833,ON,RETRACTED,MANUAL
23:55:37.532,-6.59,-27.40,0.00,382.0187749217656,ON,RETRACTED,MANUAL
23:55:37.631,-6.21,-28.10,0.00,383.0786173597959,ON,RETRACTED,MANUAL
23:55:37.732,-5.81,-28.80,0.00,384.1351328393232,ON,RETRACTED,MANUAL
23:55:37.833,-5.40,-29.49,0.00,385.18829494751583,ON,RETRACTED,MANUAL
23:55:37.933,-4.97,-30.16,0.00,386.2380773553758,ON,RETRACTED,MANUAL
23:55:38.034,-4.53,-30.82,0.00,387.28445381839765,ON,RETRACTED,MANUAL
23:55:38.134,-4.08,-31.47,0.00,388.32739817722427,ON,RETRACTED,MANUAL
23:55:38.237,-3.61,-32.11,0.00,389.36688435830104,ON,RETRACTED,MANUAL
23:55:38.338,-3.14,-32.73,0.00,390.4028863745275,ON,RETRACTED,MANUAL
23:55:38.441,-2.67,-33.34,0.00,391.4353783259072,ON,RETRACTED,MANUAL
23:55:38.541,-2.18,-33.94,0.00,392.4643344001953,ON,RETRACTED,MANUAL
23:55:38.642,-1.69,-34.53,0.00,393.4897288735433,ON,RETRACTED,MANUAL
23:55:38.743,-1.20,-35.10,0.00,394.51153611114296,ON,RETRACTED,MANUAL
23:55:38.846,-0.70,-35.65,0.00,395.5297305678664,ON,RETRACTED,MANUAL
23:55:38.947,-0.20,-36.19,0.00,396.5442867889054,ON,RETRACTED,MANUAL
23:55:39.049,0.30,-36.72,0.00,397.55517941040716,ON,RETRACTED,MANUAL
23:55:39.152,0.80,-37.23,0.00,398.5623831601088,ON,RETRACTED,MANUAL
23:55:39.253,1.30,-37.73,0.00,399.5658728579691,ON,RETRACTED,MANUAL
23:55:39.357,1.79,-38.22,0.00,400.56562341679785,ON,RETRACTED,MANUAL
23:55:39.459,2.28,-38.68,0.00,401.5616098428832,ON,RETRACTED,MANUAL
23:55:39.559,2.76,-39.14,0.00,402.5538072366162,ON,RETRACTED,MANUAL
23:55:39.661,3.24,-39.57,0.00,403.54219079311383,ON,RETRACTED,MANUAL
23:55:39.763,3.71,-39.99,0.00,404.5267358028386,ON,RETRACTED,MANUAL
23:55:39.864,4.17,-40.40,0.00,405.50741765221653,ON,RETRACTED,MANUAL
23:55:39.969,4.62,-40.79,0.00,406.4842118242526,ON,RETRACTED,MANUAL
23:55:40.084,5.06,-41.16,0.00,407.4570938991432,ON,RETRACTED,MANUAL
23:55:40.189,5.48,-41.51,0.00,408.4260395548873,ON,RETRACTED,MANUAL
23:55:40.328,5.89,-41.85,0.00,409.39102456789385,ON,RETRACTED,MANUAL
23:55:40.437,6.29,-42.17,0.00,410.35202481358783,ON,RETRACTED,MANUAL
23:55:40.537,6.67,-42.48,0.00,411.309016267013,ON,RETRACTED,MANUAL
23:55:40.637,7.03,-42.77,0.00,412.2619750034332,ON,RETRACTED,MANUAL
23:55:40.739,7.38,-43.04,0.00,413.2108771989293,ON,RETRACTED,MANUAL
23:55:40.842,7.71,-43.29,0.00,414.15569913099614,ON,RETRACTED,MANUAL
23:55:40.942,8.02,-43.53,0.00,415.0964171791344,ON,RETRACTED,MANUAL
23:55:41.063,8.31,-43.75,0.00,416.033007825442,ON,RETRACTED,MANUAL
23:55:41.167,8.57,-43.95,0.00,416.96544765520144,ON,RETRACTED,MANUAL
23:55:41.267,8.82,-44.14,0.00,417.8937133574657,ON,RETRACTED,MANUAL
23:55:41.370,9.04,-44.30,0.00,418.81778172564043,ON,RETRACTED,MANUAL
23:55:41.471,9.25,-44.45,0.00,419.73762965806463,ON,RETRACTED,MANUAL
23:55:41.570,9.43,-44.58,0.00,420.6532341585879,ON,RETRACTED,MANUAL
23:55:41.671,9.58,-44.70,0.00,421.56457233714536,ON,RETRACTED,MANUAL
23:55:41.796,9.71,-44.79,0.00,422.47162141033004,ON,RETRACTED,MANUAL
23:55:41.906,9.82,-44.87,0.00,423.37435870196236,ON,RETRACTED,MANUAL
23:55:42.008,9.90,-44.93,0.00,424.2727616436571,ON,RETRACTED,MANUAL
23:55:42.108,9.96,-44.97,0.00,425.16680777538744,ON,RETRACTED,MANUAL
23:55:42.209,9.99,-44.99,0.00,426.05647474604666,ON,RETRACTED,MANUAL
23:55:42.312,10.00,-45.00,0.00,426.9417403140068,ON,RETRACTED,MANUAL
23:55:42.414,9.98,-44.99,0.00,427.8225823476748,ON,RETRACTED,MANUAL
23:55:42.513,9.94,-44.96,0.00,428.69897882604573,ON,RETRACTED,MANUAL
23:55:42.636,9.87,-44.91,0.00,429.5709078392533,ON,RETRACTED,MANUAL
23:55:42.738,9.78,-44.84,0.00,430.4383475891175,ON,RETRACTED,MANUAL
23:55:42.842,9.67,-44.76,0.00,431.3012763896898,ON,RETRACTED,MANUAL
23:55:42.943,9.53,-44.66,0.00,432.1596726677951,ON,RETRACTED,MANUAL
23:55:43.044,9.36,-44.54,0.00,433.0135149635712,ON,RETRACTED,MANUAL
23:55:43.145,9.17,-44.40,0.00,433.8627819310052,ON,RETRACTED,MANUAL
23:55:43.262,8.96,-44.24,0.00,434.7074523384671,ON,RETRACTED,MANUAL
23:55:43.362,8.73,-44.07,0.00,435.54750506924074,ON,RETRACTED,MANUAL
23:55:43.469,8.48,-43.88,0.00,436.3829191220515,ON,RETRACTED,MANUAL
23:55:43.570,8.20,-43.67,0.00,437.21367361159173,ON,RETRACTED,MANUAL
23:55:43.774,7.90,-43.44,0.00,438.0397477690424,ON,RETRACTED,MANUAL
23:55:43.875,7.59,-43.20,0.00,438.8611209425925,ON,RETRACTED,MANUAL
23:55:43.976,7.25,-42.94,0.00,439.6777725979556,ON,RETRACTED,MANUAL
23:55:44.077,6.90,-42.66,0.00,440.48968231888284,ON,RETRACTED,MANUAL
23:55:44.178,6.53,-42.37,0.00,441.29682980767336,ON,RETRACTED,MANUAL
23:55:44.278,6.14,-42.06,0.00,442.0991948856821,ON,RETRACTED,MANUAL
23:55:44.378,5.74,-41.73,0.00,442.8967574938239,ON,RETRACTED,MANUAL
23:55:44.479,5.32,-41.38,0.00,443.68949769307505,ON,RETRACTED,MANUAL
23:55:44.592,4.89,-41.02,0.00,444.4773956649718,ON,RETRACTED,MANUAL
23:55:44.695,4.45,-40.64,0.00,445.260431712106,ON,RETRACTED,MANUAL
23:55:44.798,4.00,-40.25,0.00,446.0385862586172,ON,RETRACTED,MANUAL
23:55:44.898,3.54,-39.84,0.00,446.8118398506823,ON,RETRACTED,MANUAL
23:55:45.016,3.06,-39.41,0.00,447.5801731570018,ON,RETRACTED,MANUAL
23:55:45.127,2.58,-38.97,0.00,448.34356696928296,ON,RETRACTED,MANUAL
23:55:45.229,2.10,-38.51,0.00,449.10200220272026,ON,RETRACTED,MANUAL
23:55:45.331,1.61,-38.04,0.00,449.85545989647244,ON,RETRACTED,MANUAL
23:55:45.435,1.11,-37.55,0.00,450.6039212141363,ON,RETRACTED,MANUAL
23:55:45.536,0.61,-37.04,0.00,451.347367444218,ON,RETRACTED,MANUAL
23:55:45.636,0.11,-36.53,0.00,452.0857800006003,ON,RETRACTED,MANUAL
23:55:45.737,-0.39,-35.99,0.00,452.819140423008,ON,RETRACTED,MANUAL
23:55:45.837,-0.88,-35.45,0.00,453.5474303774686,ON,RETRACTED,MANUAL
23:55:45.940,-1.38,-34.88,0.00,454.2706316567711,ON,RETRACTED,MANUAL
23:55:46.074,-1.87,-34.31,0.00,454.9887261809214,ON,RETRACTED,MANUAL
23:55:46.183,-2.36,-33.72,0.00,455.7016959975937,ON,RETRACTED,MANUAL
23:55:46.284,-2.85,-33.12,0.00,456.4095232825796,ON,RETRACTED,MANUAL
23:55:46.386,-3.32,-32.50,0.00,457.1121903402339,ON,RETRACTED,MANUAL
23:55:46.486,-3.79,-31.87,0.00,457.80967960391683,ON,RETRACTED,MANUAL
23:55:46.587,-4.25,-31.23,0.00,458.50197363643315,ON,RETRACTED,MANUAL
23:55:46.689,-4.69,-30.58,0.00,459.189055130468,ON,RETRACTED,MANUAL
23:55:46.853,-5.13,-29.91,0.00,459.87090690901977,ON,RETRACTED,MANUAL
23:55:46.957,-5.55,-29.23,0.00,460.54751192582967,ON,RETRACTED,MANUAL
23:55:47.059,-5.96,-28.54,0.00,461.2188532658074,ON,RETRACTED,MANUAL
23:55:47.161,-6.35,-27.84,0.00,461.88491414545456,ON,RETRACTED,MANUAL
23:55:47.260,-6.73,-27.13,0.00,462.54567791328367,ON,RETRACTED,MANUAL
23:55:47.362,-7.09,-26.40,0.00,463.20112805023507,ON,RETRACTED,MANUAL
23:55:47.463,-7.44,-25.67,0.00,463.8512481700894,ON,RETRACTED,MANUAL
23:55:47.644,-7.76,-24.93,0.00,464.4960220198776,ON,RETRACTED,MANUAL
23:55:47.750,-8.07,-24.17,0.00,465.1354334802869,ON,RETRACTED,MANUAL
23:55:47.896,-8.35,-23.41,0.00,465.76946656606424,ON,RETRACTED,MANUAL
23:55:48.036,-8.62,-22.63,0.00,466.39810542641544,ON,RETRACTED,MANUAL
23:55:48.191,-8.86,-21.85,0.00,467.02133434540167,ON,RETRACTED,MANUAL
23:55:48.313,-9.08,-21.06,0.00,467.6391377423325,ON,RETRACTED,MANUAL
23:55:48.417,-9.28,-20.26,0.00,468.2515001721551,ON,RETRACTED,MANUAL
23:55:48.519,-9.45,-19.45,0.00,468.85840632584063,ON,RETRACTED,MANUAL
23:55:48.620,-9.60,-18.64,0.00,469.459841030767,ON,RETRACTED,MANUAL
23:55:48.721,-9.73,-17.82,0.00,470.05578925109774,ON,RETRACTED,MANUAL
23:55:48.845,-9.83,-16.99,0.00,470.6462360881584,ON,RETRACTED,MANUAL
23:55:48.944,-9.91,-16.15,0.00,471.2311667808089,ON,RETRACTED,MANUAL
23:55:49.046,-9.97,-15.31,0.00,471.81056670581233,ON,RETRACTED,MANUAL
23:55:49.148,-9.99,-14.46,0.00,472.3844213782007,ON,RETRACTED,MANUAL
23:55:49.248,-10.00,-13.60,0.00,472.95271645163723,ON,RETRACTED,MANUAL
23:55:49.350,-9.98,-12.74,0.00,473.5154377187746,ON,RETRACTED,MANUAL
23:55:49.451,-9.93,-11.88,0.00,474.0725711116103,ON,RETRACTED,MANUAL
23:55:49.570,-9.86,-11.00,0.00,474.62410270183875,ON,RETRACTED,MANUAL
23:55:49.690,-9.76,-10.13,0.00,475.1700187011988,ON,RETRACTED,MANUAL
23:55:49.793,-9.64,-9.25,0.00,475.7103054618189,ON,RETRACTED,MANUAL
23:55:49.895,-9.50,-8.37,0.00,476.2449494765583,ON,RETRACTED,MANUAL
23:55:49.997,-9.33,-7.48,0.00,476.77393737934426,ON,RETRACTED,MANUAL
23:55:50.097,-9.14,-6.59,0.00,477.2972559455069,ON,RETRACTED,MANUAL
23:55:50.196,-8.93,-5.70,0.00,477.8148920921094,ON,RETRACTED,MANUAL
23:55:50.297,-8.69,-4.81,0.00,478.32683287827484,ON,RETRACTED,MANUAL
23:55:50.399,-8.43,-3.91,0.00,478.8330655055104,ON,RETRACTED,MANUAL
23:55:50.499,-8.15,-3.02,0.00,479.3335773180267,ON,RETRACTED,MANUAL
23:55:50.601,-7.85,-2.12,0.00,479.82835580305454,ON,RETRACTED,MANUAL
23:55:50.701,-7.53,-1.22,0.00,480.3173885911575,ON,RETRACTED,MANUAL
23:55:50.802,-7.19,-0.32,0.00,480.8006634565413,ON,RETRACTED,MANUAL
23:55:50.903,-6.84,0.58,0.00,481.2781683173597,ON,RETRACTED,MANUAL
23:55:51.003,-6.47,1.48,0.00,481.74989123601586,ON,RETRACTED,MANUAL
23:55:51.104,-6.08,2.38,0.00,482.21582041946135,ON,RETRACTED,MANUAL
23:55:51.210,-5.67,3.28,0.00,482.67594421949104,ON,RETRACTED,MANUAL
23:55:51.311,-5.25,4.18,0.00,483.1302511330337,ON,RETRACTED,MANUAL
23:55:51.412,-4.82,5.07,0.00,483.5787298024403,ON,RETRACTED,MANUAL
23:55:51.513,-4.38,5.96,0.00,484.02136901576733,ON,RETRACTED,MANUAL
23:55:51.613,-3.92,6.86,0.00,484.4581577070576,ON,RETRACTED,MANUAL
23:55:51.733,-3.46,7.74,0.00,484.88908495661656,ON,RETRACTED,MANUAL
23:55:51.834,-2.98,8.63,0.00,485.3141399912854,ON,RETRACTED,MANUAL
23:55:51.943,-2.50,9.51,0.00,485.7333121847104,ON,RETRACTED,MANUAL
23:55:52.043,-2.02,10.39,0.00,486.1465910576086,ON,RETRACTED,MANUAL
23:55:52.145,-1.52,11.26,0.00,486.5539662780297,ON,RETRACTED,MANUAL
23:55:52.245,-1.03,12.13,0.00,486.9554276616143,ON,RETRACTED,MANUAL
23:55:52.346,-0.53,12.99,0.00,487.35096517184877,ON,RETRACTED,MANUAL
23:55:52.447,-0.03,13.85,0.00,487.74056892031604,ON,RETRACTED,MANUAL
23:55:52.548,0.47,14.71,0.00,488.12422916694254,ON,RETRACTED,MANUAL
23:55:52.648,0.97,15.55,0.00,488.50193632024224,ON,RETRACTED,MANUAL
23:55:52.749,1.46,16.40,0.00,488.8736809375559,ON,RETRACTED,MANUAL
23:55:52.851,1.96,17.23,0.00,489.23945372528743,ON,RETRACTED,MANUAL
23:55:52.952,2.44,18.06,0.00,489.5992455391363,ON,RETRACTED,MANUAL
23:55:53.052,2.93,18.88,0.00,489.9530473843257,ON,RETRACTED,MANUAL
23:55:53.152,3.40,19.69,0.00,490.3008504158281,ON,RETRACTED,MANUAL
23:55:53.253,3.87,20.50,0.00,490.6426459385858,ON,RETRACTED,MANUAL
23:55:53.355,4.32,21.29,0.00,490.9784254077284,ON,RETRACTED,MANUAL
23:55:53.456,4.77,22.08,0.00,491.3081804287869,ON,RETRACTED,MANUAL
23:55:53.557,5.20,22.86,0.00,491.6319027579027,ON,RETRACTED,MANUAL
23:55:53.659,5.62,23.63,0.00,491.9495843020347,ON,RETRACTED,MANUAL
23:55:53.758,6.03,24.39,0.00,492.26121711916056,ON,RETRACTED,MANUAL
23:55:53.861,6.42,25.15,0.00,492.56679341847627,ON,RETRACTED,MANUAL
23:55:53.961,6.79,25.89,0.00,492.86630556059015,ON,RETRACTED,MANUAL
23:55:54.063,7.15,26.62,0.00,493.15974605771436,ON,RETRACTED,MANUAL
23:55:54.164,7.49,27.34,0.00,493.4471075738517,ON,RETRACTED,MANUAL
23:55:54.263,7.81,28.05,0.00,493.7283829249792,ON,RETRACTED,MANUAL
23:55:54.372,8.12,28.75,0.00,494.00356507922777,ON,RETRACTED,MANUAL
23:55:54.481,8.40,29.43,0.00,494.2726471570579,ON,RETRACTED,MANUAL
23:55:54.608,8.66,30.11,0.00,494.53562243143165,ON,RETRACTED,MANUAL
23:55:54.707,8.90,30.77,0.00,494.7924843279808,ON,RETRACTED,MANUAL
23:55:54.808,9.12,31.42,0.00,495.0432264251714,ON,RETRACTED,MANUAL
23:55:54.908,9.31,32.06,0.00,495.287842454464,ON,RETRACTED,MANUAL
23:55:55.009,9.48,32.68,0.00,495.5263263004706,ON,RETRACTED,MANUAL
23:55:55.111,9.63,33.30,0.00,495.7586720011076,ON,RETRACTED,MANUAL
23:55:55.211,9.75,33.89,0.00,495.9848737477445,ON,RETRACTED,MANUAL
23:55:55.311,9.85,34.48,0.00,496.20492588534944,ON,RETRACTED,MANUAL
23:55:55.412,9.92,35.05,0.00,496.4188229126304,ON,RETRACTED,MANUAL
23:55:55.514,9.97,35.61,0.00,496.6265594821728,ON,RETRACTED,MANUAL
23:55:55.614,10.00,36.15,0.00,496.82813040057334,ON,RETRACTED,MANUAL
23:55:55.715,10.00,36.68,0.00,497.02353062856946,ON,RETRACTED,MANUAL
23:55:55.818,9.97,37.19,0.00,497.21275528116564,ON,RETRACTED,MANUAL
23:55:55.918,9.92,37.69,0.00,497.39579962775554,ON,RETRACTED,MANUAL
23:55:56.020,9.85,38.18,0.00,497.57265909224,ON,RETRACTED,MANUAL
23:55:56.122,9.75,38.65,0.00,497.7433292531414,ON,RETRACTED,MANUAL
23:55:56.274,9.62,39.10,0.00,497.90780584371487,ON,RETRACTED,MANUAL
23:55:56.380,9.47,39.54,0.00,498.06608475205405,ON,RETRACTED,MANUAL
23:55:56.480,9.30,39.96,0.00,498.21816202119464,ON,RETRACTED,MANUAL
23:55:56.583,9.11,40.37,0.00,498.36403384921266,ON,RETRACTED,MANUAL
23:55:56.683,8.89,40.75,0.00,498.50369658932004,ON,RETRACTED,MANUAL
23:55:56.783,8.65,41.13,0.00,498.63714674995566,ON,RETRACTED,MANUAL
23:55:56.884,8.39,41.49,0.00,498.76438099487234,ON,RETRACTED,MANUAL
23:55:56.989,8.10,41.83,0.00,498.88539614322065,ON,RETRACTED,MANUAL
23:55:57.091,7.80,42.15,0.00,499.0001891696282,ON,RETRACTED,MANUAL
23:55:57.193,7.48,42.46,0.00,499.1087572042752,ON,RETRACTED,MANUAL
23:55:57.293,7.14,42.75,0.00,499.2110975329665,ON,RETRACTED,MANUAL
23:55:57.394,6.78,43.02,0.00,499.3072075971993,ON,RETRACTED,MANUAL
23:55:57.494,6.40,43.27,0.00,499.3970849942269,ON,RETRACTED,MANUAL
23:55:57.595,6.01,43.51,0.00,499.480727477119,ON,RETRACTED,MANUAL
23:55:57.697,5.60,43.73,0.00,499.558132954818,ON,RETRACTED,MANUAL
23:55:57.800,5.18,43.94,0.00,499.62929949219097,ON,RETRACTED,MANUAL
23:55:57.902,4.75,44.12,0.00,499.6942253100782,ON,RETRACTED,MANUAL
23:55:58.004,4.30,44.29,0.00,499.7529087853375,ON,RETRACTED,MANUAL
23:55:58.103,3.84,44.44,0.00,499.80534845088516,ON,RETRACTED,MANUAL
23:55:58.204,3.38,44.57,0.00,499.8515429957323,ON,RETRACTED,MANUAL
23:55:58.306,2.90,44.69,0.00,499.8914912650176,ON,RETRACTED,MANUAL
23:55:58.405,2.42,44.78,0.00,499.9251922600364,ON,RETRACTED,MANUAL
23:55:58.508,1.93,44.86,0.00,499.9526451382657,ON,RETRACTED,MANUAL
23:55:58.607,1.44,44.92,0.00,499.97384921338494,ON,RETRACTED,MANUAL
23:55:58.708,0.94,44.97,0.00,499.9888039552933,ON,RETRACTED,MANUAL
23:55:58.808,0.45,44.99,0.00,499.997508990123,ON,RETRACTED,MANUAL
23:55:58.909,-0.05,45.00,0.00,499.9999641002487,ON,RETRACTED,MANUAL
23:55:59.010,-0.55,44.99,0.00,499.99616922429266,ON,RETRACTED,MANUAL
23:55:59.112,-1.05,44.96,0.00,499.98612445712666,ON,RETRACTED,MANUAL
23:55:59.216,-1.55,44.91,0.00,499.96983004986936,ON,RETRACTED,MANUAL
23:55:59.318,-2.04,44.85,0.00,499.94728640988006,ON,RETRACTED,MANUAL
23:55:59.421,-2.53,44.77,0.00,499.9184941007486,ON,RETRACTED,MANUAL
23:55:59.523,-3.01,44.66,0.00,499.88345384228126,ON,RETRACTED,MANUAL
23:55:59.623,-3.48,44.55,0.00,499.84216651048257,ON,RETRACTED,MANUAL
23:55:59.724,-3.94,44.41,0.00,499.79463313753376,ON,RETRACTED,MANUAL
23:55:59.825,-4.40,44.26,0.00,499.74085491176663,ON,RETRACTED,MANUAL
23:55:59.928,-4.84,44.08,0.00,499.6808331776341,ON,RETRACTED,MANUAL
23:56:00.031,-5.27,43.89,0.00,499.6145694356763,ON,RETRACTED,MANUAL
23:56:00.131,-5.69,43.69,0.00,499.54206534248334,ON,RETRACTED,MANUAL
23:56:00.232,-6.09,43.46,0.00,499.46332271065387,ON,RETRACTED,MANUAL
23:56:00.331,-6.48,43.22,0.00,499.3783435087494,ON,RETRACTED,MANUAL
23:56:00.435,-6.86,42.96,0.00,499.2871298612458,ON,RETRACTED,MANUAL
23:56:00.534,-7.21,42.69,0.00,499.1896840484793,ON,RETRACTED,MANUAL
23:56:00.635,-7.55,42.39,0.00,499.08600850659025,ON,RETRACTED,MANUAL
23:56:00.736,-7.87,42.08,0.00,498.9761058274617,ON,RETRACTED,MANUAL
23:56:00.838,-8.17,41.75,0.00,498.859978758655,ON,RETRACTED,MANUAL
23:56:00.941,-8.44,41.41,0.00,498.7376302033408,ON,RETRACTED,MANUAL
23:56:01.042,-8.70,41.05,0.00,498.60906322022663,ON,RETRACTED,MANUAL
23:56:01.146,-8.94,40.67,0.00,498.47428102348033,ON,RETRACTED,MANUAL
23:56:01.249,-9.15,40.28,0.00,498.3332869826498,ON,RETRACTED,MANUAL
23:56:01.351,-9.34,39.87,0.00,498.18608462257873,ON,RETRACTED,MANUAL
23:56:01.453,-9.51,39.44,0.00,498.0326776233185,ON,RETRACTED,MANUAL
23:56:01.554,-9.65,39.00,0.00,497.873069820036,ON,RETRACTED,MANUAL
23:56:01.658,-9.77,38.55,0.00,497.70726520291805,ON,RETRACTED,MANUAL
23:56:01.759,-9.86,38.08,0.00,497.53526791707145,ON,RETRACTED,MANUAL
23:56:01.860,-9.93,37.59,0.00,497.3570822624194,ON,RETRACTED,MANUAL
23:56:01.961,-9.98,37.09,0.00,497.172712693594,ON,RETRACTED,MANUAL
23:56:02.063,-10.00,36.57,0.00,496.9821638198248,ON,RETRACTED,MANUAL
23:56:02.163,-9.99,36.04,0.00,496.78544040482376,ON,RETRACTED,MANUAL
23:56:02.265,-9.96,35.49,0.00,496.582547366666,ON,RETRACTED,MANUAL
23:56:02.366,-9.91,34.93,0.00,496.3734897776669,ON,RETRACTED,MANUAL
23:56:02.467,-9.83,34.36,0.00,496.1582728642554,ON,RETRACTED,MANUAL
23:56:02.567,-9.73,33.77,0.00,495.93690200684296,ON,RETRACTED,MANUAL
23:56:02.668,-9.60,33.17,0.00,495.70938273968966,ON,RETRACTED,MANUAL
23:56:02.769,-9.45,32.55,0.00,495.47572075076516,ON,RETRACTED,MANUAL
23:56:02.871,-9.27,31.92,0.00,495.23592188160706,ON,RETRACTED,MANUAL
23:56:02.973,-9.07,31.28,0.00,494.9899921271746,ON,RETRACTED,MANUAL
23:56:03.074,-8.85,30.63,0.00,494.7379376356989,ON,RETRACTED,MANUAL
23:56:03.173,-8.60,29.96,0.00,494.4797647085291,ON,RETRACTED,MANUAL
23:56:03.274,-8.34,29.29,0.00,494.2154797999749,ON,RETRACTED,MANUAL
23:56:03.374,-8.05,28.60,0.00,493.9450895171452,ON,RETRACTED,MANUAL
23:56:03.476,-7.75,27.90,0.00,493.66860061978315,ON,RETRACTED,MANUAL
23:56:03.578,-7.42,27.19,0.00,493.3860200200966,ON,RETRACTED,MANUAL
23:56:03.677,-7.08,26.46,0.00,493.09735478258597,ON,RETRACTED,MANUAL
23:56:03.779,-6.72,25.73,0.00,492.802612123867,ON,RETRACTED,MANUAL
23:56:03.880,-6.34,24.99,0.00,492.501799412491,ON,RETRACTED,MANUAL
23:56:03.980,-5.94,24.23,0.00,492.19492416875994,ON,RETRACTED,MANUAL
23:56:04.083,-5.53,23.47,0.00,491.88199406453896,ON,RETRACTED,MANUAL
23:56:04.182,-5.11,22.70,0.00,491.5630169230644,ON,RETRACTED,MANUAL
23:56:04.284,-4.67,21.92,0.00,491.2380007187482,ON,RETRACTED,MANUAL
23:56:04.388,-4.23,21.12,0.00,490.9069535769785,ON,RETRACTED,MANUAL
23:56:04.490,-3.77,20.33,0.00,490.5698837739166,ON,RETRACTED,MANUAL
23:56:04.590,-3.30,19.52,0.00,490.22679973629005,ON,RETRACTED,MANUAL
23:56:04.692,-2.82,18.70,0.00,489.8777100411819,ON,RETRACTED,MANUAL
23:56:04.793,-2.34,17.88,0.00,489.5226234158164,ON,RETRACTED,MANUAL
23:56:04.893,-1.85,17.05,0.00,489.1615487373405,ON,RETRACTED,MANUAL
23:56:04.994,-1.36,16.22,0.00,488.79449503260264,ON,RETRACTED,MANUAL
23:56:05.095,-0.86,15.37,0.00,488.4214714779261,ON,RETRACTED,MANUAL
23:56:05.195,-0.36,14.52,0.00,488.04248739888044,ON,RETRACTED,MANUAL
23:56:05.296,0.14,13.67,0.00,487.65755227004786,ON,RETRACTED,MANUAL
23:56:05.397,0.64,12.81,0.00,487.26667571478646,ON,RETRACTED,MANUAL
23:56:05.499,1.14,11.94,0.00,486.8698675049899,ON,RETRACTED,MANUAL
23:56:05.599,1.63,11.07,0.00,486.4671375608426,ON,RETRACTED,MANUAL
23:56:05.700,2.12,10.20,0.00,486.05849595057236,ON,RETRACTED,MANUAL
23:56:05.801,2.61,9.32,0.00,485.6439528901981,ON,RETRACTED,MANUAL
23:56:05.902,3.09,8.44,0.00,485.22351874327467,ON,RETRACTED,MANUAL
23:56:06.003,3.56,7.55,0.00,484.79720402063384,ON,RETRACTED,MANUAL
23:56:06.103,4.02,6.66,0.00,484.36501938012157,ON,RETRACTED,MANUAL
23:56:06.205,4.47,5.77,0.00,483.9269756263313,ON,RETRACTED,MANUAL
23:56:06.306,4.91,4.88,0.00,483.48308371033403,ON,RETRACTED,MANUAL
23:56:06.409,5.34,3.98,0.00,483.03335472940455,ON,RETRACTED,MANUAL
23:56:06.508,5.76,3.09,0.00,482.5777999267441,ON,RETRACTED,MANUAL
23:56:06.611,6.16,2.19,0.00,482.11643069119884,ON,RETRACTED,MANUAL
23:56:06.711,6.55,1.29,0.00,481.6492585569757,ON,RETRACTED,MANUAL
23:56:06.813,6.92,0.39,0.00,481.17629520335373,ON,RETRACTED,MANUAL
23:56:06.913,7.27,-0.51,0.00,480.69755245439205,ON,RETRACTED,MANUAL
23:56:07.014,7.60,-1.41,0.00,480.2130422786346,ON,RETRACTED,MANUAL
23:56:07.115,7.92,-2.31,0.00,479.7227767888104,ON,RETRACTED,MANUAL
23:56:07.215,8.21,-3.21,0.00,479.2267682415312,ON,RETRACTED,MANUAL
23:56:07.317,8.49,-4.10,0.00,478.7250290369849,ON,RETRACTED,MANUAL
23:56:07.416,8.74,-5.00,0.00,478.2175717186253,ON,RETRACTED,MANUAL
23:56:07.518,8.97,-5.89,0.00,477.7044089728592,ON,RETRACTED,MANUAL
23:56:07.617,9.18,-6.78,0.00,477.18555362872837,ON,RETRACTED,MANUAL
23:56:07.718,9.37,-7.67,0.00,476.66101865758935,ON,RETRACTED,MANUAL
23:56:07.820,9.53,-8.56,0.00,476.1308171727892,ON,RETRACTED,MANUAL
23:56:07.920,9.67,-9.44,0.00,475.59496242933733,ON,RETRACTED,MANUAL
23:56:08.021,9.79,-10.32,0.00,475.0534678235745,ON,RETRACTED,MANUAL
23:56:08.122,9.88,-11.19,0.00,474.50634689283766,ON,RETRACTED,MANUAL
23:56:08.223,9.94,-12.06,0.00,473.9536133151215,ON,RETRACTED,MANUAL
23:56:08.323,9.98,-12.93,0.00,473.3952809087367,ON,RETRACTED,MANUAL
23:56:08.424,10.00,-13.79,0.00,472.83136363196434,ON,RETRACTED,MANUAL
23:56:08.526,9.99,-14.64,0.00,472.261875582707,ON,RETRACTED,MANUAL
23:56:08.627,9.96,-15.49,0.00,471.6868309981362,ON,RETRACTED,MANUAL
23:56:08.728,9.90,-16.33,0.00,471.10624425433673,ON,RETRACTED,MANUAL
23:56:08.829,9.81,-17.16,0.00,470.5201298659467,ON,RETRACTED,MANUAL
23:56:08.930,9.71,-17.99,0.00,469.92850248579555,ON,RETRACTED,MANUAL
23:56:09.031,9.57,-18.81,0.00,469.3313769045369,ON,RETRACTED,MANUAL
23:56:09.131,9.42,-19.63,0.00,468.7287680502791,ON,RETRACTED,MANUAL
23:56:09.239,9.24,-20.43,0.00,468.1206909882121,ON,RETRACTED,MANUAL
23:56:09.346,9.03,-21.23,0.00,467.50716092023094,ON,RETRACTED,MANUAL
23:56:09.447,8.81,-22.02,0.00,466.88819318455523,ON,RETRACTED,MANUAL
23:56:09.547,8.56,-22.80,0.00,466.2638032553462,ON,RETRACTED,MANUAL
23:56:09.648,8.29,-23.57,0.00,465.6340067423195,ON,RETRACTED,MANUAL
23:56:09.748,8.00,-24.33,0.00,464.9988193903552,ON,RETRACTED,MANUAL
23:56:09.853,7.69,-25.09,0.00,464.35825707910396,ON,RETRACTED,MANUAL
23:56:09.960,7.36,-25.83,0.00,463.71233582259026,ON,RETRACTED,MANUAL
23:56:10.060,7.02,-26.56,0.00,463.06107176881187,ON,RETRACTED,MANUAL
23:56:10.161,6.65,-27.28,0.00,462.40448119933615,ON,RETRACTED,MANUAL
23:56:10.261,6.27,-27.99,0.00,461.7425805288932,ON,RETRACTED,MANUAL
23:56:10.363,5.87,-28.69,0.00,461.07538630496526,ON,RETRACTED,MANUAL
23:56:10.462,5.46,-29.38,0.00,460.4029152073732,ON,RETRACTED,MANUAL
23:56:10.563,5.04,-30.05,0.00,459.72518404785956,ON,RETRACTED,MANUAL
23:56:10.665,4.60,-30.72,0.00,459.0422097696678,ON,RETRACTED,MANUAL
23:56:10.765,4.15,-31.37,0.00,458.35400944711944,ON,RETRACTED,MANUAL
23:56:10.867,3.69,-32.01,0.00,457.66060028518666,ON,RETRACTED,MANUAL
23:56:10.968,3.22,-32.63,0.00,456.9619996190624,ON,RETRACTED,MANUAL
23:56:11.071,2.74,-33.25,0.00,456.25822491372696,ON,RETRACTED,MANUAL
23:56:11.171,2.26,-33.85,0.00,455.5492937635113,ON,RETRACTED,MANUAL
23:56:11.272,1.77,-34.43,0.00,454.83522389165717,ON,RETRACTED,MANUAL
23:56:11.372,1.27,-35.01,0.00,454.11603314987434,ON,RETRACTED,MANUAL
23:56:11.473,0.78,-35.56,0.00,453.39173951789377,ON,RETRACTED,MANUAL
23:56:11.573,0.28,-36.11,0.00,452.6623611030186,ON,RETRACTED,MANUAL
23:56:11.695,-0.22,-36.64,0.00,451.92791613967114,ON,RETRACTED,MANUAL
23:56:11.776,-0.72,-37.15,0.00,451.1884229889373,ON,RETRACTED,MANUAL
23:56:11.882,-1.22,-37.65,0.00,450.4439001381073,ON,RETRACTED,MANUAL
23:56:11.977,-1.71,-38.14,0.00,449.6943662002136,ON,RETRACTED,MANUAL
23:56:12.080,-2.20,-38.61,0.00,448.9398399135657,ON,RETRACTED,MANUAL
23:56:12.181,-2.69,-39.06,0.00,448.18034014128136,ON,RETRACTED,MANUAL
23:56:12.280,-3.17,-39.50,0.00,447.41588587081543,ON,RETRACTED,MANUAL
23:56:12.382,-3.64,-39.93,0.00,446.64649621348474,ON,RETRACTED,MANUAL
23:56:12.483,-4.10,-40.33,0.00,445.87219040399077,ON,RETRACTED,MANUAL
23:56:12.584,-4.55,-40.72,0.00,445.0929877999384,ON,RETRACTED,MANUAL
23:56:12.684,-4.99,-41.10,0.00,444.30890788135207,ON,RETRACTED,MANUAL
23:56:12.786,-5.41,-41.46,0.00,443.519970250189,ON,RETRACTED,MANUAL
23:56:12.886,-5.83,-41.80,0.00,442.7261946298488,ON,RETRACTED,MANUAL
23:56:12.987,-6.23,-42.12,0.00,441.9276008646807,ON,RETRACTED,MANUAL
23:56:13.088,-6.61,-42.43,0.00,441.1242089194872,ON,RETRACTED,MANUAL
23:56:13.189,-6.98,-42.72,0.00,440.31603887902514,ON,RETRACTED,MANUAL
23:56:13.291,-7.33,-43.00,0.00,439.5031109475034,ON,RETRACTED,MANUAL
23:56:13.390,-7.66,-43.25,0.00,438.68544544807787,ON,RETRACTED,MANUAL
23:56:13.491,-7.97,-43.49,0.00,437.8630628223435,ON,RETRACTED,MANUAL
23:56:13.592,-8.26,-43.72,0.00,437.0359836298232,ON,RETRACTED,MANUAL
23:56:13.695,-8.53,-43.92,0.00,436.20422854745357,ON,RETRACTED,MANUAL
23:56:13.797,-8.78,-44.11,0.00,435.36781836906835,ON,RETRACTED,MANUAL
23:56:13.895,-9.01,-44.28,0.00,434.52677400487846,ON,RETRACTED,MANUAL
23:56:13.996,-9.22,-44.43,0.00,433.6811164809493,ON,RETRACTED,MANUAL
23:56:14.097,-9.40,-44.56,0.00,432.8308669386748,ON,RETRACTED,MANUAL
23:56:14.197,-9.56,-44.68,0.00,431.97604663424926,ON,RETRACTED,MANUAL
23:56:14.297,-9.69,-44.78,0.00,431.1166769381358,ON,RETRACTED,MANUAL
23:56:14.398,-9.80,-44.86,0.00,430.2527793345321,ON,RETRACTED,MANUAL
23:56:14.499,-9.89,-44.92,0.00,429.38437542083307,ON,RETRACTED,MANUAL
23:56:14.600,-9.95,-44.96,0.00,428.5114869070916,ON,RETRACTED,MANUAL
23:56:14.701,-9.99,-44.99,0.00,427.6341356154748,ON,RETRACTED,MANUAL
23:56:14.802,-10.00,-45.00,0.00,426.75234347971946,ON,RETRACTED,MANUAL
23:56:14.903,-9.99,-44.99,0.00,425.86613254458297,ON,RETRACTED,MANUAL
23:56:15.003,-9.95,-44.96,0.00,424.97552496529255,ON,RETRACTED,MANUAL
23:56:15.104,-9.89,-44.92,0.00,424.0805430069913,ON,RETRACTED,MANUAL
23:56:15.205,-9.80,-44.85,0.00,423.1812090441816,ON,RETRACTED,MANUAL
23:56:15.306,-9.69,-44.77,0.00,422.27754556016566,ON,RETRACTED,MANUAL
23:56:15.407,-9.55,-44.67,0.00,421.3695751464835,ON,RETRACTED,MANUAL
23:56:15.507,-9.39,-44.56,0.00,420.4573205023481,ON,RETRACTED,MANUAL
23:56:15.608,-9.21,-44.42,0.00,419.5408044340782,ON,RETRACTED,MANUAL
23:56:15.709,-9.00,-44.27,0.00,418.6200498545277,ON,RETRACTED,MANUAL
23:56:15.811,-8.77,-44.10,0.00,417.6950797825131,ON,RETRACTED,MANUAL
23:56:15.911,-8.52,-43.91,0.00,416.7659173422381,ON,RETRACTED,MANUAL
23:56:16.012,-8.25,-43.70,0.00,415.8325857627152,ON,RETRACTED,MANUAL
23:56:16.114,-7.95,-43.48,0.00,414.8951083771854,ON,RETRACTED,MANUAL
23:56:16.215,-7.64,-43.24,0.00,413.95350862253446,ON,RETRACTED,MANUAL
23:56:16.317,-7.31,-42.98,0.00,413.00781003870725,ON,RETRACTED,MANUAL
23:56:16.416,-6.96,-42.71,0.00,412.05803626811894,ON,RETRACTED,MANUAL
23:56:16.518,-6.59,-42.42,0.00,411.1042110550645,ON,RETRACTED,MANUAL
23:56:16.618,-6.21,-42.11,0.00,410.1463582451246,ON,RETRACTED,MANUAL
23:56:16.719,-5.81,-41.78,0.00,409.1845017845694,ON,RETRACTED,MANUAL
23:56:16.820,-5.39,-41.44,0.00,408.21866571976057,ON,RETRACTED,MANUAL
23:56:16.920,-4.96,-41.08,0.00,407.2488741965492,ON,RETRACTED,MANUAL
23:56:17.021,-4.52,-40.70,0.00,406.275151459673,ON,RETRACTED,MANUAL
23:56:17.122,-4.07,-40.31,0.00,405.29752185214966,ON,RETRACTED,MANUAL
23:56:17.224,-3.61,-39.90,0.00,404.3160098146684,ON,RETRACTED,MANUAL
23:56:17.323,-3.14,-39.48,0.00,403.3306398849791,ON,RETRACTED,MANUAL
23:56:17.424,-2.66,-39.04,0.00,402.3414366972786,ON,RETRACTED,MANUAL
23:56:17.525,-2.18,-38.58,0.00,401.34842498159514,ON,RETRACTED,MANUAL
23:56:17.625,-1.69,-38.11,0.00,400.3516295631699,ON,RETRACTED,MANUAL
23:56:17.726,-1.19,-37.63,0.00,399.35107536183637,ON,RETRACTED,MANUAL
23:56:17.827,-0.69,-37.13,0.00,398.34678739139747,ON,RETRACTED,MANUAL
23:56:17.927,-0.19,-36.61,0.00,397.3387907590003,ON,RETRACTED,MANUAL
23:56:18.028,0.31,-36.08,0.00,396.3271106645079,ON,RETRACTED,MANUAL
23:56:18.129,0.80,-35.53,0.00,395.31177239987016,ON,RETRACTED,MANUAL
23:56:18.229,1.30,-34.98,0.00,394.29280134849074,ON,RETRACTED,MANUAL
23:56:18.330,1.80,-34.40,0.00,393.27022298459286,ON,RETRACTED,MANUAL
23:56:18.432,2.29,-33.81,0.00,392.24406287258233,ON,RETRACTED,MANUAL
23:56:18.531,2.77,-33.21,0.00,391.2143466664086,ON,RETRACTED,MANUAL
23:56:18.685,3.25,-32.60,0.00,390.18110010892303,ON,RETRACTED,MANUAL
23:56:18.733,3.71,-31.97,0.00,389.14434903123583,ON,RETRACTED,MANUAL
23:56:18.834,4.17,-31.33,0.00,388.10411935207003,ON,RETRACTED,MANUAL
23:56:18.937,4.62,-30.68,0.00,387.06043707711336,ON,RETRACTED,MANUAL
23:56:19.037,5.06,-30.02,0.00,386.01332829836826,ON,RETRACTED,MANUAL
23:56:19.138,5.49,-29.34,0.00,384.9628191934998,ON,RETRACTED,MANUAL
23:56:19.238,5.90,-28.65,0.00,383.90893602518076,ON,RETRACTED,MANUAL
23:56:19.339,6.29,-27.95,0.00,382.85170514043557,ON,RETRACTED,MANUAL
23:56:19.439,6.67,-27.24,0.00,381.7911529699811,ON,RETRACTED,MANUAL
23:56:19.540,7.04,-26.52,0.00,380.72730602756667,ON,RETRACTED,MANUAL
23:56:19.641,7.38,-25.79,0.00,379.66019090931013,ON,RETRACTED,MANUAL
23:56:19.743,7.71,-25.05,0.00,378.5898342930341,ON,RETRACTED,MANUAL
23:56:19.842,8.02,-24.29,0.00,377.51626293759807,ON,RETRACTED,MANUAL
23:56:19.943,8.31,-23.53,0.00,376.43950368223005,ON,RETRACTED,MANUAL
23:56:20.045,8.58,-22.76,0.00,375.3595834458554,ON,RETRACTED,MANUAL
23:56:20.146,8.82,-21.98,0.00,374.27652922642375,ON,RETRACTED,MANUAL
23:56:20.245,9.05,-21.19,0.00,373.1903681002342,ON,RETRACTED,MANUAL
23:56:20.347,9.25,-20.39,0.00,372.10112722125825,ON,RETRACTED,MANUAL
23:56:20.448,9.43,-19.58,0.00,371.00883382046123,ON,RETRACTED,MANUAL
23:56:20.549,9.58,-18.77,0.00,369.91351520512126,ON,RETRACTED,MANUAL
23:56:20.649,9.71,-17.95,0.00,368.81519875814666,ON,RETRACTED,MANUAL
23:56:20.751,9.82,-17.12,0.00,367.71391193739134,ON,RETRACTED,MANUAL
23:56:20.850,9.90,-16.28,0.00,366.6096822749686,ON,RETRACTED,MANUAL
23:56:20.951,9.96,-15.44,0.00,365.5025373765624,ON,RETRACTED,MANUAL
23:56:21.052,9.99,-14.59,0.00,364.39250492073745,ON,RETRACTED,MANUAL
23:56:21.152,10.00,-13.74,0.00,363.2796126582475,ON,RETRACTED,MANUAL
23:56:21.253,9.98,-12.88,0.00,362.1638884113411,ON,RETRACTED,MANUAL
23:56:21.418,9.94,-12.01,0.00,361.0453600730662,ON,RETRACTED,MANUAL
23:56:21.454,9.87,-11.14,0.00,359.9240556065732,ON,RETRACTED,MANUAL
23:56:21.555,9.78,-10.27,0.00,358.8000030444151,ON,RETRACTED,MANUAL
23:56:21.656,9.66,-9.39,0.00,357.67323048784766,ON,RETRACTED,MANUAL
23:56:21.756,9.52,-8.51,0.00,356.543766106126,ON,RETRACTED,MANUAL
23:56:21.857,9.36,-7.62,0.00,355.4116381358008,ON,RETRACTED,MANUAL
23:56:21.958,9.17,-6.74,0.00,354.27687488001243,ON,RETRACTED,MANUAL
23:56:22.060,8.96,-5.84,0.00,353.13950470778315,ON,RETRACTED,MANUAL
23:56:22.160,8.73,-4.95,0.00,351.99955605330797,ON,RETRACTED,MANUAL
23:56:22.262,8.47,-4.06,0.00,350.85705741524396,ON,RETRACTED,MANUAL
23:56:22.362,8.20,-3.16,0.00,349.7120373559976,ON,RETRACTED,MANUAL
23:56:22.463,7.90,-2.26,0.00,348.5645245010106,ON,RETRACTED,MANUAL
23:56:22.564,7.59,-1.36,0.00,347.4145475380447,ON,RETRACTED,MANUAL
23:56:22.665,7.25,-0.46,0.00,346.262135216464,ON,RETRACTED,MANUAL
23:56:22.765,6.90,0.44,0.00,345.10731634651654,ON,RETRACTED,MANUAL
23:56:22.867,6.53,1.34,0.00,343.9501197986139,ON,RETRACTED,MANUAL
23:56:22.969,6.14,2.24,0.00,342.79057450260956,ON,RETRACTED,MANUAL
23:56:23.069,5.74,3.14,0.00,341.6287094470755,ON,RETRACTED,MANUAL
23:56:23.171,5.32,4.03,0.00,340.46455367857754,ON,RETRACTED,MANUAL
23:56:23.271,4.89,4.93,0.00,339.2981363009494,ON,RETRACTED,MANUAL
23:56:23.372,4.45,5.82,0.00,338.1294864745646,ON,RETRACTED,MANUAL
23:56:23.474,4.00,6.71,0.00,336.95863341560806,ON,RETRACTED,MANUAL
23:56:23.574,3.53,7.60,0.00,335.7856063953452,ON,RETRACTED,MANUAL
23:56:23.676,3.06,8.49,0.00,334.6104347393905,ON,RETRACTED,MANUAL
23:56:23.775,2.58,9.37,0.00,333.43314782697405,ON,RETRACTED,MANUAL
23:56:23.878,2.09,10.25,0.00,332.25377509020745,ON,RETRACTED,MANUAL
23:56:23.979,1.60,11.12,0.00,331.0723460133476,ON,RETRACTED,MANUAL
23:56:24.087,1.11,11.99,0.00,329.88889013206,ON,RETRACTED,MANUAL
23:56:24.190,0.61,12.86,0.00,328.7034370326799,ON,RETRACTED,MANUAL
23:56:24.289,0.11,13.72,0.00,327.5160163514732,ON,RETRACTED,MANUAL
23:56:24.389,-0.39,14.57,0.00,326.32665777389496,ON,RETRACTED,MANUAL
23:56:24.490,-0.89,15.42,0.00,325.1353910338477,ON,RETRACTED,MANUAL
23:56:24.591,-1.39,16.26,0.00,323.94224591293795,ON,RETRACTED,MANUAL
23:56:24.693,-1.88,17.10,0.00,322.7472522397315,ON,RETRACTED,MANUAL
23:56:24.793,-2.37,17.93,0.00,321.550439889008,ON,RETRACTED,MANUAL
23:56:24.895,-2.85,18.75,0.00,320.35183878101384,ON,RETRACTED,MANUAL
23:56:24.996,-3.33,19.56,0.00,319.1514788807143,ON,RETRACTED,MANUAL
23:56:25.098,-3.79,20.37,0.00,317.9493901970444,ON,RETRACTED,MANUAL
23:56:25.198,-4.25,21.17,0.00,316.7456027821586,ON,RETRACTED,MANUAL
23:56:25.299,-4.70,21.96,0.00,315.54014673067957,ON,RETRACTED,MANUAL
23:56:25.400,-5.13,22.74,0.00,314.3330521789459,ON,RETRACTED,MANUAL
23:56:25.502,-5.56,23.51,0.00,313.1243493042583,ON,RETRACTED,MANUAL
23:56:25.602,-5.96,24.27,0.00,311.9140683241259,ON,RETRACTED,MANUAL
23:56:25.702,-6.36,25.03,0.00,310.70223949551007,ON,RETRACTED,MANUAL
23:56:25.803,-6.74,25.77,0.00,309.48889311406845,ON,RETRACTED,MANUAL
23:56:25.905,-7.10,26.50,0.00,308.27405951339733,ON,RETRACTED,MANUAL
23:56:26.004,-7.44,27.22,0.00,307.05776906427354,ON,RETRACTED,MANUAL
23:56:26.105,-7.76,27.94,0.00,305.84005217389483,ON,RETRACTED,MANUAL
23:56:26.205,-8.07,28.64,0.00,304.62093928512013,ON,RETRACTED,MANUAL
23:56:26.305,-8.35,29.32,0.00,303.4004608757082,ON,RETRACTED,MANUAL
23:56:26.406,-8.62,30.00,0.00,302.17864745755554,ON,RETRACTED,MANUAL
23:56:26.508,-8.86,30.67,0.00,300.9555295759342,ON,RETRACTED,MANUAL
23:56:26.607,-9.08,31.32,0.00,299.73113780872734,ON,RETRACTED,MANUAL
23:56:26.708,-9.28,31.96,0.00,298.50550276566537,ON,RETRACTED,MANUAL
23:56:26.809,-9.45,32.59,0.00,297.27865508756065,ON,RETRACTED,MANUAL
23:56:26.909,-9.61,33.20,0.00,296.0506254455412,ON,RETRACTED,MANUAL
23:56:27.010,-9.73,33.80,0.00,294.821444540284,ON,RETRACTED,MANUAL
23:56:27.111,-9.84,34.39,0.00,293.5911431012478,ON,RETRACTED,MANUAL
23:56:27.212,-9.91,34.96,0.00,292.3597518859044,ON,RETRACTED,MANUAL
23:56:27.313,-9.97,35.52,0.00,291.1273016789701,ON,RETRACTED,MANUAL
23:56:27.414,-9.99,36.07,0.00,289.89382329163595,ON,RETRACTED,MANUAL
23:56:27.514,-10.00,36.60,0.00,288.65934756079724,ON,RETRACTED,MANUAL
23:56:27.619,-9.98,37.11,0.00,287.42390534828303,ON,RETRACTED,MANUAL
23:56:27.719,-9.93,37.62,0.00,286.18752754008426,ON,RETRACTED,MANUAL
23:56:27.820,-9.86,38.10,0.00,284.95024504558177,ON,RETRACTED,MANUAL
23:56:27.920,-9.76,38.57,0.00,283.71208879677346,ON,RETRACTED,MANUAL
23:56:28.021,-9.64,39.03,0.00,282.4730897475011,ON,RETRACTED,MANUAL
23:56:28.122,-9.50,39.47,0.00,281.2332788726763,ON,RETRACTED,MANUAL
23:56:28.222,-9.33,39.89,0.00,279.99268716750646,ON,RETRACTED,MANUAL
23:56:28.323,-9.14,40.30,0.00,278.7513456467195,ON,RETRACTED,MANUAL
23:56:28.425,-8.92,40.69,0.00,277.5092853437889,ON,RETRACTED,MANUAL
23:56:28.526,-8.69,41.07,0.00,276.26653731015745,ON,RETRACTED,MANUAL
23:56:28.626,-8.43,41.43,0.00,275.0231326144613,ON,RETRACTED,MANUAL
23:56:28.726,-8.15,41.77,0.00,273.7791023417531,ON,RETRACTED,MANUAL
23:56:28.827,-7.85,42.10,0.00,272.53447759272484,ON,RETRACTED,MANUAL
23:56:28.927,-7.53,42.41,0.00,271.2892894829304,ON,RETRACTED,MANUAL
23:56:29.029,-7.19,42.70,0.00,270.04356914200775,ON,RETRACTED,MANUAL
23:56:29.131,-6.84,42.98,0.00,268.79734771290043,ON,RETRACTED,MANUAL
23:56:29.230,-6.46,43.23,0.00,267.5506563510794,ON,RETRACTED,MANUAL
23:56:29.330,-6.07,43.48,0.00,266.30352622376364,ON,RETRACTED,MANUAL
23:56:29.431,-5.67,43.70,0.00,265.0559885091414,ON,RETRACTED,MANUAL
23:56:29.532,-5.25,43.91,0.00,263.8080743955906,ON,RETRACTED,MANUAL
23:56:29.632,-4.82,44.09,0.00,262.5598150808991,ON,RETRACTED,MANUAL
23:56:29.733,-4.37,44.26,0.00,261.3112417714848,ON,RETRACTED,MANUAL
23:56:29.860,-3.92,44.42,0.00,260.06238568161524,ON,RETRACTED,MANUAL
23:56:29.972,-3.45,44.55,0.00,258.8132780326278,ON,RETRACTED,MANUAL
23:56:30.074,-2.98,44.67,0.00,257.5639500521485,ON,RETRACTED,MANUAL
23:56:30.176,-2.50,44.77,0.00,256.3144329733119,ON,RETRACTED,MANUAL
23:56:30.278,-2.01,44.85,0.00,255.0647580339798,ON,RETRACTED,MANUAL
23:56:30.379,-1.52,44.92,0.00,253.81495647596068,ON,RETRACTED,MANUAL
23:56:30.479,-1.02,44.96,0.00,252.56505954422835,ON,RETRACTED,MANUAL
23:56:30.614,-0.53,44.99,0.00,251.315098486141,ON,RETRACTED,MANUAL
23:56:30.715,-0.03,45.00,0.00,250.06510455066,ON,RETRACTED,MANUAL
23:56:30.816,0.47,44.99,0.00,248.81510898756864,ON,RETRACTED,MANUAL
23:56:30.916,0.97,44.97,0.00,247.56514304669085,ON,RETRACTED,MANUAL
23:56:31.016,1.47,44.92,0.00,246.3152379771101,ON,RETRACTED,MANUAL
23:56:31.117,1.96,44.86,0.00,245.06542502638797,ON,RETRACTED,MANUAL
23:56:31.217,2.45,44.78,0.00,243.8157354397832,ON,RETRACTED,MANUAL
23:56:31.318,2.93,44.68,0.00,242.56620045947034,ON,RETRACTED,MANUAL
23:56:31.425,3.40,44.57,0.00,241.3168513237588,ON,RETRACTED,MANUAL
23:56:31.525,3.87,44.43,0.00,240.06771926631194,ON,RETRACTED,MANUAL
23:56:31.628,4.33,44.28,0.00,238.8188355153661,ON,RETRACTED,MANUAL
23:56:31.728,4.77,44.11,0.00,237.57023129295004,ON,RETRACTED,MANUAL
23:56:31.831,5.20,43.93,0.00,236.32193781410425,ON,RETRACTED,MANUAL
23:56:31.930,5.62,43.72,0.00,235.0739862861007,ON,RETRACTED,MANUAL
23:56:32.030,6.03,43.50,0.00,233.82640790766263,ON,RETRACTED,MANUAL
23:56:32.132,6.42,43.26,0.00,232.57923386818447,ON,RETRACTED,MANUAL
23:56:32.233,6.80,43.00,0.00,231.3324953469523,ON,RETRACTED,MANUAL
23:56:32.339,7.16,42.73,0.00,230.08622351236417,ON,RETRACTED,MANUAL
23:56:32.440,7.50,42.44,0.00,228.84044952115107,ON,RETRACTED,MANUAL
23:56:32.541,7.82,42.13,0.00,227.5952045175979,ON,RETRACTED,MANUAL
23:56:32.642,8.12,41.81,0.00,226.35051963276482,ON,RETRACTED,MANUAL
23:56:32.742,8.40,41.47,0.00,225.10642598370922,ON,RETRACTED,MANUAL
23:56:32.843,8.66,41.11,0.00,223.86295467270747,ON,RETRACTED,MANUAL
23:56:32.943,8.90,40.73,0.00,222.6201367864776,ON,RETRACTED,MANUAL
23:56:33.044,9.12,40.34,0.00,221.378003395402,ON,RETRACTED,MANUAL
23:56:33.145,9.31,39.94,0.00,220.13658555275083,ON,RETRACTED,MANUAL
23:56:33.246,9.48,39.51,0.00,218.89591429390543,ON,RETRACTED,MANUAL
23:56:33.347,9.63,39.08,0.00,217.6560206355827,ON,RETRACTED,MANUAL
23:56:33.451,9.75,38.62,0.00,216.41693557505948,ON,RETRACTED,MANUAL
23:56:33.553,9.85,38.15,0.00,215.17869008939778,ON,RETRACTED,MANUAL
23:56:33.656,9.92,37.67,0.00,213.94131513467025,ON,RETRACTED,MANUAL
23:56:33.758,9.97,37.17,0.00,212.70484164518626,ON,RETRACTED,MANUAL
23:56:33.859,10.00,36.65,0.00,211.4693005327187,ON,RETRACTED,MANUAL
23:56:33.958,10.00,36.12,0.00,210.23472268573101,ON,RETRACTED,MANUAL
23:56:34.059,9.97,35.58,0.00,209.0011389686051,ON,RETRACTED,MANUAL
23:56:34.162,9.92,35.02,0.00,207.76858022086958,ON,RETRACTED,MANUAL
23:56:34.262,9.84,34.45,0.00,206.537077256429,ON,RETRACTED,MANUAL
23:56:34.364,9.74,33.86,0.00,205.3066608627933,ON,RETRACTED,MANUAL
23:56:34.463,9.62,33.26,0.00,204.07736180030827,ON,RETRACTED,MANUAL
23:56:34.576,9.47,32.65,0.00,202.84921080138642,ON,RETRACTED,MANUAL
23:56:34.675,9.30,32.02,0.00,201.62223856973876,ON,RETRACTED,MANUAL
23:56:34.776,9.10,31.39,0.00,200.3964757796072,ON,RETRACTED,MANUAL
23:56:34.880,8.89,30.73,0.00,199.17195307499762,ON,RETRACTED,MANUAL
23:56:34.982,8.65,30.07,0.00,197.94870106891386,ON,RETRACTED,MANUAL
23:56:35.083,8.38,29.40,0.00,196.7267503425924,ON,RETRACTED,MANUAL
23:56:35.183,8.10,28.71,0.00,195.5061314447377,ON,RETRACTED,MANUAL
23:56:35.288,7.80,28.01,0.00,194.28687489075867,ON,RETRACTED,MANUAL
23:56:35.419,7.47,27.30,0.00,193.06901116200564,ON,RETRACTED,MANUAL
23:56:35.525,7.13,26.58,0.00,191.85257070500842,ON,RETRACTED,MANUAL
23:56:35.659,6.77,25.85,0.00,190.63758393071504,ON,RETRACTED,MANUAL
23:56:35.761,6.40,25.10,0.00,189.42408121373163,ON,RETRACTED,MANUAL
23:56:35.861,6.01,24.35,0.00,188.21209289156283,ON,RETRACTED,MANUAL
23:56:35.962,5.60,23.59,0.00,187.00164926385366,ON,RETRACTED,MANUAL
23:56:36.065,5.18,22.82,0.00,185.79278059163175,ON,RETRACTED,MANUAL
23:56:36.172,4.74,22.04,0.00,184.58551709655086,ON,RETRACTED,MANUAL
23:56:36.270,4.30,21.25,0.00,183.3798889601356,ON,RETRACTED,MANUAL
23:56:36.391,3.84,20.45,0.00,182.17592632302654,ON,RETRACTED,MANUAL
23:56:36.503,3.37,19.65,0.00,180.97365928422687,ON,RETRACTED,MANUAL
23:56:36.610,2.90,18.83,0.00,179.77311790034997,ON,RETRACTED,MANUAL
23:56:36.716,2.42,18.01,0.00,178.57433218486796,ON,RETRACTED,MANUAL
23:56:36.820,1.93,17.18,0.00,177.3773321073612,ON,RETRACTED,MANUAL
23:56:36.923,1.44,16.35,0.00,176.18214759276933,ON,RETRACTED,MANUAL
23:56:37.042,0.94,15.51,0.00,174.98880852064298,ON,RETRACTED,MANUAL
23:56:37.153,0.44,14.66,0.00,173.79734472439674,ON,RETRACTED,MANUAL
23:56:37.257,-0.06,13.81,0.00,172.60778599056354,ON,RETRACTED,MANUAL
23:56:37.360,-0.56,12.95,0.00,171.42016205804973,ON,RETRACTED,MANUAL
23:56:37.475,-1.06,12.08,0.00,170.23450261739174,ON,RETRACTED,MANUAL
23:56:37.586,-1.55,11.21,0.00,169.0508373100139,ON,RETRACTED,MANUAL
23:56:37.693,-2.04,10.34,0.00,167.86919572748718,ON,RETRACTED,MANUAL
23:56:37.797,-2.53,9.46,0.00,166.68960741078965,ON,RETRACTED,MANUAL
23:56:37.899,-3.01,8.58,0.00,165.51210184956773,ON,RETRACTED,MANUAL
23:56:38.004,-3.48,7.69,0.00,164.3367084813992,ON,RETRACTED,MANUAL
23:56:38.110,-3.95,6.81,0.00,163.16345669105698,ON,RETRACTED,MANUAL
23:56:38.215,-4.40,5.92,0.00,161.99237580977476,ON,RETRACTED,MANUAL
23:56:38.315,-4.85,5.02,0.00,160.82349511451355,ON,RETRACTED,MANUAL
23:56:38.416,-5.28,4.13,0.00,159.65684382722986,ON,RETRACTED,MANUAL
23:56:38.517,-5.69,3.23,0.00,158.49245111414515,ON,RETRACTED,MANUAL
23:56:38.617,-6.10,2.33,0.00,157.33034608501657,ON,RETRACTED,MANUAL
23:56:38.718,-6.49,1.43,0.00,156.17055779240928,ON,RETRACTED,MANUAL
23:56:38.818,-6.86,0.53,0.00,155.01311523097024,ON,RETRACTED,MANUAL
23:56:38.919,-7.21,-0.37,0.00,153.85804733670324,ON,RETRACTED,MANUAL
23:56:39.021,-7.55,-1.27,0.00,152.70538298624535,ON,RETRACTED,MANUAL
23:56:39.122,-7.87,-2.17,0.00,151.55515099614541,ON,RETRACTED,MANUAL
23:56:39.224,-8.17,-3.06,0.00,150.40738012214325,ON,RETRACTED,MANUAL
23:56:39.323,-8.45,-3.96,0.00,149.2620990584509,ON,RETRACTED,MANUAL
23:56:39.427,-8.70,-4.86,0.00,148.11933643703534,ON,RETRACTED,MANUAL
23:56:39.529,-8.94,-5.75,0.00,146.97912082690254,ON,RETRACTED,MANUAL
23:56:39.629,-9.15,-6.64,0.00,145.84148073338343,ON,RETRACTED,MANUAL
23:56:39.735,-9.34,-7.53,0.00,144.70644459742104,ON,RETRACTED,MANUAL
23:56:39.836,-9.51,-8.42,0.00,143.57404079485968,ON,RETRACTED,MANUAL
23:56:39.951,-9.65,-9.30,0.00,142.44429763573544,ON,RETRACTED,MANUAL
23:56:40.052,-9.77,-10.18,0.00,141.31724336356845,ON,RETRACTED,MANUAL
23:56:40.152,-9.86,-11.05,0.00,140.19290615465678,ON,RETRACTED,MANUAL
23:56:40.253,-9.93,-11.92,0.00,139.07131411737214,ON,RETRACTED,MANUAL
23:56:40.357,-9.98,-12.79,0.00,137.95249529145704,ON,RETRACTED,MANUAL
23:56:40.458,-10.00,-13.65,0.00,136.83647764732385,ON,RETRACTED,MANUAL
23:56:40.563,-9.99,-14.50,0.00,135.72328908535553,ON,RETRACTED,MANUAL
23:56:40.665,-9.96,-15.35,0.00,134.61295743520816,ON,RETRACTED,MANUAL
23:56:40.769,-9.91,-16.20,0.00,133.5055104551152,ON,RETRACTED,MANUAL
23:56:40.889,-9.83,-17.03,0.00,132.4009758311934,ON,RETRACTED,MANUAL
23:56:41.002,-9.73,-17.86,0.00,131.2993811767509,ON,RETRACTED,MANUAL
23:56:41.109,-9.60,-18.68,0.00,130.20075403159663,ON,RETRACTED,MANUAL
23:56:41.220,-9.44,-19.50,0.00,129.10512186135202,ON,RETRACTED,MANUAL
23:56:41.320,-9.27,-20.31,0.00,128.0125120567643,ON,RETRACTED,MANUAL
23:56:41.422,-9.07,-21.11,0.00,126.92295193302162,ON,RETRACTED,MANUAL
23:56:41.524,-8.85,-21.90,0.00,125.83646872907036,ON,RETRACTED,MANUAL
23:56:41.625,-8.60,-22.68,0.00,124.75308960693404,ON,RETRACTED,MANUAL
23:56:41.725,-8.34,-23.45,0.00,123.67284165103426,ON,RETRACTED,MANUAL
23:56:41.833,-8.05,-24.21,0.00,122.59575186751364,ON,RETRACTED,MANUAL
23:56:41.937,-7.74,-24.97,0.00,121.52184718356074,ON,RETRACTED,MANUAL
23:56:42.037,-7.42,-25.71,0.00,120.45115444673664,ON,RETRACTED,MANUAL
23:56:42.172,-7.07,-26.44,0.00,119.38370042430404,ON,RETRACTED,MANUAL
23:56:42.294,-6.71,-27.17,0.00,118.31951180255791,ON,RETRACTED,MANUAL
23:56:42.399,-6.33,-27.88,0.00,117.25861518615835,ON,RETRACTED,MANUAL
23:56:42.503,-5.94,-28.58,0.00,116.20103709746553,ON,RETRACTED,MANUAL
23:56:42.603,-5.53,-29.27,0.00,115.1468039758766,ON,RETRACTED,MANUAL
23:56:42.704,-5.11,-29.95,0.00,114.09594217716463,ON,RETRACTED,MANUAL
23:56:42.817,-4.67,-30.61,0.00,113.04847797281991,ON,RETRACTED,MANUAL
23:56:42.921,-4.22,-31.27,0.00,112.00443754939295,ON,RETRACTED,MANUAL
23:56:43.023,-3.76,-31.91,0.00,110.96384700784003,ON,RETRACTED,MANUAL
23:56:43.124,-3.30,-32.54,0.00,109.92673236287044,ON,RETRACTED,MANUAL
23:56:43.226,-2.82,-33.15,0.00,108.89311954229626,ON,RETRACTED,MANUAL
23:56:43.328,-2.34,-33.75,0.00,107.86303438638424,ON,RETRACTED,MANUAL
23:56:43.428,-1.85,-34.34,0.00,106.83650264720958,ON,RETRACTED,MANUAL
23:56:43.530,-1.35,-34.92,0.00,105.81354998801231,ON,RETRACTED,MANUAL
23:56:43.630,-0.86,-35.48,0.00,104.79420198255562,ON,RETRACTED,MANUAL
23:56:43.731,-0.36,-36.02,0.00,103.77848411448659,ON,RETRACTED,MANUAL
23:56:43.832,0.14,-36.56,0.00,102.76642177669899,ON,RETRACTED,MANUAL
23:56:43.933,0.64,-37.07,0.00,101.7580402706985,ON,RETRACTED,MANUAL
23:56:44.033,1.14,-37.58,0.00,100.75336480597039,ON,RETRACTED,MANUAL
23:56:44.135,1.63,-38.06,0.00,99.75242049934883,ON,RETRACTED,MANUAL
23:56:44.235,2.13,-38.54,0.00,98.75523237438938,ON,RETRACTED,MANUAL
23:56:44.336,2.61,-38.99,0.00,97.76182536074325,ON,RETRACTED,MANUAL
23:56:44.437,3.09,-39.43,0.00,96.77222429353401,ON,RETRACTED,MANUAL
23:56:44.539,3.56,-39.86,0.00,95.78645391273682,ON,RETRACTED,MANUAL
23:56:44.642,4.02,-40.27,0.00,94.80453886255987,ON,RETRACTED,MANUAL
23:56:44.744,4.48,-40.66,0.00,93.82650369082828,ON,RETRACTED,MANUAL
23:56:44.845,4.92,-41.04,0.00,92.85237284837035,ON,RETRACTED,MANUAL
23:56:44.945,5.35,-41.40,0.00,91.88217068840646,ON,RETRACTED,MANUAL
23:56:45.046,5.76,-41.75,0.00,90.91592146594004,ON,RETRACTED,MANUAL
23:56:45.148,6.16,-42.07,0.00,89.95364933715135,ON,RETRACTED,MANUAL
23:56:45.249,6.55,-42.38,0.00,88.99537835879349,ON,RETRACTED,MANUAL
23:56:45.352,6.92,-42.68,0.00,88.041132487591,ON,RETRACTED,MANUAL
23:56:45.453,7.27,-42.95,0.00,87.09093557964096,ON,RETRACTED,MANUAL
23:56:45.558,7.61,-43.21,0.00,86.14481138981657,ON,RETRACTED,MANUAL
23:56:45.661,7.92,-43.46,0.00,85.20278357117331,ON,RETRACTED,MANUAL
23:56:45.764,8.22,-43.68,0.00,84.2648756743576,ON,RETRACTED,MANUAL
23:56:45.865,8.49,-43.89,0.00,83.33111114701796,ON,RETRACTED,MANUAL
23:56:45.966,8.74,-44.08,0.00,82.40151333321901,ON,RETRACTED,MANUAL
23:56:46.065,8.98,-44.25,0.00,81.47610547285763,ON,RETRACTED,MANUAL
23:56:46.167,9.18,-44.41,0.00,80.55491070108215,ON,RETRACTED,MANUAL
23:56:46.267,9.37,-44.54,0.00,79.63795204771384,ON,RETRACTED,MANUAL
23:56:46.368,9.53,-44.66,0.00,78.72525243667135,ON,RETRACTED,MANUAL
23:56:46.468,9.67,-44.76,0.00,77.81683468539737,ON,RETRACTED,MANUAL
23:56:46.569,9.79,-44.85,0.00,76.91272150428841,ON,RETRACTED,MANUAL
23:56:46.670,9.88,-44.91,0.00,76.01293549612683,ON,RETRACTED,MANUAL
23:56:46.771,9.94,-44.96,0.00,75.11749915551604,ON,RETRACTED,MANUAL
23:56:46.874,9.98,-44.99,0.00,74.22643486831794,ON,RETRACTED,MANUAL
23:56:46.975,10.00,-45.00,0.00,73.33976491109317,ON,RETRACTED,MANUAL
23:56:47.075,9.99,-44.99,0.00,72.45751145054464,ON,RETRACTED,MANUAL
23:56:47.176,9.96,-44.97,0.00,71.57969654296281,ON,RETRACTED,MANUAL
23:56:47.277,9.90,-44.93,0.00,70.70634213367472,ON,RETRACTED,MANUAL
23:56:47.377,9.81,-44.87,0.00,69.83747005649505,ON,RETRACTED,MANUAL
23:56:47.479,9.71,-44.79,0.00,68.97310203318045,ON,RETRACTED,MANUAL
23:56:47.580,9.57,-44.69,0.00,68.11325967288661,ON,RETRACTED,MANUAL
23:56:47.684,9.42,-44.58,0.00,67.25796447162764,ON,RETRACTED,MANUAL
23:56:47.784,9.24,-44.44,0.00,66.4072378117391,ON,RETRACTED,MANUAL
23:56:47.885,9.03,-44.29,0.00,65.56110096134313,ON,RETRACTED,MANUAL
23:56:47.986,8.81,-44.13,0.00,64.71957507381691,ON,RETRACTED,MANUAL
23:56:48.088,8.56,-43.94,0.00,63.88268118726387,ON,RETRACTED,MANUAL
23:56:48.189,8.29,-43.74,0.00,63.05044022398752,ON,RETRACTED,MANUAL
23:56:48.290,8.00,-43.52,0.00,62.22287298996855,ON,RETRACTED,MANUAL
23:56:48.390,7.69,-43.28,0.00,61.400000174344854,ON,RETRACTED,MANUAL
23:56:48.493,7.36,-43.03,0.00,60.581842348893844,ON,RETRACTED,MANUAL
23:56:48.593,7.01,-42.75,0.00,59.76841996751858,ON,RETRACTED,MANUAL
23:56:48.694,6.65,-42.46,0.00,58.95975336573625,ON,RETRACTED,MANUAL
23:56:48.795,6.27,-42.16,0.00,58.155862760169754,ON,RETRACTED,MANUAL
23:56:48.914,5.87,-41.83,0.00,57.35676824804236,ON,RETRACTED,MANUAL
23:56:49.033,5.46,-41.49,0.00,56.5624898066753,ON,RETRACTED,MANUAL
23:56:49.145,5.03,-41.14,0.00,55.773047292988196,ON,RETRACTED,MANUAL
23:56:49.246,4.59,-40.76,0.00,54.98846044300274,ON,RETRACTED,MANUAL
23:56:49.347,4.14,-40.37,0.00,54.20874887134937,ON,RETRACTED,MANUAL
23:56:49.448,3.68,-39.97,0.00,53.43393207077676,ON,RETRACTED,MANUAL
23:56:49.549,3.22,-39.55,0.00,52.664029411664586,ON,RETRACTED,MANUAL
23:56:49.650,2.74,-39.11,0.00,51.89906014153917,ON,RETRACTED,MANUAL
23:56:49.750,2.25,-38.66,0.00,51.1390433845925,ON,RETRACTED,MANUAL
23:56:49.852,1.76,-38.19,0.00,50.38399814120385,ON,RETRACTED,MANUAL
23:56:49.954,1.27,-37.71,0.00,49.63394328746497,ON,RETRACTED,MANUAL
23:56:50.056,0.77,-37.21,0.00,48.88889757470821,ON,RETRACTED,MANUAL
23:56:50.157,0.27,-36.69,0.00,48.14887962903754,ON,RETRACTED,MANUAL
23:56:50.260,-0.23,-36.16,0.00,47.41390795086306,ON,RETRACTED,MANUAL
23:56:50.361,-0.73,-35.62,0.00,46.68400091443846,ON,RETRACTED,MANUAL
23:56:50.461,-1.22,-35.07,0.00,45.9591767674016,ON,RETRACTED,MANUAL
23:56:50.562,-1.72,-34.49,0.00,45.23945363031845,ON,RETRACTED,MANUAL
23:56:50.662,-2.21,-33.91,0.00,44.52484949622993,ON,RETRACTED,MANUAL
23:56:50.763,-2.69,-33.31,0.00,43.81538223020215,ON,RETRACTED,MANUAL
23:56:50.865,-3.17,-32.70,0.00,43.111069568879856,ON,RETRACTED,MANUAL
23:56:50.965,-3.64,-32.07,0.00,42.411929120042885,ON,RETRACTED,MANUAL
23:56:51.066,-4.10,-31.44,0.00,41.71797836216601,ON,RETRACTED,MANUAL
23:56:51.178,-4.55,-30.79,0.00,41.02923464398205,ON,RETRACTED,MANUAL
23:56:51.283,-4.99,-30.12,0.00,40.34571518404812,ON,RETRACTED,MANUAL
23:56:51.384,-5.42,-29.45,0.00,39.66743707031509,ON,RETRACTED,MANUAL
23:56:51.485,-5.83,-28.76,0.00,38.99441725970047,ON,RETRACTED,MANUAL
23:56:51.588,-6.23,-28.07,0.00,38.32667257766448,ON,RETRACTED,MANUAL
23:56:51.689,-6.61,-27.36,0.00,37.66421971778942,ON,RETRACTED,MANUAL
23:56:51.789,-6.98,-26.64,0.00,37.0070752413622,ON,RETRACTED,MANUAL
23:56:51.890,-7.33,-25.91,0.00,36.355255576960616,ON,RETRACTED,MANUAL
23:56:51.991,-7.66,-25.16,0.00,35.70877702004228,ON,RETRACTED,MANUAL
23:56:52.092,-7.97,-24.41,0.00,35.06765573253742,ON,RETRACTED,MANUAL
23:56:52.192,-8.26,-23.65,0.00,34.43190774244488,ON,RETRACTED,MANUAL
23:56:52.292,-8.53,-22.88,0.00,33.80154894343124,ON,RETRACTED,MANUAL
23:56:52.394,-8.78,-22.10,0.00,33.17659509443371,ON,RETRACTED,MANUAL
23:56:52.494,-9.01,-21.31,0.00,32.5570618192659,ON,RETRACTED,MANUAL
23:56:52.595,-9.22,-20.52,0.00,31.942964606227463,ON,RETRACTED,MANUAL
23:56:52.696,-9.40,-19.71,0.00,31.334318807716755,ON,RETRACTED,MANUAL
23:56:52.799,-9.56,-18.90,0.00,30.731139639846987,ON,RETRACTED,MANUAL
23:56:52.901,-9.69,-18.08,0.00,30.133442182066005,ON,RETRACTED,MANUAL
23:56:53.003,-9.80,-17.25,0.00,29.541241376779084,ON,RETRACTED,MANUAL
23:56:53.104,-9.89,-16.42,0.00,28.954552028975485,ON,RETRACTED,MANUAL
23:56:53.204,-9.95,-15.58,0.00,28.373388805858383,ON,RETRACTED,MANUAL
23:56:53.305,-9.99,-14.73,0.00,27.797766236478083,ON,RETRACTED,MANUAL
23:56:53.406,-10.00,-13.87,0.00,27.227698711368845,ON,RETRACTED,MANUAL
23:56:53.507,-9.99,-13.02,0.00,26.663200482189126,ON,RETRACTED,MANUAL
23:56:53.609,-9.95,-12.15,0.00,26.104285661365196,ON,RETRACTED,MANUAL
23:56:53.709,-9.88,-11.28,0.00,25.550968221738486,ON,RETRACTED,MANUAL
23:56:53.810,-9.80,-10.41,0.00,25.003261996216196,ON,RETRACTED,MANUAL
23:56:53.910,-9.68,-9.53,0.00,24.461180677425432,ON,RETRACTED,MANUAL
23:56:54.011,-9.55,-8.65,0.00,23.92473781737087,ON,RETRACTED,MANUAL
23:56:54.112,-9.39,-7.77,0.00,23.39394682709616,ON,RETRACTED,MANUAL
23:56:54.212,-9.20,-6.88,0.00,22.86882097634839,ON,RETRACTED,MANUAL
23:56:54.313,-9.00,-5.99,0.00,22.349373393246424,ON,RETRACTED,MANUAL
23:56:54.414,-8.77,-5.09,0.00,21.83561706395281,ON,RETRACTED,MANUAL
23:56:54.516,-8.52,-4.20,0.00,21.327564832349083,ON,RETRACTED,MANUAL
23:56:54.616,-8.24,-3.30,0.00,20.825229399714487,ON,RETRACTED,MANUAL
23:56:54.717,-7.95,-2.40,0.00,20.32862332440874,ON,RETRACTED,MANUAL
23:56:54.817,-7.64,-1.50,0.00,19.837759021557815,ON,RETRACTED,MANUAL
23:56:54.919,-7.30,-0.60,0.00,19.35264876274374,ON,RETRACTED,MANUAL
23:56:55.022,-6.95,0.30,0.00,18.87330467569771,ON,RETRACTED,MANUAL
23:56:55.121,-6.59,1.20,0.00,18.39973874399695,ON,RETRACTED,MANUAL
23:56:55.222,-6.20,2.09,0.00,17.93196280676503,ON,RETRACTED,MANUAL
23:56:55.324,-5.80,2.99,0.00,17.469988558376116,ON,RETRACTED,MANUAL
23:56:55.425,-5.39,3.89,0.00,17.013827548162283,ON,RETRACTED,MANUAL
23:56:55.525,-4.96,4.79,0.00,16.563491180125055,ON,RETRACTED,MANUAL
23:56:55.625,-4.52,5.68,0.00,16.118990712650174,ON,RETRACTED,MANUAL
23:56:55.726,-4.07,6.57,0.00,15.68033725822616,ON,RETRACTED,MANUAL
23:56:55.826,-3.61,7.46,0.00,15.247541783166554,ON,RETRACTED,MANUAL
23:56:55.928,-3.14,8.35,0.00,14.82061510733567,ON,RETRACTED,MANUAL
23:56:56.029,-2.66,9.23,0.00,14.399567903878193,ON,RETRACTED,MANUAL
23:56:56.132,-2.17,10.11,0.00,13.984410698952246,ON,RETRACTED,MANUAL
23:56:56.233,-1.68,10.98,0.00,13.575153871466341,ON,RETRACTED,MANUAL
23:56:56.333,-1.19,11.85,0.00,13.171807652819865,ON,RETRACTED,MANUAL
23:56:56.434,-0.69,12.72,0.00,12.774382126647254,ON,RETRACTED,MANUAL
23:56:56.535,-0.19,13.58,0.00,12.382887228565977,ON,RETRACTED,MANUAL
23:56:56.636,0.31,14.44,0.00,11.997332745928134,ON,RETRACTED,MANUAL
23:56:56.738,0.81,15.29,0.00,11.617728317575626,ON,RETRACTED,MANUAL
23:56:56.839,1.31,16.13,0.00,11.244083433599457,ON,RETRACTED,MANUAL
23:56:56.941,1.80,16.97,0.00,10.876407435102209,ON,RETRACTED,MANUAL
23:56:57.043,2.29,17.80,0.00,10.51470951396476,ON,RETRACTED,MANUAL
23:56:57.143,2.77,18.62,0.00,10.158998712616267,ON,RETRACTED,MANUAL
23:56:57.244,3.25,19.43,0.00,9.809283923808238,ON,RETRACTED,MANUAL
23:56:57.346,3.72,20.24,0.00,9.465573890392193,ON,RETRACTED,MANUAL
23:56:57.447,4.18,21.04,0.00,9.127877205101015,ON,RETRACTED,MANUAL
23:56:57.548,4.63,21.83,0.00,8.796202310334309,ON,RETRACTED,MANUAL
23:56:57.650,5.06,22.62,0.00,8.47055749794714,ON,RETRACTED,MANUAL
23:56:57.749,5.49,23.39,0.00,8.150950909042876,ON,RETRACTED,MANUAL
23:56:57.851,5.90,24.15,0.00,7.837390533769593,ON,RETRACTED,MANUAL
23:56:57.951,6.30,24.91,0.00,7.529884211120304,ON,RETRACTED,MANUAL
23:56:58.052,6.68,25.65,0.00,7.228439628737107,ON,RETRACTED,MANUAL
23:56:58.153,7.04,26.39,0.00,6.9330643227188204,ON,RETRACTED,MANUAL
23:56:58.254,7.39,27.11,0.00,6.643765677432725,ON,RETRACTED,MANUAL
23:56:58.356,7.71,27.82,0.00,6.360550925329875,ON,RETRACTED,MANUAL
23:56:58.458,8.02,28.52,0.00,6.083427146764365,ON,RETRACTED,MANUAL
23:56:58.559,8.31,29.22,0.00,5.812401269816178,ON,RETRACTED,MANUAL
23:56:58.660,8.58,29.89,0.00,5.547480070118155,ON,RETRACTED,MANUAL
23:56:58.760,8.82,30.56,0.00,5.288670170686487,ON,RETRACTED,MANUAL
23:56:58.865,9.05,31.22,0.00,5.035978041755158,ON,RETRACTED,MANUAL
23:56:58.966,9.25,31.86,0.00,4.789410000614225,ON,RETRACTED,MANUAL
23:56:59.067,9.43,32.49,0.00,4.548972211451911,ON,RETRACTED,MANUAL
23:56:59.168,9.58,33.10,0.00,4.3146706852004115,ON,RETRACTED,MANUAL
23:56:59.268,9.71,33.71,0.00,4.086511279385633,ON,RETRACTED,MANUAL
23:56:59.368,9.82,34.30,0.00,3.8644996979809036,ON,RETRACTED,MANUAL
23:56:59.469,9.90,34.87,0.00,3.6486414912641862,ON,RETRACTED,MANUAL
23:56:59.571,9.96,35.43,0.00,3.438942055679348,ON,RETRACTED,MANUAL
23:56:59.671,9.99,35.98,0.00,3.235406633701416,ON,RETRACTED,MANUAL
23:56:59.773,10.00,36.51,0.00,3.0380403137053236,ON,RETRACTED,MANUAL
23:56:59.873,9.98,37.03,0.00,2.8468480298387817,ON,RETRACTED,MANUAL
23:56:59.973,9.94,37.54,0.00,2.661834561898928,ON,RETRACTED,MANUAL
23:57:00.074,9.87,38.03,0.00,2.4830045352128423,ON,RETRACTED,MANUAL
23:57:00.176,9.78,38.50,0.00,2.3103624205218125,ON,RETRACTED,MANUAL
23:57:00.278,9.66,38.96,0.00,2.1439125338698375,ON,RETRACTED,MANUAL
23:57:00.379,9.52,39.40,0.00,1.983659036495311,ON,RETRACTED,MANUAL
23:57:00.481,9.36,39.83,0.00,1.82960593472734,ON,RETRACTED,MANUAL
23:57:00.581,9.17,40.24,0.00,1.6817570798855002,ON,RETRACTED,MANUAL
23:57:00.682,8.96,40.63,0.00,1.5401161681834026,ON,RETRACTED,MANUAL
23:57:00.784,8.73,41.01,0.00,1.404686740636464,ON,RETRACTED,MANUAL
23:57:00.885,8.47,41.37,0.00,1.275472182973317,ON,RETRACTED,MANUAL
23:57:00.985,8.20,41.72,0.00,1.1524757255512554,ON,RETRACTED,MANUAL
23:57:01.085,7.90,42.05,0.00,1.0357004432752035,ON,RETRACTED,MANUAL
23:57:01.187,7.58,42.36,0.00,0.9251492555211769,ON,RETRACTED,MANUAL
23:57:01.288,7.25,42.66,0.00,0.8208249260631533,ON,RETRACTED,MANUAL
23:57:01.388,6.89,42.93,0.00,0.7227300630038656,ON,RETRACTED,MANUAL
23:57:01.489,6.52,43.19,0.00,0.6308671187098014,ON,RETRACTED,MANUAL
23:57:01.590,6.14,43.44,0.00,0.5452383897497839,ON,RETRACTED,MANUAL
23:57:01.691,5.73,43.66,0.00,0.4658460168376166,ON,RETRACTED,MANUAL
23:57:01.791,5.32,43.87,0.00,0.3926919847784518,ON,RETRACTED,MANUAL
23:57:01.892,4.89,44.06,0.00,0.32577812241930815,ON,RETRACTED,MANUAL
23:57:01.992,4.44,44.24,0.00,0.2651061026031982,ON,RETRACTED,MANUAL
23:57:02.093,3.99,44.39,0.00,0.21067744212749062,ON,RETRACTED,MANUAL
23:57:02.195,3.53,44.53,0.00,0.16249350170591015,ON,RETRACTED,MANUAL
23:57:02.296,3.06,44.65,0.00,0.12055548593440335,ON,RETRACTED,MANUAL
23:57:02.396,2.58,44.76,0.00,0.08486444326115361,ON,RETRACTED,MANUAL
23:57:02.497,2.09,44.84,0.00,0.055421265960461596,ON,RETRACTED,MANUAL
23:57:02.597,1.60,44.91,0.00,0.03222669011012158,ON,RETRACTED,MANUAL
23:57:02.698,1.10,44.96,0.00,0.015281295573430498,ON,RETRACTED,MANUAL
23:57:02.799,0.61,44.99,0.00,0.004585505984294969,ON,RETRACTED,MANUAL
23:57:02.900,0.11,45.00,0.00,0.00013958873691422014,ON,RETRACTED,MANUAL
23:57:03.002,-0.39,44.99,0.00,0.0019436549789588753,ON,RETRACTED,MANUAL
23:57:03.103,-0.89,44.97,0.00,0.009997659608899312,ON,RETRACTED,MANUAL
23:57:03.203,-1.39,44.93,0.00,0.024301401277057266,ON,RETRACTED,MANUAL
23:57:03.303,-1.88,44.87,0.00,0.044854522390608054,ON,RETRACTED,MANUAL
23:57:03.406,-2.37,44.79,0.00,0.0716565091226471,ON,RETRACTED,MANUAL
23:57:03.506,-2.85,44.70,0.00,0.10470669142478073,ON,RETRACTED,MANUAL
23:57:03.608,-3.33,44.59,0.00,0.14400424304429293,ON,RETRACTED,MANUAL
23:57:03.708,-3.80,44.46,0.00,0.18954818154438158,ON,RETRACTED,MANUAL
23:57:03.809,-4.25,44.31,0.00,0.241337368328999,ON,RETRACTED,MANUAL
23:57:03.910,-4.70,44.14,0.00,0.29937050867110315,ON,RETRACTED,MANUAL
23:57:04.017,-5.14,43.96,0.00,0.3636461517452574,ON,RETRACTED,MANUAL
23:57:04.134,-5.56,43.76,0.00,0.4341626906637259,ON,RETRACTED,MANUAL
23:57:04.236,-5.97,43.54,0.00,0.5109183625167191,ON,RETRACTED,MANUAL
23:57:04.336,-6.36,43.30,0.00,0.59391124841639,ON,RETRACTED,MANUAL
23:57:04.437,-6.74,43.05,0.00,0.683139273544981,ON,RETRACTED,MANUAL
23:57:04.538,-7.10,42.78,0.00,0.7786002072064946,ON,RETRACTED,MANUAL
23:57:04.639,-7.44,42.49,0.00,0.8802916628825415,ON,RETRACTED,MANUAL
23:57:04.742,-7.77,42.18,0.00,0.9882110982919983,ON,RETRACTED,MANUAL
23:57:04.849,-8.07,41.86,0.00,1.102355815454672,ON,RETRACTED,MANUAL
23:57:04.949,-8.36,41.52,0.00,1.2227229607585173,ON,RETRACTED,MANUAL
23:57:05.050,-8.62,41.17,0.00,1.349309525031174,ON,RETRACTED,MANUAL
23:57:05.150,-8.86,40.79,0.00,1.4821123436151709,ON,RETRACTED,MANUAL
23:57:05.251,-9.08,40.41,0.00,1.6211280964469665,ON,RETRACTED,MANUAL
23:57:05.353,-9.28,40.00,0.00,1.7663533081399123,ON,RETRACTED,MANUAL
23:57:05.455,-9.46,39.58,0.00,1.9177843480713364,ON,RETRACTED,MANUAL
23:57:05.564,-9.61,39.15,0.00,2.075417430473067,ON,RETRACTED,MANUAL
23:57:05.668,-9.73,38.69,0.00,2.239248614526332,ON,RETRACTED,MANUAL
23:57:05.769,-9.84,38.23,0.00,2.4092738044600424,ON,RETRACTED,MANUAL
23:57:05.874,-9.91,37.74,0.00,2.5854887496532513,ON,RETRACTED,MANUAL
23:57:05.976,-9.97,37.25,0.00,2.767889044741594,ON,RETRACTED,MANUAL
23:57:06.076,-10.00,36.73,0.00,2.9564701297271085,ON,RETRACTED,MANUAL
23:57:06.178,-10.00,36.21,0.00,3.1512272900925495,ON,RETRACTED,MANUAL
23:57:06.279,-9.98,35.67,0.00,3.352155656919024,ON,RETRACTED,MANUAL
23:57:06.379,-9.93,35.11,0.00,3.559250207007807,ON,RETRACTED,MANUAL
23:57:06.480,-9.86,34.54,0.00,3.7725057630059666,ON,RETRACTED,MANUAL
23:57:06.582,-9.76,33.96,0.00,3.991916993535739,ON,RETRACTED,MANUAL
23:57:06.682,-9.64,33.36,0.00,4.21747841332774,ON,RETRACTED,MANUAL
23:57:06.790,-9.50,32.75,0.00,4.449184383358215,ON,RETRACTED,MANUAL
23:57:06.908,-9.33,32.12,0.00,4.687029110990011,ON,RETRACTED,MANUAL
23:57:07.011,-9.14,31.49,0.00,4.931006650117297,ON,RETRACTED,MANUAL
23:57:07.113,-8.92,30.84,0.00,5.181110901314355,ON,RETRACTED,MANUAL
23:57:07.213,-8.68,30.18,0.00,5.437335611987862,ON,RETRACTED,MANUAL
23:57:07.314,-8.43,29.50,0.00,5.699674376533437,ON,RETRACTED,MANUAL
23:57:07.416,-8.15,28.82,0.00,5.968120636495627,ON,RETRACTED,MANUAL
23:57:07.531,-7.85,28.12,0.00,6.242667680731927,ON,RETRACTED,MANUAL
23:57:07.633,-7.53,27.41,0.00,6.523308645580471,ON,RETRACTED,MANUAL
23:57:07.735,-7.19,26.69,0.00,6.81003651503184,ON,RETRACTED,MANUAL
23:57:07.835,-6.83,25.96,0.00,7.102844120904166,ON,RETRACTED,MANUAL
23:57:07.935,-6.46,25.22,0.00,7.401724143022591,ON,RETRACTED,MANUAL
23:57:08.036,-6.07,24.47,0.00,7.706669109402128,ON,RETRACTED,MANUAL
23:57:08.137,-5.66,23.71,0.00,8.017671396434451,ON,RETRACTED,MANUAL
23:57:08.238,-5.25,22.94,0.00,8.334723229078634,ON,RETRACTED,MANUAL
23:57:08.338,-4.81,22.16,0.00,8.657816681055323,ON,RETRACTED,MANUAL
23:57:08.440,-4.37,21.38,0.00,8.986943675045126,ON,RETRACTED,MANUAL
23:57:08.540,-3.91,20.58,0.00,9.32209598289026,ON,RETRACTED,MANUAL
23:57:08.678,-3.45,19.78,0.00,9.66326522580053,ON,RETRACTED,MANUAL
23:57:08.777,-2.98,18.96,0.00,10.010442874562614,ON,RETRACTED,MANUAL
23:57:08.879,-2.49,18.14,0.00,10.363620249753382,ON,RETRACTED,MANUAL
23:57:08.979,-2.01,17.32,0.00,10.72278852195683,ON,RETRACTED,MANUAL
23:57:09.079,-1.52,16.48,0.00,11.08793871198489,ON,RETRACTED,MANUAL
23:57:09.193,-1.02,15.64,0.00,11.459061691101766,ON,RETRACTED,MANUAL
23:57:09.293,-0.52,14.80,0.00,11.836148181252412,ON,RETRACTED,MANUAL
23:57:09.395,-0.02,13.94,0.00,12.219188755294141,ON,RETRACTED,MANUAL
23:57:09.494,0.48,13.08,0.00,12.608173837232584,ON,RETRACTED,MANUAL
23:57:09.597,0.98,12.22,0.00,13.003093702460916,ON,RETRACTED,MANUAL
23:57:09.696,1.47,11.35,0.00,13.403938478003113,ON,RETRACTED,MANUAL
23:57:09.851,1.97,10.48,0.00,13.810698142760629,ON,RETRACTED,MANUAL
23:57:09.966,2.45,9.60,0.00,14.223362527763072,ON,RETRACTED,MANUAL
23:57:10.069,2.93,8.72,0.00,14.64192131642227,ON,RETRACTED,MANUAL
23:57:10.169,3.41,7.84,0.00,15.066364044790333,ON,RETRACTED,MANUAL
23:57:10.270,3.87,6.95,0.00,15.496680101821141,ON,RETRACTED,MANUAL
23:57:10.370,4.33,6.06,0.00,15.932858729635683,ON,RETRACTED,MANUAL
23:57:10.478,4.78,5.16,0.00,16.374889023791013,ON,RETRACTED,MANUAL
23:57:10.580,5.21,4.27,0.00,16.82275993355276,ON,RETRACTED,MANUAL
23:57:10.704,5.63,3.37,0.00,17.276460262171497,ON,RETRACTED,MANUAL
23:57:10.823,6.03,2.47,0.00,17.73597866716267,ON,RETRACTED,MANUAL
23:57:10.928,6.43,1.58,0.00,18.2013036605901,ON,RETRACTED,MANUAL
23:57:11.035,6.80,0.68,0.00,18.67242360935316,ON,RETRACTED,MANUAL
23:57:11.137,7.16,-0.22,0.00,19.149326735477672,ON,RETRACTED,MANUAL
23:57:11.241,7.50,-1.12,0.00,19.632001116410322,ON,RETRACTED,MANUAL
23:57:11.347,7.82,-2.02,0.00,20.120434685316724,ON,RETRACTED,MANUAL
23:57:11.450,8.12,-2.92,0.00,20.614615231383112,ON,RETRACTED,MANUAL
23:57:11.558,8.40,-3.82,0.00,21.114530400121538,ON,RETRACTED,MANUAL
23:57:11.658,8.66,-4.72,0.00,21.620167693678866,ON,RETRACTED,MANUAL
23:57:11.762,8.90,-5.61,0.00,22.131514471149046,ON,RETRACTED,MANUAL
23:57:11.862,9.12,-6.50,0.00,22.648557948889305,ON,RETRACTED,MANUAL
23:57:11.965,9.31,-7.39,0.00,23.171285200839634,ON,RETRACTED,MANUAL
23:57:12.093,9.48,-8.28,0.00,23.699683158845943,ON,RETRACTED,MANUAL
23:57:12.194,9.63,-9.16,0.00,24.23373861298677,ON,RETRACTED,MANUAL
23:57:12.297,9.75,-10.04,0.00,24.773438211903652,ON,RETRACTED,MANUAL
23:57:12.397,9.85,-10.91,0.00,25.31876846313466,ON,RETRACTED,MANUAL
23:57:12.499,9.92,-11.78,0.00,25.869715733451983,ON,RETRACTED,MANUAL
23:57:12.600,9.97,-12.65,0.00,26.426266249202456,ON,RETRACTED,MANUAL
23:57:12.704,10.00,-13.51,0.00,26.988406096652284,ON,RETRACTED,MANUAL
23:57:12.803,10.00,-14.37,0.00,27.556121222334497,ON,RETRACTED,MANUAL
23:57:12.906,9.97,-15.22,0.00,28.1293974334005,ON,RETRACTED,MANUAL
23:57:13.005,9.92,-16.06,0.00,28.70822039797497,ON,RETRACTED,MANUAL
23:57:13.106,9.84,-16.90,0.00,29.292575645513836,ON,RETRACTED,MANUAL
23:57:13.207,9.74,-17.73,0.00,29.882448567166364,ON,RETRACTED,MANUAL
23:57:13.307,9.62,-18.55,0.00,30.477824416140294,ON,RETRACTED,MANUAL
23:57:13.408,9.47,-19.37,0.00,31.078688308070355,ON,RETRACTED,MANUAL
23:57:13.509,9.30,-20.18,0.00,31.68502522139059,ON,RETRACTED,MANUAL
23:57:13.613,9.10,-20.98,0.00,32.29681999770966,ON,RETRACTED,MANUAL
23:57:13.719,8.88,-21.77,0.00,32.91405734219015,ON,RETRACTED,MANUAL
23:57:13.818,8.64,-22.55,0.00,33.53672182393046,ON,RETRACTED,MANUAL
23:57:13.920,8.38,-23.33,0.00,34.16479787635109,ON,RETRACTED,MANUAL
23:57:14.026,8.10,-24.09,0.00,34.79826979758337,ON,RETRACTED,MANUAL
23:57:14.140,7.79,-24.85,0.00,35.4371217508623,ON,RETRACTED,MANUAL
23:57:14.239,7.47,-25.59,0.00,36.081337764922324,ON,RETRACTED,MANUAL
23:57:14.342,7.13,-26.33,0.00,36.73090173439658,ON,RETRACTED,MANUAL
23:57:14.445,6.77,-27.05,0.00,37.385797420219745,ON,RETRACTED,MANUAL
23:57:14.547,6.39,-27.77,0.00,38.046008450033725,ON,RETRACTED,MANUAL
23:57:14.652,6.00,-28.47,0.00,38.7115183185972,ON,RETRACTED,MANUAL
23:57:14.757,5.59,-29.16,0.00,39.38231038819811,ON,RETRACTED,MANUAL
23:57:14.858,5.17,-29.84,0.00,40.05836788906964,ON,RETRACTED,MANUAL
23:57:14.958,4.74,-30.51,0.00,40.73967391980946,ON,RETRACTED,MANUAL
23:57:15.058,4.29,-31.16,0.00,41.4262114478023,ON,RETRACTED,MANUAL
23:57:15.159,3.84,-31.81,0.00,42.11796330964577,ON,RETRACTED,MANUAL
23:57:15.267,3.37,-32.44,0.00,42.8149122115793,ON,RETRACTED,MANUAL
23:57:15.374,2.90,-33.05,0.00,43.51704072991663,ON,RETRACTED,MANUAL
23:57:15.475,2.41,-33.66,0.00,44.22433131148139,ON,RETRACTED,MANUAL
23:57:15.575,1.93,-34.25,0.00,44.93676627404588,ON,RETRACTED,MANUAL
23:57:15.676,1.43,-34.83,0.00,45.65432780677318,ON,RETRACTED,MANUAL
23:57:15.778,0.94,-35.39,0.00,46.376997970662245,ON,RETRACTED,MANUAL
23:57:15.907,0.44,-35.94,0.00,294.2095173979934,ON,DEPLOYED,MANUAL
23:57:16.013,-0.06,-36.47,0.00,295.6751835955925,ON,DEPLOYED,MANUAL
23:57:16.114,-0.56,-36.99,0.00,297.1509578925431,ON,DEPLOYED,MANUAL
23:57:16.228,-1.06,-37.50,0.00,298.63680339456465,ON,DEPLOYED,MANUAL
23:57:16.332,-1.56,-37.99,0.00,300.13268295559703,ON,DEPLOYED,MANUAL
23:57:16.431,-2.05,-38.46,0.00,301.63855917872905,ON,DEPLOYED,MANUAL
23:57:16.533,-2.53,-38.92,0.00,303.1543944171336,ON,DEPLOYED,MANUAL
23:57:16.634,-3.01,-39.36,0.00,304.6801507750087,ON,DEPLOYED,MANUAL
23:57:16.735,-3.49,-39.79,0.00,306.2157901085249,ON,DEPLOYED,MANUAL
23:57:16.836,-3.95,-40.21,0.00,307.7612740267787,ON,DEPLOYED,MANUAL
23:57:16.936,-4.41,-40.60,0.00,309.3165638927528,ON,DEPLOYED,MANUAL
23:57:17.037,-4.85,-40.98,0.00,310.8816208242814,ON,DEPLOYED,MANUAL
23:57:17.139,-5.28,-41.35,0.00,312.4564056950229,ON,DEPLOYED,MANUAL
23:57:17.238,-5.70,-41.69,0.00,314.0408791354374,ON,DEPLOYED,MANUAL
23:57:17.339,-6.10,-42.02,0.00,315.6350015337715,ON,DEPLOYED,MANUAL
23:57:17.441,-6.49,-42.34,0.00,317.2387330370483,ON,DEPLOYED,MANUAL
23:57:17.542,-6.86,-42.63,0.00,318.85203355206363,ON,DEPLOYED,MANUAL
23:57:17.643,-7.22,-42.91,0.00,320.47486274638874,ON,DEPLOYED,MANUAL
23:57:17.745,-7.55,-43.17,0.00,322.1071800493782,ON,DEPLOYED,MANUAL
23:57:17.845,-7.87,-43.42,0.00,323.74894465318454,ON,DEPLOYED,MANUAL
23:57:17.946,-8.17,-43.65,0.00,325.4001155137782,ON,DEPLOYED,MANUAL
23:57:18.050,-8.45,-43.86,0.00,327.0606513519735,ON,DEPLOYED,MANUAL
23:57:18.152,-8.71,-44.05,0.00,328.7305106544611,ON,DEPLOYED,MANUAL
23:57:18.251,-8.94,-44.23,0.00,330.4096516748454,ON,DEPLOYED,MANUAL
23:57:18.353,-9.15,-44.38,0.00,332.0980324346883,ON,DEPLOYED,MANUAL
23:57:18.453,-9.34,-44.52,0.00,333.7956107245588,ON,DEPLOYED,MANUAL
23:57:18.553,-9.51,-44.64,0.00,335.5023441050881,ON,DEPLOYED,MANUAL
23:57:18.655,-9.65,-44.75,0.00,337.2181899080304,ON,DEPLOYED,MANUAL
23:57:18.755,-9.77,-44.83,0.00,338.9431052373302,ON,DEPLOYED,MANUAL
23:57:18.861,-9.86,-44.90,0.00,340.677046970194,ON,DEPLOYED,MANUAL
23:57:18.963,-9.93,-44.95,0.00,342.4199717581688,ON,DEPLOYED,MANUAL
23:57:19.064,-9.98,-44.99,0.00,344.1718360282257,ON,DEPLOYED,MANUAL
23:57:19.166,-10.00,-45.00,0.00,345.9325959838492,ON,DEPLOYED,MANUAL
23:57:19.268,-9.99,-45.00,0.00,347.702207606132,ON,DEPLOYED,MANUAL
23:57:19.367,-9.96,-44.97,0.00,349.4806266548759,ON,DEPLOYED,MANUAL
23:57:19.467,-9.91,-44.93,0.00,351.26780866969716,ON,DEPLOYED,MANUAL
23:57:19.568,-9.83,-44.88,0.00,353.0637089711385,ON,DEPLOYED,MANUAL
23:57:19.673,-9.72,-44.80,0.00,354.86828266178605,ON,DEPLOYED,MANUAL
23:57:19.772,-9.60,-44.71,0.00,356.6814846273914,ON,DEPLOYED,MANUAL
23:57:19.876,-9.44,-44.60,0.00,358.50326953799987,ON,DEPLOYED,MANUAL
23:57:19.979,-9.27,-44.47,0.00,360.3335918490837,ON,DEPLOYED,MANUAL
23:57:20.080,-9.07,-44.32,0.00,362.1724058026802,ON,DEPLOYED,MANUAL
23:57:20.181,-8.84,-44.15,0.00,364.0196654285366,ON,DEPLOYED,MANUAL
23:57:20.283,-8.60,-43.97,0.00,365.87532454525814,ON,DEPLOYED,MANUAL
23:57:20.384,-8.33,-43.77,0.00,367.73933676146385,ON,DEPLOYED,MANUAL
23:57:20.483,-8.05,-43.55,0.00,369.61165547694526,ON,DEPLOYED,MANUAL
23:57:20.584,-7.74,-43.32,0.00,371.49223388383194,ON,DEPLOYED,MANUAL
23:57:20.685,-7.42,-43.07,0.00,373.3810249677618,ON,DEPLOYED,MANUAL
23:57:20.786,-7.07,-42.80,0.00,375.2779815090561,ON,DEPLOYED,MANUAL
23:57:20.886,-6.71,-42.51,0.00,377.1830560839,ON,DEPLOYED,MANUAL
23:57:20.986,-6.33,-42.21,0.00,379.0962010655285,ON,DEPLOYED,MANUAL
23:57:21.086,-5.93,-41.89,0.00,381.01736862541657,ON,DEPLOYED,MANUAL
23:57:21.187,-5.52,-41.55,0.00,382.94651073447534,ON,DEPLOYED,MANUAL
23:57:21.287,-5.10,-41.20,0.00,384.88357916425247,ON,DEPLOYED,MANUAL
23:57:21.389,-4.67,-40.82,0.00,386.82852548813827,ON,DEPLOYED,MANUAL
23:57:21.490,-4.22,-40.44,0.00,388.7813010825758,ON,DEPLOYED,MANUAL
23:57:21.589,-3.76,-40.04,0.00,390.741857128277,ON,DEPLOYED,MANUAL
23:57:21.694,-3.29,-39.62,0.00,392.71014461144273,ON,DEPLOYED,MANUAL
23:57:21.797,-2.81,-39.18,0.00,394.68611432498864,ON,DEPLOYED,MANUAL
23:57:21.895,-2.33,-38.73,0.00,396.6697168697745,ON,DEPLOYED,MANUAL
23:57:22.016,-1.84,-38.26,0.00,398.66090265584023,ON,DEPLOYED,MANUAL
23:57:22.118,-1.35,-37.78,0.00,400.65962190364485,ON,DEPLOYED,MANUAL
23:57:22.226,-0.85,-37.29,0.00,402.66582464531115,ON,DEPLOYED,MANUAL
23:57:22.328,-0.35,-36.78,0.00,404.67946072587523,ON,DEPLOYED,MANUAL
23:57:22.427,0.15,-36.25,0.00,406.7004798045399,ON,DEPLOYED,MANUAL
23:57:22.528,0.65,-35.71,0.00,408.7288313559333,ON,DEPLOYED,MANUAL
23:57:22.635,1.14,-35.15,0.00,410.76446467137254,ON,DEPLOYED,MANUAL
23:57:22.736,1.64,-34.59,0.00,412.80732886013067,ON,DEPLOYED,MANUAL
23:57:22.837,2.13,-34.00,0.00,414.85737285070934,ON,DEPLOYED,MANUAL
23:57:22.938,2.62,-33.41,0.00,416.91454539211554,ON,DEPLOYED,MANUAL
23:57:23.042,3.09,-32.80,0.00,418.9787950551428,ON,DEPLOYED,MANUAL
23:57:23.143,3.57,-32.17,0.00,421.0500702336573,ON,DEPLOYED,MANUAL
23:57:23.244,4.03,-31.54,0.00,423.12831914588725,ON,DEPLOYED,MANUAL
23:57:23.346,4.48,-30.89,0.00,112.60674491785909,ON,RETRACTED,MANUAL
23:57:23.446,4.92,-30.23,0.00,113.65276508699571,ON,RETRACTED,MANUAL
23:57:23.547,5.35,-29.56,0.00,114.70219392990376,ON,RETRACTED,MANUAL
23:57:23.649,5.77,-28.87,0.00,115.75500521091675,ON,RETRACTED,MANUAL
23:57:23.748,6.17,-28.18,0.00,116.81117260980756,ON,RETRACTED,MANUAL
23:57:23.849,6.55,-27.47,0.00,117.8706697224462,ON,RETRACTED,MANUAL
23:57:23.950,6.92,-26.75,0.00,118.93347006146007,ON,RETRACTED,MANUAL
23:57:24.054,7.27,-26.02,0.00,119.999547056896,ON,RETRACTED,MANUAL
23:57:24.154,7.61,-25.28,0.00,121.06887405688465,ON,RETRACTED,MANUAL
23:57:24.260,7.92,-24.53,0.00,122.14142432830671,ON,RETRACTED,MANUAL
23:57:24.361,8.22,-23.77,0.00,123.21717105746127,ON,RETRACTED,MANUAL
23:57:24.461,8.49,-23.01,0.00,124.29608735073613,ON,RETRACTED,MANUAL
23:57:24.563,8.75,-22.23,0.00,125.37814623528014,ON,RETRACTED,MANUAL
23:57:24.669,8.98,-21.44,0.00,126.46332065967752,ON,RETRACTED,MANUAL
23:57:24.770,9.19,-20.64,0.00,127.55158349462424,ON,RETRACTED,MANUAL
23:57:24.873,9.37,-19.84,0.00,128.64290753360604,ON,RETRACTED,MANUAL
23:57:24.972,9.54,-19.03,0.00,129.73726549357883,ON,RETRACTED,MANUAL
23:57:25.078,9.67,-18.21,0.00,130.83463001565065,ON,RETRACTED,MANUAL
23:57:25.178,9.79,-17.38,0.00,131.93497366576548,ON,RETRACTED,MANUAL
23:57:25.287,9.88,-16.55,0.00,133.03826893538945,ON,RETRACTED,MANUAL
23:57:25.391,9.94,-15.71,0.00,134.1444882421983,ON,RETRACTED,MANUAL
23:57:25.499,9.98,-14.86,0.00,135.25360393076693,ON,RETRACTED,MANUAL
23:57:25.601,10.00,-14.01,0.00,136.36558827326095,ON,RETRACTED,MANUAL
23:57:25.703,9.99,-13.15,0.00,137.48041347012966,ON,RETRACTED,MANUAL
23:57:25.803,9.96,-12.29,0.00,138.59805165080124,ON,RETRACTED,MANUAL
23:57:25.905,9.90,-11.42,0.00,139.71847487437935,ON,RETRACTED,MANUAL
23:57:26.005,9.81,-10.55,0.00,140.84165513034176,ON,RETRACTED,MANUAL
23:57:26.106,9.70,-9.67,0.00,141.9675643392406,ON,RETRACTED,MANUAL
23:57:26.206,9.57,-8.79,0.00,143.09617435340425,ON,RETRACTED,MANUAL
23:57:26.307,9.41,-7.91,0.00,144.22745695764115,ON,RETRACTED,MANUAL
23:57:26.408,9.23,-7.02,0.00,145.36138386994514,ON,RETRACTED,MANUAL
23:57:26.510,9.03,-6.13,0.00,146.49792674220248,ON,RETRACTED,MANUAL
23:57:26.614,8.81,-5.24,0.00,147.6370571609005,ON,RETRACTED,MANUAL
23:57:26.714,8.56,-4.34,0.00,148.7787466478381,ON,RETRACTED,MANUAL
23:57:26.814,8.29,-3.44,0.00,149.92296666083755,ON,RETRACTED,MANUAL
23:57:26.917,8.00,-2.55,0.00,151.06968859445814,ON,RETRACTED,MANUAL
23:57:27.019,7.69,-1.65,0.00,152.21888378071125,ON,RETRACTED,MANUAL
23:57:27.120,7.36,-0.75,0.00,153.3705234897771,ON,RETRACTED,MANUAL
23:57:27.223,7.01,0.15,0.00,154.5245789307229,ON,RETRACTED,MANUAL
23:57:27.323,6.65,1.05,0.00,155.68102125222273,ON,RETRACTED,MANUAL
23:57:27.427,6.26,1.95,0.00,156.83982154327884,ON,RETRACTED,MANUAL
23:57:27.528,5.87,2.85,0.00,158.00095083394427,ON,RETRACTED,MANUAL
23:57:27.629,5.45,3.75,0.00,159.16438009604724,ON,RETRACTED,MANUAL
23:57:27.730,5.03,4.64,0.00,160.33008024391677,ON,RETRACTED,MANUAL
23:57:27.833,4.59,5.54,0.00,161.4980221351099,ON,RETRACTED,MANUAL
23:57:27.936,4.14,6.43,0.00,162.66817657114018,ON,RETRACTED,MANUAL
23:57:28.037,3.68,7.32,0.00,163.8405142982076,ON,RETRACTED,MANUAL
23:57:28.137,3.21,8.21,0.00,165.01500600793014,ON,RETRACTED,MANUAL
23:57:28.241,2.73,9.09,0.00,166.19162233807617,ON,RETRACTED,MANUAL
23:57:28.351,2.25,9.97,0.00,167.37033387329876,ON,RETRACTED,MANUAL
23:57:28.447,1.76,10.84,0.00,168.55111114587083,ON,RETRACTED,MANUAL
23:57:28.552,1.27,11.72,0.00,169.73392463642216,ON,RETRACTED,MANUAL
23:57:28.654,0.77,12.58,0.00,170.91874477467707,ON,RETRACTED,MANUAL
23:57:28.756,0.27,13.44,0.00,172.10554194019377,ON,RETRACTED,MANUAL
23:57:28.856,-0.23,14.30,0.00,173.29428646310498,ON,RETRACTED,MANUAL
23:57:28.957,-0.73,15.15,0.00,174.4849486248595,ON,RETRACTED,MANUAL
23:57:29.059,-1.23,15.99,0.00,175.67749865896533,ON,RETRACTED,MANUAL
23:57:29.160,-1.72,16.83,0.00,176.87190675173372,ON,RETRACTED,MANUAL
23:57:29.260,-2.21,17.66,0.00,178.06814304302458,ON,RETRACTED,AUTO
23:57:29.361,-2.70,18.49,0.00,179.26617762699289,ON,RETRACTED,AUTO
23:57:29.462,-3.17,19.30,0.00,180.46598055283647,ON,RETRACTED,AUTO
23:57:29.565,-3.64,20.11,0.00,181.6675218255447,ON,RETRACTED,AUTO
23:57:29.669,-4.11,20.92,0.00,182.8707714066483,ON,RETRACTED,AUTO
23:57:29.771,-4.56,21.71,0.00,184.07569921497037,ON,RETRACTED,AUTO
23:57:29.871,-5.00,22.49,0.00,185.28227512737857,ON,RETRACTED,AUTO
23:57:29.974,-5.42,23.27,0.00,186.49046897953784,ON,RETRACTED,AUTO
23:57:30.075,-5.84,24.03,0.00,187.70025056666483,ON,RETRACTED,AUTO
23:57:30.175,-6.23,24.79,0.00,188.91158964428288,ON,RETRACTED,AUTO
23:57:30.292,-6.62,25.53,0.00,190.12445592897814,ON,RETRACTED,AUTO
23:57:30.392,-6.98,26.27,0.00,191.33881909915667,ON,RETRACTED,AUTO
23:57:30.495,-7.33,27.00,0.00,192.55464879580242,ON,RETRACTED,AUTO
23:57:30.598,-7.66,27.71,0.00,193.77191462323634,ON,RETRACTED,AUTO
23:57:30.699,-7.97,28.41,0.00,194.99058614987615,ON,RETRACTED,AUTO
23:57:30.802,-8.27,29.11,0.00,196.21063290899713,ON,RETRACTED,AUTO
23:57:30.901,-8.54,29.79,0.00,197.43202439949386,ON,RETRACTED,AUTO
23:57:31.004,-8.79,30.46,0.00,198.65473008664267,ON,RETRACTED,AUTO
23:57:31.104,-9.01,31.11,0.00,199.8787194028651,ON,RETRACTED,AUTO
23:57:31.205,-9.22,31.76,0.00,602.207923496984,ON,DEPLOYED,AUTO
23:57:31.307,-9.40,32.39,0.00,604.6608529850569,ON,DEPLOYED,AUTO
23:57:31.418,-9.56,33.01,0.00,607.1161659468396,ON,DEPLOYED,AUTO
23:57:31.520,-9.69,33.61,0.00,609.573800999636,ON,DEPLOYED,AUTO
23:57:31.621,-9.81,34.20,0.00,612.0336967026977,ON,DEPLOYED,AUTO
23:57:31.722,-9.89,34.78,0.00,614.4957915587603,ON,DEPLOYED,AUTO
23:57:31.822,-9.95,35.34,0.00,616.9600240155805,ON,DEPLOYED,AUTO
23:57:31.922,-9.99,35.89,0.00,619.4263324674754,ON,DEPLOYED,AUTO
23:57:32.024,-10.00,36.43,0.00,621.894655256862,ON,DEPLOYED,AUTO
23:57:32.125,-9.99,36.95,0.00,624.3649306757993,ON,DEPLOYED,AUTO
23:57:32.228,-9.95,37.46,0.00,626.8370969675302,ON,DEPLOYED,AUTO
23:57:32.328,-9.88,37.95,0.00,629.3110923280265,ON,DEPLOYED,AUTO
23:57:32.458,-9.80,38.42,0.00,631.7868549075329,ON,DEPLOYED,AUTO
23:57:32.561,-9.68,38.89,0.00,634.2643228121137,ON,DEPLOYED,AUTO
23:57:32.691,-9.55,39.33,0.00,636.7434341052005,ON,DEPLOYED,AUTO
23:57:32.795,-9.39,39.76,0.00,639.2241268091401,ON,DEPLOYED,AUTO
23:57:32.903,-9.20,40.17,0.00,641.706338906744,ON,DEPLOYED,AUTO
23:57:33.006,-8.99,40.57,0.00,644.1900083428392,ON,DEPLOYED,AUTO
23:57:33.106,-8.76,40.95,0.00,646.675073025819,ON,DEPLOYED,AUTO
23:57:33.206,-8.51,41.32,0.00,649.1614708291959,ON,DEPLOYED,AUTO
23:57:33.309,-8.24,41.67,0.00,651.6491395931541,ON,DEPLOYED,AUTO
23:57:33.408,-7.95,42.00,0.00,654.1380171261042,ON,DEPLOYED,AUTO
23:57:33.508,-7.63,42.31,0.00,656.6280412062376,ON,DEPLOYED,AUTO
23:57:33.610,-7.30,42.61,0.00,659.1191495830818,ON,DEPLOYED,AUTO
23:57:33.712,-6.95,42.89,0.00,661.6112799790573,ON,DEPLOYED,AUTO
23:57:33.815,-6.58,43.15,0.00,664.1043700910338,ON,DEPLOYED,AUTO
23:57:33.914,-6.20,43.40,0.00,666.5983575918885,ON,DEPLOYED,AUTO
23:57:34.013,-5.80,43.63,0.00,669.0931801320638,ON,DEPLOYED,AUTO
23:57:34.115,-5.38,43.84,0.00,671.588775341126,ON,DEPLOYED,AUTO
23:57:34.214,-4.96,44.04,0.00,674.085080829325,ON,DEPLOYED,AUTO
23:57:34.316,-4.52,44.21,0.00,676.5820341891534,ON,DEPLOYED,AUTO
23:57:34.417,-4.06,44.37,0.00,679.0795729969075,ON,DEPLOYED,AUTO
23:57:34.517,-3.60,44.51,0.00,681.5776348142471,ON,DEPLOYED,AUTO
23:57:34.619,-3.13,44.64,0.00,684.0761571897567,ON,DEPLOYED,AUTO
23:57:34.719,-2.65,44.74,0.00,686.5750776605073,ON,DEPLOYED,AUTO
23:57:34.820,-2.17,44.83,0.00,689.0743337536171,ON,DEPLOYED,AUTO
23:57:34.922,-1.68,44.90,0.00,691.5738629878141,ON,DEPLOYED,AUTO
23:57:35.074,-1.18,44.95,0.00,694.0736028749975,ON,DEPLOYED,AUTO
23:57:35.123,-0.68,44.98,0.00,696.5734909218004,ON,DEPLOYED,AUTO
23:57:35.226,-0.19,45.00,0.00,699.0734646311516,ON,DEPLOYED,AUTO
23:57:35.328,0.31,45.00,0.00,701.5734615038391,ON,DEPLOYED,AUTO
23:57:35.428,0.81,44.98,0.00,704.0734190400707,ON,DEPLOYED,AUTO
23:57:35.532,1.31,44.94,0.00,706.5732747410385,ON,DEPLOYED,AUTO
23:57:35.634,1.80,44.88,0.00,709.0729661104801,ON,DEPLOYED,AUTO
23:57:35.734,2.29,44.81,0.00,711.5724306562416,ON,DEPLOYED,AUTO
23:57:35.838,2.78,44.72,0.00,714.0716058918393,ON,DEPLOYED,AUTO
23:57:35.939,3.25,44.61,0.00,716.5704293380228,ON,DEPLOYED,AUTO
23:57:36.039,3.72,44.48,0.00,719.0688385243357,ON,DEPLOYED,AUTO
23:57:36.139,4.18,44.33,0.00,721.5667709906787,ON,DEPLOYED,AUTO
23:57:36.239,4.63,44.17,0.00,724.0641642888703,ON,DEPLOYED,AUTO
23:57:36.345,5.07,43.99,0.00,726.5609559842079,ON,DEPLOYED,AUTO
23:57:36.447,5.49,43.79,0.00,729.0570836570294,ON,DEPLOYED,AUTO
23:57:36.548,5.90,43.57,0.00,731.5524849042728,ON,DEPLOYED,AUTO
23:57:36.649,6.30,43.34,0.00,734.0470973410369,ON,DEPLOYED,AUTO
23:57:36.756,6.68,43.09,0.00,736.5408586021408,ON,DEPLOYED,AUTO
23:57:36.855,7.04,42.82,0.00,739.0337063436828,ON,DEPLOYED,AUTO
23:57:36.956,7.39,42.53,0.00,741.5255782445992,ON,DEPLOYED,AUTO
23:57:37.060,7.72,42.23,0.00,744.0164120082223,ON,DEPLOYED,AUTO
23:57:37.162,8.02,41.91,0.00,746.5061453638377,ON,DEPLOYED,AUTO
23:57:37.265,8.31,41.58,0.00,748.9947160682412,ON,DEPLOYED,AUTO
23:57:37.368,8.58,41.22,0.00,751.4820619072949,ON,DEPLOYED,AUTO
23:57:37.467,8.83,40.85,0.00,753.9681206974822,ON,DEPLOYED,AUTO
23:57:37.577,9.05,40.47,0.00,756.4528302874629,ON,DEPLOYED,AUTO
23:57:37.682,9.25,40.07,0.00,758.9361285596267,ON,DEPLOYED,AUTO
23:57:37.783,9.43,39.65,0.00,761.417953431646,ON,DEPLOYED,AUTO
23:57:37.883,9.58,39.22,0.00,763.8982428580284,ON,DEPLOYED,AUTO
23:57:37.985,9.71,38.77,0.00,766.3769348316674,ON,DEPLOYED,AUTO
23:57:38.087,9.82,38.30,0.00,768.8539673853928,ON,DEPLOYED,AUTO
23:57:38.188,9.90,37.82,0.00,771.3292785935197,ON,DEPLOYED,AUTO
23:57:38.289,9.96,37.33,0.00,773.8028065733968,ON,DEPLOYED,AUTO
23:57:38.389,9.99,36.82,0.00,776.2744894869534,ON,DEPLOYED,AUTO
23:57:38.492,10.00,36.29,0.00,778.7442655422454,ON,DEPLOYED,AUTO
23:57:38.592,9.98,35.75,0.00,781.2120729950003,ON,DEPLOYED,AUTO
23:57:38.693,9.94,35.20,0.00,783.67785015016,ON,DEPLOYED,AUTO
23:57:38.796,9.87,34.63,0.00,786.1415353634243,ON,DEPLOYED,AUTO
23:57:38.899,9.78,34.05,0.00,788.6030670427908,ON,DEPLOYED,AUTO
23:57:38.999,9.66,33.46,0.00,791.0623836500962,ON,DEPLOYED,AUTO
23:57:39.099,9.52,32.85,0.00,793.5194237025531,ON,DEPLOYED,AUTO
23:57:39.199,9.36,32.22,0.00,795.9741257742883,ON,DEPLOYED,AUTO
23:57:39.301,9.17,31.59,0.00,798.4264284978777,OFF,DEPLOYED,AUTO
23:57:39.403,8.96,30.94,0.00,800.8762705658811,OFF,DEPLOYED,AUTO
23:57:39.502,8.72,30.28,0.00,803.3235907323743,OFF,DEPLOYED,AUTO
23:57:39.608,8.47,29.61,0.00,805.7683278144806,OFF,DEPLOYED,AUTO
23:57:39.708,8.19,28.93,0.00,808.2104206939003,OFF,DEPLOYED,AUTO
23:57:39.819,7.90,28.23,0.00,810.6498083184387,OFF,DEPLOYED,AUTO
23:57:39.922,7.58,27.53,0.00,813.0864297035321,OFF,DEPLOYED,AUTO
23:57:40.027,7.24,26.81,0.00,815.5202239337727,OFF,DEPLOYED,AUTO
23:57:40.131,6.89,26.08,0.00,817.9511301644319,OFF,DEPLOYED,AUTO
23:57:40.233,6.52,25.34,0.00,820.3790876229801,OFF,DEPLOYED,AUTO
23:57:40.349,6.13,24.59,0.00,822.8040356106075,OFF,DEPLOYED,AUTO
23:57:40.449,5.73,23.84,0.00,825.2259135037407,OFF,DEPLOYED,AUTO
23:57:40.551,5.31,23.07,0.00,827.6446607555584,OFF,DEPLOYED,AUTO
23:57:40.650,4.88,22.29,0.00,830.0602168975055,OFF,DEPLOYED,AUTO
23:57:40.751,4.44,21.50,0.00,832.4725215408041,OFF,DEPLOYED,AUTO
23:57:40.852,3.99,20.71,0.00,834.8815143779638,OFF,DEPLOYED,AUTO
23:57:40.953,3.52,19.91,0.00,837.287135184289,OFF,DEPLOYED,AUTO
23:57:41.052,3.05,19.09,0.00,839.6893238193851,OFF,DEPLOYED,AUTO
23:57:41.153,2.57,18.28,0.00,842.0880202286612,OFF,DEPLOYED,AUTO
23:57:41.254,2.09,17.45,0.00,844.4831644448319,OFF,DEPLOYED,AUTO
23:57:41.355,1.59,16.62,0.00,846.8746965894168,OFF,DEPLOYED,AUTO
23:57:41.459,1.10,15.78,0.00,849.2625568742366,OFF,DEPLOYED,AUTO
23:57:41.564,0.60,14.93,0.00,851.6466856029085,OFF,DEPLOYED,AUTO
23:57:41.663,0.10,14.08,0.00,854.0270231723388,OFF,DEPLOYED,AUTO
23:57:41.764,-0.40,13.22,0.00,856.4035100742119,OFF,DEPLOYED,AUTO
23:57:41.864,-0.90,12.36,0.00,858.7760868964792,OFF,DEPLOYED,AUTO
23:57:41.967,-1.39,11.49,0.00,861.1446943248437,OFF,DEPLOYED,AUTO
23:57:42.068,-1.89,10.62,0.00,863.5092731442431,OFF,DEPLOYED,AUTO
23:57:42.169,-2.38,9.74,0.00,865.8697642403299,OFF,DEPLOYED,AUTO
23:57:42.275,-2.86,8.86,0.00,868.2261086009498,OFF,DEPLOYED,AUTO
23:57:42.378,-3.33,7.98,0.00,870.5782473176164,OFF,DEPLOYED,AUTO
23:57:42.478,-3.80,7.09,0.00,872.9261215869844,OFF,DEPLOYED,AUTO
23:57:42.578,-4.26,6.20,0.00,875.2696727123192,OFF,DEPLOYED,AUTO
23:57:42.679,-4.71,5.31,0.00,877.6088421049649,OFF,DEPLOYED,AUTO
23:57:42.781,-5.14,4.41,0.00,879.9435712858085,OFF,DEPLOYED,AUTO
23:57:42.886,-5.56,3.52,0.00,882.2738018867419,OFF,DEPLOYED,AUTO
23:57:42.987,-5.97,2.62,0.00,884.5994756521216,OFF,DEPLOYED,AUTO
23:57:43.090,-6.36,1.72,0.00,886.9205344402245,OFF,DEPLOYED,AUTO
23:57:43.190,-6.74,0.82,0.00,889.2369202247019,OFF,DEPLOYED,AUTO
23:57:43.292,-7.10,-0.08,0.00,891.5485750960298,OFF,DEPLOYED,AUTO
23:57:43.393,-7.45,-0.98,0.00,893.8554412629568,OFF,DEPLOYED,AUTO
23:57:43.503,-7.77,-1.88,0.00,896.1574610539487,OFF,DEPLOYED,AUTO
23:57:43.604,-8.07,-2.78,0.00,898.454576918631,OFF,DEPLOYED,AUTO
23:57:43.706,-8.36,-3.68,0.00,900.7467314292264,OFF,DEPLOYED,AUTO
23:57:43.809,-8.62,-4.57,0.00,903.0338672819917,OFF,DEPLOYED,AUTO
23:57:43.912,-8.87,-5.47,0.00,905.3159272986495,OFF,DEPLOYED,AUTO
23:57:44.014,-9.09,-6.36,0.00,907.5928544278185,OFF,DEPLOYED,AUTO
23:57:44.113,-9.28,-7.25,0.00,909.8645917464388,OFF,DEPLOYED,AUTO
23:57:44.214,-9.46,-8.14,0.00,912.131082461196,OFF,DEPLOYED,AUTO
23:57:44.363,-9.61,-9.02,0.00,914.3922699099401,OFF,DEPLOYED,AUTO
23:57:44.480,-9.73,-9.90,0.00,916.6480975631027,OFF,DEPLOYED,AUTO
23:57:44.592,-9.84,-10.77,0.00,918.89850902511,OFF,DEPLOYED,AUTO
23:57:44.696,-9.91,-11.65,0.00,921.1434480357927,OFF,DEPLOYED,AUTO
23:57:44.796,-9.97,-12.51,0.00,923.3828584717924,OFF,DEPLOYED,AUTO
23:57:44.897,-10.00,-13.38,0.00,925.6166843479648,OFF,DEPLOYED,AUTO
23:57:44.998,-10.00,-14.23,0.00,927.8448698187793,OFF,DEPLOYED,AUTO
23:57:45.099,-9.98,-15.08,0.00,930.0673591797154,OFF,DEPLOYED,AUTO
23:57:45.200,-9.93,-15.93,0.00,932.2840968686545,OFF,DEPLOYED,AUTO
23:57:45.303,-9.86,-16.77,0.00,934.4950274672701,OFF,DEPLOYED,AUTO
23:57:45.402,-9.76,-17.60,0.00,936.7000957024122,OFF,DEPLOYED,AUTO
23:57:45.504,-9.64,-18.42,0.00,938.89924644749,OFF,DEPLOYED,AUTO
23:57:45.604,-9.50,-19.24,0.00,941.0924247238493,OFF,DEPLOYED,AUTO
23:57:45.707,-9.33,-20.05,0.00,943.2795757021473,OFF,DEPLOYED,AUTO
23:57:45.807,-9.13,-20.85,0.00,945.4606447037237,OFF,DEPLOYED,AUTO
23:57:45.908,-8.92,-21.64,0.00,947.6355772019668,OFF,DEPLOYED,AUTO
23:57:46.014,-8.68,-22.43,0.00,949.8043188236776,OFF,DEPLOYED,AUTO
23:57:46.113,-8.42,-23.21,0.00,951.9668153504283,OFF,DEPLOYED,AUTO
23:57:46.215,-8.14,-23.97,0.00,954.1230127199187,OFF,DEPLOYED,AUTO
23:57:46.318,-7.84,-24.73,0.00,956.2728570273266,OFF,DEPLOYED,AUTO
23:57:46.421,-7.52,-25.48,0.00,958.4162945266564,OFF,DEPLOYED,AUTO
23:57:46.524,-7.19,-26.21,0.00,960.5532716320822,OFF,DEPLOYED,AUTO
23:57:46.626,-6.83,-26.94,0.00,962.6837349192876,OFF,DEPLOYED,AUTO
23:57:46.726,-6.46,-27.65,0.00,964.8076311268015,OFF,DEPLOYED,AUTO
23:57:46.829,-6.07,-28.36,0.00,966.9249071573294,OFF,DEPLOYED,AUTO
23:57:46.930,-5.66,-29.05,0.00,969.0355100790806,OFF,DEPLOYED,AUTO
23:57:47.039,-5.24,-29.73,0.00,971.139387127092,OFF,DEPLOYED,AUTO
23:57:47.155,-4.81,-30.40,0.00,973.2364857045472,OFF,DEPLOYED,AUTO
23:57:47.259,-4.37,-31.06,0.00,975.3267533840909,OFF,DEPLOYED,AUTO
23:57:47.359,-3.91,-31.70,0.00,977.4101379091398,OFF,DEPLOYED,AUTO
23:57:47.460,-3.45,-32.34,0.00,979.4865871951896,OFF,DEPLOYED,AUTO
23:57:47.560,-2.97,-32.96,0.00,981.556049331116,OFF,DEPLOYED,AUTO
23:57:47.661,-2.49,-33.56,0.00,983.6184725804735,OFF,DEPLOYED,AUTO
23:57:47.762,-2.00,-34.16,0.00,985.6738053827883,OFF,DEPLOYED,AUTO
23:57:47.862,-1.51,-34.73,0.00,987.7219963548473,OFF,DEPLOYED,AUTO
23:57:47.964,-1.02,-35.30,0.00,989.762994291983,OFF,DEPLOYED,AUTO
23:57:48.072,-0.52,-35.85,0.00,991.7967481693534,OFF,DEPLOYED,AUTO
23:57:48.176,-0.02,-36.39,0.00,993.823207143217,OFF,DEPLOYED,AUTO
23:57:48.277,0.48,-36.91,0.00,995.8423205522055,OFF,DEPLOYED,AUTO
23:57:48.378,0.98,-37.42,0.00,997.8540379185886,OFF,DEPLOYED,AUTO
23:57:48.480,1.48,-37.91,0.00,999.858308949537,OFF,DEPLOYED,AUTO
23:57:48.582,1.97,-38.39,0.00,1001.8550835383792,OFF,DEPLOYED,AUTO
23:57:48.683,2.46,-38.85,0.00,1003.8443117658546,OFF,DEPLOYED,AUTO
23:57:48.785,2.94,-39.30,0.00,1005.8259439013611,OFF,DEPLOYED,AUTO
23:57:48.885,3.41,-39.73,0.00,1007.7999304041986,OFF,DEPLOYED,AUTO
23:57:48.986,3.88,-40.14,0.00,1009.766221924807,OFF,DEPLOYED,AUTO
23:57:49.086,4.33,-40.54,0.00,1011.7247693060012,OFF,DEPLOYED,AUTO
23:57:49.187,4.78,-40.92,0.00,1013.6755235841982,OFF,DEPLOYED,AUTO
23:57:49.288,5.21,-41.29,0.00,1015.6184359906431,OFF,DEPLOYED,AUTO
23:57:49.388,5.63,-41.64,0.00,1017.5534579526264,OFF,DEPLOYED,AUTO
23:57:49.490,6.04,-41.97,0.00,1019.4805410947004,OFF,DEPLOYED,AUTO
23:57:49.590,6.43,-42.29,0.00,1021.3996372398865,OFF,DEPLOYED,AUTO
23:57:49.690,6.80,-42.59,0.00,1023.3106984108812,OFF,DEPLOYED,AUTO
23:57:49.791,7.16,-42.87,0.00,1025.2136768312548,OFF,DEPLOYED,AUTO
23:57:49.891,7.50,-43.13,0.00,1027.1085249266457,OFF,DEPLOYED,AUTO
23:57:49.993,7.82,-43.38,0.00,1028.9951953259504,OFF,DEPLOYED,AUTO
23:57:50.097,8.12,-43.61,0.00,1030.873640862507,OFF,DEPLOYED,AUTO
23:57:50.203,8.41,-43.83,0.00,1032.743814575275,OFF,DEPLOYED,AUTO
23:57:50.306,8.67,-44.02,0.00,1034.6056697100094,OFF,DEPLOYED,AUTO
23:57:50.406,8.90,-44.20,0.00,1036.459159720428,OFF,DEPLOYED,AUTO
23:57:50.508,9.12,-44.36,0.00,1038.304238269378,OFF,DEPLOYED,AUTO
23:57:50.609,9.31,-44.50,0.00,1040.1408592299908,OFF,DEPLOYED,AUTO
23:57:50.708,9.48,-44.63,0.00,1041.9689766868387,OFF,DEPLOYED,AUTO
23:57:50.809,9.63,-44.73,0.00,1043.7885449370804,OFF,DEPLOYED,AUTO
23:57:50.911,9.75,-44.82,0.00,1045.5995184916042,OFF,DEPLOYED,AUTO
23:57:51.035,9.85,-44.89,0.00,1047.4018520761658,OFF,DEPLOYED,AUTO
23:57:51.140,9.93,-44.95,0.00,1049.1955006325193,OFF,DEPLOYED,AUTO
23:57:51.240,9.97,-44.98,0.00,1050.9804193195441,OFF,DEPLOYED,AUTO
23:57:51.341,10.00,-45.00,0.00,1052.7565635143665,OFF,DEPLOYED,AUTO
23:57:51.441,10.00,-45.00,0.00,1054.5238888134734,OFF,DEPLOYED,AUTO
23:57:51.542,9.97,-44.98,0.00,1056.2823510338249,OFF,DEPLOYED,AUTO
23:57:51.643,9.92,-44.94,0.00,1058.031906213957,OFF,DEPLOYED,AUTO
23:57:51.744,9.84,-44.89,0.00,1059.772510615081,OFF,DEPLOYED,AUTO
23:57:51.847,9.74,-44.81,0.00,1061.504120722178,OFF,DEPLOYED,AUTO
23:57:51.948,9.62,-44.72,0.00,1063.2266932450852,OFF,DEPLOYED,AUTO
23:57:52.049,9.47,-44.61,0.00,1064.9401851195794,OFF,DEPLOYED,AUTO
23:57:52.151,9.30,-44.49,0.00,1066.6445535084529,OFF,DEPLOYED,AUTO
23:57:52.251,9.10,-44.34,0.00,1068.3397558025847,OFF,DEPLOYED,AUTO
23:57:52.352,8.88,-44.18,0.00,1070.0257496220058,OFF,DEPLOYED,AUTO
23:57:52.454,8.64,-44.00,0.00,1071.7024928169587,OFF,DEPLOYED,AUTO
23:57:52.561,8.38,-43.80,0.00,1073.3699434689506,OFF,DEPLOYED,AUTO
23:57:52.663,8.10,-43.59,0.00,1075.028059891802,OFF,DEPLOYED,AUTO
23:57:52.776,7.79,-43.36,0.00,1076.6768006326888,OFF,DEPLOYED,AUTO
23:57:52.885,7.47,-43.11,0.00,1078.3161244731787,OFF,DEPLOYED,AUTO
23:57:52.989,7.13,-42.84,0.00,1079.9459904302603,OFF,DEPLOYED,AUTO
23:57:53.091,6.77,-42.56,0.00,1081.5663577573703,OFF,DEPLOYED,AUTO
23:57:53.203,6.39,-42.26,0.00,1083.1771859454093,OFF,DEPLOYED,AUTO
23:57:53.304,6.00,-41.94,0.00,1084.778434723757,OFF,DEPLOYED,AUTO
23:57:53.405,5.59,-41.60,0.00,1086.3700640612774,OFF,DEPLOYED,AUTO
23:57:53.506,5.17,-41.25,0.00,1087.9520341673194,OFF,DEPLOYED,AUTO
23:57:53.618,4.74,-40.88,0.00,1089.5243054927132,OFF,DEPLOYED,AUTO
23:57:53.720,4.29,-40.50,0.00,1091.0868387307573,OFF,DEPLOYED,AUTO
23:57:53.821,3.83,-40.10,0.00,1092.639594818202,OFF,DEPLOYED,AUTO
23:57:53.922,3.37,-39.68,0.00,1094.1825349362266,OFF,DEPLOYED,AUTO
23:57:54.022,2.89,-39.25,0.00,1095.7156205114081,OFF,DEPLOYED,AUTO
23:57:54.123,2.41,-38.80,0.00,1097.238813216687,OFF,DEPLOYED,AUTO
23:57:54.224,1.92,-38.34,0.00,1098.7520749723249,OFF,DEPLOYED,AUTO
23:57:54.325,1.43,-37.86,0.00,1100.255367946857,OFF,DEPLOYED,AUTO
23:57:54.427,0.93,-37.37,0.00,1101.7486545580368,OFF,DEPLOYED,AUTO
23:57:54.528,0.43,-36.86,0.00,1103.2318974737773,OFF,DEPLOYED,AUTO
23:57:54.629,-0.07,-36.33,0.00,1104.7050596130825,OFF,DEPLOYED,AUTO
23:57:54.730,-0.57,-35.80,0.00,1106.1681041469756,OFF,DEPLOYED,AUTO
23:57:54.832,-1.06,-35.24,0.00,1107.6209944994198,OFF,DEPLOYED,AUTO
23:57:54.934,-1.56,-34.68,0.00,1109.0636943482318,OFF,DEPLOYED,AUTO
23:57:55.041,-2.05,-34.10,0.00,1110.4961676259904,OFF,DEPLOYED,AUTO
23:57:55.147,-2.54,-33.50,0.00,1111.9183785209384,OFF,DEPLOYED,AUTO
23:57:55.256,-3.02,-32.90,0.00,1113.3302914778776,OFF,DEPLOYED,AUTO
23:57:55.368,-3.49,-32.27,0.00,1114.7318711990574,OFF,DEPLOYED,AUTO
23:57:55.473,-3.96,-31.64,0.00,1116.1230826450578,OFF,DEPLOYED,AUTO
23:57:55.579,-4.41,-30.99,0.00,1117.5038910356652,OFF,DEPLOYED,AUTO
23:57:55.680,-4.85,-30.34,0.00,1118.8742618507417,OFF,DEPLOYED,AUTO
23:57:55.780,-5.28,-29.67,0.00,1120.234160831088,OFF,DEPLOYED,AUTO
23:57:55.882,-5.70,-28.98,0.00,1121.583553979301,OFF,DEPLOYED,AUTO
23:57:55.982,-6.10,-28.29,0.00,1122.922407560622,OFF,DEPLOYED,AUTO
23:57:56.082,-6.49,-27.58,0.00,1124.2506881037812,OFF,DEPLOYED,AUTO
23:57:56.184,-6.87,-26.87,0.00,1125.5683624018343,OFF,DEPLOYED,AUTO
23:57:56.284,-7.22,-26.14,0.00,1126.875397512992,OFF,DEPLOYED,AUTO
23:57:56.385,-7.56,-25.40,0.00,1128.1717607614453,OFF,DEPLOYED,AUTO
23:57:56.485,-7.87,-24.65,0.00,1129.45741973818,OFF,DEPLOYED,AUTO
23:57:56.586,-8.17,-23.90,0.00,1130.732342301789,OFF,DEPLOYED,AUTO
23:57:56.687,-8.45,-23.13,0.00,1131.9964965792744,OFF,DEPLOYED,AUTO
23:57:56.788,-8.71,-22.35,0.00,1133.2498509668449,OFF,DEPLOYED,AUTO
23:57:56.891,-8.94,-21.57,0.00,1134.4923741307066,OFF,DEPLOYED,AUTO
23:57:56.995,-9.15,-20.77,0.00,1135.7240350078448,OFF,DEPLOYED,AUTO
23:57:57.095,-9.34,-19.97,0.00,1136.9448028068016,OFF,DEPLOYED,AUTO
23:57:57.197,-9.51,-19.16,0.00,1138.1546470084459,OFF,DEPLOYED,AUTO
23:57:57.300,-9.65,-18.34,0.00,1139.3535373667355,OFF,DEPLOYED,AUTO
23:57:57.400,-9.77,-17.52,0.00,1140.5414439094739,OFF,DEPLOYED,AUTO
23:57:57.501,-9.87,-16.68,0.00,1141.7183369390596,OFF,DEPLOYED,AUTO
23:57:57.602,-9.93,-15.84,0.00,1142.8841870332278,OFF,DEPLOYED,AUTO
23:57:57.703,-9.98,-15.00,0.00,1144.038965045787,OFF,DEPLOYED,AUTO
23:57:57.804,-10.00,-14.15,0.00,1145.1826421073474,OFF,DEPLOYED,AUTO
23:57:57.907,-9.99,-13.29,0.00,1146.3151896260415,OFF,DEPLOYED,AUTO
23:57:58.017,-9.96,-12.43,0.00,1147.4365792882404,OFF,DEPLOYED,AUTO
23:57:58.125,-9.91,-11.56,0.00,1148.5467830592613,OFF,DEPLOYED,AUTO
23:57:58.230,-9.83,-10.69,0.00,1149.6457731840676,OFF,DEPLOYED,AUTO
23:57:58.332,-9.72,-9.81,0.00,1150.7335221879632,OFF,DEPLOYED,AUTO
23:57:58.446,-9.59,-8.93,0.00,1151.8100028772797,OFF,DEPLOYED,AUTO
23:57:58.550,-9.44,-8.05,0.00,1152.8751883400562,OFF,DEPLOYED,AUTO
23:57:58.652,-9.26,-7.16,0.00,1153.9290519467115,OFF,DEPLOYED,AUTO
23:57:58.752,-9.06,-6.27,0.00,1154.97156735071,OFF,DEPLOYED,AUTO
23:57:58.853,-8.84,-5.38,0.00,1156.0027084892215,OFF,DEPLOYED,AUTO
23:57:58.954,-8.60,-4.48,0.00,1157.0224495837708,OFF,DEPLOYED,AUTO
23:57:59.055,-8.33,-3.59,0.00,1158.0307651408837,OFF,DEPLOYED,AUTO
23:57:59.156,-8.05,-2.69,0.00,1159.0276299527238,OFF,DEPLOYED,AUTO
23:57:59.257,-7.74,-1.79,0.00,1160.013019097723,OFF,DEPLOYED,AUTO
23:57:59.358,-7.41,-0.89,0.00,1160.986907941205,OFF,DEPLOYED,AUTO
23:57:59.458,-7.07,0.01,0.00,1161.9492721359968,OFF,DEPLOYED,AUTO
23:57:59.562,-6.71,0.91,0.00,1162.900087623045,OFF,DEPLOYED,AUTO
23:57:59.667,-6.33,1.81,0.00,1163.839330632012,OFF,DEPLOYED,AUTO
23:57:59.767,-5.93,2.71,0.00,1164.7669776818716,OFF,DEPLOYED,AUTO
23:57:59.868,-5.52,3.61,0.00,1165.6830055814958,OFF,DEPLOYED,AUTO
23:57:59.969,-5.10,4.50,0.00,1166.5873914302347,OFF,DEPLOYED,AUTO
23:58:00.070,-4.66,5.40,0.00,1167.4801126184893,OFF,DEPLOYED,AUTO
23:58:00.172,-4.21,6.29,0.00,1168.3611468282763,OFF,DEPLOYED,AUTO
23:58:00.273,-3.75,7.18,0.00,1169.2304720337866,OFF,DEPLOYED,AUTO
23:58:00.375,-3.29,8.07,0.00,1170.088066501935,OFF,DEPLOYED,AUTO
23:58:00.476,-2.81,8.95,0.00,1170.9339087929045,OFF,DEPLOYED,AUTO
23:58:00.577,-2.33,9.83,0.00,1171.767977760682,OFF,DEPLOYED,AUTO
23:58:00.679,-1.84,10.71,0.00,1172.5902525535869,OFF,DEPLOYED,AUTO
23:58:00.783,-1.34,11.58,0.00,1173.400712614792,OFF,DEPLOYED,AUTO
23:58:00.884,-0.85,12.44,0.00,1174.199337682838,OFF,DEPLOYED,AUTO
23:58:00.984,-0.35,13.31,0.00,1174.9861077921396,OFF,DEPLOYED,AUTO
23:58:01.085,0.15,14.16,0.00,1175.7610032734856,OFF,DEPLOYED,AUTO
23:58:01.186,0.65,15.02,0.00,1176.524004754529,OFF,DEPLOYED,AUTO
23:58:01.287,1.15,15.86,0.00,1177.2750931602723,OFF,DEPLOYED,AUTO
23:58:01.388,1.64,16.70,0.00,1178.0142497135446,OFF,DEPLOYED,AUTO
23:58:01.489,2.13,17.53,0.00,1178.7414559354706,OFF,DEPLOYED,AUTO
23:58:01.589,2.62,18.36,0.00,1179.4566936459328,OFF,DEPLOYED,AUTO
23:58:01.691,3.10,19.18,0.00,1180.1599449640257,OFF,DEPLOYED,AUTO
23:58:01.792,3.57,19.99,0.00,1180.8511923085027,OFF,DEPLOYED,AUTO
23:58:01.892,4.03,20.79,0.00,1181.5304183982162,OFF,DEPLOYED,AUTO
23:58:01.993,4.49,21.58,0.00,1182.1976062525496,OFF,DEPLOYED,AUTO
23:58:02.095,4.93,22.37,0.00,1182.852739191841,OFF,DEPLOYED,AUTO
23:58:02.195,5.35,23.14,0.00,1183.4958008378014,OFF,DEPLOYED,AUTO
23:58:02.296,5.77,23.91,0.00,1184.1267751139228,OFF,DEPLOYED,AUTO
23:58:02.396,6.17,24.67,0.00,1184.7456462458813,OFF,DEPLOYED,AUTO
23:58:02.497,6.56,25.42,0.00,1185.352398761931,OFF,DEPLOYED,AUTO
23:58:02.598,6.93,26.15,0.00,1185.94701749329,OFF,DEPLOYED,AUTO
23:58:02.700,7.28,26.88,0.00,1186.529487574522,OFF,DEPLOYED,AUTO
23:58:02.800,7.61,27.60,0.00,1187.099794443904,OFF,DEPLOYED,AUTO
23:58:02.901,7.93,28.30,0.00,1187.6579238437953,OFF,DEPLOYED,AUTO
23:58:03.002,8.22,29.00,0.00,1188.203861820989,OFF,DEPLOYED,AUTO
23:58:03.102,8.50,29.68,0.00,1188.7375947270648,OFF,DEPLOYED,AUTO
23:58:03.202,8.75,30.35,0.00,1189.2591092187272,OFF,DEPLOYED,AUTO
23:58:03.304,8.98,31.01,0.00,1189.7683922581414,OFF,DEPLOYED,AUTO
23:58:03.404,9.19,31.65,0.00,1190.265431113258,OFF,DEPLOYED,AUTO
23:58:03.506,9.37,32.29,0.00,1190.7502133581315,OFF,DEPLOYED,AUTO
23:58:03.607,9.54,32.91,0.00,1191.2227268732308,OFF,DEPLOYED,AUTO
23:58:03.707,9.67,33.51,0.00,1191.682959845743,OFF,DEPLOYED,AUTO
23:58:03.808,9.79,34.11,0.00,1192.1309007698674,OFF,DEPLOYED,AUTO
23:58:03.909,9.88,34.69,0.00,1192.5665384471044,OFF,DEPLOYED,AUTO
23:58:04.011,9.94,35.26,0.00,1192.9898619865346,OFF,DEPLOYED,AUTO
23:58:04.111,9.98,35.81,0.00,1193.4008608050917,OFF,DEPLOYED,AUTO
23:58:04.212,10.00,36.35,0.00,1193.799524627827,OFF,DEPLOYED,AUTO
23:58:04.313,9.99,36.87,0.00,1194.185843488165,OFF,DEPLOYED,AUTO
23:58:04.414,9.96,37.38,0.00,1194.5598077281547,OFF,DEPLOYED,AUTO
23:58:04.514,9.90,37.87,0.00,1194.9214079987096,OFF,DEPLOYED,AUTO
23:58:04.615,9.81,38.35,0.00,1195.2706352598416,OFF,DEPLOYED,AUTO
23:58:04.717,9.70,38.81,0.00,1195.6074807808873,OFF,DEPLOYED,AUTO
23:58:04.819,9.57,39.26,0.00,1195.9319361407265,OFF,DEPLOYED,AUTO
23:58:04.921,9.41,39.69,0.00,1196.2439932279922,OFF,DEPLOYED,AUTO
23:58:05.021,9.23,40.11,0.00,1196.543644241273,OFF,DEPLOYED,AUTO
23:58:05.122,9.03,40.51,0.00,1196.8308816893095,OFF,DEPLOYED,AUTO
23:58:05.223,8.80,40.89,0.00,1197.1056983911803,OFF,DEPLOYED,AUTO
23:58:05.324,8.55,41.26,0.00,1197.3680874764823,OFF,DEPLOYED,AUTO
23:58:05.424,8.29,41.61,0.00,1197.618042385502,OFF,DEPLOYED,AUTO
23:58:05.526,8.00,41.94,0.00,1197.8555568693796,OFF,DEPLOYED,AUTO
23:58:05.626,7.69,42.26,0.00,1198.0806249902655,OFF,DEPLOYED,AUTO
23:58:05.726,7.36,42.56,0.00,1198.2932411214683,OFF,DEPLOYED,AUTO
23:58:05.828,7.01,42.85,0.00,1198.493399947596,OFF,DEPLOYED,AUTO
23:58:05.928,6.64,43.11,0.00,1198.681096464688,OFF,DEPLOYED,AUTO
23:58:06.028,6.26,43.36,0.00,1198.8563259803414,OFF,DEPLOYED,AUTO
23:58:06.129,5.86,43.59,0.00,1199.0190841138274,OFF,DEPLOYED,AUTO
23:58:06.230,5.45,43.81,0.00,1199.1693667962013,OFF,DEPLOYED,AUTO
23:58:06.331,5.03,44.01,0.00,1199.3071702704033,OFF,DEPLOYED,AUTO
23:58:06.432,4.59,44.19,0.00,1199.4324910913544,OFF,DEPLOYED,AUTO
23:58:06.533,4.14,44.35,0.00,1199.5453261260404,OFF,DEPLOYED,AUTO
23:58:06.634,3.68,44.49,0.00,1199.645672553591,OFF,DEPLOYED,AUTO
23:58:06.744,3.21,44.62,0.00,1199.7335278653513,OFF,DEPLOYED,AUTO
23:58:06.862,2.73,44.73,0.00,1199.8088898649426,OFF,DEPLOYED,AUTO
23:58:06.969,2.25,44.82,0.00,1199.8717566683188,OFF,DEPLOYED,AUTO
23:58:07.070,1.76,44.89,0.00,1199.9221267038135,OFF,DEPLOYED,AUTO
23:58:07.170,1.26,44.94,0.00,1199.9599987121783,OFF,DEPLOYED,AUTO
23:58:07.271,0.76,44.98,0.00,1199.9853717466146,OFF,DEPLOYED,AUTO
23:58:07.372,0.26,45.00,0.00,1199.9982451727983,OFF,DEPLOYED,AUTO
23:58:07.472,-0.24,45.00,0.00,1199.9986186688943,OFF,DEPLOYED,AUTO
23:58:07.573,-0.73,44.98,0.00,1199.9864922255651,OFF,DEPLOYED,AUTO
23:58:07.674,-1.23,44.95,0.00,1199.9618661459713,OFF,DEPLOYED,AUTO
23:58:07.774,-1.73,44.89,0.00,1199.9247410457633,OFF,DEPLOYED,AUTO
23:58:07.877,-2.22,44.82,0.00,1199.875117853067,OFF,DEPLOYED,AUTO
23:58:07.979,-2.70,44.73,0.00,1199.8129978084596,OFF,DEPLOYED,AUTO
23:58:08.080,-3.18,44.62,0.00,1199.7383824649391,OFF,DEPLOYED,AUTO
23:58:08.181,-3.65,44.50,0.00,1199.651273687885,OFF,DEPLOYED,AUTO
23:58:08.285,-4.11,44.36,0.00,1199.5516736550117,OFF,DEPLOYED,AUTO
23:58:08.386,-4.56,44.20,0.00,1199.4395848563158,OFF,DEPLOYED,AUTO
23:58:08.487,-5.00,44.02,0.00,1199.3150100940109,OFF,DEPLOYED,AUTO
23:58:08.587,-5.43,43.82,0.00,1199.1779524824597,OFF,DEPLOYED,AUTO
23:58:08.688,-5.84,43.61,0.00,1199.028415448095,OFF,DEPLOYED,AUTO
23:58:08.790,-6.24,43.38,0.00,1198.8664027293353,OFF,DEPLOYED,AUTO
23:58:08.890,-6.62,43.13,0.00,1198.69191837649,OFF,DEPLOYED,AUTO
23:58:08.991,-6.99,42.86,0.00,1198.5049667516591,OFF,DEPLOYED,AUTO
23:58:09.091,-7.34,42.58,0.00,1198.305552528623,OFF,DEPLOYED,AUTO
23:58:09.192,-7.67,42.28,0.00,1198.093680692727,OFF,DEPLOYED,AUTO
23:58:09.293,-7.98,41.96,0.00,1197.8693565407561,OFF,DEPLOYED,AUTO
23:58:09.394,-8.27,41.63,0.00,1197.6325856808025,OFF,DEPLOYED,AUTO
23:58:09.496,-8.54,41.28,0.00,1197.3833740321252,OFF,DEPLOYED,AUTO
23:58:09.597,-8.79,40.91,0.00,1197.1217278250024,OFF,DEPLOYED,AUTO
23:58:09.698,-9.02,40.53,0.00,1196.8476536005758,OFF,DEPLOYED,AUTO
23:58:09.799,-9.22,40.13,0.00,1196.5611582106867,OFF,DEPLOYED,AUTO
23:58:09.900,-9.40,39.72,0.00,1196.2622488177046,OFF,DEPLOYED,AUTO
23:58:10.000,-9.56,39.29,0.00,1195.9509328943495,OFF,DEPLOYED,AUTO
23:58:10.102,-9.70,38.84,0.00,1195.6272182235025,OFF,DEPLOYED,AUTO
23:58:10.203,-9.81,38.38,0.00,1195.291112898014,OFF,DEPLOYED,AUTO
23:58:10.303,-9.89,37.90,0.00,1194.9426253204992,OFF,DEPLOYED,AUTO
23:58:10.404,-9.95,37.41,0.00,1194.58176420313,OFF,DEPLOYED,AUTO
23:58:10.505,-9.99,36.90,0.00,1194.208538567415,OFF,DEPLOYED,AUTO
23:58:10.606,-10.00,36.38,0.00,1193.822957743976,OFF,DEPLOYED,AUTO
23:58:10.706,-9.99,35.84,0.00,1193.4250313723132,OFF,DEPLOYED,AUTO
23:58:10.807,-9.95,35.29,0.00,1193.0147694005655,OFF,DEPLOYED,AUTO
23:58:10.908,-9.88,34.72,0.00,1192.5921820852604,OFF,DEPLOYED,AUTO
23:58:11.008,-9.80,34.14,0.00,1192.157279991059,OFF,DEPLOYED,AUTO
23:58:11.110,-9.68,33.55,0.00,1191.7100739904913,OFF,DEPLOYED,AUTO
23:58:11.212,-9.55,32.94,0.00,1191.2505752636835,OFF,DEPLOYED,AUTO
23:58:11.313,-9.38,32.32,0.00,1190.7787952980802,OFF,DEPLOYED,AUTO
23:58:11.414,-9.20,31.69,0.00,1190.2947458881558,OFF,DEPLOYED,AUTO
23:58:11.514,-8.99,31.05,0.00,1189.7984391351201,OFF,DEPLOYED,AUTO
23:58:11.615,-8.76,30.39,0.00,1189.2898874466168,OFF,DEPLOYED,AUTO
23:58:11.715,-8.51,29.72,0.00,1188.769103536411,OFF,DEPLOYED,AUTO
23:58:11.817,-8.24,29.04,0.00,1188.2361004240736,OFF,DEPLOYED,AUTO
23:58:11.917,-7.94,28.34,0.00,1187.6908914346543,OFF,DEPLOYED,AUTO
23:58:12.018,-7.63,27.64,0.00,1187.13349019835,OFF,DEPLOYED,AUTO
23:58:12.119,-7.30,26.92,0.00,1186.5639106501621,OFF,DEPLOYED,AUTO
23:58:12.219,-6.95,26.20,0.00,1185.9821670295498,OFF,DEPLOYED,AUTO
23:58:12.320,-6.58,25.46,0.00,1185.3882738800735,OFF,DEPLOYED,AUTO
23:58:12.421,-6.19,24.71,0.00,1184.7822460490306,OFF,DEPLOYED,AUTO
23:58:12.523,-5.79,23.96,0.00,1184.164098687086,OFF,DEPLOYED,AUTO
23:58:12.622,-5.38,23.19,0.00,1183.5338472478907,OFF,DEPLOYED,AUTO
23:58:12.724,-4.95,22.41,0.00,1182.8915074876984,OFF,DEPLOYED,AUTO
23:58:12.829,-4.51,21.63,0.00,1182.2370954649693,OFF,DEPLOYED,AUTO
23:58:12.932,-4.06,20.84,0.00,1181.5706275399702,OFF,DEPLOYED,AUTO
23:58:13.032,-3.60,20.03,0.00,1180.8921203743646,OFF,DEPLOYED,AUTO
23:58:13.133,-3.13,19.22,0.00,1180.201590930796,OFF,DEPLOYED,AUTO
23:58:13.234,-2.65,18.41,0.00,1179.4990564724646,OFF,DEPLOYED,AUTO
23:58:13.334,-2.16,17.58,0.00,1178.7845345626954,OFF,DEPLOYED,AUTO
23:58:13.436,-1.67,16.75,0.00,1178.0580430644986,OFF,DEPLOYED,AUTO
23:58:13.536,-1.18,15.91,0.00,1177.3196001401243,OFF,DEPLOYED,AUTO
23:58:13.636,-0.68,15.07,0.00,1176.5692242506068,OFF,DEPLOYED,AUTO
23:58:13.737,-0.18,14.22,0.00,1175.8069341553041,OFF,DEPLOYED,AUTO
23:58:13.838,0.32,13.36,0.00,1175.0327489114295,OFF,DEPLOYED,AUTO
23:58:13.938,0.82,12.50,0.00,1174.2466878735731,OFF,DEPLOYED,AUTO
23:58:14.042,1.32,11.63,0.00,1173.4487706932205,OFF,DEPLOYED,AUTO
23:58:14.142,1.81,10.76,0.00,1172.6390173182592,OFF,DEPLOYED,AUTO
23:58:14.244,2.30,9.88,0.00,1171.8174479924817,OFF,DEPLOYED,AUTO
23:58:14.346,2.78,9.00,0.00,1170.984083255078,OFF,DEPLOYED,AUTO
23:58:14.447,3.26,8.12,0.00,1170.1389439401235,OFF,DEPLOYED,AUTO
23:58:14.548,3.73,7.23,0.00,1169.282051176057,OFF,DEPLOYED,AUTO
23:58:14.648,4.19,6.34,0.00,1168.4134263851524,OFF,DEPLOYED,AUTO
23:58:14.748,4.63,5.45,0.00,1167.5330912829852,OFF,DEPLOYED,AUTO
23:58:14.849,5.07,4.55,0.00,1166.6410678778864,OFF,DEPLOYED,AUTO
23:58:14.950,5.50,3.66,0.00,1165.737378470395,OFF,DEPLOYED,AUTO
23:58:15.052,5.91,2.76,0.00,1164.8220456526988,OFF,DEPLOYED,AUTO
23:58:15.152,6.30,1.86,0.00,1163.8950923080708,OFF,DEPLOYED,AUTO
23:58:15.252,6.68,0.96,0.00,1162.9565416102964,OFF,DEPLOYED,AUTO
23:58:15.353,7.05,0.06,0.00,1162.006417023094,OFF,DEPLOYED,AUTO
23:58:15.462,7.39,-0.84,0.00,1161.044742299529,OFF,DEPLOYED,AUTO
23:58:15.562,7.72,-1.74,0.00,1160.0715414814192,OFF,DEPLOYED,AUTO
23:58:15.667,8.03,-2.64,0.00,1159.0868388987342,OFF,DEPLOYED,AUTO
23:58:15.771,8.32,-3.53,0.00,1158.0906591689877,OFF,DEPLOYED,AUTO
23:58:15.877,8.58,-4.43,0.00,1157.0830271966208,OFF,DEPLOYED,AUTO
23:58:15.979,8.83,-5.32,0.00,1156.0639681723806,OFF,DEPLOYED,AUTO
23:58:16.080,9.05,-6.22,0.00,1155.0335075726894,OFF,DEPLOYED,AUTO
23:58:16.181,9.25,-7.11,0.00,1153.9916711590083,OFF,DEPLOYED,AUTO
23:58:16.282,9.43,-7.99,0.00,1152.9384849771936,OFF,DEPLOYED,AUTO
23:58:16.383,9.59,-8.88,0.00,1151.8739753568452,OFF,DEPLOYED,AUTO
23:58:16.483,9.72,-9.76,0.00,1150.798168910648,OFF,DEPLOYED,AUTO
23:58:16.584,9.82,-10.64,0.00,1149.711092533707,OFF,DEPLOYED,AUTO
23:58:16.685,9.90,-11.51,0.00,1148.612773402875,OFF,DEPLOYED,AUTO
23:58:16.785,9.96,-12.38,0.00,1147.5032389760736,OFF,DEPLOYED,AUTO
23:58:16.885,9.99,-13.24,0.00,1146.382516991605,OFF,DEPLOYED,AUTO
23:58:16.988,10.00,-14.10,0.00,1145.2506354674606,OFF,DEPLOYED,AUTO
23:58:17.089,9.98,-14.95,0.00,1144.1076227006197,OFF,DEPLOYED,AUTO
23:58:17.189,9.94,-15.79,0.00,1142.953507266342,OFF,DEPLOYED,AUTO
23:58:17.291,9.87,-16.63,0.00,1141.788318017453,OFF,DEPLOYED,AUTO
23:58:17.392,9.78,-17.47,0.00,1140.6120840836234,OFF,DEPLOYED,AUTO
23:58:17.493,9.66,-18.29,0.00,1139.4248348706403,OFF,DEPLOYED,AUTO
23:58:17.594,9.52,-19.11,0.00,1138.2266000596724,OFF,DEPLOYED,AUTO
23:58:17.694,9.36,-19.92,0.00,1137.0174096065268,OFF,DEPLOYED,AUTO
23:58:17.802,9.17,-20.72,0.00,1135.7972937409027,OFF,DEPLOYED,AUTO
23:58:17.916,8.96,-21.52,0.00,1134.5662829656328,OFF,DEPLOYED,AUTO
23:58:18.017,8.72,-22.31,0.00,1133.3244080559225,OFF,DEPLOYED,AUTO
23:58:18.126,8.47,-23.08,0.00,1132.0717000585796,OFF,DEPLOYED,AUTO
23:58:18.226,8.19,-23.85,0.00,1130.808190291239,OFF,DEPLOYED,AUTO
23:58:18.328,7.89,-24.61,0.00,1129.533910341579,OFF,DEPLOYED,AUTO
23:58:18.429,7.58,-25.36,0.00,1128.248892066532,OFF,DEPLOYED,AUTO
23:58:18.530,7.24,-26.10,0.00,1126.9531675914882,OFF,DEPLOYED,AUTO
23:58:18.632,6.89,-26.82,0.00,1125.6467693094917,OFF,DEPLOYED,AUTO
23:58:18.733,6.52,-27.54,0.00,1124.3297298804314,OFF,DEPLOYED,AUTO
23:58:18.834,6.13,-28.25,0.00,1123.002082230225,OFF,DEPLOYED,AUTO
23:58:18.936,5.73,-28.94,0.00,1121.6638595499937,OFF,DEPLOYED,AUTO
23:58:19.040,5.31,-29.63,0.00,1120.3150952952356,OFF,DEPLOYED,AUTO
23:58:19.140,4.88,-30.30,0.00,1118.9558231849862,OFF,DEPLOYED,AUTO
23:58:19.241,4.44,-30.96,0.00,1117.5860772009783,OFF,DEPLOYED,AUTO
23:58:19.341,3.98,-31.60,0.00,1116.2058915867892,OFF,DEPLOYED,AUTO
23:58:19.443,3.52,-32.24,0.00,1114.815300846988,OFF,DEPLOYED,AUTO
23:58:19.543,3.05,-32.86,0.00,1113.4143397462708,OFF,DEPLOYED,AUTO
23:58:19.644,2.57,-33.47,0.00,1112.0030433085917,OFF,DEPLOYED,AUTO
23:58:19.743,2.08,-34.06,0.00,1110.5814468162885,OFF,DEPLOYED,AUTO
23:58:19.845,1.59,-34.64,0.00,1109.1495858091992,OFF,DEPLOYED,AUTO
23:58:19.946,1.09,-35.21,0.00,1107.7074960837745,OFF,DEPLOYED,AUTO
23:58:20.046,0.60,-35.76,0.00,1106.2552136921827,OFF,DEPLOYED,AUTO
23:58:20.148,0.10,-36.30,0.00,1104.7927749414075,OFF,DEPLOYED,AUTO
23:58:20.248,-0.40,-36.83,0.00,1103.3202163923418,OFF,DEPLOYED,AUTO
23:58:20.349,-0.90,-37.34,0.00,1101.8375748588726,OFF,DEPLOYED,AUTO
23:58:20.451,-1.40,-37.83,0.00,1100.3448874069609,OFF,DEPLOYED,AUTO
23:58:20.551,-1.89,-38.31,0.00,1098.8421913537154,OFF,DEPLOYED,AUTO
23:58:20.651,-2.38,-38.78,0.00,1097.329524266459,OFF,DEPLOYED,AUTO
23:58:20.752,-2.86,-39.23,0.00,1095.8069239617903,OFF,DEPLOYED,AUTO
23:58:20.854,-3.34,-39.66,0.00,1094.2744285046374,OFF,DEPLOYED,AUTO
23:58:20.955,-3.80,-40.08,0.00,1092.732076207307,OFF,DEPLOYED,AUTO
23:58:21.057,-4.26,-40.48,0.00,1091.1799056285263,OFF,DEPLOYED,AUTO
23:58:21.159,-4.71,-40.86,0.00,1089.6179555724789,OFF,DEPLOYED,AUTO
23:58:21.260,-5.14,-41.23,0.00,1088.0462650878346,OFF,DEPLOYED,AUTO
23:58:21.361,-5.57,-41.58,0.00,1086.464873466774,OFF,DEPLOYED,AUTO
23:58:21.461,-5.97,-41.92,0.00,1084.873820244005,OFF,DEPLOYED,AUTO
23:58:21.563,-6.37,-42.24,0.00,1083.2731451957754,OFF,DEPLOYED,AUTO
23:58:21.663,-6.75,-42.54,0.00,1081.6628883388782,OFF,DEPLOYED,AUTO
23:58:21.764,-7.11,-42.82,0.00,1080.0430899296507,OFF,DEPLOYED,AUTO
23:58:21.863,-7.45,-43.09,0.00,1078.413790462969,OFF,DEPLOYED,AUTO
23:58:21.965,-7.77,-43.34,0.00,1076.7750306712346,OFF,DEPLOYED,AUTO
23:58:22.071,-8.08,-43.58,0.00,1075.1268515233573,OFF,DEPLOYED,AUTO
23:58:22.173,-8.36,-43.79,0.00,1073.4692942237295,OFF,DEPLOYED,AUTO
23:58:22.273,-8.63,-43.99,0.00,1071.802400211198,OFF,DEPLOYED,AUTO
23:58:22.374,-8.87,-44.17,0.00,1070.1262111580256,OFF,DEPLOYED,AUTO
23:58:22.475,-9.09,-44.33,0.00,1068.440768968852,OFF,DEPLOYED,AUTO
23:58:22.575,-9.28,-44.48,0.00,1066.7461157796433,OFF,DEPLOYED,AUTO
23:58:22.676,-9.46,-44.61,0.00,1065.042293956642,OFF,DEPLOYED,AUTO
23:58:22.777,-9.61,-44.72,0.00,1063.3293460953041,OFF,DEPLOYED,AUTO
23:58:22.877,-9.74,-44.81,0.00,1061.6073150192371,OFF,DEPLOYED,AUTO
23:58:22.978,-9.84,-44.88,0.00,1059.8762437791286,OFF,DEPLOYED,AUTO
23:58:23.078,-9.92,-44.94,0.00,1058.136175651669,OFF,DEPLOYED,AUTO
23:58:23.178,-9.97,-44.98,0.00,1056.3871541384713,OFF,DEPLOYED,AUTO
23:58:23.279,-10.00,-45.00,0.00,1054.6292229649816,OFF,DEPLOYED,AUTO
23:58:23.381,-10.00,-45.00,0.00,1052.8624260793883,OFF,DEPLOYED,AUTO
23:58:23.482,-9.98,-44.98,0.00,1051.0868076515212,OFF,DEPLOYED,AUTO
23:58:23.582,-9.93,-44.95,0.00,1049.3024120717487,OFF,DEPLOYED,AUTO
23:58:23.682,-9.86,-44.90,0.00,1047.509283949867,OFF,DEPLOYED,AUTO
23:58:23.784,-9.76,-44.83,0.00,1045.7074681139861,OFF,DEPLOYED,AUTO
23:58:23.884,-9.64,-44.74,0.00,1043.897009609408,OFF,DEPLOYED,AUTO
23:58:23.986,-9.49,-44.63,0.00,1042.077953697501,OFF,DEPLOYED,AUTO
23:58:24.087,-9.32,-44.51,0.00,1040.2503458545682,OFF,DEPLOYED,AUTO
23:58:24.188,-9.13,-44.37,0.00,1038.41423177071,OFF,DEPLOYED,AUTO
23:58:24.288,-8.92,-44.21,0.00,1036.569657348684,OFF,DEPLOYED,AUTO
23:58:24.388,-8.68,-44.03,0.00,1034.7166687027534,OFF,DEPLOYED,AUTO
23:58:24.493,-8.42,-43.84,0.00,1032.8553121575383,OFF,DEPLOYED,AUTO
23:58:24.594,-8.14,-43.63,0.00,1030.9856342468559,OFF,DEPLOYED,AUTO
23:58:24.697,-7.84,-43.40,0.00,1029.1076817125559,OFF,DEPLOYED,AUTO
23:58:24.799,-7.52,-43.15,0.00,1027.2215015033541,OFF,DEPLOYED,AUTO
23:58:24.904,-7.18,-42.88,0.00,1025.3271407736574,OFF,DEPLOYED,AUTO
23:58:25.006,-6.83,-42.60,0.00,1023.4246468823858,OFF,DEPLOYED,AUTO
23:58:25.108,-6.45,-42.31,0.00,1021.514067391787,OFF,DEPLOYED,AUTO
23:58:25.221,-6.06,-41.99,0.00,1019.595450066249,OFF,DEPLOYED,AUTO
23:58:25.324,-5.66,-41.66,0.00,1017.6688428711049,OFF,DEPLOYED,AUTO
23:58:25.424,-5.24,-41.31,0.00,1015.7342939714342,OFF,DEPLOYED,AUTO
23:58:25.525,-4.81,-40.94,0.00,1013.7918517308588,OFF,DEPLOYED,AUTO
23:58:25.627,-4.36,-40.56,0.00,1011.8415647103334,OFF,DEPLOYED,AUTO
23:58:25.732,-3.91,-40.17,0.00,1009.8834816669321,OFF,DEPLOYED,AUTO
23:58:25.834,-3.44,-39.75,0.00,1007.9176515526287,OFF,DEPLOYED,AUTO
23:58:25.936,-2.97,-39.32,0.00,1005.9441235130739,OFF,DEPLOYED,AUTO
23:58:26.036,-2.49,-38.88,0.00,1003.962946886366,OFF,DEPLOYED,AUTO
23:58:26.137,-2.00,-38.42,0.00,1001.9741712018173,OFF,DEPLOYED,AUTO
23:58:26.238,-1.51,-37.94,0.00,999.9778461787164,OFF,DEPLOYED,AUTO
23:58:26.338,-1.01,-37.45,0.00,997.9740217250849,OFF,DEPLOYED,AUTO
23:58:26.440,-0.51,-36.94,0.00,995.9627479364297,OFF,DEPLOYED,AUTO
23:58:26.542,-0.01,-36.42,0.00,993.9440750944907,OFF,DEPLOYED,AUTO
23:58:26.649,0.49,-35.88,0.00,991.918053665984,OFF,DEPLOYED,AUTO
23:58:26.754,0.99,-35.33,0.00,989.8847343013398,OFF,DEPLOYED,AUTO
23:58:26.855,1.48,-34.77,0.00,987.8441678334361,OFF,DEPLOYED,AUTO
23:58:26.955,1.97,-34.19,0.00,985.7964052763285,OFF,DEPLOYED,AUTO
23:58:27.056,2.46,-33.60,0.00,983.7414978239742,OFF,DEPLOYED,AUTO
23:58:27.157,2.94,-32.99,0.00,981.6794968489527,OFF,DEPLOYED,AUTO
23:58:27.258,3.42,-32.37,0.00,979.6104539011806,OFF,DEPLOYED,AUTO
23:58:27.359,3.88,-31.74,0.00,977.534420706624,OFF,DEPLOYED,AUTO
23:58:27.460,4.34,-31.10,0.00,975.4514491660047,OFF,DEPLOYED,AUTO
23:58:27.560,4.78,-30.44,0.00,973.3615913535027,OFF,DEPLOYED,AUTO
23:58:27.661,5.22,-29.77,0.00,971.2648995154545,OFF,DEPLOYED,AUTO
23:58:27.761,5.64,-29.09,0.00,969.1614260690467,OFF,DEPLOYED,AUTO
23:58:27.862,6.04,-28.40,0.00,967.051223601006,OFF,DEPLOYED,AUTO
23:58:27.964,6.43,-27.70,0.00,964.9343448662842,OFF,DEPLOYED,AUTO
23:58:28.064,6.81,-26.98,0.00,962.8108427867394,OFF,DEPLOYED,AUTO
23:58:28.166,7.16,-26.26,0.00,960.680770449813,OFF,DEPLOYED,AUTO
23:58:28.266,7.50,-25.52,0.00,958.5441811072026,OFF,DEPLOYED,AUTO
23:58:28.367,7.83,-24.77,0.00,956.4011281735302,OFF,DEPLOYED,AUTO
23:58:28.467,8.13,-24.02,0.00,954.2516652250077,OFF,DEPLOYED,AUTO
23:58:28.568,8.41,-23.25,0.00,952.095845998097,OFF,DEPLOYED,AUTO
23:58:28.668,8.67,-22.48,0.00,949.9337243881662,OFF,DEPLOYED,AUTO
23:58:28.771,8.91,-21.69,0.00,947.7653544481432,OFF,DEPLOYED,AUTO
23:58:28.872,9.12,-20.90,0.00,945.5907903871632,OFF,DEPLOYED,AUTO
23:58:28.972,9.32,-20.10,0.00,943.410086569215,OFF,DEPLOYED,AUTO
23:58:29.072,9.49,-19.29,0.00,941.22329751178,OFF,DEPLOYED,AUTO
23:58:29.173,9.63,-18.47,0.00,939.030477884471,OFF,DEPLOYED,AUTO
23:58:29.274,9.75,-17.65,0.00,936.8316825076643,OFF,DEPLOYED,AUTO
23:58:29.375,9.85,-16.82,0.00,934.62696635113,OFF,DEPLOYED,AUTO
23:58:29.477,9.93,-15.98,0.00,932.416384532657,OFF,DEPLOYED,AUTO
23:58:29.579,9.97,-15.13,0.00,930.1999923166758,OFF,DEPLOYED,AUTO
23:58:29.680,10.00,-14.28,0.00,927.9778451128761,OFF,DEPLOYED,AUTO
23:58:29.781,10.00,-13.43,0.00,925.7499984748225,OFF,DEPLOYED,AUTO
23:58:29.881,9.97,-12.57,0.00,923.5165080985649,OFF,DEPLOYED,AUTO
23:58:29.982,9.92,-11.70,0.00,921.2774298212463,OFF,DEPLOYED,AUTO
23:58:30.083,9.84,-10.83,0.00,919.032819619707,OFF,DEPLOYED,AUTO
23:58:30.183,9.74,-9.95,0.00,916.7827336090852,OFF,DEPLOYED,AUTO
23:58:30.287,9.62,-9.07,0.00,914.527228041414,OFF,DEPLOYED,AUTO
23:58:30.390,9.47,-8.19,0.00,912.2663593042149,OFF,DEPLOYED,AUTO
23:58:30.489,9.29,-7.30,0.00,910.0001839190888,OFF,DEPLOYED,AUTO
23:58:30.590,9.10,-6.41,0.00,907.7287585403024,OFF,DEPLOYED,AUTO
23:58:30.691,8.88,-5.52,0.00,905.4521399533714,OFF,DEPLOYED,AUTO
23:58:30.792,8.64,-4.63,0.00,903.1703850736424,OFF,DEPLOYED,AUTO
23:58:30.893,8.38,-3.73,0.00,900.8835509448684,OFF,DEPLOYED,AUTO
23:58:30.993,8.09,-2.83,0.00,898.5916947377833,OFF,DEPLOYED,AUTO
23:58:31.096,7.79,-1.93,0.00,896.2948737486731,OFF,DEPLOYED,AUTO
23:58:31.195,7.47,-1.03,0.00,893.993145397943,OFF,DEPLOYED,AUTO
23:58:31.295,7.12,-0.13,0.00,891.6865672286816,OFF,DEPLOYED,AUTO
23:58:31.397,6.76,0.77,0.00,889.3751969052232,OFF,DEPLOYED,AUTO
23:58:31.497,6.39,1.67,0.00,887.0590922117055,OFF,DEPLOYED,AUTO
23:58:31.598,5.99,2.56,0.00,884.7383110506253,OFF,DEPLOYED,AUTO
23:58:31.699,5.59,3.46,0.00,882.4129114413904,OFF,DEPLOYED,AUTO
23:58:31.799,5.17,4.36,0.00,880.0829515188702,OFF,DEPLOYED,AUTO
23:58:31.900,4.73,5.25,0.00,877.7484895319415,OFF,DEPLOYED,AUTO
23:58:32.001,4.29,6.15,0.00,875.409583842032,OFF,DEPLOYED,AUTO
23:58:32.102,3.83,7.04,0.00,873.0662929216625,OFF,DEPLOYED,AUTO
23:58:32.202,3.36,7.92,0.00,870.7186753529838,OFF,DEPLOYED,AUTO
23:58:32.302,2.89,8.81,0.00,868.3667898263129,OFF,DEPLOYED,AUTO
23:58:32.404,2.40,9.69,0.00,866.0106951386654,OFF,DEPLOYED,AUTO
23:58:32.504,1.92,10.57,0.00,863.6504501922858,OFF,DEPLOYED,AUTO
23:58:32.605,1.42,11.44,0.00,861.2861139931749,OFF,DEPLOYED,AUTO
23:58:32.707,0.93,12.31,0.00,858.9177456496145,OFF,DEPLOYED,AUTO
23:58:32.811,0.43,13.17,0.00,856.5454043706899,OFF,DEPLOYED,AUTO
23:58:32.912,-0.07,14.03,0.00,854.1691494648093,OFF,DEPLOYED,AUTO
23:58:33.013,-0.57,14.88,0.00,851.7890403382218,OFF,DEPLOYED,AUTO
23:58:33.114,-1.07,15.73,0.00,849.4051364935315,OFF,DEPLOYED,AUTO
23:58:33.215,-1.56,16.57,0.00,847.0174975282104,OFF,DEPLOYED,AUTO
23:58:33.316,-2.06,17.40,0.00,844.6261831331082,OFF,DEPLOYED,AUTO
23:58:33.416,-2.54,18.23,0.00,842.2312530909603,OFF,DEPLOYED,AUTO
23:58:33.517,-3.02,19.05,0.00,839.8327672748931,OFF,DEPLOYED,AUTO
23:58:33.618,-3.50,19.86,0.00,837.4307856469269,OFF,DEPLOYED,AUTO
23:58:33.719,-3.96,20.66,0.00,835.0253682564773,OFF,DEPLOYED,AUTO
23:58:33.820,-4.41,21.46,0.00,832.616575238854,OFF,DEPLOYED,AUTO
23:58:33.920,-4.86,22.24,0.00,830.2044668137568,OFF,DEPLOYED,AUTO
23:58:34.021,-5.29,23.02,0.00,827.7891032837707,OFF,DEPLOYED,AUTO
23:58:34.121,-5.71,23.79,0.00,825.3705450328582,OFF,DEPLOYED,AUTO
23:58:34.222,-6.11,24.55,0.00,822.9488525248497,OFF,DEPLOYED,AUTO
23:58:34.323,-6.50,25.30,0.00,820.5240863019316,OFF,DEPLOYED,AUTO
23:58:34.424,-6.87,26.04,0.00,818.0963069831332,OFF,DEPLOYED,AUTO
23:58:34.525,-7.22,26.77,0.00,815.6655752628111,OFF,DEPLOYED,AUTO
23:58:34.625,-7.56,27.48,0.00,813.2319519091317,OFF,DEPLOYED,AUTO
23:58:34.728,-7.88,28.19,0.00,810.795497762552,OFF,DEPLOYED,AUTO
23:58:34.828,-8.18,28.89,0.00,808.356273734299,OFF,DEPLOYED,AUTO
23:58:34.929,-8.45,29.57,0.00,805.914340804846,OFF,DEPLOYED,AUTO
23:58:35.028,-8.71,30.24,0.00,803.4697600223893,OFF,DEPLOYED,AUTO
23:58:35.129,-8.94,30.90,0.00,801.0225925013211,OFF,DEPLOYED,AUTO
23:58:35.230,-9.16,31.55,0.00,798.572899420702,OFF,DEPLOYED,AUTO
23:58:35.331,-9.35,32.19,0.00,796.1207420227314,OFF,DEPLOYED,AUTO
23:58:35.435,-9.51,32.81,0.00,793.6661816112165,OFF,DEPLOYED,AUTO
23:58:35.537,-9.65,33.42,0.00,791.2092795500398,OFF,DEPLOYED,AUTO
23:58:35.643,-9.77,34.02,0.00,788.7500972616248,OFF,DEPLOYED,AUTO
23:58:35.758,-9.87,34.60,0.00,786.2886962254006,OFF,DEPLOYED,AUTO
23:58:35.859,-9.94,35.17,0.00,783.8251379762651,OFF,DEPLOYED,AUTO
23:58:35.961,-9.98,35.72,0.00,781.3594841030459,OFF,DEPLOYED,AUTO
23:58:36.061,-10.00,36.26,0.00,778.8917962469618,OFF,DEPLOYED,AUTO
23:58:36.167,-9.99,36.79,0.00,776.4221361000804,OFF,DEPLOYED,AUTO
23:58:36.277,-9.96,37.30,0.00,773.9505654037767,OFF,DEPLOYED,AUTO
23:58:36.383,-9.91,37.79,0.00,771.4771459471897,OFF,DEPLOYED,AUTO
23:58:36.483,-9.83,38.27,0.00,769.0019395656766,OFF,DEPLOYED,AUTO
23:58:36.584,-9.72,38.74,0.00,766.5250081392683,OFF,DEPLOYED,AUTO
23:58:36.691,-9.59,39.19,0.00,764.0464135911213,OFF,DEPLOYED,AUTO
23:58:36.792,-9.44,39.62,0.00,761.5662178859704,OFF,DEPLOYED,AUTO
23:58:36.892,-9.26,40.04,0.00,759.0844830285789,OFF,DEPLOYED,AUTO
23:58:36.993,-9.06,40.45,0.00,756.601271062189,OFF,DEPLOYED,AUTO
23:58:37.099,-8.84,40.83,0.00,754.1166440669704,OFF,DEPLOYED,AUTO
23:58:37.206,-8.60,41.20,0.00,751.6306641584688,OFF,DEPLOYED,AUTO
23:58:37.342,-8.33,41.56,0.00,749.1433934860523,OFF,DEPLOYED,AUTO
23:58:37.453,-8.04,41.89,0.00,746.6548942313582,OFF,DEPLOYED,AUTO
23:58:37.553,-7.74,42.21,0.00,744.1652286067383,OFF,DEPLOYED,AUTO
23:58:37.658,-7.41,42.52,0.00,741.6744588537035,OFF,DEPLOYED,AUTO
23:58:37.761,-7.06,42.80,0.00,739.1826472413679,OFF,DEPLOYED,AUTO
23:58:37.862,-6.70,43.07,0.00,736.689856064892,OFF,DEPLOYED,AUTO
23:58:37.964,-6.32,43.32,0.00,734.1961476439254,OFF,DEPLOYED,AUTO
23:58:38.066,-5.93,43.56,0.00,731.7015843210488,OFF,DEPLOYED,AUTO
23:58:38.168,-5.52,43.78,0.00,729.2062284602152,OFF,DEPLOYED,AUTO
23:58:38.276,-5.09,43.98,0.00,726.7101424451914,OFF,DEPLOYED,AUTO
23:58:38.376,-4.66,44.16,0.00,724.2133886779975,OFF,DEPLOYED,AUTO
23:58:38.477,-4.21,44.32,0.00,721.7160295773479,OFF,DEPLOYED,AUTO
23:58:38.577,-3.75,44.47,0.00,719.2181275770898,OFF,DEPLOYED,AUTO
23:58:38.677,-3.28,44.60,0.00,716.7197451246432,OFF,DEPLOYED,AUTO
23:58:38.778,-2.81,44.71,0.00,714.2209446794393,OFF,DEPLOYED,AUTO
23:58:38.879,-2.32,44.80,0.00,711.7217887113592,OFF,DEPLOYED,AUTO
23:58:38.981,-1.83,44.88,0.00,709.2223396991717,OFF,DEPLOYED,AUTO
23:58:39.082,-1.34,44.93,0.00,706.7226601289722,OFF,DEPLOYED,AUTO
23:58:39.183,-0.84,44.97,0.00,704.2228124926195,OFF,DEPLOYED,AUTO
23:58:39.288,-0.34,45.00,0.00,701.7228592861744,OFF,DEPLOYED,AUTO
23:58:39.389,0.16,45.00,0.00,699.222863008337,OFF,DEPLOYED,AUTO
23:58:39.490,0.65,44.98,0.00,696.7228861588837,OFF,DEPLOYED,AUTO
23:58:39.590,1.15,44.95,0.00,694.222991237106,OFF,DEPLOYED,AUTO
23:58:39.691,1.65,44.90,0.00,691.7232407402464,OFF,DEPLOYED,AUTO
23:58:39.791,2.14,44.83,0.00,689.2236971619371,OFF,DEPLOYED,AUTO
23:58:39.893,2.62,44.75,0.00,686.7244229906375,OFF,DEPLOYED,AUTO
23:58:39.994,3.10,44.64,0.00,684.2254807080719,OFF,DEPLOYED,AUTO
23:58:40.095,3.57,44.52,0.00,681.7269327876668,OFF,DEPLOYED,AUTO
23:58:40.196,4.04,44.38,0.00,679.2288416929904,OFF,DEPLOYED,AUTO
23:58:40.295,4.49,44.22,0.00,676.7312698761898,OFF,DEPLOYED,AUTO
23:58:40.396,4.93,44.05,0.00,674.2342797764304,OFF,DEPLOYED,AUTO
23:58:40.497,5.36,43.85,0.00,671.7379338183346,OFF,DEPLOYED,AUTO
23:58:40.601,5.77,43.64,0.00,669.2422944104214,OFF,DEPLOYED,AUTO
23:58:40.703,6.17,43.41,0.00,666.7474239435459,OFF,DEPLOYED,AUTO
23:58:40.804,6.56,43.17,0.00,664.25338478934,OFF,DEPLOYED,AUTO
23:58:40.905,6.93,42.91,0.00,661.7602392986524,OFF,DEPLOYED,AUTO
23:58:41.006,7.28,42.63,0.00,659.2680497999909,OFF,DEPLOYED,AUTO
23:58:41.106,7.61,42.33,0.00,656.7768785979629,OFF,DEPLOYED,AUTO
23:58:41.207,7.93,42.02,0.00,654.2867879717186,OFF,DEPLOYED,AUTO
23:58:41.307,8.22,41.69,0.00,651.7978401733942,OFF,DEPLOYED,AUTO
23:58:41.409,8.50,41.34,0.00,649.3100974265549,OFF,DEPLOYED,AUTO
23:58:41.509,8.75,40.97,0.00,646.8236219246398,OFF,DEPLOYED,AUTO
23:58:41.609,8.98,40.59,0.00,644.3384758294071,OFF,DEPLOYED,AUTO
23:58:41.712,9.19,40.20,0.00,641.8547212693796,OFF,DEPLOYED,AUTO
23:58:41.812,9.38,39.78,0.00,639.3724203382919,OFF,DEPLOYED,AUTO
23:58:41.913,9.54,39.36,0.00,636.8916350935381,OFF,DEPLOYED,AUTO
23:58:42.014,9.68,38.91,0.00,634.4124275546201,OFF,DEPLOYED,AUTO
23:58:42.118,9.79,38.45,0.00,631.9348597015971,OFF,DEPLOYED,AUTO
23:58:42.222,9.88,37.98,0.00,629.4589934735367,OFF,DEPLOYED,AUTO
23:58:42.323,9.94,37.49,0.00,626.9848907669653,OFF,DEPLOYED,AUTO
23:58:42.424,9.98,36.98,0.00,624.5126134343219,OFF,DEPLOYED,AUTO
23:58:42.524,10.00,36.46,0.00,622.042223282411,OFF,DEPLOYED,AUTO
23:58:42.625,9.99,35.93,0.00,619.5737820708578,OFF,DEPLOYED,AUTO
23:58:42.726,9.96,35.38,0.00,617.1073515105638,OFF,DEPLOYED,AUTO
23:58:42.826,9.90,34.81,0.00,614.6429932621649,OFF,DEPLOYED,AUTO
23:58:42.929,9.81,34.24,0.00,612.1807689344886,OFF,DEPLOYED,AUTO
23:58:43.033,9.70,33.65,0.00,609.7207400830151,OFF,DEPLOYED,AUTO
23:58:43.136,9.57,33.04,0.00,607.2629682083375,OFF,DEPLOYED,AUTO
23:58:43.237,9.41,32.42,0.00,604.8075147546245,OFF,DEPLOYED,AUTO
23:58:43.338,9.23,31.79,0.00,602.3544411080849,OFF,DEPLOYED,AUTO
23:58:43.438,9.03,31.15,0.00,599.9038085954318,OFF,DEPLOYED,AUTO
23:58:43.539,8.80,30.49,0.00,597.4556784823504,OFF,DEPLOYED,AUTO
23:58:43.639,8.55,29.83,0.00,595.0101119719661,OFF,DEPLOYED,AUTO
23:58:43.741,8.28,29.15,0.00,592.5671702033144,OFF,DEPLOYED,AUTO
23:58:43.841,7.99,28.46,0.00,590.1269142498121,OFF,DEPLOYED,AUTO
23:58:43.941,7.68,27.75,0.00,587.689405117731,OFF,DEPLOYED,AUTO
23:58:44.043,7.35,27.04,0.00,585.2547037446725,OFF,DEPLOYED,AUTO
23:58:44.143,7.00,26.31,0.00,582.822870998044,OFF,DEPLOYED,AUTO
23:58:44.243,6.64,25.58,0.00,580.3939676735375,OFF,DEPLOYED,AUTO
23:58:44.345,6.26,24.83,0.00,577.9680544936098,OFF,DEPLOYED,AUTO
23:58:44.447,5.86,24.08,0.00,575.5451921059639,OFF,DEPLOYED,AUTO
23:58:44.547,5.45,23.31,0.00,573.1254410820333,OFF,DEPLOYED,AUTO
23:58:44.648,5.02,22.54,0.00,570.7088619154677,OFF,DEPLOYED,AUTO
23:58:44.748,4.58,21.75,0.00,568.2955150206201,OFF,DEPLOYED,AUTO
23:58:44.852,4.13,20.96,0.00,565.8854607310375,OFF,DEPLOYED,AUTO
23:58:44.954,3.67,20.16,0.00,563.4787592979515,OFF,DEPLOYED,AUTO
23:58:45.054,3.20,19.35,0.00,561.0754708887725,OFF,DEPLOYED,AUTO
23:58:45.154,2.73,18.54,0.00,558.6756555855857,OFF,DEPLOYED,AUTO
23:58:45.255,2.24,17.71,0.00,556.2793733836486,OFF,DEPLOYED,AUTO
23:58:45.356,1.75,16.88,0.00,553.8866841898914,OFF,DEPLOYED,AUTO
23:58:45.457,1.26,16.05,0.00,551.4976478214195,OFF,DEPLOYED,AUTO
23:58:45.558,0.76,15.20,0.00,549.1123240040175,OFF,DEPLOYED,AUTO
23:58:45.659,0.26,14.35,0.00,546.7307723706566,OFF,DEPLOYED,AUTO
23:58:45.761,-0.24,13.50,0.00,544.3530524600037,OFF,DEPLOYED,AUTO
23:58:45.861,-0.74,12.63,0.00,541.9792237149328,OFF,DEPLOYED,AUTO
23:58:45.963,-1.24,11.77,0.00,539.6093454810386,OFF,DEPLOYED,AUTO
23:58:46.064,-1.73,10.90,0.00,537.2434770051539,OFF,DEPLOYED,AUTO
23:58:46.165,-2.22,10.02,0.00,534.881677433867,OFF,DEPLOYED,AUTO
23:58:46.265,-2.71,9.14,0.00,532.5240058120444,OFF,DEPLOYED,AUTO
23:58:46.366,-3.18,8.26,0.00,530.1705210813539,OFF,DEPLOYED,AUTO
23:58:46.467,-3.65,7.37,0.00,527.8212820787909,OFF,DEPLOYED,AUTO
23:58:46.568,-4.11,6.48,0.00,525.4763475352083,OFF,DEPLOYED,AUTO
23:58:46.670,-4.56,5.59,0.00,523.1357760738476,OFF,DEPLOYED,AUTO
23:58:46.770,-5.00,4.70,0.00,520.7996262088734,OFF,DEPLOYED,AUTO
23:58:46.871,-5.43,3.80,0.00,518.4679563439106,OFF,DEPLOYED,AUTO
23:58:46.971,-5.84,2.90,0.00,516.1408247705845,OFF,DEPLOYED,AUTO
23:58:47.072,-6.24,2.01,0.00,513.818289667063,OFF,DEPLOYED,AUTO
23:58:47.173,-6.62,1.11,0.00,511.5004090966029,OFF,DEPLOYED,AUTO
23:58:47.273,-6.99,0.21,0.00,509.1872410060977,OFF,DEPLOYED,AUTO
23:58:47.374,-7.34,-0.69,0.00,506.8788432246292,OFF,DEPLOYED,AUTO
23:58:47.475,-7.67,-1.59,0.00,504.57527346202164,OFF,DEPLOYED,AUTO
23:58:47.577,-7.98,-2.49,0.00,502.27658930739926,OFF,DEPLOYED,AUTO
23:58:47.683,-8.27,-3.39,0.00,149.991424113873,OFF,RETRACTED,AUTO
23:58:47.783,-8.54,-4.29,0.00,148.84705378323474,OFF,RETRACTED,AUTO
23:58:47.884,-8.79,-5.18,0.00,147.70521227098357,OFF,RETRACTED,AUTO
23:58:47.985,-9.02,-6.08,0.00,146.5659281230977,OFF,RETRACTED,AUTO
23:58:48.086,-9.22,-6.97,0.00,145.42922982162162,OFF,RETRACTED,AUTO
23:58:48.189,-9.40,-7.85,0.00,144.2951457839536,OFF,RETRACTED,AUTO
23:58:48.289,-9.56,-8.74,0.00,143.1637043621355,OFF,RETRACTED,AUTO
23:58:48.392,-9.70,-9.62,0.00,142.03493384214397,OFF,RETRACTED,AUTO
23:58:48.496,-9.81,-10.50,0.00,140.90886244318318,OFF,RETRACTED,AUTO
23:58:48.596,-9.89,-11.37,0.00,139.7855183169795,OFF,RETRACTED,AUTO
23:58:48.698,-9.95,-12.24,0.00,138.66492954707755,OFF,RETRACTED,AUTO
23:58:48.798,-9.99,-13.10,0.00,137.5471241481382,OFF,RETRACTED,AUTO
23:58:48.899,-10.00,-13.96,0.00,136.43213006523825,OFF,RETRACTED,AUTO
23:58:49.000,-9.99,-14.81,0.00,135.3199751731717,OFF,RETRACTED,AUTO
23:58:49.101,-9.95,-15.66,0.00,134.2106872757529,OFF,RETRACTED,AUTO
23:58:49.201,-9.88,-16.50,0.00,133.10429410512148,OFF,RETRACTED,AUTO
23:58:49.302,-9.79,-17.33,0.00,132.00082332104913,OFF,RETRACTED,AUTO
23:58:49.403,-9.68,-18.16,0.00,130.90030251024797,OFF,RETRACTED,AUTO
23:58:49.504,-9.54,-18.98,0.00,129.80275918568088,OFF,RETRACTED,AUTO
23:58:49.604,-9.38,-19.79,0.00,128.70822078587395,OFF,RETRACTED,AUTO
23:58:49.705,-9.20,-20.60,0.00,127.61671467423008,OFF,RETRACTED,AUTO
23:58:49.805,-8.99,-21.39,0.00,126.52826813834521,OFF,RETRACTED,AUTO
23:58:49.909,-8.76,-22.18,0.00,125.44290838932606,OFF,RETRACTED,AUTO
23:58:50.010,-8.51,-22.96,0.00,124.36066256110983,OFF,RETRACTED,AUTO
23:58:50.111,-8.24,-23.73,0.00,123.28155770978589,OFF,RETRACTED,AUTO
23:58:50.213,-7.94,-24.49,0.00,122.20562081291925,OFF,RETRACTED,AUTO
23:58:50.314,-7.63,-25.24,0.00,121.13287876887631,OFF,RETRACTED,AUTO
23:58:50.415,-7.30,-25.98,0.00,120.06335839615238,OFF,RETRACTED,AUTO
23:58:50.516,-6.94,-26.71,0.00,118.99708643270097,OFF,RETRACTED,AUTO
23:58:50.617,-6.58,-27.43,0.00,117.93408953526566,OFF,RETRACTED,AUTO
23:58:50.717,-6.19,-28.14,0.00,116.87439427871357,OFF,RETRACTED,AUTO
23:58:50.817,-5.79,-28.83,0.00,115.81802715537088,OFF,RETRACTED,AUTO
23:58:50.919,-5.38,-29.52,0.00,114.76501457436063,OFF,RETRACTED,AUTO
23:58:51.019,-4.95,-30.19,0.00,113.71538286094258,OFF,RETRACTED,AUTO
23:58:51.120,-4.51,-30.85,0.00,112.66915825585482,OFF,RETRACTED,AUTO
23:58:51.222,-4.06,-31.50,0.00,111.626366914658,OFF,RETRACTED,AUTO
23:58:51.324,-3.59,-32.14,0.00,110.58703490708137,OFF,RETRACTED,AUTO
23:58:51.425,-3.12,-32.76,0.00,109.551188216371,OFF,RETRACTED,AUTO
23:58:51.525,-2.64,-33.37,0.00,108.51885273864013,OFF,RETRACTED,AUTO
23:58:51.626,-2.16,-33.97,0.00,107.49005428222202,OFF,RETRACTED,AUTO
23:58:51.727,-1.67,-34.55,0.00,106.46481856702445,OFF,RETRACTED,AUTO
23:58:51.827,-1.17,-35.12,0.00,105.4431712238869,OFF,RETRACTED,AUTO
23:58:51.928,-0.68,-35.68,0.00,104.42513779393977,OFF,RETRACTED,AUTO
23:58:52.029,-0.18,-36.22,0.00,103.41074372796578,OFF,RETRACTED,AUTO
23:58:52.130,0.32,-36.75,0.00,102.40001438576368,OFF,RETRACTED,AUTO
23:58:52.232,0.82,-37.26,0.00,101.39297503551447,OFF,RETRACTED,AUTO
23:58:52.333,1.32,-37.75,0.00,100.38965085314945,OFF,RETRACTED,AUTO
23:58:52.433,1.81,-38.24,0.00,99.39006692172086,OFF,RETRACTED,AUTO
23:58:52.534,2.30,-38.70,0.00,98.39424823077496,OFF,RETRACTED,AUTO
23:58:52.643,2.79,-39.15,0.00,97.40221967572717,OFF,RETRACTED,AUTO
23:58:52.767,3.26,-39.59,0.00,96.41400605723967,OFF,RETRACTED,AUTO
23:58:52.869,3.73,-40.01,0.00,95.4296320806015,OFF,RETRACTED,AUTO
23:58:52.975,4.19,-40.41,0.00,94.44912235511075,OFF,RETRACTED,AUTO
23:58:53.083,4.64,-40.80,0.00,93.47250139345951,OFF,RETRACTED,AUTO
23:58:53.186,5.08,-41.17,0.00,92.49979361112096,OFF,RETRACTED,AUTO
23:58:53.295,5.50,-41.53,0.00,91.53102332573897,OFF,RETRACTED,AUTO
23:58:53.395,5.91,-41.87,0.00,90.56621475652031,OFF,RETRACTED,AUTO
23:58:53.498,6.31,-42.19,0.00,89.60539202362887,OFF,RETRACTED,AUTO
23:58:53.598,6.69,-42.49,0.00,88.64857914758292,OFF,RETRACTED,AUTO
23:58:53.700,7.05,-42.78,0.00,87.69580004865458,OFF,RETRACTED,AUTO
23:58:53.807,7.40,-43.05,0.00,86.74707854627167,OFF,RETRACTED,AUTO
23:58:53.910,7.72,-43.30,0.00,85.80243835842239,OFF,RETRACTED,AUTO
23:58:54.011,8.03,-43.54,0.00,84.86190310106215,OFF,RETRACTED,AUTO
23:58:54.111,8.32,-43.76,0.00,83.92549628752343,OFF,RETRACTED,AUTO
23:58:54.216,8.59,-43.96,0.00,82.99324132792785,OFF,RETRACTED,AUTO
23:58:54.325,8.83,-44.14,0.00,82.06516152860078,OFF,RETRACTED,AUTO
23:58:54.425,9.05,-44.31,0.00,81.14128009148888,OFF,RETRACTED,AUTO
23:58:54.527,9.26,-44.46,0.00,80.22162011357997,OFF,RETRACTED,AUTO
23:58:54.628,9.43,-44.59,0.00,79.3062045863256,OFF,RETRACTED,AUTO
23:58:54.729,9.59,-44.70,0.00,78.39505639506626,OFF,RETRACTED,AUTO
23:58:54.832,9.72,-44.80,0.00,77.48819831845933,OFF,RETRACTED,AUTO
23:58:54.937,9.82,-44.87,0.00,76.58565302790942,OFF,RETRACTED,AUTO
23:58:55.038,9.90,-44.93,0.00,75.68744308700181,OFF,RETRACTED,AUTO
23:58:55.138,9.96,-44.97,0.00,74.79359095093824,OFF,RETRACTED,AUTO
23:58:55.242,9.99,-44.99,0.00,73.90411896597556,OFF,RETRACTED,AUTO
23:58:55.343,10.00,-45.00,0.00,73.01904936886709,OFF,RETRACTED,AUTO
23:58:55.444,9.98,-44.99,0.00,72.13840428630664,OFF,RETRACTED,AUTO
23:58:55.545,9.94,-44.96,0.00,71.26220573437539,OFF,RETRACTED,AUTO
23:58:55.647,9.87,-44.91,0.00,70.39047561799154,OFF,RETRACTED,AUTO
23:58:55.748,9.78,-44.84,0.00,69.52323573036253,OFF,RETRACTED,AUTO
23:58:55.849,9.66,-44.75,0.00,68.66050775244048,OFF,RETRACTED,AUTO
23:58:55.953,9.52,-44.65,0.00,67.80231325237983,OFF,RETRACTED,AUTO
23:58:56.056,9.35,-44.53,0.00,66.94867368499843,OFF,RETRACTED,AUTO
23:58:56.158,9.16,-44.39,0.00,66.09961039124096,OFF,RETRACTED,AUTO
23:58:56.258,8.95,-44.24,0.00,65.25514459764557,OFF,RETRACTED,AUTO
23:58:56.360,8.72,-44.06,0.00,64.41529741581309,OFF,RETRACTED,AUTO
23:58:56.464,8.46,-43.87,0.00,63.580089841879385,OFF,RETRACTED,AUTO
23:58:56.564,8.19,-43.66,0.00,62.749542755990234,OFF,RETRACTED,AUTO
23:58:56.666,7.89,-43.43,0.00,61.92367692177956,OFF,RETRACTED,AUTO
23:58:56.769,7.57,-43.19,0.00,61.10251298585021,OFF,RETRACTED,AUTO
23:58:56.872,7.24,-42.93,0.00,60.28607147725779,OFF,RETRACTED,AUTO
23:58:56.975,6.88,-42.65,0.00,59.47437280699751,OFF,RETRACTED,AUTO
23:58:57.076,6.51,-42.35,0.00,58.66743726749385,OFF,RETRACTED,AUTO
23:58:57.177,6.13,-42.04,0.00,57.865285032093254,OFF,RETRACTED,AUTO
23:58:57.278,5.72,-41.71,0.00,57.067936154559845,OFF,RETRACTED,AUTO
23:58:57.379,5.31,-41.37,0.00,56.27541056857402,OFF,RETRACTED,AUTO
23:58:57.480,4.88,-41.00,0.00,55.48772808723416,OFF,RETRACTED,AUTO
23:58:57.580,4.43,-40.62,0.00,54.70490840256127,OFF,RETRACTED,AUTO
23:58:57.681,3.98,-40.23,0.00,53.92697108500673,OFF,RETRACTED,AUTO
23:58:57.783,3.52,-39.82,0.00,53.153935582962845,OFF,RETRACTED,AUTO
23:58:57.888,3.04,-39.39,0.00,52.38582122227706,OFF,RETRACTED,AUTO
23:58:57.988,2.56,-38.95,0.00,51.62264720576829,OFF,RETRACTED,AUTO
23:58:58.089,2.08,-38.49,0.00,50.86443261274724,OFF,RETRACTED,AUTO
23:58:58.189,1.59,-38.02,0.00,50.11119639853919,OFF,RETRACTED,AUTO
23:58:58.290,1.09,-37.53,0.00,49.36295739401032,OFF,RETRACTED,AUTO
23:58:58.391,0.59,-37.02,0.00,48.619734305096756,OFF,RETRACTED,AUTO
23:58:58.491,0.09,-36.50,0.00,47.881545712337015,OFF,RETRACTED,AUTO
23:58:58.592,-0.41,-35.97,0.00,47.148410070407465,OFF,RETRACTED,AUTO
23:58:58.693,-0.91,-35.42,0.00,46.42034570766094,OFF,RETRACTED,AUTO
23:58:58.793,-1.40,-34.86,0.00,45.69737082566863,OFF,RETRACTED,AUTO
23:58:58.894,-1.90,-34.28,0.00,44.97950349876493,OFF,RETRACTED,AUTO
23:58:58.995,-2.38,-33.69,0.00,44.266761673595596,OFF,RETRACTED,AUTO
23:58:59.097,-2.87,-33.09,0.00,43.55916316866916,OFF,RETRACTED,AUTO
23:58:59.198,-3.34,-32.47,0.00,42.85672567391134,OFF,RETRACTED,AUTO
23:58:59.300,-3.81,-31.84,0.00,42.159466750223004,OFF,RETRACTED,AUTO
23:58:59.401,-4.27,-31.20,0.00,41.46740382904085,OFF,RETRACTED,AUTO
23:58:59.503,-4.71,-30.55,0.00,40.78055421190194,OFF,RETRACTED,AUTO
23:58:59.602,-5.15,-29.88,0.00,40.09893507001087,OFF,RETRACTED,AUTO
23:58:59.704,-5.57,-29.20,0.00,39.422563443810674,OFF,RETRACTED,AUTO
23:58:59.805,-5.98,-28.51,0.00,38.75145624255683,OFF,RETRACTED,AUTO
23:58:59.906,-6.37,-27.81,0.00,38.0856302438944,OFF,RETRACTED,AUTO
23:59:00.006,-6.75,-27.10,0.00,37.42510209343865,OFF,RETRACTED,AUTO
23:59:00.107,-7.11,-26.37,0.00,36.76988830435894,OFF,RETRACTED,AUTO
23:59:00.208,-7.45,-25.64,0.00,36.120005256965925,OFF,RETRACTED,AUTO
23:59:00.308,-7.78,-24.89,0.00,35.47546919830188,OFF,RETRACTED,AUTO
23:59:00.409,-8.08,-24.14,0.00,34.83629624173474,OFF,RETRACTED,AUTO
23:59:00.510,-8.36,-23.37,0.00,34.20250236655508,OFF,RETRACTED,AUTO
23:59:00.611,-8.63,-22.60,0.00,33.57410341757685,OFF,RETRACTED,AUTO
23:59:00.712,-8.87,-21.82,0.00,32.95111510474098,OFF,RETRACTED,AUTO
23:59:00.812,-9.09,-21.03,0.00,32.33355300272282,OFF,RETRACTED,AUTO
23:59:00.914,-9.29,-20.23,0.00,31.721432550542858,OFF,RETRACTED,AUTO
23:59:01.016,-9.46,-19.42,0.00,31.114769051180446,OFF,RETRACTED,AUTO
23:59:01.118,-9.61,-18.60,0.00,30.513577671191456,OFF,RETRACTED,AUTO
23:59:01.220,-9.74,-17.78,0.00,29.917873440329117,OFF,RETRACTED,AUTO
23:59:01.321,-9.84,-16.95,0.00,29.32767125116814,OFF,RETRACTED,AUTO
23:59:01.423,-9.92,-16.11,0.00,28.742985858732567,OFF,RETRACTED,AUTO
23:59:01.526,-9.97,-15.27,0.00,28.16383188012668,OFF,RETRACTED,AUTO
23:59:01.627,-10.00,-14.42,0.00,27.590223794169844,OFF,RETRACTED,AUTO
23:59:01.727,-10.00,-13.56,0.00,27.022175941034305,OFF,RETRACTED,AUTO
23:59:01.829,-9.98,-12.70,0.00,26.45970252188681,OFF,RETRACTED,AUTO
23:59:01.931,-9.93,-11.84,0.00,25.902817598533545,OFF,RETRACTED,AUTO
23:59:02.035,-9.86,-10.97,0.00,25.351535093068605,OFF,RETRACTED,AUTO
23:59:02.136,-9.76,-10.09,0.00,24.805868787525895,OFF,RETRACTED,AUTO
23:59:02.236,-9.64,-9.21,0.00,24.265832323534624,OFF,RETRACTED,AUTO
23:59:02.336,-9.49,-8.33,0.00,23.731439201978276,OFF,RETRACTED,AUTO
23:59:02.438,-9.32,-7.44,0.00,23.20270278265707,OFF,RETRACTED,AUTO
23:59:02.539,-9.13,-6.55,0.00,22.679636283953926,OFF,RETRACTED,AUTO
23:59:02.639,-8.92,-5.66,0.00,22.162252782504055,OFF,RETRACTED,AUTO
23:59:02.740,-8.68,-4.77,0.00,21.650565212868116,OFF,RETRACTED,AUTO
23:59:02.841,-8.42,-3.87,0.00,21.144586367208603,OFF,RETRACTED,AUTO
23:59:02.942,-8.14,-2.98,0.00,20.644328894970414,OFF,RETRACTED,AUTO
23:59:03.044,-7.84,-2.08,0.00,20.149805302564204,OFF,RETRACTED,AUTO
23:59:03.144,-7.52,-1.18,0.00,19.661027953054116,OFF,RETRACTED,AUTO
23:59:03.245,-7.18,-0.28,0.00,19.17800906584833,OFF,RETRACTED,AUTO
23:59:03.346,-6.82,0.62,0.00,18.700760716393916,OFF,RETRACTED,AUTO
23:59:03.447,-6.45,1.52,0.00,18.229294835874782,OFF,RETRACTED,AUTO
23:59:03.547,-6.06,2.42,0.00,17.76362321091335,OFF,RETRACTED,AUTO
23:59:03.648,-5.65,3.32,0.00,17.303757483276,OFF,RETRACTED,AUTO
23:59:03.748,-5.23,4.22,0.00,16.84970914958197,OFF,RETRACTED,AUTO
23:59:03.855,-4.80,5.11,0.00,16.40148956101598,OFF,RETRACTED,AUTO
23:59:03.960,-4.36,6.00,0.00,15.959109923044338,OFF,RETRACTED,AUTO
23:59:04.060,-3.90,6.89,0.00,15.522581295135012,OFF,RETRACTED,AUTO
23:59:04.161,-3.44,7.78,0.00,15.09191459048094,OFF,RETRACTED,AUTO
23:59:04.263,-2.96,8.67,0.00,14.667120575727267,OFF,RETRACTED,AUTO
23:59:04.364,-2.48,9.55,0.00,14.24820987070234,OFF,RETRACTED,AUTO
23:59:04.465,-1.99,10.43,0.00,13.8351929481519,OFF,RETRACTED,AUTO
23:59:04.567,-1.50,11.30,0.00,13.428080133477465,OFF,RETRACTED,AUTO
23:59:04.666,-1.01,12.17,0.00,13.026881604478262,OFF,RETRACTED,AUTO
23:59:04.768,-0.51,13.03,0.00,12.631607391096594,OFF,RETRACTED,AUTO
23:59:04.868,-0.01,13.89,0.00,12.242267375167216,OFF,RETRACTED,AUTO
23:59:04.969,0.49,14.74,0.00,11.858871290170242,OFF,RETRACTED,AUTO
23:59:05.070,0.99,15.59,0.00,11.481428720987822,OFF,RETRACTED,AUTO
23:59:05.172,1.49,16.43,0.00,11.109949103664519,OFF,RETRACTED,AUTO
23:59:05.273,1.98,17.27,0.00,10.74444172517147,OFF,RETRACTED,AUTO
23:59:05.373,2.47,18.10,0.00,10.384915723174032,OFF,RETRACTED,AUTO
23:59:05.475,2.95,18.92,0.00,10.03138008580359,OFF,RETRACTED,AUTO
23:59:05.577,3.42,19.73,0.00,9.683843651432625,OFF,RETRACTED,AUTO
23:59:05.679,3.89,20.53,0.00,9.342315108453903,OFF,RETRACTED,AUTO
23:59:05.781,4.34,21.33,0.00,9.006802995063225,OFF,RETRACTED,AUTO
23:59:05.881,4.79,22.12,0.00,8.67731569904592,OFF,RETRACTED,AUTO
23:59:05.982,5.22,22.90,0.00,8.353861457567291,OFF,RETRACTED,AUTO
23:59:06.082,5.64,23.67,0.00,8.036448356966446,OFF,RETRACTED,AUTO
23:59:06.183,6.05,24.43,0.00,7.725084332554417,OFF,RETRACTED,AUTO
23:59:06.285,6.44,25.18,0.00,7.419777168415607,OFF,RETRACTED,AUTO
23:59:06.386,6.81,25.92,0.00,7.120534497213157,OFF,RETRACTED,AUTO
23:59:06.488,7.17,26.65,0.00,6.827363799998352,OFF,RETRACTED,AUTO
23:59:06.589,7.51,27.37,0.00,6.540272406023291,OFF,RETRACTED,AUTO
23:59:06.690,7.83,28.08,0.00,6.259267492557882,OFF,RETRACTED,AUTO
23:59:06.791,8.13,28.78,0.00,5.984356084710328,OFF,RETRACTED,AUTO
23:59:06.894,8.41,29.46,0.00,5.715545055251482,OFF,RETRACTED,AUTO
23:59:06.996,8.67,30.14,0.00,5.452841124443125,OFF,RETRACTED,AUTO
23:59:07.097,8.91,30.80,0.00,5.196250859869821,OFF,RETRACTED,AUTO
23:59:07.198,9.12,31.45,0.00,4.945780676274865,OFF,RETRACTED,AUTO
23:59:07.299,9.32,32.09,0.00,4.701436835399704,OFF,RETRACTED,AUTO
23:59:07.399,9.49,32.71,0.00,4.463225445827732,OFF,RETRACTED,AUTO
23:59:07.500,9.63,33.32,0.00,4.231152462831204,OFF,RETRACTED,AUTO
23:59:07.601,9.76,33.92,0.00,4.005223688222685,OFF,RETRACTED,AUTO
23:59:07.701,9.85,34.51,0.00,3.7854447702096934,OFF,RETRACTED,AUTO
23:59:07.802,9.93,35.08,0.00,3.5718212032537906,OFF,RETRACTED,AUTO
23:59:07.903,9.97,35.63,0.00,3.3643583279329903,OFF,RETRACTED,AUTO
23:59:08.023,10.00,36.18,0.00,3.1630613308084037,OFF,RETRACTED,AUTO
23:59:08.106,10.00,36.70,0.00,2.967935244294438,OFF,RETRACTED,AUTO
23:59:08.230,9.97,37.22,0.00,2.7789849465331145,OFF,RETRACTED,AUTO
23:59:08.365,9.92,37.72,0.00,2.5962151612720277,OFF,RETRACTED,AUTO
23:59:08.502,9.84,38.20,0.00,2.419630457746308,OFF,RETRACTED,AUTO
23:59:08.609,9.74,38.67,0.00,2.249235250564368,OFF,RETRACTED,AUTO
23:59:08.712,9.62,39.12,0.00,2.0850337995974257,OFF,RETRACTED,AUTO
23:59:08.815,9.47,39.56,0.00,1.927030209873294,OFF,RETRACTED,AUTO
23:59:08.917,9.29,39.98,0.00,1.7752284314734084,OFF,RETRACTED,AUTO
23:59:09.018,9.10,40.38,0.00,1.6296322594343735,OFF,RETRACTED,AUTO
23:59:09.119,8.88,40.77,0.00,1.4902453336528936,OFF,RETRACTED,AUTO
23:59:09.218,8.64,41.14,0.00,1.3570711387948506,OFF,RETRACTED,AUTO
23:59:09.319,8.37,41.50,0.00,1.2301130042082207,OFF,RETRACTED,AUTO
23:59:09.420,8.09,41.84,0.00,1.1093741038396843,OFF,RETRACTED,AUTO
23:59:09.521,7.79,42.16,0.00,0.994857456155529,OFF,RETRACTED,AUTO
23:59:09.622,7.46,42.47,0.00,0.8865659240659056,OFF,RETRACTED,AUTO
23:59:09.768,7.12,42.76,0.00,0.7845022148535463,OFF,RETRACTED,AUTO
23:59:09.880,6.76,43.03,0.00,0.6886688801058654,OFF,RETRACTED,AUTO
23:59:09.981,6.38,43.28,0.00,0.5990683156511807,OFF,RETRACTED,AUTO
23:59:10.082,5.99,43.52,0.00,0.5157027614989715,OFF,RETRACTED,AUTO
23:59:10.183,5.58,43.74,0.00,0.4385743017838024,OFF,RETRACTED,AUTO
23:59:10.284,5.16,43.94,0.00,0.3676848647130271,OFF,RETRACTED,AUTO
23:59:10.384,4.73,44.13,0.00,0.3030362225189833,OFF,RETRACTED,AUTO
23:59:10.485,4.28,44.30,0.00,0.24462999141434238,OFF,RETRACTED,AUTO
23:59:10.587,3.82,44.45,0.00,0.1924676315517786,OFF,RETRACTED,AUTO
23:59:10.690,3.36,44.58,0.00,0.14655044698767483,OFF,RETRACTED,AUTO
23:59:10.790,2.88,44.69,0.00,0.10687958564915334,OFF,RETRACTED,AUTO
23:59:10.891,2.40,44.79,0.00,0.07345603930571087,OFF,RETRACTED,AUTO
23:59:10.992,1.91,44.87,0.00,0.046280643544321265,OFF,RETRACTED,AUTO
23:59:11.093,1.42,44.93,0.00,0.02535407774840337,OFF,RETRACTED,AUTO
23:59:11.194,0.92,44.97,0.00,0.010676865081023834,OFF,RETRACTED,AUTO
23:59:11.316,0.42,44.99,0.00,0.0022493724717378427,OFF,RETRACTED,AUTO
23:59:11.426,-0.08,45.00,0.00,7.181060743732814e-05,OFF,RETRACTED,AUTO
23:59:11.525,-0.58,44.99,0.00,0.004144233927036112,OFF,RETRACTED,AUTO
23:59:11.633,-1.07,44.96,0.00,0.014466540620162505,OFF,RETRACTED,AUTO
23:59:11.761,-1.57,44.91,0.00,0.03103847262966042,OFF,RETRACTED,AUTO
23:59:11.861,-2.06,44.84,0.00,0.0538596156581832,OFF,RETRACTED,AUTO
23:59:11.961,-2.55,44.76,0.00,0.08292939917825493,OFF,RETRACTED,AUTO
23:59:12.062,-3.03,44.66,0.00,0.11824709644685072,OFF,RETRACTED,AUTO
23:59:12.164,-3.50,44.54,0.00,0.1598118245233593,OFF,RETRACTED,AUTO
23:59:12.264,-3.96,44.40,0.00,0.20762254429172344,OFF,RETRACTED,AUTO
23:59:12.365,-4.42,44.25,0.00,0.26167806048647435,OFF,RETRACTED,AUTO
23:59:12.466,-4.86,44.08,0.00,0.3219770217224891,OFF,RETRACTED,AUTO
23:59:12.568,-5.29,43.89,0.00,0.3885179205288978,OFF,RETRACTED,AUTO
23:59:12.667,-5.71,43.68,0.00,0.4612990933867138,OFF,RETRACTED,AUTO
23:59:12.768,-6.11,43.45,0.00,0.5403187207703581,OFF,RETRACTED,AUTO
23:59:12.871,-6.50,43.21,0.00,0.6255748271933328,OFF,RETRACTED,AUTO
23:59:12.972,-6.87,42.95,0.00,0.7170652812573621,OFF,RETRACTED,AUTO
23:59:13.075,-7.23,42.67,0.00,0.8147877957058824,OFF,RETRACTED,AUTO
23:59:13.174,-7.56,42.38,0.00,0.9187399274810844,OFF,RETRACTED,AUTO
23:59:13.277,-7.88,42.07,0.00,1.0289190777851331,OFF,RETRACTED,AUTO
23:59:13.376,-8.18,41.74,0.00,1.1453224921449987,OFF,RETRACTED,AUTO
23:59:13.479,-8.46,41.39,0.00,1.2679472604813782,OFF,RETRACTED,AUTO
23:59:13.579,-8.71,41.03,0.00,1.396790317181427,OFF,RETRACTED,AUTO
23:59:13.679,-8.95,40.66,0.00,1.531848441175498,OFF,RETRACTED,AUTO
23:59:13.782,-9.16,40.26,0.00,1.6731182560174602,OFF,RETRACTED,AUTO
23:59:13.889,-9.35,39.85,0.00,1.8205962299693397,OFF,RETRACTED,AUTO
23:59:13.996,-9.51,39.43,0.00,1.9742786760894546,OFF,RETRACTED,AUTO
23:59:14.097,-9.66,38.98,0.00,2.1341617523246725,OFF,RETRACTED,AUTO
23:59:14.208,-9.77,38.53,0.00,2.30024146160639,OFF,RETRACTED,AUTO
23:59:14.309,-9.87,38.05,0.00,2.4725136519505497,OFF,RETRACTED,AUTO
23:59:14.410,-9.94,37.57,0.00,2.6509740165613493,OFF,RETRACTED,AUTO
23:59:14.511,-9.98,37.06,0.00,2.8356180939389617,OFF,RETRACTED,AUTO
23:59:14.611,-10.00,36.55,0.00,3.026441267991089,OFF,RETRACTED,AUTO
23:59:14.713,-9.99,36.01,0.00,3.223438768148327,OFF,RETRACTED,AUTO
23:59:14.815,-9.96,35.47,0.00,3.4266056694833935,OFF,RETRACTED,AUTO
23:59:14.927,-9.91,34.90,0.00,3.635936892834337,OFF,RETRACTED,AUTO
23:59:15.027,-9.83,34.33,0.00,3.8514272049315252,OFF,RETRACTED,AUTO
23:59:15.129,-9.72,33.74,0.00,4.0730712185283835,OFF,RETRACTED,AUTO
23:59:15.229,-9.59,33.14,0.00,4.30086339253603,OFF,RETRACTED,AUTO
23:59:15.331,-9.44,32.52,0.00,4.534798032162058,OFF,RETRACTED,AUTO
23:59:15.430,-9.26,31.90,0.00,4.774869289052617,OFF,RETRACTED,AUTO
23:59:15.534,-9.06,31.25,0.00,5.021071161438812,OFF,RETRACTED,AUTO
23:59:15.638,-8.84,30.60,0.00,5.273397494286684,OFF,RETRACTED,AUTO
23:59:15.739,-8.59,29.93,0.00,5.531841979450974,OFF,RETRACTED,AUTO
23:59:15.844,-8.33,29.26,0.00,5.796398155833089,OFF,RETRACTED,AUTO
23:59:15.946,-8.04,28.57,0.00,6.067059409542367,OFF,RETRACTED,AUTO
23:59:16.079,-7.73,27.87,0.00,6.3438189740615485,OFF,RETRACTED,AUTO
23:59:16.189,-7.41,27.15,0.00,6.6266699304159715,OFF,RETRACTED,AUTO
23:59:16.292,-7.06,26.43,0.00,6.915605207346431,OFF,RETRACTED,AUTO
23:59:16.398,-6.70,25.70,0.00,7.210617581486048,OFF,RETRACTED,AUTO
23:59:16.500,-6.32,24.95,0.00,7.511699677540861,OFF,RETRACTED,AUTO
23:59:16.604,-5.92,24.20,0.00,7.818843968474141,OFF,RETRACTED,AUTO
23:59:16.712,-5.51,23.44,0.00,8.132042775694629,OFF,RETRACTED,AUTO
23:59:16.815,-5.09,22.66,0.00,8.451288269248408,OFF,RETRACTED,AUTO
23:59:16.929,-4.65,21.88,0.00,8.776572468014763,OFF,RETRACTED,AUTO
23:59:17.034,-4.21,21.09,0.00,9.10788723990575,OFF,RETRACTED,AUTO
23:59:17.139,-3.75,20.29,0.00,9.44522430206922,OFF,RETRACTED,AUTO
23:59:17.240,-3.28,19.48,0.00,9.788575221096295,OFF,RETRACTED,AUTO
23:59:17.344,-2.80,18.67,0.00,10.137931413231826,OFF,RETRACTED,AUTO
23:59:17.448,-2.32,17.85,0.00,10.493284144589182,OFF,RETRACTED,AUTO
23:59:17.551,-1.83,17.02,0.00,10.854624531368614,OFF,RETRACTED,AUTO
23:59:17.654,-1.34,16.18,0.00,11.221943540079309,OFF,RETRACTED,AUTO
23:59:17.754,-0.84,15.34,0.00,11.59523198776509,OFF,RETRACTED,AUTO
23:59:17.856,-0.34,14.49,0.00,11.974480542234318,OFF,RETRACTED,AUTO
23:59:17.959,0.16,13.63,0.00,12.359679722292782,OFF,RETRACTED,AUTO
23:59:18.060,0.66,12.77,0.00,12.750819897981131,OFF,RETRACTED,AUTO
23:59:18.162,1.16,11.91,0.00,13.147891290815295,OFF,RETRACTED,AUTO
23:59:18.265,1.65,11.04,0.00,13.55088397403108,OFF,RETRACTED,AUTO
23:59:18.366,2.14,10.16,0.00,13.959787872832521,OFF,RETRACTED,AUTO
23:59:18.466,2.63,9.28,0.00,14.374592764643381,OFF,RETRACTED,AUTO
23:59:18.568,3.11,8.40,0.00,14.79528827936295,OFF,RETRACTED,AUTO
23:59:18.668,3.58,7.51,0.00,15.221863899625276,OFF,RETRACTED,AUTO
23:59:18.769,4.04,6.63,0.00,15.654308961062071,OFF,RETRACTED,AUTO
23:59:18.870,4.49,5.73,0.00,16.092612652569358,OFF,RETRACTED,AUTO
23:59:18.970,4.93,4.84,0.00,16.536764016577678,OFF,RETRACTED,AUTO
23:59:19.071,5.36,3.94,0.00,16.986751949325992,OFF,RETRACTED,AUTO
23:59:19.171,5.78,3.05,0.00,17.442565201139473,OFF,RETRACTED,AUTO
23:59:19.275,6.18,2.15,0.00,17.904192376710597,OFF,RETRACTED,AUTO
23:59:19.373,6.56,1.25,0.00,18.371621935383928,OFF,RETRACTED,AUTO
23:59:19.473,6.93,0.35,0.00,18.84484219144491,OFF,RETRACTED,AUTO
23:59:19.575,7.28,-0.55,0.00,19.323841314411823,OFF,RETRACTED,AUTO
23:59:19.675,7.62,-1.45,0.00,19.808607329331437,OFF,RETRACTED,AUTO
23:59:19.775,7.93,-2.35,0.00,20.29912811707871,OFF,RETRACTED,AUTO
23:59:19.876,8.23,-3.25,0.00,20.795391414659434,OFF,RETRACTED,AUTO
23:59:19.977,8.50,-4.14,0.00,21.29738481551709,OFF,RETRACTED,AUTO
23:59:20.078,8.75,-5.04,0.00,21.80509576984275,OFF,RETRACTED,AUTO
23:59:20.181,8.98,-5.93,0.00,22.318511584889023,OFF,RETRACTED,AUTO
23:59:20.283,9.19,-6.82,0.00,22.837619425287244,OFF,RETRACTED,AUTO
23:59:20.383,9.38,-7.71,0.00,23.362406313368467,OFF,RETRACTED,AUTO
23:59:20.483,9.54,-8.60,0.00,23.89285912948779,OFF,RETRACTED,AUTO
23:59:20.584,9.68,-9.48,0.00,24.4289646123525,OFF,RETRACTED,AUTO
23:59:20.685,9.79,-10.36,0.00,24.97070935935338,OFF,RETRACTED,AUTO
23:59:20.786,9.88,-11.23,0.00,25.51807982690002,OFF,RETRACTED,AUTO
23:59:20.887,9.95,-12.10,0.00,26.07106233075922,OFF,RETRACTED,AUTO
23:59:20.988,9.98,-12.96,0.00,26.629643046397177,OFF,RETRACTED,AUTO
23:59:21.088,10.00,-13.82,0.00,27.193808009325096,OFF,RETRACTED,AUTO
23:59:21.189,9.99,-14.68,0.00,27.7635431154483,OFF,RETRACTED,AUTO
23:59:21.289,9.95,-15.52,0.00,28.338834121418813,OFF,RETRACTED,AUTO
23:59:21.389,9.89,-16.37,0.00,28.919666644991395,OFF,RETRACTED,AUTO
23:59:21.490,9.81,-17.20,0.00,29.506026165383304,OFF,RETRACTED,AUTO
23:59:21.590,9.70,-18.03,0.00,30.097898023636986,OFF,RETRACTED,AUTO
23:59:21.692,9.57,-18.85,0.00,30.69526742298686,OFF,RETRACTED,AUTO
23:59:21.792,9.41,-19.66,0.00,31.29811942922902,OFF,RETRACTED,AUTO
23:59:21.894,9.23,-20.47,0.00,31.90643897109473,OFF,RETRACTED,AUTO
23:59:21.995,9.03,-21.27,0.00,32.52021084062716,OFF,RETRACTED,AUTO
23:59:22.096,8.80,-22.06,0.00,33.13941969356142,OFF,RETRACTED,AUTO
23:59:22.196,8.55,-22.84,0.00,33.7640500497086,OFF,RETRACTED,AUTO
23:59:22.297,8.28,-23.61,0.00,34.39408629334221,OFF,RETRACTED,AUTO
23:59:22.397,7.99,-24.37,0.00,35.02951267358901,OFF,RETRACTED,AUTO
23:59:22.498,7.68,-25.12,0.00,35.6703133048226,OFF,RETRACTED,AUTO
23:59:22.599,7.35,-25.86,0.00,36.31647216706054,OFF,RETRACTED,AUTO
23:59:22.699,7.00,-26.59,0.00,36.96797310636498,OFF,RETRACTED,AUTO
23:59:22.800,6.64,-27.31,0.00,37.624799835246336,OFF,RETRACTED,AUTO
23:59:22.901,6.25,-28.02,0.00,38.28693593307062,OFF,RETRACTED,AUTO
23:59:23.003,5.86,-28.72,0.00,38.95436484646984,OFF,RETRACTED,AUTO
23:59:23.103,5.44,-29.41,0.00,39.627069889755916,OFF,RETRACTED,AUTO
23:59:23.203,5.02,-30.08,0.00,40.30503424533785,OFF,RETRACTED,AUTO
23:59:23.304,4.58,-30.75,0.00,40.98824096414202,OFF,RETRACTED,AUTO
23:59:23.405,4.13,-31.40,0.00,41.67667296603605,OFF,RETRACTED,AUTO
23:59:23.506,3.67,-32.04,0.00,42.37031304025578,OFF,RETRACTED,AUTO
23:59:23.607,3.20,-32.66,0.00,43.06914384583547,OFF,RETRACTED,AUTO
23:59:23.708,2.72,-33.27,0.00,43.77314791204131,OFF,RETRACTED,AUTO
23:59:23.809,2.24,-33.87,0.00,44.48230763880841,OFF,RETRACTED,AUTO
23:59:23.910,1.75,-34.46,0.00,45.1966052971805,OFF,RETRACTED,AUTO
23:59:24.010,1.25,-35.03,0.00,45.91602302975329,OFF,RETRACTED,AUTO
23:59:24.110,0.76,-35.59,0.00,46.640542851120955,OFF,RETRACTED,AUTO
23:59:24.211,0.26,-36.13,0.00,47.370146648325715,OFF,RETRACTED,AUTO
23:59:24.312,-0.24,-36.66,0.00,48.10481618131067,OFF,RETRACTED,AUTO
23:59:24.413,-0.74,-37.18,0.00,48.844533083375666,OFF,RETRACTED,AUTO
23:59:24.514,-1.24,-37.68,0.00,49.58927886163676,OFF,RETRACTED,AUTO
23:59:24.614,-1.74,-38.16,0.00,50.33903489748823,OFF,RETRACTED,AUTO
23:59:24.715,-2.23,-38.63,0.00,51.093782447068236,OFF,RETRACTED,AUTO
23:59:24.815,-2.71,-39.08,0.00,51.85350264172743,OFF,RETRACTED,AUTO
23:59:24.916,-3.19,-39.52,0.00,52.61817648850038,OFF,RETRACTED,AUTO
23:59:25.017,-3.66,-39.94,0.00,53.387784870580845,OFF,RETRACTED,AUTO
23:59:25.118,-4.12,-40.35,0.00,54.16230854779931,OFF,RETRACTED,AUTO
23:59:25.233,-4.57,-40.74,0.00,54.94172815710425,OFF,RETRACTED,AUTO
23:59:25.336,-5.01,-41.12,0.00,55.72602421304592,OFF,RETRACTED,AUTO
