timestamp,pitch,roll,yaw,light,led_status,solar_status,mode
19:40:19.460,8.34,-3.60,0.00,1116.7981185822237,ON,DEPLOYED,AUTO
19:40:19.561,8.60,-4.50,0.00,1130.08083256684,ON,DEPLOYED,AUTO
19:40:19.661,8.85,-5.39,0.00,1142.2885684517992,ON,DEPLOYED,AUTO
19:40:19.761,9.07,-6.28,0.00,1153.3908132550544,ON,DEPLOYED,AUTO
19:40:19.861,9.27,-7.17,0.00,1163.3598171465346,ON,DEPLOYED,AUTO
19:40:19.977,9.44,-8.06,0.00,1172.1706628082684,ON,DEPLOYED,AUTO
19:40:20.078,9.60,-8.94,0.00,1179.8013277147002,ON,DEPLOYED,AUTO
19:40:20.179,9.72,-9.82,0.00,1186.2327391775377,ON,DEPLOYED,AUTO
19:40:20.279,9.83,-10.70,0.00,1191.4488220175379,ON,DEPLOYED,AUTO
19:40:20.379,9.91,-11.57,0.00,1195.4365387440841,ON,DEPLOYED,AUTO
19:40:20.480,9.96,-12.44,0.00,1198.1859221421228,ON,DEPLOYED,AUTO
19:40:20.581,9.99,-13.30,0.00,1199.69010018501,ON,DEPLOYED,AUTO
19:40:20.682,10.00,-14.16,0.00,1199.9453132109988,ON,DEPLOYED,AUTO
19:40:20.782,9.98,-15.01,0.00,1198.9509233204371,ON,DEPLOYED,AUTO
19:40:20.882,9.93,-15.86,0.00,1196.7094159701828,ON,DEPLOYED,AUTO
19:40:20.983,9.86,-16.69,0.00,1193.2263937612574,ON,DEPLOYED,AUTO
19:40:21.084,9.77,-17.53,0.00,1188.5105624352602,ON,DEPLOYED,AUTO
19:40:21.184,9.65,-18.35,0.00,1182.5737091145486,ON,DEPLOYED,AUTO
19:40:21.285,9.51,-19.17,0.00,1175.4306728405713,ON,DEPLOYED,AUTO
19:40:21.385,9.34,-19.98,0.00,1167.099307483992,ON,DEPLOYED,AUTO
19:40:21.485,9.15,-20.78,0.00,1157.6004371193112,ON,DEPLOYED,AUTO
19:40:21.586,8.94,-21.58,0.00,1146.9578039755243,ON,DEPLOYED,AUTO
19:40:21.686,8.70,-22.36,0.00,1135.1980090929153,ON,DEPLOYED,AUTO
19:40:21.787,8.45,-23.14,0.00,1122.3504458343077,ON,DEPLOYED,AUTO
19:40:21.888,8.17,-23.91,0.00,1108.4472264169667,ON,DEPLOYED,AUTO
19:40:21.988,7.87,-24.66,0.00,1093.5231016487796,ON,DEPLOYED,AUTO
19:40:22.088,7.55,-25.41,0.00,1077.6153740693326,ON,DEPLOYED,AUTO
19:40:22.188,7.22,-26.15,0.00,1060.7638047129908,ON,DEPLOYED,AUTO
19:40:22.290,6.86,-26.88,0.00,1043.0105137270175,ON,DEPLOYED,AUTO
19:40:22.390,6.49,-27.59,0.00,1024.3998750931428,ON,DEPLOYED,AUTO
19:40:22.490,6.10,-28.30,0.00,1004.978405715718,ON,DEPLOYED,AUTO
19:40:22.590,5.70,-28.99,0.00,984.794649153682,ON,DEPLOYED,AUTO
19:40:22.691,5.28,-29.67,0.00,963.8990542869426,ON,DEPLOYED,AUTO
19:40:22.792,4.85,-30.35,0.00,942.3438492204518,ON,DEPLOYED,AUTO
19:40:22.892,4.40,-31.00,0.00,920.1829107411423,ON,DEPLOYED,AUTO
19:40:22.993,3.95,-31.65,0.00,897.4716296540191,ON,DEPLOYED,AUTO
19:40:23.093,3.49,-32.28,0.00,874.266772333994,ON,DEPLOYED,AUTO
19:40:23.194,3.01,-32.90,0.00,850.6263388395114,ON,DEPLOYED,AUTO
19:40:23.294,2.53,-33.51,0.00,826.609417942608,ON,DEPLOYED,AUTO
19:40:23.395,2.05,-34.11,0.00,802.2760394377561,ON,DEPLOYED,AUTO
19:40:23.495,1.55,-34.69,0.00,777.6870240986397,ON,DEPLOYED,AUTO
19:40:23.599,1.06,-35.25,0.00,752.9038316578951,ON,DEPLOYED,AUTO
19:40:23.699,0.56,-35.80,0.00,727.9884071897878,ON,DEPLOYED,AUTO
19:40:23.800,0.06,-36.34,0.00,703.0030262797864,ON,DEPLOYED,AUTO
19:40:23.900,-0.44,-36.87,0.00,678.0101393680311,ON,DEPLOYED,AUTO
19:40:24.000,-0.94,-37.37,0.00,653.0722156557581,ON,DEPLOYED,AUTO
19:40:24.102,-1.43,-37.87,0.00,628.251586964829,ON,DEPLOYED,AUTO
19:40:24.202,-1.93,-38.35,0.00,603.610291940638,ON,DEPLOYED,AUTO
19:40:24.302,-2.42,-38.81,0.00,189.60496049390375,ON,RETRACTED,AUTO
19:40:24.403,-2.90,-39.26,0.00,177.55573116312632,ON,RETRACTED,AUTO
19:40:24.503,-3.37,-39.69,0.00,165.6875747761965,ON,RETRACTED,AUTO
19:40:24.877,-3.84,-40.11,0.00,154.0301555432655,ON,RETRACTED,AUTO
19:40:24.877,-4.30,-40.51,0.00,142.61261094134923,ON,RETRACTED,AUTO
19:40:24.878,-4.74,-40.89,0.00,131.46347888581045,ON,RETRACTED,AUTO
19:40:24.905,-5.18,-41.26,0.00,120.6106264004325,ON,RETRACTED,AUTO
19:40:25.006,-5.60,-41.61,0.00,110.08117996437267,ON,RETRACTED,AUTO
19:40:25.106,-6.00,-41.94,0.00,99.90145771009159,ON,RETRACTED,AUTO
19:40:25.206,-6.40,-42.26,0.00,90.09690364172832,ON,RETRACTED,AUTO
19:40:25.307,-6.77,-42.56,0.00,80.69202403834086,ON,RETRACTED,AUTO
19:40:25.408,-7.13,-42.85,0.00,71.71032620097128,ON,RETRACTED,AUTO
19:40:25.508,-7.47,-43.11,0.00,63.17425969663532,ON,RETRACTED,AUTO
19:40:25.608,-7.80,-43.36,0.00,55.10516024609649,ON,RETRACTED,AUTO
19:40:25.717,-8.10,-43.59,0.00,47.52319639567551,ON,RETRACTED,AUTO
19:40:25.817,-8.38,-43.81,0.00,40.447319106388164,ON,RETRACTED,AUTO
19:40:25.918,-8.64,-44.00,0.00,33.89521438641211,ON,RETRACTED,AUTO
19:40:26.018,-8.88,-44.18,0.00,27.883259085277246,ON,RETRACTED,AUTO
19:40:26.119,-9.10,-44.35,0.00,22.42647996027071,ON,RETRACTED,AUTO
19:40:26.219,-9.30,-44.49,0.00,17.53851611736951,ON,RETRACTED,AUTO
19:40:26.320,-9.47,-44.62,0.00,13.231584920578626,ON,RETRACTED,AUTO
19:40:26.420,-9.62,-44.72,0.00,9.51645145488368,ON,RETRACTED,AUTO
19:40:26.521,-9.74,-44.81,0.00,6.402401619144882,ON,RETRACTED,AUTO
19:40:26.621,-9.84,-44.89,0.00,3.8972189161858353,ON,RETRACTED,AUTO
19:40:26.722,-9.92,-44.94,0.00,2.0071649980900474,ON,RETRACTED,AUTO
19:40:26.822,-9.97,-44.98,0.00,0.7369640153317789,ON,RETRACTED,AUTO
19:40:26.923,-10.00,-45.00,0.00,0.08979080885998769,ON,RETRACTED,AUTO
19:40:27.024,-10.00,-45.00,0.00,0.06726297464962272,ON,RETRACTED,AUTO
19:40:27.124,-9.97,-44.98,0.00,0.6694368205539547,ON,RETRACTED,AUTO
19:40:27.224,-9.92,-44.95,0.00,1.8948072255642217,ON,RETRACTED,AUTO
19:40:27.325,-9.85,-44.89,0.00,3.740311401828535,ON,RETRACTED,AUTO
19:40:27.425,-9.75,-44.82,0.00,6.201336550026156,ON,RETRACTED,AUTO
19:40:27.525,-9.63,-44.73,0.00,9.271731388963673,ON,RETRACTED,AUTO
19:40:27.626,-9.48,-44.62,0.00,12.943821530574354,ON,RETRACTED,AUTO
19:40:27.726,-9.31,-44.50,0.00,17.20842866189176,ON,RETRACTED,AUTO
19:40:27.826,-9.12,-44.36,0.00,22.054893486051952,ON,RETRACTED,AUTO
19:40:27.927,-8.90,-44.20,0.00,27.471102364984517,ON,RETRACTED,AUTO
19:40:28.027,-8.66,-44.02,0.00,33.443517597199076,ON,RETRACTED,AUTO
19:40:28.128,-8.40,-43.82,0.00,39.95721125498875,ON,RETRACTED,AUTO
19:40:28.228,-8.12,-43.61,0.00,46.99590249647497,ON,RETRACTED,AUTO
19:40:28.329,-7.82,-43.38,0.00,54.54199825923348,ON,RETRACTED,AUTO
19:40:28.429,-7.50,-43.13,0.00,62.57663723378792,ON,RETRACTED,AUTO
19:40:28.530,-7.16,-42.86,0.00,71.07973700706086,ON,RETRACTED,AUTO
19:40:28.630,-6.80,-42.58,0.00,80.03004425794771,ON,RETRACTED,AUTO
19:40:28.731,-6.42,-42.28,0.00,89.40518787955102,ON,RETRACTED,AUTO
19:40:28.831,-6.03,-41.97,0.00,99.18173489529696,ON,RETRACTED,AUTO
19:40:28.931,-5.63,-41.63,0.00,109.33524902917335,ON,RETRACTED,AUTO
19:40:29.032,-5.21,-41.28,0.00,119.84035178369317,ON,RETRACTED,AUTO
19:40:29.133,-4.77,-40.92,0.00,130.67078587292173,ON,RETRACTED,AUTO
19:40:29.234,-4.33,-40.53,0.00,141.7994808520168,ON,RETRACTED,AUTO
19:40:29.336,-3.87,-40.14,0.00,153.19862077924273,ON,RETRACTED,AUTO
19:40:29.436,-3.41,-39.72,0.00,164.83971374133853,ON,RETRACTED,AUTO
19:40:29.536,-2.93,-39.29,0.00,176.69366306846285,ON,RETRACTED,AUTO
19:40:29.637,-2.45,-38.84,0.00,188.73084006071502,ON,RETRACTED,AUTO
19:40:29.738,-1.96,-38.38,0.00,601.8423160889098,ON,DEPLOYED,AUTO
19:40:29.839,-1.47,-37.90,0.00,626.4682951466355,ON,DEPLOYED,AUTO
19:40:29.939,-0.97,-37.41,0.00,651.2780651719243,ON,DEPLOYED,AUTO
19:40:30.040,-0.48,-36.90,0.00,676.209614660391,ON,DEPLOYED,AUTO
19:40:30.140,0.02,-36.38,0.00,701.2006277224141,ON,DEPLOYED,AUTO
19:40:30.241,0.52,-35.84,0.00,726.1886398404058,ON,DEPLOYED,AUTO
19:40:30.342,1.02,-35.29,0.00,751.111193997576,ON,DEPLOYED,AUTO
19:40:30.442,1.52,-34.73,0.00,775.9059967879467,ON,DEPLOYED,AUTO
19:40:30.543,2.01,-34.15,0.00,800.5110741174251,ON,DEPLOYED,AUTO
19:40:30.643,2.50,-33.55,0.00,824.8649261067636,ON,DEPLOYED,AUTO
19:40:30.744,2.98,-32.95,0.00,848.9066808092293,ON,DEPLOYED,AUTO
19:40:30.844,3.45,-32.33,0.00,872.5762463587695,ON,DEPLOYED,AUTO
19:40:30.945,3.92,-31.70,0.00,895.8144611683814,ON,DEPLOYED,AUTO
19:40:31.046,4.37,-31.05,0.00,918.5632418032686,ON,DEPLOYED,AUTO
19:40:31.147,4.82,-30.39,0.00,940.7657281591798,ON,DEPLOYED,AUTO
19:40:31.248,5.25,-29.72,0.00,962.3664255830558,ON,DEPLOYED,AUTO
19:40:31.348,5.67,-29.04,0.00,983.3113435807627,ON,DEPLOYED,AUTO
19:40:31.449,6.07,-28.35,0.00,1003.5481307652079,ON,DEPLOYED,AUTO
19:40:31.549,6.46,-27.64,0.00,1023.0262057075452,ON,DEPLOYED,AUTO
19:40:31.649,6.83,-26.93,0.00,1041.6968833644034,ON,DEPLOYED,AUTO
19:40:31.750,7.19,-26.20,0.00,1059.5134967651413,ON,DEPLOYED,AUTO
19:40:31.850,7.53,-25.47,0.00,1076.4315136549696,ON,DEPLOYED,AUTO
19:40:31.952,7.85,-24.72,0.00,1092.4086478023962,ON,DEPLOYED,AUTO
19:40:32.052,8.15,-23.96,0.00,1107.4049646927829,ON,DEPLOYED,AUTO
19:40:32.152,8.43,-23.19,0.00,1121.3829813438342,ON,DEPLOYED,AUTO
19:40:32.253,8.69,-22.42,0.00,1134.3077599935327,ON,DEPLOYED,AUTO
19:40:32.353,8.92,-21.63,0.00,1146.1469954263484,ON,DEPLOYED,AUTO
19:40:32.453,9.14,-20.84,0.00,1156.871095719454,ON,DEPLOYED,AUTO
19:40:32.554,9.33,-20.04,0.00,1166.4532562071195,ON,DEPLOYED,AUTO
19:40:32.654,9.50,-19.23,0.00,1174.8695264784185,ON,DEPLOYED,AUTO
19:40:32.754,9.64,-18.41,0.00,1182.0988702407817,ON,DEPLOYED,AUTO
19:40:32.855,9.76,-17.59,0.00,1188.123217899772,ON,DEPLOYED,AUTO
19:40:32.956,9.86,-16.75,0.00,1192.9275117236618,ON,DEPLOYED,AUTO
19:40:33.056,9.93,-15.92,0.00,1196.4997434799193,ON,DEPLOYED,AUTO
19:40:33.157,9.98,-15.07,0.00,1198.8309844495354,ON,DEPLOYED,AUTO
19:40:33.275,10.00,-14.22,0.00,1199.9154077441735,ON,DEPLOYED,AUTO
19:40:33.376,10.00,-13.36,0.00,1199.7503028703536,ON,DEPLOYED,AUTO
19:40:33.476,9.97,-12.50,0.00,1198.3360825042753,ON,DEPLOYED,AUTO
19:40:33.577,9.91,-11.63,0.00,1195.676281460342,ON,DEPLOYED,AUTO
19:40:33.677,9.84,-10.76,0.00,1191.7775478559658,ON,DEPLOYED,AUTO
19:40:33.778,9.73,-9.89,0.00,1186.6496264947368,ON,DEPLOYED,AUTO
19:40:33.879,9.61,-9.01,0.00,1180.3053345094881,ON,DEPLOYED,AUTO
19:40:33.978,9.46,-8.12,0.00,1172.76052932614,ON,DEPLOYED,AUTO
19:40:34.079,9.28,-7.24,0.00,1164.034069028392,ON,DEPLOYED,AUTO
19:40:34.179,9.08,-6.35,0.00,1154.147765222336,ON,DEPLOYED,AUTO
19:40:34.280,8.86,-5.45,0.00,1143.1263285187997,ON,DEPLOYED,AUTO
19:40:34.384,8.62,-4.56,0.00,1130.9973067696892,ON,DEPLOYED,AUTO
19:40:34.485,8.36,-3.66,0.00,1117.791016212705,ON,DEPLOYED,AUTO
19:40:34.586,8.07,-2.77,0.00,1103.5404656965366,ON,DEPLOYED,AUTO
19:40:34.686,7.77,-1.87,0.00,1088.2812741759315,ON,DEPLOYED,AUTO
19:40:34.787,7.44,-0.97,0.00,1072.051581682858,ON,DEPLOYED,AUTO
19:40:34.887,7.10,-0.07,0.00,1054.8919539962885,ON,DEPLOYED,AUTO
19:40:34.987,6.74,0.83,0.00,1036.8452812488786,ON,DEPLOYED,AUTO
19:40:35.088,6.36,1.73,0.00,1017.9566707239719,ON,DEPLOYED,AUTO
19:40:35.188,5.97,2.63,0.00,998.2733341108824,ON,DEPLOYED,AUTO
19:40:35.289,5.56,3.53,0.00,977.84446950026,ON,DEPLOYED,AUTO
19:40:35.391,5.13,4.42,0.00,956.7211384144841,ON,DEPLOYED,AUTO
19:40:35.491,4.70,5.32,0.00,934.956138180452,ON,DEPLOYED,AUTO
19:40:35.594,4.25,6.21,0.00,912.6038699637556,ON,DEPLOYED,AUTO
19:40:35.696,3.79,7.10,0.00,889.7202027941012,ON,DEPLOYED,AUTO
19:40:35.797,3.33,7.99,0.00,866.3623339218295,ON,DEPLOYED,AUTO
19:40:35.905,2.85,8.87,0.00,842.588645854579,ON,DEPLOYED,AUTO
19:40:36.007,2.37,9.75,0.00,818.4585604314208,ON,DEPLOYED,AUTO
19:40:36.107,1.88,10.63,0.00,794.0323902992075,ON,DEPLOYED,AUTO
19:40:36.209,1.39,11.50,0.00,769.3711881623666,ON,DEPLOYED,AUTO
19:40:36.310,0.89,12.37,0.00,744.5365941829349,ON,DEPLOYED,AUTO
19:40:36.413,0.39,13.23,0.00,719.590681912255,ON,DEPLOYED,AUTO
19:40:36.516,-0.11,14.09,0.00,694.595803139424,ON,DEPLOYED,AUTO
19:40:36.616,-0.61,14.94,0.00,669.6144320442932,ON,DEPLOYED,AUTO
19:40:36.718,-1.11,15.79,0.00,644.7090090445544,ON,DEPLOYED,AUTO
19:40:36.827,-1.60,16.63,0.00,619.9417847272136,ON,DEPLOYED,AUTO
19:40:36.928,-2.09,17.46,0.00,197.687332127272,ON,RETRACTED,AUTO
19:40:37.029,-2.58,18.29,0.00,185.5345263167091,ON,RETRACTED,AUTO
19:40:37.130,-3.06,19.11,0.00,173.5428506173859,ON,RETRACTED,AUTO
19:40:37.244,-3.53,19.92,0.00,161.742277973407,ON,RETRACTED,AUTO
19:40:37.345,-3.99,20.72,0.00,150.1623036707631,ON,RETRACTED,AUTO
19:40:37.446,-4.45,21.51,0.00,138.83187161447694,ON,RETRACTED,AUTO
19:40:37.547,-4.89,22.30,0.00,127.77930198391455,ON,RETRACTED,AUTO
19:40:37.647,-5.32,23.08,0.00,117.0322204470855,ON,RETRACTED,AUTO
19:40:37.747,-5.74,23.85,0.00,106.61748911086025,ON,RETRACTED,AUTO
19:40:37.848,-6.14,24.60,0.00,96.56113937969226,ON,RETRACTED,AUTO
19:40:37.948,-6.52,25.35,0.00,86.88830689066401,ON,RETRACTED,AUTO
19:40:38.049,-6.90,26.09,0.00,77.6231686874844,ON,RETRACTED,AUTO
19:40:38.149,-7.25,26.82,0.00,68.78888279047086,ON,RETRACTED,AUTO
19:40:38.251,-7.58,27.54,0.00,60.40753031355894,ON,RETRACTED,AUTO
19:40:38.351,-7.90,28.24,0.00,52.500060273017084,ON,RETRACTED,AUTO
19:40:38.451,-8.20,28.94,0.00,45.08623722581601,ON,RETRACTED,AUTO
19:40:38.552,-8.47,29.62,0.00,38.184591868529424,ON,RETRACTED,AUTO
19:40:38.653,-8.73,30.29,0.00,31.81237472024327,ON,RETRACTED,AUTO
19:40:38.753,-8.96,30.95,0.00,25.985513005241813,ON,RETRACTED,AUTO
19:40:38.854,-9.17,31.60,0.00,20.718570843241793,ON,RETRACTED,AUTO
19:40:38.954,-9.36,32.23,0.00,16.02471284667783,ON,RETRACTED,AUTO
19:40:39.055,-9.52,32.85,0.00,11.91567121602742,ON,RETRACTED,AUTO
19:40:39.155,-9.66,33.46,0.00,8.40171641541977,ON,RETRACTED,AUTO
19:40:39.257,-9.78,34.06,0.00,5.491631501824145,ON,RETRACTED,AUTO
19:40:39.357,-9.87,34.64,0.00,3.1926901719816385,ON,RETRACTED,AUTO
19:40:39.457,-9.94,35.21,0.00,1.510638581951497,ON,RETRACTED,AUTO
19:40:39.558,-9.98,35.76,0.00,0.4496809847132397,ON,RETRACTED,AUTO
19:40:39.659,-10.00,36.30,0.00,0.012469221723904411,ON,RETRACTED,AUTO
19:40:39.759,-9.99,36.82,0.00,0.20009609469556722,ON,RETRACTED,AUTO
19:40:39.860,-9.96,37.33,0.00,1.0120926341598988,ON,RETRACTED,AUTO
19:40:39.961,-9.90,37.83,0.00,2.4464292716479292,ON,RETRACTED,AUTO
19:40:40.061,-9.82,38.31,0.00,4.499520912553919,ON,RETRACTED,AUTO
19:40:40.161,-9.71,38.77,0.00,7.166235897005095,ON,RETRACTED,AUTO
19:40:40.263,-9.58,39.22,0.00,10.439908826338552,ON,RETRACTED,AUTO
19:40:40.363,-9.43,39.66,0.00,14.312357223126781,ON,RETRACTED,AUTO
19:40:40.464,-9.25,40.07,0.00,18.77390198310991,ON,RETRACTED,AUTO
19:40:40.564,-9.05,40.47,0.00,23.813391567915517,ON,RETRACTED,AUTO
19:40:40.665,-8.82,40.86,0.00,29.418229878096895,ON,RETRACTED,AUTO
19:40:40.766,-8.58,41.23,0.00,35.574407736821854,ON,RETRACTED,AUTO
19:40:40.866,-8.31,41.58,0.00,42.26653790551896,ON,RETRACTED,AUTO
19:40:40.967,-8.02,41.92,0.00,49.477893543960334,ON,RETRACTED,AUTO
19:40:41.067,-7.71,42.24,0.00,57.190450018651205,ON,RETRACTED,AUTO
19:40:41.167,-7.38,42.54,0.00,65.3849299550264,ON,RETRACTED,AUTO
19:40:41.268,-7.04,42.82,0.00,74.0408514208475,ON,RETRACTED,AUTO
19:40:41.369,-6.67,43.09,0.00,83.13657912036663,ON,RETRACTED,AUTO
19:40:41.469,-6.29,43.34,0.00,92.64937847129815,ON,RETRACTED,AUTO
19:40:41.570,-5.90,43.58,0.00,102.5554724294347,ON,RETRACTED,AUTO
19:40:41.670,-5.49,43.79,0.00,112.83010091887479,ON,RETRACTED,AUTO
19:40:41.770,-5.06,43.99,0.00,123.44758271931775,ON,RETRACTED,AUTO
19:40:41.871,-4.62,44.17,0.00,134.3813796557398,ON,RETRACTED,AUTO
19:40:41.973,-4.18,44.33,0.00,145.60416293001117,ON,RETRACTED,AUTO
19:40:42.073,-3.72,44.48,0.00,157.08788142865845,ON,RETRACTED,AUTO
19:40:42.174,-3.25,44.61,0.00,168.80383183603982,ON,RETRACTED,AUTO
19:40:42.274,-2.77,44.72,0.00,180.72273037768562,ON,RETRACTED,AUTO
19:40:42.375,-2.29,44.81,0.00,192.8147860144839,ON,RETRACTED,AUTO
19:40:42.476,-1.80,44.88,0.00,610.0995498095266,ON,DEPLOYED,AUTO
19:40:42.578,-1.30,44.94,0.00,634.7942318963137,ON,DEPLOYED,AUTO
19:40:42.678,-0.81,44.98,0.00,659.6518944448537,ON,DEPLOYED,AUTO
19:40:42.782,-0.31,45.00,0.00,684.6104062443952,ON,DEPLOYED,AUTO
19:40:42.885,0.19,45.00,0.00,709.6073840135805,ON,DEPLOYED,AUTO
19:40:42.984,0.69,44.98,0.00,734.5803483261604,ON,DEPLOYED,AUTO
19:40:43.085,1.19,44.95,0.00,759.4668797770217,ON,DEPLOYED,AUTO
19:40:43.186,1.68,44.90,0.00,784.2047749981916,ON,DEPLOYED,AUTO
19:40:43.289,2.17,44.83,0.00,808.7322021348637,ON,DEPLOYED,AUTO
19:40:43.389,2.66,44.74,0.00,832.9878553928327,ON,DEPLOYED,AUTO
19:40:43.490,3.14,44.63,0.00,856.9111082710535,ON,DEPLOYED,AUTO
19:40:43.597,3.61,44.51,0.00,880.4421650963193,ON,DEPLOYED,AUTO
19:40:43.706,4.07,44.37,0.00,903.522210481304,ON,DEPLOYED,AUTO
19:40:43.811,4.52,44.21,0.00,926.0935563324,ON,DEPLOYED,AUTO
19:40:43.915,4.96,44.03,0.00,948.0997860399087,ON,DEPLOYED,AUTO
19:40:44.016,5.39,43.84,0.00,969.4858954901841,ON,DEPLOYED,AUTO
19:40:44.116,5.80,43.63,0.00,990.1984305472704,ON,DEPLOYED,AUTO
19:40:44.217,6.20,43.40,0.00,1010.1856206604043,ON,DEPLOYED,AUTO
19:40:44.317,6.59,43.15,0.00,1029.3975082634302,ON,DEPLOYED,AUTO
19:40:44.419,6.96,42.89,0.00,1047.7860736426974,ON,DEPLOYED,AUTO
19:40:44.520,7.31,42.61,0.00,1065.3053549613373,ON,DEPLOYED,AUTO
19:40:44.621,7.64,42.31,0.00,1081.9115631399186,ON,DEPLOYED,AUTO
19:40:44.722,7.95,41.99,0.00,1097.56319130634,ON,DEPLOYED,AUTO
19:40:44.824,8.24,41.66,0.00,1112.2211185413962,ON,DEPLOYED,AUTO
19:40:44.923,8.52,41.31,0.00,1125.8487076606998,ON,DEPLOYED,AUTO
19:40:45.024,8.77,40.95,0.00,1138.4118967885636,ON,DEPLOYED,AUTO
19:40:45.125,9.00,40.57,0.00,1149.87928449495,ON,DEPLOYED,AUTO
19:40:45.227,9.20,40.17,0.00,1160.2222082826934,ON,DEPLOYED,AUTO
19:40:45.326,9.39,39.75,0.00,1169.4148162288143,ON,DEPLOYED,AUTO
19:40:45.428,9.55,39.32,0.00,1177.434131600865,ON,DEPLOYED,AUTO
19:40:45.529,9.69,38.88,0.00,1184.260110286794,ON,DEPLOYED,AUTO
19:40:45.630,9.80,38.42,0.00,1189.8756908947876,ON,DEPLOYED,AUTO
19:40:45.732,9.89,37.94,0.00,1194.2668373978631,ON,DEPLOYED,AUTO
19:40:45.833,9.95,37.45,0.00,1197.422574216628,ON,DEPLOYED,AUTO
19:40:45.932,9.99,36.94,0.00,1199.335013652511,ON,DEPLOYED,AUTO
19:40:46.033,10.00,36.42,0.00,1199.9993756029016,ON,DEPLOYED,AUTO
19:40:46.134,9.99,35.89,0.00,1199.4139995089172,ON,DEPLOYED,AUTO
19:40:46.235,9.95,35.34,0.00,1197.5803485059344,ON,DEPLOYED,AUTO
19:40:46.335,9.89,34.77,0.00,1194.5030057665138,ON,DEPLOYED,AUTO
19:40:46.435,9.80,34.19,0.00,1190.189663044855,ON,DEPLOYED,AUTO
19:40:46.536,9.69,33.60,0.00,1184.6511014514165,ON,DEPLOYED,AUTO
19:40:46.636,9.56,33.00,0.00,1177.901164505755,ON,DEPLOYED,AUTO
19:40:46.737,9.40,32.38,0.00,1169.956723534936,ON,DEPLOYED,AUTO
19:40:46.838,9.22,31.75,0.00,1160.8376355040011,ON,DEPLOYED,AUTO
19:40:46.937,9.01,31.10,0.00,1150.566693383899,ON,DEPLOYED,AUTO
19:40:47.038,8.78,30.45,0.00,1139.1695691809268,ON,DEPLOYED,AUTO
19:40:47.138,8.53,29.78,0.00,1126.6747497700846,ON,DEPLOYED,AUTO
19:40:47.238,8.26,29.10,0.00,1113.1134656927236,ON,DEPLOYED,AUTO
19:40:47.340,7.97,28.40,0.00,1098.519613096457,ON,DEPLOYED,AUTO
19:40:47.441,7.66,27.70,0.00,1082.9296690124447,ON,DEPLOYED,AUTO
19:40:47.544,7.33,26.99,0.00,1066.3826001818106,ON,DEPLOYED,AUTO
19:40:47.647,6.98,26.26,0.00,1048.919765659085,ON,DEPLOYED,AUTO
19:40:47.749,6.61,25.52,0.00,1030.5848134361065,ON,DEPLOYED,AUTO
19:40:47.850,6.23,24.78,0.00,1011.4235713447745,ON,DEPLOYED,AUTO
19:40:47.951,5.83,24.02,0.00,991.4839325113355,ON,DEPLOYED,AUTO
19:40:48.053,5.42,23.26,0.00,970.8157356485104,ON,DEPLOYED,AUTO
19:40:48.154,4.99,22.48,0.00,949.4706404846678,ON,DEPLOYED,AUTO
19:40:48.256,4.55,21.70,0.00,927.501998641407,ON,DEPLOYED,AUTO
19:40:48.357,4.10,20.90,0.00,904.9647202822891,ON,DEPLOYED,AUTO
19:40:48.458,3.64,20.10,0.00,881.9151368660246,ON,DEPLOYED,AUTO
19:40:48.558,3.17,19.29,0.00,858.4108603471635,ON,DEPLOYED,AUTO
19:40:48.659,2.69,18.48,0.00,834.5106391762129,ON,DEPLOYED,AUTO
19:40:48.761,2.21,17.65,0.00,810.274211459106,ON,DEPLOYED,AUTO
19:40:48.863,1.72,16.82,0.00,785.7621556430486,ON,DEPLOYED,AUTO
19:40:48.963,1.22,15.98,0.00,761.0357391019492,ON,DEPLOYED,AUTO
19:40:49.063,0.72,15.14,0.00,736.1567649998922,ON,DEPLOYED,AUTO
19:40:49.164,0.22,14.29,0.00,711.187417815414,ON,DEPLOYED,AUTO
19:40:49.265,-0.28,13.43,0.00,686.1901079126917,ON,DEPLOYED,AUTO
19:40:49.365,-0.78,12.57,0.00,661.2273155481353,ON,DEPLOYED,AUTO
19:40:49.467,-1.27,11.70,0.00,636.3614347022854,ON,DEPLOYED,AUTO
19:40:49.567,-1.77,10.83,0.00,611.6546171273567,ON,DEPLOYED,AUTO
19:40:49.667,-2.26,9.96,0.00,193.58430850011266,ON,RETRACTED,AUTO
19:40:49.768,-2.74,9.08,0.00,181.48231828457358,ON,RETRACTED,AUTO
19:40:49.869,-3.22,8.19,0.00,169.55158659000546,ON,RETRACTED,AUTO
19:40:49.970,-3.69,7.31,0.00,157.82193403223997,ON,RETRACTED,AUTO
19:40:50.071,-4.15,6.42,0.00,146.32267863398684,ON,RETRACTED,AUTO
19:40:50.172,-4.60,5.53,0.00,135.08256254504542,ON,RETRACTED,AUTO
19:40:50.274,-5.03,4.63,0.00,124.12968020189896,ON,RETRACTED,AUTO
19:40:50.375,-5.46,3.74,0.00,113.49140810625471,ON,RETRACTED,AUTO
19:40:50.478,-5.87,2.84,0.00,103.19433639804694,ON,RETRACTED,AUTO
19:40:50.582,-6.27,1.94,0.00,93.26420239393514,ON,RETRACTED,AUTO
19:40:50.681,-6.65,1.04,0.00,83.72582625741583,ON,RETRACTED,AUTO
19:40:50.782,-7.02,0.14,0.00,74.6030489613403,ON,RETRACTED,AUTO
19:40:50.883,-7.36,-0.76,0.00,65.91867269789833,ON,RETRACTED,AUTO
19:40:50.984,-7.69,-1.66,0.00,57.694403885012946,ON,RETRACTED,AUTO
19:40:51.084,-8.00,-2.56,0.00,49.95079891160009,ON,RETRACTED,AUTO
19:40:51.185,-8.29,-3.46,0.00,42.70721275730196,ON,RETRACTED,AUTO
19:40:51.285,-8.56,-4.35,0.00,35.98175061511765,ON,RETRACTED,AUTO
19:40:51.386,-8.81,-5.25,0.00,29.791222637849813,ON,RETRACTED,AUTO
19:40:51.487,-9.03,-6.14,0.00,24.15110192147705,ON,RETRACTED,AUTO
19:40:51.587,-9.24,-7.03,0.00,19.075485830472303,ON,RETRACTED,AUTO
19:40:51.717,-9.42,-7.92,0.00,14.577060761733435,ON,RETRACTED,AUTO
19:40:51.817,-9.57,-8.80,0.00,10.667070435197871,ON,RETRACTED,AUTO
19:40:51.918,-9.71,-9.68,0.00,7.3552877903984495,ON,RETRACTED,AUTO
19:40:52.020,-9.81,-10.56,0.00,4.649990559204156,ON,RETRACTED,AUTO
19:40:52.119,-9.90,-11.43,0.00,2.557940575801439,ON,RETRACTED,AUTO
19:40:52.221,-9.96,-12.30,0.00,1.0843668756302804,ON,RETRACTED,AUTO
19:40:52.322,-9.99,-13.16,0.00,0.2329526255188341,ON,RETRACTED,AUTO
19:40:52.421,-10.00,-14.02,0.00,0.005825917684376236,ON,RETRACTED,AUTO
19:40:52.522,-9.98,-14.87,0.00,0.40355445061123874,ON,RETRACTED,AUTO
19:40:52.625,-9.94,-15.72,0.00,1.4251441101000637,ON,RETRACTED,AUTO
19:40:52.727,-9.88,-16.56,0.00,3.068041454035722,ON,RETRACTED,AUTO
19:40:52.828,-9.79,-17.39,0.00,5.328140094662757,ON,RETRACTED,AUTO
19:40:52.930,-9.67,-18.22,0.00,8.199790962416216,ON,RETRACTED,AUTO
19:40:53.031,-9.53,-19.04,0.00,11.675816425653466,ON,RETRACTED,AUTO
19:40:53.134,-9.37,-19.85,0.00,15.747528230995414,ON,RETRACTED,AUTO
19:40:53.235,-9.18,-20.66,0.00,20.404749219435217,ON,RETRACTED,AUTO
19:40:53.335,-8.97,-21.45,0.00,25.635838763935425,ON,RETRACTED,AUTO
19:40:53.436,-8.74,-22.24,0.00,31.427721864933545,ON,RETRACTED,AUTO
19:40:53.541,-8.49,-23.02,0.00,37.76592183103128,ON,RETRACTED,AUTO
19:40:53.645,-8.21,-23.78,0.00,44.63459646318404,ON,RETRACTED,AUTO
19:40:53.746,-7.92,-24.54,0.00,52.016577651947955,ON,RETRACTED,AUTO
19:40:53.846,-7.60,-25.29,0.00,59.893414288812465,ON,RETRACTED,AUTO
19:40:53.948,-7.27,-26.03,0.00,68.24541838436241,ON,RETRACTED,AUTO
19:40:54.051,-6.92,-26.76,0.00,77.05171427799849,ON,RETRACTED,AUTO
19:40:54.153,-6.55,-27.48,0.00,86.29029081621667,ON,RETRACTED,AUTO
19:40:54.258,-6.16,-28.19,0.00,95.93805636902889,ON,RETRACTED,AUTO
19:40:54.359,-5.76,-28.88,0.00,105.9708965470121,ON,RETRACTED,AUTO
19:40:54.460,-5.35,-29.57,0.00,116.36373447472337,ON,RETRACTED,AUTO
19:40:54.560,-4.92,-30.24,0.00,127.09059346982852,ON,RETRACTED,AUTO
19:40:54.661,-4.48,-30.90,0.00,138.12466197127983,ON,RETRACTED,AUTO
19:40:54.762,-4.02,-31.55,0.00,149.4383605542552,ON,RETRACTED,AUTO
19:40:54.862,-3.56,-32.18,0.00,161.00341086435742,ON,RETRACTED,AUTO
19:40:54.962,-3.09,-32.81,0.00,172.79090629877265,ON,RETRACTED,AUTO
19:40:55.064,-2.61,-33.42,0.00,184.77138425772367,ON,RETRACTED,AUTO
19:40:55.164,-2.12,-34.01,0.00,196.91489978562518,ON,RETRACTED,AUTO
19:40:55.264,-1.63,-34.59,0.00,618.3822008357556,ON,DEPLOYED,AUTO
19:40:55.365,-1.14,-35.16,0.00,643.1386040924449,ON,DEPLOYED,AUTO
19:40:55.465,-0.64,-35.72,0.00,668.0371312260617,ON,DEPLOYED,AUTO
19:40:55.566,-0.14,-36.26,0.00,693.0155488856735,ON,DEPLOYED,AUTO
19:40:55.666,0.36,-36.78,0.00,718.0114240356394,ON,DEPLOYED,AUTO
19:40:55.767,0.86,-37.29,0.00,742.9622800056842,ON,DEPLOYED,AUTO
19:40:55.868,1.36,-37.79,0.00,767.805752650037,ON,DEPLOYED,AUTO
19:40:55.970,1.85,-38.27,0.00,792.4797462253167,ON,DEPLOYED,AUTO
19:40:56.070,2.34,-38.74,0.00,816.9225885975524,ON,DEPLOYED,AUTO
19:40:56.171,2.82,-39.19,0.00,841.073185390399,ON,DEPLOYED,AUTO
19:40:56.271,3.30,-39.62,0.00,864.8711726892617,ON,DEPLOYED,AUTO
19:40:56.373,3.77,-40.04,0.00,888.2570679196451,ON,DEPLOYED,AUTO
19:40:56.472,4.22,-40.44,0.00,911.1724185226118,ON,DEPLOYED,AUTO
19:40:56.573,4.67,-40.83,0.00,933.5599480557377,ON,DEPLOYED,AUTO
19:40:56.674,5.11,-41.20,0.00,955.3636993543895,ON,DEPLOYED,AUTO
19:40:56.774,5.53,-41.55,0.00,976.5291743954945,ON,DEPLOYED,AUTO
19:40:56.874,5.94,-41.89,0.00,997.0034705142157,ON,DEPLOYED,AUTO
19:40:56.975,6.33,-42.21,0.00,1016.7354126330634,ON,DEPLOYED,AUTO
19:40:57.076,6.71,-42.51,0.00,1035.675681172937,ON,DEPLOYED,AUTO
19:40:57.176,7.08,-42.80,0.00,1053.776935326387,ON,DEPLOYED,AUTO
19:40:57.285,7.42,-43.07,0.00,1070.9939313849814,ON,DEPLOYED,AUTO
19:40:57.393,7.75,-43.32,0.00,1087.2836358250108,ON,DEPLOYED,AUTO
19:40:57.494,8.05,-43.56,0.00,1102.6053328688893,ON,DEPLOYED,AUTO
19:40:57.595,8.34,-43.77,0.00,1116.9207262533923,ON,DEPLOYED,AUTO
19:40:57.697,8.60,-43.97,0.00,1130.1940349503711,ON,DEPLOYED,AUTO
19:40:57.797,8.85,-44.16,0.00,1142.3920826006888,ON,DEPLOYED,AUTO
19:40:57.896,9.07,-44.32,0.00,1153.4843804378393,ON,DEPLOYED,AUTO
19:40:57.997,9.27,-44.47,0.00,1163.443203493987,ON,DEPLOYED,AUTO
19:40:58.097,9.44,-44.60,0.00,1172.243659897946,ON,DEPLOYED,AUTO
19:40:58.198,9.60,-44.71,0.00,1179.8637530918952,ON,DEPLOYED,AUTO
19:40:58.299,9.73,-44.80,0.00,1186.2844368113174,ON,DEPLOYED,AUTO
19:40:58.400,9.83,-44.88,0.00,1191.4896626907416,ON,DEPLOYED,AUTO
19:40:58.503,9.91,-44.93,0.00,1195.4664203762984,ON,DEPLOYED,AUTO
19:40:58.607,9.96,-44.97,0.00,1198.2047700448288,ON,DEPLOYED,AUTO
19:40:58.709,9.99,-45.00,0.00,1199.697867248267,ON,DEPLOYED,AUTO
19:40:58.811,10.00,-45.00,0.00,1199.9419800211936,ON,DEPLOYED,AUTO
19:40:58.911,9.98,-44.98,0.00,1198.9364982088084,ON,DEPLOYED,AUTO
19:40:59.012,9.93,-44.95,0.00,1196.6839349919971,ON,DEPLOYED,AUTO
19:40:59.113,9.86,-44.90,0.00,1193.18992060569,ON,DEPLOYED,AUTO
19:40:59.215,9.77,-44.83,0.00,1188.4631882662052,ON,DEPLOYED,AUTO
19:40:59.316,9.65,-44.75,0.00,1182.5155523427566,ON,DEPLOYED,AUTO
19:40:59.417,9.51,-44.64,0.00,1175.3618788276844,ON,DEPLOYED,AUTO
19:40:59.518,9.34,-44.52,0.00,1167.020048179215,ON,DEPLOYED,AUTO
19:40:59.619,9.15,-44.38,0.00,1157.5109106296286,ON,DEPLOYED,AUTO
19:40:59.720,8.94,-44.22,0.00,1146.8582340705361,ON,DEPLOYED,AUTO
19:40:59.820,8.70,-44.05,0.00,1135.0886446455286,ON,DEPLOYED,AUTO
19:40:59.921,8.44,-43.85,0.00,1122.2315601986852,ON,DEPLOYED,AUTO
19:41:00.023,8.17,-43.64,0.00,1108.3191167452833,ON,DEPLOYED,AUTO
19:41:00.126,7.87,-43.42,0.00,1093.3860881484957,ON,DEPLOYED,AUTO
19:41:00.229,7.55,-43.17,0.00,1077.4697992028443,ON,DEPLOYED,AUTO
19:41:00.335,7.21,-42.91,0.00,1060.6100323416501,ON,DEPLOYED,AUTO
19:41:00.436,6.86,-42.63,0.00,1042.8489282016697,ON,DEPLOYED,AUTO
19:41:00.536,6.48,-42.33,0.00,1024.2308802934488,ON,DEPLOYED,AUTO
19:41:00.636,6.10,-42.02,0.00,1004.8024240406669,ON,DEPLOYED,AUTO
19:41:00.737,5.69,-41.69,0.00,984.6121204658115,ON,DEPLOYED,AUTO
19:41:00.839,5.27,-41.34,0.00,963.7104348129134,ON,DEPLOYED,AUTO
19:41:00.939,4.84,-40.98,0.00,942.1496104107177,ON,DEPLOYED,AUTO
19:41:01.040,4.40,-40.60,0.00,919.9835380915703,ON,DEPLOYED,AUTO
19:41:01.141,3.95,-40.20,0.00,897.2676214924018,ON,DEPLOYED,AUTO
19:41:01.241,3.48,-39.79,0.00,874.0586385744899,ON,DEPLOYED,AUTO
19:41:01.342,3.01,-39.36,0.00,850.4145997081254,ON,DEPLOYED,AUTO
19:41:01.442,2.53,-38.91,0.00,826.394602676897,ON,DEPLOYED,AUTO
19:41:01.543,2.04,-38.46,0.00,802.0586849640106,ON,DEPLOYED,AUTO
19:41:01.644,1.55,-37.98,0.00,777.467673689848,ON,DEPLOYED,AUTO
19:41:01.745,1.05,-37.49,0.00,752.683033575844,ON,DEPLOYED,AUTO
19:41:01.845,0.56,-36.98,0.00,727.7667133146929,ON,DEPLOYED,AUTO
19:41:01.946,0.06,-36.46,0.00,702.7809907308792,ON,DEPLOYED,AUTO
19:41:02.048,-0.44,-35.93,0.00,677.7883171185504,ON,DEPLOYED,AUTO
19:41:02.148,-0.94,-35.38,0.00,652.8511611458047,ON,DEPLOYED,AUTO
19:41:02.249,-1.44,-34.82,0.00,628.0318527155548,ON,DEPLOYED,AUTO
19:41:02.349,-1.93,-34.24,0.00,603.3924271732307,ON,DEPLOYED,AUTO
19:41:02.451,-2.42,-33.65,0.00,189.49723512536195,ON,RETRACTED,AUTO
19:41:02.552,-2.90,-33.05,0.00,177.44948206706545,ON,RETRACTED,AUTO
19:41:02.652,-3.38,-32.43,0.00,165.58306752002326,ON,RETRACTED,AUTO
19:41:02.754,-3.84,-31.80,0.00,153.92765134069398,ON,RETRACTED,AUTO
19:41:02.856,-4.30,-31.15,0.00,142.51236599950275,ON,RETRACTED,AUTO
19:41:02.956,-4.75,-30.50,0.00,131.36574376483705,ON,RETRACTED,AUTO
19:41:03.058,-5.18,-29.83,0.00,120.51564538723511,ON,RETRACTED,AUTO
19:41:03.158,-5.60,-29.15,0.00,109.98919046201917,ON,RETRACTED,AUTO
19:41:03.259,-6.01,-28.46,0.00,99.81268964443066,ON,RETRACTED,AUTO
19:41:03.359,-6.40,-27.76,0.00,90.0115788866946,ON,RETRACTED,AUTO
19:41:03.462,-6.78,-27.04,0.00,80.61035586138564,ON,RETRACTED,AUTO
19:41:03.562,-7.13,-26.32,0.00,71.63251873000499,ON,RETRACTED,AUTO
19:41:03.663,-7.48,-25.58,0.00,63.100507409814014,ON,RETRACTED,AUTO
19:41:03.763,-7.80,-24.84,0.00,55.03564748572782,ON,RETRACTED,AUTO
19:41:03.864,-8.10,-24.08,0.00,47.45809690745884,ON,RETRACTED,AUTO
19:41:03.965,-8.38,-23.32,0.00,40.38679560514086,ON,RETRACTED,AUTO
19:41:04.066,-8.65,-22.54,0.00,33.83941814936725,ON,RETRACTED,AUTO
19:41:04.166,-8.89,-21.76,0.00,27.83232957396936,ON,RETRACTED,AUTO
19:41:04.266,-9.10,-20.97,0.00,22.380544471954465,ON,RETRACTED,AUTO
19:41:04.368,-9.30,-20.17,0.00,17.497689466842957,ON,RETRACTED,AUTO
19:41:04.468,-9.47,-19.36,0.00,13.195969153205965,ON,RETRACTED,AUTO
19:41:04.571,-9.62,-18.54,0.00,9.48613559153506,ON,RETRACTED,AUTO
19:41:04.672,-9.74,-17.72,0.00,6.377461433690456,ON,RETRACTED,AUTO
19:41:04.772,-9.84,-16.89,0.00,3.8777167461006172,ON,RETRACTED,AUTO
19:41:04.873,-9.92,-16.05,0.00,1.9931495886427513,ON,RETRACTED,AUTO
19:41:04.973,-9.97,-15.21,0.00,0.7284703977468894,ON,RETRACTED,AUTO
19:41:05.074,-10.00,-14.36,0.00,0.08684021275811915,ON,RETRACTED,AUTO
19:41:05.174,-10.00,-13.50,0.00,0.06986277498438653,ON,RETRACTED,AUTO
19:41:05.275,-9.97,-12.64,0.00,0.6775805191784343,ON,RETRACTED,AUTO
19:41:05.387,-9.92,-11.77,0.00,1.90847446747307,ON,RETRACTED,AUTO
19:41:05.536,-9.85,-10.90,0.00,3.7594680260347104,ON,RETRACTED,AUTO
19:41:05.702,-9.75,-10.03,0.00,6.225934674945705,ON,RETRACTED,AUTO
19:41:05.812,-9.63,-9.15,0.00,9.301709532094748,ON,RETRACTED,AUTO
19:41:05.943,-9.48,-8.26,0.00,12.979104762171488,ON,RETRACTED,AUTO
19:41:06.046,-9.31,-7.38,0.00,17.248928792251064,ON,RETRACTED,AUTO
19:41:06.164,-9.12,-6.49,0.00,22.10050928593961,ON,RETRACTED,AUTO
19:41:06.305,-8.90,-5.60,0.00,27.521719818657033,ON,RETRACTED,AUTO
19:41:06.413,-8.66,-4.70,0.00,33.49901018738336,ON,RETRACTED,AUTO
19:41:06.551,-8.40,-3.81,0.00,40.01744027910928,ON,RETRACTED,AUTO
19:41:06.659,-8.12,-2.91,0.00,47.06071741333815,ON,RETRACTED,AUTO
19:41:06.763,-7.82,-2.01,0.00,54.611237065302106,ON,RETRACTED,AUTO
19:41:06.865,-7.49,-1.11,0.00,62.65012686810567,ON,RETRACTED,AUTO
19:41:06.967,-7.15,-0.21,0.00,71.1572937838146,ON,RETRACTED,AUTO
19:41:07.067,-6.80,0.69,0.00,80.11147432558639,ON,RETRACTED,AUTO
19:41:07.168,-6.42,1.59,0.00,89.49028770531345,ON,RETRACTED,AUTO
19:41:07.268,-6.03,2.49,0.00,99.27029177393788,ON,RETRACTED,AUTO
19:41:07.369,-5.62,3.39,0.00,109.42704161461569,ON,RETRACTED,AUTO
19:41:07.469,-5.20,4.28,0.00,119.93515064227799,ON,RETRACTED,AUTO
19:41:07.570,-4.77,5.18,0.00,130.76835405687285,ON,RETRACTED,AUTO
19:41:07.670,-4.32,6.07,0.00,141.89957449168685,ON,RETRACTED,AUTO
19:41:07.770,-3.87,6.96,0.00,153.30098969266032,ON,RETRACTED,AUTO
19:41:07.872,-3.40,7.85,0.00,164.9441020595328,ON,RETRACTED,AUTO
19:41:07.973,-2.93,8.73,0.00,176.79980987500267,ON,RETRACTED,AUTO
19:41:08.073,-2.45,9.61,0.00,188.8384800438643,ON,RETRACTED,AUTO
19:41:08.175,-1.96,10.49,0.00,602.060044320627,ON,DEPLOYED,AUTO
19:41:08.277,-1.47,11.36,0.00,626.6879274365829,ON,DEPLOYED,AUTO
19:41:08.377,-0.97,12.23,0.00,651.4990525537592,ON,DEPLOYED,AUTO
19:41:08.477,-0.47,13.10,0.00,676.4314047807468,ON,DEPLOYED,AUTO
19:41:08.578,0.03,13.95,0.00,701.4226662214958,ON,DEPLOYED,AUTO
19:41:08.679,0.53,14.81,0.00,726.4103717376014,ON,DEPLOYED,AUTO
19:41:08.779,1.03,15.65,0.00,751.3320650786183,ON,DEPLOYED,AUTO
19:41:08.879,1.52,16.49,0.00,776.1254549901603,ON,DEPLOYED,AUTO
19:41:08.981,2.01,17.33,0.00,800.7285709095961,ON,DEPLOYED,AUTO
19:41:09.081,2.50,18.16,0.00,825.0799178601817,ON,DEPLOYED,AUTO
19:41:09.182,2.98,18.98,0.00,849.1186301564766,ON,DEPLOYED,AUTO
19:41:09.282,3.46,19.79,0.00,872.7846235368589,ON,DEPLOYED,AUTO
19:41:09.382,3.92,20.59,0.00,896.0187453428883,ON,DEPLOYED,AUTO
19:41:09.484,4.38,21.39,0.00,918.7629223701462,ON,DEPLOYED,AUTO
19:41:09.585,4.82,22.18,0.00,940.9603060210022,ON,DEPLOYED,AUTO
19:41:09.685,5.25,22.95,0.00,962.5554143965029,ON,DEPLOYED,AUTO
19:41:09.785,5.67,23.72,0.00,983.4942709722241,ON,DEPLOYED,AUTO
19:41:09.886,6.07,24.48,0.00,1003.7245395114718,ON,DEPLOYED,AUTO
19:41:09.986,6.46,25.23,0.00,1023.1956548786177,ON,DEPLOYED,AUTO
19:41:10.087,6.84,25.97,0.00,1041.8589494256046,ON,DEPLOYED,AUTO
19:41:10.187,7.19,26.70,0.00,1059.6677746357204,ON,DEPLOYED,AUTO
19:41:10.288,7.53,27.42,0.00,1076.5776177205962,ON,DEPLOYED,AUTO
19:41:10.391,7.85,28.13,0.00,1092.5462128789961,ON,DEPLOYED,AUTO
19:41:10.493,8.15,28.83,0.00,1107.533646939307,ON,DEPLOYED,AUTO
19:41:10.593,8.43,29.51,0.00,1121.5024591216825,ON,DEPLOYED,AUTO
19:41:10.697,8.69,30.19,0.00,1134.4177346704837,ON,DEPLOYED,AUTO
19:41:10.798,8.92,30.85,0.00,1146.2471921229833,ON,DEPLOYED,AUTO
19:41:10.899,9.14,31.50,0.00,1156.9612639962122,ON,DEPLOYED,AUTO
19:41:11.009,9.33,32.13,0.00,1166.5331706902684,ON,DEPLOYED,AUTO
19:41:11.108,9.50,32.76,0.00,1174.9389874233689,ON,DEPLOYED,AUTO
19:41:11.209,9.64,33.37,0.00,1182.1577040313455,ON,DEPLOYED,AUTO
19:41:11.310,9.76,33.96,0.00,1188.171277482113,ON,DEPLOYED,AUTO
19:41:11.411,9.86,34.55,0.00,1192.9646769738529,ON,DEPLOYED,AUTO
19:41:11.511,9.93,35.12,0.00,1196.5259215041901,ON,DEPLOYED,AUTO
19:41:11.611,9.98,35.67,0.00,1198.8461098164591,ON,DEPLOYED,AUTO
19:41:11.712,10.00,36.21,0.00,1199.9194426482097,ON,DEPLOYED,AUTO
19:41:11.817,9.99,36.74,0.00,1199.7432372263436,ON,DEPLOYED,AUTO
19:41:11.917,9.97,37.25,0.00,1198.3179339726491,ON,DEPLOYED,AUTO
19:41:12.017,9.91,37.75,0.00,1195.6470954029771,ON,DEPLOYED,AUTO
19:41:12.118,9.83,38.23,0.00,1191.737397222806,ON,DEPLOYED,AUTO
19:41:12.219,9.73,38.70,0.00,1186.5986116414551,ON,DEPLOYED,AUTO
19:41:12.319,9.60,39.15,0.00,1180.2435829466497,ON,DEPLOYED,AUTO
19:41:12.419,9.45,39.59,0.00,1172.688195400492,ON,DEPLOYED,AUTO
19:41:12.520,9.28,40.01,0.00,1163.951333537078,ON,DEPLOYED,AUTO
19:41:12.620,9.08,40.41,0.00,1154.0548349609962,ON,DEPLOYED,AUTO
19:41:12.721,8.86,40.80,0.00,1143.023435764691,ON,DEPLOYED,AUTO
19:41:12.821,8.62,41.17,0.00,1130.8847087011109,ON,DEPLOYED,AUTO
19:41:12.922,8.35,41.53,0.00,1117.6689942661885,ON,DEPLOYED,AUTO
19:41:13.024,8.07,41.86,0.00,1103.4093248634003,ON,DEPLOYED,AUTO
19:41:13.123,7.76,42.19,0.00,1088.1413422399617,ON,DEPLOYED,AUTO
19:41:13.224,7.44,42.49,0.00,1071.9032084010194,ON,DEPLOYED,AUTO
19:41:13.324,7.09,42.78,0.00,1054.7355102245144,ON,DEPLOYED,AUTO
19:41:13.425,6.73,43.05,0.00,1036.6811580151243,ON,DEPLOYED,AUTO
19:41:13.526,6.36,43.30,0.00,1017.7852782508478,ON,DEPLOYED,AUTO
19:41:13.626,5.96,43.54,0.00,998.0951007903118,ON,DEPLOYED,AUTO
19:41:13.727,5.55,43.76,0.00,977.6598408227223,ON,DEPLOYED,AUTO
19:41:13.827,5.13,43.96,0.00,956.5305758555205,ON,DEPLOYED,AUTO
19:41:13.928,4.70,44.14,0.00,934.7601180472167,ON,DEPLOYED,AUTO
19:41:14.028,4.25,44.31,0.00,912.4028822044964,ON,DEPLOYED,AUTO
19:41:14.129,3.79,44.46,0.00,889.5147497735438,ON,DEPLOYED,AUTO
19:41:14.230,3.32,44.59,0.00,866.1529291655277,ON,DEPLOYED,AUTO
19:41:14.330,2.85,44.70,0.00,842.3758127653674,ON,DEPLOYED,AUTO
19:41:14.430,2.36,44.79,0.00,818.2428309811811,ON,DEPLOYED,AUTO
19:41:14.532,1.88,44.87,0.00,793.8143036992157,ON,DEPLOYED,AUTO
19:41:14.632,1.38,44.93,0.00,769.1512895155453,ON,DEPLOYED,AUTO
19:41:14.733,0.89,44.97,0.00,744.3154331213802,ON,DEPLOYED,AUTO
19:41:14.834,0.39,44.99,0.00,719.3688112234424,ON,DEPLOYED,AUTO
19:41:14.935,-0.11,45.00,0.00,694.3737773845274,ON,DEPLOYED,AUTO
19:41:15.037,-0.61,44.99,0.00,669.3928061720712,ON,DEPLOYED,AUTO
19:41:15.138,-1.11,44.96,0.00,644.4883370042669,ON,DEPLOYED,AUTO
19:41:15.238,-1.61,44.91,0.00,619.7226180840378,ON,DEPLOYED,AUTO
19:41:15.339,-2.10,44.84,0.00,197.5787754054738,ON,RETRACTED,AUTO
19:41:15.440,-2.58,44.75,0.00,185.42726752997,ON,RETRACTED,AUTO
19:41:15.540,-3.06,44.65,0.00,173.43715785681346,ON,RETRACTED,AUTO
19:41:15.753,-3.53,44.53,0.00,161.6384154158589,ON,RETRACTED,AUTO
19:41:15.859,-4.00,44.39,0.00,150.0605309185426,ON,RETRACTED,AUTO
19:41:15.962,-4.45,44.24,0.00,138.73244304646244,ON,RETRACTED,AUTO
19:41:16.065,-4.89,44.06,0.00,127.68246611974465,ON,RETRACTED,AUTO
19:41:16.165,-5.32,43.87,0.00,116.93821932598951,ON,RETRACTED,AUTO
19:41:16.267,-5.74,43.66,0.00,106.52655768668603,ON,RETRACTED,AUTO
19:41:16.371,-6.14,43.44,0.00,96.47350493364411,ON,RETRACTED,AUTO
19:41:16.471,-6.53,43.19,0.00,86.80418846321788,ON,RETRACTED,AUTO
19:41:16.572,-6.90,42.93,0.00,77.54277653090091,ON,RETRACTED,AUTO
19:41:16.673,-7.25,42.65,0.00,68.71241784327407,ON,RETRACTED,AUTO
19:41:16.773,-7.59,42.36,0.00,60.33518369829463,ON,RETRACTED,AUTO
19:41:16.874,-7.90,42.04,0.00,52.43201281854604,ON,RETRACTED,AUTO
19:41:16.978,-8.20,41.71,0.00,45.02265901533596,ON,RETRACTED,AUTO
19:41:17.078,-8.47,41.37,0.00,38.12564181445569,ON,RETRACTED,AUTO
19:41:17.178,-8.73,41.01,0.00,31.758200167010443,ON,RETRACTED,AUTO
19:41:17.279,-8.96,40.63,0.00,25.936249361019435,ON,RETRACTED,AUTO
19:41:17.380,-9.17,40.23,0.00,20.6743412414844,ON,RETRACTED,AUTO
19:41:17.482,-9.36,39.82,0.00,15.985627838355441,ON,RETRACTED,AUTO
19:41:17.586,-9.52,39.39,0.00,11.88182849330579,ON,RETRACTED,AUTO
19:41:17.687,-9.67,38.95,0.00,8.373200567480751,ON,RETRACTED,AUTO
19:41:17.788,-9.78,38.49,0.00,5.468513803436849,ON,RETRACTED,AUTO
19:41:17.890,-9.87,38.02,0.00,3.1750284053525775,ON,RETRACTED,AUTO
19:41:17.991,-9.94,37.53,0.00,1.498476892299152,ON,RETRACTED,AUTO
19:41:18.094,-9.98,37.03,0.00,0.4430497699280238,ON,RETRACTED,AUTO
19:41:18.201,-10.00,36.51,0.00,0.011385056389372039,ON,RETRACTED,AUTO
19:41:18.306,-9.99,35.97,0.00,0.2045616886603625,ON,RETRACTED,AUTO
19:41:18.409,-9.96,35.43,0.00,1.0220968257648053,ON,RETRACTED,AUTO
19:41:18.510,-9.90,34.86,0.00,2.4619470556239946,ON,RETRACTED,AUTO
19:41:18.612,-9.82,34.29,0.00,4.520513502522732,ON,RETRACTED,AUTO
19:41:18.717,-9.71,33.70,0.00,7.192650822424412,ON,RETRACTED,AUTO
19:41:18.817,-9.58,33.09,0.00,10.471680063651462,ON,RETRACTED,AUTO
19:41:18.918,-9.43,32.48,0.00,14.349405360786164,ON,RETRACTED,AUTO
19:41:19.018,-9.25,31.85,0.00,18.816134420065907,ON,RETRACTED,AUTO
19:41:19.119,-9.05,31.21,0.00,23.860702745069972,ON,RETRACTED,AUTO
19:41:19.222,-8.82,30.55,0.00,29.47050154214608,ON,RETRACTED,AUTO
19:41:19.332,-8.57,29.88,0.00,35.63150923582825,ON,RETRACTED,AUTO
19:41:19.432,-8.31,29.21,0.00,42.328326515472924,ON,RETRACTED,AUTO
19:41:19.535,-8.02,28.52,0.00,49.544214825515866,ON,RETRACTED,AUTO
19:41:19.731,-7.71,27.81,0.00,57.26113820314379,ON,RETRACTED,AUTO
19:41:19.833,-7.38,27.10,0.00,65.45980835880857,ON,RETRACTED,AUTO
19:41:19.936,-7.04,26.38,0.00,74.11973288690572,ON,RETRACTED,AUTO
19:41:20.038,-6.67,25.64,0.00,83.21926648611642,ON,RETRACTED,AUTO
19:41:20.138,-6.29,24.90,0.00,92.73566506138786,ON,RETRACTED,AUTO
19:41:20.240,-5.89,24.14,0.00,102.64514257232634,ON,RETRACTED,AUTO
19:41:20.342,-5.48,23.38,0.00,112.92293048591043,ON,RETRACTED,AUTO
19:41:20.443,-5.06,22.61,0.00,123.54333968492442,ON,RETRACTED,AUTO
19:41:20.543,-4.62,21.82,0.00,134.47982467737285,ON,RETRACTED,AUTO
19:41:20.644,-4.17,21.03,0.00,145.70504994638566,ON,RETRACTED,AUTO
19:41:20.744,-3.71,20.23,0.00,157.19095827477435,ON,RETRACTED,AUTO
19:41:20.846,-3.24,19.42,0.00,168.90884087346325,ON,RETRACTED,AUTO
19:41:20.949,-2.77,18.61,0.00,180.82940913851064,ON,RETRACTED,AUTO
19:41:21.050,-2.28,17.78,0.00,192.9228678573657,ON,RETRACTED,AUTO
19:41:21.151,-1.79,16.95,0.00,610.3179793627652,ON,DEPLOYED,AUTO
19:41:21.251,-1.30,16.12,0.00,635.0143813569002,ON,DEPLOYED,AUTO
19:41:21.352,-0.80,15.27,0.00,659.8732135537882,ON,DEPLOYED,AUTO
19:41:21.451,-0.30,14.42,0.00,684.832341819166,ON,DEPLOYED,AUTO
19:41:21.553,0.20,13.57,0.00,709.8293813308326,ON,DEPLOYED,AUTO
19:41:21.654,0.70,12.71,0.00,734.8018525082147,ON,DEPLOYED,AUTO
19:41:21.754,1.19,11.84,0.00,759.68733717878,ON,DEPLOYED,AUTO
19:41:21.855,1.69,10.97,0.00,784.4236345909617,ON,DEPLOYED,AUTO
19:41:21.956,2.18,10.10,0.00,808.9489168836433,ON,DEPLOYED,AUTO
19:41:22.056,2.66,9.22,0.00,833.201883623613,ON,DEPLOYED,AUTO
19:41:22.156,3.14,8.33,0.00,857.1219150247211,ON,DEPLOYED,AUTO
19:41:22.257,3.61,7.45,0.00,880.6492234657761,ON,DEPLOYED,AUTO
19:41:22.357,4.07,6.56,0.00,903.7250029284603,ON,DEPLOYED,AUTO
19:41:22.459,4.53,5.67,0.00,926.2915759817502,ON,DEPLOYED,AUTO
19:41:22.558,4.97,4.77,0.00,948.292537945456,ON,DEPLOYED,AUTO
19:41:22.660,5.39,3.88,0.00,969.6728978725479,ON,DEPLOYED,AUTO
19:41:22.760,5.81,2.98,0.00,990.3792159978838,ON,DEPLOYED,AUTO
19:41:22.861,6.21,2.08,0.00,1010.359737309792,ON,DEPLOYED,AUTO
19:41:22.962,6.59,1.18,0.00,1029.5645209106467,ON,DEPLOYED,AUTO
19:41:23.062,6.96,0.28,0.00,1047.9455648431033,ON,DEPLOYED,AUTO
19:41:23.162,7.31,-0.62,0.00,1065.4569260699932,ON,DEPLOYED,AUTO
19:41:23.262,7.64,-1.52,0.00,1082.0548353079892,ON,DEPLOYED,AUTO
19:41:23.363,7.95,-2.42,0.00,1097.6978064280202,ON,DEPLOYED,AUTO
19:41:23.463,8.25,-3.31,0.00,1112.3467401489877,ON,DEPLOYED,AUTO
19:41:23.565,8.52,-4.21,0.00,1125.9650217656063,ON,DEPLOYED,AUTO
19:41:23.665,8.77,-5.11,0.00,1138.5186126660979,ON,DEPLOYED,AUTO
19:41:23.765,9.00,-6.00,0.00,1149.976135410995,ON,DEPLOYED,AUTO
19:41:23.866,9.21,-6.89,0.00,1160.3089521603977,ON,DEPLOYED,AUTO
19:41:23.967,9.39,-7.78,0.00,1169.491236253659,ON,DEPLOYED,AUTO
19:41:24.067,9.55,-8.66,0.00,1177.5000367625871,ON,DEPLOYED,AUTO
19:41:24.168,9.69,-9.54,0.00,1184.3153358568118,ON,DEPLOYED,AUTO
19:41:24.270,9.80,-10.42,0.00,1189.9200988379366,ON,DEPLOYED,AUTO
19:41:24.370,9.89,-11.29,0.00,1194.300316717413,ON,DEPLOYED,AUTO
19:41:24.471,9.95,-12.16,0.00,1197.4450412317155,ON,DEPLOYED,AUTO
19:41:24.571,9.99,-13.03,0.00,1199.3464122072992,ON,DEPLOYED,AUTO
19:41:24.672,10.00,-13.89,0.00,1199.9996772069396,ON,DEPLOYED,AUTO
19:41:24.775,9.99,-14.74,0.00,1199.4032034083518,ON,DEPLOYED,AUTO
19:41:24.877,9.95,-15.59,0.00,1197.5584816853948,ON,DEPLOYED,AUTO
19:41:24.976,9.89,-16.43,0.00,1194.4701228816632,ON,DEPLOYED,AUTO
19:41:25.076,9.80,-17.26,0.00,1190.1458462857804,ON,DEPLOYED,AUTO
19:41:25.176,9.69,-18.09,0.00,1184.5964603371963,ON,DEPLOYED,AUTO
19:41:25.277,9.56,-18.91,0.00,1177.8358356107185,ON,DEPLOYED,AUTO
19:41:25.377,9.40,-19.72,0.00,1169.8808701472976,ON,DEPLOYED,AUTO
19:41:25.479,9.22,-20.53,0.00,1160.7514472177268,ON,DEPLOYED,AUTO
19:41:25.579,9.01,-21.33,0.00,1150.4703856248182,ON,DEPLOYED,AUTO
19:41:25.679,8.78,-22.11,0.00,1139.063382668281,ON,DEPLOYED,AUTO
19:41:25.780,8.53,-22.89,0.00,1126.5589499148548,ON,DEPLOYED,AUTO
19:41:25.882,8.26,-23.66,0.00,1112.9883419342402,ON,DEPLOYED,AUTO
19:41:25.982,7.97,-24.42,0.00,1098.3854781789532,ON,DEPLOYED,AUTO
19:41:26.084,7.66,-25.17,0.00,1082.786858203358,ON,DEPLOYED,AUTO
19:41:26.185,7.32,-25.92,0.00,1066.2314704337896,ON,DEPLOYED,AUTO
19:41:26.286,6.98,-26.65,0.00,1048.7606947177926,ON,DEPLOYED,AUTO
19:41:26.386,6.61,-27.37,0.00,1030.4181988960536,ON,DEPLOYED,AUTO
19:41:26.488,6.22,-28.07,0.00,1011.2498296555398,ON,DEPLOYED,AUTO
19:41:26.588,5.83,-28.77,0.00,991.3034979366593,ON,DEPLOYED,AUTO
19:41:26.690,5.41,-29.46,0.00,970.6290591808608,ON,DEPLOYED,AUTO
19:41:26.793,4.99,-30.13,0.00,949.2781887179949,ON,DEPLOYED,AUTO
19:41:26.893,4.55,-30.80,0.00,927.3042526049005,ON,DEPLOYED,AUTO
19:41:26.994,4.10,-31.45,0.00,904.762174238056,ON,DEPLOYED,AUTO
19:41:27.107,3.63,-32.08,0.00,881.7082970736916,ON,DEPLOYED,AUTO
19:41:27.216,3.16,-32.71,0.00,858.2002437984913,ON,DEPLOYED,AUTO
19:41:27.315,2.69,-33.32,0.00,834.2967723028863,ON,DEPLOYED,AUTO
19:41:27.417,2.20,-33.92,0.00,810.0576288169287,ON,DEPLOYED,AUTO
19:41:27.517,1.71,-34.50,0.00,785.5433985758318,ON,DEPLOYED,AUTO
19:41:27.618,1.22,-35.07,0.00,760.8153543884345,ON,DEPLOYED,AUTO
19:41:27.718,0.72,-35.63,0.00,735.9353034870893,ON,DEPLOYED,AUTO
19:41:27.818,0.22,-36.17,0.00,710.96543304177,ON,DEPLOYED,AUTO
19:41:27.919,-0.28,-36.70,0.00,685.9681547245333,ON,DEPLOYED,AUTO
19:41:28.020,-0.78,-37.21,0.00,661.0059487128417,ON,DEPLOYED,AUTO
19:41:28.120,-1.28,-37.71,0.00,636.1412075216593,ON,DEPLOYED,AUTO
19:41:28.221,-1.77,-38.20,0.00,611.4360800546579,ON,DEPLOYED,AUTO
19:41:28.324,-2.26,-38.66,0.00,193.4761581321617,ON,RETRACTED,AUTO
19:41:28.424,-2.74,-39.12,0.00,181.37555640461727,ON,RETRACTED,AUTO
19:41:28.525,-3.22,-39.55,0.00,169.44648004714324,ON,RETRACTED,AUTO
19:41:28.625,-3.69,-39.98,0.00,157.7187455380906,ON,RETRACTED,AUTO
19:41:28.726,-4.15,-40.38,0.00,146.2216661060461,ON,RETRACTED,AUTO
19:41:28.826,-4.60,-40.77,0.00,134.9839784620269,ON,RETRACTED,AUTO
19:41:28.928,-5.04,-41.14,0.00,124.0337709726686,ON,RETRACTED,AUTO
19:41:29.028,-5.46,-41.50,0.00,113.39841345393702,ON,RETRACTED,AUTO
19:41:29.128,-5.88,-41.84,0.00,103.10448876084206,ON,RETRACTED,AUTO
19:41:29.230,-6.27,-42.16,0.00,93.17772634414428,ON,RETRACTED,AUTO
19:41:29.331,-6.65,-42.47,0.00,83.64293794012767,ON,RETRACTED,AUTO
19:41:29.431,-7.02,-42.76,0.00,74.52395555418065,ON,RETRACTED,AUTO
19:41:29.532,-7.37,-43.03,0.00,65.84357189319402,ON,RETRACTED,AUTO
19:41:29.632,-7.70,-43.28,0.00,57.62348339566401,ON,RETRACTED,AUTO
19:41:29.732,-8.00,-43.52,0.00,49.88423600189523,ON,RETRACTED,AUTO
19:41:29.833,-8.29,-43.74,0.00,42.64517379985014,ON,RETRACTED,AUTO
19:41:29.934,-8.56,-43.94,0.00,35.924390675003224,ON,RETRACTED,AUTO
19:41:30.035,-8.81,-44.13,0.00,29.738685085050605,ON,RETRACTED,AUTO
19:41:30.135,-9.04,-44.30,0.00,24.10351807251402,ON,RETRACTED,AUTO
19:41:30.235,-9.24,-44.45,0.00,19.03297462018665,ON,RETRACTED,AUTO
19:41:30.337,-9.42,-44.58,0.00,14.539728446011509,ON,RETRACTED,AUTO
19:41:30.438,-9.57,-44.69,0.00,10.635010325386673,ON,RETRACTED,AUTO
19:41:30.538,-9.71,-44.79,0.00,7.328580020075918,ON,RETRACTED,AUTO
19:41:30.638,-9.81,-44.87,0.00,4.628701883886919,ON,RETRACTED,AUTO
19:41:30.739,-9.90,-44.93,0.00,2.542124206090932,ON,RETRACTED,AUTO
19:41:30.840,-9.96,-44.97,0.00,1.0740623442137576,ON,RETRACTED,AUTO
19:41:30.941,-9.99,-44.99,0.00,0.22818568835830888,ON,RETRACTED,AUTO
19:41:31.041,-10.00,-45.00,0.00,0.006608489640200332,ON,RETRACTED,AUTO
19:41:31.142,-9.98,-44.99,0.00,0.40988457566103875,ON,RETRACTED,AUTO
19:41:31.242,-9.94,-44.96,0.00,1.4370059662279289,ON,RETRACTED,AUTO
19:41:31.344,-9.88,-44.91,0.00,3.0854053927788527,ON,RETRACTED,AUTO
19:41:31.445,-9.79,-44.85,0.00,5.3509627152172925,ON,RETRACTED,AUTO
19:41:31.546,-9.67,-44.76,0.00,8.228015220116475,ON,RETRACTED,AUTO
19:41:31.646,-9.53,-44.66,0.00,11.709371774554171,ON,RETRACTED,AUTO
19:41:31.747,-9.37,-44.54,0.00,15.786330800199607,ON,RETRACTED,AUTO
19:41:31.848,-9.18,-44.40,0.00,20.448702022727872,ON,RETRACTED,AUTO
19:41:31.948,-8.97,-44.25,0.00,25.684831942198485,ON,RETRACTED,AUTO
19:41:32.049,-8.74,-44.08,0.00,31.481632960736448,ON,RETRACTED,AUTO
19:41:32.149,-8.49,-43.89,0.00,37.824616094710905,ON,RETRACTED,AUTO
19:41:32.249,-8.21,-43.68,0.00,44.697927189648595,ON,RETRACTED,AUTO
19:41:32.349,-7.92,-43.45,0.00,52.084386547363266,ON,RETRACTED,AUTO
19:41:32.451,-7.60,-43.21,0.00,59.96553186625417,ON,RETRACTED,AUTO
19:41:32.551,-7.27,-42.95,0.00,68.32166438744503,ON,RETRACTED,AUTO
19:41:32.652,-6.91,-42.67,0.00,77.13189813142247,ON,RETRACTED,AUTO
19:41:32.752,-6.55,-42.38,0.00,86.37421210210738,ON,RETRACTED,AUTO
19:41:32.853,-6.16,-42.07,0.00,96.02550532787697,ON,RETRACTED,AUTO
19:41:32.953,-5.76,-41.74,0.00,106.06165460196297,ON,RETRACTED,AUTO
19:41:33.055,-5.34,-41.40,0.00,116.45757477790553,ON,RETRACTED,AUTO
19:41:33.154,-4.91,-41.04,0.00,127.1872814693551,ON,RETRACTED,AUTO
19:41:33.255,-4.47,-40.66,0.00,138.22395599750612,ON,RETRACTED,AUTO
19:41:33.355,-4.02,-40.26,0.00,149.54001242382702,ON,RETRACTED,AUTO
19:41:33.456,-3.56,-39.85,0.00,161.10716650054002,ON,RETRACTED,AUTO
19:41:33.556,-3.08,-39.43,0.00,172.89650636651055,ON,RETRACTED,AUTO
19:41:33.657,-2.60,-38.99,0.00,184.87856481184292,ON,RETRACTED,AUTO
19:41:33.758,-2.12,-38.53,0.00,197.02339293055908,ON,RETRACTED,AUTO
19:41:33.858,-1.63,-38.06,0.00,618.6012699545323,ON,DEPLOYED,AUTO
19:41:33.959,-1.13,-37.57,0.00,643.3592084814225,ON,DEPLOYED,AUTO
19:41:34.059,-0.63,-37.07,0.00,668.2587194891562,ON,DEPLOYED,AUTO
19:41:34.161,-0.14,-36.55,0.00,693.2375671676282,ON,DEPLOYED,AUTO
19:41:34.260,0.36,-36.02,0.00,718.2333174063743,ON,DEPLOYED,AUTO
19:41:34.361,0.86,-35.47,0.00,743.1834938473323,ON,DEPLOYED,AUTO
19:41:34.462,1.36,-34.91,0.00,768.0257340432,ON,DEPLOYED,AUTO
19:41:34.563,1.85,-34.33,0.00,792.697945331076,ON,DEPLOYED,AUTO
19:41:34.664,2.34,-33.74,0.00,817.1384600317792,ON,DEPLOYED,AUTO
19:41:34.764,2.83,-33.14,0.00,841.2861895869316,ON,DEPLOYED,AUTO
19:41:34.865,3.30,-32.53,0.00,865.0807772485392,ON,DEPLOYED,AUTO
19:41:34.966,3.77,-31.90,0.00,888.4627489394293,ON,DEPLOYED,AUTO
19:41:35.066,4.23,-31.26,0.00,911.3736619074698,ON,DEPLOYED,AUTO
19:41:35.167,4.68,-30.60,0.00,933.7562508020128,ON,DEPLOYED,AUTO
19:41:35.268,5.11,-29.94,0.00,955.5545708074485,ON,DEPLOYED,AUTO
19:41:35.371,5.53,-29.26,0.00,976.7141374761088,ON,DEPLOYED,AUTO
19:41:35.490,5.94,-28.57,0.00,997.1820629110106,ON,DEPLOYED,AUTO
19:41:35.640,6.34,-27.87,0.00,1016.907187958056,ON,DEPLOYED,AUTO
19:41:35.746,6.72,-27.16,0.00,1035.8402100772735,ON,DEPLOYED,AUTO
19:41:35.871,7.08,-26.43,0.00,1053.9338065734921,ON,DEPLOYED,AUTO
19:41:35.979,7.42,-25.70,0.00,1071.1427528784338,ON,DEPLOYED,AUTO
19:41:36.102,7.75,-24.96,0.00,1087.4240355885818,ON,DEPLOYED,AUTO
19:41:36.215,8.05,-24.20,0.00,1102.7369599762887,ON,DEPLOYED,AUTO
19:41:36.327,8.34,-23.44,0.00,1117.0432517054019,ON,DEPLOYED,AUTO
19:41:36.427,8.61,-22.67,0.00,1130.3071524971706,ON,DEPLOYED,AUTO
19:41:36.529,8.85,-21.88,0.00,1142.4955095073217,ON,DEPLOYED,AUTO
19:41:36.630,9.07,-21.09,0.00,1153.5778581909028,ON,DEPLOYED,AUTO
19:41:36.731,9.27,-20.30,0.00,1163.5264984477806,ON,DEPLOYED,AUTO
19:41:36.830,9.45,-19.49,0.00,1172.3165638584644,ON,DEPLOYED,AUTO
19:41:36.933,9.60,-18.67,0.00,1179.9260838372047,ON,DEPLOYED,AUTO
19:41:37.033,9.73,-17.85,0.00,1186.3360385470164,ON,DEPLOYED,AUTO
19:41:37.133,9.83,-17.02,0.00,1191.530406439364,ON,DEPLOYED,AUTO
19:41:37.235,9.91,-16.18,0.00,1195.4962042996917,ON,DEPLOYED,AUTO
19:41:37.341,9.96,-15.34,0.00,1198.223519698696,ON,DEPLOYED,AUTO
19:41:37.441,9.99,-14.49,0.00,1199.7055357682375,ON,DEPLOYED,AUTO
19:41:37.541,10.00,-13.64,0.00,1199.9385482399616,ON,DEPLOYED,AUTO
19:41:37.644,9.98,-12.78,0.00,1198.9219747040397,ON,DEPLOYED,AUTO
19:41:37.744,9.93,-11.91,0.00,1196.6583560648899,ON,DEPLOYED,AUTO
19:41:37.845,9.86,-11.04,0.00,1193.1533501902406,ON,DEPLOYED,AUTO
19:41:37.947,9.77,-10.17,0.00,1188.415717769407,ON,DEPLOYED,AUTO
19:41:38.047,9.65,-9.29,0.00,1182.4573004161293,ON,DEPLOYED,AUTO
19:41:38.147,9.51,-8.41,0.00,1175.2929910707076,ON,DEPLOYED,AUTO
19:41:38.248,9.34,-7.52,0.00,1166.940696775405,ON,DEPLOYED,AUTO
19:41:38.348,9.15,-6.63,0.00,1157.4212939161696,ON,DEPLOYED,AUTO
19:41:38.450,8.94,-5.74,0.00,1146.7585760425402,ON,DEPLOYED,AUTO
19:41:38.550,8.70,-4.85,0.00,1134.979194396165,ON,DEPLOYED,AUTO
19:41:38.651,8.44,-3.95,0.00,1122.1125912965767,ON,DEPLOYED,AUTO
19:41:38.752,8.16,-3.05,0.00,1108.190926550727,ON,DEPLOYED,AUTO
19:41:38.853,7.86,-2.15,0.00,1093.2489970702186,ON,DEPLOYED,AUTO
19:41:38.953,7.55,-1.25,0.00,1077.3241498971458,ON,DEPLOYED,AUTO
19:41:39.055,7.21,-0.35,0.00,1060.456188855942,ON,DEPLOYED,AUTO
19:41:39.155,6.85,0.55,0.00,1042.687275064546,ON,DEPLOYED,AUTO
19:41:39.255,6.48,1.44,0.00,1024.061821553565,ON,DEPLOYED,AUTO
19:41:39.356,6.09,2.34,0.00,1004.6263822568288,ON,DEPLOYED,AUTO
19:41:39.456,5.69,3.24,0.00,984.4295356507978,ON,DEPLOYED,AUTO
19:41:39.558,5.27,4.14,0.00,963.5217633336733,ON,DEPLOYED,AUTO
19:41:39.659,4.84,5.03,0.00,941.9553238476913,ON,DEPLOYED,AUTO
19:41:39.759,4.40,5.93,0.00,919.7841220599823,ON,DEPLOYED,AUTO
19:41:39.860,3.94,6.82,0.00,897.0635744284775,ON,DEPLOYED,AUTO
19:41:39.961,3.48,7.71,0.00,873.8504704896236,ON,DEPLOYED,AUTO
19:41:40.062,3.00,8.59,0.00,850.2028309141172,ON,DEPLOYED,AUTO
19:41:40.162,2.52,9.47,0.00,826.1797624854449,ON,DEPLOYED,AUTO
19:41:40.263,2.04,10.35,0.00,801.8413103637068,ON,DEPLOYED,AUTO
19:41:40.363,1.54,11.23,0.00,777.2483080039867,ON,DEPLOYED,AUTO
19:41:40.465,1.05,12.09,0.00,752.4622251043963,ON,DEPLOYED,AUTO
19:41:40.565,0.55,12.96,0.00,727.5450139638426,ON,DEPLOYED,AUTO
19:41:40.666,0.05,13.82,0.00,702.5589546335448,ON,DEPLOYED,AUTO
19:41:40.766,-0.45,14.67,0.00,677.566499249341,ON,DEPLOYED,AUTO
19:41:40.868,-0.95,15.52,0.00,652.6301159338727,ON,DEPLOYED,AUTO
19:41:40.967,-1.44,16.36,0.00,627.8121326588121,ON,DEPLOYED,AUTO
19:41:41.070,-1.94,17.20,0.00,603.174581457391,ON,DEPLOYED,AUTO
19:41:41.169,-2.42,18.02,0.00,189.38952168831253,ON,RETRACTED,AUTO
19:41:41.271,-2.91,18.85,0.00,177.343247278383,ON,RETRACTED,AUTO
19:41:41.389,-3.38,19.66,0.00,165.47857691135346,ON,RETRACTED,AUTO
19:41:41.491,-3.85,20.46,0.00,153.82516608414085,ON,RETRACTED,AUTO
19:41:41.590,-4.30,21.26,0.00,142.41214225483438,ON,RETRACTED,AUTO
19:41:41.693,-4.75,22.05,0.00,131.26803203921963,ON,RETRACTED,AUTO
19:41:41.795,-5.18,22.83,0.00,120.42068990909539,ON,RETRACTED,AUTO
19:41:41.894,-5.60,23.60,0.00,109.89722857060062,ON,RETRACTED,AUTO
19:41:41.996,-6.01,24.36,0.00,99.723951196569,ON,RETRACTED,AUTO
19:41:42.096,-6.40,25.12,0.00,89.9262856822954,ON,RETRACTED,AUTO
19:41:42.197,-6.78,25.86,0.00,80.52872108904012,ON,RETRACTED,AUTO
19:41:42.298,-7.14,26.59,0.00,71.55474643412938,ON,RETRACTED,AUTO
19:41:42.398,-7.48,27.31,0.00,63.026791980645015,ON,RETRACTED,AUTO
19:41:42.499,-7.80,28.02,0.00,54.96617317344803,ON,RETRACTED,AUTO
19:41:42.600,-8.10,28.72,0.00,47.393037361667496,ON,RETRACTED,AUTO
19:41:42.701,-8.39,29.40,0.00,40.32631344082009,ON,RETRACTED,AUTO
19:41:42.804,-8.65,30.08,0.00,33.783664540429356,ON,RETRACTED,AUTO
19:41:42.906,-8.89,30.74,0.00,27.781443875400754,ON,RETRACTED,AUTO
19:41:43.006,-9.11,31.39,0.00,22.33465387150079,ON,RETRACTED,AUTO
19:41:43.107,-9.30,32.03,0.00,17.456908667106035,ON,RETRACTED,AUTO
19:41:43.209,-9.47,32.66,0.00,13.160400084946872,ON,RETRACTED,AUTO
19:41:43.309,-9.62,33.27,0.00,9.455867158900418,ON,RETRACTED,AUTO
19:41:43.410,-9.75,33.87,0.00,6.352569291998378,ON,RETRACTED,AUTO
19:41:43.510,-9.85,34.46,0.00,3.858263112741753,ON,RETRACTED,AUTO
19:41:43.611,-9.92,35.03,0.00,1.979183087569254,ON,RETRACTED,AUTO
19:41:43.712,-9.97,35.59,0.00,0.7200259379378338,ON,RETRACTED,AUTO
19:41:43.812,-10.00,36.13,0.00,0.08393890096522227,ON,RETRACTED,AUTO
19:41:43.913,-10.00,36.66,0.00,0.07251186297617096,ON,RETRACTED,AUTO
19:41:44.014,-9.97,37.17,0.00,0.6857733856145387,ON,RETRACTED,AUTO
19:41:44.115,-9.92,37.67,0.00,1.9221906344541537,ON,RETRACTED,AUTO
19:41:44.216,-9.85,38.16,0.00,3.7786732102865415,ON,RETRACTED,AUTO
19:41:44.316,-9.75,38.63,0.00,6.250580873509534,ON,RETRACTED,AUTO
19:41:44.416,-9.63,39.08,0.00,9.331735142309668,ON,RETRACTED,AUTO
19:41:44.517,-9.48,39.52,0.00,13.014434735649019,ON,RETRACTED,AUTO
19:41:44.618,-9.31,39.94,0.00,17.28947482245698,ON,RETRACTED,AUTO
19:41:44.719,-9.11,40.35,0.00,22.146170028914327,ON,RETRACTED,AUTO
19:41:44.820,-8.90,40.74,0.00,27.57238114632284,ON,RETRACTED,AUTO
19:41:44.919,-8.66,41.11,0.00,33.55454547280496,ON,RETRACTED,AUTO
19:41:45.020,-8.40,41.47,0.00,40.077710712995355,ON,RETRACTED,AUTO
19:41:45.120,-8.11,41.81,0.00,47.1255723509922,ON,RETRACTED,AUTO
19:41:45.221,-7.81,42.14,0.00,54.6805144031558,ON,RETRACTED,AUTO
19:41:45.321,-7.49,42.44,0.00,62.72365344889329,ON,RETRACTED,AUTO
19:41:45.422,-7.15,42.73,0.00,71.23488582937614,ON,RETRACTED,AUTO
19:41:45.522,-6.79,43.01,0.00,80.19293789621705,ON,RETRACTED,AUTO
19:41:45.624,-6.42,43.26,0.00,89.57541918451207,ON,RETRACTED,AUTO
19:41:45.725,-6.03,43.50,0.00,99.35887837734208,ON,RETRACTED,AUTO
19:41:45.825,-5.62,43.72,0.00,109.51886192185196,ON,RETRACTED,AUTO
19:41:45.925,-5.20,43.93,0.00,120.02997515039735,ON,RETRACTED,AUTO
19:41:46.027,-4.77,44.11,0.00,130.86594575398863,ON,RETRACTED,AUTO
19:41:46.131,-4.32,44.28,0.00,141.99968944938104,ON,RETRACTED,AUTO
19:41:46.231,-3.86,44.43,0.00,153.40337767567752,ON,RETRACTED,AUTO
19:41:46.332,-3.40,44.57,0.00,165.04850715123814,ON,RETRACTED,AUTO
19:41:46.432,-2.92,44.68,0.00,176.90597111704,ON,RETRACTED,AUTO
19:41:46.534,-2.44,44.78,0.00,188.9461320884162,ON,RETRACTED,AUTO
19:41:46.635,-1.95,44.86,0.00,602.2777918666654,ON,DEPLOYED,AUTO
19:41:46.734,-1.46,44.92,0.00,626.9075741840915,ON,DEPLOYED,AUTO
19:41:46.835,-0.97,44.97,0.00,651.7200495002589,ON,DEPLOYED,AUTO
19:41:46.936,-0.47,44.99,0.00,676.6531995489647,ON,DEPLOYED,AUTO
19:41:47.038,0.03,45.00,0.00,701.6447044400197,ON,DEPLOYED,AUTO
19:41:47.139,0.53,44.99,0.00,726.6320984265202,ON,DEPLOYED,AUTO
19:41:47.239,1.03,44.96,0.00,751.5529260366826,ON,DEPLOYED,AUTO
19:41:47.343,1.53,44.92,0.00,776.3448981799972,ON,DEPLOYED,AUTO
19:41:47.445,2.02,44.85,0.00,800.9460478375149,ON,DEPLOYED,AUTO
19:41:47.545,2.51,44.77,0.00,825.2948849471223,ON,DEPLOYED,AUTO
19:41:47.646,2.99,44.67,0.00,849.3305500966744,ON,DEPLOYED,AUTO
19:41:47.746,3.46,44.55,0.00,872.9929666408292,ON,DEPLOYED,AUTO
19:41:47.848,3.92,44.42,0.00,896.2229908613741,ON,DEPLOYED,AUTO
19:41:47.948,4.38,44.26,0.00,918.9625597957203,ON,DEPLOYED,AUTO
19:41:48.049,4.82,44.09,0.00,941.1548363640698,ON,DEPLOYED,AUTO
19:41:48.150,5.25,43.90,0.00,962.7443514325157,ON,DEPLOYED,AUTO
19:41:48.250,5.67,43.70,0.00,983.6771424569887,ON,DEPLOYED,AUTO
19:41:48.351,6.08,43.47,0.00,1003.9008883615138,ON,DEPLOYED,AUTO
19:41:48.451,6.47,43.23,0.00,1023.3650403136528,ON,DEPLOYED,AUTO
19:41:48.551,6.84,42.97,0.00,1042.0209480702592,ON,DEPLOYED,AUTO
19:41:48.652,7.20,42.70,0.00,1059.8219815777504,ON,DEPLOYED,AUTO
19:41:48.753,7.53,42.40,0.00,1076.723647522956,ON,DEPLOYED,AUTO
19:41:48.857,7.85,42.09,0.00,1092.6837005432305,ON,DEPLOYED,AUTO
19:41:48.959,8.15,41.77,0.00,1107.6622488178577,ON,DEPLOYED,AUTO
19:41:49.059,8.43,41.42,0.00,1121.6218537768277,ON,DEPLOYED,AUTO
19:41:49.160,8.69,41.06,0.00,1134.5276236777647,ON,DEPLOYED,AUTO
19:41:49.261,8.93,40.69,0.00,1146.3473008171113,ON,DEPLOYED,AUTO
19:41:49.361,9.14,40.30,0.00,1157.0513421575877,ON,DEPLOYED,AUTO
19:41:49.462,9.33,39.89,0.00,1166.6129931703995,ON,DEPLOYED,AUTO
19:41:49.562,9.50,39.46,0.00,1175.0083547076258,ON,DEPLOYED,AUTO
19:41:49.662,9.64,39.02,0.00,1182.2164427376435,ON,DEPLOYED,AUTO
19:41:49.763,9.76,38.57,0.00,1188.219240794277,ON,DEPLOYED,AUTO
19:41:49.864,9.86,38.09,0.00,1193.0017450085813,ON,DEPLOYED,AUTO
19:41:49.965,9.93,37.61,0.00,1196.552001610701,ON,DEPLOYED,AUTO
19:41:50.066,9.98,37.11,0.00,1198.8611368080678,ON,DEPLOYED,AUTO
19:41:50.166,10.00,36.59,0.00,1199.9233789652635,ON,DEPLOYED,AUTO
19:41:50.267,9.99,36.06,0.00,1199.7360730300998,ON,DEPLOYED,AUTO
19:41:50.368,9.97,35.51,0.00,1198.2996871698672,ON,DEPLOYED,AUTO
19:41:50.468,9.91,34.95,0.00,1195.6178116011615,ON,DEPLOYED,AUTO
19:41:50.568,9.83,34.38,0.00,1191.6971496162105,ON,DEPLOYED,AUTO
19:41:50.669,9.73,33.79,0.00,1186.5475008281353,ON,DEPLOYED,AUTO
19:41:50.770,9.60,33.19,0.00,1180.181736677021,ON,DEPLOYED,AUTO
19:41:50.870,9.45,32.58,0.00,1172.61576825802,ON,DEPLOYED,AUTO
19:41:50.971,9.28,31.95,0.00,1163.868506551899,ON,DEPLOYED,AUTO
19:41:51.072,9.08,31.31,0.00,1153.9618151574382,ON,DEPLOYED,AUTO
19:41:51.173,8.86,30.66,0.00,1142.9204556438185,ON,DEPLOYED,AUTO
19:41:51.273,8.62,29.99,0.00,1130.7720256595956,ON,DEPLOYED,AUTO
19:41:51.374,8.35,29.31,0.00,1117.5468899529499,ON,DEPLOYED,AUTO
19:41:51.474,8.07,28.63,0.00,1103.2781044756307,ON,DEPLOYED,AUTO
19:41:51.574,7.76,27.93,0.00,1088.0013337602923,ON,DEPLOYED,AUTO
19:41:51.675,7.44,27.21,0.00,1071.7547617777343,ON,DEPLOYED,AUTO
19:41:51.776,7.09,26.49,0.00,1054.5789964968626,ON,DEPLOYED,AUTO
19:41:51.876,6.73,25.76,0.00,1036.5169683859137,ON,DEPLOYED,AUTO
19:41:51.977,6.35,25.02,0.00,1017.6138231086434,ON,DEPLOYED,AUTO
19:41:52.077,5.96,24.26,0.00,997.9168086836771,ON,DEPLOYED,AUTO
19:41:52.216,5.55,23.50,0.00,977.4751573890709,ON,DEPLOYED,AUTO
19:41:52.373,5.13,22.73,0.00,956.3399627072554,ON,DEPLOYED,AUTO
19:41:52.475,4.69,21.95,0.00,934.5640516179391,ON,DEPLOYED,AUTO
19:41:52.575,4.24,21.16,0.00,912.2018525581702,ON,DEPLOYED,AUTO
19:41:52.676,3.79,20.36,0.00,889.3092593795906,ON,DEPLOYED,AUTO
19:41:52.776,3.32,19.55,0.00,865.9434916429149,ON,DEPLOYED,AUTO
19:41:52.876,2.84,18.74,0.00,842.1629515988287,ON,DEPLOYED,AUTO
19:41:52.977,2.36,17.92,0.00,818.0270782127768,ON,DEPLOYED,AUTO
19:41:53.078,1.87,17.09,0.00,793.5961985985049,ON,DEPLOYED,AUTO
19:41:53.179,1.38,16.25,0.00,768.9313772316931,ON,DEPLOYED,AUTO
19:41:53.279,0.88,15.41,0.00,744.094263320568,ON,DEPLOYED,AUTO
19:41:53.379,0.38,14.56,0.00,719.1469367149891,ON,DEPLOYED,AUTO
19:41:53.480,-0.12,13.71,0.00,694.1517527391543,ON,DEPLOYED,AUTO
19:41:53.581,-0.62,12.85,0.00,669.1711863357634,ON,DEPLOYED,AUTO
19:41:53.681,-1.11,11.98,0.00,644.2676759111978,ON,DEPLOYED,AUTO
19:41:53.782,-1.61,11.11,0.00,619.503467272022,ON,DEPLOYED,AUTO
19:41:53.883,-2.10,10.24,0.00,197.4702290214419,ON,RETRACTED,AUTO
19:41:53.983,-2.59,9.36,0.00,185.32002147734426,ON,RETRACTED,AUTO
19:41:54.083,-3.07,8.48,0.00,173.33148019487277,ON,RETRACTED,AUTO
19:41:54.184,-3.54,7.59,0.00,161.53457028372225,ON,RETRACTED,AUTO
19:41:54.284,-4.00,6.70,0.00,149.95877787495883,ON,RETRACTED,AUTO
19:41:54.385,-4.45,5.81,0.00,138.63303642104853,ON,RETRACTED,AUTO
19:41:54.485,-4.90,4.92,0.00,127.5856543772942,ON,RETRACTED,AUTO
19:41:54.586,-5.33,4.02,0.00,116.84424444544007,ON,RETRACTED,AUTO
19:41:54.687,-5.74,3.12,0.00,106.4356545562978,ON,RETRACTED,AUTO
19:41:54.787,-6.14,2.23,0.00,96.38590076390165,ON,RETRACTED,AUTO
19:41:54.887,-6.53,1.33,0.00,86.72010221892216,ON,RETRACTED,AUTO
19:41:54.988,-6.90,0.43,0.00,77.46241838387135,ON,RETRACTED,AUTO
19:41:55.088,-7.25,-0.47,0.00,68.63598864702854,ON,RETRACTED,AUTO
19:41:55.189,-7.59,-1.37,0.00,60.26287448602025,ON,RETRACTED,AUTO
19:41:55.296,-7.91,-2.27,0.00,52.364004325615554,ON,RETRACTED,AUTO
19:41:55.398,-8.20,-3.17,0.00,44.95912122756357,ON,RETRACTED,AUTO
19:41:55.500,-8.48,-4.07,0.00,38.06673354322098,ON,RETRACTED,AUTO
19:41:55.600,-8.73,-4.96,0.00,31.704068652312685,ON,RETRACTED,AUTO
19:41:55.701,-8.96,-5.86,0.00,25.88702990345422,ON,RETRACTED,AUTO
19:41:55.801,-9.17,-6.75,0.00,20.6301568640626,ON,RETRACTED,AUTO
19:41:55.902,-9.36,-7.64,0.00,15.946588979009903,ON,RETRACTED,AUTO
19:41:56.003,-9.53,-8.52,0.00,11.84803272885378,ON,RETRACTED,AUTO
19:41:56.103,-9.67,-9.40,0.00,8.344732369732924,ON,RETRACTED,AUTO
19:41:56.204,-9.78,-10.28,0.00,5.445444328061598,ON,RETRACTED,AUTO
19:41:56.307,-9.87,-11.16,0.00,3.157415314024064,ON,RETRACTED,AUTO
19:41:56.409,-9.94,-12.03,0.00,1.486364208572894,ON,RETRACTED,AUTO
19:41:56.509,-9.98,-12.89,0.00,0.43646776920522257,ON,RETRACTED,AUTO
19:41:56.609,-10.00,-13.75,0.00,0.01035019024394046,ON,RETRACTED,AUTO
19:41:56.710,-9.99,-14.60,0.00,0.20907654371879403,ON,RETRACTED,AUTO
19:41:56.810,-9.96,-15.45,0.00,1.0321501172406897,ON,RETRACTED,AUTO
19:41:56.910,-9.90,-16.29,0.00,2.4775136555243193,ON,RETRACTED,AUTO
19:41:57.011,-9.82,-17.13,0.00,4.54155450245463,ON,RETRACTED,AUTO
19:41:57.113,-9.71,-17.96,0.00,7.219113630846067,ON,RETRACTED,AUTO
19:41:57.214,-9.58,-18.78,0.00,10.503498537323338,ON,RETRACTED,AUTO
19:41:57.315,-9.42,-19.59,0.00,14.386499970094832,ON,RETRACTED,AUTO
19:41:57.415,-9.25,-20.40,0.00,18.858412447806614,ON,RETRACTED,AUTO
19:41:57.516,-9.04,-21.20,0.00,23.908058518191268,ON,RETRACTED,AUTO
19:41:57.616,-8.82,-21.99,0.00,29.52281669587768,ON,RETRACTED,AUTO
19:41:57.717,-8.57,-22.77,0.00,35.68865300953095,ON,RETRACTED,AUTO
19:41:57.818,-8.30,-23.54,0.00,42.39015607947235,ON,RETRACTED,AUTO
19:41:57.919,-8.02,-24.30,0.00,49.61057563810226,ON,RETRACTED,AUTO
19:41:58.020,-7.71,-25.06,0.00,57.33186439684576,ON,RETRACTED,AUTO
19:41:58.120,-7.38,-25.80,0.00,65.53472315497532,ON,RETRACTED,AUTO
19:41:58.220,-7.03,-26.53,0.00,74.19864903756175,ON,RETRACTED,AUTO
19:41:58.321,-6.67,-27.25,0.00,83.30198674198374,ON,RETRACTED,AUTO
19:41:58.421,-6.29,-27.96,0.00,92.82198266490673,ON,RETRACTED,AUTO
19:41:58.521,-5.89,-28.66,0.00,102.73484177444129,ON,RETRACTED,AUTO
19:41:58.622,-5.48,-29.35,0.00,113.0157870853306,ON,RETRACTED,AUTO
19:41:58.723,-5.05,-30.03,0.00,123.6391215885101,ON,RETRACTED,AUTO
19:41:58.824,-4.62,-30.69,0.00,134.57829248024723,ON,RETRACTED,AUTO
19:41:58.926,-4.17,-31.34,0.00,145.80595753032264,ON,RETRACTED,AUTO
19:41:59.026,-3.71,-31.98,0.00,157.29405342336577,ON,RETRACTED,AUTO
19:41:59.127,-3.24,-32.61,0.00,169.0138659025285,ON,RETRACTED,AUTO
19:41:59.228,-2.76,-33.22,0.00,180.93610154017307,ON,RETRACTED,AUTO
19:41:59.328,-2.28,-33.82,0.00,193.03096095618545,ON,RETRACTED,AUTO
19:41:59.429,-1.79,-34.41,0.00,610.5364266018128,ON,DEPLOYED,AUTO
19:41:59.529,-1.30,-34.98,0.00,635.2345436330235,ON,DEPLOYED,AUTO
19:41:59.630,-0.80,-35.54,0.00,660.0945405759551,ON,DEPLOYED,AUTO
19:41:59.730,-0.30,-36.09,0.00,685.054280385086,ON,DEPLOYED,AUTO
19:41:59.830,0.20,-36.62,0.00,710.0513767096743,ON,DEPLOYED,AUTO
19:41:59.931,0.70,-37.13,0.00,735.0233498271439,ON,DEPLOYED,AUTO
19:42:00.037,1.20,-37.63,0.00,759.907782809853,ON,DEPLOYED,AUTO
19:42:00.153,1.69,-38.12,0.00,784.6424775349066,ON,DEPLOYED,AUTO
19:42:00.254,2.18,-38.59,0.00,809.1656101470714,ON,DEPLOYED,AUTO
19:42:00.357,2.67,-39.05,0.00,833.4158855862175,ON,DEPLOYED,AUTO
19:42:00.461,3.15,-39.49,0.00,857.3326907930456,ON,DEPLOYED,AUTO
19:42:00.561,3.62,-39.91,0.00,880.8562462101696,ON,DEPLOYED,AUTO
19:42:00.661,4.08,-40.32,0.00,903.9277551998771,ON,DEPLOYED,AUTO
19:42:00.762,4.53,-40.71,0.00,926.4895510051032,ON,DEPLOYED,AUTO
19:42:00.863,4.97,-41.08,0.00,948.4852408862903,ON,DEPLOYED,AUTO
19:42:00.964,5.40,-41.44,0.00,969.859847073869,ON,DEPLOYED,AUTO
19:42:01.065,5.81,-41.79,0.00,990.5599441840498,ON,DEPLOYED,AUTO
19:42:01.165,6.21,-42.11,0.00,1010.5337927544587,ON,DEPLOYED,AUTO
19:42:01.266,6.59,-42.42,0.00,1029.731468565849,ON,DEPLOYED,AUTO
19:42:01.366,6.96,-42.71,0.00,1048.1049874266475,ON,DEPLOYED,AUTO
19:42:01.468,7.31,-42.99,0.00,1065.6084251084462,ON,DEPLOYED,AUTO
19:42:01.569,7.64,-43.24,0.00,1082.1980321326544,ON,DEPLOYED,AUTO
19:42:01.670,7.96,-43.48,0.00,1097.8323431214112,ON,DEPLOYED,AUTO
19:42:01.772,8.25,-43.71,0.00,1112.4722804394362,ON,DEPLOYED,AUTO
19:42:01.872,8.52,-43.91,0.00,1126.0812518677665,ON,DEPLOYED,AUTO
19:42:01.973,8.77,-44.10,0.00,1138.6252420652459,ON,DEPLOYED,AUTO
19:42:02.075,9.00,-44.27,0.00,1150.0728975891643,ON,DEPLOYED,AUTO
19:42:02.176,9.21,-44.42,0.00,1160.3956052625356,ON,DEPLOYED,AUTO
19:42:02.277,9.39,-44.56,0.00,1169.5675636921383,ON,DEPLOYED,AUTO
19:42:02.377,9.55,-44.67,0.00,1177.565847758562,ON,DEPLOYED,AUTO
19:42:02.478,9.69,-44.77,0.00,1184.3704659170662,ON,DEPLOYED,AUTO
19:42:02.578,9.80,-44.86,0.00,1189.9644101660315,ON,DEPLOYED,AUTO
19:42:02.679,9.89,-44.92,0.00,1194.3336985581045,ON,DEPLOYED,AUTO
19:42:02.780,9.95,-44.96,0.00,1197.467410147787,ON,DEPLOYED,AUTO
19:42:02.882,9.99,-44.99,0.00,1199.3577122881097,ON,DEPLOYED,AUTO
19:42:02.982,10.00,-45.00,0.00,1199.9998802081725,ON,DEPLOYED,AUTO
19:42:03.082,9.99,-44.99,0.00,1199.3923088226095,ON,DEPLOYED,AUTO
19:42:03.184,9.95,-44.96,0.00,1197.536516743468,ON,DEPLOYED,AUTO
19:42:03.285,9.89,-44.92,0.00,1194.4371424844674,ON,DEPLOYED,AUTO
19:42:03.388,9.80,-44.86,0.00,1190.1019328671327,ON,DEPLOYED,AUTO
19:42:03.488,9.69,-44.78,0.00,1184.541723657774,ON,DEPLOYED,AUTO
19:42:03.590,9.56,-44.68,0.00,1177.7704124837135,ON,DEPLOYED,AUTO
19:42:03.695,9.40,-44.56,0.00,1169.804924096456,ON,DEPLOYED,AUTO
19:42:03.801,9.21,-44.43,0.00,1160.6651680686234,ON,DEPLOYED,AUTO
19:42:03.903,9.01,-44.28,0.00,1150.3739890303927,ON,DEPLOYED,AUTO
19:42:04.003,8.78,-44.11,0.00,1138.957109569817,ON,DEPLOYED,AUTO
19:42:04.104,8.53,-43.92,0.00,1126.4430659397526,ON,DEPLOYED,AUTO
19:42:04.209,8.26,-43.71,0.00,1112.8631367320863,ON,DEPLOYED,AUTO
19:42:04.315,7.97,-43.49,0.00,1098.2512646975474,ON,DEPLOYED,AUTO
19:42:04.424,7.65,-43.25,0.00,1082.6439719065067,ON,DEPLOYED,AUTO
19:42:04.526,7.32,-42.99,0.00,1066.080268462821,ON,DEPLOYED,AUTO
19:42:04.628,6.97,-42.72,0.00,1048.6015549988902,ON,DEPLOYED,AUTO
19:42:04.729,6.61,-42.43,0.00,1030.2515191956359,ON,DEPLOYED,AUTO
19:42:04.829,6.22,-42.12,0.00,1011.0760265860529,ON,DEPLOYED,AUTO
19:42:04.930,5.82,-41.79,0.00,991.123005915262,ON,DEPLOYED,AUTO
19:42:05.030,5.41,-41.45,0.00,970.4423293436082,ON,DEPLOYED,AUTO
19:42:05.132,4.98,-41.09,0.00,949.0856877922329,ON,DEPLOYED,AUTO
19:42:05.233,4.54,-40.72,0.00,927.1064617426912,ON,DEPLOYED,AUTO
19:42:05.333,4.09,-40.33,0.00,904.5595878135473,ON,DEPLOYED,AUTO
19:42:05.484,3.63,-39.92,0.00,881.5014214474398,ON,DEPLOYED,AUTO
19:42:05.652,3.16,-39.50,0.00,857.9895960518235,ON,DEPLOYED,AUTO
19:42:05.765,2.68,-39.06,0.00,834.0828789454658,ON,DEPLOYED,AUTO
19:42:05.899,2.20,-38.60,0.00,809.8410244707554,ON,DEPLOYED,AUTO
19:42:06.017,1.71,-38.13,0.00,785.3246246389659,ON,DEPLOYED,AUTO
19:42:06.130,1.21,-37.65,0.00,760.594957681783,ON,DEPLOYED,AUTO
19:42:06.252,0.71,-37.15,0.00,735.7138348876384,ON,DEPLOYED,AUTO
19:42:06.364,0.21,-36.63,0.00,710.7434461056797,ON,DEPLOYED,AUTO
19:42:06.476,-0.29,-36.10,0.00,685.7462043035353,ON,DEPLOYED,AUTO
19:42:06.597,-0.78,-35.56,0.00,660.7845895673988,ON,DEPLOYED,AUTO
19:42:06.711,-1.28,-35.00,0.00,635.9209929343538,ON,DEPLOYED,AUTO
19:42:06.827,-1.78,-34.43,0.00,611.217560447272,ON,DEPLOYED,AUTO
19:42:06.944,-2.27,-33.84,0.00,193.36801891103661,ON,RETRACTED,AUTO
19:42:07.050,-2.75,-33.24,0.00,181.268808057795,ON,RETRACTED,AUTO
19:42:07.151,-3.23,-32.63,0.00,169.34138938989736,ON,RETRACTED,AUTO
19:42:07.253,-3.70,-32.00,0.00,157.61557524233405,ON,RETRACTED,AUTO
19:42:07.354,-4.16,-31.36,0.00,146.12067404378826,ON,RETRACTED,AUTO
19:42:07.456,-4.60,-30.71,0.00,134.8854170608277,ON,RETRACTED,AUTO
19:42:07.557,-5.04,-30.05,0.00,123.93788658470135,ON,RETRACTED,AUTO
19:42:07.657,-5.47,-29.37,0.00,113.30544574023597,ON,RETRACTED,AUTO
19:42:07.759,-5.88,-28.68,0.00,103.01467009227477,ON,RETRACTED,AUTO
19:42:07.860,-6.28,-27.98,0.00,93.09128122060557,ON,RETRACTED,AUTO
19:42:07.960,-6.66,-27.27,0.00,83.5600824294066,ON,RETRACTED,AUTO
19:42:08.062,-7.02,-26.55,0.00,74.44489675190374,ON,RETRACTED,AUTO
19:42:08.163,-7.37,-25.82,0.00,65.7685074051939,ON,RETRACTED,AUTO
19:42:08.264,-7.70,-25.08,0.00,57.55260084406788,ON,RETRACTED,AUTO
19:42:08.366,-8.01,-24.32,0.00,49.81771255616715,ON,RETRACTED,AUTO
19:42:08.465,-8.30,-23.56,0.00,42.583175733959706,ON,RETRACTED,AUTO
19:42:08.567,-8.57,-22.79,0.00,35.8670729518272,ON,RETRACTED,AUTO
19:42:08.667,-8.81,-22.01,0.00,29.686190969046407,ON,RETRACTED,AUTO
19:42:08.770,-9.04,-21.22,0.00,24.05597877163325,ON,RETRACTED,AUTO
19:42:08.870,-9.24,-20.42,0.00,18.990508957923595,ON,RETRACTED,AUTO
19:42:08.970,-9.42,-19.62,0.00,14.502442564406067,ON,RETRACTED,AUTO
19:42:09.072,-9.58,-18.80,0.00,10.602997419724744,ON,RETRACTED,AUTO
19:42:09.172,-9.71,-17.98,0.00,7.3019201059496766,ON,RETRACTED,AUTO
19:42:09.273,-9.82,-17.15,0.00,4.607461597197499,ON,RETRACTED,AUTO
19:42:09.373,-9.90,-16.32,0.00,2.52635663649329,ON,RETRACTED,AUTO
19:42:09.474,-9.96,-15.48,0.00,1.0638069024203105,ON,RETRACTED,AUTO
19:42:09.575,-9.99,-14.63,0.00,0.22346800763261854,ON,RETRACTED,AUTO
19:42:09.676,-10.00,-13.77,0.00,0.007440361727134359,ON,RETRACTED,AUTO
19:42:09.776,-9.98,-12.91,0.00,0.41626392131362877,ON,RETRACTED,AUTO
19:42:09.876,-9.94,-12.05,0.00,1.4489168404043369,ON,RETRACTED,AUTO
19:42:10.009,-9.88,-11.18,0.00,3.1028180244966848,ON,RETRACTED,AUTO
19:42:10.127,-9.79,-10.31,0.00,5.3738335819655845,ON,RETRACTED,AUTO
19:42:10.246,-9.67,-9.43,0.00,8.256287156639303,ON,RETRACTED,AUTO
19:42:10.370,-9.53,-8.55,0.00,11.742974115733944,ON,RETRACTED,AUTO
19:42:10.470,-9.37,-7.66,0.00,15.825179557683157,ON,RETRACTED,AUTO
19:42:10.571,-9.18,-6.77,0.00,20.49270009485349,ON,RETRACTED,AUTO
19:42:10.672,-8.97,-5.88,0.00,25.733869356699614,ON,RETRACTED,AUTO
19:42:10.773,-8.74,-4.99,0.00,31.535587149615054,ON,RETRACTED,AUTO
19:42:10.873,-8.48,-4.09,0.00,37.88335220059358,ON,RETRACTED,AUTO
19:42:10.974,-8.21,-3.20,0.00,44.76129840285981,ON,RETRACTED,AUTO
19:42:11.076,-7.91,-2.30,0.00,52.15223447287306,ON,RETRACTED,AUTO
19:42:11.176,-7.60,-1.40,0.00,60.03768691958331,ON,RETRACTED,AUTO
19:42:11.282,-7.26,-0.50,0.00,68.39794621853781,ON,RETRACTED,AUTO
19:42:11.384,-6.91,0.40,0.00,77.21211607542796,ON,RETRACTED,AUTO
19:42:11.485,-6.54,1.30,0.00,86.45816565594225,ON,RETRACTED,AUTO
19:42:11.585,-6.16,2.20,0.00,96.11298465137884,ON,RETRACTED,AUTO
19:42:11.685,-5.75,3.10,0.00,106.15244104238138,ON,RETRACTED,AUTO
19:42:11.786,-5.34,4.00,0.00,116.55144141642009,ON,RETRACTED,AUTO
19:42:11.887,-4.91,4.89,0.00,127.28399368825438,ON,RETRACTED,AUTO
19:42:11.987,-4.47,5.79,0.00,138.3232720666096,ON,RETRACTED,AUTO
19:42:12.088,-4.01,6.68,0.00,149.64168410468474,ON,RETRACTED,AUTO
19:42:12.189,-3.55,7.57,0.00,161.21093966689943,ON,RETRACTED,AUTO
19:42:12.290,-3.08,8.45,0.00,173.00212163949976,ON,RETRACTED,AUTO
19:42:12.390,-2.60,9.33,0.00,184.98575820828285,ON,RETRACTED,AUTO
19:42:12.491,-2.11,10.21,0.00,197.13189652278382,ON,RETRACTED,AUTO
19:42:12.591,-1.62,11.09,0.00,618.8203551256055,ON,DEPLOYED,AUTO
19:42:12.692,-1.13,11.96,0.00,643.579824040289,ON,DEPLOYED,AUTO
19:42:12.792,-0.63,12.82,0.00,668.4803140118133,ON,DEPLOYED,AUTO
19:42:12.893,-0.13,13.68,0.00,693.4595867831734,ON,DEPLOYED,AUTO
19:42:12.994,0.37,14.54,0.00,718.4552071813944,ON,DEPLOYED,AUTO
19:42:13.095,0.87,15.39,0.00,743.4046991729476,ON,DEPLOYED,AUTO
19:42:13.199,1.36,16.23,0.00,768.245702021298,ON,DEPLOYED,AUTO
19:42:13.299,1.86,17.06,0.00,792.9161261562685,ON,DEPLOYED,AUTO
19:42:13.399,2.35,17.89,0.00,817.3543083656298,ON,DEPLOYED,AUTO
19:42:13.500,2.83,18.72,0.00,841.499165921017,ON,DEPLOYED,AUTO
19:42:13.600,3.31,19.53,0.00,865.2903492529404,ON,DEPLOYED,AUTO
19:42:13.701,3.77,20.34,0.00,888.6683927932781,ON,DEPLOYED,AUTO
19:42:13.802,4.23,21.14,0.00,911.5748636082288,ON,DEPLOYED,AUTO
19:42:13.902,4.68,21.93,0.00,933.952507450214,ON,DEPLOYED,AUTO
19:42:14.002,5.11,22.71,0.00,955.74539186368,ON,DEPLOYED,AUTO
19:42:14.103,5.54,23.48,0.00,976.8990459871075,ON,DEPLOYED,AUTO
19:42:14.203,5.95,24.24,0.00,997.3605967017976,ON,DEPLOYED,AUTO
19:42:14.304,6.34,25.00,0.00,1017.0789007871329,ON,DEPLOYED,AUTO
19:42:14.404,6.72,25.74,0.00,1036.004672751994,ON,DEPLOYED,AUTO
19:42:14.504,7.08,26.47,0.00,1054.0906080228197,ON,DEPLOYED,AUTO
19:42:14.605,7.43,27.19,0.00,1071.291501180406,ON,DEPLOYED,AUTO
19:42:14.705,7.75,27.91,0.00,1087.5643589499102,ON,DEPLOYED,AUTO
19:42:14.806,8.06,28.61,0.00,1102.868507661649,ON,DEPLOYED,AUTO
19:42:14.907,8.34,29.30,0.00,1117.1656949140893,ON,DEPLOYED,AUTO
19:42:15.007,8.61,29.97,0.00,1130.4201851849307,ON,DEPLOYED,AUTO
19:42:15.108,8.85,30.64,0.00,1142.5988491513012,ON,DEPLOYED,AUTO
19:42:15.208,9.07,31.29,0.00,1153.6712464958102,ON,DEPLOYED,AUTO
19:42:15.309,9.27,31.93,0.00,1163.6097019914891,ON,DEPLOYED,AUTO
19:42:15.411,9.45,32.56,0.00,1172.3893746754466,ON,DEPLOYED,AUTO
19:42:15.512,9.60,33.17,0.00,1179.988319938337,ON,DEPLOYED,AUTO
19:42:15.612,9.73,33.78,0.00,1186.387544374458,ON,DEPLOYED,AUTO
19:42:15.712,9.83,34.36,0.00,1191.5710532553703,ON,DEPLOYED,AUTO
19:42:15.814,9.91,34.94,0.00,1195.5258905083908,ON,DEPLOYED,AUTO
19:42:15.915,9.96,35.50,0.00,1198.2421711000263,ON,DEPLOYED,AUTO
19:42:16.015,9.99,36.04,0.00,1199.7131057434094,ON,DEPLOYED,AUTO
19:42:16.117,10.00,36.58,0.00,1199.9350178679797,ON,DEPLOYED,AUTO
19:42:16.217,9.98,37.09,0.00,1198.9073528089948,ON,DEPLOYED,AUTO
19:42:16.318,9.93,37.59,0.00,1196.6326791939052,ON,DEPLOYED,AUTO
19:42:16.418,9.86,38.08,0.00,1193.1166825221212,ON,DEPLOYED,AUTO
19:42:16.518,9.77,38.55,0.00,1188.3681509542266,ON,DEPLOYED,AUTO
19:42:16.619,9.65,39.01,0.00,1182.3989533461543,ON,DEPLOYED,AUTO
19:42:16.720,9.50,39.45,0.00,1175.2240095832258,ON,DEPLOYED,AUTO
19:42:16.821,9.34,39.88,0.00,1166.8612532882107,ON,DEPLOYED,AUTO
19:42:16.921,9.15,40.28,0.00,1157.331586996607,ON,DEPLOYED,AUTO
19:42:17.021,8.93,40.68,0.00,1146.6588299111897,ON,DEPLOYED,AUTO
19:42:17.122,8.70,41.05,0.00,1134.8696583664084,ON,DEPLOYED,AUTO
19:42:17.222,8.44,41.41,0.00,1121.9935391514432,ON,DEPLOYED,AUTO
19:42:17.323,8.16,41.76,0.00,1108.0626558585784,ON,DEPLOYED,AUTO
19:42:17.424,7.86,42.09,0.00,1093.1118284409827,ON,DEPLOYED,AUTO
19:42:17.525,7.54,42.40,0.00,1077.1784261809603,ON,DEPLOYED,AUTO
19:42:17.626,7.21,42.69,0.00,1060.3022742862054,ON,DEPLOYED,AUTO
19:42:17.727,6.85,42.97,0.00,1042.5255543475255,ON,DEPLOYED,AUTO
19:42:17.827,6.48,43.22,0.00,1023.8926989068311,ON,DEPLOYED,AUTO
19:42:17.928,6.09,43.47,0.00,1004.4502803989204,ON,DEPLOYED,AUTO
19:42:18.029,5.68,43.69,0.00,984.246894744648,ON,DEPLOYED,AUTO
19:42:18.131,5.27,43.90,0.00,963.3330398864298,ON,DEPLOYED,AUTO
19:42:18.231,4.84,44.09,0.00,941.7609895696868,ON,DEPLOYED,AUTO
19:42:18.331,4.39,44.26,0.00,919.5846626857046,ON,DEPLOYED,AUTO
19:42:18.432,3.94,44.41,0.00,896.8594885024859,ON,DEPLOYED,AUTO
19:42:18.532,3.47,44.55,0.00,873.642268120447,ON,DEPLOYED,AUTO
19:42:18.634,3.00,44.67,0.00,849.9910324992491,ON,DEPLOYED,AUTO
19:42:18.735,2.52,44.77,0.00,825.9648974106199,ON,DEPLOYED,AUTO
19:42:18.835,2.03,44.85,0.00,801.6239156797124,ON,DEPLOYED,AUTO
19:42:18.936,1.54,44.91,0.00,777.0289270843158,ON,DEPLOYED,AUTO
19:42:19.036,1.04,44.96,0.00,752.2414062870969,ON,DEPLOYED,AUTO
19:42:19.137,0.55,44.99,0.00,727.3233091809576,ON,DEPLOYED,AUTO
19:42:19.240,0.05,45.00,0.00,702.3369180315699,ON,DEPLOYED,AUTO
19:42:19.341,-0.45,44.99,0.00,677.3446858041466,ON,DEPLOYED,AUTO
19:42:19.442,-0.95,44.97,0.00,652.4090800635537,ON,DEPLOYED,AUTO
19:42:19.544,-1.45,44.92,0.00,627.5924268379308,ON,DEPLOYED,AUTO
19:42:19.643,-1.94,44.86,0.00,602.9567548360794,ON,DEPLOYED,AUTO
19:42:19.745,-2.43,44.78,0.00,189.28182020399717,ON,RETRACTED,AUTO
19:42:19.847,-2.91,44.69,0.00,177.237026818029,ON,RETRACTED,AUTO
19:42:19.947,-3.39,44.57,0.00,165.37410297079322,ON,RETRACTED,AUTO
19:42:20.047,-3.85,44.44,0.00,153.7226997938168,ON,RETRACTED,AUTO
19:42:20.147,-4.31,44.29,0.00,142.31193972710884,ON,RETRACTED,AUTO
19:42:20.248,-4.75,44.12,0.00,131.1703437282275,ON,RETRACTED,AUTO
19:42:20.348,-5.19,43.93,0.00,120.32575998473905,ON,RETRACTED,AUTO
19:42:20.451,-5.61,43.73,0.00,109.80529430825243,ON,RETRACTED,AUTO
19:42:20.551,-6.01,43.51,0.00,99.63524238400638,ON,RETRACTED,AUTO
19:42:20.651,-6.41,43.27,0.00,89.8410240453511,ON,RETRACTED,AUTO
19:42:20.752,-6.78,43.01,0.00,80.44711973740306,ON,RETRACTED,AUTO
19:42:20.852,-7.14,42.74,0.00,71.47700932868156,ON,RETRACTED,AUTO
19:42:20.952,-7.48,42.45,0.00,62.95311342366534,ON,RETRACTED,AUTO
19:42:21.053,-7.80,42.14,0.00,54.896737322957904,ON,RETRACTED,AUTO
19:42:21.155,-8.11,41.82,0.00,47.32801777113164,ON,RETRACTED,AUTO
19:42:21.255,-8.39,41.48,0.00,40.26587262535327,ON,RETRACTED,AUTO
19:42:21.356,-8.65,41.12,0.00,33.727953570593286,ON,RETRACTED,AUTO
19:42:21.457,-8.89,40.75,0.00,27.730601999606336,ON,RETRACTED,AUTO
19:42:21.558,-9.11,40.36,0.00,22.288808167959616,ON,RETRACTED,AUTO
19:42:21.658,-9.30,39.95,0.00,17.416173726200896,ON,RETRACTED,AUTO
19:42:21.758,-9.48,39.53,0.00,13.12487772281574,ON,RETRACTED,AUTO
19:42:21.860,-9.62,39.09,0.00,9.42564616294888,ON,RETRACTED,AUTO
19:42:21.960,-9.75,38.64,0.00,6.327725198977532,ON,RETRACTED,AUTO
19:42:22.060,-9.85,38.17,0.00,3.8388580199456612,ON,RETRACTED,AUTO
19:42:22.161,-9.92,37.69,0.00,1.9652654976238466,ON,RETRACTED,AUTO
19:42:22.262,-9.97,37.19,0.00,0.7116306375698684,ON,RETRACTED,AUTO
19:42:22.363,-10.00,36.67,0.00,0.0810868740534545,ON,RETRACTED,AUTO
19:42:22.463,-10.00,36.14,0.00,0.07521023810252814,ON,RETRACTED,AUTO
19:42:22.565,-9.97,35.60,0.00,0.6940154182465506,ON,RETRACTED,AUTO
19:42:22.665,-9.92,35.04,0.00,1.9359557238025502,ON,RETRACTED,AUTO
19:42:22.766,-9.85,34.47,0.00,3.7979269507966933,ON,RETRACTED,AUTO
19:42:22.867,-9.75,33.89,0.00,6.27527514085736,ON,RETRACTED,AUTO
19:42:22.967,-9.63,33.29,0.00,9.361808213687254,ON,RETRACTED,AUTO
19:42:23.068,-9.48,32.68,0.00,13.049811444039676,ON,RETRACTED,AUTO
19:42:23.168,-9.31,32.05,0.00,17.33006674451363,ON,RETRACTED,AUTO
19:42:23.269,-9.11,31.41,0.00,22.191875705971682,ON,RETRACTED,AUTO
19:42:23.371,-8.90,30.76,0.00,27.623086337991225,ON,RETRACTED,AUTO
19:42:23.474,-8.66,30.10,0.00,33.61012344251205,ON,RETRACTED,AUTO
19:42:23.575,-8.39,29.42,0.00,40.1380225447613,ON,RETRACTED,AUTO
19:42:23.675,-8.11,28.74,0.00,47.19046729664737,ON,RETRACTED,AUTO
19:42:23.775,-7.81,28.04,0.00,54.749830259132665,ON,RETRACTED,AUTO
19:42:23.876,-7.49,27.33,0.00,62.797216961650975,ON,RETRACTED,AUTO
19:42:23.976,-7.15,26.61,0.00,71.31251312844381,ON,RETRACTED,AUTO
19:42:24.077,-6.79,25.88,0.00,80.27443495377457,ON,RETRACTED,AUTO
19:42:24.177,-6.41,25.14,0.00,89.66058230035841,ON,RETRACTED,AUTO
19:42:24.279,-6.02,24.38,0.00,99.44749468803977,ON,RETRACTED,AUTO
19:42:24.381,-5.62,23.62,0.00,109.61070993277465,ON,RETRACTED,AUTO
19:42:24.481,-5.20,22.85,0.00,120.12482528935129,ON,RETRACTED,AUTO
19:42:24.581,-4.76,22.07,0.00,130.96356094502343,ON,RETRACTED,AUTO
19:42:24.685,-4.32,21.28,0.00,142.09982570535612,ON,RETRACTED,AUTO
19:42:24.789,-3.86,20.49,0.00,153.50578470810288,ON,RETRACTED,AUTO
19:42:24.889,-3.39,19.68,0.00,165.15292899586527,ON,RETRACTED,AUTO
19:42:24.989,-2.92,18.87,0.00,177.01214677363916,ON,RETRACTED,AUTO
19:42:25.090,-2.44,18.05,0.00,189.05379617314114,ON,RETRACTED,AUTO
19:42:25.191,-1.95,17.22,0.00,602.495558684084,ON,DEPLOYED,AUTO
19:42:25.294,-1.46,16.38,0.00,627.1272353458457,ON,DEPLOYED,AUTO
19:42:25.395,-0.96,15.54,0.00,651.9410559678422,ON,DEPLOYED,AUTO
19:42:25.495,-0.46,14.70,0.00,676.8749989213056,ON,DEPLOYED,AUTO
19:42:25.596,0.04,13.84,0.00,701.8667423341984,ON,DEPLOYED,AUTO
19:42:25.696,0.54,12.98,0.00,726.8538198634363,ON,DEPLOYED,AUTO
19:42:25.798,1.04,12.12,0.00,751.7737768282142,ON,DEPLOYED,AUTO
19:42:25.897,1.53,11.25,0.00,776.5643263141824,ON,DEPLOYED,AUTO
19:42:25.998,2.02,10.38,0.00,801.1635048582939,ON,DEPLOYED,AUTO
19:42:26.098,2.51,9.50,0.00,825.5098273251929,ON,DEPLOYED,AUTO
19:42:26.202,2.99,8.62,0.00,849.542440588031,ON,DEPLOYED,AUTO
19:42:26.307,3.46,7.73,0.00,873.2012756295939,ON,DEPLOYED,AUTO
19:42:26.406,3.93,6.84,0.00,896.4271976835603,ON,DEPLOYED,AUTO
19:42:26.507,4.38,5.95,0.00,919.1621540406212,ON,DEPLOYED,AUTO
19:42:26.608,4.83,5.06,0.00,941.34931915002,ON,DEPLOYED,AUTO
19:42:26.714,5.26,4.16,0.00,962.9332366538351,ON,DEPLOYED,AUTO
19:42:26.819,5.68,3.27,0.00,983.8599579989932,ON,DEPLOYED,AUTO
19:42:26.921,6.08,2.37,0.00,1004.0771772805572,ON,DEPLOYED,AUTO
19:42:27.022,6.47,1.47,0.00,1023.5343619792468,ON,DEPLOYED,AUTO
19:42:27.127,6.84,0.57,0.00,1042.182879266421,ON,DEPLOYED,AUTO
19:42:27.227,7.20,-0.33,0.00,1059.9761175608214,ON,DEPLOYED,AUTO
19:42:27.328,7.54,-1.23,0.00,1076.8696030332512,ON,DEPLOYED,AUTO
19:42:27.430,7.86,-2.13,0.00,1092.8211107679863,ON,DEPLOYED,AUTO
19:42:27.530,8.16,-3.03,0.00,1107.790770303074,ON,DEPLOYED,AUTO
19:42:27.631,8.43,-3.93,0.00,1121.7411652857243,ON,DEPLOYED,AUTO
19:42:27.731,8.69,-4.82,0.00,1134.6374269937055,ON,DEPLOYED,AUTO
19:42:27.832,8.93,-5.71,0.00,1146.4473214889908,ON,DEPLOYED,AUTO
19:42:27.934,9.14,-6.61,0.00,1157.141330185816,ON,DEPLOYED,AUTO
19:42:28.034,9.33,-7.49,0.00,1166.692723631771,ON,DEPLOYED,AUTO
19:42:28.135,9.50,-8.38,0.00,1175.07762831751,ON,DEPLOYED,AUTO
19:42:28.238,9.65,-9.26,0.00,1182.2750863480924,ON,DEPLOYED,AUTO
19:42:28.339,9.77,-10.14,0.00,1188.2671078268056,ON,DEPLOYED,AUTO
19:42:28.439,9.86,-11.02,0.00,1193.0387158205372,ON,DEPLOYED,AUTO
19:42:28.540,9.93,-11.89,0.00,1196.5779837943078,ON,DEPLOYED,AUTO
19:42:28.640,9.98,-12.75,0.00,1198.8760654213984,ON,DEPLOYED,AUTO
19:42:28.742,10.00,-13.61,0.00,1199.9272166945586,ON,DEPLOYED,AUTO
19:42:28.842,9.99,-14.47,0.00,1199.728810283035,ON,DEPLOYED,AUTO
19:42:28.943,9.97,-15.32,0.00,1198.281342099528,ON,DEPLOYED,AUTO
19:42:29.043,9.91,-16.16,0.00,1195.5884300606697,ON,DEPLOYED,AUTO
19:42:29.144,9.83,-17.00,0.00,1191.6568050441158,ON,DEPLOYED,AUTO
19:42:29.245,9.73,-17.83,0.00,1186.4962940648568,ON,DEPLOYED,AUTO
19:42:29.345,9.60,-18.65,0.00,1180.119795712799,ON,DEPLOYED,AUTO
19:42:29.445,9.45,-19.47,0.00,1172.5432479130066,ON,DEPLOYED,AUTO
19:42:29.546,9.28,-20.27,0.00,1163.785588089189,ON,DEPLOYED,AUTO
19:42:29.646,9.08,-21.07,0.00,1153.8687058300054,ON,DEPLOYED,AUTO
19:42:29.747,8.86,-21.86,0.00,1142.8173881764912,ON,DEPLOYED,AUTO
19:42:29.848,8.61,-22.65,0.00,1130.6592576673654,ON,DEPLOYED,AUTO
19:42:29.950,8.35,-23.42,0.00,1117.4247032970688,ON,DEPLOYED,AUTO
19:42:30.052,8.06,-24.18,0.00,1103.1468045591055,ON,DEPLOYED,AUTO
19:42:30.152,7.76,-24.94,0.00,1087.8612487645337,ON,DEPLOYED,AUTO
19:42:30.253,7.43,-25.68,0.00,1071.6062418422773,ON,DEPLOYED,AUTO
19:42:30.353,7.09,-26.41,0.00,1054.422412844198,ON,DEPLOYED,AUTO
19:42:30.453,6.73,-27.14,0.00,1036.3527123936265,ON,DEPLOYED,AUTO
19:42:30.558,6.35,-27.85,0.00,1017.4423053311709,ON,DEPLOYED,AUTO
19:42:30.661,5.95,-28.55,0.00,997.7384578261384,ON,DEPLOYED,AUTO
19:42:30.761,5.55,-29.24,0.00,977.2904192357266,ON,DEPLOYED,AUTO
19:42:30.861,5.12,-29.92,0.00,956.1492990072791,ON,DEPLOYED,AUTO
19:42:30.962,4.69,-30.59,0.00,934.3679389312848,ON,DEPLOYED,AUTO
19:42:31.064,4.24,-31.24,0.00,912.0007810644212,ON,DEPLOYED,AUTO
19:42:31.166,3.78,-31.88,0.00,889.1037316527652,ON,DEPLOYED,AUTO
19:42:31.268,3.31,-32.51,0.00,865.7340213952934,ON,DEPLOYED,AUTO
19:42:31.369,2.84,-33.13,0.00,841.9500623969402,ON,DEPLOYED,AUTO
19:42:31.469,2.36,-33.73,0.00,817.8113021687554,ON,DEPLOYED,AUTO
19:42:31.569,1.87,-34.32,0.00,793.3780750400869,ON,DEPLOYED,AUTO
19:42:31.669,1.37,-34.89,0.00,768.7114513541777,ON,DEPLOYED,AUTO
19:42:31.771,0.88,-35.45,0.00,743.873084824114,ON,DEPLOYED,AUTO
19:42:31.872,0.38,-36.00,0.00,718.92505843065,ON,DEPLOYED,AUTO
19:42:31.971,-0.12,-36.53,0.00,693.929729247089,ON,DEPLOYED,AUTO
19:42:32.075,-0.62,-37.05,0.00,668.9495725790746,ON,DEPLOYED,AUTO
19:42:32.175,-1.12,-37.56,0.00,644.0470258088628,ON,DEPLOYED,AUTO
19:42:32.276,-1.61,-38.04,0.00,619.2843323343844,ON,DEPLOYED,AUTO
19:42:32.376,-2.11,-38.52,0.00,197.3616929965822,ON,RETRACTED,AUTO
19:42:32.476,-2.59,-38.97,0.00,185.21278817998135,ON,RETRACTED,AUTO
19:42:32.577,-3.07,-39.42,0.00,173.22581765240403,ON,RETRACTED,AUTO
19:42:32.677,-3.54,-39.84,0.00,161.43074259747584,ON,RETRACTED,AUTO
19:42:32.778,-4.01,-40.25,0.00,149.85704456007804,ON,RETRACTED,AUTO
19:42:32.879,-4.46,-40.65,0.00,138.5336517578388,ON,RETRACTED,AUTO
19:42:32.979,-4.90,-41.03,0.00,127.48886677565507,ON,RETRACTED,AUTO
19:42:33.080,-5.33,-41.39,0.00,116.7502958239696,ON,RETRACTED,AUTO
19:42:33.182,-5.75,-41.73,0.00,106.34477973762219,ON,RETRACTED,AUTO
19:42:33.282,-6.15,-42.06,0.00,96.29832688774087,ON,RETRACTED,AUTO
19:42:33.384,-6.53,-42.37,0.00,86.63604817435905,ON,RETRACTED,AUTO
19:42:33.485,-6.90,-42.67,0.00,77.38209426224282,ON,RETRACTED,AUTO
19:42:33.585,-7.26,-42.94,0.00,68.55959521680666,ON,RETRACTED,AUTO
19:42:33.685,-7.59,-43.20,0.00,60.19060269099563,ON,RETRACTED,AUTO
19:42:33.787,-7.91,-43.45,0.00,52.29603480763737,ON,RETRACTED,AUTO
19:42:33.888,-8.20,-43.67,0.00,44.89562387502892,ON,RETRACTED,AUTO
19:42:33.991,-8.48,-43.88,0.00,38.0078670664424,ON,RETRACTED,AUTO
19:42:34.093,-8.73,-44.07,0.00,31.649980186825047,ON,RETRACTED,AUTO
19:42:34.193,-8.97,-44.24,0.00,25.837854642252523,ON,RETRACTED,AUTO
19:42:34.294,-9.18,-44.40,0.00,20.586017719689863,ON,RETRACTED,AUTO
19:42:34.394,-9.36,-44.54,0.00,15.90759627633986,ON,RETRACTED,AUTO
19:42:34.496,-9.53,-44.66,0.00,11.814283929336113,ON,RETRACTED,AUTO
19:42:34.596,-9.67,-44.76,0.00,8.316311827790344,ON,RETRACTED,AUTO
19:42:34.697,-9.78,-44.84,0.00,5.422423080247881,ON,RETRACTED,AUTO
19:42:34.797,-9.87,-44.91,0.00,3.13985090146943,ON,RETRACTED,AUTO
19:42:34.899,-9.94,-44.96,0.00,1.474300533161454,ON,RETRACTED,AUTO
19:42:34.999,-9.98,-44.99,0.00,0.4299349838427986,ON,RETRACTED,AUTO
19:42:35.100,-10.00,-45.00,0.00,0.009364623491791235,ON,RETRACTED,AUTO
19:42:35.200,-9.99,-44.99,0.00,0.21364065898046647,ON,RETRACTED,AUTO
19:42:35.301,-9.96,-44.97,0.00,1.042252506605024,ON,RETRACTED,AUTO
19:42:35.405,-9.90,-44.93,0.00,2.493129068279046,ON,RETRACTED,AUTO
19:42:35.570,-9.82,-44.87,0.00,4.562643908200329,ON,RETRACTED,AUTO
19:42:35.680,-9.71,-44.79,0.00,7.2456243170514085,ON,RETRACTED,AUTO
19:42:35.782,-9.58,-44.69,0.00,10.535364241079407,ON,RETRACTED,AUTO
19:42:35.892,-9.42,-44.58,0.00,14.423641043737518,ON,RETRACTED,AUTO
19:42:35.999,-9.24,-44.45,0.00,18.90073605799452,ON,RETRACTED,AUTO
19:42:36.100,-9.04,-44.30,0.00,23.955458877940657,ON,RETRACTED,AUTO
19:42:36.210,-8.82,-44.13,0.00,29.57517532897475,ON,RETRACTED,AUTO
19:42:36.347,-8.57,-43.95,0.00,35.74583904666085,ON,RETRACTED,AUTO
19:42:36.471,-8.30,-43.75,0.00,42.45202658532415,ON,RETRACTED,AUTO
19:42:36.573,-8.01,-43.53,0.00,49.67697596863289,ON,RETRACTED,AUTO
19:42:36.740,-7.70,-43.29,0.00,57.40262858580951,ON,RETRACTED,AUTO
19:42:36.924,-7.38,-43.04,0.00,65.60967432875304,ON,RETRACTED,AUTO
19:42:37.030,-7.03,-42.76,0.00,74.2775998572528,ON,RETRACTED,AUTO
19:42:37.131,-6.66,-42.48,0.00,83.38473987165571,ON,RETRACTED,AUTO
19:42:37.233,-6.28,-42.17,0.00,92.90833126483241,ON,RETRACTED,AUTO
19:42:37.337,-5.89,-41.85,0.00,102.82457001809036,ON,RETRACTED,AUTO
19:42:37.448,-5.48,-41.51,0.00,113.10867069882352,ON,RETRACTED,AUTO
19:42:37.554,-5.05,-41.15,0.00,123.73492841118593,ON,RETRACTED,AUTO
19:42:37.663,-4.61,-40.78,0.00,134.6767830449446,ON,RETRACTED,AUTO
19:42:37.766,-4.16,-40.39,0.00,145.90688566192262,ON,RETRACTED,AUTO
19:42:37.870,-3.70,-39.99,0.00,157.39716685410173,ON,RETRACTED,AUTO
19:42:37.970,-3.24,-39.57,0.00,169.11890690252403,ON,RETRACTED,AUTO
19:42:38.070,-2.76,-39.13,0.00,181.04280756163251,ON,RETRACTED,AUTO
19:42:38.171,-2.27,-38.68,0.00,193.13906528962656,ON,RETRACTED,AUTO
19:42:38.272,-1.78,-38.21,0.00,610.7548914835904,ON,DEPLOYED,AUTO
19:42:38.373,-1.29,-37.73,0.00,635.4547186812663,ON,DEPLOYED,AUTO
19:42:38.474,-0.79,-37.23,0.00,660.3158754677077,ON,DEPLOYED,AUTO
19:42:38.575,-0.29,-36.71,0.00,685.2762218983878,ON,DEPLOYED,AUTO
19:42:38.675,0.21,-36.19,0.00,710.2733701063269,ON,DEPLOYED,AUTO
19:42:38.777,0.70,-35.64,0.00,735.2448402392675,ON,DEPLOYED,AUTO
19:42:38.876,1.20,-35.09,0.00,760.1282166267675,ON,DEPLOYED,AUTO
19:42:38.978,1.70,-34.52,0.00,784.8613037868693,ON,DEPLOYED,AUTO
19:42:39.078,2.19,-33.93,0.00,809.382281882415,ON,DEPLOYED,AUTO
19:42:39.179,2.67,-33.34,0.00,833.6298612384439,ON,DEPLOYED,AUTO
19:42:39.280,3.15,-32.72,0.00,857.5434355344607,ON,DEPLOYED,AUTO
19:42:39.380,3.62,-32.10,0.00,881.0632332886737,ON,DEPLOYED,AUTO
19:42:39.481,4.08,-31.46,0.00,904.1304672555707,ON,DEPLOYED,AUTO
19:42:39.582,4.53,-30.81,0.00,926.6874813634173,ON,DEPLOYED,AUTO
19:42:39.682,4.97,-30.15,0.00,948.6778948244093,ON,DEPLOYED,AUTO
19:42:39.783,5.40,-29.48,0.00,970.0467430572799,ON,DEPLOYED,AUTO
19:42:39.883,5.81,-28.79,0.00,990.7406150701274,ON,DEPLOYED,AUTO
19:42:39.983,6.21,-28.09,0.00,1010.7077869600798,ON,DEPLOYED,AUTO
19:42:40.084,6.60,-27.39,0.00,1029.8983511961135,ON,DEPLOYED,AUTO
19:42:40.184,6.97,-26.67,0.00,1048.2643413618912,ON,DEPLOYED,AUTO
19:42:40.286,7.32,-25.94,0.00,1065.7598520468205,ON,DEPLOYED,AUTO
19:42:40.387,7.65,-25.20,0.00,1082.3411535856749,ON,DEPLOYED,AUTO
19:42:40.487,7.96,-24.44,0.00,1097.9668013599814,ON,DEPLOYED,AUTO
19:42:40.588,8.25,-23.68,0.00,1112.5977393879846,ON,DEPLOYED,AUTO
19:42:40.690,8.52,-22.91,0.00,1126.1973979442591,ON,DEPLOYED,AUTO
19:42:40.790,8.77,-22.14,0.00,1138.7317849649794,ON,DEPLOYED,AUTO
19:42:40.891,9.00,-21.35,0.00,1150.1695710103759,ON,DEPLOYED,AUTO
19:42:40.992,9.21,-20.55,0.00,1160.4821675720186,ON,DEPLOYED,AUTO
19:42:41.093,9.39,-19.75,0.00,1169.6437985292,ON,DEPLOYED,AUTO
19:42:41.194,9.55,-18.93,0.00,1177.631564575812,ON,DEPLOYED,AUTO
19:42:41.294,9.69,-18.11,0.00,1184.4255004566862,ON,DEPLOYED,AUTO
19:42:41.395,9.80,-17.29,0.00,1190.0086248703333,ON,DEPLOYED,AUTO
19:42:41.495,9.89,-16.45,0.00,1194.3669829133544,ON,DEPLOYED,AUTO
19:42:41.596,9.95,-15.61,0.00,1197.4896809604309,ON,DEPLOYED,AUTO
19:42:41.697,9.99,-14.76,0.00,1199.3689138927145,ON,DEPLOYED,AUTO
19:42:41.803,10.00,-13.91,0.00,1199.9999846065602,ON,DEPLOYED,AUTO
19:42:41.909,9.99,-13.05,0.00,1199.3813157538386,ON,DEPLOYED,AUTO
19:42:42.008,9.95,-12.19,0.00,1197.5144536844853,ON,DEPLOYED,AUTO
19:42:42.109,9.89,-11.32,0.00,1194.4040645814302,ON,DEPLOYED,AUTO
19:42:42.210,9.80,-10.45,0.00,1190.057922797572,ON,DEPLOYED,AUTO
19:42:42.310,9.69,-9.57,0.00,1184.4868914239437,ON,DEPLOYED,AUTO
19:42:42.411,9.55,-8.69,0.00,1177.704895137642,ON,DEPLOYED,AUTO
19:42:42.511,9.39,-7.80,0.00,1169.7288853973878,ON,DEPLOYED,AUTO
19:42:42.612,9.21,-6.91,0.00,1160.578798073706,ON,DEPLOYED,AUTO
19:42:42.712,9.01,-6.02,0.00,1150.2775036196326,ON,DEPLOYED,AUTO
19:42:42.813,8.78,-5.13,0.00,1138.8507499064926,ON,DEPLOYED,AUTO
19:42:42.913,8.53,-4.24,0.00,1126.327097867631,ON,DEPLOYED,AUTO
19:42:43.015,8.25,-3.34,0.00,1112.737850110953,ON,DEPLOYED,AUTO
19:42:43.115,7.96,-2.44,0.00,1098.1169726787073,ON,DEPLOYED,AUTO
19:42:43.215,7.65,-1.54,0.00,1082.5010101500689,ON,DEPLOYED,AUTO
19:42:43.317,7.32,-0.64,0.00,1065.9289942987234,ON,DEPLOYED,AUTO
19:42:43.417,6.97,0.26,0.00,1048.4423465337609,ON,DEPLOYED,AUTO
19:42:43.518,6.60,1.16,0.00,1030.0847743677239,ON,DEPLOYED,AUTO
19:42:43.618,6.22,2.06,0.00,1010.9021621705888,ON,DEPLOYED,AUTO
19:42:43.719,5.82,2.96,0.00,990.9424564827375,ON,DEPLOYED,AUTO
19:42:43.822,5.41,3.85,0.00,970.2555461735765,ON,DEPLOYED,AUTO
19:42:43.923,4.98,4.75,0.00,948.8931377453442,ON,DEPLOYED,AUTO
19:42:44.023,4.54,5.64,0.00,926.9086260937845,ON,DEPLOYED,AUTO
19:42:44.124,4.09,6.54,0.00,904.3569610487143,ON,DEPLOYED,AUTO
19:42:44.226,3.63,7.42,0.00,881.2945100280665,ON,DEPLOYED,AUTO
19:42:44.327,3.16,8.31,0.00,857.7789171487009,ON,DEPLOYED,AUTO
19:42:44.427,2.68,9.19,0.00,833.8689591461323,ON,DEPLOYED,AUTO
19:42:44.528,2.19,10.07,0.00,809.624398463302,ON,DEPLOYED,AUTO
19:42:44.628,1.70,10.95,0.00,785.1058338755946,ON,DEPLOYED,AUTO
19:42:44.729,1.21,11.82,0.00,760.3745490254582,ON,DEPLOYED,AUTO
19:42:44.829,0.71,12.68,0.00,735.4923592452144,ON,DEPLOYED,AUTO
19:42:44.929,0.21,13.55,0.00,710.5214570509202,ON,DEPLOYED,AUTO
19:42:45.031,-0.29,14.40,0.00,685.5242566934674,ON,DEPLOYED,AUTO
19:42:45.130,-0.79,15.25,0.00,660.5632381554599,ON,DEPLOYED,AUTO
19:42:45.231,-1.29,16.09,0.00,635.7007909837959,ON,DEPLOYED,AUTO
19:42:45.332,-1.78,16.93,0.00,610.9990583482928,ON,DEPLOYED,AUTO
19:42:45.432,-2.27,17.76,0.00,193.25989085806313,ON,RETRACTED,AUTO
19:42:45.534,-2.75,18.58,0.00,181.1620732651581,ON,RETRACTED,AUTO
19:42:45.634,-3.23,19.40,0.00,169.2363146389922,ON,RETRACTED,AUTO
19:42:45.735,-3.70,20.21,0.00,157.51242316531608,ON,RETRACTED,AUTO
19:42:45.835,-4.16,21.01,0.00,146.01970246712943,ON,RETRACTED,AUTO
19:42:45.937,-4.61,21.80,0.00,134.78687836088477,ON,RETRACTED,AUTO
19:42:46.037,-5.05,22.58,0.00,123.84202705690609,ON,RETRACTED,AUTO
19:42:46.140,-5.47,23.36,0.00,113.21250498348522,ON,RETRACTED,AUTO
19:42:46.240,-5.88,24.12,0.00,102.92488041005788,ON,RETRACTED,AUTO
19:42:46.341,-6.28,24.88,0.00,93.00486704036643,ON,RETRACTED,AUTO
19:42:46.441,-6.66,25.62,0.00,83.4772597415922,ON,RETRACTED,AUTO
19:42:46.542,-7.03,26.36,0.00,74.36587257010041,ON,RETRACTED,AUTO
19:42:46.643,-7.37,27.08,0.00,65.69347924870118,ON,RETRACTED,AUTO
19:42:46.743,-7.70,27.79,0.00,57.48175624420301,ON,RETRACTED,AUTO
19:42:46.844,-8.01,28.50,0.00,49.75122858753471,ON,RETRACTED,AUTO
19:42:46.944,-8.30,29.19,0.00,42.52121857185705,ON,RETRACTED,AUTO
19:42:47.045,-8.57,29.87,0.00,35.80979745689294,ON,RETRACTED,AUTO
19:42:47.145,-8.81,30.53,0.00,29.6337403001894,ON,RETRACTED,AUTO
19:42:47.246,-9.04,31.19,0.00,24.008484028209836,ON,RETRACTED,AUTO
19:42:47.347,-9.24,31.83,0.00,18.948088852057538,ON,RETRACTED,AUTO
19:42:47.449,-9.42,32.46,0.00,14.46520312427009,ON,RETRACTED,AUTO
19:42:47.549,-9.58,33.08,0.00,10.571031724525284,ON,RETRACTED,AUTO
19:42:47.651,-9.71,33.68,0.00,7.275308053277286,ON,RETRACTED,AUTO
19:42:47.751,-9.82,34.27,0.00,4.586269703324575,ON,RETRACTED,AUTO
19:42:47.851,-9.90,34.85,0.00,2.510637870117961,ON,RETRACTED,AUTO
19:42:47.952,-9.96,35.41,0.00,1.0536005522723713,ON,RETRACTED,AUTO
19:42:48.055,-9.99,35.96,0.00,0.2187995842720909,ON,RETRACTED,AUTO
19:42:48.156,-10.00,36.49,0.00,0.00832153378112821,ON,RETRACTED,AUTO
19:42:48.256,-9.98,37.01,0.00,0.42269248631095024,ON,RETRACTED,AUTO
19:42:48.357,-9.94,37.52,0.00,1.4608767302803756,ON,RETRACTED,AUTO
19:42:48.457,-9.88,38.01,0.00,3.120279345755364,ON,RETRACTED,AUTO
19:42:48.558,-9.78,38.48,0.00,5.396752690397449,ON,RETRACTED,AUTO
19:42:48.658,-9.67,38.94,0.00,8.284606766409297,ON,RETRACTED,AUTO
19:42:48.758,-9.53,39.38,0.00,11.776623442566205,ON,RETRACTED,AUTO
19:42:48.860,-9.37,39.81,0.00,15.864074495784848,ON,RETRACTED,AUTO
19:42:48.961,-9.18,40.22,0.00,20.536743427135406,ON,RETRACTED,AUTO
19:42:49.061,-8.97,40.62,0.00,25.78295099776841,ON,RETRACTED,AUTO
19:42:49.161,-8.74,41.00,0.00,31.5895844209293,ON,RETRACTED,AUTO
19:42:49.263,-8.48,41.36,0.00,37.9421301370962,ON,RETRACTED,AUTO
19:42:49.363,-8.21,41.71,0.00,44.82471009032051,ON,RETRACTED,AUTO
19:42:49.465,-7.91,42.03,0.00,52.220121415097395,ON,RETRACTED,AUTO
19:42:49.567,-7.60,42.35,0.00,60.10987943457047,ON,RETRACTED,AUTO
19:42:49.668,-7.26,42.64,0.00,68.4742638625975,ON,RETRACTED,AUTO
19:42:49.768,-6.91,42.92,0.00,77.29236809419552,ON,RETRACTED,AUTO
19:42:49.869,-6.54,43.18,0.00,86.54215146116516,ON,RETRACTED,AUTO
19:42:49.970,-6.15,43.43,0.00,96.20049432228299,ON,RETRACTED,AUTO
19:42:50.071,-5.75,43.66,0.00,106.24325585036374,ON,RETRACTED,AUTO
19:42:50.171,-5.33,43.87,0.00,116.64533437175612,ON,RETRACTED,AUTO
19:42:50.272,-4.90,44.06,0.00,127.3807301074542,ON,RETRACTED,AUTO
19:42:50.373,-4.46,44.23,0.00,138.4226101590046,ON,RETRACTED,AUTO
19:42:50.474,-4.01,44.39,0.00,149.74337557677816,ON,RETRACTED,AUTO
19:42:50.577,-3.55,44.53,0.00,161.31473034297096,ON,RETRACTED,AUTO
19:42:50.680,-3.08,44.65,0.00,173.10775209691235,ON,RETRACTED,AUTO
19:42:50.780,-2.60,44.75,0.00,185.09296442590426,ON,RETRACTED,AUTO
19:42:50.881,-2.11,44.84,0.00,197.2404105409019,ON,RETRACTED,AUTO
19:42:50.981,-1.62,44.90,0.00,619.0394563057705,ON,DEPLOYED,AUTO
19:42:51.082,-1.12,44.95,0.00,643.800450725538,ON,DEPLOYED,AUTO
19:42:51.183,-0.63,44.99,0.00,668.7019147503333,ON,DEPLOYED,AUTO
19:42:51.283,-0.13,45.00,0.00,693.6816076885257,ON,DEPLOYED,AUTO
19:42:51.385,0.37,44.99,0.00,718.6770933169418,ON,DEPLOYED,AUTO
19:42:51.484,0.87,44.97,0.00,743.6258959389072,ON,DEPLOYED,AUTO
19:42:51.585,1.37,44.93,0.00,768.4656565409521,ON,DEPLOYED,AUTO
19:42:51.686,1.86,44.87,0.00,793.134288657868,ON,DEPLOYED,AUTO
19:42:51.786,2.35,44.80,0.00,817.5701335565374,ON,DEPLOYED,AUTO
19:42:51.889,2.83,44.70,0.00,841.7121143506553,ON,DEPLOYED,AUTO
19:42:51.990,3.31,44.59,0.00,865.4998886611363,ON,DEPLOYED,AUTO
19:42:52.090,3.78,44.46,0.00,888.8739994406374,ON,DEPLOYED,AUTO
19:42:52.193,4.24,44.31,0.00,911.7760235852109,ON,DEPLOYED,AUTO
19:42:52.293,4.68,44.15,0.00,934.1487179616386,ON,DEPLOYED,AUTO
19:42:52.395,5.12,43.96,0.00,955.9361624854529,ON,DEPLOYED,AUTO
19:42:52.496,5.54,43.76,0.00,977.0838998920257,ON,DEPLOYED,AUTO
19:42:52.597,5.95,43.55,0.00,997.5390718513688,ON,DEPLOYED,AUTO
19:42:52.697,6.35,43.31,0.00,1017.2505510864314,ON,DEPLOYED,AUTO
19:42:52.798,6.72,43.06,0.00,1036.1690691646652,ON,DEPLOYED,AUTO
19:42:52.898,7.08,42.79,0.00,1054.247339643448,ON,DEPLOYED,AUTO
19:42:52.998,7.43,42.50,0.00,1071.440176261564,ON,DEPLOYED,AUTO
19:42:53.098,7.75,42.19,0.00,1087.7046058813235,ON,DEPLOYED,AUTO
19:42:53.199,8.06,41.87,0.00,1102.999975899028,ON,DEPLOYED,AUTO
19:42:53.299,8.35,41.54,0.00,1117.2880558553081,ON,DEPLOYED,AUTO
19:42:53.399,8.61,41.18,0.00,1130.5331329913606,ON,DEPLOYED,AUTO
19:42:53.500,8.85,40.81,0.00,1142.7021015122484,ON,DEPLOYED,AUTO
19:42:53.600,9.08,40.42,0.00,1153.764545334145,ON,DEPLOYED,AUTO
19:42:53.701,9.27,40.02,0.00,1163.6928141087049,ON,DEPLOYED,AUTO
19:42:53.802,9.45,39.60,0.00,1172.4620923345337,ON,DEPLOYED,AUTO
19:42:53.903,9.60,39.16,0.00,1180.050461383019,ON,DEPLOYED,AUTO
19:42:54.003,9.73,38.71,0.00,1186.4389542834854,ON,DEPLOYED,AUTO
19:42:54.103,9.83,38.25,0.00,1191.6116031307445,ON,DEPLOYED,AUTO
19:42:54.204,9.91,37.76,0.00,1195.5554789965413,ON,DEPLOYED,AUTO
19:42:54.305,9.97,37.27,0.00,1198.260724245142,ON,DEPLOYED,AUTO
19:42:54.406,9.99,36.76,0.00,1199.72057717229,ON,DEPLOYED,AUTO
19:42:54.506,10.00,36.23,0.00,1199.9313889059438,ON,DEPLOYED,AUTO
19:42:54.606,9.98,35.69,0.00,1198.892632526558,ON,DEPLOYED,AUTO
19:42:54.707,9.93,35.13,0.00,1196.6069043841069,ON,DEPLOYED,AUTO
19:42:54.808,9.86,34.56,0.00,1193.0799176085627,ON,DEPLOYED,AUTO
19:42:54.910,9.77,33.98,0.00,1188.3204878300453,ON,DEPLOYED,AUTO
19:42:55.011,9.65,33.38,0.00,1182.3405111443378,ON,DEPLOYED,AUTO
19:42:55.111,9.50,32.77,0.00,1175.1549343788429,ON,DEPLOYED,AUTO
19:42:55.212,9.34,32.15,0.00,1166.7817177332986,ON,DEPLOYED,AUTO
19:42:55.312,9.14,31.51,0.00,1157.2417898886315,ON,DEPLOYED,AUTO
19:42:55.413,8.93,30.87,0.00,1146.5589956961555,ON,DEPLOYED,AUTO
19:42:55.514,8.70,30.20,0.00,1134.7600365778603,ON,DEPLOYED,AUTO
19:42:55.614,8.44,29.53,0.00,1121.8744037867627,ON,DEPLOYED,AUTO
19:42:55.715,8.16,28.85,0.00,1107.9343046941328,ON,DEPLOYED,AUTO
19:42:55.816,7.86,28.15,0.00,1092.974582287839,ON,DEPLOYED,AUTO
19:42:55.916,7.54,27.44,0.00,1077.0326280830247,ON,DEPLOYED,AUTO
19:42:56.017,7.20,26.72,0.00,1060.148288662793,ON,DEPLOYED,AUTO
19:42:56.117,6.85,25.99,0.00,1042.3637660825007,ON,DEPLOYED,AUTO
19:42:56.218,6.47,25.25,0.00,1023.7235123865985,ON,DEPLOYED,AUTO
19:42:56.318,6.09,24.50,0.00,1004.27411850167,ON,DEPLOYED,AUTO
19:42:56.419,5.68,23.74,0.00,984.0641977833795,ON,DEPLOYED,AUTO
19:42:56.519,5.26,22.98,0.00,963.1442645083997,ON,DEPLOYED,AUTO
19:42:56.620,4.83,22.20,0.00,941.566607615028,ON,DEPLOYED,AUTO
19:42:56.721,4.39,21.41,0.00,919.3851600080716,ON,DEPLOYED,AUTO
19:42:56.825,3.93,20.61,0.00,896.6553637546735,ON,DEPLOYED,AUTO
19:42:56.929,3.47,19.81,0.00,873.434031508019,ON,DEPLOYED,AUTO
19:42:57.029,3.00,19.00,0.00,849.7792045052887,ON,DEPLOYED,AUTO
19:42:57.129,2.52,18.18,0.00,825.7500074947943,ON,DEPLOYED,AUTO
19:42:57.230,2.03,17.35,0.00,801.4065009548987,ON,DEPLOYED,AUTO
19:42:57.330,1.54,16.52,0.00,776.8095309740986,ON,DEPLOYED,AUTO
19:42:57.431,1.04,15.68,0.00,752.0205771674923,ON,DEPLOYED,AUTO
19:42:57.531,0.54,14.83,0.00,727.1015990097593,ON,DEPLOYED,AUTO
19:42:57.632,0.04,13.98,0.00,702.1148809687413,ON,DEPLOYED,AUTO
19:42:57.733,-0.46,13.12,0.00,677.1228768267101,ON,DEPLOYED,AUTO
19:42:57.834,-0.96,12.26,0.00,652.1880535784371,ON,DEPLOYED,AUTO
19:42:57.934,-1.45,11.39,0.00,627.3727352962385,ON,DEPLOYED,AUTO
19:42:58.035,-1.95,10.52,0.00,602.7389473522525,ON,DEPLOYED,AUTO
19:42:58.135,-2.43,9.64,0.00,189.17413069365523,ON,RETRACTED,AUTO
19:42:58.236,-2.91,8.76,0.00,177.13082070695083,ON,RETRACTED,AUTO
19:42:58.336,-3.39,7.87,0.00,165.26964571894538,ON,RETRACTED,AUTO
19:42:58.437,-3.86,6.98,0.00,153.62025248992865,ON,RETRACTED,AUTO
19:42:58.537,-4.31,6.09,0.00,142.21175843608665,ON,RETRACTED,AUTO
19:42:58.639,-4.76,5.20,0.00,131.07267885112532,ON,RETRACTED,AUTO
19:42:58.739,-5.19,4.31,0.00,120.23085563288683,ON,RETRACTED,AUTO
19:42:58.839,-5.61,3.41,0.00,109.71338769310452,ON,RETRACTED,AUTO
19:42:58.940,-6.02,2.51,0.00,99.54656322423665,ON,RETRACTED,AUTO
19:42:59.041,-6.41,1.61,0.00,89.75579399267573,ON,RETRACTED,AUTO
19:42:59.143,-6.79,0.71,0.00,80.36555182256683,ON,RETRACTED,AUTO
19:42:59.243,-7.14,-0.19,0.00,71.39930742899179,ON,RETRACTED,AUTO
19:42:59.343,-7.48,-1.09,0.00,62.87947175340486,ON,RETRACTED,AUTO
19:42:59.444,-7.81,-1.99,0.00,54.82733994795055,ON,RETRACTED,AUTO
19:42:59.544,-8.11,-2.88,0.00,47.26303814867347,ON,RETRACTED,AUTO
19:42:59.645,-8.39,-3.78,0.00,40.20547317065973,ON,RETRACTED,AUTO
19:42:59.746,-8.65,-4.68,0.00,33.672285250845675,ON,RETRACTED,AUTO
19:42:59.846,-8.89,-5.57,0.00,27.67980395661246,ON,RETRACTED,AUTO
19:42:59.946,-9.11,-6.46,0.00,22.243007370371885,ON,RETRACTED,AUTO
19:43:00.048,-9.30,-7.35,0.00,17.375484652160708,ON,RETRACTED,AUTO
19:43:00.148,-9.48,-8.24,0.00,13.089402073817723,ON,RETRACTED,AUTO
19:43:00.249,-9.62,-9.12,0.00,9.395472609640194,ON,RETRACTED,AUTO
19:43:00.349,-9.75,-10.00,0.00,6.302929159527338,ON,RETRACTED,AUTO
19:43:00.450,-9.85,-10.88,0.00,3.81950147153907,ON,RETRACTED,AUTO
19:43:00.550,-9.92,-11.75,0.00,1.9513968215511852,ON,RETRACTED,AUTO
19:43:00.651,-9.97,-12.62,0.00,0.7032844982986148,ON,RETRACTED,AUTO
19:43:00.752,-10.00,-13.48,0.00,0.0782841325852246,ON,RETRACTED,AUTO
19:43:00.853,-10.00,-14.33,0.00,0.07795789983137524,ON,RETRACTED,AUTO
19:43:00.953,-9.97,-15.18,0.00,0.7023066154490323,ON,RETRACTED,AUTO
19:43:01.054,-9.92,-16.03,0.00,1.9497697328037304,ON,RETRACTED,AUTO
19:43:01.154,-9.85,-16.86,0.00,3.8172292437682245,ON,RETRACTED,AUTO
19:43:01.255,-9.75,-17.70,0.00,6.300017472119237,ON,RETRACTED,AUTO
19:43:01.355,-9.62,-18.52,0.00,9.39192874029689,ON,RETRACTED,AUTO
19:43:01.456,-9.48,-19.34,0.00,13.08523488036704,ON,RETRACTED,AUTO
19:43:01.557,-9.31,-20.14,0.00,17.370704550416008,ON,RETRACTED,AUTO
19:43:01.657,-9.11,-20.95,0.00,22.2376263080981,ON,RETRACTED,AUTO
19:43:01.759,-8.89,-21.74,0.00,27.67383538366289,ON,RETRACTED,AUTO
19:43:01.860,-8.65,-22.52,0.00,33.665744085544304,ON,RETRACTED,AUTO
19:43:01.963,-8.39,-23.30,0.00,40.19837576251322,ON,RETRACTED,AUTO
19:43:02.064,-8.11,-24.06,0.00,47.25540223750596,ON,RETRACTED,AUTO
19:43:02.165,-7.81,-24.82,0.00,54.81918461956326,ON,RETRACTED,AUTO
19:43:02.265,-7.49,-25.56,0.00,62.8708173918715,ON,RETRACTED,AUTO
19:43:02.366,-7.14,-26.30,0.00,71.39017566570911,ON,RETRACTED,AUTO
19:43:02.466,-6.79,-27.02,0.00,80.35596548218734,ON,RETRACTED,AUTO
19:43:02.567,-6.41,-27.74,0.00,89.74577703605789,ON,RETRACTED,AUTO
19:43:02.667,-6.02,-28.44,0.00,99.53614068855526,ON,RETRACTED,AUTO
19:43:02.768,-5.61,-29.13,0.00,109.70258562927083,ON,RETRACTED,AUTO
19:43:02.869,-5.19,-29.81,0.00,120.21970104043484,ON,RETRACTED,AUTO
19:43:02.969,-4.76,-30.48,0.00,131.06119961072696,ON,RETRACTED,AUTO
19:43:03.069,-4.31,-31.14,0.00,142.1999832398646,ON,RETRACTED,AUTO
19:43:03.170,-3.86,-31.78,0.00,153.6082107697411,ON,RETRACTED,AUTO
19:43:03.271,-3.39,-32.41,0.00,165.25736757282158,ON,RETRACTED,AUTO
19:43:03.371,-2.92,-33.03,0.00,177.11833682386174,ON,RETRACTED,AUTO
19:43:03.471,-2.43,-33.63,0.00,189.16147227680713,ON,RETRACTED,AUTO
19:43:03.572,-1.95,-34.22,0.00,602.7133447299377,ON,DEPLOYED,AUTO
19:43:03.672,-1.45,-34.80,0.00,627.3469108785275,ON,DEPLOYED,AUTO
19:43:03.773,-0.96,-35.37,0.00,652.1620719129248,ON,DEPLOYED,AUTO
19:43:03.873,-0.46,-35.91,0.00,677.0968028540294,ON,DEPLOYED,AUTO
19:43:03.974,0.04,-36.45,0.00,702.0887798602448,ON,DEPLOYED,AUTO
19:43:04.075,0.54,-36.97,0.00,727.0755360046252,ON,DEPLOYED,AUTO
19:43:04.176,1.04,-37.48,0.00,751.99461740966,ON,DEPLOYED,AUTO
19:43:04.276,1.54,-37.97,0.00,776.783739349443,ON,DEPLOYED,AUTO
19:43:04.376,2.03,-38.44,0.00,801.3809419290494,ON,DEPLOYED,AUTO
19:43:04.477,2.51,-38.90,0.00,825.7247449520053,ON,DEPLOYED,AUTO
19:43:04.578,3.00,-39.35,0.00,849.7543015887603,ON,DEPLOYED,AUTO
19:43:04.679,3.47,-39.78,0.00,873.4095504620734,ON,DEPLOYED,AUTO
19:43:04.779,3.93,-40.19,0.00,896.6313657691761,ON,DEPLOYED,AUTO
19:43:04.880,4.39,-40.59,0.00,919.361705065488,ON,DEPLOYED,AUTO
19:43:04.982,4.83,-40.97,0.00,941.5437543404998,ON,DEPLOYED,AUTO
19:43:05.083,5.26,-41.33,0.00,963.1220700232116,ON,DEPLOYED,AUTO
19:43:05.184,5.68,-41.68,0.00,984.0427175621855,ON,DEPLOYED,AUTO
19:43:05.284,6.09,-42.01,0.00,1004.2534062338366,ON,DEPLOYED,AUTO
19:43:05.389,6.47,-42.32,0.00,1023.7036198420083,ON,DEPLOYED,AUTO
19:43:05.505,6.85,-42.62,0.00,1042.3447429821554,ON,DEPLOYED,AUTO
19:43:05.622,7.20,-42.90,0.00,1060.1301825545368,ON,DEPLOYED,AUTO
19:43:05.725,7.54,-43.16,0.00,1077.0154842226984,ON,DEPLOYED,AUTO
19:43:05.829,7.86,-43.41,0.00,1092.9584435261652,ON,DEPLOYED,AUTO
19:43:05.933,8.16,-43.64,0.00,1107.9192113696106,ON,DEPLOYED,AUTO
19:43:06.040,8.44,-43.85,0.00,1121.8603936248433,ON,DEPLOYED,AUTO
19:43:06.146,8.69,-44.04,0.00,1134.7471445966519,ON,DEPLOYED,AUTO
19:43:06.250,8.93,-44.22,0.00,1146.5472541188972,ON,DEPLOYED,AUTO
19:43:06.351,9.14,-44.38,0.00,1157.2312280631513,ON,DEPLOYED,AUTO
19:43:06.452,9.34,-44.52,0.00,1166.7723620586598,ON,DEPLOYED,AUTO
19:43:06.552,9.50,-44.64,0.00,1175.1468082393599,ON,DEPLOYED,AUTO
19:43:06.652,9.65,-44.74,0.00,1182.3336348511275,ON,DEPLOYED,AUTO
19:43:06.753,9.77,-44.83,0.00,1188.3148785702592,ON,DEPLOYED,AUTO
19:43:06.854,9.86,-44.90,0.00,1193.0755894024294,ON,DEPLOYED,AUTO
19:43:06.954,9.93,-44.95,0.00,1196.6038680498873,ON,DEPLOYED,AUTO
19:43:07.055,9.98,-44.98,0.00,1198.8908956535063,ON,DEPLOYED,AUTO
19:43:07.155,10.00,-45.00,0.00,1199.9309558353384,ON,DEPLOYED,AUTO
19:43:07.256,9.99,-45.00,0.00,1199.721448986582,ON,DEPLOYED,AUTO
19:43:07.356,9.97,-44.97,0.00,1198.2628987652492,ON,DEPLOYED,AUTO
19:43:07.458,9.91,-44.94,0.00,1195.5589507872962,ON,DEPLOYED,AUTO
19:43:07.558,9.83,-44.88,0.00,1191.6163635144783,ON,DEPLOYED,AUTO
19:43:07.662,9.73,-44.80,0.00,1186.444991361718,ON,DEPLOYED,AUTO
19:43:07.789,9.60,-44.71,0.00,1180.0577600661986,ON,DEPLOYED,AUTO
19:43:07.895,9.45,-44.60,0.00,1172.4706343797536,ON,DEPLOYED,AUTO
19:43:07.996,9.27,-44.47,0.00,1163.7025781653006,ON,DEPLOYED,AUTO
19:43:08.096,9.08,-44.33,0.00,1153.7755069970601,ON,DEPLOYED,AUTO
19:43:08.198,8.85,-44.16,0.00,1142.7142333830343,ON,DEPLOYED,AUTO
19:43:08.298,8.61,-43.98,0.00,1130.5464047466585,ON,DEPLOYED,AUTO
19:43:08.398,8.35,-43.78,0.00,1117.3024343226416,ON,DEPLOYED,AUTO
19:43:08.499,8.06,-43.56,0.00,1103.0154251397169,ON,DEPLOYED,AUTO
19:43:08.599,7.75,-43.33,0.00,1087.7210872803116,ON,DEPLOYED,AUTO
19:43:08.701,7.43,-43.08,0.00,1071.4576486239375,ON,DEPLOYED,AUTO
19:43:08.801,7.09,-42.81,0.00,1054.2657592974006,ON,DEPLOYED,AUTO
19:43:08.902,6.72,-42.52,0.00,1036.1883900706543,ON,DEPLOYED,AUTO
19:43:09.002,6.35,-42.22,0.00,1017.2707249522545,ON,DEPLOYED,AUTO
19:43:09.102,5.95,-41.90,0.00,997.5600482528675,ON,DEPLOYED,AUTO
19:43:09.203,5.54,-41.56,0.00,977.1056263991206,ON,DEPLOYED,AUTO
19:43:09.303,5.12,-41.21,0.00,955.9585847931912,ON,DEPLOYED,AUTO
19:43:09.404,4.68,-40.84,0.00,934.1717800259283,ON,DEPLOYED,AUTO
19:43:09.504,4.24,-40.45,0.00,911.7996677629019,ON,DEPLOYED,AUTO
19:43:09.605,3.78,-40.05,0.00,888.898166633599,ON,DEPLOYED,AUTO
19:43:09.705,3.31,-39.63,0.00,865.5245184639721,ON,DEPLOYED,AUTO
19:43:09.807,2.83,-39.20,0.00,841.737145201685,ON,DEPLOYED,AUTO
19:43:09.907,2.35,-38.75,0.00,817.5955028916695,ON,DEPLOYED,AUTO
19:43:10.007,1.86,-38.28,0.00,793.1599330669767,ON,DEPLOYED,AUTO
19:43:10.108,1.37,-37.80,0.00,768.4915119263699,ON,DEPLOYED,AUTO
19:43:10.208,0.87,-37.31,0.00,743.651897675636,ON,DEPLOYED,AUTO
19:43:10.308,0.37,-36.80,0.00,718.7031764141809,ON,DEPLOYED,AUTO
19:43:10.409,-0.13,-36.27,0.00,693.707706952116,ON,DEPLOYED,AUTO
19:43:10.510,-0.63,-35.73,0.00,668.7279649457081,ON,DEPLOYED,AUTO
19:43:10.612,-1.12,-35.18,0.00,643.8263867407754,ON,DEPLOYED,AUTO
19:43:10.712,-1.62,-34.61,0.00,619.0652133143396,ON,DEPLOYED,AUTO
19:43:10.814,-2.11,-34.03,0.00,197.25316735229868,ON,RETRACTED,AUTO
19:43:10.916,-2.60,-33.43,0.00,185.10556765902834,ON,RETRACTED,AUTO
19:43:11.018,-3.08,-32.82,0.00,173.12017025024454,ON,RETRACTED,AUTO
19:43:11.120,-3.55,-32.20,0.00,161.3269323775952,ON,RETRACTED,AUTO
19:43:11.220,-4.01,-31.57,0.00,149.75533099396262,ON,RETRACTED,AUTO
19:43:11.321,-4.46,-30.92,0.00,138.43428907643252,ON,RETRACTED,AUTO
19:43:11.421,-4.90,-30.26,0.00,127.3921033339143,ON,RETRACTED,AUTO
19:43:11.521,-5.33,-29.59,0.00,116.65637348010529,ON,RETRACTED,AUTO
19:43:11.629,-5.75,-28.90,0.00,106.25393324858021,ON,RETRACTED,AUTO
19:43:11.730,-6.15,-28.21,0.00,96.2107833224319,ON,RETRACTED,AUTO
19:43:11.833,-6.54,-27.50,0.00,86.5520263461045,ON,RETRACTED,AUTO
19:43:11.933,-6.91,-26.78,0.00,77.30180418185566,ON,RETRACTED,AUTO
19:43:12.033,-7.26,-26.05,0.00,68.4832375676736,ON,RETRACTED,AUTO
19:43:12.134,-7.60,-25.31,0.00,60.118368327473206,ON,RETRACTED,AUTO
19:43:12.235,-7.91,-24.56,0.00,52.22810427801542,ON,RETRACTED,AUTO
19:43:12.336,-8.21,-23.81,0.00,44.83216697025398,ON,RETRACTED,AUTO
19:43:12.435,-8.48,-23.04,0.00,37.949042395728696,ON,RETRACTED,AUTO
19:43:12.536,-8.74,-22.26,0.00,31.595934781214055,ON,RETRACTED,AUTO
19:43:12.637,-8.97,-21.47,0.00,25.788723587111974,ON,RETRACTED,AUTO
19:43:12.738,-9.18,-20.68,0.00,20.54192381707071,ON,RETRACTED,AUTO
19:43:12.838,-9.37,-19.87,0.00,15.868649738034918,ON,RETRACTED,AUTO
19:43:12.938,-9.53,-19.06,0.00,11.780582101408186,ON,RETRACTED,AUTO
19:43:13.038,-9.67,-18.24,0.00,8.287938947257715,ON,RETRACTED,AUTO
19:43:13.139,-9.78,-17.42,0.00,5.399450064535557,ON,RETRACTED,AUTO
19:43:13.240,-9.88,-16.58,0.00,3.122335171152571,ON,RETRACTED,AUTO
19:43:13.340,-9.94,-15.74,0.00,1.4622858684437858,ON,RETRACTED,AUTO
19:43:13.442,-9.98,-14.90,0.00,0.4234514151290796,ON,RETRACTED,AUTO
19:43:13.543,-10.00,-14.05,0.00,0.00842835632721517,ON,RETRACTED,AUTO
19:43:13.644,-9.99,-13.19,0.00,0.21825403354532114,ON,RETRACTED,AUTO
19:43:13.744,-9.96,-12.33,0.00,1.0524039918655035,ON,RETRACTED,AUTO
19:43:13.845,-9.90,-11.46,0.00,2.508793290808825,ON,RETRACTED,AUTO
19:43:13.945,-9.82,-10.58,0.00,4.583781715600821,ON,RETRACTED,AUTO
19:43:14.046,-9.71,-9.71,0.00,7.272182875812462,ON,RETRACTED,AUTO
19:43:14.148,-9.58,-8.83,0.00,10.567277168635542,ON,RETRACTED,AUTO
19:43:14.249,-9.42,-7.94,0.00,14.460828574389808,ON,RETRACTED,AUTO
19:43:14.350,-9.24,-7.06,0.00,18.943105242283195,ON,RETRACTED,AUTO
19:43:14.452,-9.04,-6.17,0.00,24.002903814970438,ON,RETRACTED,AUTO
19:43:14.554,-8.81,-5.27,0.00,29.627577431111916,ON,RETRACTED,AUTO
19:43:14.666,-8.57,-4.38,0.00,35.80306733594054,ON,RETRACTED,AUTO
19:43:14.791,-8.30,-3.48,0.00,42.51393802082711,ON,RETRACTED,AUTO
19:43:14.862,-8.01,-2.58,0.00,49.74341580401318,ON,RETRACTED,AUTO
19:43:14.965,-7.70,-1.68,0.00,57.47343075607989,ON,RETRACTED,AUTO
19:43:15.064,-7.37,-0.78,0.00,65.68466186536088,ON,RETRACTED,AUTO
19:43:15.166,-7.03,0.12,0.00,74.35658533040933,ON,RETRACTED,AUTO
19:43:15.266,-6.66,1.01,0.00,83.4675258588129,ON,RETRACTED,AUTO
19:43:15.367,-6.28,1.91,0.00,92.99471084413648,ON,RETRACTED,AUTO
19:43:15.467,-5.88,2.81,0.00,102.91432728557865,ON,RETRACTED,AUTO
19:43:15.568,-5.47,3.71,0.00,113.20158130807195,ON,RETRACTED,AUTO
19:43:15.669,-5.05,4.61,0.00,123.83076013405837,ON,RETRACTED,AUTO
19:43:15.769,-4.61,5.50,0.00,134.77529635204195,ON,RETRACTED,AUTO
19:43:15.870,-4.16,6.39,0.00,146.00783432128196,ON,RETRACTED,AUTO
19:43:15.971,-3.70,7.28,0.00,157.50029854664768,ON,RETRACTED,AUTO
19:43:16.074,-3.23,8.17,0.00,169.2239638527352,ON,RETRACTED,AUTO
19:43:16.175,-2.75,9.05,0.00,181.14952718184594,ON,RETRACTED,AUTO
19:43:16.275,-2.27,9.93,0.00,193.2471808363702,ON,RETRACTED,AUTO
19:43:16.377,-1.78,10.81,0.00,610.9733739650155,ON,DEPLOYED,AUTO
19:43:16.477,-1.29,11.68,0.00,635.6749064582091,ON,DEPLOYED,AUTO
19:43:16.577,-0.79,12.55,0.00,660.5372181853971,ON,DEPLOYED,AUTO
19:43:16.679,-0.29,13.41,0.00,685.498166315303,ON,DEPLOYED,AUTO
19:43:16.779,0.21,14.26,0.00,710.4953614770118,ON,DEPLOYED,AUTO
19:43:16.880,0.71,15.12,0.00,735.4663237009065,ON,DEPLOYED,AUTO
19:43:16.983,1.21,15.96,0.00,760.3486385860526,ON,DEPLOYED,AUTO
19:43:17.083,1.70,16.80,0.00,785.080113303696,ON,DEPLOYED,AUTO
19:43:17.184,2.19,17.63,0.00,809.598932046945,ON,DEPLOYED,AUTO
19:43:17.285,2.68,18.45,0.00,833.8438105380951,ON,DEPLOYED,AUTO
19:43:17.386,3.16,19.27,0.00,857.7541492074065,ON,DEPLOYED,AUTO
19:43:17.489,3.63,20.08,0.00,881.2701846604693,ON,DEPLOYED,AUTO
19:43:17.590,4.09,20.88,0.00,904.3331390555649,ON,DEPLOYED,AUTO
19:43:17.690,4.54,21.68,0.00,926.8853670176595,ON,DEPLOYED,AUTO
19:43:17.793,4.98,22.46,0.00,948.8704997218208,ON,DEPLOYED,AUTO
19:43:17.892,5.40,23.23,0.00,970.2335857859239,ON,DEPLOYED,AUTO
19:43:17.992,5.82,24.00,0.00,990.9212286204879,ON,DEPLOYED,AUTO
19:43:18.094,6.22,24.76,0.00,1010.8817198923426,ON,DEPLOYED,AUTO
19:43:18.194,6.60,25.50,0.00,1030.0651687685308,ON,DEPLOYED,AUTO
19:43:18.294,6.97,26.24,0.00,1048.4236266174084,ON,DEPLOYED,AUTO
19:43:18.395,7.32,26.97,0.00,1065.911206855253,ON,DEPLOYED,AUTO
19:43:18.496,7.65,27.68,0.00,1082.484199638826,ON,DEPLOYED,AUTO
19:43:18.596,7.96,28.39,0.00,1098.1011811172152,ON,DEPLOYED,AUTO
19:43:18.696,8.25,29.08,0.00,1112.7231169698916,ON,DEPLOYED,AUTO
19:43:18.797,8.53,29.76,0.00,1126.3134599721798,ON,DEPLOYED,AUTO
19:43:18.898,8.78,30.43,0.00,1138.8382413442878,ON,DEPLOYED,AUTO
19:43:18.999,9.01,31.08,0.00,1150.2661556555654,ON,DEPLOYED,AUTO
19:43:19.099,9.21,31.73,0.00,1160.5686390717765,ON,DEPLOYED,AUTO
19:43:19.200,9.39,32.36,0.00,1169.7199407498101,ON,DEPLOYED,AUTO
19:43:19.300,9.55,32.98,0.00,1177.6971872013771,ON,DEPLOYED,AUTO
19:43:19.401,9.69,33.59,0.00,1184.480439464818,ON,DEPLOYED,AUTO
19:43:19.502,9.80,34.18,0.00,1190.0527429421231,ON,DEPLOYED,AUTO
19:43:19.603,9.89,34.76,0.00,1194.400169776599,ON,DEPLOYED,AUTO
19:43:19.703,9.95,35.32,0.00,1197.5118536652553,ON,DEPLOYED,AUTO
19:43:19.804,9.99,35.87,0.00,1199.3800170189043,ON,DEPLOYED,AUTO
19:43:19.904,10.00,36.41,0.00,1199.9999904020824,ON,DEPLOYED,AUTO
19:43:20.005,9.99,36.93,0.00,1199.3702242042073,ON,DEPLOYED,AUTO
19:43:20.106,9.95,37.44,0.00,1197.492292512798,ON,DEPLOYED,AUTO
19:43:20.206,9.89,37.93,0.00,1194.370889179075,ON,DEPLOYED,AUTO
19:43:20.306,9.80,38.40,0.00,1190.0138160857773,ON,DEPLOYED,AUTO
19:43:20.407,9.69,38.87,0.00,1184.4319636465186,ON,DEPLOYED,AUTO
19:43:20.507,9.55,39.31,0.00,1177.6392835854244,ON,DEPLOYED,AUTO
19:43:20.607,9.39,39.74,0.00,1169.6527540650882,ON,DEPLOYED,AUTO
19:43:20.708,9.21,40.16,0.00,1160.4923372500068,ON,DEPLOYED,AUTO
19:43:20.809,9.00,40.55,0.00,1150.1809294115653,ON,DEPLOYED,AUTO
19:43:20.909,8.77,40.94,0.00,1138.7443036992825,ON,DEPLOYED,AUTO
19:43:21.009,8.52,41.30,0.00,1126.2110457213598,ON,DEPLOYED,AUTO
19:43:21.110,8.25,41.65,0.00,1112.6124820955479,ON,DEPLOYED,AUTO
19:43:21.210,7.96,41.98,0.00,1097.982602148916,ON,DEPLOYED,AUTO
19:43:21.312,7.65,42.30,0.00,1082.3579729622372,ON,DEPLOYED,AUTO
19:43:21.413,7.32,42.60,0.00,1065.7776479713289,ON,DEPLOYED,AUTO
19:43:21.513,6.97,42.88,0.00,1048.283069353802,ON,DEPLOYED,AUTO
19:43:21.615,6.60,43.14,0.00,1029.9179644452006,ON,DEPLOYED,AUTO
19:43:21.714,6.21,43.39,0.00,1010.7282364434345,ON,DEPLOYED,AUTO
19:43:21.815,5.82,43.62,0.00,990.7618496746915,ON,DEPLOYED,AUTO
19:43:21.915,5.40,43.83,0.00,970.0687097076005,ON,DEPLOYED,AUTO
19:43:22.017,4.97,44.03,0.00,948.7005386153008,ON,DEPLOYED,AUTO
19:43:22.120,4.53,44.21,0.00,926.7107456971951,ON,DEPLOYED,AUTO
19:43:22.219,4.08,44.36,0.00,904.154293983516,ON,DEPLOYED,AUTO
19:43:22.318,3.62,44.51,0.00,881.0875628563756,ON,DEPLOYED,AUTO
19:43:22.419,3.15,44.63,0.00,857.5682071306705,ON,DEPLOYED,AUTO
19:43:22.520,2.67,44.74,0.00,833.6550129470718,ON,DEPLOYED,AUTO
19:43:22.620,2.19,44.82,0.00,809.4077508372882,ON,DEPLOYED,AUTO
19:43:22.740,1.70,44.90,0.00,784.8870263288646,ON,DEPLOYED,AUTO
19:43:22.842,1.20,44.95,0.00,760.154128462926,ON,DEPLOYED,AUTO
19:43:22.943,0.71,44.98,0.00,735.2708766034934,ON,DEPLOYED,AUTO
19:43:23.043,0.21,45.00,0.00,710.299465921269,ON,DEPLOYED,AUTO
19:43:23.144,-0.29,45.00,0.00,685.3023119380993,ON,DEPLOYED,AUTO
19:43:23.245,-0.79,44.98,0.00,660.3418945206766,ON,DEPLOYED,AUTO
19:43:23.345,-1.29,44.94,0.00,635.480601713411,ON,DEPLOYED,AUTO
19:43:23.446,-1.78,44.88,0.00,610.7805738008099,ON,DEPLOYED,AUTO
19:43:23.546,-2.27,44.81,0.00,193.1517739945647,ON,RETRACTED,AUTO
19:43:23.647,-2.76,44.72,0.00,181.05535204775532,ON,RETRACTED,AUTO
19:43:23.747,-3.23,44.61,0.00,169.13125581514925,ON,RETRACTED,AUTO
19:43:23.848,-3.70,44.48,0.00,157.40928932737893,ON,RETRACTED,AUTO
19:43:23.949,-4.16,44.34,0.00,145.91875139598193,ON,RETRACTED,AUTO
19:43:24.049,-4.61,44.18,0.00,134.68836238163038,ON,RETRACTED,AUTO
19:43:24.150,-5.05,43.99,0.00,123.7461924081869,ON,RETRACTED,AUTO
19:43:24.250,-5.48,43.80,0.00,113.11959120201334,ON,RETRACTED,AUTO
19:43:24.351,-5.89,43.58,0.00,102.83511973189835,ON,RETRACTED,AUTO
19:43:24.452,-6.28,43.35,0.00,92.91848382046825,ON,RETRACTED,AUTO
19:43:24.552,-6.66,43.10,0.00,83.3944698930176,ON,RETRACTED,AUTO
19:43:24.653,-7.03,42.83,0.00,74.2868830243547,ON,RETRACTED,AUTO
19:43:24.753,-7.38,42.55,0.00,65.61848743851175,ON,RETRACTED,AUTO
19:43:24.853,-7.70,42.24,0.00,57.410949610040404,ON,RETRACTED,AUTO
19:43:24.954,-8.01,41.93,0.00,49.684784109108904,ON,RETRACTED,AUTO
19:43:25.054,-8.30,41.59,0.00,42.45930232576052,ON,RETRACTED,AUTO
19:43:25.155,-8.57,41.24,0.00,35.752564201495545,ON,RETRACTED,AUTO
19:43:25.256,-8.82,40.87,0.00,29.58133308882313,ON,RETRACTED,AUTO
19:43:25.355,-9.04,40.49,0.00,23.96103385161001,ON,RETRACTED,AUTO
19:43:25.456,-9.24,40.08,0.00,18.90571431095401,ON,RETRACTED,AUTO
19:43:25.556,-9.42,39.67,0.00,14.428010132947435,ON,RETRACTED,AUTO
19:43:25.657,-9.58,39.23,0.00,10.539113246092029,ON,RETRACTED,AUTO
19:43:25.757,-9.71,38.79,0.00,7.248743867306729,ON,RETRACTED,AUTO
19:43:25.859,-9.82,38.32,0.00,4.565126206447275,ON,RETRACTED,AUTO
19:43:25.958,-9.90,37.84,0.00,2.4949679100648154,ON,RETRACTED,AUTO
19:43:26.059,-9.96,37.35,0.00,1.0434432957827369,ON,RETRACTED,AUTO
19:43:26.160,-9.99,36.84,0.00,0.2141804191973904,ON,RETRACTED,AUTO
19:43:26.261,-10.00,36.31,0.00,0.009252005628439974,ON,RETRACTED,AUTO
19:43:26.361,-9.98,35.78,0.00,0.429170269385196,ON,RETRACTED,AUTO
19:43:26.462,-9.94,35.22,0.00,1.4728856334974978,ON,RETRACTED,AUTO
19:43:26.563,-9.87,34.66,0.00,3.137789353111401,ON,RETRACTED,AUTO
19:43:26.663,-9.78,34.07,0.00,5.419720035993038,ON,RETRACTED,AUTO
19:43:26.764,-9.67,33.48,0.00,8.31297404384162,ON,RETRACTED,AUTO
19:43:26.864,-9.53,32.87,0.00,11.810319748415083,ON,RETRACTED,AUTO
19:43:26.965,-9.36,32.25,0.00,15.903015606834344,ON,RETRACTED,AUTO
19:43:27.067,-9.18,31.62,0.00,20.58083201088806,ON,RETRACTED,AUTO
19:43:27.166,-8.97,30.97,0.00,25.832076855725717,ON,RETRACTED,AUTO
19:43:27.266,-8.73,30.31,0.00,31.64362476403059,ON,RETRACTED,AUTO
19:43:27.367,-8.48,29.64,0.00,38.00094989262743,ON,RETRACTED,AUTO
19:43:27.467,-8.20,28.96,0.00,44.88816223952557,ON,RETRACTED,AUTO
19:43:27.568,-7.91,28.26,0.00,52.28804736064845,ON,RETRACTED,AUTO
19:43:27.668,-7.59,27.56,0.00,60.18210939697889,ON,RETRACTED,AUTO
19:43:27.769,-7.26,26.84,0.00,68.55061730457388,ON,RETRACTED,AUTO
19:43:27.869,-6.91,26.11,0.00,77.37265417189894,ON,RETRACTED,AUTO
19:43:27.970,-6.53,25.37,0.00,86.62616950121367,ON,RETRACTED,AUTO
19:43:28.073,-6.15,24.62,0.00,96.28803432333211,ON,RETRACTED,AUTO
19:43:28.173,-5.75,23.87,0.00,106.33409900800083,ON,RETRACTED,AUTO
19:43:28.273,-5.33,23.10,0.00,116.73925362539728,ON,RETRACTED,AUTO
19:43:28.373,-4.90,22.32,0.00,127.47749070787754,ON,RETRACTED,AUTO
19:43:28.474,-4.46,21.54,0.00,138.521970255101,ON,RETRACTED,AUTO
19:43:28.575,-4.01,20.74,0.00,149.84508682005313,ON,RETRACTED,AUTO
19:43:28.676,-3.54,19.94,0.00,161.41853850828647,ON,RETRACTED,AUTO
19:43:28.776,-3.07,19.13,0.00,173.2133977179174,ON,RETRACTED,AUTO
19:43:28.876,-2.59,18.31,0.00,185.20018344356546,ON,RETRACTED,AUTO
19:43:28.977,-2.11,17.48,0.00,197.34893496351373,ON,RETRACTED,AUTO
19:43:29.078,-1.61,16.65,0.00,619.2585734518191,ON,DEPLOYED,AUTO
19:43:29.177,-1.12,15.81,0.00,644.0210884936606,ON,DEPLOYED,AUTO
19:43:29.278,-0.62,14.97,0.00,668.9235216610155,ON,DEPLOYED,AUTO
19:43:29.379,-0.12,14.11,0.00,693.9036298399012,ON,DEPLOYED,AUTO
19:43:29.479,0.38,13.26,0.00,718.8989757692591,ON,DEPLOYED,AUTO
19:43:29.579,0.88,12.39,0.00,743.8470841015899,ON,DEPLOYED,AUTO
19:43:29.680,1.37,11.53,0.00,768.6855975587858,ON,DEPLOYED,AUTO
19:43:29.781,1.87,10.65,0.00,793.3524327928513,ON,DEPLOYED,AUTO
19:43:29.882,2.36,9.78,0.00,817.7859355619402,ON,DEPLOYED,AUTO
19:43:29.982,2.84,8.90,0.00,841.9250348338513,ON,DEPLOYED,AUTO
19:43:30.083,3.31,8.01,0.00,865.7093954318048,ON,DEPLOYED,AUTO
19:43:30.183,3.78,7.13,0.00,889.0795688409604,ON,DEPLOYED,AUTO
19:43:30.285,4.24,6.24,0.00,911.9771417987462,ON,DEPLOYED,AUTO
19:43:30.384,4.69,5.34,0.00,934.3448822975924,ON,DEPLOYED,AUTO
19:43:30.485,5.12,4.45,0.00,956.1268826351461,ON,DEPLOYED,AUTO
19:43:30.585,5.55,3.55,0.00,977.268699154409,ON,DEPLOYED,AUTO
19:43:30.686,5.95,2.66,0.00,997.7174883245281,ON,DEPLOYED,AUTO
19:43:30.786,6.35,1.76,0.00,1017.422138822101,ON,DEPLOYED,AUTO
19:43:30.887,6.73,0.86,0.00,1036.333399282867,ON,DEPLOYED,AUTO
19:43:30.988,7.09,-0.04,0.00,1054.4040014044683,ON,DEPLOYED,AUTO
19:43:31.089,7.43,-0.94,0.00,1071.588778092588,ON,DEPLOYED,AUTO
19:43:31.189,7.76,-1.84,0.00,1087.844776355164,ON,DEPLOYED,AUTO
19:43:31.289,8.06,-2.74,0.00,1103.1313646625,ON,DEPLOYED,AUTO
19:43:31.390,8.35,-3.64,0.00,1117.4103345049282,ON,DEPLOYED,AUTO
19:43:31.490,8.61,-4.54,0.00,1130.6459958941869,ON,DEPLOYED,AUTO
19:43:31.590,8.86,-5.43,0.00,1142.805266569801,ON,DEPLOYED,AUTO
19:43:31.691,9.08,-6.32,0.00,1153.8577546875078,ON,DEPLOYED,AUTO
19:43:31.796,9.28,-7.21,0.00,1163.7758347830368,ON,DEPLOYED,AUTO
19:43:31.897,9.45,-8.10,0.00,1172.5347168213857,ON,DEPLOYED,AUTO
19:43:31.997,9.60,-8.98,0.00,1180.1125081589958,ON,DEPLOYED,AUTO
19:43:32.098,9.73,-9.86,0.00,1186.4902682639602,ON,DEPLOYED,AUTO
19:43:32.197,9.83,-10.74,0.00,1191.65205605749,ON,DEPLOYED,AUTO
19:43:32.298,9.91,-11.61,0.00,1195.584969758308,ON,DEPLOYED,AUTO
19:43:32.398,9.97,-12.48,0.00,1198.2791791303841,ON,DEPLOYED,AUTO
19:43:32.499,9.99,-13.34,0.00,1199.7279500534055,ON,DEPLOYED,AUTO
19:43:32.600,10.00,-14.20,0.00,1199.9276613545696,ON,DEPLOYED,AUTO
19:43:32.700,9.98,-15.05,0.00,1198.8778138596313,ON,DEPLOYED,AUTO
19:43:32.801,9.93,-15.89,0.00,1196.5810316405777,ON,DEPLOYED,AUTO
19:43:32.902,9.86,-16.73,0.00,1193.0430554568156,ON,DEPLOYED,AUTO
19:43:33.003,9.77,-17.56,0.00,1188.272728406262,ON,DEPLOYED,AUTO
19:43:33.104,9.65,-18.39,0.00,1182.2819738222051,ON,DEPLOYED,AUTO
19:43:33.204,9.50,-19.21,0.00,1175.0857654711808,ON,DEPLOYED,AUTO
19:43:33.305,9.33,-20.02,0.00,1166.7020901263534,ON,DEPLOYED,AUTO
19:43:33.407,9.14,-20.82,0.00,1157.1519026099518,ON,DEPLOYED,AUTO
19:43:33.507,8.93,-21.61,0.00,1146.4590734171252,ON,DEPLOYED,AUTO
19:43:33.607,8.69,-22.40,0.00,1134.6503290521387,ON,DEPLOYED,AUTO
19:43:33.708,8.44,-23.17,0.00,1121.7551852260294,ON,DEPLOYED,AUTO
19:43:33.808,8.16,-23.94,0.00,1107.8058730827017,ON,DEPLOYED,AUTO
19:43:33.909,7.86,-24.70,0.00,1092.837258637853,ON,DEPLOYED,AUTO
19:43:34.011,7.54,-25.44,0.00,1076.886755632092,ON,DEPLOYED,AUTO
19:43:34.114,7.20,-26.18,0.00,1059.994232016072,ON,DEPLOYED,AUTO
19:43:34.223,6.84,-26.91,0.00,1042.2019103013768,ON,DEPLOYED,AUTO
19:43:34.322,6.47,-27.62,0.00,1023.5542620262318,ON,DEPLOYED,AUTO
19:43:34.423,6.08,-28.33,0.00,1004.0978965998177,ON,DEPLOYED,AUTO
19:43:34.523,5.68,-29.02,0.00,983.8814448030214,ON,DEPLOYED,AUTO
19:43:34.623,5.26,-29.70,0.00,962.955437236811,ON,DEPLOYED,AUTO
19:43:34.724,4.83,-30.37,0.00,941.3721780220483,ON,DEPLOYED,AUTO
19:43:34.825,4.38,-31.03,0.00,919.1856140664262,ON,DEPLOYED,AUTO
19:43:34.925,3.93,-31.68,0.00,896.4512002252952,ON,DEPLOYED,AUTO
19:43:35.027,3.46,-32.31,0.00,873.2257606934048,ON,DEPLOYED,AUTO
19:43:35.128,2.99,-32.93,0.00,849.56734697401,ON,DEPLOYED,AUTO
19:43:35.232,2.51,-33.54,0.00,825.5350927803458,ON,DEPLOYED,AUTO
19:43:35.338,2.02,-34.13,0.00,801.1890662321412,ON,DEPLOYED,AUTO
19:43:35.456,1.53,-34.71,0.00,776.5901197166012,ON,DEPLOYED,AUTO
19:43:35.611,1.04,-35.28,0.00,751.7997377891315,ON,DEPLOYED,AUTO
19:43:35.815,0.54,-35.83,0.00,726.8798834939702,ON,DEPLOYED,AUTO
19:43:35.942,0.04,-36.37,0.00,701.892843488846,ON,DEPLOYED,AUTO
19:43:36.085,-0.46,-36.89,0.00,676.9010723607736,ON,DEPLOYED,AUTO
19:43:36.212,-0.96,-37.40,0.00,651.9670365221107,ON,DEPLOYED,AUTO
19:43:36.318,-1.46,-37.89,0.00,627.1530580770595,ON,DEPLOYED,AUTO
19:43:36.426,-1.95,-38.37,0.00,602.5211590488632,ON,DEPLOYED,AUTO
19:43:36.534,-2.44,-38.83,0.00,189.0664531785237,ON,RETRACTED,AUTO
19:43:36.679,-2.92,-39.28,0.00,177.02462896609285,ON,RETRACTED,AUTO
19:43:36.804,-3.39,-39.71,0.00,165.16520517640956,ON,RETRACTED,AUTO
19:43:36.931,-3.86,-40.12,0.00,153.5178241926797,ON,RETRACTED,AUTO
19:43:37.060,-4.32,-40.52,0.00,142.1115984015241,ON,RETRACTED,AUTO
19:43:37.181,-4.76,-40.91,0.00,130.97503742717328,ON,RETRACTED,AUTO
19:43:37.295,-5.19,-41.27,0.00,120.13597687225442,ON,RETRACTED,AUTO
19:43:37.398,-5.62,-41.62,0.00,109.62150874328148,ON,RETRACTED,AUTO
19:43:37.500,-6.02,-41.96,0.00,99.45791373474788,ON,RETRACTED,AUTO
19:43:37.608,-6.41,-42.27,0.00,89.6705955410772,ON,RETRACTED,AUTO
19:43:37.709,-6.79,-42.57,0.00,80.28401736061704,ON,RETRACTED,AUTO
19:43:37.810,-7.15,-42.86,0.00,71.32164075038327,ON,RETRACTED,AUTO
19:43:37.912,-7.49,-43.12,0.00,62.80586698438614,ON,RETRACTED,AUTO
19:43:38.012,-7.81,-43.37,0.00,54.757981062111554,ON,RETRACTED,AUTO
19:43:38.112,-8.11,-43.60,0.00,47.198098507107375,ON,RETRACTED,AUTO
19:43:38.214,-8.39,-43.82,0.00,40.14511508865053,ON,RETRACTED,AUTO
19:43:38.314,-8.66,-44.01,0.00,33.616659592164524,ON,RETRACTED,AUTO
19:43:38.414,-8.89,-44.19,0.00,27.629049756436814,ON,RETRACTED,AUTO
19:43:38.516,-9.11,-44.35,0.00,22.197251487769876,ON,RETRACTED,AUTO
19:43:38.616,-9.31,-44.50,0.00,17.33484145300963,ON,RETRACTED,AUTO
19:43:38.717,-9.48,-44.62,0.00,13.053973144948884,ON,RETRACTED,AUTO
19:43:38.819,-9.63,-44.73,0.00,9.36534650492473,ON,RETRACTED,AUTO
19:43:38.919,-9.75,-44.82,0.00,6.278181178537693,ON,RETRACTED,AUTO
19:43:39.022,-9.85,-44.89,0.00,3.8001934713391847,ON,RETRACTED,AUTO
19:43:39.124,-9.92,-44.94,0.00,1.9375770620862056,ON,RETRACTED,AUTO
19:43:39.224,-9.97,-44.98,0.00,0.6949875217700026,ON,RETRACTED,AUTO
19:43:39.326,-10.00,-45.00,0.00,0.07553067711327799,ON,RETRACTED,AUTO
19:43:39.428,-10.00,-45.00,0.00,0.08075484762082397,ON,RETRACTED,AUTO
19:43:39.529,-9.97,-44.98,0.00,0.710646975587025,ON,RETRACTED,AUTO
19:43:39.629,-9.92,-44.94,0.00,1.9636326587334736,ON,RETRACTED,AUTO
19:43:39.730,-9.85,-44.89,0.00,3.836580085394587,ON,RETRACTED,AUTO
19:43:39.831,-9.75,-44.82,0.00,6.324807862415867,ON,RETRACTED,AUTO
19:43:39.931,-9.62,-44.73,0.00,9.422096716198666,ON,RETRACTED,AUTO
19:43:40.034,-9.48,-44.62,0.00,13.120705037645337,ON,RETRACTED,AUTO
19:43:40.136,-9.30,-44.49,0.00,17.41138823215016,ON,RETRACTED,AUTO
19:43:40.237,-9.11,-44.35,0.00,22.28342182627145,ON,RETRACTED,AUTO
19:43:40.337,-8.89,-44.19,0.00,27.724628273329785,ON,RETRACTED,AUTO
19:43:40.438,-8.65,-44.01,0.00,33.721407390933024,ON,RETRACTED,AUTO
19:43:40.538,-8.39,-43.81,0.00,40.258770354349195,ON,RETRACTED,AUTO
19:43:40.639,-8.11,-43.60,0.00,47.32037716076249,ON,RETRACTED,AUTO
19:43:40.740,-7.80,-43.37,0.00,54.888577470770485,ON,RETRACTED,AUTO
19:43:40.841,-7.48,-43.12,0.00,62.94445472504049,ON,RETRACTED,AUTO
19:43:40.945,-7.14,-42.85,0.00,71.46787342585654,ON,RETRACTED,AUTO
19:43:41.045,-6.78,-42.57,0.00,80.43752946537703,ON,RETRACTED,AUTO
19:43:41.146,-6.41,-42.27,0.00,89.83100337480957,ON,RETRACTED,AUTO
19:43:41.247,-6.02,-41.95,0.00,99.62481636140708,ON,RETRACTED,AUTO
19:43:41.347,-5.61,-41.62,0.00,109.79448899322205,ON,RETRACTED,AUTO
19:43:41.447,-5.19,-41.27,0.00,120.3146023849379,ON,RETRACTED,AUTO
19:43:41.551,-4.75,-40.90,0.00,131.15886173184433,ON,RETRACTED,AUTO
19:43:41.653,-4.31,-40.52,0.00,142.3001620331549,ON,RETRACTED,AUTO
19:43:41.756,-3.85,-40.12,0.00,153.7106558403932,ON,RETRACTED,AUTO
19:43:41.856,-3.39,-39.70,0.00,165.36182286151126,ON,RETRACTED,AUTO
19:43:41.957,-2.91,-39.27,0.00,177.22454124676648,ON,RETRACTED,AUTO
19:43:42.058,-2.43,-38.82,0.00,189.26916037817986,ON,RETRACTED,AUTO
19:43:42.158,-1.94,-38.36,0.00,602.931149961278,ON,DEPLOYED,AUTO
19:43:42.260,-1.45,-37.88,0.00,627.5666007388152,ON,DEPLOYED,AUTO
19:43:42.361,-0.95,-37.39,0.00,652.3830972919213,ON,DEPLOYED,AUTO
19:43:42.463,-0.45,-36.88,0.00,677.3186113033951,ON,DEPLOYED,AUTO
19:43:42.564,0.05,-36.36,0.00,702.3108169743718,ON,DEPLOYED,AUTO
19:43:42.665,0.55,-35.82,0.00,727.297246806363,ON,DEPLOYED,AUTO
19:43:42.766,1.04,-35.27,0.00,752.2154477374688,ON,DEPLOYED,AUTO
19:43:42.868,1.54,-34.70,0.00,777.0031372425098,ON,DEPLOYED,AUTO
19:43:42.980,2.03,-34.12,0.00,801.5983590069015,ON,DEPLOYED,AUTO
19:43:43.088,2.52,-33.53,0.00,825.9396377851767,ON,DEPLOYED,AUTO
19:43:43.189,3.00,-32.92,0.00,849.9661330570822,ON,DEPLOYED,AUTO
19:43:43.337,3.47,-32.30,0.00,873.6177910971945,ON,DEPLOYED,AUTO
19:43:43.453,3.94,-31.67,0.00,896.8354950779584,ON,DEPLOYED,AUTO
19:43:43.579,4.39,-31.02,0.00,919.5612128309681,ON,DEPLOYED,AUTO
19:43:43.693,4.83,-30.36,0.00,941.7381418971654,ON,DEPLOYED,AUTO
19:43:43.810,5.27,-29.69,0.00,963.3108515034062,ON,DEPLOYED,AUTO
19:43:43.925,5.68,-29.01,0.00,984.2254211105242,ON,DEPLOYED,AUTO
19:43:44.028,6.09,-28.32,0.00,1004.4295751865984,ON,DEPLOYED,AUTO
19:43:44.129,6.48,-27.61,0.00,1023.8728138685588,ON,DEPLOYED,AUTO
19:43:44.232,6.85,-26.90,0.00,1042.5065391855426,ON,DEPLOYED,AUTO
19:43:44.334,7.21,-26.17,0.00,1060.2841765285139,ON,DEPLOYED,AUTO
19:43:44.437,7.54,-25.43,0.00,1077.161291062529,ON,DEPLOYED,AUTO
19:43:44.536,7.86,-24.68,0.00,1093.0956987906845,ON,DEPLOYED,AUTO
19:43:44.637,8.16,-23.93,0.00,1108.0475719921385,ON,DEPLOYED,AUTO
19:43:44.738,8.44,-23.16,0.00,1121.9795387706722,ON,DEPLOYED,AUTO
19:43:44.838,8.70,-22.38,0.00,1134.8567764649672,ON,DEPLOYED,AUTO
19:43:44.939,8.93,-21.60,0.00,1146.647098687123,ON,DEPLOYED,AUTO
19:43:45.040,9.15,-20.81,0.00,1157.3210357718654,ON,DEPLOYED,AUTO
19:43:45.141,9.34,-20.00,0.00,1166.8519084353609,ON,DEPLOYED,AUTO
19:43:45.242,9.50,-19.19,0.00,1175.2158944595335,ON,DEPLOYED,AUTO
19:43:45.342,9.65,-18.38,0.00,1182.3920882352022,ON,DEPLOYED,AUTO
19:43:45.442,9.77,-17.55,0.00,1188.3625530152171,ON,DEPLOYED,AUTO
19:43:45.543,9.86,-16.72,0.00,1193.1123657469864,ON,DEPLOYED,AUTO
19:43:45.648,9.93,-15.88,0.00,1196.6296543723347,ON,DEPLOYED,AUTO
19:43:45.749,9.98,-15.03,0.00,1198.9056275014673,ON,DEPLOYED,AUTO
19:43:45.849,10.00,-14.18,0.00,1199.9345963868655,ON,DEPLOYED,AUTO
19:43:45.950,9.99,-13.33,0.00,1199.7139891421918,ON,DEPLOYED,AUTO
19:43:46.051,9.96,-12.46,0.00,1198.2443571706685,ON,DEPLOYED,AUTO
19:43:46.152,9.91,-11.60,0.00,1195.5293737868544,ON,DEPLOYED,AUTO
19:43:46.252,9.83,-10.72,0.00,1191.5758250352733,ON,DEPLOYED,AUTO
19:43:46.353,9.73,-9.85,0.00,1186.3935927288358,ON,DEPLOYED,AUTO
19:43:46.453,9.60,-8.97,0.00,1179.9956297494537,ON,DEPLOYED,AUTO
19:43:46.557,9.45,-8.08,0.00,1172.3979276725809,ON,DEPLOYED,AUTO
19:43:46.657,9.27,-7.20,0.00,1163.619476796603,ON,DEPLOYED,AUTO
19:43:46.759,9.07,-6.31,0.00,1153.682218676981,ON,DEPLOYED,AUTO
19:43:46.858,8.85,-5.42,0.00,1142.6109912837906,ON,DEPLOYED,AUTO
19:43:46.958,8.61,-4.52,0.00,1130.4334669197306,ON,DEPLOYED,AUTO
19:43:47.059,8.34,-3.62,0.00,1117.18008305378,ON,DEPLOYED,AUTO
19:43:47.159,8.06,-2.73,0.00,1102.8839662433743,ON,DEPLOYED,AUTO
19:43:47.267,7.75,-1.83,0.00,1087.5808493352665,ON,DEPLOYED,AUTO
19:43:47.368,7.43,-0.93,0.00,1071.308982152018,ON,DEPLOYED,AUTO
19:43:47.468,7.08,-0.03,0.00,1054.1090358873626,ON,DEPLOYED,AUTO
19:43:47.569,6.72,0.87,0.00,1036.024001449403,ON,DEPLOYED,AUTO
19:43:47.672,6.34,1.77,0.00,1017.0990820057308,ON,DEPLOYED,AUTO
19:43:47.773,5.95,2.67,0.00,997.381579999048,ON,DEPLOYED,AUTO
19:43:47.874,5.54,3.57,0.00,976.9207789156952,ON,DEPLOYED,AUTO
19:43:47.975,5.12,4.46,0.00,955.767820102602,ON,DEPLOYED,AUTO
19:43:48.075,4.68,5.36,0.00,933.9755749405533,ON,DEPLOYED,AUTO
19:43:48.178,4.23,6.25,0.00,911.5985126932728,ON,DEPLOYED,AUTO
19:43:48.277,3.77,7.14,0.00,888.6925643626305,ON,DEPLOYED,AUTO
19:43:48.380,3.31,8.03,0.00,865.314982890266,ON,DEPLOYED,AUTO
19:43:48.480,2.83,8.91,0.00,841.5242000550516,ON,DEPLOYED,AUTO
19:43:48.581,2.35,9.79,0.00,817.3796804240756,ON,DEPLOYED,AUTO
19:43:48.694,1.86,10.67,0.00,792.9417727221932,ON,DEPLOYED,AUTO
19:43:48.796,1.37,11.54,0.00,768.271558991643,ON,DEPLOYED,AUTO
19:43:48.897,0.87,12.41,0.00,743.4307019187532,ON,DEPLOYED,AUTO
19:43:48.998,0.37,13.27,0.00,718.4812907093379,ON,DEPLOYED,AUTO
19:43:49.099,-0.13,14.13,0.00,693.4856858980193,ON,DEPLOYED,AUTO
19:43:49.200,-0.63,14.98,0.00,668.5063634793664,ON,DEPLOYED,AUTO
19:43:49.301,-1.13,15.83,0.00,643.6057587504467,ON,DEPLOYED,AUTO
19:43:49.402,-1.62,16.67,0.00,618.8461102550991,ON,DEPLOYED,AUTO
19:43:49.503,-2.11,17.50,0.00,197.14465210999316,ON,RETRACTED,AUTO
19:43:49.603,-2.60,18.32,0.00,184.99835993562968,ON,RETRACTED,AUTO
19:43:49.704,-3.08,19.14,0.00,173.0145380092286,ON,RETRACTED,AUTO
19:43:49.804,-3.55,19.95,0.00,161.22313964455225,ON,RETRACTED,AUTO
19:43:49.905,-4.01,20.75,0.00,149.65363719667107,ON,RETRACTED,AUTO
19:43:50.006,-4.47,21.55,0.00,138.3349483964245,ON,RETRACTED,AUTO
19:43:50.106,-4.91,22.34,0.00,127.2953640711542,ON,RETRACTED,AUTO
19:43:50.229,-5.34,23.11,0.00,116.5624774323692,ON,RETRACTED,AUTO
19:43:50.336,-5.75,23.88,0.00,106.16311510708735,ON,RETRACTED,AUTO
19:43:50.446,-6.16,24.64,0.00,96.1232700852388,ON,RETRACTED,AUTO
19:43:50.552,-6.54,25.39,0.00,86.46803675072817,ON,RETRACTED,AUTO
19:43:50.652,-6.91,26.12,0.00,77.22154815854358,ON,RETRACTED,AUTO
19:43:50.753,-7.26,26.85,0.00,68.40691571468753,ON,RETRACTED,AUTO
19:43:50.861,-7.60,27.57,0.00,60.04617140969793,ON,RETRACTED,AUTO
19:43:50.961,-7.91,28.27,0.00,52.16021275014597,ON,RETRACTED,AUTO
19:43:51.061,-8.21,28.97,0.00,44.768750525752836,ON,RETRACTED,AUTO
19:43:51.163,-8.48,29.65,0.00,37.89025954268047,ON,RETRACTED,AUTO
19:43:51.265,-8.74,30.32,0.00,31.54193244613782,ON,RETRACTED,AUTO
19:43:51.367,-8.97,30.98,0.00,25.739636747721562,ON,RETRACTED,AUTO
19:43:51.467,-9.18,31.63,0.00,20.49787516490065,ON,RETRACTED,AUTO
19:43:51.567,-9.37,32.26,0.00,15.829749371775563,ON,RETRACTED,AUTO
19:43:51.667,-9.53,32.88,0.00,11.746927251716244,ON,RETRACTED,AUTO
19:43:51.768,-9.67,33.49,0.00,8.259613733730333,ON,RETRACTED,AUTO
19:43:51.869,-9.78,34.08,0.00,5.376525285455017,ON,RETRACTED,AUTO
19:43:51.970,-9.88,34.67,0.00,3.1048681265276343,ON,RETRACTED,AUTO
19:43:52.070,-9.94,35.23,0.00,1.450320216789379,ON,RETRACTED,AUTO
19:43:52.171,-9.98,35.78,0.00,0.41701706434270136,ON,RETRACTED,AUTO
19:43:52.273,-10.00,36.32,0.00,0.00754138893486811,ON,RETRACTED,AUTO
19:43:52.375,-9.99,36.85,0.00,0.2229166665035791,ON,RETRACTED,AUTO
19:43:52.476,-9.96,37.36,0.00,1.0626045710202447,ON,RETRACTED,AUTO
19:43:52.577,-9.90,37.85,0.00,2.5245063200245283,ON,RETRACTED,AUTO
19:43:52.677,-9.82,38.33,0.00,4.604967920487553,ON,RETRACTED,AUTO
19:43:52.779,-9.71,38.79,0.00,7.298789301891674,ON,RETRACTED,AUTO
19:43:52.880,-9.58,39.24,0.00,10.599237313698325,ON,RETRACTED,AUTO
19:43:52.980,-9.42,39.67,0.00,14.498062554718047,ON,RETRACTED,AUTO
19:43:53.081,-9.24,40.09,0.00,18.985519992317165,ON,RETRACTED,AUTO
19:43:53.185,-9.04,40.49,0.00,24.05039331992424,ON,RETRACTED,AUTO
19:43:53.284,-8.81,40.88,0.00,29.680022991955184,ON,RETRACTED,AUTO
19:43:53.386,-8.57,41.24,0.00,35.86033786608431,ON,RETRACTED,AUTO
19:43:53.486,-8.30,41.60,0.00,42.5758903737719,ON,RETRACTED,AUTO
19:43:53.588,-8.01,41.93,0.00,49.80989513114085,ON,RETRACTED,AUTO
19:43:53.689,-7.70,42.25,0.00,57.54427089369432,ON,RETRACTED,AUTO
19:43:53.788,-7.37,42.55,0.00,65.7596857500109,ON,RETRACTED,AUTO
19:43:53.891,-7.02,42.84,0.00,74.43560544145501,ON,RETRACTED,AUTO
19:43:53.991,-6.66,43.10,0.00,83.55034468712947,ON,RETRACTED,AUTO
19:43:54.092,-6.28,43.35,0.00,93.08112138578437,ON,RETRACTED,AUTO
19:43:54.193,-5.88,43.59,0.00,103.00411355920548,ON,RETRACTED,AUTO
19:43:54.294,-5.47,43.80,0.00,113.29451889475345,ON,RETRACTED,AUTO
19:43:54.395,-5.04,44.00,0.00,123.92661673822874,ON,RETRACTED,AUTO
19:43:54.496,-4.61,44.18,0.00,134.87383238211203,ON,RETRACTED,AUTO
19:43:54.597,-4.16,44.34,0.00,146.10880348849304,ON,RETRACTED,AUTO
19:43:54.697,-3.70,44.49,0.00,157.60344848066546,ON,RETRACTED,AUTO
19:43:54.798,-3.23,44.61,0.00,169.32903673244414,ON,RETRACTED,AUTO
19:43:54.899,-2.75,44.72,0.00,181.2562603797676,ON,RETRACTED,AUTO
19:43:55.000,-2.27,44.81,0.00,193.35530757509542,ON,RETRACTED,AUTO
19:43:55.101,-1.78,44.89,0.00,611.1918740030019,ON,DEPLOYED,AUTO
19:43:55.219,-1.28,44.94,0.00,635.8951069204293,ON,DEPLOYED,AUTO
19:43:55.320,-0.78,44.98,0.00,660.7585686853736,ON,DEPLOYED,AUTO
19:43:55.420,-0.29,45.00,0.00,685.720113592063,ON,DEPLOYED,AUTO
19:43:55.522,0.21,45.00,0.00,710.7173507779513,ON,DEPLOYED,AUTO
19:43:55.622,0.71,44.98,0.00,735.687800168383,ON,DEPLOYED,AUTO
19:43:55.724,1.21,44.95,0.00,760.5690486442401,ON,DEPLOYED,AUTO
19:43:55.825,1.71,44.89,0.00,785.2989060422362,ON,DEPLOYED,AUTO
19:43:55.926,2.20,44.82,0.00,809.8155605979368,ON,DEPLOYED,AUTO
19:43:56.028,2.68,44.74,0.00,834.0577334429788,ON,DEPLOYED,AUTO
19:43:56.128,3.16,44.63,0.00,857.964831770329,ON,DEPLOYED,AUTO
19:43:56.229,3.63,44.50,0.00,881.4771002847446,ON,DEPLOYED,AUTO
19:43:56.330,4.09,44.36,0.00,904.5357705598917,ON,DEPLOYED,AUTO
19:43:56.431,4.54,44.20,0.00,927.0832079288056,ON,DEPLOYED,AUTO
19:43:56.531,4.98,44.02,0.00,949.0630555405419,ON,DEPLOYED,AUTO
19:43:56.654,5.41,43.83,0.00,970.4203752229541,ON,DEPLOYED,AUTO
19:43:56.756,5.82,43.62,0.00,991.1017847995131,ON,DEPLOYED,AUTO
19:43:56.857,6.22,43.39,0.00,1011.0555915169467,ON,DEPLOYED,AUTO
19:43:56.958,6.60,43.14,0.00,1030.231921250203,ON,DEPLOYED,AUTO
19:43:57.058,6.97,42.87,0.00,1048.5828431617874,ON,DEPLOYED,AUTO
19:43:57.158,7.32,42.59,0.00,1066.0624895038968,ON,DEPLOYED,AUTO
19:43:57.265,7.65,42.29,0.00,1082.6271702638987,ON,DEPLOYED,AUTO
19:43:57.368,7.96,41.98,0.00,1098.2354823666121,ON,DEPLOYED,AUTO
19:43:57.481,8.26,41.65,0.00,1112.8484131604318,ON,DEPLOYED,AUTO
19:43:57.590,8.53,41.30,0.00,1126.4294379286403,ON,DEPLOYED,AUTO
19:43:57.694,8.78,40.93,0.00,1138.9446111821771,ON,DEPLOYED,AUTO
19:43:57.797,9.01,40.55,0.00,1150.3626515056853,ON,DEPLOYED,AUTO
19:43:57.898,9.21,40.15,0.00,1160.655019744756,ON,DEPLOYED,AUTO
19:43:58.001,9.40,39.74,0.00,1169.7959903389528,ON,DEPLOYED,AUTO
19:43:58.103,9.56,39.30,0.00,1177.7627156223161,ON,DEPLOYED,AUTO
19:43:58.208,9.69,38.86,0.00,1184.5352829306273,ON,DEPLOYED,AUTO
19:43:58.309,9.80,38.40,0.00,1190.0967643727004,ON,DEPLOYED,AUTO
19:43:58.410,9.89,37.92,0.00,1194.4332591412933,ON,DEPLOYED,AUTO
19:43:58.511,9.95,37.43,0.00,1197.533928257888,ON,DEPLOYED,AUTO
19:43:58.612,9.99,36.92,0.00,1199.3910216644897,ON,DEPLOYED,AUTO
19:43:58.714,10.00,36.40,0.00,1199.9998975947376,ON,DEPLOYED,AUTO
19:43:58.815,9.99,35.86,0.00,1199.3590341759025,ON,DEPLOYED,AUTO
19:43:58.918,9.95,35.31,0.00,1197.4700332327764,ON,DEPLOYED,AUTO
19:43:59.018,9.89,34.75,0.00,1194.337616283944,ON,DEPLOYED,AUTO
19:43:59.120,9.80,34.17,0.00,1189.9696127404468,ON,DEPLOYED,AUTO
19:43:59.221,9.69,33.58,0.00,1184.376940336331,ON,DEPLOYED,AUTO
19:43:59.322,9.55,32.97,0.00,1177.5735778399996,ON,DEPLOYED,AUTO
19:43:59.423,9.39,32.35,0.00,1169.5765301145711,ON,DEPLOYED,AUTO
19:43:59.525,9.21,31.72,0.00,1160.4057856145769,ON,DEPLOYED,AUTO
19:43:59.626,9.00,31.07,0.00,1150.084266425236,ON,DEPLOYED,AUTO
19:43:59.727,8.77,30.42,0.00,1138.6377709691783,ON,DEPLOYED,AUTO
19:43:59.827,8.52,29.75,0.00,1126.094909523825,ON,DEPLOYED,AUTO
19:43:59.927,8.25,29.07,0.00,1112.4870327105937,ON,DEPLOYED,AUTO
19:44:00.031,7.96,28.37,0.00,1097.848153134672,ON,DEPLOYED,AUTO
19:44:00.130,7.64,27.67,0.00,1082.2148603712194,ON,DEPLOYED,AUTO
19:44:00.232,7.31,26.95,0.00,1065.6262295104832,ON,DEPLOYED,AUTO
19:44:00.335,6.96,26.23,0.00,1048.1237234904233,ON,DEPLOYED,AUTO
19:44:00.434,6.60,25.49,0.00,1029.7510894609618,ON,DEPLOYED,AUTO
19:44:00.534,6.21,24.74,0.00,1010.5542494388892,ON,DEPLOYED,AUTO
19:44:00.638,5.81,23.99,0.00,990.5811855267405,ON,DEPLOYED,AUTO
19:44:00.737,5.40,23.22,0.00,969.8818199825256,ON,DEPLOYED,AUTO
19:44:00.839,4.97,22.45,0.00,948.5078904400842,ON,DEPLOYED,AUTO
19:44:00.940,4.53,21.66,0.00,926.5128205919457,ON,DEPLOYED,AUTO
19:44:01.041,4.08,20.87,0.00,903.9515866579197,ON,DEPLOYED,AUTO
19:44:01.141,3.62,20.07,0.00,880.8805799731783,ON,DEPLOYED,AUTO
19:44:01.243,3.15,19.26,0.00,857.3574660392857,ON,DEPLOYED,AUTO
19:44:01.343,2.67,18.44,0.00,833.441040390476,ON,DEPLOYED,AUTO
19:44:01.444,2.18,17.62,0.00,809.1910816354383,ON,DEPLOYED,AUTO
19:44:01.545,1.69,16.78,0.00,784.668202041926,ON,DEPLOYED,AUTO
19:44:01.645,1.20,15.95,0.00,759.9336960376544,ON,DEPLOYED,AUTO
19:44:01.745,0.70,15.10,0.00,735.0493870061532,ON,DEPLOYED,AUTO
19:44:01.845,0.20,14.25,0.00,710.077472760504,ON,DEPLOYED,AUTO
19:44:01.958,-0.30,13.39,0.00,685.0803700811996,ON,DEPLOYED,AUTO
19:44:02.060,-0.80,12.53,0.00,660.1205587066993,ON,DEPLOYED,AUTO
19:44:02.160,-1.29,11.67,0.00,635.2604251666216,ON,DEPLOYED,AUTO
19:44:02.260,-1.79,10.79,0.00,610.5621068479097,ON,DEPLOYED,AUTO
19:44:02.362,-2.28,9.92,0.00,193.04366834186263,ON,RETRACTED,AUTO
19:44:02.461,-2.76,9.04,0.00,180.94864442663268,ON,RETRACTED,AUTO
19:44:02.563,-3.24,8.15,0.00,169.02621293908658,ON,RETRACTED,AUTO
19:44:02.665,-3.71,7.27,0.00,157.30617374886117,ON,RETRACTED,AUTO
19:44:02.766,-4.17,6.38,0.00,145.81782085025375,ON,RETRACTED,AUTO
19:44:02.868,-4.62,5.49,0.00,134.58986914249255,ON,RETRACTED,AUTO
19:44:02.969,-5.05,4.59,0.00,123.65038265744299,ON,RETRACTED,AUTO
19:44:03.070,-5.48,3.70,0.00,113.02670441414338,ON,RETRACTED,AUTO
19:44:03.173,-5.89,2.80,0.00,102.7453880754976,ON,RETRACTED,AUTO
19:44:03.274,-6.29,1.90,0.00,92.83213157794631,ON,RETRACTED,AUTO
19:44:03.375,-6.67,1.00,0.00,83.31171290000944,ON,RETRACTED,AUTO
19:44:03.475,-7.03,0.10,0.00,74.20792813024377,ON,RETRACTED,AUTO
19:44:03.575,-7.38,-0.80,0.00,65.54353198941445,ON,RETRACTED,AUTO
19:44:03.677,-7.71,-1.70,0.00,57.340180955543445,ON,RETRACTED,AUTO
19:44:03.777,-8.02,-2.60,0.00,49.61837913399293,ON,RETRACTED,AUTO
19:44:03.880,-8.30,-3.50,0.00,42.39742700788025,ON,RETRACTED,AUTO
19:44:03.982,-8.57,-4.39,0.00,35.69537319692171,ON,RETRACTED,AUTO
19:44:04.088,-8.82,-5.29,0.00,29.528969345282604,ON,RETRACTED,AUTO
19:44:04.195,-9.04,-6.18,0.00,23.913628251191113,ON,RETRACTED,AUTO
19:44:04.297,-9.25,-7.07,0.00,18.863385342969508,ON,RETRACTED,AUTO
19:44:04.399,-9.42,-7.96,0.00,14.390863597772722,ON,RETRACTED,AUTO
19:44:04.502,-9.58,-8.84,0.00,10.507241990719564,ON,RETRACTED,AUTO
19:44:04.603,-9.71,-9.72,0.00,7.222227553276639,ON,RETRACTED,AUTO
19:44:04.704,-9.82,-10.60,0.00,4.544031110735261,ON,RETRACTED,AUTO
19:44:04.809,-9.90,-11.47,0.00,2.479346759424004,ON,RETRACTED,AUTO
19:44:04.915,-9.96,-12.34,0.00,1.0333351349544273,ON,RETRACTED,AUTO
19:44:05.018,-9.99,-13.20,0.00,0.2096105133194044,ON,RETRACTED,AUTO
19:44:05.118,-10.00,-14.06,0.00,0.010231777085522253,ON,RETRACTED,AUTO
19:44:05.220,-9.98,-14.91,0.00,0.43569726925898067,ON,RETRACTED,AUTO
19:44:05.319,-9.94,-15.76,0.00,1.4849435476874362,ON,RETRACTED,AUTO
19:44:05.426,-9.87,-16.60,0.00,3.1553480431117293,ON,RETRACTED,AUTO
19:44:05.590,-9.78,-17.43,0.00,5.442735614223096,ON,RETRACTED,AUTO
19:44:05.707,-9.67,-18.26,0.00,8.34138898334217,ON,RETRACTED,AUTO
19:44:05.816,-9.53,-19.08,0.00,11.844063026635524,ON,RETRACTED,AUTO
19:44:05.923,-9.36,-19.89,0.00,15.94200288315227,ON,RETRACTED,AUTO
19:44:06.028,-9.18,-20.69,0.00,20.62496583741691,ON,RETRACTED,AUTO
19:44:06.135,-8.96,-21.49,0.00,25.881246920883626,ON,RETRACTED,AUTO
19:44:06.247,-8.73,-22.27,0.00,31.697708168261897,ON,RETRACTED,AUTO
19:44:06.371,-8.48,-23.05,0.00,38.05981145558766,ON,RETRACTED,AUTO
19:44:06.479,-8.20,-23.82,0.00,44.951654837961826,ON,RETRACTED,AUTO
19:44:06.582,-7.91,-24.58,0.00,52.356012296130984,ON,RETRACTED,AUTO
19:44:06.683,-7.59,-25.33,0.00,60.254376792564415,ON,RETRACTED,AUTO
19:44:06.790,-7.25,-26.07,0.00,68.62700652940953,ON,RETRACTED,AUTO
19:44:06.892,-6.90,-26.79,0.00,77.45297429270545,ON,RETRACTED,AUTO
19:44:06.992,-6.53,-27.51,0.00,86.71021975951885,ON,RETRACTED,AUTO
19:44:07.094,-6.14,-28.22,0.00,96.37560463726277,ON,RETRACTED,AUTO
19:44:07.196,-5.74,-28.91,0.00,106.42497049737787,ON,RETRACTED,AUTO
19:44:07.329,-5.33,-29.60,0.00,116.8331991588222,ON,RETRACTED,AUTO
19:44:07.431,-4.90,-30.27,0.00,127.57427547044267,ON,RETRACTED,AUTO
19:44:07.530,-4.46,-30.93,0.00,138.62135233530444,ON,RETRACTED,AUTO
19:44:07.631,-4.00,-31.58,0.00,149.9468178144516,ON,RETRACTED,AUTO
19:44:07.748,-3.54,-32.21,0.00,161.52236414237444,ON,RETRACTED,AUTO
19:44:07.849,-3.07,-32.83,0.00,173.31905848168094,ON,RETRACTED,AUTO
19:44:07.950,-2.59,-33.44,0.00,185.30741524012228,ON,RETRACTED,AUTO
19:44:08.050,-2.10,-34.04,0.00,197.45746976921765,ON,RETRACTED,AUTO
19:44:08.151,-1.61,-34.62,0.00,619.4777065205403,ON,DEPLOYED,AUTO
19:44:08.252,-1.12,-35.19,0.00,644.2417373011457,ON,DEPLOYED,AUTO
19:44:08.354,-0.62,-35.74,0.00,669.1451347001573,ON,DEPLOYED,AUTO
19:44:08.455,-0.12,-36.28,0.00,694.1256531935159,ON,DEPLOYED,AUTO
19:44:08.556,0.38,-36.81,0.00,719.12085449459,ON,DEPLOYED,AUTO
19:44:08.657,0.88,-37.32,0.00,744.068263617376,ON,DEPLOYED,AUTO
19:44:08.758,1.38,-37.81,0.00,768.9055250314257,ON,DEPLOYED,AUTO
19:44:08.860,1.87,-38.29,0.00,793.5705585181993,ON,DEPLOYED,AUTO
19:44:08.965,2.36,-38.76,0.00,818.0017143392806,ON,DEPLOYED,AUTO
19:44:09.065,2.84,-39.21,0.00,842.1379273286163,ON,DEPLOYED,AUTO
19:44:09.169,3.32,-39.64,0.00,865.9188695236296,ON,DEPLOYED,AUTO
19:44:09.269,3.79,-40.06,0.00,889.2851009537076,ON,DEPLOYED,AUTO
19:44:09.371,4.24,-40.46,0.00,912.1782182091728,ON,DEPLOYED,AUTO
19:44:09.473,4.69,-40.85,0.00,934.5410004193911,ON,DEPLOYED,AUTO
19:44:09.578,5.13,-41.22,0.00,956.3175522751485,ON,DEPLOYED,AUTO
19:44:09.682,5.55,-41.57,0.00,977.4534437378142,ON,DEPLOYED,AUTO
19:44:09.783,5.96,-41.91,0.00,997.8958460860904,ON,DEPLOYED,AUTO
19:44:09.883,6.35,-42.23,0.00,1017.5936639603036,ON,DEPLOYED,AUTO
19:44:09.984,6.73,-42.53,0.00,1036.497663074193,ON,DEPLOYED,AUTO
19:44:10.084,7.09,-42.81,0.00,1054.5605932749863,ON,DEPLOYED,AUTO
19:44:10.187,7.43,-43.08,0.00,1071.7373066441728,ON,DEPLOYED,AUTO
19:44:10.289,7.76,-43.33,0.00,1087.9848703437892,ON,DEPLOYED,AUTO
19:44:10.390,8.07,-43.57,0.00,1103.2626739261534,ON,DEPLOYED,AUTO
19:44:10.491,8.35,-43.78,0.00,1117.5325308388356,ON,DEPLOYED,AUTO
19:44:10.601,8.62,-43.98,0.00,1130.7587738711518,ON,DEPLOYED,AUTO
19:44:10.702,8.86,-44.16,0.00,1142.9083443036147,ON,DEPLOYED,AUTO
19:44:10.802,9.08,-44.33,0.00,1153.9508745375176,ON,DEPLOYED,AUTO
19:44:10.903,9.28,-44.47,0.00,1163.8587639981135,ON,DEPLOYED,AUTO
19:44:11.003,9.45,-44.60,0.00,1172.6072481216802,ON,DEPLOYED,AUTO
19:44:11.104,9.60,-44.71,0.00,1180.1744602540311,ON,DEPLOYED,AUTO
19:44:11.205,9.73,-44.81,0.00,1186.5414863057626,ON,DEPLOYED,AUTO
19:44:11.306,9.83,-44.88,0.00,1191.692412027629,ON,DEPLOYED,AUTO
19:44:11.406,9.91,-44.94,0.00,1195.6143627878753,ON,DEPLOYED,AUTO
19:44:11.509,9.97,-44.98,0.00,1198.2975357521134,ON,DEPLOYED,AUTO
19:44:11.609,9.99,-45.00,0.00,1199.7352243853022,ON,DEPLOYED,AUTO
19:44:11.710,10.00,-45.00,0.00,1199.9238352145924,ON,DEPLOYED,AUTO
19:44:11.810,9.98,-44.98,0.00,1198.8628968111375,ON,DEPLOYED,AUTO
19:44:11.911,9.93,-44.95,0.00,1196.5550609684199,ON,DEPLOYED,AUTO
19:44:12.012,9.86,-44.90,0.00,1193.006096074149,ON,DEPLOYED,AUTO
19:44:12.112,9.76,-44.83,0.00,1188.2248726922953,ON,DEPLOYED,AUTO
19:44:12.213,9.64,-44.74,0.00,1182.2233413913004,ON,DEPLOYED,AUTO
19:44:12.314,9.50,-44.64,0.00,1175.01650287388,ON,DEPLOYED,AUTO
19:44:12.414,9.33,-44.51,0.00,1166.6223704830786,ON,DEPLOYED,AUTO
19:44:12.515,9.14,-44.37,0.00,1157.061925178294,ON,DEPLOYED,AUTO
19:44:12.616,8.93,-44.22,0.00,1146.3590630938043,ON,DEPLOYED,AUTO
19:44:12.717,8.69,-44.04,0.00,1134.5405358108783,ON,DEPLOYED,AUTO
19:44:12.818,8.43,-43.85,0.00,1121.6358834927537,ON,DEPLOYED,AUTO
19:44:12.918,8.15,-43.63,0.00,1107.6773610496127,ON,DEPLOYED,AUTO
19:44:13.020,7.85,-43.41,0.00,1092.6998575181058,ON,DEPLOYED,AUTO
19:44:13.120,7.53,-43.16,0.00,1076.7408088569287,ON,DEPLOYED,AUTO
19:44:13.221,7.20,-42.90,0.00,1059.8401043764227,ON,DEPLOYED,AUTO
19:44:13.321,6.84,-42.62,0.00,1042.0399870360727,ON,DEPLOYED,AUTO
19:44:13.421,6.47,-42.32,0.00,1023.3849478591083,ON,DEPLOYED,AUTO
19:44:13.522,6.08,-42.00,0.00,1003.9216147281154,ON,DEPLOYED,AUTO
19:44:13.624,5.67,-41.67,0.00,983.6986358396139,ON,DEPLOYED,AUTO
19:44:13.723,5.26,-41.32,0.00,962.7665581089014,ON,DEPLOYED,AUTO
19:44:13.824,4.82,-40.96,0.00,941.1777008290901,ON,DEPLOYED,AUTO
19:44:13.924,4.38,-40.58,0.00,918.9860249001202,ON,DEPLOYED,AUTO
19:44:14.025,3.92,-40.18,0.00,896.2469979546131,ON,DEPLOYED,AUTO
19:44:14.125,3.46,-39.77,0.00,873.0174557176767,ON,DEPLOYED,AUTO
19:44:14.226,2.99,-39.34,0.00,849.3554599471922,ON,DEPLOYED,AUTO
19:44:14.327,2.51,-38.89,0.00,825.3201533096568,ON,DEPLOYED,AUTO
19:44:14.428,2.02,-38.43,0.00,800.9716115543192,ON,DEPLOYED,AUTO
19:44:14.554,1.53,-37.96,0.00,776.3706933550927,ON,DEPLOYED,AUTO
19:44:14.654,1.03,-37.47,0.00,751.5788881955652,ON,DEPLOYED,AUTO
19:44:14.755,0.53,-36.96,0.00,726.6581626773137,ON,DEPLOYED,AUTO
19:44:14.856,0.03,-36.44,0.00,701.6708056356712,ON,DEPLOYED,AUTO
19:44:14.957,-0.47,-35.91,0.00,676.6792724500782,ON,DEPLOYED,AUTO
19:44:15.056,-0.97,-35.36,0.00,651.7460289381603,ON,DEPLOYED,AUTO
19:44:15.157,-1.46,-34.79,0.00,626.9333952237155,ON,DEPLOYED,AUTO
19:44:15.258,-1.95,-34.21,0.00,602.3033899688605,ON,DEPLOYED,AUTO
19:44:15.358,-2.44,-33.62,0.00,188.9587876798372,ON,RETRACTED,AUTO
19:44:15.459,-2.92,-33.02,0.00,176.91845161639674,ON,RETRACTED,AUTO
19:44:15.559,-3.40,-32.40,0.00,165.060781363782,ON,RETRACTED,AUTO
19:44:15.660,-3.86,-31.77,0.00,153.4154149222694,ON,RETRACTED,AUTO
19:44:15.760,-4.32,-31.13,0.00,142.01145964317334,ON,RETRACTED,AUTO
19:44:15.861,-4.76,-30.47,0.00,130.87741947562668,ON,RETRACTED,AUTO
19:44:15.962,-5.20,-29.80,0.00,120.04112372155245,ON,RETRACTED,AUTO
19:44:16.062,-5.62,-29.12,0.00,109.52965747690229,ON,RETRACTED,AUTO
19:44:16.163,-6.03,-28.43,0.00,99.36929393302225,ON,RETRACTED,AUTO
19:44:16.263,-6.42,-27.73,0.00,89.58542870735712,ON,RETRACTED,AUTO
19:44:16.364,-6.79,-27.01,0.00,80.20251636763277,ON,RETRACTED,AUTO
19:44:16.467,-7.15,-26.29,0.00,71.24400930817237,ON,RETRACTED,AUTO
19:44:16.566,-7.49,-25.55,0.00,62.73229913112448,ON,RETRACTED,AUTO
19:44:16.666,-7.81,-24.80,0.00,54.68866067911887,ON,RETRACTED,AUTO
19:44:16.768,-8.11,-24.05,0.00,47.133198859239826,ON,RETRACTED,AUTO
19:44:16.868,-8.40,-23.28,0.00,40.084798391228674,ON,RETRACTED,AUTO
19:44:16.969,-8.66,-22.51,0.00,33.56107660551959,ON,RETRACTED,AUTO
19:44:17.069,-8.90,-21.72,0.00,27.578339409088358,ON,RETRACTED,AUTO
