timestamp,pitch,roll,yaw,light,led_status,solar_status,mode
22:13:46.219,-8.46,-43.87,0.00,436.42630304417685,OFF,RETRACTED,MANUAL
22:13:46.318,-8.72,-44.06,0.00,435.5911311638271,OFF,RETRACTED,MANUAL
22:13:46.419,-8.95,-44.23,0.00,434.75131951486446,OFF,RETRACTED,MANUAL
22:13:46.519,-9.16,-44.39,0.00,433.9068890925364,OFF,RETRACTED,MANUAL
22:13:46.619,-9.35,-44.53,0.00,433.0578610075595,OFF,RETRACTED,MANUAL
22:13:46.720,-9.52,-44.65,0.00,432.20425648559166,OFF,RETRACTED,MANUAL
22:13:46.821,-9.66,-44.75,0.00,431.3460968667015,OFF,RETRACTED,MANUAL
22:13:46.920,-9.78,-44.84,0.00,430.48340360483473,OFF,RETRACTED,MANUAL
22:13:47.021,-9.87,-44.91,0.00,429.6161982672781,OFF,RETRACTED,MANUAL
22:13:47.121,-9.94,-44.95,0.00,428.74450253411976,OFF,RETRACTED,MANUAL
22:13:47.222,-9.98,-44.99,0.00,427.8683381977076,OFF,RETRACTED,MANUAL
22:13:47.323,-10.00,-45.00,0.00,426.98772716210453,OFF,RETRACTED,MANUAL
22:13:47.424,-9.99,-44.99,0.00,426.1026914425404,OFF,RETRACTED,MANUAL
22:13:47.524,-9.96,-44.97,0.00,425.21325316486235,OFF,RETRACTED,MANUAL
22:13:47.624,-9.90,-44.93,0.00,424.31943456498084,OFF,RETRACTED,MANUAL
22:13:47.725,-9.82,-44.87,0.00,423.42125798831427,OFF,RETRACTED,MANUAL
22:13:47.825,-9.72,-44.80,0.00,422.51874588923044,OFF,RETRACTED,MANUAL
22:13:47.926,-9.59,-44.70,0.00,421.61192083048456,OFF,RETRACTED,MANUAL
22:13:48.027,-9.43,-44.59,0.00,420.70080548265616,OFF,RETRACTED,MANUAL
22:13:48.127,-9.26,-44.46,0.00,419.7854226235814,OFF,RETRACTED,MANUAL
22:13:48.228,-9.06,-44.31,0.00,418.86579513778395,OFF,RETRACTED,MANUAL
22:13:48.328,-8.83,-44.15,0.00,417.9419460159031,OFF,RETRACTED,MANUAL
22:13:48.429,-8.59,-43.96,0.00,417.01389835411885,OFF,RETRACTED,MANUAL
22:13:48.530,-8.32,-43.76,0.00,416.08167535357444,OFF,RETRACTED,MANUAL
22:13:48.630,-8.03,-43.54,0.00,415.1453003197962,OFF,RETRACTED,MANUAL
22:13:48.730,-7.72,-43.31,0.00,414.20479666211133,OFF,RETRACTED,MANUAL
22:13:48.831,-7.40,-43.05,0.00,413.26018789306227,OFF,RETRACTED,MANUAL
22:13:48.932,-7.05,-42.78,0.00,412.3114976278189,OFF,RETRACTED,MANUAL
22:13:49.032,-6.69,-42.50,0.00,411.35874958358863,OFF,RETRACTED,MANUAL
22:13:49.133,-6.31,-42.19,0.00,410.40196757902277,OFF,RETRACTED,MANUAL
22:13:49.233,-5.91,-41.87,0.00,409.44117553362184,OFF,RETRACTED,MANUAL
22:13:49.334,-5.50,-41.53,0.00,408.47639746713674,OFF,RETRACTED,MANUAL
22:13:49.435,-5.08,-41.18,0.00,407.5076574989688,OFF,RETRACTED,MANUAL
22:13:49.535,-4.64,-40.80,0.00,406.53497984756706,OFF,RETRACTED,MANUAL
22:13:49.636,-4.19,-40.42,0.00,405.55838882982187,OFF,RETRACTED,MANUAL
22:13:49.736,-3.73,-40.01,0.00,404.577908860458,OFF,RETRACTED,MANUAL
22:13:49.836,-3.27,-39.59,0.00,403.5935644514236,OFF,RETRACTED,MANUAL
22:13:49.938,-2.79,-39.16,0.00,402.6053802112775,OFF,RETRACTED,MANUAL
22:13:50.038,-2.31,-38.71,0.00,401.61338084457435,OFF,RETRACTED,MANUAL
22:13:50.139,-1.82,-38.24,0.00,400.61759115124653,OFF,RETRACTED,MANUAL
22:13:50.239,-1.32,-37.76,0.00,399.6180360259847,OFF,RETRACTED,MANUAL
22:13:50.340,-0.83,-37.26,0.00,398.61474045761474,OFF,RETRACTED,MANUAL
22:13:50.440,-0.33,-36.75,0.00,397.60772952847367,OFF,RETRACTED,MANUAL
22:13:50.540,0.17,-36.22,0.00,396.59702841378237,OFF,RETRACTED,MANUAL
22:13:50.641,0.67,-35.68,0.00,395.5826623810159,OFF,RETRACTED,MANUAL
22:13:50.741,1.17,-35.13,0.00,394.56465678927236,OFF,RETRACTED,MANUAL
22:13:50.842,1.66,-34.56,0.00,393.5430370886385,OFF,RETRACTED,MANUAL
22:13:50.943,2.16,-33.97,0.00,392.5178288195536,OFF,RETRACTED,MANUAL
22:13:51.043,2.64,-33.38,0.00,391.489057612171,OFF,RETRACTED,MANUAL
22:13:51.144,3.12,-32.77,0.00,390.4567491857173,OFF,RETRACTED,MANUAL
22:13:51.244,3.59,-32.14,0.00,389.42092934784944,OFF,RETRACTED,MANUAL
22:13:51.345,4.05,-31.51,0.00,388.38162399400943,OFF,RETRACTED,MANUAL
22:13:51.446,4.50,-30.86,0.00,387.33885910677685,OFF,RETRACTED,MANUAL
22:13:51.546,4.94,-30.20,0.00,386.29266075521974,OFF,RETRACTED,MANUAL
22:13:51.647,5.37,-29.52,0.00,385.2430550942422,OFF,RETRACTED,MANUAL
22:13:51.747,5.79,-28.84,0.00,384.19006836393135,OFF,RETRACTED,MANUAL
22:13:51.847,6.19,-28.14,0.00,383.1337268889004,OFF,RETRACTED,MANUAL
22:13:51.948,6.57,-27.43,0.00,382.0740570776312,OFF,RETRACTED,MANUAL
22:13:52.049,6.94,-26.71,0.00,381.011085421814,OFF,RETRACTED,MANUAL
22:13:52.149,7.29,-25.98,0.00,379.9448384956847,OFF,RETRACTED,MANUAL
22:13:52.250,7.63,-25.24,0.00,378.875342955361,OFF,RETRACTED,MANUAL
22:13:52.351,7.94,-24.49,0.00,377.8026255381757,OFF,RETRACTED,MANUAL
22:13:52.451,8.23,-23.73,0.00,376.72671306200823,OFF,RETRACTED,MANUAL
22:13:52.552,8.51,-22.97,0.00,375.6476324246146,OFF,RETRACTED,MANUAL
22:13:52.652,8.76,-22.19,0.00,374.56541060295444,OFF,RETRACTED,MANUAL
22:13:52.753,8.99,-21.40,0.00,373.4800746525171,OFF,RETRACTED,MANUAL
22:13:52.854,9.20,-20.60,0.00,372.39165170664467,OFF,RETRACTED,MANUAL
22:13:52.954,9.38,-19.80,0.00,371.30016897585404,OFF,RETRACTED,MANUAL
22:13:53.055,9.54,-18.99,0.00,370.2056537471568,OFF,RETRACTED,MANUAL
22:13:53.155,9.68,-18.17,0.00,369.1081333833765,OFF,RETRACTED,MANUAL
22:13:53.257,9.79,-17.34,0.00,368.00763532246526,OFF,RETRACTED,MANUAL
22:13:53.357,9.88,-16.51,0.00,366.9041870768172,OFF,RETRACTED,MANUAL
22:13:53.458,9.95,-15.67,0.00,365.7978162325809,OFF,RETRACTED,MANUAL
22:13:53.558,9.99,-14.82,0.00,364.68855044897,OFF,RETRACTED,MANUAL
22:13:53.659,10.00,-13.97,0.00,363.5764174575711,OFF,RETRACTED,MANUAL
22:13:53.760,9.99,-13.11,0.00,362.46144506165126,OFF,RETRACTED,MANUAL
22:13:53.860,9.95,-12.24,0.00,361.3436611354623,OFF,RETRACTED,MANUAL
22:13:53.960,9.89,-11.38,0.00,360.223093623544,OFF,RETRACTED,MANUAL
22:13:54.061,9.81,-10.50,0.00,359.099770540026,OFF,RETRACTED,MANUAL
22:13:54.162,9.70,-9.63,0.00,357.9737199679266,OFF,RETRACTED,MANUAL
22:13:54.262,9.56,-8.74,0.00,356.84497005845185,OFF,RETRACTED,MANUAL
22:13:54.362,9.41,-7.86,0.00,355.7135490302904,OFF,RETRACTED,MANUAL
22:13:54.463,9.22,-6.97,0.00,354.579485168909,OFF,RETRACTED,MANUAL
22:13:54.563,9.02,-6.08,0.00,353.4428068258453,OFF,RETRACTED,MANUAL
22:13:54.664,8.79,-5.19,0.00,352.30354241799853,OFF,RETRACTED,MANUAL
22:13:54.764,8.54,-4.29,0.00,351.1617204269197,OFF,RETRACTED,MANUAL
22:13:54.864,8.27,-3.40,0.00,350.01736939809905,OFF,RETRACTED,MANUAL
22:13:54.965,7.98,-2.50,0.00,348.8705179402526,OFF,RETRACTED,MANUAL
22:13:55.066,7.67,-1.60,0.00,347.72119472460724,OFF,RETRACTED,MANUAL
22:13:55.167,7.34,-0.70,0.00,346.5694284841833,OFF,RETRACTED,MANUAL
22:13:55.267,6.99,0.20,0.00,345.41524801307696,OFF,RETRACTED,MANUAL
22:13:55.367,6.63,1.10,0.00,344.25868216573986,OFF,RETRACTED,MANUAL
22:13:55.468,6.24,2.00,0.00,343.09975985625783,OFF,RETRACTED,MANUAL
22:13:55.568,5.85,2.90,0.00,341.9385100576285,OFF,RETRACTED,MANUAL
22:13:55.669,5.43,3.79,0.00,340.77496180103594,OFF,RETRACTED,MANUAL
22:13:55.771,5.01,4.69,0.00,339.6091441751264,OFF,RETRACTED,MANUAL
22:13:55.872,4.57,5.58,0.00,338.4410863252797,OFF,RETRACTED,MANUAL
22:13:55.972,4.12,6.48,0.00,337.2708174528809,OFF,RETRACTED,MANUAL
22:13:56.072,3.66,7.37,0.00,336.0983668145914,OFF,RETRACTED,MANUAL
22:13:56.173,3.19,8.25,0.00,334.9237637216156,OFF,RETRACTED,MANUAL
22:13:56.274,2.71,9.14,0.00,333.74703753897,OFF,RETRACTED,MANUAL
22:13:56.374,2.22,10.01,0.00,332.56821768474776,OFF,RETRACTED,MANUAL
22:13:56.474,1.73,10.89,0.00,331.3873336293837,OFF,RETRACTED,MANUAL
22:13:56.575,1.24,11.76,0.00,330.20441489491793,OFF,RETRACTED,MANUAL
22:13:56.675,0.74,12.63,0.00,329.01949105425706,OFF,RETRACTED,MANUAL
22:13:56.776,0.24,13.49,0.00,327.83259173043547,OFF,RETRACTED,MANUAL
22:13:56.876,-0.26,14.34,0.00,326.6437465958744,OFF,RETRACTED,MANUAL
22:13:56.979,-0.76,15.19,0.00,325.4529853716402,OFF,RETRACTED,MANUAL
22:13:57.079,-1.25,16.04,0.00,324.26033782670163,OFF,RETRACTED,MANUAL
22:13:57.180,-1.75,16.88,0.00,323.06583377718505,OFF,RETRACTED,MANUAL
22:13:57.281,-2.24,17.71,0.00,321.8695030856296,OFF,RETRACTED,MANUAL
22:13:57.382,-2.72,18.53,0.00,320.67137566024024,OFF,RETRACTED,MANUAL
22:13:57.482,-3.20,19.35,0.00,319.4714814541401,OFF,RETRACTED,MANUAL
22:13:57.583,-3.67,20.16,0.00,318.269850464622,OFF,RETRACTED,MANUAL
22:13:57.683,-4.13,20.96,0.00,317.0665127323978,OFF,RETRACTED,MANUAL
22:13:57.784,-4.58,21.75,0.00,315.8614983408486,OFF,RETRACTED,MANUAL
22:13:57.886,-5.02,22.53,0.00,314.65483741527106,OFF,RETRACTED,MANUAL
22:13:57.986,-5.44,23.31,0.00,313.4465601221255,OFF,RETRACTED,MANUAL
22:13:58.086,-5.86,24.07,0.00,312.23669666828147,OFF,RETRACTED,MANUAL
22:13:58.188,-6.25,24.83,0.00,311.02527730026213,OFF,RETRACTED,MANUAL
22:13:58.289,-6.64,25.57,0.00,309.8123323034888,OFF,RETRACTED,MANUAL
22:13:58.390,-7.00,26.31,0.00,308.5978920015231,OFF,RETRACTED,MANUAL
22:13:58.490,-7.35,27.03,0.00,307.38198675530924,OFF,RETRACTED,MANUAL
22:13:58.591,-7.68,27.75,0.00,306.16464696241525,OFF,RETRACTED,MANUAL
22:13:58.700,-7.99,28.45,0.00,304.9459030562723,OFF,RETRACTED,MANUAL
22:13:58.801,-8.28,29.14,0.00,303.7257855054148,OFF,RETRACTED,MANUAL
22:13:58.902,-8.55,29.82,0.00,302.5043248127179,OFF,RETRACTED,MANUAL
22:13:59.002,-8.80,30.49,0.00,301.2815515146352,OFF,RETRACTED,MANUAL
22:13:59.103,-9.03,31.15,0.00,300.0574961804357,OFF,RETRACTED,MANUAL
22:13:59.203,-9.23,31.79,0.00,298.83218941143866,OFF,RETRACTED,MANUAL
22:13:59.304,-9.41,32.42,0.00,297.6056618402498,OFF,RETRACTED,MANUAL
22:13:59.405,-9.57,33.04,0.00,296.3779441299944,OFF,RETRACTED,MANUAL
22:13:59.506,-9.70,33.64,0.00,295.14906697355116,OFF,RETRACTED,MANUAL
22:13:59.606,-9.81,34.23,0.00,293.91906109278517,OFF,RETRACTED,MANUAL
22:13:59.706,-9.89,34.81,0.00,292.6879572377792,OFF,RETRACTED,MANUAL
22:13:59.806,-9.95,35.37,0.00,291.4557861860658,OFF,RETRACTED,MANUAL
22:13:59.907,-9.99,35.92,0.00,290.2225787418568,OFF,RETRACTED,MANUAL
22:14:00.008,-10.00,36.46,0.00,288.98836573527416,OFF,RETRACTED,MANUAL
22:14:00.107,-9.98,36.98,0.00,287.75317802157883,OFF,RETRACTED,MANUAL
22:14:00.209,-9.95,37.48,0.00,286.5170464803992,OFF,RETRACTED,MANUAL
22:14:00.309,-9.88,37.97,0.00,285.28000201495956,OFF,RETRACTED,MANUAL
22:14:00.409,-9.79,38.45,0.00,284.04207555130705,OFF,RETRACTED,MANUAL
22:14:00.511,-9.68,38.91,0.00,282.8032980375387,OFF,RETRACTED,MANUAL
22:14:00.612,-9.54,39.35,0.00,281.563700443028,OFF,RETRACTED,MANUAL
22:14:00.712,-9.38,39.78,0.00,280.32331375765006,OFF,RETRACTED,MANUAL
22:14:00.812,-9.19,40.19,0.00,279.0821689910076,OFF,RETRACTED,MANUAL
22:14:00.913,-8.98,40.59,0.00,277.8402971716551,OFF,RETRACTED,MANUAL
22:14:01.014,-8.75,40.97,0.00,276.5977293463232,OFF,RETRACTED,MANUAL
22:14:01.115,-8.50,41.34,0.00,275.3544965791431,OFF,RETRACTED,MANUAL
22:14:01.215,-8.23,41.68,0.00,274.1106299508689,OFF,RETRACTED,MANUAL
22:14:01.317,-7.93,42.01,0.00,272.8661605581018,OFF,RETRACTED,MANUAL
22:14:01.416,-7.62,42.33,0.00,271.62111951251165,OFF,RETRACTED,MANUAL
22:14:01.517,-7.28,42.62,0.00,270.37553794005976,OFF,RETRACTED,MANUAL
22:14:01.618,-6.93,42.90,0.00,269.1294469802207,OFF,RETRACTED,MANUAL
22:14:01.718,-6.56,43.17,0.00,267.8828777852033,OFF,RETRACTED,MANUAL
22:14:01.819,-6.18,43.41,0.00,266.6358615191728,OFF,RETRACTED,MANUAL
22:14:01.920,-5.78,43.64,0.00,265.3884293574707,OFF,RETRACTED,MANUAL
22:14:02.020,-5.36,43.85,0.00,264.14061248583613,OFF,RETRACTED,MANUAL
22:14:02.121,-4.93,44.05,0.00,262.892442099626,OFF,RETRACTED,MANUAL
22:14:02.222,-4.49,44.22,0.00,261.64394940303475,OFF,RETRACTED,MANUAL
22:14:02.322,-4.04,44.38,0.00,260.395165608315,OFF,RETRACTED,MANUAL
22:14:02.425,-3.58,44.52,0.00,259.1461219349964,OFF,RETRACTED,MANUAL
22:14:02.524,-3.11,44.64,0.00,257.8968496091057,OFF,RETRACTED,MANUAL
22:14:02.626,-2.63,44.75,0.00,256.6473798623862,OFF,RETRACTED,MANUAL
22:14:02.727,-2.14,44.83,0.00,255.39774393151623,OFF,RETRACTED,MANUAL
22:14:02.828,-1.65,44.90,0.00,254.1479730573292,OFF,RETRACTED,MANUAL
22:14:02.928,-1.16,44.95,0.00,252.8980984840318,OFF,RETRACTED,MANUAL
22:14:03.028,-0.66,44.98,0.00,251.64815145842311,OFF,RETRACTED,MANUAL
22:14:03.128,-0.16,45.00,0.00,250.39816322911395,OFF,RETRACTED,MANUAL
22:14:03.229,0.34,45.00,0.00,249.14816504574466,OFF,RETRACTED,MANUAL
22:14:03.329,0.84,44.97,0.00,247.89818815820496,OFF,RETRACTED,MANUAL
22:14:03.431,1.34,44.94,0.00,246.64826381585186,OFF,RETRACTED,MANUAL
22:14:03.531,1.83,44.88,0.00,245.39842326672866,OFF,RETRACTED,MANUAL
22:14:03.632,2.32,44.80,0.00,244.14869775678426,OFF,RETRACTED,MANUAL
22:14:03.733,2.80,44.71,0.00,242.89911852909106,OFF,RETRACTED,MANUAL
22:14:03.833,3.28,44.60,0.00,241.64971682306492,OFF,RETRACTED,MANUAL
22:14:03.933,3.75,44.47,0.00,240.40052387368328,OFF,RETRACTED,MANUAL
22:14:04.033,4.21,44.32,0.00,239.15157091070472,OFF,RETRACTED,MANUAL
22:14:04.134,4.65,44.16,0.00,237.90288915788847,OFF,RETRACTED,MANUAL
22:14:04.235,5.09,43.98,0.00,236.65450983221314,OFF,RETRACTED,MANUAL
22:14:04.335,5.51,43.78,0.00,235.406464143097,OFF,RETRACTED,MANUAL
22:14:04.435,5.92,43.56,0.00,234.15878329161723,OFF,RETRACTED,MANUAL
22:14:04.536,6.32,43.33,0.00,232.9114984697302,OFF,RETRACTED,MANUAL
22:14:04.637,6.70,43.07,0.00,231.66464085949127,OFF,RETRACTED,MANUAL
22:14:04.737,7.06,42.80,0.00,230.41824163227605,OFF,RETRACTED,MANUAL
22:14:04.837,7.41,42.52,0.00,229.172331948,OFF,RETRACTED,MANUAL
22:14:04.939,7.73,42.22,0.00,227.92694295434046,OFF,RETRACTED,MANUAL
22:14:05.039,8.04,41.90,0.00,226.68210578595756,OFF,RETRACTED,MANUAL
22:14:05.141,8.33,41.56,0.00,225.4378515637154,OFF,RETRACTED,MANUAL
22:14:05.240,8.59,41.21,0.00,224.19421139390502,OFF,RETRACTED,MANUAL
22:14:05.342,8.84,40.84,0.00,222.95121636746563,OFF,RETRACTED,MANUAL
22:14:05.442,9.06,40.45,0.00,221.70889755920822,OFF,RETRACTED,MANUAL
22:14:05.543,9.26,40.05,0.00,220.46728602703848,OFF,RETRACTED,MANUAL
22:14:05.644,9.44,39.63,0.00,219.22641281117978,OFF,RETRACTED,MANUAL
22:14:05.745,9.59,39.19,0.00,217.98630893339816,OFF,RETRACTED,MANUAL
22:14:05.848,9.72,38.74,0.00,216.74700539622566,OFF,RETRACTED,MANUAL
22:14:05.947,9.83,38.28,0.00,215.50853318218637,OFF,RETRACTED,MANUAL
22:14:06.048,9.91,37.80,0.00,214.27092325302118,OFF,RETRACTED,MANUAL
22:14:06.149,9.96,37.30,0.00,213.0342065489137,OFF,RETRACTED,MANUAL
22:14:06.249,9.99,36.79,0.00,211.79841398771725,OFF,RETRACTED,MANUAL
22:14:06.349,10.00,36.26,0.00,210.56357646418138,OFF,RETRACTED,MANUAL
22:14:06.450,9.98,35.72,0.00,209.3297248491799,OFF,RETRACTED,MANUAL
22:14:06.550,9.94,35.17,0.00,208.09688998893907,OFF,RETRACTED,MANUAL
22:14:06.651,9.87,34.60,0.00,206.86510270426595,OFF,RETRACTED,MANUAL
22:14:06.752,9.77,34.02,0.00,205.63439378977873,OFF,RETRACTED,MANUAL
22:14:06.852,9.66,33.42,0.00,204.40479401313596,OFF,RETRACTED,MANUAL
22:14:06.952,9.51,32.81,0.00,203.1763341142681,OFF,RETRACTED,MANUAL
22:14:07.053,9.35,32.19,0.00,201.94904480460877,OFF,RETRACTED,MANUAL
22:14:07.153,9.16,31.56,0.00,200.72295676632655,OFF,RETRACTED,MANUAL
22:14:07.254,8.95,30.91,0.00,199.4981006515588,OFF,RETRACTED,MANUAL
22:14:07.354,8.71,30.25,0.00,198.2745070816443,OFF,RETRACTED,MANUAL
22:14:07.455,8.46,29.58,0.00,197.05220664635874,OFF,RETRACTED,MANUAL
22:14:07.555,8.18,28.89,0.00,195.83122990314945,OFF,RETRACTED,MANUAL
22:14:07.656,7.88,28.20,0.00,194.61160737637118,OFF,RETRACTED,MANUAL
22:14:07.757,7.56,27.49,0.00,193.3933695565238,OFF,RETRACTED,MANUAL
22:14:07.860,7.23,26.77,0.00,192.17654689948915,OFF,RETRACTED,MANUAL
22:14:07.961,6.87,26.04,0.00,190.96116982577036,OFF,RETRACTED,MANUAL
22:14:08.061,6.50,25.30,0.00,189.7472687197311,OFF,RETRACTED,MANUAL
22:14:08.162,6.11,24.55,0.00,188.53487392883557,OFF,RETRACTED,MANUAL
22:14:08.309,5.71,23.80,0.00,187.32401576289064,OFF,RETRACTED,MANUAL
22:14:08.409,5.29,23.03,0.00,186.11472449328716,OFF,RETRACTED,MANUAL
22:14:08.509,4.86,22.25,0.00,184.90703035224396,OFF,RETRACTED,MANUAL
22:14:08.610,4.42,21.46,0.00,183.70096353205184,OFF,RETRACTED,MANUAL
22:14:08.711,3.96,20.67,0.00,182.4965541843182,OFF,RETRACTED,MANUAL
22:14:08.812,3.50,19.86,0.00,181.2938324192143,OFF,RETRACTED,MANUAL
22:14:08.911,3.03,19.05,0.00,180.09282830472137,OFF,RETRACTED,MANUAL
22:14:09.017,2.55,18.23,0.00,178.89357186587978,OFF,RETRACTED,MANUAL
22:14:09.118,2.06,17.41,0.00,177.69609308403824,OFF,RETRACTED,MANUAL
22:14:09.219,1.57,16.57,0.00,176.50042189610366,OFF,RETRACTED,MANUAL
22:14:09.319,1.07,15.73,0.00,175.30658819379363,OFF,RETRACTED,MANUAL
22:14:09.421,0.57,14.89,0.00,174.11462182288844,OFF,RETRACTED,MANUAL
22:14:09.521,0.08,14.03,0.00,172.9245525824853,OFF,RETRACTED,MANUAL
22:14:09.621,-0.42,13.18,0.00,171.73641022425335,OFF,RETRACTED,MANUAL
22:14:09.722,-0.92,12.31,0.00,170.55022445168945,OFF,RETRACTED,MANUAL
22:14:09.822,-1.42,11.45,0.00,169.36602491937637,OFF,RETRACTED,MANUAL
22:14:09.923,-1.91,10.57,0.00,168.18384123224052,OFF,RETRACTED,MANUAL
22:14:10.023,-2.40,9.70,0.00,167.0037029448126,OFF,RETRACTED,MANUAL
22:14:10.124,-2.88,8.82,0.00,165.82563956048844,OFF,RETRACTED,MANUAL
22:14:10.224,-3.36,7.93,0.00,164.6496805307911,OFF,RETRACTED,MANUAL
22:14:10.325,-3.82,7.04,0.00,163.4758552546353,OFF,RETRACTED,MANUAL
22:14:10.425,-4.28,6.15,0.00,162.3041930775915,OFF,RETRACTED,MANUAL
22:14:10.525,-4.73,5.26,0.00,161.1347232911533,OFF,RETRACTED,MANUAL
22:14:10.626,-5.16,4.37,0.00,159.96747513200455,OFF,RETRACTED,MANUAL
22:14:10.728,-5.58,3.47,0.00,158.8024777812882,OFF,RETRACTED,MANUAL
22:14:10.828,-5.99,2.57,0.00,157.63976036387754,OFF,RETRACTED,MANUAL
22:14:10.928,-6.38,1.67,0.00,156.47935194764727,OFF,RETRACTED,MANUAL
22:14:11.029,-6.76,0.77,0.00,155.3212815427474,OFF,RETRACTED,MANUAL
22:14:11.130,-7.12,-0.13,0.00,154.16557810087792,OFF,RETRACTED,MANUAL
22:14:11.230,-7.46,-1.03,0.00,153.01227051456445,OFF,RETRACTED,MANUAL
22:14:11.330,-7.79,-1.93,0.00,151.8613876164368,OFF,RETRACTED,MANUAL
22:14:11.432,-8.09,-2.83,0.00,150.71295817850722,OFF,RETRACTED,MANUAL
22:14:11.532,-8.37,-3.72,0.00,149.56701091145197,OFF,RETRACTED,MANUAL
22:14:11.632,-8.64,-4.62,0.00,148.42357446389315,OFF,RETRACTED,MANUAL
22:14:11.734,-8.88,-5.51,0.00,147.28267742168225,OFF,RETRACTED,MANUAL
22:14:11.833,-9.10,-6.41,0.00,146.14434830718602,OFF,RETRACTED,MANUAL
22:14:11.934,-9.29,-7.30,0.00,145.00861557857286,OFF,RETRACTED,MANUAL
22:14:12.035,-9.47,-8.18,0.00,143.87550762910195,OFF,RETRACTED,MANUAL
22:14:12.136,-9.62,-9.07,0.00,142.74505278641308,OFF,RETRACTED,MANUAL
22:14:12.235,-9.74,-9.94,0.00,141.61727931181827,OFF,RETRACTED,MANUAL
22:14:12.337,-9.84,-10.82,0.00,140.49221539959586,OFF,RETRACTED,MANUAL
22:14:12.437,-9.92,-11.69,0.00,139.3698891762848,OFF,RETRACTED,MANUAL
22:14:12.538,-9.97,-12.56,0.00,138.25032869998236,OFF,RETRACTED,MANUAL
22:14:12.638,-10.00,-13.42,0.00,137.13356195964224,OFF,RETRACTED,MANUAL
22:14:12.739,-10.00,-14.28,0.00,136.01961687437455,OFF,RETRACTED,MANUAL
22:14:12.839,-9.97,-15.13,0.00,134.90852129274865,OFF,RETRACTED,MANUAL
22:14:12.940,-9.93,-15.97,0.00,133.80030299209596,OFF,RETRACTED,MANUAL
22:14:13.041,-9.85,-16.81,0.00,132.69498967781647,OFF,RETRACTED,MANUAL
22:14:13.142,-9.76,-17.64,0.00,131.59260898268545,OFF,RETRACTED,MANUAL
22:14:13.243,-9.63,-18.47,0.00,130.49318846616274,OFF,RETRACTED,MANUAL
22:14:13.344,-9.49,-19.28,0.00,129.39675561370413,OFF,RETRACTED,MANUAL
22:14:13.444,-9.32,-20.09,0.00,128.3033378360737,OFF,RETRACTED,MANUAL
22:14:13.545,-9.12,-20.89,0.00,127.21296246865899,OFF,RETRACTED,MANUAL
22:14:13.646,-8.91,-21.69,0.00,126.1256567707875,OFF,RETRACTED,MANUAL
22:14:13.746,-8.67,-22.47,0.00,125.04144792504489,OFF,RETRACTED,MANUAL
22:14:13.846,-8.41,-23.25,0.00,123.96036303659596,OFF,RETRACTED,MANUAL
22:14:13.947,-8.13,-24.01,0.00,122.88242913250649,OFF,RETRACTED,MANUAL
22:14:14.048,-7.83,-24.77,0.00,121.80767316106801,OFF,RETRACTED,MANUAL
22:14:14.149,-7.51,-25.51,0.00,120.73612199112387,OFF,RETRACTED,MANUAL
22:14:14.248,-7.17,-26.25,0.00,119.66780241139745,OFF,RETRACTED,MANUAL
22:14:14.349,-6.81,-26.98,0.00,118.60274112982265,OFF,RETRACTED,MANUAL
22:14:14.451,-6.44,-27.69,0.00,117.5409647728759,OFF,RETRACTED,MANUAL
22:14:14.550,-6.04,-28.39,0.00,116.48249988491094,OFF,RETRACTED,MANUAL
22:14:14.651,-5.64,-29.09,0.00,115.42737292749493,OFF,RETRACTED,MANUAL
22:14:14.751,-5.22,-29.77,0.00,114.37561027874665,OFF,RETRACTED,MANUAL
22:14:14.852,-4.79,-30.44,0.00,113.32723823267773,OFF,RETRACTED,MANUAL
22:14:14.953,-4.34,-31.09,0.00,112.28228299853455,OFF,RETRACTED,MANUAL
22:14:15.053,-3.89,-31.74,0.00,111.2407707001436,OFF,RETRACTED,MANUAL
22:14:15.154,-3.42,-32.37,0.00,110.20272737525818,OFF,RETRACTED,MANUAL
22:14:15.259,-2.95,-32.99,0.00,109.16817897490722,OFF,RETRACTED,MANUAL
22:14:15.361,-2.47,-33.59,0.00,108.13715136274695,OFF,RETRACTED,MANUAL
22:14:15.462,-1.98,-34.19,0.00,107.10967031441388,OFF,RETRACTED,MANUAL
22:14:15.565,-1.49,-34.76,0.00,106.08576151688072,OFF,RETRACTED,MANUAL
22:14:15.665,-0.99,-35.33,0.00,105.06545056781422,OFF,RETRACTED,MANUAL
22:14:15.768,-0.49,-35.88,0.00,104.04876297493476,OFF,RETRACTED,MANUAL
22:14:15.868,0.01,-36.42,0.00,103.0357241553794,OFF,RETRACTED,MANUAL
22:14:15.969,0.51,-36.94,0.00,102.02635943506567,OFF,RETRACTED,MANUAL
22:14:16.069,1.01,-37.44,0.00,101.02069404805914,OFF,RETRACTED,MANUAL
22:14:16.170,1.50,-37.93,0.00,100.01875313594215,OFF,RETRACTED,MANUAL
22:14:16.270,2.00,-38.41,0.00,99.02056174718513,OFF,RETRACTED,MANUAL
22:14:16.371,2.48,-38.87,0.00,98.02614483652104,OFF,RETRACTED,MANUAL
22:14:16.472,2.96,-39.32,0.00,97.03552726432059,OFF,RETRACTED,MANUAL
22:14:16.572,3.44,-39.75,0.00,96.04873379597171,OFF,RETRACTED,MANUAL
22:14:16.673,3.90,-40.16,0.00,95.0657891012597,OFF,RETRACTED,MANUAL
22:14:16.777,4.36,-40.56,0.00,94.0867177537506,OFF,RETRACTED,MANUAL
22:14:16.877,4.80,-40.94,0.00,93.11154423017726,OFF,RETRACTED,MANUAL
22:14:16.982,5.23,-41.31,0.00,92.1402929098268,OFF,RETRACTED,MANUAL
22:14:17.083,5.65,-41.66,0.00,91.17298807393175,OFF,RETRACTED,MANUAL
22:14:17.184,6.06,-41.99,0.00,90.20965390506271,OFF,RETRACTED,MANUAL
22:14:17.284,6.45,-42.30,0.00,89.25031448652356,OFF,RETRACTED,MANUAL
22:14:17.384,6.82,-42.60,0.00,88.29499380174997,OFF,RETRACTED,MANUAL
22:14:17.484,7.18,-42.88,0.00,87.34371573370908,OFF,RETRACTED,MANUAL
22:14:17.585,7.52,-43.15,0.00,86.39650406430317,OFF,RETRACTED,MANUAL
22:14:17.686,7.84,-43.39,0.00,85.45338247377475,OFF,RETRACTED,MANUAL
22:14:17.786,8.14,-43.62,0.00,84.51437454011429,OFF,RETRACTED,MANUAL
22:14:17.887,8.42,-43.84,0.00,83.57950373847137,OFF,RETRACTED,MANUAL
22:14:17.987,8.68,-44.03,0.00,82.64879344056718,OFF,RETRACTED,MANUAL
22:14:18.088,8.92,-44.21,0.00,81.72226691411075,OFF,RETRACTED,MANUAL
22:14:18.188,9.13,-44.37,0.00,80.7999473222171,OFF,RETRACTED,MANUAL
22:14:18.289,9.32,-44.51,0.00,79.88185772282779,OFF,RETRACTED,MANUAL
22:14:18.389,9.49,-44.63,0.00,78.96802106813522,OFF,RETRACTED,MANUAL
22:14:18.490,9.64,-44.74,0.00,78.05846020400796,OFF,RETRACTED,MANUAL
22:14:18.590,9.76,-44.83,0.00,77.15319786942027,OFF,RETRACTED,MANUAL
22:14:18.690,9.86,-44.90,0.00,76.25225669588355,OFF,RETRACTED,MANUAL
22:14:18.791,9.93,-44.95,0.00,75.35565920687995,OFF,RETRACTED,MANUAL
22:14:18.891,9.98,-44.98,0.00,74.46342781730021,OFF,RETRACTED,MANUAL
22:14:18.992,10.00,-45.00,0.00,73.57558483288247,OFF,RETRACTED,MANUAL
22:14:19.092,10.00,-45.00,0.00,72.69215244965511,OFF,RETRACTED,MANUAL
22:14:19.193,9.97,-44.98,0.00,71.81315275338181,OFF,RETRACTED,MANUAL
22:14:19.294,9.92,-44.94,0.00,70.9386077190091,OFF,RETRACTED,MANUAL
22:14:19.394,9.84,-44.88,0.00,70.06853921011734,OFF,RETRACTED,MANUAL
22:14:19.495,9.74,-44.81,0.00,69.2029689783738,OFF,RETRACTED,MANUAL
22:14:19.596,9.61,-44.72,0.00,68.34191866298934,OFF,RETRACTED,MANUAL
22:14:19.697,9.46,-44.61,0.00,67.48540979017702,OFF,RETRACTED,MANUAL
22:14:19.797,9.29,-44.48,0.00,66.63346377261388,OFF,RETRACTED,MANUAL
22:14:19.897,9.09,-44.34,0.00,65.78610190890618,OFF,RETRACTED,MANUAL
22:14:19.998,8.87,-44.17,0.00,64.94334538305623,OFF,RETRACTED,MANUAL
22:14:20.098,8.63,-43.99,0.00,64.10521526393336,OFF,RETRACTED,MANUAL
22:14:20.199,8.36,-43.79,0.00,63.27173250474692,OFF,RETRACTED,MANUAL
22:14:20.300,8.08,-43.58,0.00,62.44291794252237,OFF,RETRACTED,MANUAL
22:14:20.401,7.78,-43.35,0.00,61.61879229758077,OFF,RETRACTED,MANUAL
22:14:20.501,7.45,-43.09,0.00,60.79937617302011,OFF,RETRACTED,MANUAL
22:14:20.602,7.11,-42.83,0.00,59.98469005420097,OFF,RETRACTED,MANUAL
22:14:20.702,6.75,-42.54,0.00,59.17475430823379,OFF,RETRACTED,MANUAL
22:14:20.803,6.37,-42.24,0.00,58.36958918347028,OFF,RETRACTED,MANUAL
22:14:20.904,5.98,-41.92,0.00,57.56921480899629,OFF,RETRACTED,MANUAL
22:14:21.004,5.57,-41.59,0.00,56.773651194129656,OFF,RETRACTED,MANUAL
22:14:21.104,5.15,-41.23,0.00,55.98291822791933,OFF,RETRACTED,MANUAL
22:14:21.205,4.71,-40.87,0.00,55.197035678648206,OFF,RETRACTED,MANUAL
22:14:21.306,4.27,-40.48,0.00,54.4160231933393,OFF,RETRACTED,MANUAL
22:14:21.406,3.81,-40.08,0.00,53.63990029726375,OFF,RETRACTED,MANUAL
22:14:21.506,3.34,-39.66,0.00,52.868686393453714,OFF,RETRACTED,MANUAL
22:14:21.607,2.87,-39.23,0.00,52.10240076221655,OFF,RETRACTED,MANUAL
22:14:21.708,2.38,-38.78,0.00,51.3410625606532,OFF,RETRACTED,MANUAL
22:14:21.808,1.90,-38.32,0.00,50.58469082217917,OFF,RETRACTED,MANUAL
22:14:21.908,1.40,-37.84,0.00,49.83330445604824,OFF,RETRACTED,MANUAL
22:14:22.009,0.91,-37.34,0.00,49.08692224688059,OFF,RETRACTED,MANUAL
22:14:22.109,0.41,-36.83,0.00,48.34556285419251,OFF,RETRACTED,MANUAL
22:14:22.209,-0.09,-36.31,0.00,47.60924481193024,OFF,RETRACTED,MANUAL
22:14:22.310,-0.59,-35.77,0.00,46.87798652800666,OFF,RETRACTED,MANUAL
22:14:22.411,-1.09,-35.21,0.00,46.15180628384047,OFF,RETRACTED,MANUAL
22:14:22.512,-1.59,-34.65,0.00,45.4307222339001,OFF,RETRACTED,MANUAL
22:14:22.612,-2.08,-34.07,0.00,44.71475240524924,OFF,RETRACTED,MANUAL
22:14:22.713,-2.56,-33.47,0.00,44.00391469709632,OFF,RETRACTED,MANUAL
22:14:22.813,-3.04,-32.86,0.00,43.29822688034716,OFF,RETRACTED,MANUAL
22:14:22.914,-3.52,-32.24,0.00,42.59770659716014,OFF,RETRACTED,MANUAL
22:14:23.016,-3.98,-31.61,0.00,41.90237136050601,OFF,RETRACTED,MANUAL
22:14:23.116,-4.43,-30.96,0.00,41.212238553729435,OFF,RETRACTED,MANUAL
22:14:23.236,-4.88,-30.30,0.00,40.52732543011467,OFF,RETRACTED,MANUAL
22:14:23.336,-5.31,-29.63,0.00,39.84764911245426,OFF,RETRACTED,MANUAL
22:14:23.436,-5.72,-28.95,0.00,39.173226592620495,OFF,RETRACTED,MANUAL
22:14:23.536,-6.13,-28.25,0.00,38.504074731141344,OFF,RETRACTED,MANUAL
22:14:23.637,-6.51,-27.55,0.00,37.840210256778505,OFF,RETRACTED,MANUAL
22:14:23.737,-6.88,-26.83,0.00,37.181649766109274,OFF,RETRACTED,MANUAL
22:14:23.838,-7.24,-26.10,0.00,36.528409723111736,OFF,RETRACTED,MANUAL
22:14:23.945,-7.57,-25.36,0.00,35.880506458752706,OFF,RETRACTED,MANUAL
22:14:24.045,-7.89,-24.61,0.00,35.23795617058016,OFF,RETRACTED,MANUAL
22:14:24.147,-8.19,-23.86,0.00,34.60077492231781,OFF,RETRACTED,MANUAL
22:14:24.248,-8.46,-23.09,0.00,33.968978643463714,OFF,RETRACTED,MANUAL
22:14:24.350,-8.72,-22.31,0.00,33.342583128892045,OFF,RETRACTED,MANUAL
22:14:24.461,-8.95,-21.53,0.00,32.72160403845777,OFF,RETRACTED,MANUAL
22:14:24.586,-9.17,-20.73,0.00,32.10605689660599,OFF,RETRACTED,MANUAL
22:14:24.699,-9.35,-19.93,0.00,31.4959570919832,OFF,RETRACTED,MANUAL
22:14:24.819,-9.52,-19.12,0.00,30.891319877052666,OFF,RETRACTED,MANUAL
22:14:24.924,-9.66,-18.30,0.00,30.292160367713393,OFF,RETRACTED,MANUAL
22:14:25.030,-9.78,-17.47,0.00,29.69849354292174,OFF,RETRACTED,MANUAL
22:14:25.132,-9.87,-16.64,0.00,29.11033424431747,OFF,RETRACTED,MANUAL
22:14:25.235,-9.94,-15.80,0.00,28.52769717585244,OFF,RETRACTED,MANUAL
22:14:25.345,-9.98,-14.95,0.00,27.95059690342299,OFF,RETRACTED,MANUAL
22:14:25.445,-10.00,-14.10,0.00,27.379047854506013,OFF,RETRACTED,MANUAL
22:14:25.546,-9.99,-13.25,0.00,26.81306431779774,OFF,RETRACTED,MANUAL
22:14:25.657,-9.96,-12.38,0.00,26.252660442857177,OFF,RETRACTED,MANUAL
22:14:25.766,-9.90,-11.51,0.00,25.697850239752086,OFF,RETRACTED,MANUAL
22:14:25.872,-9.82,-10.64,0.00,25.14864757870862,OFF,RETRACTED,MANUAL
22:14:25.973,-9.72,-9.77,0.00,24.6050661897647,OFF,RETRACTED,MANUAL
22:14:26.074,-9.59,-8.89,0.00,24.067119662426734,OFF,RETRACTED,MANUAL
22:14:26.177,-9.43,-8.00,0.00,23.53482144532981,OFF,RETRACTED,MANUAL
22:14:26.279,-9.25,-7.11,0.00,23.008184845901724,OFF,RETRACTED,MANUAL
22:14:26.381,-9.05,-6.22,0.00,22.48722303003001,OFF,RETRACTED,MANUAL
22:14:26.482,-8.83,-5.33,0.00,21.971949021733025,OFF,RETRACTED,MANUAL
22:14:26.584,-8.58,-4.44,0.00,21.462375702833924,OFF,RETRACTED,MANUAL
22:14:26.684,-8.32,-3.54,0.00,20.95851581263929,OFF,RETRACTED,MANUAL
22:14:26.786,-8.03,-2.64,0.00,20.460381947620135,OFF,RETRACTED,MANUAL
22:14:26.886,-7.72,-1.74,0.00,19.967986561097064,OFF,RETRACTED,MANUAL
22:14:26.987,-7.39,-0.84,0.00,19.481341962929235,OFF,RETRACTED,MANUAL
22:14:27.088,-7.05,0.06,0.00,19.00046031920607,OFF,RETRACTED,MANUAL
22:14:27.189,-6.69,0.96,0.00,18.525353651943703,OFF,RETRACTED,MANUAL
22:14:27.290,-6.31,1.86,0.00,18.05603383878409,OFF,RETRACTED,MANUAL
22:14:27.392,-5.91,2.75,0.00,17.59251261269813,OFF,RETRACTED,MANUAL
22:14:27.493,-5.50,3.65,0.00,17.134801561692342,OFF,RETRACTED,MANUAL
22:14:27.594,-5.08,4.55,0.00,16.682912128519092,OFF,RETRACTED,MANUAL
22:14:27.695,-4.64,5.44,0.00,16.23685561039065,OFF,RETRACTED,MANUAL
22:14:27.798,-4.19,6.33,0.00,15.796643158696838,OFF,RETRACTED,MANUAL
22:14:27.898,-3.73,7.22,0.00,15.362285778725948,OFF,RETRACTED,MANUAL
22:14:27.999,-3.26,8.11,0.00,14.933794329389997,OFF,RETRACTED,MANUAL
22:14:28.099,-2.79,8.99,0.00,14.51117952295266,OFF,RETRACTED,MANUAL
22:14:28.200,-2.30,9.87,0.00,14.09445192476224,OFF,RETRACTED,MANUAL
22:14:28.301,-1.81,10.75,0.00,13.683621952986982,OFF,RETRACTED,MANUAL
22:14:28.402,-1.32,11.62,0.00,13.278699878354757,OFF,RETRACTED,MANUAL
22:14:28.502,-0.82,12.49,0.00,12.879695823896412,OFF,RETRACTED,MANUAL
22:14:28.603,-0.32,13.35,0.00,12.486619764692392,OFF,RETRACTED,MANUAL
22:14:28.704,0.18,14.21,0.00,12.099481527623766,OFF,RETRACTED,MANUAL
22:14:28.805,0.68,15.06,0.00,11.71829079112635,OFF,RETRACTED,MANUAL
22:14:28.906,1.17,15.90,0.00,11.343057084948612,OFF,RETRACTED,MANUAL
22:14:29.006,1.67,16.74,0.00,10.973789789913809,OFF,RETRACTED,MANUAL
22:14:29.107,2.16,17.58,0.00,10.610498137684885,OFF,RETRACTED,MANUAL
22:14:29.208,2.65,18.40,0.00,10.253191210534368,OFF,RETRACTED,MANUAL
22:14:29.309,3.12,19.22,0.00,9.901877941116737,OFF,RETRACTED,MANUAL
22:14:29.409,3.59,20.03,0.00,9.556567112245546,OFF,RETRACTED,MANUAL
22:14:29.509,4.06,20.83,0.00,9.21726735667346,OFF,RETRACTED,MANUAL
22:14:29.611,4.51,21.62,0.00,8.883987156876657,OFF,RETRACTED,MANUAL
22:14:29.711,4.95,22.41,0.00,8.556734844842822,OFF,RETRACTED,MANUAL
22:14:29.812,5.38,23.18,0.00,8.235518601862736,OFF,RETRACTED,MANUAL
22:14:29.914,5.79,23.95,0.00,7.920346458325639,OFF,RETRACTED,MANUAL
22:14:30.015,6.19,24.71,0.00,7.611226293518911,OFF,RETRACTED,MANUAL
22:14:30.115,6.58,25.45,0.00,7.308165835430344,OFF,RETRACTED,MANUAL
22:14:30.216,6.94,26.19,0.00,7.011172660555701,OFF,RETRACTED,MANUAL
22:14:30.317,7.30,26.92,0.00,6.720254193708882,OFF,RETRACTED,MANUAL
22:14:30.418,7.63,27.63,0.00,6.435417707836422,OFF,RETRACTED,MANUAL
22:14:30.519,7.94,28.34,0.00,6.1566703238356695,OFF,RETRACTED,MANUAL
22:14:30.619,8.24,29.03,0.00,5.884019010376619,OFF,RETRACTED,MANUAL
22:14:30.719,8.51,29.71,0.00,5.617470583727936,OFF,RETRACTED,MANUAL
22:14:30.821,8.76,30.38,0.00,5.3570317075864295,OFF,RETRACTED,MANUAL
22:14:30.921,8.99,31.04,0.00,5.102708892910385,OFF,RETRACTED,MANUAL
22:14:31.022,9.20,31.69,0.00,4.854508497757024,OFF,RETRACTED,MANUAL
22:14:31.122,9.38,32.32,0.00,4.612436727123196,OFF,RETRACTED,MANUAL
22:14:31.230,9.54,32.94,0.00,4.376499632790598,OFF,RETRACTED,MANUAL
22:14:31.339,9.68,33.55,0.00,4.146703113174283,OFF,RETRACTED,MANUAL
22:14:31.449,9.79,34.14,0.00,3.923052913175326,OFF,RETRACTED,MANUAL
22:14:31.551,9.88,34.72,0.00,3.7055546240370347,OFF,RETRACTED,MANUAL
22:14:31.651,9.95,35.28,0.00,3.494213683205288,OFF,RETRACTED,MANUAL
22:14:31.754,9.99,35.84,0.00,3.2890353741926504,OFF,RETRACTED,MANUAL
22:14:31.855,10.00,36.37,0.00,3.0900248264461254,OFF,RETRACTED,MANUAL
22:14:31.956,9.99,36.90,0.00,2.8971870152190604,OFF,RETRACTED,MANUAL
22:14:32.058,9.95,37.40,0.00,2.7105267614467436,OFF,RETRACTED,MANUAL
22:14:32.161,9.89,37.90,0.00,2.5300487316256692,OFF,RETRACTED,MANUAL
22:14:32.264,9.81,38.37,0.00,2.355757437697264,OFF,RETRACTED,MANUAL
22:14:32.368,9.70,38.84,0.00,2.187657236934797,OFF,RETRACTED,MANUAL
22:14:32.535,9.56,39.28,0.00,2.025752331834525,OFF,RETRACTED,MANUAL
22:14:32.639,9.40,39.71,0.00,1.8700467700106458,OFF,RETRACTED,MANUAL
22:14:32.739,9.22,40.13,0.00,1.720544444094088,OFF,RETRACTED,MANUAL
22:14:32.841,9.02,40.53,0.00,1.5772490916351956,OFF,RETRACTED,MANUAL
22:14:32.945,8.79,40.91,0.00,1.4401642950103621,OFF,RETRACTED,MANUAL
22:14:33.047,8.54,41.28,0.00,1.309293481332361,OFF,RETRACTED,MANUAL
22:14:33.149,8.27,41.63,0.00,1.1846399223646813,OFF,RETRACTED,MANUAL
22:14:33.251,7.98,41.96,0.00,1.0662067344397883,OFF,RETRACTED,MANUAL
22:14:33.351,7.67,42.28,0.00,0.9539968783812753,OFF,RETRACTED,MANUAL
22:14:33.451,7.34,42.58,0.00,0.8480131594296552,OFF,RETRACTED,MANUAL
22:14:33.553,6.99,42.86,0.00,0.7482582271723572,OFF,RETRACTED,MANUAL
22:14:33.653,6.62,43.13,0.00,0.654734575477562,OFF,RETRACTED,MANUAL
22:14:33.755,6.24,43.38,0.00,0.567444542431673,OFF,RETRACTED,MANUAL
22:14:33.856,5.84,43.61,0.00,0.4863903102809388,OFF,RETRACTED,MANUAL
22:14:33.958,5.43,43.82,0.00,0.4115739053769687,OFF,RETRACTED,MANUAL
22:14:34.059,5.00,44.02,0.00,0.34299719812594276,OFF,RETRACTED,MANUAL
22:14:34.160,4.56,44.19,0.00,0.280661902942029,OFF,RETRACTED,MANUAL
22:14:34.261,4.11,44.35,0.00,0.22456957820435264,OFF,RETRACTED,MANUAL
22:14:34.361,3.65,44.50,0.00,0.17472162621805865,OFF,RETRACTED,MANUAL
22:14:34.462,3.18,44.62,0.00,0.13111929317940962,OFF,RETRACTED,MANUAL
22:14:34.563,2.70,44.73,0.00,0.09376366914443679,OFF,RETRACTED,MANUAL
22:14:34.663,2.22,44.82,0.00,0.06265568800179722,OFF,RETRACTED,MANUAL
22:14:34.764,1.73,44.89,0.00,0.037796127449382766,OFF,RETRACTED,MANUAL
22:14:34.865,1.24,44.94,0.00,0.019185608974936486,OFF,RETRACTED,MANUAL
22:14:34.965,0.74,44.98,0.00,0.006824597840449087,OFF,RETRACTED,MANUAL
22:14:35.065,0.24,45.00,0.00,0.0007134030705344685,OFF,RETRACTED,MANUAL
22:14:35.167,-0.26,45.00,0.00,0.0008521774447842745,OFF,RETRACTED,MANUAL
22:14:35.268,-0.76,44.98,0.00,0.0072409174937888565,OFF,RETRACTED,MANUAL
22:14:35.369,-1.26,44.94,0.00,0.01987946349939307,OFF,RETRACTED,MANUAL
22:14:35.470,-1.75,44.89,0.00,0.038767499498646885,OFF,RETRACTED,MANUAL
22:14:35.570,-2.24,44.82,0.00,0.06390455329164979,OFF,RETRACTED,MANUAL
22:14:35.672,-2.73,44.73,0.00,0.09528999645326053,OFF,RETRACTED,MANUAL
22:14:35.772,-3.20,44.62,0.00,0.13292304434915536,OFF,RETRACTED,MANUAL
22:14:35.874,-3.67,44.49,0.00,0.1768027561549843,OFF,RETRACTED,MANUAL
22:14:35.975,-4.13,44.35,0.00,0.22692803488033064,OFF,RETRACTED,MANUAL
22:14:36.076,-4.58,44.19,0.00,0.2832976273957968,OFF,RETRACTED,MANUAL
22:14:36.177,-5.02,44.01,0.00,0.34591012446449554,OFF,RETRACTED,MANUAL
22:14:36.280,-5.45,43.81,0.00,0.41476396077726463,OFF,RETRACTED,MANUAL
22:14:36.382,-5.86,43.60,0.00,0.4898574149918318,OFF,RETRACTED,MANUAL
22:14:36.484,-6.26,43.36,0.00,0.5711886097757031,OFF,RETRACTED,MANUAL
22:14:36.585,-6.64,43.12,0.00,0.6587555118532293,OFF,RETRACTED,MANUAL
22:14:36.687,-7.01,42.85,0.00,0.752555932056481,OFF,RETRACTED,MANUAL
22:14:36.789,-7.35,42.57,0.00,0.8525875253797892,OFF,RETRACTED,MANUAL
22:14:36.890,-7.68,42.26,0.00,0.9588477910385507,OFF,RETRACTED,MANUAL
22:14:36.990,-7.99,41.95,0.00,1.0713340725316414,OFF,RETRACTED,MANUAL
22:14:37.091,-8.28,41.61,0.00,1.1900435577078952,OFF,RETRACTED,MANUAL
22:14:37.194,-8.55,41.26,0.00,1.3149732788363906,OFF,RETRACTED,MANUAL
22:14:37.303,-8.80,40.90,0.00,1.4461201126805179,OFF,RETRACTED,MANUAL
22:14:37.422,-9.03,40.51,0.00,1.583480780576366,OFF,RETRACTED,MANUAL
22:14:37.535,-9.23,40.11,0.00,1.7270518485143782,OFF,RETRACTED,MANUAL
22:14:37.639,-9.41,39.70,0.00,1.876829727225271,OFF,RETRACTED,MANUAL
22:14:37.744,-9.57,39.26,0.00,2.0328106722699317,OFF,RETRACTED,MANUAL
22:14:37.854,-9.70,38.82,0.00,2.1949907841327843,OFF,RETRACTED,MANUAL
22:14:37.958,-9.81,38.35,0.00,2.3633660083195878,OFF,RETRACTED,MANUAL
22:14:38.068,-9.90,37.87,0.00,2.5379321354584476,OFF,RETRACTED,MANUAL
22:14:38.169,-9.96,37.38,0.00,2.7186848014052885,OFF,RETRACTED,MANUAL
22:14:38.276,-9.99,36.87,0.00,2.905619487352851,OFF,RETRACTED,MANUAL
22:14:38.380,-10.00,36.35,0.00,3.0987315199436978,OFF,RETRACTED,MANUAL
22:14:38.483,-9.98,35.81,0.00,3.298016071387167,OFF,RETRACTED,MANUAL
22:14:38.583,-9.94,35.26,0.00,3.5034681595797963,OFF,RETRACTED,MANUAL
22:14:38.684,-9.88,34.69,0.00,3.7150826482300943,OFF,RETRACTED,MANUAL
22:14:38.785,-9.79,34.11,0.00,3.9328542469868353,OFF,RETRACTED,MANUAL
22:14:38.886,-9.68,33.52,0.00,4.156777511571391,OFF,RETRACTED,MANUAL
22:14:38.986,-9.54,32.91,0.00,4.386846843913844,OFF,RETRACTED,MANUAL
22:14:39.086,-9.38,32.29,0.00,4.623056492292903,OFF,RETRACTED,MANUAL
22:14:39.187,-9.19,31.66,0.00,4.86540055147961,OFF,RETRACTED,MANUAL
22:14:39.288,-8.98,31.01,0.00,5.113872962885097,OFF,RETRACTED,MANUAL
22:14:39.388,-8.75,30.35,0.00,5.368467514711995,OFF,RETRACTED,MANUAL
22:14:39.488,-8.50,29.68,0.00,5.62917784210984,OFF,RETRACTED,MANUAL
22:14:39.589,-8.22,29.00,0.00,5.8959974273340094,OFF,RETRACTED,MANUAL
22:14:39.690,-7.93,28.31,0.00,6.168919599908747,OFF,RETRACTED,MANUAL
22:14:39.792,-7.61,27.60,0.00,6.447937536793972,OFF,RETRACTED,MANUAL
22:14:39.894,-7.28,26.89,0.00,6.7330442625557225,OFF,RETRACTED,MANUAL
22:14:39.995,-6.93,26.16,0.00,7.024232649540835,OFF,RETRACTED,MANUAL
22:14:40.095,-6.56,25.42,0.00,7.321495418054724,OFF,RETRACTED,MANUAL
22:14:40.195,-6.17,24.67,0.00,7.624825136543677,OFF,RETRACTED,MANUAL
22:14:40.296,-5.77,23.92,0.00,7.934214221780479,OFF,RETRACTED,MANUAL
22:14:40.397,-5.36,23.15,0.00,8.249654939054125,OFF,RETRACTED,MANUAL
22:14:40.497,-4.93,22.37,0.00,8.571139402363201,OFF,RETRACTED,MANUAL
22:14:40.597,-4.49,21.59,0.00,8.898659574612793,OFF,RETRACTED,MANUAL
22:14:40.698,-4.04,20.79,0.00,9.232207267815681,OFF,RETRACTED,MANUAL
22:14:40.799,-3.57,19.99,0.00,9.57177414329692,OFF,RETRACTED,MANUAL
22:14:40.898,-3.10,19.18,0.00,9.917351711902171,OFF,RETRACTED,MANUAL
22:14:41.005,-2.62,18.36,0.00,10.268931334210407,OFF,RETRACTED,MANUAL
22:14:41.114,-2.14,17.54,0.00,10.626504220749325,OFF,RETRACTED,MANUAL
22:14:41.219,-1.65,16.71,0.00,10.990061432215356,OFF,RETRACTED,MANUAL
22:14:41.323,-1.15,15.87,0.00,11.359593879697115,OFF,RETRACTED,MANUAL
22:14:41.427,-0.65,15.02,0.00,11.735092324902695,OFF,RETRACTED,MANUAL
22:14:41.528,-0.15,14.17,0.00,12.116547380390557,OFF,RETRACTED,MANUAL
22:14:41.628,0.35,13.31,0.00,12.503949509804187,OFF,RETRACTED,MANUAL
22:14:41.730,0.84,12.45,0.00,12.897289028110492,OFF,RETRACTED,MANUAL
22:14:41.831,1.34,11.58,0.00,13.296556101841986,OFF,RETRACTED,MANUAL
22:14:41.932,1.83,10.71,0.00,13.701740749342576,OFF,RETRACTED,MANUAL
22:14:42.032,2.32,9.84,0.00,14.112832841017337,OFF,RETRACTED,MANUAL
22:14:42.134,2.81,8.96,0.00,14.52982209958526,OFF,RETRACTED,MANUAL
22:14:42.235,3.28,8.07,0.00,14.952698100336647,OFF,RETRACTED,MANUAL
22:14:42.335,3.75,7.18,0.00,15.381450271393476,OFF,RETRACTED,MANUAL
22:14:42.435,4.21,6.30,0.00,15.816067893973752,OFF,RETRACTED,MANUAL
22:14:42.536,4.66,5.40,0.00,16.25654010265967,OFF,RETRACTED,MANUAL
22:14:42.638,5.09,4.51,0.00,16.702855885668896,OFF,RETRACTED,MANUAL
22:14:42.738,5.52,3.61,0.00,17.155004085130088,OFF,RETRACTED,MANUAL
22:14:42.840,5.93,2.71,0.00,17.612973397361856,OFF,RETRACTED,MANUAL
22:14:42.943,6.32,1.82,0.00,18.076752373155102,OFF,RETRACTED,MANUAL
22:14:43.044,6.70,0.92,0.00,18.54632941805974,OFF,RETRACTED,MANUAL
22:14:43.145,7.06,0.02,0.00,19.021692792674088,OFF,RETRACTED,MANUAL
22:14:43.247,7.41,-0.88,0.00,19.50283061293854,OFF,RETRACTED,MANUAL
22:14:43.348,7.74,-1.78,0.00,19.989730850432608,OFF,RETRACTED,MANUAL
22:14:43.449,8.04,-2.68,0.00,20.4823813326756,OFF,RETRACTED,MANUAL
22:14:43.550,8.33,-3.58,0.00,20.980769743431324,OFF,RETRACTED,MANUAL
22:14:43.650,8.60,-4.48,0.00,21.484883623015435,OFF,RETRACTED,MANUAL
22:14:43.751,8.84,-5.37,0.00,21.994710368607116,OFF,RETRACTED,MANUAL
22:14:43.852,9.06,-6.26,0.00,22.51023723456433,OFF,RETRACTED,MANUAL
22:14:43.954,9.26,-7.15,0.00,23.031451332742165,OFF,RETRACTED,MANUAL
22:14:44.054,9.44,-8.04,0.00,23.558339632815517,OFF,RETRACTED,MANUAL
22:14:44.155,9.59,-8.92,0.00,24.090888962604197,OFF,RETRACTED,MANUAL
22:14:44.257,9.72,-9.80,0.00,24.629086008402737,OFF,RETRACTED,MANUAL
22:14:44.356,9.83,-10.68,0.00,25.172917315313015,OFF,RETRACTED,MANUAL
22:14:44.458,9.91,-11.55,0.00,25.722369287580563,OFF,RETRACTED,MANUAL
22:14:44.558,9.96,-12.42,0.00,26.27742818893492,OFF,RETRACTED,MANUAL
22:14:44.658,9.99,-13.28,0.00,26.838080142932313,OFF,RETRACTED,MANUAL
22:14:44.760,10.00,-14.14,0.00,27.404311133303167,OFF,RETRACTED,MANUAL
22:14:44.861,9.98,-14.99,0.00,27.97610700430215,OFF,RETRACTED,MANUAL
22:14:44.961,9.94,-15.84,0.00,28.55345346106219,OFF,RETRACTED,MANUAL
22:14:45.062,9.87,-16.68,0.00,29.136336069952137,OFF,RETRACTED,MANUAL
22:14:45.163,9.77,-17.51,0.00,29.724740258937032,OFF,RETRACTED,MANUAL
22:14:45.264,9.65,-18.33,0.00,30.318651317942795,OFF,RETRACTED,MANUAL
22:14:45.364,9.51,-19.15,0.00,30.918054399223877,OFF,RETRACTED,MANUAL
22:14:45.466,9.35,-19.96,0.00,31.52293451773437,OFF,RETRACTED,MANUAL
22:14:45.566,9.16,-20.77,0.00,32.133276551503,OFF,RETRACTED,MANUAL
22:14:45.666,8.94,-21.56,0.00,32.74906524201066,OFF,RETRACTED,MANUAL
22:14:45.766,8.71,-22.35,0.00,33.37028519457212,OFF,RETRACTED,MANUAL
22:14:45.868,8.45,-23.12,0.00,33.996920878720886,OFF,RETRACTED,MANUAL
22:14:45.969,8.18,-23.89,0.00,34.62895662859748,OFF,RETRACTED,MANUAL
22:14:46.068,7.88,-24.65,0.00,35.266376643341204,OFF,RETRACTED,MANUAL
22:14:46.169,7.56,-25.40,0.00,35.909164987484814,OFF,RETRACTED,MANUAL
22:14:46.270,7.22,-26.13,0.00,36.557305591353185,OFF,RETRACTED,MANUAL
22:14:46.370,6.87,-26.86,0.00,37.21078225146496,OFF,RETRACTED,MANUAL
22:14:46.472,6.50,-27.58,0.00,37.86957863093755,OFF,RETRACTED,MANUAL
22:14:46.573,6.11,-28.28,0.00,38.53367825989611,OFF,RETRACTED,MANUAL
22:14:46.674,5.70,-28.98,0.00,39.20306453588424,OFF,RETRACTED,MANUAL
22:14:46.774,5.29,-29.66,0.00,39.87772072428001,OFF,RETRACTED,MANUAL
22:14:46.874,4.86,-30.33,0.00,40.55762995871379,OFF,RETRACTED,MANUAL
22:14:46.976,4.41,-30.99,0.00,41.24277524149005,OFF,RETRACTED,MANUAL
22:14:47.075,3.96,-31.64,0.00,41.933139444012625,OFF,RETRACTED,MANUAL
22:14:47.177,3.50,-32.27,0.00,42.6287053072123,OFF,RETRACTED,MANUAL
22:14:47.277,3.02,-32.89,0.00,43.329455441978695,OFF,RETRACTED,MANUAL
22:14:47.377,2.54,-33.50,0.00,44.03537232959499,OFF,RETRACTED,MANUAL
22:14:47.477,2.06,-34.09,0.00,44.74643832217555,OFF,RETRACTED,MANUAL
22:14:47.578,1.56,-34.67,0.00,45.462635643107944,OFF,RETRACTED,MANUAL
22:14:47.679,1.07,-35.24,0.00,46.18394638749629,OFF,RETRACTED,MANUAL
22:14:47.780,0.57,-35.79,0.00,46.910352522609486,OFF,RETRACTED,MANUAL
22:14:47.881,0.07,-36.33,0.00,47.64183588833208,OFF,RETRACTED,MANUAL
22:14:47.981,-0.43,-36.85,0.00,48.37837819761788,OFF,RETRACTED,MANUAL
22:14:48.083,-0.93,-37.36,0.00,49.11996103694767,OFF,RETRACTED,MANUAL
22:14:48.185,-1.42,-37.86,0.00,49.8665658667891,OFF,RETRACTED,MANUAL
22:14:48.284,-1.92,-38.34,0.00,50.61817402206026,OFF,RETRACTED,MANUAL
22:14:48.385,-2.41,-38.80,0.00,51.3747667125964,OFF,RETRACTED,MANUAL
22:14:48.486,-2.89,-39.25,0.00,52.13632502361952,OFF,RETRACTED,MANUAL
22:14:48.587,-3.36,-39.68,0.00,52.9028299162118,OFF,RETRACTED,MANUAL
22:14:48.687,-3.83,-40.10,0.00,53.674262227790706,OFF,RETRACTED,MANUAL
22:14:48.788,-4.29,-40.50,0.00,54.450602672588644,OFF,RETRACTED,MANUAL
22:14:48.888,-4.73,-40.88,0.00,55.23183184213488,OFF,RETRACTED,MANUAL
22:14:48.990,-5.17,-41.25,0.00,56.017930205740754,OFF,RETRACTED,MANUAL
22:14:49.090,-5.59,-41.60,0.00,56.80887811098842,OFF,RETRACTED,MANUAL
22:14:49.190,-6.00,-41.94,0.00,57.60465578422128,OFF,RETRACTED,MANUAL
22:14:49.292,-6.39,-42.25,0.00,58.405243331038946,OFF,RETRACTED,MANUAL
22:14:49.392,-6.76,-42.56,0.00,59.21062073679445,OFF,RETRACTED,MANUAL
22:14:49.494,-7.12,-42.84,0.00,60.02076786709446,OFF,RETRACTED,MANUAL
22:14:49.594,-7.47,-43.11,0.00,60.83566446830315,OFF,RETRACTED,MANUAL
22:14:49.695,-7.79,-43.36,0.00,61.655290168047884,OFF,RETRACTED,MANUAL
22:14:49.795,-8.09,-43.59,0.00,62.47962447572877,OFF,RETRACTED,MANUAL
22:14:49.897,-8.38,-43.80,0.00,63.30864678303112,OFF,RETRACTED,MANUAL
22:14:49.999,-8.64,-44.00,0.00,64.14233636444021,OFF,RETRACTED,MANUAL
22:14:50.100,-8.88,-44.18,0.00,64.98067237776027,OFF,RETRACTED,MANUAL
22:14:50.204,-9.10,-44.34,0.00,65.8236338646345,OFF,RETRACTED,MANUAL
22:14:50.305,-9.29,-44.49,0.00,66.67119975106957,OFF,RETRACTED,MANUAL
22:14:50.407,-9.47,-44.61,0.00,67.5233488479625,OFF,RETRACTED,MANUAL
22:14:50.507,-9.62,-44.72,0.00,68.38005985163008,OFF,RETRACTED,MANUAL
22:14:50.607,-9.74,-44.81,0.00,69.2413113443422,OFF,RETRACTED,MANUAL
22:14:50.708,-9.84,-44.89,0.00,70.10708179485616,OFF,RETRACTED,MANUAL
22:14:50.809,-9.92,-44.94,0.00,70.97734955895584,OFF,RETRACTED,MANUAL
22:14:50.910,-9.97,-44.98,0.00,71.85209287999248,OFF,RETRACTED,MANUAL
22:14:51.010,-10.00,-45.00,0.00,72.73128988942841,OFF,RETRACTED,MANUAL
22:14:51.110,-10.00,-45.00,0.00,73.61491860738457,OFF,RETRACTED,MANUAL
22:14:51.211,-9.97,-44.98,0.00,74.50295694318879,OFF,RETRACTED,MANUAL
22:14:51.312,-9.93,-44.95,0.00,75.39538269592896,OFF,RETRACTED,MANUAL
22:14:51.413,-9.85,-44.89,0.00,76.29217355500779,OFF,RETRACTED,MANUAL
22:14:51.514,-9.75,-44.82,0.00,77.19330710070028,OFF,RETRACTED,MANUAL
22:14:51.616,-9.63,-44.73,0.00,78.09876080471506,OFF,RETRACTED,MANUAL
22:14:51.716,-9.49,-44.63,0.00,79.00851203075655,OFF,RETRACTED,MANUAL
22:14:51.816,-9.32,-44.50,0.00,79.92253803509146,OFF,RETRACTED,MANUAL
22:14:51.917,-9.12,-44.36,0.00,80.84081596711732,OFF,RETRACTED,MANUAL
22:14:52.017,-8.91,-44.20,0.00,81.76332286993346,OFF,RETRACTED,MANUAL
22:14:52.117,-8.67,-44.02,0.00,82.69003568091568,OFF,RETRACTED,MANUAL
22:14:52.219,-8.41,-43.83,0.00,83.62093123229187,OFF,RETRACTED,MANUAL
22:14:52.319,-8.13,-43.61,0.00,84.55598625172163,OFF,RETRACTED,MANUAL
22:14:52.420,-7.82,-43.38,0.00,85.49517736287825,OFF,RETRACTED,MANUAL
22:14:52.520,-7.50,-43.14,0.00,86.43848108603268,OFF,RETRACTED,MANUAL
22:14:52.621,-7.16,-42.87,0.00,87.38587383864129,OFF,RETRACTED,MANUAL
22:14:52.722,-6.81,-42.59,0.00,88.33733193593449,OFF,RETRACTED,MANUAL
22:14:52.823,-6.43,-42.29,0.00,89.29283159150933,OFF,RETRACTED,MANUAL
22:14:52.924,-6.04,-41.97,0.00,90.25234891792425,OFF,RETRACTED,MANUAL
22:14:53.024,-5.64,-41.64,0.00,91.21585992729587,OFF,RETRACTED,MANUAL
22:14:53.125,-5.22,-41.29,0.00,92.18334053189943,OFF,RETRACTED,MANUAL
22:14:53.226,-4.78,-40.92,0.00,93.15476654477015,OFF,RETRACTED,MANUAL
22:14:53.326,-4.34,-40.54,0.00,94.1301136803082,OFF,RETRACTED,MANUAL
22:14:53.427,-3.88,-40.14,0.00,95.10935755488603,OFF,RETRACTED,MANUAL
22:14:53.528,-3.42,-39.73,0.00,96.09247368745758,OFF,RETRACTED,MANUAL
22:14:53.632,-2.94,-39.30,0.00,97.07943750017111,OFF,RETRACTED,MANUAL
22:14:53.733,-2.46,-38.85,0.00,98.07022431898258,OFF,RETRACTED,MANUAL
22:14:53.833,-1.97,-38.39,0.00,99.06480937427304,OFF,RETRACTED,MANUAL
22:14:53.935,-1.48,-37.91,0.00,100.06316780146793,OFF,RETRACTED,MANUAL
22:14:54.036,-0.99,-37.42,0.00,101.06527464165839,OFF,RETRACTED,MANUAL
22:14:54.136,-0.49,-36.91,0.00,102.07110484222602,OFF,RETRACTED,MANUAL
22:14:54.239,0.01,-36.39,0.00,103.08063325746792,OFF,RETRACTED,MANUAL
22:14:54.339,0.51,-35.86,0.00,104.09383464922635,OFF,RETRACTED,MANUAL
22:14:54.441,1.01,-35.30,0.00,105.1106836875193,OFF,RETRACTED,MANUAL
22:14:54.541,1.51,-34.74,0.00,106.13115495117356,OFF,RETRACTED,MANUAL
22:14:54.642,2.00,-34.16,0.00,107.15522292846106,OFF,RETRACTED,MANUAL
22:14:54.744,2.49,-33.57,0.00,108.18286201773552,OFF,RETRACTED,MANUAL
22:14:54.845,2.97,-32.96,0.00,109.21404652807323,OFF,RETRACTED,MANUAL
22:14:54.946,3.44,-32.34,0.00,110.24875067991516,OFF,RETRACTED,MANUAL
22:14:55.047,3.91,-31.71,0.00,111.28694860571116,OFF,RETRACTED,MANUAL
22:14:55.147,4.36,-31.06,0.00,112.32861435056762,OFF,RETRACTED,MANUAL
22:14:55.247,4.81,-30.41,0.00,113.37372187289492,OFF,RETRACTED,MANUAL
22:14:55.349,5.24,-29.74,0.00,114.42224504505944,OFF,RETRACTED,MANUAL
22:14:55.448,5.66,-29.06,0.00,115.47415765403647,OFF,RETRACTED,MANUAL
22:14:55.549,6.06,-28.36,0.00,116.52943340206548,OFF,RETRACTED,MANUAL
22:14:55.649,6.45,-27.66,0.00,117.58804590730801,OFF,RETRACTED,MANUAL
22:14:55.750,6.83,-26.94,0.00,118.64996870450639,OFF,RETRACTED,MANUAL
22:14:55.850,7.18,-26.22,0.00,119.71517524564604,OFF,RETRACTED,MANUAL
22:14:55.951,7.52,-25.48,0.00,120.78363890061885,OFF,RETRACTED,MANUAL
22:14:56.053,7.84,-24.73,0.00,121.85533295788898,OFF,RETRACTED,MANUAL
22:14:56.152,8.14,-23.98,0.00,122.93023062516114,OFF,RETRACTED,MANUAL
22:14:56.252,8.42,-23.21,0.00,124.00830503004944,OFF,RETRACTED,MANUAL
22:14:56.353,8.68,-22.44,0.00,125.08952922074997,OFF,RETRACTED,MANUAL
22:14:56.455,8.92,-21.65,0.00,126.17387616671421,OFF,RETRACTED,MANUAL
22:14:56.555,9.13,-20.86,0.00,127.26131875932481,OFF,RETRACTED,MANUAL
22:14:56.659,9.33,-20.06,0.00,128.35182981257398,OFF,RETRACTED,MANUAL
22:14:56.761,9.49,-19.25,0.00,129.44538206374202,OFF,RETRACTED,MANUAL
22:14:56.862,9.64,-18.43,0.00,130.54194817407958,OFF,RETRACTED,MANUAL
22:14:56.963,9.76,-17.60,0.00,131.64150072949099,OFF,RETRACTED,MANUAL
22:14:57.064,9.86,-16.77,0.00,132.7440122412195,OFF,RETRACTED,MANUAL
22:14:57.166,9.93,-15.93,0.00,133.8494551465351,OFF,RETRACTED,MANUAL
22:14:57.266,9.98,-15.09,0.00,134.9578018094225,OFF,RETRACTED,MANUAL
22:14:57.366,10.00,-14.24,0.00,136.06902452127292,OFF,RETRACTED,MANUAL
22:14:57.467,10.00,-13.38,0.00,137.18309550157642,OFF,RETRACTED,MANUAL
22:14:57.568,9.97,-12.52,0.00,138.29998689861628,OFF,RETRACTED,MANUAL
22:14:57.670,9.91,-11.65,0.00,139.41967079016615,OFF,RETRACTED,MANUAL
22:14:57.771,9.84,-10.78,0.00,140.5421191841869,OFF,RETRACTED,MANUAL
22:14:57.872,9.74,-9.91,0.00,141.66730401952714,OFF,RETRACTED,MANUAL
22:14:57.972,9.61,-9.03,0.00,142.79519716662455,OFF,RETRACTED,MANUAL
22:14:58.072,9.46,-8.14,0.00,143.92577042820903,OFF,RETRACTED,MANUAL
22:14:58.174,9.28,-7.26,0.00,145.05899554000828,OFF,RETRACTED,MANUAL
22:14:58.275,9.09,-6.37,0.00,146.19484417145338,OFF,RETRACTED,MANUAL
22:14:58.375,8.87,-5.47,0.00,147.33328792638764,OFF,RETRACTED,MANUAL
22:14:58.476,8.63,-4.58,0.00,148.47429834377658,OFF,RETRACTED,MANUAL
22:14:58.576,8.36,-3.68,0.00,149.6178468984189,OFF,RETRACTED,MANUAL
22:14:58.678,8.08,-2.79,0.00,150.7639050016607,OFF,RETRACTED,MANUAL
22:14:58.779,7.77,-1.89,0.00,151.91244400210894,OFF,RETRACTED,MANUAL
22:14:58.879,7.45,-0.99,0.00,153.06343518634844,OFF,RETRACTED,MANUAL
22:14:58.980,7.11,-0.09,0.00,154.21684977965947,OFF,RETRACTED,MANUAL
22:14:59.083,6.74,0.81,0.00,155.3726589467371,OFF,RETRACTED,MANUAL
22:14:59.182,6.37,1.71,0.00,156.53083379241278,OFF,RETRACTED,MANUAL
22:14:59.282,5.97,2.61,0.00,157.69134536237544,OFF,RETRACTED,MANUAL
22:14:59.382,5.57,3.51,0.00,158.85416464389633,OFF,RETRACTED,MANUAL
22:14:59.484,5.14,4.41,0.00,160.01926256655395,OFF,RETRACTED,MANUAL
22:14:59.583,4.71,5.30,0.00,161.1866100029607,OFF,RETRACTED,MANUAL
22:14:59.684,4.26,6.19,0.00,162.35617776949186,OFF,RETRACTED,MANUAL
22:14:59.785,3.80,7.08,0.00,163.52793662701404,OFF,RETRACTED,MANUAL
22:14:59.885,3.34,7.97,0.00,164.70185728161678,OFF,RETRACTED,MANUAL
22:14:59.986,2.86,8.85,0.00,165.87791038534488,OFF,RETRACTED,MANUAL
22:15:00.086,2.38,9.73,0.00,167.05606653693178,OFF,RETRACTED,MANUAL
22:15:00.187,1.89,10.61,0.00,168.23629628253548,OFF,RETRACTED,MANUAL
22:15:00.287,1.40,11.48,0.00,169.41857011647357,OFF,RETRACTED,MANUAL
22:15:00.388,0.90,12.35,0.00,170.60285848196182,OFF,RETRACTED,MANUAL
22:15:00.489,0.40,13.21,0.00,171.78913177185274,OFF,RETRACTED,MANUAL
22:15:00.589,-0.10,14.07,0.00,172.9773603293757,OFF,RETRACTED,MANUAL
22:15:00.691,-0.60,14.92,0.00,174.16751444887902,OFF,RETRACTED,MANUAL
22:15:00.791,-1.10,15.77,0.00,175.3595643765715,OFF,RETRACTED,MANUAL
22:15:00.892,-1.59,16.61,0.00,176.5534803112671,OFF,RETRACTED,MANUAL
22:15:00.993,-2.08,17.44,0.00,177.74923240512953,OFF,RETRACTED,MANUAL
22:15:01.098,-2.57,18.27,0.00,178.94679076441858,OFF,RETRACTED,MANUAL
22:15:01.194,-3.05,19.09,0.00,180.14612545023806,OFF,RETRACTED,MANUAL
22:15:01.296,-3.52,19.90,0.00,181.34720647928305,OFF,RETRACTED,MANUAL
22:15:01.398,-3.98,20.70,0.00,182.5500038245904,OFF,RETRACTED,MANUAL
22:15:01.498,-4.44,21.50,0.00,183.7544874162891,OFF,RETRACTED,MANUAL
22:15:01.599,-4.88,22.28,0.00,184.96062714235188,OFF,RETRACTED,MANUAL
22:15:01.699,-5.31,23.06,0.00,186.1683928493489,OFF,RETRACTED,MANUAL
22:15:01.800,-5.73,23.83,0.00,187.3777543432001,OFF,RETRACTED,MANUAL
22:15:01.902,-6.13,24.59,0.00,188.58868138993117,OFF,RETRACTED,MANUAL
22:15:02.005,-6.52,25.34,0.00,189.80114371642895,OFF,RETRACTED,MANUAL
22:15:02.107,-6.89,26.08,0.00,191.01511101119826,OFF,RETRACTED,MANUAL
22:15:02.207,-7.24,26.80,0.00,192.2305529251204,OFF,RETRACTED,MANUAL
22:15:02.308,-7.58,27.52,0.00,193.44743907221059,OFF,RETRACTED,MANUAL
22:15:02.410,-7.89,28.23,0.00,194.66573903037852,OFF,RETRACTED,MANUAL
22:15:02.509,-8.19,28.92,0.00,195.8854223421887,OFF,RETRACTED,MANUAL
22:15:02.610,-8.47,29.61,0.00,197.10645851562163,OFF,RETRACTED,MANUAL
22:15:02.711,-8.72,30.28,0.00,198.328817024837,OFF,RETRACTED,MANUAL
22:15:02.813,-8.96,30.94,0.00,199.55246731093558,OFF,RETRACTED,MANUAL
22:15:02.914,-9.17,31.59,0.00,200.77737878272393,OFF,RETRACTED,MANUAL
22:15:03.017,-9.36,32.22,0.00,202.003520817479,OFF,RETRACTED,MANUAL
22:15:03.118,-9.52,32.84,0.00,203.2308627617136,OFF,RETRACTED,MANUAL
22:15:03.220,-9.66,33.45,0.00,204.4593739319435,OFF,RETRACTED,MANUAL
22:15:03.321,-9.78,34.05,0.00,205.68902361545318,OFF,RETRACTED,MANUAL
22:15:03.421,-9.87,34.63,0.00,206.91978107106462,OFF,RETRACTED,MANUAL
22:15:03.522,-9.94,35.20,0.00,208.15161552990554,OFF,RETRACTED,MANUAL
22:15:03.624,-9.98,35.75,0.00,209.38449619617836,OFF,RETRACTED,MANUAL
22:15:03.724,-10.00,36.29,0.00,210.61839224793113,OFF,RETRACTED,MANUAL
22:15:03.824,-9.99,36.81,0.00,211.85327283782658,OFF,RETRACTED,MANUAL
22:15:03.926,-9.96,37.32,0.00,213.08910709391427,OFF,RETRACTED,MANUAL
22:15:04.026,-9.90,37.82,0.00,214.32586412040217,OFF,RETRACTED,MANUAL
22:15:04.127,-9.82,38.30,0.00,215.56351299842882,OFF,RETRACTED,MANUAL
22:15:04.227,-9.72,38.76,0.00,216.80202278683714,OFF,RETRACTED,MANUAL
22:15:04.327,-9.59,39.21,0.00,218.04136252294674,OFF,RETRACTED,MANUAL
22:15:04.428,-9.43,39.65,0.00,219.28150122332877,OFF,RETRACTED,MANUAL
22:15:04.529,-9.25,40.06,0.00,220.5224078845803,OFF,RETRACTED,MANUAL
22:15:04.629,-9.05,40.47,0.00,221.76405148409918,OFF,RETRACTED,MANUAL
22:15:04.729,-8.83,40.85,0.00,223.00640098086058,OFF,RETRACTED,MANUAL
22:15:04.830,-8.58,41.22,0.00,224.24942531619152,OFF,RETRACTED,MANUAL
22:15:04.930,-8.32,41.57,0.00,225.4930934145484,OFF,RETRACTED,MANUAL
22:15:05.032,-8.03,41.91,0.00,226.73737418429351,OFF,RETRACTED,MANUAL
22:15:05.132,-7.72,42.23,0.00,227.9822365184722,OFF,RETRACTED,MANUAL
22:15:05.238,-7.39,42.53,0.00,229.2276492955914,OFF,RETRACTED,MANUAL
22:15:05.338,-7.05,42.82,0.00,230.4735813803963,OFF,RETRACTED,MANUAL
22:15:05.441,-6.68,43.09,0.00,231.72000162464968,OFF,RETRACTED,MANUAL
22:15:05.542,-6.30,43.34,0.00,232.96687886791037,OFF,RETRACTED,MANUAL
22:15:05.643,-5.91,43.57,0.00,234.214181938312,OFF,RETRACTED,MANUAL
22:15:05.743,-5.50,43.79,0.00,235.46187965334323,OFF,RETRACTED,MANUAL
22:15:05.846,-5.07,43.99,0.00,236.70994082062595,OFF,RETRACTED,MANUAL
22:15:05.948,-4.63,44.17,0.00,237.95833423869593,OFF,RETRACTED,MANUAL
22:15:06.048,-4.19,44.33,0.00,239.2070286977828,OFF,RETRACTED,MANUAL
22:15:06.149,-3.73,44.48,0.00,240.45599298058983,OFF,RETRACTED,MANUAL
22:15:06.248,-3.26,44.60,0.00,241.70519586307552,OFF,RETRACTED,MANUAL
22:15:06.354,-2.78,44.71,0.00,242.9546061152326,OFF,RETRACTED,MANUAL
22:15:06.454,-2.30,44.81,0.00,244.20419250186984,OFF,RETRACTED,MANUAL
22:15:06.554,-1.81,44.88,0.00,245.4539237833927,OFF,RETRACTED,MANUAL
22:15:06.656,-1.31,44.94,0.00,246.70376871658394,OFF,RETRACTED,MANUAL
22:15:06.757,-0.82,44.98,0.00,247.95369605538582,OFF,RETRACTED,MANUAL
22:15:06.857,-0.32,45.00,0.00,249.20367455167974,OFF,RETRACTED,MANUAL
22:15:06.959,0.18,45.00,0.00,250.4536729560684,OFF,RETRACTED,MANUAL
22:15:07.060,0.68,44.98,0.00,251.7036600186568,OFF,RETRACTED,MANUAL
22:15:07.161,1.18,44.95,0.00,252.95360448983322,OFF,RETRACTED,MANUAL
22:15:07.262,1.67,44.90,0.00,254.20347512105147,OFF,RETRACTED,MANUAL
22:15:07.362,2.16,44.83,0.00,255.4532406656106,OFF,RETRACTED,MANUAL
22:15:07.465,2.65,44.74,0.00,256.7028698794371,OFF,RETRACTED,MANUAL
22:15:07.566,3.13,44.64,0.00,257.9523315218658,OFF,RETRACTED,MANUAL
22:15:07.667,3.60,44.51,0.00,259.20159435642034,OFF,RETRACTED,MANUAL
22:15:07.770,4.06,44.37,0.00,260.4506271515955,OFF,RETRACTED,MANUAL
22:15:07.877,4.51,44.21,0.00,261.69939868163607,OFF,RETRACTED,MANUAL
22:15:07.977,4.95,44.04,0.00,262.94787772731905,OFF,RETRACTED,MANUAL
22:15:08.078,5.38,43.84,0.00,264.19603307673316,OFF,RETRACTED,MANUAL
22:15:08.178,5.80,43.63,0.00,265.4438335260595,OFF,RETRACTED,MANUAL
22:15:08.279,6.20,43.40,0.00,266.6912478803523,OFF,RETRACTED,MANUAL
22:15:08.381,6.58,43.16,0.00,267.93824495431744,OFF,RETRACTED,MANUAL
22:15:08.481,6.95,42.89,0.00,269.184793573093,OFF,RETRACTED,MANUAL
22:15:08.582,7.30,42.61,0.00,270.4308625730284,OFF,RETRACTED,MANUAL
22:15:08.684,7.63,42.31,0.00,271.6764208024634,OFF,RETRACTED,MANUAL
22:15:08.785,7.94,42.00,0.00,272.92143712250754,OFF,RETRACTED,MANUAL
22:15:08.887,8.24,41.67,0.00,274.1658804078174,OFF,RETRACTED,MANUAL
22:15:08.990,8.51,41.32,0.00,275.40971954737574,OFF,RETRACTED,MANUAL
22:15:09.091,8.76,40.95,0.00,276.6529234452688,OFF,RETRACTED,MANUAL
22:15:09.193,8.99,40.57,0.00,277.8954610214637,OFF,RETRACTED,MANUAL
22:15:09.295,9.20,40.18,0.00,279.1373012125861,OFF,RETRACTED,MANUAL
22:15:09.394,9.38,39.76,0.00,280.3784129726961,OFF,RETRACTED,MANUAL
22:15:09.509,9.55,39.33,0.00,281.61876527406366,OFF,RETRACTED,MANUAL
22:15:09.623,9.68,38.89,0.00,282.858327107946,OFF,RETRACTED,MANUAL
22:15:09.731,9.80,38.43,0.00,284.09706748536223,OFF,RETRACTED,MANUAL
22:15:09.835,9.88,37.95,0.00,285.3349554378672,OFF,RETRACTED,MANUAL
22:15:09.937,9.95,37.46,0.00,286.57196001832665,OFF,RETRACTED,MANUAL
22:15:10.037,9.99,36.95,0.00,287.80805030169034,OFF,RETRACTED,MANUAL
22:15:10.139,10.00,36.43,0.00,289.04319538576544,OFF,RETRACTED,MANUAL
22:15:10.240,9.99,35.90,0.00,290.2773643919897,OFF,RETRACTED,MANUAL
22:15:10.339,9.95,35.35,0.00,291.51052646620184,OFF,RETRACTED,MANUAL
22:15:10.441,9.89,34.78,0.00,292.7426507794144,OFF,RETRACTED,MANUAL
22:15:10.542,9.81,34.21,0.00,293.97370652858365,OFF,RETRACTED,MANUAL
22:15:10.646,9.70,33.61,0.00,295.2036629373797,OFF,RETRACTED,MANUAL
22:15:10.748,9.56,33.01,0.00,296.43248925695696,OFF,RETRACTED,MANUAL
22:15:10.851,9.40,32.39,0.00,297.6601547667211,OFF,RETRACTED,MANUAL
22:15:10.951,9.22,31.76,0.00,298.8866287750984,OFF,RETRACTED,MANUAL
22:15:11.053,9.02,31.12,0.00,300.1118806203025,OFF,RETRACTED,MANUAL
22:15:11.154,8.79,30.46,0.00,301.3358796711008,OFF,RETRACTED,MANUAL
22:15:11.302,8.54,29.79,0.00,302.5585953275814,OFF,RETRACTED,MANUAL
22:15:11.402,8.27,29.11,0.00,303.77999702191613,OFF,RETRACTED,MANUAL
22:15:11.504,7.98,28.42,0.00,305.0000542191264,OFF,RETRACTED,MANUAL
22:15:11.606,7.67,27.72,0.00,306.2187364178458,OFF,RETRACTED,MANUAL
22:15:11.762,7.33,27.00,0.00,307.43601315108253,OFF,RETRACTED,MANUAL
22:15:11.864,6.99,26.28,0.00,308.6518539869822,OFF,RETRACTED,MANUAL
22:15:11.965,6.62,25.54,0.00,309.866228529587,OFF,RETRACTED,MANUAL
22:15:12.065,6.24,24.79,0.00,311.07910641959654,OFF,RETRACTED,MANUAL
22:15:12.167,5.84,24.04,0.00,312.2904573351268,OFF,RETRACTED,MANUAL
22:15:12.267,5.43,23.27,0.00,313.5002509924678,OFF,RETRACTED,MANUAL
22:15:12.368,5.00,22.50,0.00,314.70845714684145,OFF,RETRACTED,MANUAL
22:15:12.469,4.56,21.71,0.00,315.91504559315666,OFF,RETRACTED,MANUAL
22:15:12.569,4.11,20.92,0.00,317.11998616676516,OFF,RETRACTED,MANUAL
22:15:12.670,3.65,20.12,0.00,318.3232487442153,OFF,RETRACTED,MANUAL
22:15:12.770,3.18,19.31,0.00,319.5248032440051,OFF,RETRACTED,MANUAL
22:15:12.871,2.70,18.49,0.00,320.72461962733513,OFF,RETRACTED,MANUAL
22:15:12.971,2.22,17.67,0.00,321.922667898858,OFF,RETRACTED,MANUAL
22:15:13.072,1.73,16.84,0.00,323.1189181074294,OFF,RETRACTED,MANUAL
22:15:13.172,1.23,16.00,0.00,324.3133403468564,OFF,RETRACTED,MANUAL
22:15:13.273,0.73,15.16,0.00,325.505904756645,OFF,RETRACTED,MANUAL
22:15:13.373,0.23,14.31,0.00,326.69658152274746,OFF,RETRACTED,MANUAL
22:15:13.474,-0.27,13.45,0.00,327.88534087830647,OFF,RETRACTED,MANUAL
22:15:13.574,-0.76,12.59,0.00,329.07215310440006,OFF,RETRACTED,MANUAL
22:15:13.675,-1.26,11.72,0.00,330.2569885307844,OFF,RETRACTED,MANUAL
22:15:13.776,-1.76,10.85,0.00,331.43981753663525,OFF,RETRACTED,MANUAL
22:15:13.876,-2.25,9.98,0.00,332.6206105512896,OFF,RETRACTED,MANUAL
22:15:13.977,-2.73,9.10,0.00,333.7993380549833,OFF,RETRACTED,MANUAL
22:15:14.078,-3.21,8.21,0.00,334.9759705795902,OFF,RETRACTED,MANUAL
22:15:14.179,-3.68,7.33,0.00,336.15047870935837,OFF,RETRACTED,MANUAL
22:15:14.279,-4.14,6.44,0.00,337.3228330816456,OFF,RETRACTED,MANUAL
22:15:14.379,-4.59,5.55,0.00,338.49300438765414,OFF,RETRACTED,MANUAL
22:15:14.480,-5.03,4.65,0.00,339.66096337316196,OFF,RETRACTED,MANUAL
22:15:14.580,-5.45,3.75,0.00,340.8266808392553,OFF,RETRACTED,MANUAL
22:15:14.681,-5.86,2.86,0.00,341.99012764305814,OFF,RETRACTED,MANUAL
22:15:14.783,-6.26,1.96,0.00,343.15127469846095,OFF,RETRACTED,MANUAL
22:15:14.882,-6.64,1.06,0.00,344.31009297684807,OFF,RETRACTED,MANUAL
22:15:14.982,-7.01,0.16,0.00,345.4665535078227,OFF,RETRACTED,MANUAL
22:15:15.083,-7.36,-0.74,0.00,346.62062737993193,OFF,RETRACTED,MANUAL
22:15:15.184,-7.69,-1.64,0.00,347.772285741389,OFF,RETRACTED,MANUAL
22:15:15.285,-8.00,-2.54,0.00,348.92149980079455,OFF,RETRACTED,MANUAL
22:15:15.385,-8.29,-3.44,0.00,350.0682408278575,OFF,RETRACTED,MANUAL
22:15:15.485,-8.56,-4.33,0.00,351.21248015411163,OFF,RETRACTED,MANUAL
22:15:15.586,-8.80,-5.23,0.00,352.35418917363336,OFF,RETRACTED,MANUAL
22:15:15.687,-9.03,-6.12,0.00,353.4933393437567,OFF,RETRACTED,MANUAL
22:15:15.787,-9.23,-7.01,0.00,354.62990218578653,OFF,RETRACTED,MANUAL
22:15:15.888,-9.41,-7.90,0.00,355.7638492857114,OFF,RETRACTED,MANUAL
22:15:15.989,-9.57,-8.78,0.00,356.89515229491263,OFF,RETRACTED,MANUAL
22:15:16.089,-9.70,-9.66,0.00,358.02378293087395,OFF,RETRACTED,MANUAL
22:15:16.190,-9.81,-10.54,0.00,359.1497129778882,OFF,RETRACTED,MANUAL
22:15:16.290,-9.90,-11.41,0.00,360.2729142877627,OFF,RETRACTED,MANUAL
22:15:16.392,-9.96,-12.28,0.00,361.3933587805236,OFF,RETRACTED,MANUAL
22:15:16.492,-9.99,-13.15,0.00,362.51101844511675,OFF,RETRACTED,MANUAL
22:15:16.593,-10.00,-14.00,0.00,363.62586534010865,OFF,RETRACTED,MANUAL
22:15:16.693,-9.98,-14.86,0.00,364.73787159438507,OFF,RETRACTED,MANUAL
22:15:16.794,-9.94,-15.70,0.00,365.8470094078474,OFF,RETRACTED,MANUAL
22:15:16.894,-9.88,-16.54,0.00,366.9532510521084,OFF,RETRACTED,MANUAL
22:15:16.995,-9.79,-17.38,0.00,368.05656887118437,OFF,RETRACTED,MANUAL
22:15:17.095,-9.67,-18.20,0.00,369.1569352821874,OFF,RETRACTED,MANUAL
22:15:17.196,-9.54,-19.02,0.00,370.2543227760144,OFF,RETRACTED,MANUAL
22:15:17.296,-9.37,-19.83,0.00,371.3487039180351,OFF,RETRACTED,MANUAL
22:15:17.397,-9.19,-20.64,0.00,372.4400513487783,OFF,RETRACTED,MANUAL
22:15:17.497,-8.98,-21.43,0.00,373.5283377846148,OFF,RETRACTED,MANUAL
22:15:17.598,-8.75,-22.22,0.00,374.61353601844047,OFF,RETRACTED,MANUAL
22:15:17.701,-8.50,-23.00,0.00,375.69561892035597,OFF,RETRACTED,MANUAL
22:15:17.801,-8.22,-23.77,0.00,376.77455943834485,OFF,RETRACTED,MANUAL
22:15:17.902,-7.93,-24.53,0.00,377.8503305989509,OFF,RETRACTED,MANUAL
22:15:18.002,-7.61,-25.28,0.00,378.92290550795076,OFF,RETRACTED,MANUAL
22:15:18.104,-7.28,-26.02,0.00,379.9922573510277,OFF,RETRACTED,MANUAL
22:15:18.204,-6.93,-26.75,0.00,381.05835939444125,OFF,RETRACTED,MANUAL
22:15:18.306,-6.56,-27.46,0.00,382.1211849856958,OFF,RETRACTED,MANUAL
22:15:18.405,-6.17,-28.17,0.00,383.18070755420706,OFF,RETRACTED,MANUAL
22:15:18.506,-5.77,-28.87,0.00,384.236900611966,OFF,RETRACTED,MANUAL
22:15:18.607,-5.35,-29.55,0.00,385.28973775420116,OFF,RETRACTED,MANUAL
22:15:18.707,-4.93,-30.23,0.00,386.33919266003886,OFF,RETRACTED,MANUAL
22:15:18.808,-4.48,-30.89,0.00,387.38523909316075,OFF,RETRACTED,MANUAL
22:15:18.909,-4.03,-31.53,0.00,388.42785090246105,OFF,RETRACTED,MANUAL
22:15:19.011,-3.57,-32.17,0.00,389.4670020226986,OFF,RETRACTED,MANUAL
22:15:19.111,-3.10,-32.79,0.00,390.5026664751494,OFF,RETRACTED,MANUAL
22:15:19.211,-2.62,-33.40,0.00,391.5348183682562,OFF,RETRACTED,MANUAL
22:15:19.311,-2.13,-34.00,0.00,392.5634318982752,OFF,RETRACTED,MANUAL
22:15:19.415,-1.64,-34.58,0.00,393.5884813499221,OFF,RETRACTED,MANUAL
22:15:19.516,-1.15,-35.15,0.00,394.6099410970138,OFF,RETRACTED,MANUAL
22:15:19.616,-0.65,-35.71,0.00,395.6277856031099,OFF,RETRACTED,MANUAL
22:15:19.716,-0.15,-36.25,0.00,396.64198942215063,OFF,RETRACTED,MANUAL
22:15:19.817,0.35,-36.77,0.00,397.65252719909324,OFF,RETRACTED,MANUAL
22:15:19.919,0.85,-37.28,0.00,398.6593736705463,OFF,RETRACTED,MANUAL
22:15:20.019,1.35,-37.78,0.00,399.6625036654002,OFF,RETRACTED,MANUAL
22:15:20.120,1.84,-38.26,0.00,400.66189210545747,OFF,RETRACTED,MANUAL
22:15:20.220,2.33,-38.73,0.00,401.65751400605905,OFF,RETRACTED,MANUAL
22:15:20.321,2.81,-39.18,0.00,402.6493444767091,OFF,RETRACTED,MANUAL
22:15:20.423,3.29,-39.61,0.00,403.63735872169786,OFF,RETRACTED,MANUAL
22:15:20.524,3.76,-40.03,0.00,404.6215320407206,OFF,RETRACTED,MANUAL
22:15:20.626,4.21,-40.43,0.00,405.6018398294955,OFF,RETRACTED,MANUAL
22:15:20.727,4.66,-40.82,0.00,406.5782575803788,OFF,RETRACTED,MANUAL
22:15:20.827,5.10,-41.19,0.00,407.55076088297767,OFF,RETRACTED,MANUAL
22:15:20.929,5.52,-41.55,0.00,408.5193254247603,OFF,RETRACTED,MANUAL
22:15:21.029,5.93,-41.88,0.00,409.4839269916636,OFF,RETRACTED,MANUAL
22:15:21.130,6.33,-42.20,0.00,410.4445414686985,OFF,RETRACTED,MANUAL
22:15:21.231,6.71,-42.51,0.00,411.40114484055323,OFF,RETRACTED,MANUAL
22:15:21.331,7.07,-42.80,0.00,412.353713192193,OFF,RETRACTED,MANUAL
22:15:21.433,7.41,-43.06,0.00,413.3022227094591,OFF,RETRACTED,MANUAL
22:15:21.533,7.74,-43.32,0.00,414.2466496796628,OFF,RETRACTED,MANUAL
22:15:21.638,8.05,-43.55,0.00,415.18697049217894,OFF,RETRACTED,MANUAL
22:15:21.755,8.33,-43.77,0.00,416.1231616390363,OFF,RETRACTED,MANUAL
22:15:21.859,8.60,-43.97,0.00,417.05519971550484,OFF,RETRACTED,MANUAL
22:15:21.964,8.84,-44.15,0.00,417.98306142068134,OFF,RETRACTED,MANUAL
22:15:22.065,9.07,-44.32,0.00,418.90672355807146,OFF,RETRACTED,MANUAL
22:15:22.176,9.26,-44.47,0.00,419.8261630361698,OFF,RETRACTED,MANUAL
22:15:22.277,9.44,-44.59,0.00,420.7413568690374,OFF,RETRACTED,MANUAL
22:15:22.377,9.59,-44.71,0.00,421.6522821768759,OFF,RETRACTED,MANUAL
22:15:22.479,9.72,-44.80,0.00,422.5589161866003,OFF,RETRACTED,MANUAL
22:15:22.580,9.83,-44.88,0.00,423.4612362324075,OFF,RETRACTED,MANUAL
22:15:22.680,9.91,-44.93,0.00,424.35921975634335,OFF,RETRACTED,MANUAL
22:15:22.782,9.96,-44.97,0.00,425.25284430886643,OFF,RETRACTED,MANUAL
22:15:22.883,9.99,-45.00,0.00,426.14208754940944,OFF,RETRACTED,MANUAL
22:15:22.984,10.00,-45.00,0.00,427.0269272469379,OFF,RETRACTED,MANUAL
22:15:23.084,9.98,-44.99,0.00,427.9073412805053,OFF,RETRACTED,MANUAL
22:15:23.185,9.93,-44.95,0.00,428.7833076398067,OFF,RETRACTED,MANUAL
22:15:23.289,9.87,-44.90,0.00,429.6548044257288,OFF,RETRACTED,MANUAL
22:15:23.392,9.77,-44.83,0.00,430.52180985089706,OFF,RETRACTED,MANUAL
22:15:23.496,9.65,-44.75,0.00,431.38430224022136,ON,RETRACTED,MANUAL
22:15:23.597,9.51,-44.65,0.00,432.2422600314368,ON,RETRACTED,MANUAL
22:15:23.703,9.34,-44.52,0.00,433.0956617756432,ON,RETRACTED,MANUAL
22:15:23.808,9.15,-44.38,0.00,433.9444861378414,ON,RETRACTED,MANUAL
22:15:23.910,8.94,-44.23,0.00,434.78871189746644,ON,RETRACTED,MANUAL
22:15:24.009,8.71,-44.05,0.00,435.6283179489186,ON,RETRACTED,MANUAL
22:15:24.111,8.45,-43.86,0.00,436.4632833020902,ON,RETRACTED,MANUAL
22:15:24.210,8.17,-43.65,0.00,437.2935870828909,ON,RETRACTED,MANUAL
22:15:24.312,7.87,-43.42,0.00,438.1192085337693,ON,RETRACTED,MANUAL
22:15:24.412,7.56,-43.18,0.00,438.9401270142322,ON,RETRACTED,MANUAL
22:15:24.514,7.22,-42.91,0.00,439.75632200136045,ON,RETRACTED,MANUAL
22:15:24.618,6.86,-42.63,0.00,440.5677730903218,ON,RETRACTED,MANUAL
22:15:24.719,6.49,-42.34,0.00,441.37445999488125,ON,RETRACTED,MANUAL
22:15:24.820,6.10,-42.02,0.00,442.1763625479083,ON,RETRACTED,MANUAL
22:15:24.922,5.70,-41.69,0.00,442.97346070188064,ON,RETRACTED,MANUAL
22:15:25.027,5.28,-41.35,0.00,443.76573452938635,ON,RETRACTED,MANUAL
22:15:25.128,4.85,-40.98,0.00,444.5531642236207,ON,RETRACTED,MANUAL
22:15:25.230,4.41,-40.60,0.00,445.33573009888244,ON,RETRACTED,MANUAL
22:15:25.338,3.96,-40.21,0.00,446.1134125910654,ON,RETRACTED,MANUAL
22:15:25.440,3.49,-39.80,0.00,446.88619225814773,ON,RETRACTED,MANUAL
22:15:25.557,3.02,-39.37,0.00,447.6540497806783,ON,RETRACTED,MANUAL
22:15:25.664,2.54,-38.92,0.00,448.4169659622587,ON,RETRACTED,MANUAL
22:15:25.763,2.05,-38.47,0.00,449.17492173002427,ON,RETRACTED,MANUAL
22:15:25.865,1.56,-37.99,0.00,449.92789813512036,ON,RETRACTED,MANUAL
22:15:25.967,1.06,-37.50,0.00,450.6758763531758,ON,RETRACTED,MANUAL
22:15:26.069,0.57,-37.00,0.00,451.41883768477436,ON,RETRACTED,MANUAL
22:15:26.169,0.07,-36.48,0.00,452.1567635559214,ON,RETRACTED,MANUAL
22:15:26.270,-0.43,-35.94,0.00,452.8896355185085,ON,RETRACTED,MANUAL
22:15:26.371,-0.93,-35.39,0.00,453.61743525077486,ON,RETRACTED,MANUAL
22:15:26.471,-1.43,-34.83,0.00,454.3401445577648,ON,RETRACTED,MANUAL
22:15:26.572,-1.92,-34.25,0.00,455.0577453717837,ON,RETRACTED,MANUAL
22:15:26.675,-2.41,-33.66,0.00,455.77021975284833,ON,RETRACTED,MANUAL
22:15:26.776,-2.89,-33.06,0.00,456.4775498891364,ON,RETRACTED,MANUAL
22:15:26.877,-3.37,-32.44,0.00,457.17971809743125,ON,RETRACTED,MANUAL
22:15:26.978,-3.83,-31.81,0.00,457.8767068235641,ON,RETRACTED,MANUAL
22:15:27.079,-4.29,-31.17,0.00,458.56849864285346,ON,RETRACTED,MANUAL
22:15:27.180,-4.74,-30.51,0.00,459.2550762605396,ON,RETRACTED,MANUAL
22:15:27.280,-5.17,-29.85,0.00,459.936422512218,ON,RETRACTED,MANUAL
22:15:27.382,-5.59,-29.17,0.00,460.61252036426777,ON,RETRACTED,MANUAL
22:15:27.481,-6.00,-28.47,0.00,461.2833529142776,ON,RETRACTED,MANUAL
22:15:27.583,-6.39,-27.77,0.00,461.9489033914691,ON,RETRACTED,MANUAL
22:15:27.683,-6.77,-27.06,0.00,462.60915515711486,ON,RETRACTED,MANUAL
22:15:27.783,-7.13,-26.33,0.00,463.26409170495504,ON,RETRACTED,MANUAL
22:15:27.884,-7.47,-25.60,0.00,463.91369666161006,ON,RETRACTED,MANUAL
22:15:27.984,-7.79,-24.85,0.00,464.55795378698974,ON,RETRACTED,MANUAL
22:15:28.085,-8.10,-24.10,0.00,465.1968469746997,ON,RETRACTED,MANUAL
22:15:28.185,-8.38,-23.33,0.00,465.8303602524436,ON,RETRACTED,MANUAL
22:15:28.286,-8.64,-22.56,0.00,466.4584777824223,ON,RETRACTED,MANUAL
22:15:28.386,-8.88,-21.78,0.00,467.08118386173027,ON,RETRACTED,MANUAL
22:15:28.488,-9.10,-20.98,0.00,467.6984629227479,ON,RETRACTED,MANUAL
22:15:28.588,-9.30,-20.18,0.00,468.310299533531,ON,RETRACTED,MANUAL
22:15:28.688,-9.47,-19.38,0.00,468.91667839819615,ON,RETRACTED,MANUAL
22:15:28.789,-9.62,-18.56,0.00,469.5175843573032,ON,RETRACTED,MANUAL
22:15:28.890,-9.74,-17.74,0.00,470.11300238823446,ON,RETRACTED,MANUAL
22:15:28.991,-9.84,-16.91,0.00,470.7029176055702,ON,RETRACTED,MANUAL
22:15:29.092,-9.92,-16.07,0.00,471.2873152614608,ON,RETRACTED,MANUAL
22:15:29.193,-9.97,-15.22,0.00,471.8661807459953,ON,RETRACTED,MANUAL
22:15:29.294,-10.00,-14.37,0.00,472.4394995875666,ON,RETRACTED,MANUAL
22:15:29.395,-10.00,-13.52,0.00,473.0072574532336,ON,RETRACTED,MANUAL
22:15:29.495,-9.97,-12.66,0.00,473.5694401490791,ON,RETRACTED,MANUAL
22:15:29.595,-9.92,-11.79,0.00,474.1260336205653,ON,RETRACTED,MANUAL
22:15:29.697,-9.85,-10.92,0.00,474.67702395288416,ON,RETRACTED,MANUAL
22:15:29.796,-9.75,-10.05,0.00,475.2223973713061,ON,RETRACTED,MANUAL
22:15:29.897,-9.63,-9.17,0.00,475.7621402415241,ON,RETRACTED,MANUAL
22:15:29.998,-9.48,-8.28,0.00,476.2962390699944,ON,RETRACTED,MANUAL
22:15:30.098,-9.31,-7.40,0.00,476.8246805042743,ON,RETRACTED,MANUAL
22:15:30.198,-9.12,-6.51,0.00,477.3474513333553,ON,RETRACTED,MANUAL
22:15:30.299,-8.90,-5.62,0.00,477.864538487994,ON,RETRACTED,MANUAL
22:15:30.400,-8.67,-4.72,0.00,478.3759290410385,ON,RETRACTED,MANUAL
22:15:30.501,-8.41,-3.83,0.00,478.8816102077514,ON,RETRACTED,MANUAL
22:15:30.601,-8.12,-2.93,0.00,479.38156934613016,ON,RETRACTED,MANUAL
22:15:30.702,-7.82,-2.03,0.00,479.8757939572222,ON,RETRACTED,MANUAL
22:15:30.802,-7.50,-1.13,0.00,480.3642716854379,ON,RETRACTED,MANUAL
22:15:30.903,-7.16,-0.23,0.00,480.8469903188597,ON,RETRACTED,MANUAL
22:15:31.003,-6.80,0.67,0.00,481.3239377895467,ON,RETRACTED,MANUAL
22:15:31.105,-6.43,1.57,0.00,481.7951021738371,ON,RETRACTED,MANUAL
22:15:31.205,-6.04,2.47,0.00,482.26047169264587,ON,RETRACTED,MANUAL
22:15:31.305,-5.63,3.37,0.00,482.7200347117592,ON,RETRACTED,MANUAL
22:15:31.405,-5.21,4.26,0.00,483.17377974212553,ON,RETRACTED,MANUAL
22:15:31.506,-4.78,5.16,0.00,483.62169544014273,ON,RETRACTED,MANUAL
22:15:31.606,-4.33,6.05,0.00,484.06377060794176,ON,RETRACTED,MANUAL
22:15:31.707,-3.88,6.94,0.00,484.4999941936664,ON,RETRACTED,MANUAL
22:15:31.808,-3.41,7.83,0.00,484.9303552917497,ON,RETRACTED,MANUAL
22:15:31.909,-2.94,8.71,0.00,485.3548431431867,ON,RETRACTED,MANUAL
22:15:32.009,-2.46,9.59,0.00,485.7734471358031,ON,RETRACTED,MANUAL
22:15:32.110,-1.97,10.47,0.00,486.18615680452103,ON,RETRACTED,MANUAL
22:15:32.210,-1.48,11.35,0.00,486.59296183162024,ON,RETRACTED,MANUAL
22:15:32.311,-0.98,12.21,0.00,486.99385204699615,ON,RETRACTED,MANUAL
22:15:32.412,-0.48,13.08,0.00,487.3888174284143,ON,RETRACTED,MANUAL
22:15:32.512,0.02,13.94,0.00,487.7778481017607,ON,RETRACTED,MANUAL
22:15:32.613,0.52,14.79,0.00,488.16093434128885,ON,RETRACTED,MANUAL
22:15:32.714,1.02,15.64,0.00,488.5380665698627,ON,RETRACTED,MANUAL
22:15:32.814,1.51,16.48,0.00,488.90923535919615,ON,RETRACTED,MANUAL
22:15:32.915,2.00,17.31,0.00,489.2744314300887,ON,RETRACTED,MANUAL
22:15:33.016,2.49,18.14,0.00,489.6336456526578,ON,RETRACTED,MANUAL
22:15:33.116,2.97,18.96,0.00,489.9868690465664,ON,RETRACTED,MANUAL
22:15:33.217,3.45,19.77,0.00,490.3340927812483,ON,RETRACTED,MANUAL
22:15:33.317,3.91,20.58,0.00,490.67530817612794,ON,RETRACTED,MANUAL
22:15:33.417,4.37,21.37,0.00,491.01050670083833,ON,RETRACTED,MANUAL
22:15:33.518,4.81,22.16,0.00,491.3396799754338,ON,RETRACTED,MANUAL
22:15:33.618,5.24,22.94,0.00,491.66281977059975,ON,RETRACTED,MANUAL
22:15:33.720,5.66,23.71,0.00,491.979918007858,ON,RETRACTED,MANUAL
22:15:33.820,6.07,24.47,0.00,492.29096675976916,ON,RETRACTED,MANUAL
22:15:33.921,6.46,25.22,0.00,492.5959582501306,ON,RETRACTED,MANUAL
22:15:34.021,6.83,25.96,0.00,492.894884854171,ON,RETRACTED,MANUAL
22:15:34.123,7.19,26.69,0.00,493.1877390987408,ON,RETRACTED,MANUAL
22:15:34.223,7.52,27.41,0.00,493.47451366249913,ON,RETRACTED,MANUAL
22:15:34.323,7.84,28.12,0.00,493.7552013760969,ON,RETRACTED,MANUAL
22:15:34.579,8.14,28.81,0.00,494.02979522235586,ON,RETRACTED,MANUAL
22:15:34.579,8.42,29.50,0.00,494.2982883364441,ON,RETRACTED,MANUAL
22:15:34.628,8.68,30.17,0.00,494.56067400604775,ON,RETRACTED,MANUAL
22:15:34.729,8.92,30.83,0.00,494.81694567153886,ON,RETRACTED,MANUAL
22:15:34.831,9.13,31.48,0.00,495.067096926139,ON,RETRACTED,MANUAL
22:15:34.935,9.33,32.12,0.00,495.31112151607994,ON,RETRACTED,MANUAL
22:15:35.035,9.50,32.74,0.00,495.5490133407595,ON,RETRACTED,MANUAL
22:15:35.136,9.64,33.35,0.00,495.78076645289457,ON,RETRACTED,MANUAL
22:15:35.237,9.76,33.95,0.00,496.0063750586694,ON,RETRACTED,MANUAL
22:15:35.338,9.86,34.54,0.00,496.22583351788063,ON,RETRACTED,MANUAL
22:15:35.440,9.93,35.11,0.00,496.4391363440781,ON,RETRACTED,MANUAL
22:15:35.542,9.98,35.66,0.00,496.64627820470236,ON,RETRACTED,MANUAL
22:15:35.644,10.00,36.20,0.00,496.84725392121766,ON,RETRACTED,MANUAL
22:15:36.017,10.00,36.73,0.00,497.0420584692415,ON,RETRACTED,MANUAL
22:15:36.017,9.97,37.24,0.00,497.2306869786705,ON,RETRACTED,MANUAL
22:15:36.021,9.91,37.74,0.00,497.4131347338015,ON,RETRACTED,MANUAL
22:15:36.047,9.84,38.22,0.00,497.58939717345027,ON,RETRACTED,MANUAL
22:15:36.191,9.73,38.69,0.00,497.759469891065,ON,RETRACTED,MANUAL
22:15:36.301,9.61,39.14,0.00,497.92334863483654,ON,RETRACTED,MANUAL
22:15:36.410,9.46,39.58,0.00,498.0810293078049,ON,RETRACTED,MANUAL
22:15:36.513,9.28,40.00,0.00,498.2325079679615,ON,RETRACTED,MANUAL
22:15:36.621,9.09,40.40,0.00,498.37778082834757,ON,RETRACTED,MANUAL
22:15:36.726,8.87,40.79,0.00,498.5168442571493,ON,RETRACTED,MANUAL
22:15:36.832,8.62,41.16,0.00,498.64969477778817,ON,RETRACTED,MANUAL
22:15:36.939,8.36,41.52,0.00,498.7763290690081,ON,RETRACTED,MANUAL
22:15:37.047,8.07,41.86,0.00,498.89674396495843,ON,RETRACTED,MANUAL
22:15:37.151,7.77,42.18,0.00,499.01093645527294,ON,RETRACTED,MANUAL
22:15:37.253,7.45,42.48,0.00,499.11890368514537,ON,RETRACTED,MANUAL
22:15:37.373,7.10,42.77,0.00,499.22064295540065,ON,RETRACTED,MANUAL
22:15:37.484,6.74,43.04,0.00,499.31615172256227,ON,RETRACTED,MANUAL
22:15:37.595,6.36,43.30,0.00,499.40542759891605,ON,RETRACTED,MANUAL
22:15:37.695,5.97,43.53,0.00,499.48846835256967,ON,RETRACTED,MANUAL
22:15:37.799,5.56,43.75,0.00,499.56527190750865,ON,RETRACTED,MANUAL
22:15:37.899,5.14,43.96,0.00,499.6358363436482,ON,RETRACTED,MANUAL
22:15:37.999,4.70,44.14,0.00,499.7001598968809,ON,RETRACTED,MANUAL
22:15:38.101,4.26,44.31,0.00,499.7582409591215,ON,RETRACTED,MANUAL
22:15:38.212,3.80,44.45,0.00,499.81007807834624,ON,RETRACTED,MANUAL
22:15:38.324,3.33,44.58,0.00,499.8556699586301,ON,RETRACTED,MANUAL
22:15:38.427,2.86,44.70,0.00,499.8950154601781,ON,RETRACTED,MANUAL
22:15:38.528,2.38,44.79,0.00,499.92811359935513,ON,RETRACTED,MANUAL
22:15:38.629,1.89,44.87,0.00,499.9549635487092,OFF,RETRACTED,MANUAL
22:15:38.731,1.39,44.93,0.00,499.975564636993,OFF,RETRACTED,MANUAL
22:15:38.835,0.90,44.97,0.00,499.9899163491805,OFF,RETRACTED,MANUAL
22:15:38.939,0.40,44.99,0.00,499.99801832647944,OFF,RETRACTED,MANUAL
22:15:39.047,-0.10,45.00,0.00,499.99987036634104,OFF,RETRACTED,MANUAL
22:15:39.148,-0.60,44.99,0.00,499.9954724224642,OFF,RETRACTED,MANUAL
22:15:39.250,-1.10,44.96,0.00,499.9848246047975,OFF,RETRACTED,MANUAL
22:15:39.357,-1.59,44.91,0.00,499.96792717953565,OFF,RETRACTED,MANUAL
22:15:39.459,-2.09,44.84,0.00,499.9447805691135,OFF,RETRACTED,MANUAL
22:15:39.562,-2.57,44.76,0.00,499.915385352195,OFF,RETRACTED,MANUAL
22:15:39.665,-3.05,44.65,0.00,499.8797422636592,OFF,RETRACTED,MANUAL
22:15:39.774,-3.52,44.53,0.00,499.8378521945814,OFF,RETRACTED,MANUAL
22:15:39.877,-3.99,44.40,0.00,499.789716192211,OFF,RETRACTED,MANUAL
22:15:39.979,-4.44,44.24,0.00,499.7353354599457,OFF,RETRACTED,MANUAL
22:15:40.079,-4.88,44.07,0.00,499.67471135730096,OFF,RETRACTED,MANUAL
22:15:40.180,-5.31,43.88,0.00,499.60784539987617,OFF,RETRACTED,MANUAL
22:15:40.281,-5.73,43.67,0.00,499.5347392593168,OFF,RETRACTED,MANUAL
22:15:40.384,-6.13,43.44,0.00,499.45539476327247,OFF,RETRACTED,MANUAL
22:15:40.488,-6.52,43.20,0.00,499.3698138953515,OFF,RETRACTED,MANUAL
22:15:40.590,-6.89,42.94,0.00,499.2779987950712,OFF,RETRACTED,MANUAL
22:15:40.690,-7.24,42.66,0.00,499.17995175780425,OFF,RETRACTED,MANUAL
22:15:40.792,-7.58,42.36,0.00,499.07567523472153,OFF,RETRACTED,MANUAL
22:15:40.893,-7.90,42.05,0.00,498.96517183273056,OFF,RETRACTED,MANUAL
22:15:40.993,-8.19,41.72,0.00,498.8484443144107,OFF,RETRACTED,MANUAL
22:15:41.094,-8.47,41.38,0.00,498.7254955979438,OFF,RETRACTED,MANUAL
22:15:41.194,-8.72,41.01,0.00,498.5963287570414,OFF,RETRACTED,MANUAL
22:15:41.295,-8.96,40.64,0.00,498.4609470208678,OFF,RETRACTED,MANUAL
22:15:41.396,-9.17,40.24,0.00,498.31935377395934,OFF,RETRACTED,MANUAL
22:15:41.496,-9.36,39.83,0.00,498.17155255613983,OFF,RETRACTED,MANUAL
22:15:41.597,-9.52,39.40,0.00,498.01754706243196,OFF,RETRACTED,MANUAL
22:15:41.698,-9.66,38.96,0.00,497.85734114296514,OFF,RETRACTED,MANUAL
22:15:41.801,-9.78,38.50,0.00,497.69093880287903,OFF,RETRACTED,MANUAL
22:15:41.903,-9.87,38.03,0.00,497.5183442022233,OFF,RETRACTED,MANUAL
22:15:42.005,-9.94,37.54,0.00,497.33956165585414,OFF,RETRACTED,MANUAL
22:15:42.119,-9.98,37.04,0.00,497.1545956333259,OFF,RETRACTED,MANUAL
22:15:42.220,-10.00,36.52,0.00,496.96345075877935,OFF,RETRACTED,MANUAL
22:15:42.321,-9.99,35.98,0.00,496.76613181082655,OFF,RETRACTED,MANUAL
22:15:42.422,-9.96,35.44,0.00,496.56264372243083,OFF,RETRACTED,MANUAL
22:15:42.523,-9.90,34.88,0.00,496.3529915807839,OFF,RETRACTED,MANUAL
22:15:42.624,-9.82,34.30,0.00,496.13718062717834,OFF,RETRACTED,MANUAL
22:15:42.724,-9.71,33.71,0.00,495.91521625687665,OFF,RETRACTED,MANUAL
22:15:42.825,-9.58,33.11,0.00,495.6871040189767,OFF,RETRACTED,MANUAL
22:15:42.925,-9.43,32.49,0.00,495.4528496162724,OFF,RETRACTED,MANUAL
22:15:43.026,-9.25,31.86,0.00,495.2124589051117,OFF,RETRACTED,MANUAL
22:15:43.127,-9.05,31.22,0.00,494.9659378952499,OFF,RETRACTED,MANUAL
22:15:43.227,-8.83,30.57,0.00,494.71329274969924,OFF,RETRACTED,MANUAL
22:15:43.329,-8.58,29.90,0.00,494.45452978457547,OFF,RETRACTED,MANUAL
22:15:43.430,-8.31,29.22,0.00,494.18965546893895,OFF,RETRACTED,MANUAL
22:15:43.531,-8.02,28.53,0.00,493.918676424634,OFF,RETRACTED,MANUAL
22:15:43.633,-7.72,27.83,0.00,493.6415994261225,OFF,RETRACTED,MANUAL
22:15:43.733,-7.39,27.12,0.00,493.3584314003149,OFF,RETRACTED,MANUAL
22:15:43.835,-7.04,26.39,0.00,493.06917942639734,OFF,RETRACTED,MANUAL
22:15:43.936,-6.68,25.66,0.00,492.7738507356538,OFF,RETRACTED,MANUAL
22:15:44.038,-6.30,24.91,0.00,492.4724527112865,OFF,RETRACTED,MANUAL
22:15:44.139,-5.90,24.16,0.00,492.1649928882302,OFF,RETRACTED,MANUAL
22:15:44.241,-5.49,23.40,0.00,491.85147895296427,OFF,RETRACTED,MANUAL
22:15:44.344,-5.07,22.62,0.00,491.53191874332106,OFF,RETRACTED,MANUAL
22:15:44.445,-4.63,21.84,0.00,491.206320248289,ON,RETRACTED,MANUAL
22:15:44.550,-4.18,21.05,0.00,490.8746916078136,ON,RETRACTED,MANUAL
22:15:44.653,-3.72,20.25,0.00,490.53704111259356,ON,RETRACTED,MANUAL
22:15:44.754,-3.25,19.44,0.00,490.1933772038735,ON,RETRACTED,MANUAL
22:15:44.857,-2.78,18.63,0.00,489.8437084732336,ON,RETRACTED,MANUAL
22:15:44.959,-2.29,17.80,0.00,489.48804366237357,ON,RETRACTED,MANUAL
22:15:45.059,-1.80,16.97,0.00,489.12639166289546,ON,RETRACTED,MANUAL
22:15:45.160,-1.31,16.14,0.00,488.7587615160802,ON,RETRACTED,MANUAL
22:15:45.261,-0.81,15.29,0.00,488.3851624126623,ON,RETRACTED,MANUAL
22:15:45.362,-0.31,14.44,0.00,488.00560369260006,ON,RETRACTED,MANUAL
22:15:45.462,0.19,13.59,0.00,487.62009484484156,ON,RETRACTED,MANUAL
22:15:45.566,0.69,12.73,0.00,487.22864550708806,ON,RETRACTED,MANUAL
22:15:45.667,1.18,11.86,0.00,486.8312654655525,ON,RETRACTED,MANUAL
22:15:45.768,1.68,10.99,0.00,486.4279646547152,ON,RETRACTED,MANUAL
22:15:45.868,2.17,10.12,0.00,486.0187531570756,ON,RETRACTED,MANUAL
22:15:45.971,2.65,9.24,0.00,485.6036412028995,ON,RETRACTED,MANUAL
22:15:46.071,3.13,8.35,0.00,485.18263916996455,ON,RETRACTED,MANUAL
22:15:46.180,3.60,7.47,0.00,484.7557575832994,ON,RETRACTED,MANUAL
22:15:46.282,4.06,6.58,0.00,484.3230071149214,ON,RETRACTED,MANUAL
22:15:46.381,4.52,5.69,0.00,483.8843985835699,ON,RETRACTED,MANUAL
22:15:46.483,4.96,4.79,0.00,483.4399429544352,ON,RETRACTED,MANUAL
22:15:46.585,5.38,3.90,0.00,482.98965133888515,ON,RETRACTED,MANUAL
22:15:46.689,5.80,3.00,0.00,482.5335349941865,ON,RETRACTED,MANUAL
22:15:46.788,6.20,2.10,0.00,482.07160532322393,ON,RETRACTED,MANUAL
22:15:46.889,6.58,1.20,0.00,481.6038738742154,ON,RETRACTED,MANUAL
22:15:46.990,6.95,0.30,0.00,481.13035234042263,ON,RETRACTED,MANUAL
22:15:47.091,7.30,-0.60,0.00,480.6510525598596,ON,RETRACTED,MANUAL
22:15:47.192,7.63,-1.50,0.00,480.16598651499555,ON,RETRACTED,MANUAL
22:15:47.293,7.95,-2.40,0.00,479.67516633245623,ON,RETRACTED,MANUAL
22:15:47.397,8.24,-3.29,0.00,479.1786042827211,ON,RETRACTED,MANUAL
22:15:47.497,8.51,-4.19,0.00,478.6763127798151,ON,RETRACTED,MANUAL
22:15:47.599,8.77,-5.09,0.00,478.1683043809999,ON,RETRACTED,MANUAL
22:15:47.716,8.99,-5.98,0.00,477.65459178645904,ON,RETRACTED,MANUAL
22:15:47.817,9.20,-6.87,0.00,477.1351878389803,ON,RETRACTED,MANUAL
22:15:47.918,9.39,-7.76,0.00,476.6101055236357,ON,RETRACTED,MANUAL
22:15:48.039,9.55,-8.64,0.00,476.0793579674554,ON,RETRACTED,MANUAL
22:15:48.140,9.68,-9.52,0.00,475.5429584391011,ON,RETRACTED,MANUAL
22:15:48.246,9.80,-10.40,0.00,475.0009203485329,ON,RETRACTED,MANUAL
22:15:48.347,9.88,-11.28,0.00,474.45325724667447,ON,RETRACTED,MANUAL
22:15:48.454,9.95,-12.14,0.00,473.89998282507537,ON,RETRACTED,MANUAL
22:15:48.562,9.99,-13.01,0.00,473.3411109155669,ON,RETRACTED,MANUAL
22:15:48.668,10.00,-13.87,0.00,472.7766554899181,ON,RETRACTED,MANUAL
22:15:48.788,9.99,-14.72,0.00,472.206630659485,ON,RETRACTED,MANUAL
22:15:48.887,9.95,-15.57,0.00,471.63105067485844,ON,RETRACTED,MANUAL
22:15:48.988,9.89,-16.41,0.00,471.0499299255084,ON,RETRACTED,MANUAL
22:15:49.091,9.81,-17.24,0.00,470.46328293942315,ON,RETRACTED,MANUAL
22:15:49.199,9.69,-18.07,0.00,469.8711243827471,ON,RETRACTED,MANUAL
22:15:49.301,9.56,-18.89,0.00,469.273469059413,ON,RETRACTED,MANUAL
22:15:49.409,9.40,-19.71,0.00,468.6703319107727,ON,RETRACTED,MANUAL
22:15:49.512,9.22,-20.51,0.00,468.06172801522393,ON,RETRACTED,MANUAL
22:15:49.614,9.01,-21.31,0.00,467.447672587832,ON,RETRACTED,MANUAL
22:15:49.716,8.79,-22.10,0.00,466.8281809799509,ON,RETRACTED,MANUAL
22:15:49.817,8.54,-22.88,0.00,466.20326867883847,ON,RETRACTED,MANUAL
22:15:49.919,8.27,-23.65,0.00,465.57295130726936,ON,RETRACTED,MANUAL
22:15:50.020,7.97,-24.41,0.00,464.9372446231456,ON,RETRACTED,MANUAL
22:15:50.121,7.66,-25.16,0.00,464.29616451910067,ON,RETRACTED,MANUAL
22:15:50.221,7.33,-25.90,0.00,463.64972702210423,ON,RETRACTED,MANUAL
22:15:50.321,6.98,-26.63,0.00,462.99794829305984,ON,RETRACTED,MANUAL
22:15:50.421,6.62,-27.35,0.00,462.3408446264015,ON,RETRACTED,MANUAL
22:15:50.523,6.23,-28.06,0.00,461.6784324496872,ON,RETRACTED,MANUAL
22:15:50.624,5.83,-28.76,0.00,461.01072832318624,ON,RETRACTED,MANUAL
22:15:50.724,5.42,-29.44,0.00,460.33774893946764,ON,RETRACTED,MANUAL
22:15:50.825,4.99,-30.12,0.00,459.6595111229806,ON,RETRACTED,MANUAL
22:15:50.925,4.56,-30.78,0.00,458.976031829635,ON,RETRACTED,MANUAL
22:15:51.026,4.10,-31.43,0.00,458.28732814637806,ON,RETRACTED,MANUAL
22:15:51.126,3.64,-32.07,0.00,457.59341729076556,ON,RETRACTED,MANUAL
22:15:51.227,3.17,-32.69,0.00,456.8943166105331,ON,RETRACTED,MANUAL
22:15:51.327,2.70,-33.31,0.00,456.19004358316124,ON,RETRACTED,MANUAL
22:15:51.428,2.21,-33.90,0.00,455.4806158154385,ON,RETRACTED,MANUAL
22:15:51.528,1.72,-34.49,0.00,454.7660510430228,ON,RETRACTED,MANUAL
22:15:51.629,1.23,-35.06,0.00,454.0463671299956,ON,RETRACTED,MANUAL
22:15:51.729,0.73,-35.62,0.00,453.3215820684178,ON,RETRACTED,MANUAL
22:15:51.830,0.23,-36.16,0.00,452.59171397787804,ON,RETRACTED,MANUAL
22:15:51.931,-0.27,-36.69,0.00,451.8567811050401,ON,RETRACTED,MANUAL
22:15:52.033,-0.77,-37.20,0.00,451.1168018231882,ON,RETRACTED,MANUAL
22:15:52.133,-1.27,-37.70,0.00,450.37179463176534,ON,RETRACTED,MANUAL
22:15:52.235,-1.76,-38.19,0.00,449.6217781559129,ON,RETRACTED,MANUAL
22:15:52.335,-2.25,-38.65,0.00,448.8667711460036,ON,RETRACTED,MANUAL
22:15:52.434,-2.73,-39.11,0.00,448.106792477173,ON,RETRACTED,MANUAL
22:15:52.535,-3.21,-39.54,0.00,447.34186114884875,ON,RETRACTED,MANUAL
22:15:52.635,-3.68,-39.97,0.00,446.5719962842737,ON,RETRACTED,MANUAL
22:15:52.736,-4.14,-40.37,0.00,445.79721713003005,ON,RETRACTED,MANUAL
22:15:52.837,-4.59,-40.76,0.00,445.0175430555558,ON,RETRACTED,MANUAL
22:15:52.937,-5.03,-41.13,0.00,444.23299355266204,ON,RETRACTED,MANUAL
22:15:53.038,-5.46,-41.49,0.00,443.44358823504615,ON,RETRACTED,MANUAL
22:15:53.139,-5.87,-41.83,0.00,442.64934683779916,ON,RETRACTED,MANUAL
22:15:53.240,-6.26,-42.15,0.00,441.85028921691537,ON,RETRACTED,MANUAL
22:15:53.340,-6.65,-42.46,0.00,441.04643534879335,ON,RETRACTED,MANUAL
22:15:53.441,-7.01,-42.75,0.00,440.2378053297376,ON,RETRACTED,MANUAL
22:15:53.541,-7.36,-43.02,0.00,439.4244193754572,ON,RETRACTED,MANUAL
22:15:53.642,-7.69,-43.28,0.00,438.606297820558,ON,RETRACTED,MANUAL
22:15:53.742,-8.00,-43.52,0.00,437.7834611180367,ON,RETRACTED,MANUAL
22:15:53.842,-8.29,-43.74,0.00,436.9559298387678,ON,RETRACTED,MANUAL
22:15:53.943,-8.56,-43.94,0.00,436.1237246709901,ON,RETRACTED,MANUAL
22:15:54.044,-8.81,-44.13,0.00,435.2868664197897,ON,RETRACTED,MANUAL
22:15:54.145,-9.03,-44.29,0.00,434.4453760065789,ON,RETRACTED,MANUAL
22:15:54.245,-9.23,-44.44,0.00,433.5992744685748,ON,RETRACTED,MANUAL
22:15:54.347,-9.41,-44.58,0.00,432.7485829582714,ON,RETRACTED,MANUAL
22:15:54.447,-9.57,-44.69,0.00,431.8933227429119,ON,RETRACTED,MANUAL
22:15:54.548,-9.70,-44.79,0.00,431.0335152039577,ON,RETRACTED,MANUAL
22:15:54.648,-9.81,-44.86,0.00,430.16918183655196,ON,RETRACTED,MANUAL
22:15:54.749,-9.90,-44.93,0.00,429.3003442489844,ON,RETRACTED,MANUAL
22:15:54.849,-9.96,-44.97,0.00,428.4270241621491,ON,RETRACTED,MANUAL
22:15:54.949,-9.99,-44.99,0.00,427.5492434090026,ON,RETRACTED,MANUAL
22:15:55.051,-10.00,-45.00,0.00,426.6670239340185,ON,RETRACTED,MANUAL
22:15:55.151,-9.98,-44.99,0.00,425.78038779263716,ON,RETRACTED,MANUAL
22:15:55.251,-9.94,-44.96,0.00,424.8893571507165,ON,RETRACTED,MANUAL
22:15:55.352,-9.88,-44.91,0.00,423.99395428397594,ON,RETRACTED,MANUAL
22:15:55.453,-9.79,-44.85,0.00,423.0942015774401,ON,RETRACTED,MANUAL
22:15:55.554,-9.67,-44.76,0.00,422.19012152488045,ON,RETRACTED,MANUAL
22:15:55.656,-9.53,-44.66,0.00,421.2817367282506,ON,RETRACTED,MANUAL
22:15:55.756,-9.37,-44.54,0.00,420.36906989712384,ON,RETRACTED,MANUAL
22:15:55.856,-9.19,-44.41,0.00,419.452143848123,ON,RETRACTED,MANUAL
22:15:55.957,-8.98,-44.25,0.00,418.5309815043512,ON,RETRACTED,MANUAL
22:15:56.057,-8.75,-44.08,0.00,417.6056058948198,ON,RETRACTED,MANUAL
22:15:56.158,-8.49,-43.89,0.00,416.67604015387013,ON,RETRACTED,MANUAL
22:15:56.259,-8.22,-43.68,0.00,415.74230752059805,ON,RETRACTED,MANUAL
22:15:56.360,-7.92,-43.46,0.00,414.8044313382703,ON,RETRACTED,MANUAL
22:15:56.460,-7.61,-43.22,0.00,413.86243505374233,ON,RETRACTED,MANUAL
22:15:56.560,-7.27,-42.96,0.00,412.91634221687286,ON,RETRACTED,MANUAL
22:15:56.661,-6.92,-42.68,0.00,411.96617647993287,ON,RETRACTED,MANUAL
22:15:56.762,-6.55,-42.39,0.00,411.0119615970169,ON,RETRACTED,MANUAL
22:15:56.863,-6.17,-42.08,0.00,410.0537214234471,ON,RETRACTED,MANUAL
22:15:56.963,-5.77,-41.75,0.00,409.0914799151774,ON,RETRACTED,MANUAL
22:15:57.063,-5.35,-41.40,0.00,408.12526112819626,ON,RETRACTED,MANUAL
22:15:57.164,-4.92,-41.04,0.00,407.1550892179222,ON,RETRACTED,MANUAL
22:15:57.264,-4.48,-40.67,0.00,406.1809884386032,ON,RETRACTED,MANUAL
22:15:57.365,-4.03,-40.27,0.00,405.2029831427077,ON,RETRACTED,MANUAL
22:15:57.466,-3.57,-39.86,0.00,404.22109778031677,ON,RETRACTED,MANUAL
22:15:57.572,-3.09,-39.44,0.00,403.23535689851394,ON,RETRACTED,MANUAL
22:15:57.672,-2.62,-39.00,0.00,402.2457851407694,ON,RETRACTED,MANUAL
22:15:57.772,-2.13,-38.54,0.00,401.25240724632613,ON,RETRACTED,MANUAL
22:15:57.873,-1.64,-38.07,0.00,400.25524804957934,ON,RETRACTED,MANUAL
22:15:57.974,-1.14,-37.58,0.00,399.2543324794568,ON,RETRACTED,MANUAL
22:15:58.076,-0.65,-37.08,0.00,398.24968555879633,ON,RETRACTED,MANUAL
22:15:58.197,-0.15,-36.56,0.00,397.2413324037178,ON,RETRACTED,MANUAL
22:15:58.298,0.35,-36.03,0.00,396.2292982229984,ON,RETRACTED,MANUAL
22:15:58.404,0.85,-35.48,0.00,395.2136083174395,ON,RETRACTED,MANUAL
22:15:58.506,1.35,-34.92,0.00,394.19428807923555,ON,RETRACTED,MANUAL
22:15:58.607,1.84,-34.35,0.00,393.17136299134006,ON,RETRACTED,MANUAL
22:15:58.708,2.33,-33.76,0.00,392.14485862682625,ON,RETRACTED,MANUAL
22:15:58.809,2.82,-33.16,0.00,391.1148006482505,ON,RETRACTED,MANUAL
22:15:58.917,3.29,-32.54,0.00,390.0812148070083,ON,RETRACTED,MANUAL
22:15:59.023,3.76,-31.91,0.00,389.0441269426914,ON,RETRACTED,MANUAL
22:15:59.124,4.22,-31.27,0.00,388.0035629824432,ON,RETRACTED,MANUAL
22:15:59.226,4.67,-30.62,0.00,386.95954894030774,ON,RETRACTED,MANUAL
22:15:59.327,5.10,-29.95,0.00,385.9121109165825,ON,RETRACTED,MANUAL
22:15:59.429,5.53,-29.27,0.00,384.861275097163,ON,RETRACTED,MANUAL
22:15:59.529,5.94,-28.59,0.00,383.8070677528898,ON,RETRACTED,MANUAL
22:15:59.630,6.33,-27.88,0.00,382.7495152388923,ON,RETRACTED,MANUAL
22:15:59.736,6.71,-27.17,0.00,381.68864399392737,ON,RETRACTED,MANUAL
22:15:59.840,7.07,-26.45,0.00,380.62448053972184,ON,RETRACTED,MANUAL
22:15:59.941,7.42,-25.72,0.00,379.5570514803061,ON,RETRACTED,MANUAL
22:16:00.043,7.74,-24.97,0.00,378.48638350135076,ON,RETRACTED,MANUAL
22:16:00.144,8.05,-24.22,0.00,377.41250336950026,ON,RETRACTED,MANUAL
22:16:00.247,8.33,-23.46,0.00,376.3354379317012,ON,RETRACTED,MANUAL
22:16:00.352,8.60,-22.68,0.00,375.25521411453417,ON,RETRACTED,MANUAL
22:16:00.453,8.84,-21.90,0.00,374.171858923538,ON,RETRACTED,MANUAL
22:16:00.555,9.07,-21.11,0.00,373.0853994425357,ON,RETRACTED,MANUAL
22:16:00.656,9.27,-20.31,0.00,371.9958628329583,ON,RETRACTED,MANUAL
22:16:00.759,9.44,-19.51,0.00,370.9032763331637,ON,RETRACTED,MANUAL
22:16:00.860,9.60,-18.69,0.00,369.8076672577582,ON,RETRACTED,MANUAL
22:16:00.968,9.72,-17.87,0.00,368.70906299691126,ON,RETRACTED,MANUAL
22:16:01.071,9.83,-17.04,0.00,367.60749101567177,ON,RETRACTED,MANUAL
22:16:01.175,9.91,-16.20,0.00,366.5029788532826,ON,RETRACTED,MANUAL
22:16:01.276,9.96,-15.36,0.00,365.3955541224896,OFF,RETRACTED,MANUAL
22:16:01.377,9.99,-14.51,0.00,364.28524450885413,OFF,RETRACTED,MANUAL
22:16:01.483,10.00,-13.66,0.00,363.17207777005825,OFF,RETRACTED,MANUAL
22:16:01.584,9.98,-12.80,0.00,362.05608173521216,OFF,RETRACTED,MANUAL
22:16:01.684,9.93,-11.93,0.00,360.9372843041593,OFF,RETRACTED,MANUAL
22:16:01.788,9.86,-11.06,0.00,359.8157134467764,OFF,RETRACTED,MANUAL
22:16:01.890,9.77,-10.19,0.00,358.69139720227724,OFF,RETRACTED,MANUAL
22:16:01.993,9.65,-9.31,0.00,357.56436367850915,OFF,RETRACTED,MANUAL
22:16:02.096,9.51,-8.42,0.00,356.43464105125094,OFF,RETRACTED,MANUAL
22:16:02.196,9.34,-7.54,0.00,355.3022575635103,OFF,RETRACTED,MANUAL
22:16:02.302,9.15,-6.65,0.00,354.1672415248147,OFF,RETRACTED,MANUAL
22:16:02.403,8.94,-5.76,0.00,353.02962131050674,OFF,RETRACTED,MANUAL
22:16:02.505,8.70,-4.86,0.00,351.8894253610321,OFF,RETRACTED,MANUAL
22:16:02.606,8.45,-3.97,0.00,350.7466821812298,ON,RETRACTED,MANUAL
22:16:02.707,8.17,-3.07,0.00,349.60142033962063,ON,RETRACTED,MANUAL
22:16:02.811,7.87,-2.17,0.00,348.4536684676901,ON,RETRACTED,MANUAL
22:16:02.913,7.55,-1.27,0.00,347.3034552591761,ON,RETRACTED,MANUAL
22:16:03.013,7.22,-0.37,0.00,346.1508094693484,ON,RETRACTED,MANUAL
22:16:03.119,6.86,0.53,0.00,344.9957599142915,ON,RETRACTED,MANUAL
22:16:03.224,6.49,1.43,0.00,343.83833547018486,ON,RETRACTED,MANUAL
22:16:03.325,6.10,2.32,0.00,342.6785650725784,ON,RETRACTED,MANUAL
22:16:03.425,5.70,3.22,0.00,341.51647771567264,ON,RETRACTED,MANUAL
22:16:03.525,5.28,4.12,0.00,340.3521024515904,ON,RETRACTED,MANUAL
22:16:03.627,4.85,5.02,0.00,339.18546838965227,ON,RETRACTED,MANUAL
22:16:03.728,4.41,5.91,0.00,338.0166046956499,OFF,RETRACTED,MANUAL
22:16:03.828,3.95,6.80,0.00,336.84554059111395,OFF,RETRACTED,MANUAL
22:16:03.939,3.49,7.69,0.00,335.6723053525868,OFF,RETRACTED,MANUAL
22:16:04.040,3.01,8.57,0.00,334.49692831088794,OFF,RETRACTED,MANUAL
22:16:04.141,2.53,9.45,0.00,333.3194388503818,OFF,RETRACTED,MANUAL
22:16:04.242,2.05,10.33,0.00,332.13986640824436,OFF,RETRACTED,MANUAL
22:16:04.356,1.56,11.21,0.00,330.9582404737244,OFF,RETRACTED,MANUAL
22:16:04.483,1.06,12.08,0.00,329.7745905874096,OFF,RETRACTED,MANUAL
22:16:04.584,0.56,12.94,0.00,328.588946340485,OFF,RETRACTED,MANUAL
22:16:04.688,0.06,13.80,0.00,327.4013373739947,OFF,RETRACTED,MANUAL
22:16:04.788,-0.44,14.65,0.00,326.21179337810173,OFF,RETRACTED,MANUAL
22:16:04.889,-0.94,15.50,0.00,325.02034409134325,OFF,RETRACTED,MANUAL
22:16:04.989,-1.43,16.34,0.00,323.82701929989025,OFF,RETRACTED,MANUAL
22:16:05.090,-1.93,17.18,0.00,322.63184883679986,OFF,RETRACTED,MANUAL
22:16:05.191,-2.41,18.01,0.00,321.4348625812711,OFF,RETRACTED,MANUAL
22:16:05.292,-2.90,18.83,0.00,320.23609045789874,OFF,RETRACTED,MANUAL
22:16:05.394,-3.37,19.64,0.00,319.03556243592266,OFF,RETRACTED,MANUAL
22:16:05.496,-3.84,20.45,0.00,317.83330852848167,OFF,RETRACTED,MANUAL
22:16:05.603,-4.29,21.25,0.00,316.6293587918605,OFF,RETRACTED,MANUAL
22:16:05.704,-4.74,22.03,0.00,315.42374332473935,OFF,RETRACTED,MANUAL
22:16:05.805,-5.17,22.81,0.00,314.216492267443,OFF,RETRACTED,MANUAL
22:16:05.906,-5.60,23.59,0.00,313.00763580118416,OFF,RETRACTED,MANUAL
22:16:06.006,-6.00,24.35,0.00,311.79720414731236,OFF,RETRACTED,MANUAL
22:16:06.108,-6.39,25.10,0.00,310.5852275665555,OFF,RETRACTED,MANUAL
22:16:06.208,-6.77,25.84,0.00,309.37173635826446,OFF,RETRACTED,MANUAL
22:16:06.309,-7.13,26.57,0.00,308.1567608596572,OFF,RETRACTED,MANUAL
22:16:06.411,-7.47,27.29,0.00,306.94033144505704,OFF,RETRACTED,MANUAL
22:16:06.512,-7.79,28.00,0.00,305.7224785251368,OFF,RETRACTED,MANUAL
22:16:06.648,-8.10,28.70,0.00,304.50323254615563,OFF,RETRACTED,MANUAL
22:16:06.749,-8.38,29.39,0.00,303.2826239891991,OFF,RETRACTED,MANUAL
22:16:06.850,-8.64,30.07,0.00,302.0606833694184,OFF,RETRACTED,MANUAL
22:16:06.950,-8.88,30.73,0.00,300.8374412352646,OFF,RETRACTED,MANUAL
22:16:07.051,-9.10,31.38,0.00,299.612928167728,OFF,RETRACTED,MANUAL
22:16:07.151,-9.30,32.02,0.00,298.3871747795713,OFF,RETRACTED,MANUAL
22:16:07.252,-9.47,32.65,0.00,297.1602117145648,OFF,RETRACTED,MANUAL
22:16:07.353,-9.62,33.26,0.00,295.93206964672214,OFF,RETRACTED,MANUAL
22:16:07.453,-9.74,33.86,0.00,294.70277927953015,OFF,RETRACTED,MANUAL
22:16:07.554,-9.84,34.44,0.00,293.4723713451849,OFF,RETRACTED,MANUAL
22:16:07.654,-9.92,35.02,0.00,292.2408766038202,OFF,RETRACTED,MANUAL
22:16:07.755,-9.97,35.57,0.00,291.00832584274,OFF,RETRACTED,MANUAL
22:16:07.856,-10.00,36.12,0.00,289.77474987565006,OFF,RETRACTED,MANUAL
22:16:07.956,-10.00,36.65,0.00,288.54017954188436,OFF,RETRACTED,MANUAL
22:16:08.057,-9.97,37.16,0.00,287.3046457056379,OFF,RETRACTED,MANUAL
22:16:08.157,-9.92,37.66,0.00,286.06817925519164,OFF,RETRACTED,MANUAL
22:16:08.258,-9.85,38.15,0.00,284.8308111021422,OFF,RETRACTED,MANUAL
22:16:08.358,-9.75,38.62,0.00,283.5925721806297,OFF,RETRACTED,MANUAL
22:16:08.458,-9.63,39.07,0.00,282.3534934465619,OFF,RETRACTED,MANUAL
22:16:08.559,-9.48,39.51,0.00,281.1136058768434,OFF,RETRACTED,MANUAL
22:16:08.659,-9.31,39.93,0.00,279.87294046859853,OFF,RETRACTED,MANUAL
22:16:08.760,-9.12,40.34,0.00,278.6315282383974,OFF,RETRACTED,MANUAL
22:16:08.860,-8.90,40.73,0.00,277.3894002214819,OFF,RETRACTED,MANUAL
22:16:08.962,-8.66,41.11,0.00,276.14658747098696,OFF,RETRACTED,MANUAL
22:16:09.062,-8.40,41.46,0.00,274.90312105716754,OFF,RETRACTED,MANUAL
22:16:09.163,-8.12,41.80,0.00,273.6590320666187,OFF,RETRACTED,MANUAL
22:16:09.263,-7.82,42.13,0.00,272.4143516015,OFF,RETRACTED,MANUAL
22:16:09.364,-7.50,42.44,0.00,271.1691107787591,OFF,RETRACTED,MANUAL
22:16:09.465,-7.16,42.73,0.00,269.92334072935085,OFF,RETRACTED,MANUAL
22:16:09.565,-6.80,43.00,0.00,268.67707259746254,OFF,RETRACTED,MANUAL
22:16:09.666,-6.43,43.26,0.00,267.430337539732,OFF,RETRACTED,MANUAL
22:16:09.766,-6.03,43.50,0.00,266.18316672447037,OFF,RETRACTED,MANUAL
22:16:09.867,-5.63,43.72,0.00,264.93559133088394,OFF,RETRACTED,MANUAL
22:16:09.967,-5.21,43.92,0.00,263.68764254829165,OFF,RETRACTED,MANUAL
22:16:10.067,-4.77,44.11,0.00,262.43935157534906,OFF,RETRACTED,MANUAL
22:16:10.168,-4.33,44.28,0.00,261.1907496192649,OFF,RETRACTED,MANUAL
22:16:10.268,-3.87,44.43,0.00,259.9418678950227,OFF,RETRACTED,MANUAL
22:16:10.369,-3.41,44.57,0.00,258.6927376246014,OFF,RETRACTED,MANUAL
22:16:10.470,-2.93,44.68,0.00,257.4433900361918,OFF,RETRACTED,MANUAL
22:16:10.571,-2.45,44.78,0.00,256.19385636341934,OFF,RETRACTED,MANUAL
22:16:10.674,-1.96,44.86,0.00,254.94416784456044,OFF,RETRACTED,MANUAL
22:16:10.774,-1.47,44.92,0.00,253.6943557217625,OFF,RETRACTED,MANUAL
22:16:10.875,-0.98,44.97,0.00,252.44445124026436,OFF,RETRACTED,MANUAL
22:16:10.975,-0.48,44.99,0.00,251.19448564761205,OFF,RETRACTED,MANUAL
22:16:11.076,0.02,45.00,0.00,249.94449019288126,OFF,RETRACTED,MANUAL
22:16:11.177,0.52,44.99,0.00,248.69449612589273,OFF,RETRACTED,MANUAL
22:16:11.277,1.02,44.96,0.00,247.4445346964326,OFF,RETRACTED,MANUAL
22:16:11.378,1.52,44.92,0.00,246.19463715347243,OFF,RETRACTED,MANUAL
22:16:11.479,2.01,44.85,0.00,244.9448347443848,OFF,RETRACTED,MANUAL
22:16:11.579,2.50,44.77,0.00,243.69515871416567,OFF,RETRACTED,MANUAL
22:16:11.679,2.98,44.67,0.00,242.44564030465034,OFF,RETRACTED,MANUAL
22:16:11.780,3.45,44.55,0.00,241.19631075373348,OFF,RETRACTED,MANUAL
22:16:11.881,3.91,44.42,0.00,239.9472012945897,OFF,RETRACTED,MANUAL
22:16:11.986,4.37,44.27,0.00,238.69834315488953,OFF,RETRACTED,MANUAL
22:16:12.115,4.81,44.10,0.00,237.4497675560223,OFF,RETRACTED,MANUAL
22:16:12.216,5.25,43.91,0.00,236.20150571231252,OFF,RETRACTED,MANUAL
22:16:12.323,5.66,43.70,0.00,234.95358883024082,OFF,RETRACTED,MANUAL
22:16:12.425,6.07,43.48,0.00,233.7060481076651,OFF,RETRACTED,MANUAL
22:16:12.536,6.46,43.24,0.00,232.45891473303766,OFF,RETRACTED,MANUAL
22:16:12.637,6.83,42.98,0.00,231.21221988462872,OFF,RETRACTED,MANUAL
22:16:12.740,7.19,42.70,0.00,229.96599472974412,OFF,RETRACTED,MANUAL
22:16:12.845,7.53,42.41,0.00,228.7202704239474,OFF,RETRACTED,MANUAL
22:16:12.947,7.85,42.10,0.00,227.47507811028223,OFF,RETRACTED,MANUAL
22:16:13.047,8.15,41.78,0.00,226.23044891849065,OFF,RETRACTED,MANUAL
22:16:13.149,8.43,41.43,0.00,224.98641396423858,OFF,RETRACTED,MANUAL
22:16:13.251,8.69,41.07,0.00,223.7430043483346,OFF,RETRACTED,MANUAL
22:16:13.351,8.92,40.70,0.00,222.50025115595395,OFF,RETRACTED,MANUAL
22:16:13.453,9.14,40.30,0.00,221.25818545586253,OFF,RETRACTED,MANUAL
22:16:13.558,9.33,39.90,0.00,220.01683829963733,ON,RETRACTED,MANUAL
22:16:13.659,9.50,39.47,0.00,218.77624072089344,ON,RETRACTED,MANUAL
22:16:13.762,9.64,39.03,0.00,217.5364237345053,ON,RETRACTED,MANUAL
22:16:13.864,9.76,38.58,0.00,216.29741833583253,ON,RETRACTED,MANUAL
22:16:13.965,9.86,38.11,0.00,215.0592554999465,ON,RETRACTED,MANUAL
22:16:14.067,9.93,37.62,0.00,213.82196618085266,ON,RETRACTED,MANUAL
22:16:14.168,9.98,37.12,0.00,212.58558131072047,ON,RETRACTED,MANUAL
22:16:14.271,10.00,36.60,0.00,211.35013179910686,ON,RETRACTED,MANUAL
22:16:14.375,10.00,36.07,0.00,210.11564853218485,ON,RETRACTED,MANUAL
22:16:14.477,9.97,35.53,0.00,208.8821623719726,OFF,RETRACTED,MANUAL
22:16:14.598,9.91,34.97,0.00,207.64970415555914,OFF,RETRACTED,MANUAL
22:16:14.680,9.84,34.39,0.00,206.41830469433643,OFF,RETRACTED,MANUAL
22:16:14.788,9.73,33.80,0.00,205.18799477322605,OFF,RETRACTED,MANUAL
22:16:14.892,9.61,33.20,0.00,203.95880514991285,OFF,RETRACTED,MANUAL
22:16:14.993,9.46,32.59,0.00,202.7307665540729,OFF,RETRACTED,MANUAL
22:16:15.093,9.28,31.96,0.00,201.50390968660673,OFF,RETRACTED,MANUAL
22:16:15.194,9.08,31.32,0.00,200.278265218873,OFF,RETRACTED,MANUAL
22:16:15.295,8.86,30.67,0.00,199.05386379191867,OFF,RETRACTED,MANUAL
22:16:15.395,8.62,30.01,0.00,197.83073601571655,OFF,RETRACTED,MANUAL
22:16:15.496,8.36,29.33,0.00,196.60891246839688,OFF,RETRACTED,MANUAL
22:16:15.597,8.07,28.64,0.00,195.3884236954843,OFF,RETRACTED,MANUAL
22:16:15.696,7.77,27.94,0.00,194.16930020913543,OFF,RETRACTED,MANUAL
22:16:15.797,7.44,27.23,0.00,192.95157248737303,OFF,RETRACTED,MANUAL
22:16:15.898,7.10,26.51,0.00,191.7352709733276,OFF,RETRACTED,MANUAL
22:16:15.998,6.74,25.78,0.00,190.52042607447322,OFF,RETRACTED,MANUAL
22:16:16.099,6.36,25.03,0.00,189.30706816186864,OFF,RETRACTED,MANUAL
22:16:16.202,5.97,24.28,0.00,188.09522756939938,OFF,RETRACTED,MANUAL
22:16:16.304,5.56,23.52,0.00,186.88493459301625,OFF,RETRACTED,MANUAL
22:16:16.405,5.14,22.75,0.00,185.6762194899815,OFF,RETRACTED,MANUAL
22:16:16.509,4.70,21.96,0.00,184.46911247810928,OFF,RETRACTED,MANUAL
22:16:16.613,4.25,21.17,0.00,183.2636437350116,ON,RETRACTED,MANUAL
22:16:16.715,3.80,20.38,0.00,182.05984339734516,ON,RETRACTED,MANUAL
22:16:16.816,3.33,19.57,0.00,180.8577415600548,ON,RETRACTED,MANUAL
22:16:16.920,2.85,18.76,0.00,179.65736827562472,ON,RETRACTED,MANUAL
22:16:17.020,2.37,17.93,0.00,178.45875355332404,ON,RETRACTED,MANUAL
22:16:17.148,1.88,17.10,0.00,177.26192735845802,OFF,RETRACTED,MANUAL
22:16:17.250,1.39,16.27,0.00,176.06691961162002,OFF,RETRACTED,MANUAL
22:16:17.353,0.89,15.43,0.00,174.87376018794063,OFF,RETRACTED,MANUAL
22:16:17.455,0.39,14.58,0.00,173.68247891634417,OFF,RETRACTED,MANUAL
22:16:17.556,-0.11,13.72,0.00,172.49310557879988,OFF,RETRACTED,MANUAL
22:16:17.658,-0.61,12.86,0.00,171.3056699095789,OFF,RETRACTED,MANUAL
22:16:17.760,-1.10,12.00,0.00,170.12020159451197,OFF,RETRACTED,MANUAL
22:16:17.861,-1.60,11.13,0.00,168.93673027024434,OFF,RETRACTED,MANUAL
22:16:17.975,-2.09,10.25,0.00,167.75528552349832,OFF,RETRACTED,MANUAL
22:16:18.077,-2.58,9.38,0.00,166.57589689033063,OFF,RETRACTED,MANUAL
22:16:18.179,-3.06,8.49,0.00,165.3985938553953,OFF,RETRACTED,MANUAL
22:16:18.282,-3.53,7.61,0.00,164.22340585120764,ON,RETRACTED,MANUAL
22:16:18.388,-3.99,6.72,0.00,163.05036225740577,ON,RETRACTED,MANUAL
22:16:18.511,-4.45,5.83,0.00,161.87949240001927,ON,RETRACTED,MANUAL
22:16:18.621,-4.89,4.94,0.00,160.71082555073315,ON,RETRACTED,MANUAL
22:16:18.722,-5.32,4.04,0.00,159.54439092615738,ON,RETRACTED,MANUAL
22:16:18.824,-5.73,3.14,0.00,158.38021768709763,OFF,RETRACTED,MANUAL
22:16:18.925,-6.14,2.24,0.00,157.21833493782344,OFF,RETRACTED,MANUAL
22:16:19.027,-6.52,1.35,0.00,156.05877172534386,OFF,RETRACTED,MANUAL
22:16:19.127,-6.89,0.45,0.00,154.90155703867836,OFF,RETRACTED,MANUAL
22:16:19.229,-7.25,-0.45,0.00,153.74671980813343,OFF,RETRACTED,MANUAL
22:16:19.331,-7.58,-1.35,0.00,152.59428890458054,OFF,RETRACTED,MANUAL
22:16:19.434,-7.90,-2.25,0.00,151.4442931387314,OFF,RETRACTED,MANUAL
22:16:19.537,-8.20,-3.15,0.00,150.29676126042114,OFF,RETRACTED,MANUAL
22:16:19.638,-8.47,-4.05,0.00,149.15172195788642,ON,RETRACTED,MANUAL
22:16:19.739,-8.73,-4.94,0.00,148.0092038570499,ON,RETRACTED,MANUAL
22:16:19.839,-8.96,-5.84,0.00,146.86923552080532,ON,RETRACTED,MANUAL
22:16:19.942,-9.17,-6.73,0.00,145.7318454483009,ON,RETRACTED,MANUAL
22:16:20.042,-9.36,-7.62,0.00,144.59706207423008,ON,RETRACTED,MANUAL
22:16:20.148,-9.52,-8.50,0.00,143.46491376811767,ON,RETRACTED,MANUAL
22:16:20.250,-9.66,-9.38,0.00,142.33542883361196,ON,RETRACTED,MANUAL
22:16:20.353,-9.78,-10.26,0.00,141.20863550777827,OFF,RETRACTED,MANUAL
22:16:20.454,-9.87,-11.14,0.00,140.08456196039026,OFF,RETRACTED,MANUAL
22:16:20.558,-9.94,-12.01,0.00,138.9632362932289,OFF,RETRACTED,MANUAL
22:16:20.659,-9.98,-12.87,0.00,137.84468653937705,OFF,RETRACTED,MANUAL
22:16:20.759,-10.00,-13.73,0.00,136.7289406625199,OFF,RETRACTED,MANUAL
22:16:20.860,-9.99,-14.59,0.00,135.61602655624705,OFF,RETRACTED,MANUAL
22:16:20.961,-9.96,-15.43,0.00,134.50597204335241,ON,RETRACTED,MANUAL
22:16:21.065,-9.90,-16.28,0.00,133.39880487514176,ON,RETRACTED,MANUAL
22:16:21.166,-9.82,-17.11,0.00,132.29455273073626,ON,RETRACTED,MANUAL
22:16:21.268,-9.71,-17.94,0.00,131.19324321638163,ON,RETRACTED,MANUAL
22:16:21.368,-9.58,-18.76,0.00,130.09490386475912,ON,RETRACTED,MANUAL
22:16:21.468,-9.43,-19.58,0.00,128.99956213429456,ON,RETRACTED,MANUAL
22:16:21.573,-9.25,-20.38,0.00,127.90724540847492,ON,RETRACTED,MANUAL
22:16:21.674,-9.05,-21.18,0.00,126.81798099516108,OFF,RETRACTED,MANUAL
22:16:21.780,-8.82,-21.97,0.00,125.73179612590624,OFF,RETRACTED,MANUAL
22:16:21.885,-8.58,-22.75,0.00,124.64871795527635,OFF,RETRACTED,MANUAL
22:16:21.984,-8.31,-23.52,0.00,123.5687735601685,OFF,RETRACTED,MANUAL
22:16:22.089,-8.02,-24.29,0.00,122.49198993913704,OFF,RETRACTED,MANUAL
22:16:22.189,-7.71,-25.04,0.00,121.41839401171609,ON,RETRACTED,MANUAL
22:16:22.292,-7.39,-25.78,0.00,120.34801261774749,ON,RETRACTED,MANUAL
22:16:22.406,-7.04,-26.51,0.00,119.28087251671116,ON,RETRACTED,MANUAL
22:16:22.509,-6.68,-27.24,0.00,118.21700038705322,ON,RETRACTED,MANUAL
22:16:22.608,-6.30,-27.95,0.00,117.1564228255223,ON,RETRACTED,MANUAL
22:16:22.715,-5.90,-28.65,0.00,116.09916634650179,ON,RETRACTED,MANUAL
22:16:22.820,-5.49,-29.34,0.00,115.04525738134828,ON,RETRACTED,MANUAL
22:16:22.923,-5.06,-30.01,0.00,113.99472227773168,OFF,RETRACTED,MANUAL
22:16:23.031,-4.63,-30.68,0.00,112.94758729897418,OFF,RETRACTED,MANUAL
22:16:23.132,-4.18,-31.33,0.00,111.90387862339648,OFF,RETRACTED,MANUAL
22:16:23.233,-3.72,-31.97,0.00,110.86362234366064,OFF,RETRACTED,MANUAL
22:16:23.337,-3.25,-32.60,0.00,109.82684446611918,OFF,RETRACTED,MANUAL
22:16:23.436,-2.77,-33.21,0.00,108.79357091016576,ON,RETRACTED,MANUAL
22:16:23.537,-2.29,-33.81,0.00,107.76382750758472,ON,RETRACTED,MANUAL
22:16:23.637,-1.80,-34.40,0.00,106.73764000190823,ON,RETRACTED,MANUAL
22:16:23.737,-1.31,-34.97,0.00,105.7150340477701,ON,RETRACTED,MANUAL
22:16:23.839,-0.81,-35.53,0.00,104.69603521026559,ON,RETRACTED,MANUAL
22:16:23.940,-0.31,-36.08,0.00,103.68066896431327,ON,RETRACTED,MANUAL
22:16:24.041,0.19,-36.61,0.00,102.66896069401571,ON,RETRACTED,MANUAL
22:16:24.142,0.69,-37.12,0.00,101.66093569202764,ON,RETRACTED,MANUAL
22:16:24.246,1.19,-37.62,0.00,100.6566191589213,ON,RETRACTED,MANUAL
22:16:24.348,1.68,-38.11,0.00,99.65603620255735,ON,RETRACTED,MANUAL
22:16:24.449,2.17,-38.58,0.00,98.65921183745826,ON,RETRACTED,MANUAL
22:16:24.550,2.66,-39.04,0.00,97.66617098418055,ON,RETRACTED,MANUAL
22:16:24.659,3.14,-39.48,0.00,96.67693846869457,ON,RETRACTED,MANUAL
22:16:24.759,3.61,-39.90,0.00,95.69153902176129,ON,RETRACTED,MANUAL
22:16:24.865,4.07,-40.31,0.00,94.7099972783152,ON,RETRACTED,MANUAL
22:16:24.968,4.52,-40.70,0.00,93.7323377768495,ON,RETRACTED,MANUAL
22:16:25.068,4.96,-41.08,0.00,92.7585849588001,ON,RETRACTED,MANUAL
22:16:25.168,5.39,-41.44,0.00,91.78876316793745,ON,RETRACTED,MANUAL
22:16:25.269,5.80,-41.78,0.00,90.82289664975536,ON,RETRACTED,MANUAL
22:16:25.371,6.20,-42.10,0.00,89.8610095508663,ON,RETRACTED,MANUAL
22:16:25.472,6.59,-42.41,0.00,88.90312591839822,ON,RETRACTED,MANUAL
22:16:25.572,6.95,-42.71,0.00,87.94926969939138,ON,RETRACTED,MANUAL
22:16:25.673,7.30,-42.98,0.00,86.99946474020226,ON,RETRACTED,MANUAL
22:16:25.774,7.64,-43.24,0.00,86.053734785905,ON,RETRACTED,MANUAL
22:16:25.882,7.95,-43.48,0.00,85.11210347969893,ON,RETRACTED,MANUAL
22:16:25.983,8.24,-43.70,0.00,84.17459436231832,ON,RETRACTED,MANUAL
22:16:26.085,8.52,-43.91,0.00,83.24123087144153,ON,RETRACTED,MANUAL
22:16:26.184,8.77,-44.10,0.00,82.31203634110796,ON,RETRACTED,MANUAL
22:16:26.286,9.00,-44.27,0.00,81.38703400113212,ON,RETRACTED,MANUAL
22:16:26.401,9.20,-44.42,0.00,80.46624697652402,ON,RETRACTED,MANUAL
22:16:26.503,9.39,-44.56,0.00,79.54969828691193,ON,RETRACTED,MANUAL
22:16:26.603,9.55,-44.67,0.00,78.63741084596475,ON,RETRACTED,MANUAL
22:16:26.704,9.68,-44.77,0.00,77.72940746082162,ON,RETRACTED,MANUAL
22:16:26.805,9.80,-44.85,0.00,76.82571083151956,ON,RETRACTED,MANUAL
22:16:26.907,9.89,-44.92,0.00,75.92634355042688,ON,RETRACTED,MANUAL
22:16:27.009,9.95,-44.96,0.00,75.03132810167946,ON,RETRACTED,MANUAL
22:16:27.110,9.99,-44.99,0.00,74.1406868606162,ON,RETRACTED,MANUAL
22:16:27.212,10.00,-45.00,0.00,73.2544420932224,ON,RETRACTED,MANUAL
22:16:27.314,9.99,-44.99,0.00,72.37261595557081,ON,RETRACTED,MANUAL
22:16:27.421,9.95,-44.97,0.00,71.4952304932686,ON,RETRACTED,MANUAL
22:16:27.522,9.89,-44.92,0.00,70.62230764090725,ON,RETRACTED,MANUAL
22:16:27.628,9.80,-44.86,0.00,69.75386922151196,ON,RETRACTED,MANUAL
22:16:27.729,9.69,-44.78,0.00,68.88993694599864,ON,RETRACTED,MANUAL
22:16:27.832,9.56,-44.68,0.00,68.03053241262887,ON,RETRACTED,MANUAL
22:16:27.932,9.40,-44.56,0.00,67.17567710647091,ON,RETRACTED,MANUAL
22:16:28.034,9.22,-44.43,0.00,66.3253923988635,ON,RETRACTED,MANUAL
22:16:28.134,9.01,-44.28,0.00,65.47969954687943,ON,RETRACTED,MANUAL
22:16:28.234,8.78,-44.11,0.00,64.63861969279657,ON,RETRACTED,MANUAL
22:16:28.336,8.53,-43.92,0.00,63.80217386356719,ON,RETRACTED,MANUAL
22:16:28.437,8.26,-43.72,0.00,62.97038297029309,ON,RETRACTED,MANUAL
22:16:28.541,7.97,-43.50,0.00,62.14326780770389,ON,RETRACTED,MANUAL
22:16:28.645,7.66,-43.26,0.00,61.320849053635044,ON,RETRACTED,MANUAL
22:16:28.766,7.33,-43.00,0.00,60.50314726851312,ON,RETRACTED,MANUAL
22:16:28.869,6.98,-42.73,0.00,59.690182894839836,ON,RETRACTED,MANUAL
22:16:28.972,6.61,-42.43,0.00,58.88197625668195,ON,RETRACTED,MANUAL
22:16:29.072,6.23,-42.13,0.00,58.078547559163866,ON,RETRACTED,MANUAL
22:16:29.173,5.83,-41.80,0.00,57.27991688796064,ON,RETRACTED,MANUAL
22:16:29.277,5.42,-41.46,0.00,56.48610420879797,ON,RETRACTED,MANUAL
22:16:29.378,4.99,-41.10,0.00,55.69712936695126,ON,RETRACTED,MANUAL
22:16:29.478,4.55,-40.73,0.00,54.91301208675014,ON,RETRACTED,MANUAL
22:16:29.581,4.10,-40.34,0.00,54.13377197108639,ON,RETRACTED,MANUAL
22:16:29.682,3.64,-39.93,0.00,53.359428500921695,OFF,RETRACTED,MANUAL
22:16:29.783,3.17,-39.51,0.00,52.590001034803095,OFF,RETRACTED,MANUAL
22:16:29.884,2.69,-39.07,0.00,51.82550880837684,OFF,RETRACTED,MANUAL
22:16:29.985,2.21,-38.61,0.00,51.065970933908545,OFF,RETRACTED,MANUAL
22:16:30.088,1.72,-38.14,0.00,50.31140639980603,OFF,RETRACTED,MANUAL
22:16:30.189,1.22,-37.66,0.00,49.561834070142766,OFF,RETRACTED,MANUAL
22:16:30.291,0.72,-37.16,0.00,48.817272684188595,OFF,RETRACTED,MANUAL
22:16:30.396,0.23,-36.64,0.00,48.07774085593903,OFF,RETRACTED,MANUAL
22:16:30.497,-0.27,-36.11,0.00,47.34325707365102,OFF,RETRACTED,MANUAL
22:16:30.599,-0.77,-35.57,0.00,46.61383969938143,OFF,RETRACTED,MANUAL
22:16:30.699,-1.27,-35.01,0.00,45.889506968526064,OFF,RETRACTED,MANUAL
22:16:30.800,-1.77,-34.44,0.00,45.17027698936599,OFF,RETRACTED,MANUAL
22:16:30.901,-2.25,-33.85,0.00,44.45616774261296,OFF,RETRACTED,MANUAL
22:16:31.002,-2.74,-33.25,0.00,43.74719708096072,OFF,RETRACTED,MANUAL
22:16:31.102,-3.22,-32.64,0.00,43.043382728639386,OFF,RETRACTED,MANUAL
22:16:31.206,-3.69,-32.01,0.00,42.34474228097062,OFF,RETRACTED,MANUAL
22:16:31.308,-4.15,-31.37,0.00,41.6512932039297,OFF,RETRACTED,MANUAL
22:16:31.407,-4.60,-30.72,0.00,40.963052833707195,OFF,RETRACTED,MANUAL
22:16:31.509,-5.03,-30.06,0.00,40.28003837627625,OFF,RETRACTED,MANUAL
22:16:31.611,-5.46,-29.38,0.00,39.60226690696325,OFF,RETRACTED,MANUAL
22:16:31.713,-5.87,-28.70,0.00,38.92975537001914,OFF,RETRACTED,MANUAL
22:16:31.813,-6.27,-28.00,0.00,38.26252057819775,OFF,RETRACTED,MANUAL
22:16:31.914,-6.65,-27.29,0.00,37.60057921233394,OFF,RETRACTED,MANUAL
22:16:32.015,-7.01,-26.57,0.00,36.94394782092718,OFF,RETRACTED,MANUAL
22:16:32.116,-7.36,-25.83,0.00,36.29264281972837,OFF,RETRACTED,MANUAL
22:16:32.216,-7.69,-25.09,0.00,35.64668049132831,OFF,RETRACTED,MANUAL
22:16:32.319,-8.00,-24.34,0.00,35.006076984751985,OFF,RETRACTED,MANUAL
22:16:32.419,-8.29,-23.58,0.00,34.37084831505342,OFF,RETRACTED,MANUAL
22:16:32.521,-8.56,-22.81,0.00,33.741010362916086,OFF,RETRACTED,MANUAL
22:16:32.623,-8.81,-22.03,0.00,33.11657887425639,OFF,RETRACTED,MANUAL
22:16:32.725,-9.03,-21.24,0.00,32.49756945982864,OFF,RETRACTED,MANUAL
22:16:32.839,-9.24,-20.44,0.00,31.883997594836387,OFF,RETRACTED,MANUAL
22:16:32.941,-9.42,-19.63,0.00,31.275878618544056,OFF,RETRACTED,MANUAL
22:16:33.042,-9.57,-18.82,0.00,30.67322773389415,OFF,RETRACTED,MANUAL
22:16:33.142,-9.71,-18.00,0.00,30.076060007127865,OFF,RETRACTED,MANUAL
22:16:33.244,-9.81,-17.17,0.00,29.48439036740686,OFF,RETRACTED,MANUAL
22:16:33.345,-9.90,-16.34,0.00,28.898233606441636,OFF,RETRACTED,MANUAL
22:16:33.446,-9.96,-15.49,0.00,28.317604378120592,OFF,RETRACTED,MANUAL
22:16:33.547,-9.99,-14.65,0.00,27.7425171981439,OFF,RETRACTED,MANUAL
22:16:33.648,-10.00,-13.79,0.00,27.172986443661614,OFF,RETRACTED,MANUAL
22:16:33.749,-9.98,-12.93,0.00,26.609026352912423,OFF,RETRACTED,MANUAL
22:16:33.848,-9.94,-12.07,0.00,26.050651024869694,OFF,RETRACTED,MANUAL
22:16:33.950,-9.88,-11.20,0.00,25.497874418887307,OFF,RETRACTED,MANUAL
22:16:34.051,-9.79,-10.32,0.00,24.950710354351457,OFF,RETRACTED,MANUAL
22:16:34.154,-9.67,-9.45,0.00,24.409172510335623,OFF,RETRACTED,MANUAL
22:16:34.254,-9.53,-8.56,0.00,23.873274425257335,OFF,RETRACTED,MANUAL
22:16:34.355,-9.37,-7.68,0.00,23.34302949654119,OFF,RETRACTED,MANUAL
22:16:34.457,-9.18,-6.79,0.00,22.818450980282563,OFF,RETRACTED,MANUAL
22:16:34.561,-8.98,-5.90,0.00,22.299551990916882,OFF,RETRACTED,MANUAL
22:16:34.662,-8.74,-5.01,0.00,21.786345500892224,OFF,RETRACTED,MANUAL
22:16:34.761,-8.49,-4.11,0.00,21.278844340343767,OFF,RETRACTED,MANUAL
22:16:34.862,-8.22,-3.21,0.00,20.77706119677441,OFF,RETRACTED,MANUAL
22:16:34.965,-7.92,-2.32,0.00,20.281008614736464,OFF,RETRACTED,MANUAL
22:16:35.067,-7.61,-1.42,0.00,19.790698995518454,OFF,RETRACTED,MANUAL
22:16:35.167,-7.27,-0.52,0.00,19.30614459683565,OFF,RETRACTED,MANUAL
22:16:35.268,-6.92,0.38,0.00,18.827357532522456,OFF,RETRACTED,MANUAL
22:16:35.369,-6.55,1.28,0.00,18.354349772230904,OFF,RETRACTED,MANUAL
22:16:35.470,-6.16,2.18,0.00,17.887133141130192,OFF,RETRACTED,MANUAL
22:16:35.572,-5.76,3.08,0.00,17.425719319611545,OFF,RETRACTED,MANUAL
22:16:35.680,-5.35,3.98,0.00,16.970119842996866,OFF,RETRACTED,MANUAL
22:16:35.783,-4.92,4.87,0.00,16.520346101248975,OFF,RETRACTED,MANUAL
22:16:35.889,-4.48,5.77,0.00,16.076409338688308,OFF,RETRACTED,MANUAL
22:16:35.990,-4.02,6.66,0.00,15.638320653710707,OFF,RETRACTED,MANUAL
22:16:36.092,-3.56,7.55,0.00,15.206090998510263,OFF,RETRACTED,MANUAL
22:16:36.194,-3.09,8.43,0.00,14.779731178806117,OFF,RETRACTED,MANUAL
22:16:36.294,-2.61,9.31,0.00,14.35925185357138,OFF,RETRACTED,MANUAL
22:16:36.397,-2.13,10.19,0.00,13.944663534767443,OFF,RETRACTED,MANUAL
22:16:36.498,-1.63,11.07,0.00,13.535976587080626,OFF,RETRACTED,MANUAL
22:16:36.603,-1.14,11.94,0.00,13.133201227663164,OFF,RETRACTED,MANUAL
22:16:36.708,-0.64,12.80,0.00,12.736347525878386,OFF,RETRACTED,MANUAL
22:16:36.810,-0.14,13.66,0.00,12.345425403047784,OFF,RETRACTED,MANUAL
22:16:36.911,0.36,14.52,0.00,11.960444632204428,OFF,RETRACTED,MANUAL
22:16:37.012,0.86,15.37,0.00,11.581414837847404,OFF,RETRACTED,MANUAL
22:16:37.113,1.35,16.21,0.00,11.208345495701678,OFF,RETRACTED,MANUAL
22:16:37.214,1.85,17.05,0.00,10.841245932481627,OFF,RETRACTED,MANUAL
22:16:37.317,2.34,17.88,0.00,10.480125325656957,OFF,RETRACTED,MANUAL
22:16:37.418,2.82,18.70,0.00,10.12499270322428,ON,RETRACTED,MANUAL
22:16:37.520,3.30,19.51,0.00,9.775856943480534,ON,RETRACTED,MANUAL
22:16:37.629,3.76,20.32,0.00,9.432726774801438,ON,RETRACTED,MANUAL
22:16:37.742,4.22,21.12,0.00,9.095610775423552,ON,RETRACTED,MANUAL
22:16:37.857,4.67,21.91,0.00,8.764517373229069,ON,RETRACTED,MANUAL
22:16:37.960,5.11,22.69,0.00,8.439454845536005,ON,RETRACTED,MANUAL
22:16:38.059,5.53,23.46,0.00,8.120431318890581,ON,RETRACTED,MANUAL
22:16:38.160,5.94,24.23,0.00,7.807454768864147,ON,RETRACTED,MANUAL
22:16:38.266,6.33,24.98,0.00,7.500533019854458,ON,RETRACTED,MANUAL
22:16:38.376,6.71,25.72,0.00,7.199673744888969,ON,RETRACTED,MANUAL
22:16:38.486,7.07,26.46,0.00,6.904884465434094,ON,RETRACTED,MANUAL
22:16:38.589,7.42,27.18,0.00,6.616172551206432,ON,RETRACTED,MANUAL
22:16:38.690,7.74,27.89,0.00,6.33354521998865,ON,RETRACTED,MANUAL
22:16:38.820,8.05,28.59,0.00,6.057009537449517,ON,RETRACTED,MANUAL
22:16:38.924,8.34,29.28,0.00,5.786572416966493,ON,RETRACTED,MANUAL
22:16:39.026,8.60,29.96,0.00,5.522240619453697,ON,RETRACTED,MANUAL
22:16:39.128,8.85,30.62,0.00,5.264020753192199,ON,RETRACTED,MANUAL
22:16:39.229,9.07,31.28,0.00,5.011919273665114,ON,RETRACTED,MANUAL
22:16:39.332,9.27,31.92,0.00,4.765942483396543,ON,RETRACTED,MANUAL
22:16:39.433,9.44,32.55,0.00,4.526096531793172,ON,RETRACTED,MANUAL
22:16:39.537,9.60,33.16,0.00,4.292387414991481,ON,RETRACTED,MANUAL
22:16:39.638,9.73,33.76,0.00,4.0648209757071925,ON,RETRACTED,MANUAL
22:16:39.739,9.83,34.35,0.00,3.8434029030892987,ON,RETRACTED,MANUAL
22:16:39.843,9.91,34.93,0.00,3.6281387325782646,ON,RETRACTED,MANUAL
22:16:39.944,9.96,35.49,0.00,3.4190338457669327,ON,RETRACTED,MANUAL
22:16:40.044,9.99,36.03,0.00,3.2160934702668555,ON,RETRACTED,MANUAL
22:16:40.151,10.00,36.56,0.00,3.0193226795766748,ON,RETRACTED,MANUAL
22:16:40.254,9.98,37.08,0.00,2.828726392955872,OFF,RETRACTED,MANUAL
22:16:40.353,9.93,37.58,0.00,2.6443093753017877,OFF,RETRACTED,MANUAL
22:16:40.454,9.86,38.07,0.00,2.466076237030194,OFF,RETRACTED,MANUAL
22:16:40.555,9.77,38.54,0.00,2.294031433960356,OFF,RETRACTED,MANUAL
22:16:40.657,9.65,39.00,0.00,2.1281792672033077,OFF,RETRACTED,MANUAL
22:16:40.758,9.51,39.44,0.00,1.9685238830545586,OFF,RETRACTED,MANUAL
22:16:40.861,9.34,39.87,0.00,1.8150692728904687,OFF,RETRACTED,MANUAL
22:16:40.962,9.15,40.28,0.00,1.6678192730682326,OFF,RETRACTED,MANUAL
22:16:41.063,8.94,40.67,0.00,1.5267775648302404,OFF,RETRACTED,MANUAL
22:16:41.167,8.70,41.05,0.00,1.391947674211849,OFF,RETRACTED,MANUAL
22:16:41.268,8.45,41.41,0.00,1.2633329719532185,OFF,RETRACTED,MANUAL
22:16:41.368,8.17,41.75,0.00,1.1409366734152968,OFF,RETRACTED,MANUAL
22:16:41.469,7.87,42.08,0.00,1.0247618384991029,OFF,RETRACTED,MANUAL
22:16:41.571,7.55,42.39,0.00,0.9148113715695558,OFF,RETRACTED,MANUAL
22:16:41.692,7.21,42.68,0.00,0.8110880213825453,OFF,RETRACTED,MANUAL
22:16:41.793,6.86,42.96,0.00,0.7135943810163781,OFF,RETRACTED,MANUAL
22:16:41.897,6.49,43.22,0.00,0.6223328878070618,OFF,RETRACTED,MANUAL
22:16:41.997,6.10,43.46,0.00,0.5373058232870846,OFF,RETRACTED,MANUAL
22:16:42.106,5.69,43.69,0.00,0.45851531312877114,OFF,RETRACTED,MANUAL
22:16:42.206,5.28,43.89,0.00,0.38596332709064995,OFF,RETRACTED,MANUAL
22:16:42.306,4.84,44.08,0.00,0.31965167896859725,OFF,RETRACTED,MANUAL
22:16:42.408,4.40,44.25,0.00,0.25958202655044715,OFF,RETRACTED,MANUAL
22:16:42.509,3.95,44.41,0.00,0.2057558715742971,OFF,RETRACTED,MANUAL
22:16:42.612,3.48,44.55,0.00,0.15817455969124694,OFF,RETRACTED,MANUAL
22:16:42.717,3.01,44.66,0.00,0.11683928043163405,OFF,RETRACTED,MANUAL
22:16:42.819,2.53,44.76,0.00,0.08175106717524727,OFF,RETRACTED,MANUAL
22:16:42.919,2.04,44.85,0.00,0.05291079712566216,OFF,RETRACTED,MANUAL
22:16:43.021,1.55,44.91,0.00,0.030319191288043612,OFF,RETRACTED,MANUAL
22:16:43.122,1.06,44.96,0.00,0.013976814451410746,OFF,RETRACTED,MANUAL
22:16:43.222,0.56,44.99,0.00,0.003884075174312329,OFF,RETRACTED,MANUAL
22:16:43.322,0.06,45.00,0.00,4.1225774737085885e-05,OFF,RETRACTED,MANUAL
22:16:43.424,-0.44,44.99,0.00,0.0024483623236903895,OFF,RETRACTED,MANUAL
22:16:43.526,-0.94,44.97,0.00,0.011105424642892103,OFF,RETRACTED,MANUAL
22:16:43.626,-1.44,44.93,0.00,0.026012196306226087,OFF,RETRACTED,MANUAL
22:16:43.729,-1.93,44.86,0.00,0.047168304645168746,OFF,RETRACTED,MANUAL
22:16:43.827,-2.42,44.79,0.00,0.07457322075813977,OFF,RETRACTED,MANUAL
22:16:43.928,-2.90,44.69,0.00,0.10822625952363296,OFF,RETRACTED,MANUAL
22:16:44.029,-3.37,44.57,0.00,0.14812657961749665,OFF,RETRACTED,MANUAL
22:16:44.131,-3.84,44.44,0.00,0.19427318353373835,OFF,RETRACTED,MANUAL
22:16:44.233,-4.30,44.29,0.00,0.2466649176096496,OFF,RETRACTED,MANUAL
22:16:44.334,-4.74,44.12,0.00,0.3053004720547108,OFF,RETRACTED,MANUAL
22:16:44.435,-5.18,43.94,0.00,0.37017838098302036,OFF,RETRACTED,MANUAL
22:16:44.536,-5.60,43.73,0.00,0.44129702245027147,OFF,RETRACTED,MANUAL
22:16:44.636,-6.01,43.51,0.00,0.5186546184941108,OFF,RETRACTED,MANUAL
22:16:44.741,-6.40,43.28,0.00,0.6022492351786468,OFF,RETRACTED,MANUAL
22:16:44.841,-6.77,43.02,0.00,0.6920787826429091,OFF,RETRACTED,MANUAL
22:16:44.942,-7.13,42.75,0.00,0.7881410151527746,OFF,RETRACTED,MANUAL
22:16:45.044,-7.47,42.46,0.00,0.8904335311575267,OFF,RETRACTED,MANUAL
22:16:45.146,-7.80,42.15,0.00,0.998953773349541,OFF,RETRACTED,MANUAL
22:16:45.250,-8.10,41.83,0.00,1.113699028728405,OFF,RETRACTED,MANUAL
22:16:45.352,-8.38,41.49,0.00,1.2346664286687599,OFF,RETRACTED,MANUAL
22:16:45.451,-8.65,41.13,0.00,1.3618529489918672,OFF,RETRACTED,MANUAL
22:16:45.552,-8.89,40.76,0.00,1.4952554100413806,OFF,RETRACTED,MANUAL
22:16:45.653,-9.10,40.37,0.00,1.6348704767626714,OFF,RETRACTED,MANUAL
22:16:45.753,-9.30,39.96,0.00,1.7806946587863592,OFF,RETRACTED,MANUAL
22:16:45.854,-9.47,39.54,0.00,1.932724310515539,OFF,RETRACTED,MANUAL
22:16:45.961,-9.62,39.10,0.00,2.090955631216758,OFF,RETRACTED,MANUAL
22:16:46.060,-9.74,38.65,0.00,2.255384665115315,OFF,RETRACTED,MANUAL
22:16:46.164,-9.84,38.18,0.00,2.4260073014938257,OFF,RETRACTED,MANUAL
22:16:46.264,-9.92,37.70,0.00,2.6028192747953653,OFF,RETRACTED,MANUAL
22:16:46.365,-9.97,37.20,0.00,2.785816164729823,OFF,RETRACTED,MANUAL
22:16:46.468,-10.00,36.68,0.00,2.974993396384349,OFF,RETRACTED,MANUAL
22:16:46.569,-10.00,36.16,0.00,3.1703462403381764,OFF,RETRACTED,MANUAL
22:16:46.675,-9.97,35.61,0.00,3.3718698127802327,OFF,RETRACTED,MANUAL
22:16:46.776,-9.92,35.06,0.00,3.579559075631721,OFF,RETRACTED,MANUAL
22:16:46.877,-9.85,34.48,0.00,3.7934088366720573,OFF,RETRACTED,MANUAL
22:16:46.979,-9.75,33.90,0.00,4.013413749668132,OFF,RETRACTED,MANUAL
22:16:47.079,-9.63,33.30,0.00,4.239568314508745,OFF,RETRACTED,MANUAL
22:16:47.180,-9.48,32.69,0.00,4.4718668773414265,OFF,RETRACTED,MANUAL
22:16:47.280,-9.31,32.06,0.00,4.710303630714208,OFF,RETRACTED,MANUAL
22:16:47.397,-9.12,31.43,0.00,4.954872613720852,OFF,RETRACTED,MANUAL
22:16:47.497,-8.90,30.78,0.00,5.205567712149303,OFF,RETRACTED,MANUAL
22:16:47.597,-8.66,30.11,0.00,5.462382658635335,OFF,RETRACTED,MANUAL
22:16:47.699,-8.40,29.44,0.00,5.7253110328184675,OFF,RETRACTED,MANUAL
22:16:47.799,-8.12,28.75,0.00,5.994346261503182,OFF,RETRACTED,MANUAL
22:16:47.900,-7.82,28.05,0.00,6.269481618822823,OFF,RETRACTED,MANUAL
22:16:48.000,-7.50,27.34,0.00,6.5507102264076025,OFF,RETRACTED,MANUAL
22:16:48.101,-7.15,26.62,0.00,6.838025053557175,OFF,RETRACTED,MANUAL
22:16:48.202,-6.80,25.89,0.00,7.131418917415658,OFF,RETRACTED,MANUAL
22:16:48.311,-6.42,25.15,0.00,7.4308844831518,OFF,RETRACTED,MANUAL
22:16:48.411,-6.03,24.40,0.00,7.736414264142155,OFF,RETRACTED,MANUAL
22:16:48.513,-5.62,23.64,0.00,8.048000622157929,OFF,RETRACTED,MANUAL
22:16:48.613,-5.20,22.87,0.00,8.365635767556626,OFF,RETRACTED,MANUAL
22:16:48.713,-4.77,22.09,0.00,8.689311759475856,OFF,RETRACTED,MANUAL
22:16:48.814,-4.33,21.30,0.00,9.01902050603286,OFF,RETRACTED,MANUAL
22:16:48.915,-3.87,20.50,0.00,9.354753764526237,OFF,RETRACTED,MANUAL
22:16:49.016,-3.40,19.70,0.00,9.696503141641841,OFF,RETRACTED,MANUAL
22:16:49.117,-2.93,18.89,0.00,10.044260093663155,OFF,RETRACTED,MANUAL
22:16:49.217,-2.45,18.07,0.00,10.398015926684366,OFF,RETRACTED,MANUAL
22:16:49.333,-1.96,17.24,0.00,10.757761796828134,OFF,RETRACTED,MANUAL
22:16:49.435,-1.47,16.40,0.00,11.123488710466603,OFF,RETRACTED,MANUAL
22:16:49.535,-0.97,15.56,0.00,11.495187524445669,OFF,RETRACTED,MANUAL
22:16:49.640,-0.47,14.71,0.00,11.872848946314662,OFF,RETRACTED,MANUAL
22:16:49.744,0.03,13.86,0.00,12.256463534557412,OFF,RETRACTED,MANUAL
22:16:49.845,0.53,13.00,0.00,12.646021698829344,OFF,RETRACTED,MANUAL
22:16:49.945,1.02,12.14,0.00,13.04151370019676,OFF,RETRACTED,MANUAL
22:16:50.052,1.52,11.27,0.00,13.442929651379956,OFF,RETRACTED,MANUAL
22:16:50.154,2.01,10.39,0.00,13.850259517001348,OFF,RETRACTED,MANUAL
22:16:50.254,2.50,9.52,0.00,14.263493113835182,OFF,RETRACTED,MANUAL
22:16:50.357,2.98,8.64,0.00,14.682620111063244,OFF,RETRACTED,MANUAL
22:16:50.459,3.45,7.75,0.00,15.10763003053259,OFF,RETRACTED,MANUAL
22:16:50.560,3.92,6.86,0.00,15.538512247017053,OFF,RETRACTED,MANUAL
22:16:50.661,4.37,5.97,0.00,15.975255988483951,OFF,RETRACTED,MANUAL
22:16:50.761,4.82,5.08,0.00,16.41785033636222,OFF,RETRACTED,MANUAL
22:16:50.862,5.25,4.18,0.00,16.866284225816344,OFF,RETRACTED,MANUAL
22:16:50.963,5.67,3.29,0.00,17.320546446022632,OFF,RETRACTED,MANUAL
22:16:51.064,6.07,2.39,0.00,17.780625640448847,OFF,RETRACTED,MANUAL
22:16:51.164,6.46,1.49,0.00,18.246510307139488,OFF,RETRACTED,MANUAL
22:16:51.266,6.84,0.59,0.00,18.718188799001837,OFF,RETRACTED,MANUAL
22:16:51.367,7.19,-0.31,0.00,19.19564932409827,OFF,RETRACTED,MANUAL
22:16:51.469,7.53,-1.21,0.00,19.678879945940707,OFF,RETRACTED,MANUAL
22:16:51.569,7.85,-2.11,0.00,20.167868583788447,OFF,RETRACTED,MANUAL
22:16:51.670,8.15,-3.01,0.00,20.662603012951337,OFF,RETRACTED,MANUAL
22:16:51.771,8.43,-3.91,0.00,21.163070865094113,OFF,RETRACTED,MANUAL
22:16:51.874,8.69,-4.80,0.00,21.669259628546655,OFF,RETRACTED,MANUAL
22:16:51.978,8.92,-5.70,0.00,22.18115664861645,OFF,RETRACTED,MANUAL
22:16:52.079,9.14,-6.59,0.00,22.69874912790428,OFF,RETRACTED,MANUAL
22:16:52.180,9.33,-7.48,0.00,23.222024126625513,OFF,RETRACTED,MANUAL
22:16:52.281,9.50,-8.36,0.00,23.750968562932087,OFF,RETRACTED,MANUAL
22:16:52.382,9.64,-9.24,0.00,24.285569213240734,OFF,RETRACTED,MANUAL
22:16:52.481,9.76,-10.12,0.00,24.825812712563305,OFF,RETRACTED,MANUAL
22:16:52.583,9.86,-11.00,0.00,25.3716855548401,OFF,RETRACTED,MANUAL
22:16:52.684,9.93,-11.87,0.00,25.92317409327879,OFF,RETRACTED,MANUAL
22:16:52.793,9.98,-12.73,0.00,26.480264540694293,OFF,RETRACTED,MANUAL
22:16:52.893,10.00,-13.60,0.00,27.042942969854664,OFF,RETRACTED,MANUAL
22:16:52.994,9.99,-14.45,0.00,27.61119531382863,OFF,RETRACTED,MANUAL
22:16:53.097,9.97,-15.30,0.00,28.185007366336805,OFF,RETRACTED,MANUAL
22:16:53.197,9.91,-16.14,0.00,28.764364782108174,OFF,RETRACTED,MANUAL
22:16:53.298,9.84,-16.98,0.00,29.349253077237137,OFF,RETRACTED,MANUAL
22:16:53.398,9.73,-17.81,0.00,29.9396576295469,OFF,RETRACTED,MANUAL
22:16:53.504,9.61,-18.63,0.00,30.535563678954674,OFF,RETRACTED,MANUAL
22:16:53.605,9.45,-19.45,0.00,31.13695632783987,OFF,RETRACTED,MANUAL
22:16:53.706,9.28,-20.26,0.00,31.743820541417932,OFF,RETRACTED,MANUAL
22:16:53.806,9.08,-21.06,0.00,32.35614114811477,OFF,RETRACTED,MANUAL
22:16:53.906,8.86,-21.85,0.00,32.97390283994727,OFF,RETRACTED,MANUAL
22:16:54.008,8.62,-22.63,0.00,33.59709017290561,OFF,RETRACTED,MANUAL
22:16:54.109,8.35,-23.40,0.00,34.22568756733838,OFF,RETRACTED,MANUAL
22:16:54.212,8.07,-24.17,0.00,34.85967930834397,OFF,RETRACTED,MANUAL
22:16:54.314,7.76,-24.92,0.00,35.49904954616139,OFF,RETRACTED,MANUAL
22:16:54.415,7.44,-25.66,0.00,36.143782296568276,OFF,RETRACTED,MANUAL
22:16:54.524,7.10,-26.40,0.00,36.7938614412796,OFF,RETRACTED,MANUAL
22:16:54.625,6.73,-27.12,0.00,37.44927072835023,OFF,RETRACTED,MANUAL
22:16:54.726,6.36,-27.84,0.00,38.1099937725825,OFF,RETRACTED,MANUAL
22:16:54.827,5.96,-28.54,0.00,38.7760140559343,OFF,RETRACTED,MANUAL
22:16:54.927,5.55,-29.23,0.00,39.44731492793349,OFF,RETRACTED,MANUAL
22:16:55.029,5.13,-29.91,0.00,40.123879606093425,OFF,RETRACTED,MANUAL
22:16:55.131,4.70,-30.57,0.00,40.80569117633192,OFF,RETRACTED,MANUAL
22:16:55.234,4.25,-31.23,0.00,41.492732593395715,OFF,RETRACTED,MANUAL
22:16:55.335,3.79,-31.87,0.00,42.18498668128473,OFF,RETRACTED,MANUAL
22:16:55.436,3.32,-32.50,0.00,42.88243613368297,OFF,RETRACTED,MANUAL
22:16:55.537,2.85,-33.11,0.00,43.58506351439078,OFF,RETRACTED,MANUAL
22:16:55.642,2.37,-33.72,0.00,44.29285125775971,OFF,RETRACTED,MANUAL
22:16:55.748,1.88,-34.30,0.00,45.00578166913351,OFF,RETRACTED,MANUAL
22:16:55.854,1.38,-34.88,0.00,45.723836925288595,OFF,RETRACTED,MANUAL
22:16:55.954,0.89,-35.44,0.00,46.44699907488115,OFF,RETRACTED,MANUAL
22:16:56.055,0.39,-35.99,0.00,47.1752500388954,OFF,RETRACTED,MANUAL
22:16:56.156,-0.11,-36.52,0.00,47.9085716110946,OFF,RETRACTED,MANUAL
22:16:56.257,-0.61,-37.04,0.00,48.64694545847823,OFF,RETRACTED,MANUAL
22:16:56.358,-1.11,-37.54,0.00,49.390353121738,OFF,RETRACTED,MANUAL
22:16:56.460,-1.60,-38.03,0.00,50.138776015721305,OFF,RETRACTED,MANUAL
22:16:56.561,-2.10,-38.51,0.00,50.892195429895054,OFF,RETRACTED,MANUAL
22:16:56.662,-2.58,-38.96,0.00,51.65059252881264,OFF,RETRACTED,MANUAL
22:16:56.765,-3.06,-39.41,0.00,52.413948352586544,OFF,RETRACTED,MANUAL
22:16:56.867,-3.53,-39.83,0.00,53.182243817360416,OFF,RETRACTED,MANUAL
22:16:56.968,-4.00,-40.24,0.00,53.95545971578795,OFF,RETRACTED,MANUAL
22:16:57.069,-4.45,-40.64,0.00,54.73357671751222,OFF,RETRACTED,MANUAL
22:16:57.170,-4.89,-41.02,0.00,55.516575369648166,OFF,RETRACTED,MANUAL
22:16:57.270,-5.32,-41.38,0.00,56.30443609727081,OFF,RETRACTED,MANUAL
22:16:57.371,-5.74,-41.72,0.00,57.09713920390243,OFF,RETRACTED,MANUAL
22:16:57.472,-6.14,-42.05,0.00,57.894664872006956,OFF,RETRACTED,MANUAL
22:16:57.572,-6.53,-42.37,0.00,58.69699316348445,OFF,RETRACTED,MANUAL
22:16:57.672,-6.90,-42.66,0.00,59.50410402016894,OFF,RETRACTED,MANUAL
22:16:57.772,-7.25,-42.94,0.00,60.31597726433151,OFF,RETRACTED,MANUAL
22:16:57.873,-7.59,-43.20,0.00,61.13259259918283,OFF,RETRACTED,MANUAL
22:16:57.975,-7.90,-43.44,0.00,61.9539296093823,OFF,RETRACTED,MANUAL
22:16:58.075,-8.20,-43.67,0.00,62.77996776154782,OFF,RETRACTED,MANUAL
22:16:58.178,-8.47,-43.88,0.00,63.61068640476796,OFF,RETRACTED,MANUAL
22:16:58.281,-8.73,-44.07,0.00,64.44606477112049,OFF,RETRACTED,MANUAL
22:16:58.382,-8.96,-44.24,0.00,65.2860819761892,OFF,RETRACTED,MANUAL
22:16:58.483,-9.17,-44.40,0.00,66.13071701958799,OFF,RETRACTED,MANUAL
22:16:58.583,-9.36,-44.53,0.00,66.97994878548508,OFF,RETRACTED,MANUAL
22:16:58.683,-9.52,-44.66,0.00,67.83375604312994,OFF,RETRACTED,MANUAL
22:16:58.785,-9.66,-44.76,0.00,68.69211744738621,OFF,RETRACTED,MANUAL
22:16:58.885,-9.78,-44.84,0.00,69.55501153926286,OFF,RETRACTED,MANUAL
22:16:58.987,-9.87,-44.91,0.00,70.42241674645288,OFF,RETRACTED,MANUAL
22:16:59.088,-9.94,-44.96,0.00,71.29431138387156,OFF,RETRACTED,MANUAL
22:16:59.189,-9.98,-44.99,0.00,72.17067365419774,OFF,RETRACTED,MANUAL
22:16:59.290,-10.00,-45.00,0.00,73.05148164842092,OFF,RETRACTED,MANUAL
22:16:59.390,-9.99,-44.99,0.00,73.93671334638654,OFF,RETRACTED,MANUAL
22:16:59.490,-9.96,-44.97,0.00,74.82634661734855,OFF,RETRACTED,MANUAL
22:16:59.592,-9.90,-44.93,0.00,75.7203592205218,OFF,RETRACTED,MANUAL
22:16:59.692,-9.82,-44.87,0.00,76.6187288056372,OFF,RETRACTED,MANUAL
22:16:59.793,-9.71,-44.79,0.00,77.52143291350248,OFF,RETRACTED,MANUAL
22:16:59.894,-9.58,-44.70,0.00,78.42844897656136,OFF,RETRACTED,MANUAL
22:17:00.001,-9.43,-44.58,0.00,79.33975431945981,OFF,RETRACTED,MANUAL
22:17:00.101,-9.25,-44.45,0.00,80.25532615961203,OFF,RETRACTED,MANUAL
22:17:00.202,-9.05,-44.30,0.00,81.17514160776909,OFF,RETRACTED,MANUAL
22:17:00.303,-8.82,-44.14,0.00,82.09917766859334,OFF,RETRACTED,MANUAL
22:17:00.403,-8.58,-43.95,0.00,83.02741124123071,OFF,RETRACTED,MANUAL
22:17:00.503,-8.31,-43.75,0.00,83.95981911989057,OFF,RETRACTED,MANUAL
22:17:00.604,-8.02,-43.53,0.00,84.89637799442485,OFF,RETRACTED,MANUAL
22:17:00.705,-7.71,-43.30,0.00,85.83706445090976,OFF,RETRACTED,MANUAL
22:17:00.805,-7.38,-43.04,0.00,86.78185497223362,OFF,RETRACTED,MANUAL
22:17:00.905,-7.04,-42.77,0.00,87.7307259386819,OFF,RETRACTED,MANUAL
22:17:01.006,-6.67,-42.48,0.00,88.68365362853018,OFF,RETRACTED,MANUAL
22:17:01.107,-6.29,-42.18,0.00,89.64061421863619,OFF,RETRACTED,MANUAL
22:17:01.208,-5.90,-41.85,0.00,90.60158378503439,OFF,RETRACTED,MANUAL
22:17:01.308,-5.48,-41.52,0.00,91.56653830353628,OFF,RETRACTED,MANUAL
22:17:01.409,-5.06,-41.16,0.00,92.53545365032849,OFF,RETRACTED,MANUAL
22:17:01.509,-4.62,-40.79,0.00,93.50830560257822,OFF,RETRACTED,MANUAL
22:17:01.609,-4.17,-40.40,0.00,94.4850698390376,OFF,RETRACTED,MANUAL
22:17:01.712,-3.71,-40.00,0.00,95.46572194065092,OFF,RETRACTED,MANUAL
22:17:01.812,-3.25,-39.57,0.00,96.45023739116743,OFF,RETRACTED,MANUAL
22:17:01.913,-2.77,-39.14,0.00,97.43859157775142,OFF,RETRACTED,MANUAL
22:17:02.014,-2.28,-38.69,0.00,98.43075979160008,OFF,RETRACTED,MANUAL
22:17:02.114,-1.80,-38.22,0.00,99.42671722856005,OFF,RETRACTED,MANUAL
22:17:02.215,-1.30,-37.74,0.00,100.42643898974663,OFF,RETRACTED,MANUAL
22:17:02.315,-0.80,-37.24,0.00,101.4299000821685,OFF,RETRACTED,MANUAL
22:17:02.415,-0.31,-36.73,0.00,102.43707541934998,OFF,RETRACTED,MANUAL
22:17:02.516,0.19,-36.20,0.00,103.4479398219604,OFF,RETRACTED,MANUAL
22:17:02.617,0.69,-35.66,0.00,104.46246801844273,OFF,RETRACTED,MANUAL
22:17:02.717,1.19,-35.10,0.00,105.48063464564413,OFF,RETRACTED,MANUAL
22:17:02.819,1.69,-34.53,0.00,106.50241424945276,OFF,RETRACTED,MANUAL
22:17:02.919,2.18,-33.95,0.00,107.5277812854309,OFF,RETRACTED,MANUAL
22:17:03.020,2.66,-33.35,0.00,108.55671011945654,OFF,RETRACTED,MANUAL
22:17:03.121,3.14,-32.74,0.00,109.58917502836269,OFF,RETRACTED,MANUAL
22:17:03.221,3.61,-32.11,0.00,110.62515020057972,OFF,RETRACTED,MANUAL
22:17:03.322,4.07,-31.48,0.00,111.664609736783,OFF,RETRACTED,MANUAL
22:17:03.423,4.52,-30.83,0.00,112.70752765053751,OFF,RETRACTED,MANUAL
22:17:03.523,4.96,-30.17,0.00,113.75387786895013,OFF,RETRACTED,MANUAL
22:17:03.623,5.39,-29.49,0.00,114.80363423332028,OFF,RETRACTED,MANUAL
22:17:03.724,5.81,-28.81,0.00,115.8567704997927,OFF,RETRACTED,MANUAL
22:17:03.824,6.21,-28.11,0.00,116.9132603400164,OFF,RETRACTED,MANUAL
22:17:03.925,6.59,-27.40,0.00,117.97307734179964,OFF,RETRACTED,MANUAL
22:17:04.026,6.96,-26.68,0.00,119.03619500977291,OFF,RETRACTED,MANUAL
22:17:04.126,7.31,-25.95,0.00,120.10258676605031,OFF,RETRACTED,MANUAL
22:17:04.227,7.64,-25.21,0.00,121.17222595089268,OFF,RETRACTED,MANUAL
22:17:04.328,7.95,-24.46,0.00,122.2450858233769,OFF,RETRACTED,MANUAL
22:17:04.428,8.25,-23.70,0.00,123.32113956206126,OFF,RETRACTED,MANUAL
22:17:04.528,8.52,-22.93,0.00,124.4003602656587,OFF,RETRACTED,MANUAL
22:17:04.629,8.77,-22.15,0.00,125.48272095370824,OFF,RETRACTED,MANUAL
22:17:04.729,9.00,-21.36,0.00,126.5681945672483,OFF,RETRACTED,MANUAL
22:17:04.830,9.21,-20.57,0.00,127.65675396949581,OFF,RETRACTED,MANUAL
22:17:04.931,9.39,-19.76,0.00,128.74837194652167,OFF,RETRACTED,MANUAL
22:17:05.031,9.55,-18.95,0.00,129.84302120793367,OFF,RETRACTED,MANUAL
22:17:05.131,9.69,-18.13,0.00,130.9406743875577,OFF,RETRACTED,MANUAL
22:17:05.232,9.80,-17.30,0.00,132.04130404412064,OFF,RETRACTED,MANUAL
22:17:05.333,9.89,-16.47,0.00,133.14488266193922,OFF,RETRACTED,MANUAL
22:17:05.433,9.95,-15.63,0.00,134.25138265160462,OFF,RETRACTED,MANUAL
22:17:05.534,9.99,-14.78,0.00,135.36077635067517,OFF,RETRACTED,MANUAL
22:17:05.634,10.00,-13.93,0.00,136.4730360243666,OFF,RETRACTED,MANUAL
22:17:05.735,9.99,-13.07,0.00,137.5881338662441,OFF,RETRACTED,MANUAL
22:17:05.836,9.95,-12.21,0.00,138.70604199892063,OFF,RETRACTED,MANUAL
22:17:05.936,9.89,-11.34,0.00,139.8267324747502,OFF,RETRACTED,MANUAL
22:17:06.037,9.80,-10.46,0.00,140.9501772765297,OFF,RETRACTED,MANUAL
22:17:06.138,9.69,-9.59,0.00,142.07634831819803,OFF,RETRACTED,MANUAL
22:17:06.238,9.56,-8.71,0.00,143.20521744553696,OFF,RETRACTED,MANUAL
22:17:06.339,9.40,-7.82,0.00,144.33675643687798,OFF,RETRACTED,MANUAL
22:17:06.440,9.22,-6.93,0.00,145.47093700380435,OFF,RETRACTED,MANUAL
22:17:06.540,9.01,-6.04,0.00,146.6077307918614,OFF,RETRACTED,MANUAL
22:17:06.640,8.78,-5.15,0.00,147.74710938126407,OFF,RETRACTED,MANUAL
22:17:06.741,8.53,-4.25,0.00,148.8890442876061,OFF,RETRACTED,MANUAL
22:17:06.841,8.26,-3.36,0.00,150.03350696257522,OFF,RETRACTED,MANUAL
22:17:06.942,7.97,-2.46,0.00,151.18046879466323,OFF,RETRACTED,MANUAL
22:17:07.043,7.66,-1.56,0.00,152.32990110988453,OFF,RETRACTED,MANUAL
22:17:07.144,7.33,-0.66,0.00,153.48177517249155,OFF,RETRACTED,MANUAL
22:17:07.243,6.98,0.24,0.00,154.63606218569183,OFF,RETRACTED,MANUAL
22:17:07.344,6.61,1.14,0.00,155.79273329237103,OFF,RETRACTED,MANUAL
22:17:07.444,6.23,2.04,0.00,156.95175957581085,OFF,RETRACTED,MANUAL
22:17:07.545,5.83,2.94,0.00,158.11311206041506,OFF,RETRACTED,MANUAL
22:17:07.646,5.41,3.83,0.00,159.27676171243235,OFF,RETRACTED,MANUAL
22:17:07.746,4.99,4.73,0.00,160.44267944068127,OFF,RETRACTED,MANUAL
22:17:07.847,4.55,5.62,0.00,161.61083609728018,OFF,RETRACTED,MANUAL
22:17:07.948,4.10,6.52,0.00,162.78120247837262,OFF,RETRACTED,MANUAL
22:17:08.048,3.64,7.41,0.00,163.95374932486044,OFF,RETRACTED,MANUAL
22:17:08.149,3.17,8.29,0.00,165.12844732313403,OFF,RETRACTED,MANUAL
22:17:08.249,2.69,9.17,0.00,166.3052671058037,OFF,RETRACTED,MANUAL
22:17:08.349,2.20,10.05,0.00,167.48417925243706,OFF,RETRACTED,MANUAL
22:17:08.450,1.71,10.93,0.00,168.66515429029096,OFF,RETRACTED,MANUAL
22:17:08.551,1.22,11.80,0.00,169.84816269505143,OFF,RETRACTED,MANUAL
22:17:08.651,0.72,12.67,0.00,171.0331748915704,OFF,RETRACTED,MANUAL
22:17:08.751,0.22,13.53,0.00,172.2201612546038,OFF,RETRACTED,MANUAL
22:17:08.852,-0.28,14.38,0.00,173.40909210955522,OFF,RETRACTED,MANUAL
22:17:08.952,-0.78,15.23,0.00,174.59993773321435,OFF,RETRACTED,MANUAL
22:17:09.053,-1.28,16.08,0.00,175.7926683545031,OFF,RETRACTED,MANUAL
22:17:09.154,-1.77,16.91,0.00,176.98725415521844,OFF,RETRACTED,MANUAL
22:17:09.254,-2.26,17.74,0.00,178.18366527077671,OFF,RETRACTED,MANUAL
22:17:09.355,-2.74,18.57,0.00,179.38187179096323,OFF,RETRACTED,MANUAL
22:17:09.455,-3.22,19.38,0.00,180.58184376067652,OFF,RETRACTED,MANUAL
22:17:09.556,-3.69,20.19,0.00,181.78355118068026,OFF,RETRACTED,MANUAL
22:17:09.656,-4.15,20.99,0.00,182.98696400835198,OFF,RETRACTED,MANUAL
22:17:09.757,-4.60,21.78,0.00,184.1920521584328,OFF,RETRACTED,MANUAL
22:17:09.857,-5.04,22.57,0.00,185.3987855037826,OFF,RETRACTED,MANUAL
22:17:09.958,-5.46,23.34,0.00,186.60713387612972,OFF,RETRACTED,MANUAL
22:17:10.058,-5.87,24.11,0.00,187.81706706682823,OFF,RETRACTED,MANUAL
22:17:10.160,-6.27,24.86,0.00,189.0285548276118,OFF,RETRACTED,MANUAL
22:17:10.260,-6.65,25.61,0.00,190.24156687134868,OFF,RETRACTED,MANUAL
22:17:10.360,-7.02,26.34,0.00,191.45607287280177,OFF,RETRACTED,MANUAL
22:17:10.460,-7.37,27.07,0.00,192.67204246938346,OFF,RETRACTED,MANUAL
22:17:10.561,-7.69,27.78,0.00,193.8894452619176,OFF,RETRACTED,MANUAL
22:17:10.662,-8.00,28.48,0.00,195.10825081539815,OFF,RETRACTED,MANUAL
22:17:10.762,-8.29,29.17,0.00,196.328428659749,OFF,RETRACTED,MANUAL
22:17:10.862,-8.56,29.85,0.00,197.54994829058836,OFF,RETRACTED,MANUAL
22:17:10.963,-8.81,30.52,0.00,198.77277916998827,OFF,RETRACTED,MANUAL
22:17:11.063,-9.04,31.17,0.00,199.99689072724084,OFF,RETRACTED,MANUAL
22:17:11.164,-9.24,31.82,0.00,201.22225235962134,OFF,RETRACTED,MANUAL
22:17:11.264,-9.42,32.45,0.00,202.4488334331519,OFF,RETRACTED,MANUAL
22:17:11.366,-9.57,33.06,0.00,203.67660328337044,OFF,RETRACTED,MANUAL
22:17:11.467,-9.71,33.67,0.00,204.90553121609378,OFF,RETRACTED,MANUAL
22:17:11.567,-9.81,34.26,0.00,206.13558650818808,OFF,RETRACTED,MANUAL
22:17:11.669,-9.90,34.84,0.00,207.3667384083355,OFF,RETRACTED,MANUAL
22:17:11.768,-9.96,35.40,0.00,208.59895613780176,OFF,RETRACTED,MANUAL
22:17:11.869,-9.99,35.95,0.00,209.83220889120875,OFF,RETRACTED,MANUAL
22:17:11.969,-10.00,36.48,0.00,211.06646583730094,OFF,RETRACTED,MANUAL
22:17:12.070,-9.98,37.00,0.00,212.3016961197194,OFF,RETRACTED,MANUAL
22:17:12.171,-9.94,37.51,0.00,213.53786885777185,OFF,RETRACTED,MANUAL
22:17:12.272,-9.88,37.99,0.00,214.77495314720338,OFF,RETRACTED,MANUAL
22:17:12.373,-9.79,38.47,0.00,216.01291806097203,OFF,RETRACTED,MANUAL
22:17:12.473,-9.67,38.93,0.00,217.2517326500185,OFF,RETRACTED,MANUAL
22:17:12.574,-9.53,39.37,0.00,218.49136594404314,OFF,RETRACTED,MANUAL
22:17:12.674,-9.37,39.80,0.00,219.73178695227853,OFF,RETRACTED,MANUAL
22:17:12.775,-9.18,40.21,0.00,220.9729646642632,OFF,RETRACTED,MANUAL
22:17:12.876,-8.97,40.61,0.00,222.21486805061988,OFF,RETRACTED,MANUAL
22:17:12.976,-8.74,40.99,0.00,223.45746606382772,OFF,RETRACTED,MANUAL
22:17:13.079,-8.49,41.35,0.00,224.70072763900154,OFF,RETRACTED,MANUAL
22:17:13.179,-8.21,41.70,0.00,225.94462169466715,OFF,RETRACTED,MANUAL
22:17:13.284,-7.92,42.03,0.00,227.18911713353708,OFF,RETRACTED,MANUAL
22:17:13.385,-7.60,42.34,0.00,228.43418284329104,OFF,RETRACTED,MANUAL
22:17:13.486,-7.27,42.64,0.00,229.67978769735026,OFF,RETRACTED,MANUAL
22:17:13.586,-6.92,42.92,0.00,230.9259005556587,OFF,RETRACTED,MANUAL
22:17:13.686,-6.55,43.18,0.00,232.17249026546025,OFF,RETRACTED,MANUAL
22:17:13.792,-6.16,43.42,0.00,233.4195256620762,OFF,RETRACTED,MANUAL
22:17:13.892,-5.76,43.65,0.00,234.66697556968748,OFF,RETRACTED,MANUAL
22:17:13.993,-5.34,43.86,0.00,235.91480880211049,OFF,RETRACTED,MANUAL
22:17:14.093,-4.91,44.05,0.00,237.1629941635798,OFF,RETRACTED,MANUAL
22:17:14.194,-4.47,44.23,0.00,238.41150044952693,OFF,RETRACTED,MANUAL
22:17:14.294,-4.02,44.39,0.00,239.66029644735877,OFF,RETRACTED,MANUAL
22:17:14.395,-3.56,44.52,0.00,240.90935093724138,OFF,RETRACTED,MANUAL
22:17:14.496,-3.09,44.65,0.00,242.1586326928766,OFF,RETRACTED,MANUAL
22:17:14.596,-2.61,44.75,0.00,243.40811048228613,OFF,RETRACTED,MANUAL
22:17:14.697,-2.12,44.84,0.00,244.65775306859072,OFF,RETRACTED,MANUAL
22:17:14.798,-1.63,44.90,0.00,245.90752921078987,OFF,RETRACTED,MANUAL
22:17:14.898,-1.13,44.95,0.00,247.1574076645461,OFF,RETRACTED,MANUAL
22:17:14.999,-0.64,44.99,0.00,248.4073571829622,OFF,RETRACTED,MANUAL
22:17:15.099,-0.14,45.00,0.00,249.65734651736574,OFF,RETRACTED,MANUAL
22:17:15.200,0.36,45.00,0.00,250.90734441808897,OFF,RETRACTED,MANUAL
22:17:15.300,0.86,44.97,0.00,252.15731963524857,OFF,RETRACTED,MANUAL
22:17:15.403,1.36,44.93,0.00,253.4072409195301,OFF,RETRACTED,MANUAL
22:17:15.503,1.85,44.88,0.00,254.65707702296564,OFF,RETRACTED,MANUAL
22:17:15.604,2.34,44.80,0.00,255.90679669971814,OFF,RETRACTED,MANUAL
22:17:15.704,2.82,44.71,0.00,257.15636870686126,OFF,RETRACTED,MANUAL
22:17:15.807,3.30,44.59,0.00,258.405761805159,OFF,RETRACTED,MANUAL
22:17:15.907,3.77,44.46,0.00,259.65494475984985,OFF,RETRACTED,MANUAL
22:17:16.009,4.23,44.32,0.00,260.90388634142414,OFF,RETRACTED,MANUAL
22:17:16.109,4.67,44.15,0.00,262.15255532640776,OFF,RETRACTED,MANUAL
22:17:16.212,5.11,43.97,0.00,263.40092049814166,OFF,RETRACTED,MANUAL
22:17:16.312,5.53,43.77,0.00,264.6489506475606,OFF,RETRACTED,MANUAL
22:17:16.414,5.94,43.55,0.00,265.89661457397676,OFF,RETRACTED,MANUAL
22:17:16.514,6.34,43.32,0.00,267.14388108585604,OFF,RETRACTED,MANUAL
22:17:16.615,6.72,43.06,0.00,268.39071900160116,OFF,RETRACTED,MANUAL
22:17:16.715,7.08,42.79,0.00,269.63709715032945,OFF,RETRACTED,MANUAL
22:17:16.817,7.42,42.51,0.00,270.8829843726514,OFF,RETRACTED,MANUAL
22:17:16.916,7.75,42.20,0.00,272.12834952145204,OFF,RETRACTED,MANUAL
22:17:17.018,8.05,41.88,0.00,273.37316146266676,OFF,RETRACTED,MANUAL
22:17:17.118,8.34,41.54,0.00,274.61738907606224,OFF,RETRACTED,MANUAL
22:17:17.220,8.61,41.19,0.00,275.8610012560134,OFF,RETRACTED,MANUAL
22:17:17.320,8.85,40.82,0.00,277.1039669122797,OFF,RETRACTED,MANUAL
22:17:17.421,9.07,40.43,0.00,278.3462549707853,OFF,RETRACTED,MANUAL
22:17:17.522,9.27,40.03,0.00,279.5878343743925,OFF,RETRACTED,MANUAL
22:17:17.626,9.45,39.61,0.00,280.82867408368145,OFF,RETRACTED,MANUAL
22:17:17.727,9.60,39.17,0.00,282.0687430777243,OFF,RETRACTED,MANUAL
22:17:17.829,9.73,38.72,0.00,283.30801035486013,OFF,RETRACTED,MANUAL
22:17:17.930,9.83,38.26,0.00,284.54644493347223,OFF,RETRACTED,MANUAL
22:17:18.031,9.91,37.78,0.00,285.7840158527599,OFF,RETRACTED,MANUAL
22:17:18.132,9.96,37.28,0.00,287.020692173515,OFF,RETRACTED,MANUAL
22:17:18.232,9.99,36.77,0.00,288.2564429788943,OFF,RETRACTED,MANUAL
22:17:18.333,10.00,36.24,0.00,289.49123737519125,OFF,RETRACTED,MANUAL
22:17:18.434,9.98,35.70,0.00,290.7250444926111,OFF,RETRACTED,MANUAL
22:17:18.535,9.93,35.15,0.00,291.9578334860393,OFF,RETRACTED,MANUAL
22:17:18.635,9.86,34.58,0.00,293.1895735358156,OFF,RETRACTED,MANUAL
22:17:18.736,9.77,33.99,0.00,294.42023384850347,OFF,RETRACTED,MANUAL
22:17:18.835,9.65,33.40,0.00,295.6497836576582,OFF,RETRACTED,MANUAL
22:17:18.936,9.51,32.79,0.00,296.8781922245995,OFF,RETRACTED,MANUAL
22:17:19.037,9.34,32.16,0.00,298.10542883917634,OFF,RETRACTED,MANUAL
22:17:19.138,9.15,31.53,0.00,299.3314628205377,OFF,RETRACTED,MANUAL
22:17:19.239,8.94,30.88,0.00,300.5562635178983,OFF,RETRACTED,MANUAL
22:17:19.340,8.70,30.22,0.00,301.7798003113037,OFF,RETRACTED,MANUAL
22:17:19.441,8.44,29.55,0.00,303.00204261239855,OFF,RETRACTED,MANUAL
22:17:19.542,8.16,28.86,0.00,304.2229598651882,OFF,RETRACTED,MANUAL
22:17:19.642,7.87,28.17,0.00,305.4425215468054,OFF,RETRACTED,MANUAL
22:17:19.742,7.55,27.46,0.00,306.6606971682719,OFF,RETRACTED,MANUAL
22:17:19.843,7.21,26.74,0.00,307.8774562752599,OFF,RETRACTED,MANUAL
22:17:19.944,6.86,26.01,0.00,309.09276844885585,OFF,RETRACTED,MANUAL
22:17:20.044,6.48,25.27,0.00,310.3066033063183,OFF,RETRACTED,MANUAL
22:17:20.144,6.09,24.52,0.00,311.5189305018391,OFF,RETRACTED,MANUAL
22:17:20.245,5.69,23.76,0.00,312.72971972730153,OFF,RETRACTED,MANUAL
22:17:20.345,5.27,22.99,0.00,313.9389407130379,OFF,RETRACTED,MANUAL
22:17:20.446,4.84,22.21,0.00,315.14656322858696,OFF,RETRACTED,MANUAL
22:17:20.546,4.40,21.43,0.00,316.352557083448,OFF,RETRACTED,MANUAL
22:17:20.647,3.94,20.63,0.00,317.5568921278377,OFF,RETRACTED,MANUAL
22:17:20.748,3.48,19.83,0.00,318.7595382534429,OFF,RETRACTED,MANUAL
22:17:20.849,3.01,19.02,0.00,319.96046539417296,OFF,RETRACTED,MANUAL
22:17:20.949,2.53,18.20,0.00,321.15964352691236,OFF,RETRACTED,MANUAL
22:17:21.049,2.04,17.37,0.00,322.35704267226936,OFF,RETRACTED,MANUAL
22:17:21.150,1.55,16.54,0.00,323.5526328953282,OFF,RETRACTED,MANUAL
22:17:21.250,1.05,15.70,0.00,324.7463843063955,OFF,RETRACTED,MANUAL
22:17:21.351,0.55,14.85,0.00,325.93826706174815,OFF,RETRACTED,MANUAL
22:17:21.452,0.05,14.00,0.00,327.1282513643798,OFF,RETRACTED,MANUAL
22:17:21.553,-0.45,13.14,0.00,328.31630746474406,OFF,RETRACTED,MANUAL
22:17:21.653,-0.95,12.27,0.00,329.50240566150063,OFF,RETRACTED,MANUAL
22:17:21.753,-1.44,11.41,0.00,330.6865163022564,OFF,RETRACTED,MANUAL
22:17:21.854,-1.93,10.53,0.00,331.868609784307,OFF,RETRACTED,MANUAL
22:17:21.954,-2.42,9.66,0.00,333.0486565553775,OFF,RETRACTED,MANUAL
22:17:22.061,-2.90,8.78,0.00,334.2266271143591,OFF,RETRACTED,MANUAL
22:17:22.161,-3.38,7.89,0.00,335.4024920120496,OFF,RETRACTED,MANUAL
22:17:22.262,-3.85,7.00,0.00,336.57622185188785,OFF,RETRACTED,MANUAL
22:17:22.362,-4.30,6.11,0.00,337.74778729068896,OFF,RETRACTED,MANUAL
22:17:22.463,-4.75,5.22,0.00,338.9171590393785,OFF,RETRACTED,MANUAL
22:17:22.563,-5.18,4.33,0.00,340.08430786372264,OFF,RETRACTED,MANUAL
22:17:22.665,-5.60,3.43,0.00,341.2492045850621,OFF,RETRACTED,MANUAL
22:17:22.765,-6.01,2.53,0.00,342.41182008103954,OFF,RETRACTED,MANUAL
22:17:22.866,-6.40,1.63,0.00,343.572125286328,OFF,RETRACTED,MANUAL
22:17:22.967,-6.78,0.73,0.00,344.73009119335825,OFF,RETRACTED,MANUAL
22:17:23.066,-7.14,-0.17,0.00,345.88568885304215,OFF,RETRACTED,MANUAL
22:17:23.167,-7.48,-1.07,0.00,347.0388893754988,OFF,RETRACTED,MANUAL
22:17:23.268,-7.80,-1.97,0.00,348.1896639307751,OFF,RETRACTED,MANUAL
22:17:23.371,-8.10,-2.87,0.00,349.3379837495672,OFF,RETRACTED,MANUAL
22:17:23.471,-8.39,-3.76,0.00,350.48382012393984,OFF,RETRACTED,MANUAL
22:17:23.572,-8.65,-4.66,0.00,351.62714440804245,OFF,RETRACTED,MANUAL
22:17:23.673,-8.89,-5.55,0.00,352.76792801882794,OFF,RETRACTED,MANUAL
22:17:23.774,-9.11,-6.45,0.00,353.90614243676544,OFF,RETRACTED,MANUAL
22:17:23.875,-9.30,-7.33,0.00,355.0417592065538,OFF,RETRACTED,MANUAL
22:17:23.975,-9.47,-8.22,0.00,356.1747499378334,OFF,RETRACTED,MANUAL
22:17:24.077,-9.62,-9.10,0.00,357.305086305894,OFF,RETRACTED,MANUAL
22:17:24.178,-9.75,-9.98,0.00,358.4327400523858,OFF,RETRACTED,MANUAL
22:17:24.279,-9.85,-10.86,0.00,359.5576829860238,OFF,RETRACTED,MANUAL
22:17:24.378,-9.92,-11.73,0.00,360.6798869832932,OFF,RETRACTED,MANUAL
22:17:24.479,-9.97,-12.60,0.00,361.7993239891531,OFF,RETRACTED,MANUAL
22:17:24.580,-10.00,-13.46,0.00,362.9159660177357,OFF,RETRACTED,MANUAL
22:17:24.680,-10.00,-14.31,0.00,364.02978515304886,OFF,RETRACTED,MANUAL
22:17:24.780,-9.97,-15.16,0.00,365.1407535496723,OFF,RETRACTED,MANUAL
22:17:24.881,-9.92,-16.01,0.00,366.2488434334539,OFF,RETRACTED,MANUAL
22:17:24.981,-9.85,-16.85,0.00,367.35402710220467,OFF,RETRACTED,MANUAL
22:17:25.083,-9.75,-17.68,0.00,368.4562769263896,OFF,RETRACTED,MANUAL
22:17:25.185,-9.63,-18.50,0.00,369.55556534982105,OFF,RETRACTED,MANUAL
22:17:25.286,-9.48,-19.32,0.00,370.65186489034556,OFF,RETRACTED,MANUAL
22:17:25.386,-9.31,-20.13,0.00,371.7451481405318,OFF,RETRACTED,MANUAL
22:17:25.489,-9.11,-20.93,0.00,372.83538776835576,OFF,RETRACTED,MANUAL
22:17:25.590,-8.90,-21.72,0.00,373.9225565178828,OFF,RETRACTED,MANUAL
22:17:25.696,-8.66,-22.50,0.00,375.00662720995115,OFF,RETRACTED,MANUAL
22:17:25.798,-8.40,-23.28,0.00,376.08757274285006,OFF,RETRACTED,MANUAL
22:17:25.899,-8.12,-24.05,0.00,377.16536609299743,OFF,RETRACTED,MANUAL
22:17:26.001,-7.81,-24.80,0.00,378.2399803156161,OFF,RETRACTED,MANUAL
22:17:26.104,-7.49,-25.55,0.00,379.31138854540563,OFF,RETRACTED,MANUAL
22:17:26.204,-7.15,-26.28,0.00,380.37956399721645,OFF,RETRACTED,MANUAL
22:17:26.305,-6.79,-27.01,0.00,381.44447996671795,OFF,RETRACTED,MANUAL
22:17:26.407,-6.42,-27.72,0.00,382.50610983106634,OFF,RETRACTED,MANUAL
22:17:26.507,-6.03,-28.43,0.00,383.56442704957067,OFF,RETRACTED,MANUAL
22:17:26.609,-5.62,-29.12,0.00,384.61940516435493,OFF,RETRACTED,MANUAL
22:17:26.710,-5.20,-29.80,0.00,385.67101780102143,OFF,RETRACTED,MANUAL
22:17:26.811,-4.77,-30.47,0.00,386.7192386693091,OFF,RETRACTED,MANUAL
22:17:26.912,-4.32,-31.12,0.00,387.7640415637508,OFF,RETRACTED,MANUAL
22:17:27.013,-3.87,-31.77,0.00,388.80540036432905,OFF,RETRACTED,MANUAL
22:17:27.114,-3.40,-32.40,0.00,389.8432890371272,OFF,RETRACTED,MANUAL
22:17:27.214,-2.93,-33.02,0.00,390.877681634983,OFF,RETRACTED,MANUAL
22:17:27.314,-2.44,-33.62,0.00,391.9085522981352,OFF,RETRACTED,MANUAL
22:17:27.415,-1.96,-34.21,0.00,392.93587525487106,OFF,RETRACTED,MANUAL
22:17:27.515,-1.46,-34.79,0.00,393.95962482217044,OFF,RETRACTED,MANUAL
22:17:27.617,-0.97,-35.35,0.00,394.9797754063469,OFF,RETRACTED,MANUAL
22:17:27.718,-0.47,-35.90,0.00,395.99630150368915,OFF,RETRACTED,MANUAL
22:17:27.819,0.03,-36.44,0.00,397.00917770109777,OFF,RETRACTED,MANUAL
22:17:27.920,0.53,-36.96,0.00,398.01837867672054,OFF,RETRACTED,MANUAL
22:17:28.021,1.03,-37.47,0.00,399.02387920058607,OFF,RETRACTED,MANUAL
22:17:28.121,1.53,-37.96,0.00,400.0256541352329,OFF,RETRACTED,MANUAL
22:17:28.221,2.02,-38.43,0.00,401.0236784363402,OFF,RETRACTED,MANUAL
22:17:28.322,2.50,-38.89,0.00,402.0179271533524,OFF,RETRACTED,MANUAL
22:17:28.423,2.98,-39.34,0.00,403.0083754301033,OFF,RETRACTED,MANUAL
22:17:28.524,3.46,-39.77,0.00,403.994998505438,OFF,RETRACTED,MANUAL
22:17:28.624,3.92,-40.18,0.00,404.9777717138303,OFF,RETRACTED,MANUAL
22:17:28.725,4.38,-40.58,0.00,405.9566704860015,OFF,RETRACTED,MANUAL
22:17:28.825,4.82,-40.96,0.00,406.9316703495332,OFF,RETRACTED,MANUAL
22:17:28.926,5.25,-41.32,0.00,407.9027469294798,OFF,RETRACTED,MANUAL
22:17:29.027,5.67,-41.67,0.00,408.86987594897755,OFF,RETRACTED,MANUAL
22:17:29.127,6.08,-42.00,0.00,409.8330332298507,OFF,RETRACTED,MANUAL
22:17:29.229,6.47,-42.32,0.00,410.7921946932177,OFF,RETRACTED,MANUAL
22:17:29.329,6.84,-42.61,0.00,411.74733636009194,OFF,RETRACTED,MANUAL
22:17:29.431,7.20,-42.89,0.00,412.6984343519816,OFF,RETRACTED,MANUAL
22:17:29.532,7.53,-43.16,0.00,413.64546489148665,OFF,RETRACTED,MANUAL
22:17:29.633,7.85,-43.40,0.00,414.5884043028922,OFF,RETRACTED,MANUAL
22:17:29.733,8.15,-43.63,0.00,415.5272290127625,OFF,RETRACTED,MANUAL
22:17:29.833,8.43,-43.84,0.00,416.4619155505287,OFF,RETRACTED,MANUAL
22:17:29.934,8.69,-44.04,0.00,417.392440549076,OFF,RETRACTED,MANUAL
22:17:30.041,8.93,-44.21,0.00,418.3187807453283,OFF,RETRACTED,MANUAL
22:17:30.141,9.14,-44.37,0.00,419.24091298082817,OFF,RETRACTED,MANUAL
22:17:30.242,9.33,-44.51,0.00,420.15881420231824,OFF,RETRACTED,MANUAL
22:17:30.342,9.50,-44.64,0.00,421.0724614623156,OFF,RETRACTED,MANUAL
22:17:30.443,9.64,-44.74,0.00,421.98183191968644,OFF,RETRACTED,MANUAL
22:17:30.543,9.76,-44.83,0.00,422.8869028402169,OFF,RETRACTED,MANUAL
22:17:30.644,9.86,-44.90,0.00,423.7876515971807,OFF,RETRACTED,MANUAL
22:17:30.743,9.93,-44.95,0.00,424.68405567190587,OFF,RETRACTED,MANUAL
22:17:30.844,9.98,-44.98,0.00,425.57609265433746,OFF,RETRACTED,MANUAL
22:17:30.945,10.00,-45.00,0.00,426.4637402435972,OFF,RETRACTED,MANUAL
22:17:31.049,9.99,-45.00,0.00,427.346976248542,OFF,RETRACTED,MANUAL
22:17:31.150,9.97,-44.98,0.00,428.2257785883171,OFF,RETRACTED,MANUAL
22:17:31.252,9.91,-44.94,0.00,429.1001252929101,OFF,RETRACTED,MANUAL
22:17:31.353,9.83,-44.88,0.00,429.9699945036988,OFF,RETRACTED,MANUAL
22:17:31.453,9.73,-44.81,0.00,430.8353644739984,OFF,RETRACTED,MANUAL
22:17:31.553,9.60,-44.71,0.00,431.696213569605,OFF,RETRACTED,MANUAL
22:17:31.655,9.45,-44.60,0.00,432.55252026933533,OFF,RETRACTED,MANUAL
22:17:31.755,9.28,-44.47,0.00,433.4042631655668,OFF,RETRACTED,MANUAL
22:17:31.856,9.08,-44.33,0.00,434.25142096477157,OFF,RETRACTED,MANUAL
22:17:31.956,8.86,-44.17,0.00,435.09397248804856,OFF,RETRACTED,MANUAL
22:17:32.057,8.62,-43.98,0.00,435.93189667165393,OFF,RETRACTED,MANUAL
22:17:32.157,8.35,-43.78,0.00,436.76517256752624,OFF,RETRACTED,MANUAL
22:17:32.258,8.07,-43.57,0.00,437.5937793438116,OFF,RETRACTED,MANUAL
22:17:32.358,7.76,-43.33,0.00,438.41769628538395,OFF,RETRACTED,MANUAL
22:17:32.459,7.44,-43.08,0.00,439.2369027943625,OFF,RETRACTED,MANUAL
22:17:32.559,7.09,-42.81,0.00,440.05137839062763,OFF,RETRACTED,MANUAL
22:17:32.660,6.73,-42.53,0.00,440.8611027123311,OFF,RETRACTED,MANUAL
22:17:32.760,6.35,-42.23,0.00,441.6660555164076,OFF,RETRACTED,MANUAL
22:17:32.861,5.96,-41.91,0.00,442.4662166790787,OFF,RETRACTED,MANUAL
22:17:32.963,5.55,-41.57,0.00,443.261566196357,OFF,RETRACTED,MANUAL
22:17:33.064,5.13,-41.22,0.00,444.0520841845465,OFF,RETRACTED,MANUAL
22:17:33.165,4.69,-40.85,0.00,444.8377508807379,OFF,RETRACTED,MANUAL
22:17:33.266,4.25,-40.46,0.00,445.6185466433051,OFF,RETRACTED,MANUAL
22:17:33.366,3.79,-40.06,0.00,446.39445195239466,OFF,RETRACTED,MANUAL
22:17:33.467,3.32,-39.64,0.00,447.16544741041434,OFF,RETRACTED,MANUAL
22:17:33.567,2.84,-39.21,0.00,447.93151374251795,OFF,RETRACTED,MANUAL
22:17:33.668,2.36,-38.76,0.00,448.69263179708673,OFF,RETRACTED,MANUAL
22:17:33.768,1.87,-38.29,0.00,449.44878254620915,OFF,RETRACTED,MANUAL
22:17:33.869,1.38,-37.81,0.00,450.1999470861558,OFF,RETRACTED,MANUAL
22:17:33.989,0.88,-37.32,0.00,450.9461066378524,OFF,RETRACTED,MANUAL
22:17:34.124,0.38,-36.81,0.00,451.68724254734923,OFF,RETRACTED,MANUAL
22:17:34.226,-0.12,-36.28,0.00,452.4233362862867,OFF,RETRACTED,MANUAL
22:17:34.330,-0.61,-35.74,0.00,453.1543694523598,OFF,RETRACTED,MANUAL
22:17:34.430,-1.11,-35.19,0.00,453.88032376977765,OFF,RETRACTED,MANUAL
22:17:34.565,-1.61,-34.62,0.00,454.6011810897199,OFF,RETRACTED,MANUAL
22:17:34.665,-2.10,-34.04,0.00,455.3169233907915,OFF,RETRACTED,MANUAL
22:17:34.785,-2.59,-33.44,0.00,456.0275327794717,OFF,RETRACTED,MANUAL
