timestamp,pitch,roll,yaw,light,led_status,solar_status,mode
23:19:33,-79.28767,-6.650843,0,9,ON,RETRACTED,AUTO
23:19:34,-79.14585,-7.697955,0,9,ON,RETRACTED,AUTO
23:19:34,-79.4026,-5.558018,0,9,ON,RETRACTED,AUTO
23:19:34,-79.45061,-7.35238,0,9,ON,RETRACTED,AUTO
23:19:34,-79.18987,-7.240299,0,9,ON,RETRACTED,AUTO
23:19:34,-79.3754,-7.152103,0,9,ON,RETRACTED,AUTO
23:19:34,-79.34093,-7.061965,0,9,ON,RETRACTED,AUTO
23:19:34,-79.32095,-7.241472,0,9,ON,RETRACTED,AUTO
23:19:34,-79.28596,-7.732717,0,9,ON,RETRACTED,AUTO
23:19:34,-79.3176,-7.384717,0,9,ON,RETRACTED,AUTO
23:19:34,-79.356,-6.10006,0,9,ON,RETRACTED,AUTO
23:19:35,-79.18962,-6.072456,0,9,ON,RETRACTED,AUTO
23:19:35,-79.31121,-7.580373,0,9,ON,RETRACTED,AUTO
23:19:35,-79.33298,-7.331535,0,9,ON,RETRACTED,AUTO
23:19:35,-79.01272,-8.488943,0,9,ON,RETRACTED,AUTO
23:19:35,-79.44978,-8.171606,0,9,ON,RETRACTED,AUTO
23:19:35,-79.51034,-7.234604,0,9,ON,RETRACTED,AUTO
23:19:35,-79.23103,-6.647342,0,9,ON,RETRACTED,AUTO
23:19:35,-79.18536,-5.937984,0,9,ON,RETRACTED,AUTO
23:19:35,-79.44569,-7.35238,0,9,ON,RETRACTED,AUTO
23:19:35,-79.41789,-6.880474,0,9,ON,RETRACTED,AUTO
23:19:36,-79.57455,-7.741768,0,9,ON,RETRACTED,AUTO
23:19:36,-79.43749,-7.913192,0,9,ON,RETRACTED,AUTO
23:19:36,-79.10789,-7.422291,0,9,ON,RETRACTED,AUTO
23:19:36,-79.38115,-7.820955,0,9,ON,RETRACTED,AUTO
23:19:36,-79.26068,-7.509007,0,9,ON,RETRACTED,AUTO
23:19:36,-79.40727,-7.179395,0,9,ON,RETRACTED,AUTO
23:19:36,-79.48743,-7.380637,0,9,ON,RETRACTED,AUTO
23:19:36,-79.14378,-6.41084,0,9,ON,RETRACTED,AUTO
23:19:36,-79.88959,-5.96109,0,9,ON,RETRACTED,AUTO
23:19:36,-78.98802,-7.280899,0,9,ON,RETRACTED,AUTO
23:19:37,-79.37186,-6.709837,0,9,ON,RETRACTED,AUTO
23:19:37,-79.3464,-8.068627,0,9,ON,RETRACTED,AUTO
23:19:37,-79.44455,-6.235091,0,9,ON,RETRACTED,AUTO
23:19:37,-79.3308,-7.026432,0,9,ON,RETRACTED,AUTO
23:19:37,-79.95565,-7.086895,0,9,ON,RETRACTED,AUTO
23:19:37,-79.63621,-7.171222,0,9,ON,RETRACTED,AUTO
23:19:37,-79.33703,-8.365887,0,9,ON,RETRACTED,AUTO
23:19:37,-79.40967,-7.522459,0,9,ON,RETRACTED,AUTO
23:19:37,-79.28707,-6.794089,0,9,ON,RETRACTED,AUTO
23:19:37,-79.67896,-7.412095,0,9,ON,RETRACTED,AUTO
23:19:38,-79.46048,-5.506357,0,9,ON,RETRACTED,AUTO
23:19:38,-79.28767,-6.91988,0,9,ON,RETRACTED,AUTO
23:19:38,-79.41592,-8.274579,0,9,ON,RETRACTED,AUTO
23:19:38,-79.37301,-7.873173,0,9,ON,RETRACTED,AUTO
23:19:38,-79.43431,-6.961807,0,9,ON,RETRACTED,AUTO
23:19:38,-79.2415,-7.755494,0,9,ON,RETRACTED,AUTO
23:19:38,-79.59651,-7.584844,0,9,ON,RETRACTED,AUTO
23:19:38,-79.403,-6.548656,0,9,ON,RETRACTED,AUTO
23:19:38,-79.37963,-7.143051,0,9,ON,RETRACTED,AUTO
23:19:38,-78.96037,-6.934349,0,9,ON,RETRACTED,AUTO
23:19:39,-79.31391,-7.742423,0,9,ON,RETRACTED,AUTO
23:19:39,-79.53706,-7.638619,0,9,ON,RETRACTED,AUTO
23:19:39,-79.59295,-6.996097,0,9,ON,RETRACTED,AUTO
23:19:39,-79.02295,-7.177246,0,9,ON,RETRACTED,AUTO
23:19:39,-79.51357,-6.804676,0,9,ON,RETRACTED,AUTO
23:19:39,-79.2867,-7.000015,0,9,ON,RETRACTED,AUTO
23:19:39,-79.43472,-6.598716,0,9,ON,RETRACTED,AUTO
23:19:39,-78.97768,-8.367925,0,9,ON,RETRACTED,AUTO
23:19:39,-79.71003,-7.003884,0,9,ON,RETRACTED,AUTO
23:19:39,-79.38966,-7.053048,0,9,ON,RETRACTED,AUTO
23:19:40,-79.71783,-6.661843,0,9,ON,RETRACTED,AUTO
23:19:40,-79.65667,-7.495858,0,9,ON,RETRACTED,AUTO
23:19:40,-79.31721,-7.976769,0,9,ON,RETRACTED,AUTO
23:19:40,-79.54218,-8.255889,0,9,ON,RETRACTED,AUTO
23:19:40,-79.18073,-7.636966,0,9,ON,RETRACTED,AUTO
23:19:40,-79.75926,-8.269092,0,9,ON,RETRACTED,AUTO
23:19:40,-79.58329,-6.60174,0,9,ON,RETRACTED,AUTO
23:19:40,-79.17371,-6.956421,0,9,ON,RETRACTED,AUTO
23:19:40,-79.36162,-7.134022,0,9,ON,RETRACTED,AUTO
23:19:40,-79.12585,-7.327412,0,9,ON,RETRACTED,AUTO
23:19:41,-79.09293,-7.327412,0,9,ON,RETRACTED,AUTO
23:19:41,-79.28324,-7.294767,0,9,ON,RETRACTED,AUTO
23:19:41,-79.13323,-6.402913,0,9,ON,RETRACTED,AUTO
23:19:41,-79.29152,-7.366204,0,9,ON,RETRACTED,AUTO
23:19:41,-79.39107,-7.758593,0,9,ON,RETRACTED,AUTO
23:19:41,-79.22411,-7.382105,0,9,ON,RETRACTED,AUTO
23:19:41,-79.47761,-7.380637,0,9,ON,RETRACTED,AUTO
23:19:41,-79.20182,-6.158651,0,9,ON,RETRACTED,AUTO
23:19:41,-79.05518,-5.500412,0,9,ON,RETRACTED,AUTO
23:19:42,-79.20465,-8.735317,0,9,ON,RETRACTED,AUTO
23:19:42,-79.57108,-7.638619,0,9,ON,RETRACTED,AUTO
23:19:42,-79.61571,-7.383312,0,9,ON,RETRACTED,AUTO
23:19:42,-79.04112,-8.040625,0,9,ON,RETRACTED,AUTO
23:19:42,-79.68084,-7.450821,0,9,ON,RETRACTED,AUTO
23:19:42,-79.5439,-7.765166,0,9,ON,RETRACTED,AUTO
23:19:42,-79.29327,-6.963469,0,9,ON,RETRACTED,AUTO
23:19:42,-79.46697,-6.906817,0,9,ON,RETRACTED,AUTO
23:19:42,-79.58833,-7.262526,0,9,ON,RETRACTED,AUTO
23:19:42,-79.71672,-7.087702,0,9,ON,RETRACTED,AUTO
23:19:43,-79.25796,-7.347783,0,9,ON,RETRACTED,AUTO
23:19:43,-79.00945,-7.316466,0,9,ON,RETRACTED,AUTO
23:19:43,-79.20909,-7.169363,0,9,ON,RETRACTED,AUTO
23:19:43,-79.35992,-6.595761,0,9,ON,RETRACTED,AUTO
23:19:43,-79.56953,-7.243887,0,9,ON,RETRACTED,AUTO
23:19:43,-79.18417,-7.655928,0,9,ON,RETRACTED,AUTO
23:19:43,-79.08761,-7.370467,0,9,ON,RETRACTED,AUTO
23:19:43,-79.34454,-8.140347,0,9,ON,RETRACTED,AUTO
23:19:43,-79.28819,-6.507513,0,9,ON,RETRACTED,AUTO
23:19:43,-79.38558,-8.037408,0,9,ON,RETRACTED,AUTO
23:19:44,-79.46243,-6.542706,0,9,ON,RETRACTED,AUTO
23:19:44,-79.44078,-6.799322,0,9,ON,RETRACTED,AUTO
23:19:44,-79.09804,-7.168921,0,9,ON,RETRACTED,AUTO
23:19:44,-78.99568,-8.100318,0,9,ON,RETRACTED,AUTO
23:19:44,-79.27982,-7.713376,0,9,ON,RETRACTED,AUTO
23:19:44,-79.01366,-6.689315,0,9,ON,RETRACTED,AUTO
23:19:44,-79.4572,-7.315036,0,9,ON,RETRACTED,AUTO
23:19:44,-79.59752,-8.182523,0,9,ON,RETRACTED,AUTO
23:19:44,-79.14683,-7.133842,0,9,ON,RETRACTED,AUTO
23:19:44,-79.06189,-7.361412,0,9,ON,RETRACTED,AUTO
23:19:45,-79.33931,-7.752154,0,9,ON,RETRACTED,AUTO
23:19:45,-79.34173,-7.69024,0,9,ON,RETRACTED,AUTO
23:19:45,-79.36877,-7.503438,0,9,ON,RETRACTED,AUTO
23:19:45,-78.97915,-8.516895,0,9,ON,RETRACTED,AUTO
23:19:45,-79.40895,-7.89313,0,9,ON,RETRACTED,AUTO
23:19:45,-79.35614,-7.905175,0,9,ON,RETRACTED,AUTO
23:19:45,-79.51434,-6.526033,0,9,ON,RETRACTED,AUTO
23:19:45,-79.07118,-5.513942,0,9,ON,RETRACTED,AUTO
23:19:45,-79.35911,-7.350058,0,9,ON,RETRACTED,AUTO
23:19:45,-79.36553,-7.431408,0,9,ON,RETRACTED,AUTO
23:19:46,-79.13049,-7.318374,0,9,ON,RETRACTED,AUTO
23:19:46,-79.47668,-6.880474,0,9,ON,RETRACTED,AUTO
23:19:46,-79.05833,-7.081213,0,9,ON,RETRACTED,AUTO
23:19:46,-79.23652,-7.480886,0,9,ON,RETRACTED,AUTO
23:19:46,-79.13838,-7.116213,0,9,ON,RETRACTED,AUTO
23:19:46,-79.30024,-7.169814,0,9,ON,RETRACTED,AUTO
23:19:46,-79.21976,-7.551991,0,9,ON,RETRACTED,AUTO
23:19:46,-79.74932,-8.289405,0,9,ON,RETRACTED,AUTO
23:19:46,-79.13249,-7.09867,0,9,ON,RETRACTED,AUTO
23:19:46,-79.52837,-8.140533,0,9,ON,RETRACTED,AUTO
23:19:47,-79.52672,-9.632051,0,9,ON,RETRACTED,AUTO
23:19:47,-79.18813,-7.523819,0,9,ON,RETRACTED,AUTO
23:19:47,-78.88997,-7.254449,0,9,ON,RETRACTED,AUTO
23:19:47,-79.60256,-7.482366,0,9,ON,RETRACTED,AUTO
23:19:47,-79.23666,-7.804098,0,9,ON,RETRACTED,AUTO
23:19:47,-79.10963,-6.5359,0,9,ON,RETRACTED,AUTO
23:19:47,-79.1259,-7.860548,0,9,ON,RETRACTED,AUTO
23:19:47,-79.13681,-5.745826,0,9,ON,RETRACTED,AUTO
23:19:47,-79.31884,-6.972252,0,9,ON,RETRACTED,AUTO
23:19:47,-79.40843,-7.633331,0,9,ON,RETRACTED,AUTO
23:19:48,-79.43764,-8.140439,0,9,ON,RETRACTED,AUTO
23:19:48,-79.46764,-7.507347,0,9,ON,RETRACTED,AUTO
23:19:48,-79.18206,-7.938546,0,9,ON,RETRACTED,AUTO
23:19:48,-78.97292,-7.32345,0,9,ON,RETRACTED,AUTO
23:19:48,-79.1254,-7.47733,0,9,ON,RETRACTED,AUTO
23:19:48,-79.37672,-8.078809,0,9,ON,RETRACTED,AUTO
23:19:48,-79.33746,-7.169814,0,9,ON,RETRACTED,AUTO
23:19:48,-79.45802,-6.952958,0,9,ON,RETRACTED,AUTO
23:19:48,-79.33716,-8.680418,0,9,ON,RETRACTED,AUTO
23:19:48,-79.18603,-7.372933,0,9,ON,RETRACTED,AUTO
23:19:49,-79.41333,-7.134022,0,9,ON,RETRACTED,AUTO
23:19:49,-79.32215,-7.475088,0,9,ON,RETRACTED,AUTO
23:19:49,-79.10316,-7.379546,0,9,ON,RETRACTED,AUTO
23:19:49,-79.09639,-7.239151,0,9,ON,RETRACTED,AUTO
23:19:49,-79.43295,-8.336202,0,9,ON,RETRACTED,AUTO
23:19:49,-79.33006,-8.498558,0,9,ON,RETRACTED,AUTO
23:19:49,-79.44247,-6.970678,0,9,ON,RETRACTED,AUTO
23:19:49,-79.22517,-7.400517,0,9,ON,RETRACTED,AUTO
23:19:49,-79.36578,-8.037408,0,9,ON,RETRACTED,AUTO
23:19:49,-79.47404,-8.461887,0,9,ON,RETRACTED,AUTO
23:19:50,-79.16609,-7.918902,0,9,ON,RETRACTED,AUTO
23:19:50,-79.54591,-6.658091,0,9,ON,RETRACTED,AUTO
23:19:50,-79.61218,-7.688079,0,9,ON,RETRACTED,AUTO
23:19:50,-79.54118,-6.291249,0,9,ON,RETRACTED,AUTO
23:19:50,-79.30419,-6.73093,0,9,ON,RETRACTED,AUTO
23:19:50,-79.33714,-7.537337,0,9,ON,RETRACTED,AUTO
23:19:50,-79.58028,-7.858362,0,9,ON,RETRACTED,AUTO
23:19:50,-79.38012,-6.445115,0,9,ON,RETRACTED,AUTO
23:19:50,-79.21172,-7.542578,0,9,ON,RETRACTED,AUTO
23:19:50,-79.24579,-7.67093,0,9,ON,RETRACTED,AUTO
23:19:51,-79.26746,-6.705635,0,9,ON,RETRACTED,AUTO
23:19:51,-79.37562,-6.909045,0,9,ON,RETRACTED,AUTO
23:19:51,-79.23714,-7.178298,0,9,ON,RETRACTED,AUTO
23:19:51,-79.57687,-7.648461,0,9,ON,RETRACTED,AUTO
23:19:51,-79.48956,-8.307812,0,9,ON,RETRACTED,AUTO
23:19:51,-79.32275,-8.795707,0,9,ON,RETRACTED,AUTO
23:19:51,-79.42857,-8.150802,0,9,ON,RETRACTED,AUTO
23:19:51,-79.37288,-7.368673,0,9,ON,RETRACTED,AUTO
23:19:51,-79.43839,-7.197703,0,9,ON,RETRACTED,AUTO
23:19:52,-79.50515,-6.769882,0,9,ON,RETRACTED,AUTO
23:19:52,-79.26151,-6.785569,0,9,ON,RETRACTED,AUTO
23:19:52,-79.75777,-8.746161,0,9,ON,RETRACTED,AUTO
23:19:52,-79.31138,-7.366204,0,9,ON,RETRACTED,AUTO
23:19:52,-79.46184,-7.560786,0,9,ON,RETRACTED,AUTO
23:19:52,-79.41088,-7.134022,0,9,ON,RETRACTED,AUTO
23:19:52,-78.93539,-6.486217,0,9,ON,RETRACTED,AUTO
23:19:52,-79.41259,-7.686278,0,9,ON,RETRACTED,AUTO
23:19:52,-79.19064,-7.523819,0,9,ON,RETRACTED,AUTO
23:19:52,-79.31644,-7.18789,0,9,ON,RETRACTED,AUTO
23:19:53,-79.36209,-7.575446,0,9,ON,RETRACTED,AUTO
23:19:53,-79.68887,-7.143622,0,9,ON,RETRACTED,AUTO
23:19:53,-79.51117,-7.399595,0,9,ON,RETRACTED,AUTO
23:19:53,-79.57904,-7.13421,0,9,ON,RETRACTED,AUTO
23:19:53,-79.30911,-7.865601,0,9,ON,RETRACTED,AUTO
23:19:53,-79.59705,-7.300091,0,9,ON,RETRACTED,AUTO
23:19:53,-79.65292,-8.140629,0,9,ON,RETRACTED,AUTO
23:19:53,-79.42783,-6.94413,0,9,ON,RETRACTED,AUTO
23:19:53,-79.33976,-7.322309,0,9,ON,RETRACTED,AUTO
23:19:53,-79.29243,-8.099524,0,9,ON,RETRACTED,AUTO
23:19:54,-79.11373,-7.819423,0,9,ON,RETRACTED,AUTO
23:19:54,-79.66814,-7.876302,0,9,ON,RETRACTED,AUTO
23:19:54,-79.66522,-6.661843,0,9,ON,RETRACTED,AUTO
23:19:54,-79.06956,-6.005314,0,9,ON,RETRACTED,AUTO
23:19:54,-79.31419,-7.527871,0,9,ON,RETRACTED,AUTO
23:19:54,-79.33897,-8.068627,0,9,ON,RETRACTED,AUTO
23:19:54,-79.21787,-5.824885,0,9,ON,RETRACTED,AUTO
23:19:54,-79.17666,-7.495857,0,9,ON,RETRACTED,AUTO
23:19:54,-79.39188,-6.027978,0,9,ON,RETRACTED,AUTO
23:19:54,-79.33585,-8.058471,0,9,ON,RETRACTED,AUTO
23:19:55,-79.18661,-7.928712,0,9,ON,RETRACTED,AUTO
23:19:55,-79.40153,-7.450249,0,9,ON,RETRACTED,AUTO
23:19:55,-79.28378,-7.618546,0,9,ON,RETRACTED,AUTO
23:19:55,-79.418,-7.440816,0,9,ON,RETRACTED,AUTO
23:19:55,-79.25396,-7.755494,0,9,ON,RETRACTED,AUTO
23:19:55,-79.57365,-6.931356,0,9,ON,RETRACTED,AUTO
23:19:55,-79.79649,-7.115652,0,9,ON,RETRACTED,AUTO
23:19:55,-79.35673,-6.981057,0,9,ON,RETRACTED,AUTO
23:19:55,-79.53681,-7.609247,0,9,ON,RETRACTED,AUTO
23:19:55,-79.21368,-6.839921,0,9,ON,RETRACTED,AUTO
23:19:56,-79.32446,-7.752154,0,9,ON,RETRACTED,AUTO
23:19:56,-79.68613,-7.208619,0,9,ON,RETRACTED,AUTO
23:19:56,-79.28396,-6.785569,0,9,ON,RETRACTED,AUTO
23:19:56,-79.2065,-7.707485,0,9,ON,RETRACTED,AUTO
23:19:56,-79.35323,-7.215175,0,9,ON,RETRACTED,AUTO
23:19:56,-78.9452,-6.44048,0,9,ON,RETRACTED,AUTO
23:19:56,-79.32999,-7.699931,0,9,ON,RETRACTED,AUTO
23:19:56,-79.18,-7.142689,0,9,ON,RETRACTED,AUTO
23:19:56,-79.03955,-6.898552,0,9,ON,RETRACTED,AUTO
23:19:56,-79.0318,-7.63189,0,9,ON,RETRACTED,AUTO
23:19:57,-79.47759,-7.921375,0,9,ON,RETRACTED,AUTO
23:19:57,-79.86602,-5.96109,0,9,ON,RETRACTED,AUTO
23:19:57,-79.33077,-7.456306,0,9,ON,RETRACTED,AUTO
23:19:57,-79.74139,-7.162324,0,9,ON,RETRACTED,AUTO
23:19:57,-79.53649,-7.253195,0,9,ON,RETRACTED,AUTO
23:19:57,-79.63999,-7.161933,0,9,ON,RETRACTED,AUTO
23:19:57,-79.27389,-7.917034,0,9,ON,RETRACTED,AUTO
23:19:57,-79.45849,-6.251034,0,9,ON,RETRACTED,AUTO
23:19:57,-79.50358,-6.906817,0,9,ON,RETRACTED,AUTO
23:19:57,-79.36504,-6.900328,0,9,ON,RETRACTED,AUTO
23:19:58,-79.61608,-6.875343,0,9,ON,RETRACTED,AUTO
23:19:58,-79.47592,-8.192516,0,9,ON,RETRACTED,AUTO
23:19:58,-79.17085,-6.851256,0,9,ON,RETRACTED,AUTO
23:19:58,-79.30727,-7.223309,0,9,ON,RETRACTED,AUTO
23:19:58,-79.2933,-7.67093,0,9,ON,RETRACTED,AUTO
23:19:58,-79.46147,-6.46982,0,9,ON,RETRACTED,AUTO
23:19:58,-79.23627,-7.107253,0,9,ON,RETRACTED,AUTO
23:19:58,-79.41254,-6.598716,0,9,ON,RETRACTED,AUTO
23:19:58,-79.40469,-7.333661,0,9,ON,RETRACTED,AUTO
23:19:58,-79.64805,-7.392881,0,9,ON,RETRACTED,AUTO
23:19:59,-79.54893,-7.125016,0,9,ON,RETRACTED,AUTO
23:19:59,-79.83429,-7.959134,0,9,ON,RETRACTED,AUTO
23:19:59,-79.38187,-7.637777,0,9,ON,RETRACTED,AUTO
23:19:59,-79.44498,-7.188537,0,9,ON,RETRACTED,AUTO
23:19:59,-79.38127,-6.917783,0,9,ON,RETRACTED,AUTO
23:19:59,-79.29797,-7.232379,0,9,ON,RETRACTED,AUTO
23:19:59,-79.33614,-7.125016,0,9,ON,RETRACTED,AUTO
23:19:59,-79.53107,-7.692101,0,9,ON,RETRACTED,AUTO
23:19:59,-79.41852,-7.604279,0,9,ON,RETRACTED,AUTO
23:19:59,-79.21051,-6.885397,0,9,ON,RETRACTED,AUTO
23:20:00,-79.42251,-6.573591,0,9,ON,RETRACTED,AUTO
23:20:00,-79.08068,-6.81745,0,9,ON,RETRACTED,AUTO
23:20:00,-79.31723,-8.140347,0,9,ON,RETRACTED,AUTO
23:20:00,-79.50455,-7.380637,0,9,ON,RETRACTED,AUTO
23:20:00,-78.96851,-7.991755,0,9,ON,RETRACTED,AUTO
23:20:00,-79.34749,-8.334365,0,9,ON,RETRACTED,AUTO
23:20:00,-79.27441,-8.08938,0,9,ON,RETRACTED,AUTO
23:20:00,-78.88392,-5.206983,0,9,ON,RETRACTED,AUTO
23:20:00,-79.40153,-7.450249,0,9,ON,RETRACTED,AUTO
23:20:01,-79.33121,-6.667593,0,9,ON,RETRACTED,AUTO
23:20:01,-79.37341,-7.657104,0,9,ON,RETRACTED,AUTO
23:20:01,-79.28545,-8.395264,0,9,ON,RETRACTED,AUTO
23:20:01,-79.02856,-8.318869,0,9,ON,RETRACTED,AUTO
23:20:01,-79.09645,-8.330787,0,9,ON,RETRACTED,AUTO
23:20:01,-79.0202,-9.439092,0,9,ON,RETRACTED,AUTO
23:20:01,-79.05074,-7.334378,0,9,ON,RETRACTED,AUTO
23:20:01,-79.06202,-6.598174,0,9,ON,RETRACTED,AUTO
23:20:01,-79.16563,-7.001267,0,9,ON,RETRACTED,AUTO
23:20:01,-79.13889,-7.336471,0,9,ON,RETRACTED,AUTO
23:20:02,-79.22092,-7.04497,0,9,ON,RETRACTED,AUTO
23:20:02,-79.05559,-6.371398,0,9,ON,RETRACTED,AUTO
23:20:02,-79.3406,-7.178841,0,9,ON,RETRACTED,AUTO
23:20:02,-79.1889,-8.089739,0,9,ON,RETRACTED,AUTO
23:20:02,-79.09061,-7.431408,0,9,ON,RETRACTED,AUTO
23:20:02,-79.17026,-5.937984,0,9,ON,RETRACTED,AUTO
23:20:02,-78.99171,-7.743042,0,9,ON,RETRACTED,AUTO
23:20:02,-79.3764,-6.316188,0,9,ON,RETRACTED,AUTO
23:20:02,-78.68256,-7.387296,0,9,ON,RETRACTED,AUTO
23:20:02,-79.17415,-7.495857,0,9,ON,RETRACTED,AUTO
23:20:03,-79.25083,-6.452035,0,9,ON,RETRACTED,AUTO
23:20:03,-79.06918,-6.940983,0,9,ON,RETRACTED,AUTO
23:20:03,-79.20271,-7.674981,0,9,ON,RETRACTED,AUTO
23:20:03,-79.40272,-5.247139,0,9,ON,RETRACTED,AUTO
23:20:03,-78.939,-8.120235,0,9,ON,RETRACTED,AUTO
23:20:03,-79.13229,-6.684965,0,9,ON,RETRACTED,AUTO
23:20:03,-78.89339,-7.521223,0,9,ON,RETRACTED,AUTO
23:20:03,-79.28058,-7.946789,0,9,ON,RETRACTED,AUTO
23:20:03,-79.41055,-7.251877,0,9,ON,RETRACTED,AUTO
23:20:03,-79.22414,-6.45077,0,9,ON,RETRACTED,AUTO
23:20:04,-79.3311,-8.641658,0,9,ON,RETRACTED,AUTO
23:20:04,-78.88853,-5.848921,0,9,ON,RETRACTED,AUTO
23:20:04,-79.15237,-6.481469,0,9,ON,RETRACTED,AUTO
23:20:04,-79.05203,-7.370467,0,9,ON,RETRACTED,AUTO
23:20:04,-79.15482,-7.195523,0,9,ON,RETRACTED,AUTO
23:20:04,-79.29385,-7.580373,0,9,ON,RETRACTED,AUTO
23:20:04,-79.46378,-6.105075,0,9,ON,RETRACTED,AUTO
23:20:04,-79.06335,-6.72221,0,9,ON,RETRACTED,AUTO
23:20:04,-78.83788,-7.416508,0,9,ON,RETRACTED,AUTO
23:20:04,-79.24628,-6.839921,0,9,ON,RETRACTED,AUTO
23:20:05,-79.49802,-6.924491,0,9,ON,RETRACTED,AUTO
23:20:05,-79.27245,-6.705635,0,9,ON,RETRACTED,AUTO
23:20:05,-79.01215,-7.743042,0,9,ON,RETRACTED,AUTO
23:20:05,-79.2591,-7.366204,0,9,ON,RETRACTED,AUTO
23:20:05,-79.19643,-6.245253,0,9,ON,RETRACTED,AUTO
23:20:05,-79.19958,-8.160369,0,9,ON,RETRACTED,AUTO
23:20:05,-79.1372,-6.834311,0,9,ON,RETRACTED,AUTO
23:20:05,-79.12139,-7.989327,0,9,ON,RETRACTED,AUTO
23:20:05,-79.06438,-7.571332,0,9,ON,RETRACTED,AUTO
23:20:05,-79.38673,-7.450249,0,9,ON,RETRACTED,AUTO
23:20:06,-79.22681,-7.018683,0,9,ON,RETRACTED,AUTO
23:20:06,-79.28332,-6.811193,0,9,ON,RETRACTED,AUTO
23:20:06,-79.14172,-7.608698,0,9,ON,RETRACTED,AUTO
23:20:06,-79.47776,-7.798197,0,9,ON,RETRACTED,AUTO
23:20:06,-79.3604,-6.782094,0,9,ON,RETRACTED,AUTO
23:20:06,-79.27493,-7.223309,0,9,ON,RETRACTED,AUTO
23:20:06,-79.15878,-6.355932,0,9,ON,RETRACTED,AUTO
23:20:06,-79.24765,-8.221581,0,9,ON,RETRACTED,AUTO
23:20:06,-79.18561,-7.523819,0,9,ON,RETRACTED,AUTO
23:20:06,-79.32341,-8.28371,0,9,ON,RETRACTED,AUTO
23:20:07,-79.10612,-7.920741,0,9,ON,RETRACTED,AUTO
23:20:07,-79.50629,-7.81815,0,9,ON,RETRACTED,AUTO
23:20:07,-79.1005,-7.011108,0,9,ON,RETRACTED,AUTO
23:20:07,-78.80107,-5.607432,0,9,ON,RETRACTED,AUTO
23:20:07,-79.62556,-6.940341,0,9,ON,RETRACTED,AUTO
23:20:07,-79.37507,-6.179924,0,9,ON,RETRACTED,AUTO
23:20:07,-79.49174,-8.701484,0,9,ON,RETRACTED,AUTO
23:20:07,-79.46111,-6.31591,0,9,ON,RETRACTED,AUTO
23:20:07,-79.00085,-7.622544,0,9,ON,RETRACTED,AUTO
23:20:07,-78.92301,-6.848311,0,9,ON,RETRACTED,AUTO
23:20:08,-78.75636,-7.712601,0,9,ON,RETRACTED,AUTO
23:20:08,-79.36608,-6.882961,0,9,ON,RETRACTED,AUTO
23:20:08,-78.98023,-7.872461,0,9,ON,RETRACTED,AUTO
23:20:08,-79.64635,-8.309447,0,9,ON,RETRACTED,AUTO
23:20:08,-79.0032,-7.654795,0,9,ON,RETRACTED,AUTO
23:20:08,-78.93416,-6.085752,0,9,ON,RETRACTED,AUTO
23:20:08,-79.38939,-7.296507,0,9,ON,RETRACTED,AUTO
23:20:08,-78.83951,-7.535426,0,9,ON,RETRACTED,AUTO
23:20:08,-79.32355,-7.278069,0,9,ON,RETRACTED,AUTO
23:20:08,-79.009,-6.898552,0,9,ON,RETRACTED,AUTO
23:20:09,-79.44727,-8.202354,0,9,ON,RETRACTED,AUTO
23:20:09,-79.15207,-7.777982,0,9,ON,RETRACTED,AUTO
23:20:09,-79.21364,-7.063228,0,9,ON,RETRACTED,AUTO
23:20:09,-79.43784,-6.542706,0,9,ON,RETRACTED,AUTO
23:20:09,-79.2668,-7.703742,0,9,ON,RETRACTED,AUTO
23:20:09,-79.09044,-6.308942,0,9,ON,RETRACTED,AUTO
23:20:09,-79.23784,-7.561429,0,9,ON,RETRACTED,AUTO
23:20:09,-79.1389,-7.2313,0,9,ON,RETRACTED,AUTO
23:20:09,-79.10326,-6.660277,0,9,ON,RETRACTED,AUTO
23:20:09,-79.13003,-7.51985,0,9,ON,RETRACTED,AUTO
23:20:10,-79.09422,-7.889617,0,9,ON,RETRACTED,AUTO
23:20:10,-79.54407,-6.511418,0,9,ON,RETRACTED,AUTO
23:20:10,-79.1351,-7.30936,0,9,ON,RETRACTED,AUTO
23:20:10,-79.06499,-6.16068,0,9,ON,RETRACTED,AUTO
23:20:10,-78.97323,-7.098929,0,9,ON,RETRACTED,AUTO
23:20:10,-79.26765,-7.836177,0,9,ON,RETRACTED,AUTO
23:20:10,-79.36868,-8.006974,0,9,ON,RETRACTED,AUTO
23:20:10,-79.1083,-7.758774,0,9,ON,RETRACTED,AUTO
23:20:10,-78.97305,-7.46471,0,9,ON,RETRACTED,AUTO
23:20:10,-79.0703,-7.221356,0,9,ON,RETRACTED,AUTO
23:20:11,-79.18481,-7.452974,0,9,ON,RETRACTED,AUTO
23:20:11,-79.15205,-6.221959,0,9,ON,RETRACTED,AUTO
23:20:11,-79.25687,-7.865601,0,9,ON,RETRACTED,AUTO
23:20:11,-78.84795,-6.340192,0,9,ON,RETRACTED,AUTO
23:20:11,-79.11549,-7.800188,0,9,ON,RETRACTED,AUTO
23:20:11,-79.36951,-7.575446,0,9,ON,RETRACTED,AUTO
23:20:11,-79.17381,-7.222322,0,9,ON,RETRACTED,AUTO
23:20:11,-79.06093,-6.879301,0,9,ON,RETRACTED,AUTO
23:20:11,-78.84321,-7.640407,0,9,ON,RETRACTED,AUTO
23:20:12,-78.81107,-7.365681,0,9,ON,RETRACTED,AUTO
23:20:12,-79.17132,-8.372109,0,9,ON,RETRACTED,AUTO
23:20:12,-79.33897,-8.068627,0,9,ON,RETRACTED,AUTO
23:20:12,-78.99031,-6.87334,0,9,ON,RETRACTED,AUTO
23:20:12,-79.39233,-8.253629,0,9,ON,RETRACTED,AUTO
23:20:12,-79.19825,-7.311214,0,9,ON,RETRACTED,AUTO
23:20:12,-79.36427,-8.365887,0,9,ON,RETRACTED,AUTO
23:20:12,-79.25826,-8.292702,0,9,ON,RETRACTED,AUTO
23:20:12,-79.02967,-7.107604,0,9,ON,RETRACTED,AUTO
23:20:12,-79.15874,-6.85976,0,9,ON,RETRACTED,AUTO
23:20:13,-79.05086,-7.501381,0,9,ON,RETRACTED,AUTO
23:20:13,-79.12415,-7.345553,0,9,ON,RETRACTED,AUTO
23:20:13,-79.17503,-7.354657,0,9,ON,RETRACTED,AUTO
23:20:13,-79.07258,-6.606318,0,9,ON,RETRACTED,AUTO
23:20:13,-79.51315,-7.682244,0,9,ON,RETRACTED,AUTO
23:20:13,-79.15062,-7.47733,0,9,ON,RETRACTED,AUTO
23:20:13,-79.1711,-7.063228,0,9,ON,RETRACTED,AUTO
23:20:13,-78.85526,-7.365681,0,9,ON,RETRACTED,AUTO
23:20:13,-79.19657,-6.45077,0,9,ON,RETRACTED,AUTO
23:20:13,-79.31219,-7.475088,0,9,ON,RETRACTED,AUTO
23:20:14,-79.20539,-8.119974,0,9,ON,RETRACTED,AUTO
23:20:14,-79.35933,-6.556947,0,9,ON,RETRACTED,AUTO
23:20:14,-79.09801,-7.327412,0,9,ON,RETRACTED,AUTO
23:20:14,-79.05104,-7.552784,0,9,OFF,RETRACTED,AUTO
23:20:14,-78.78001,-6.637295,0,9,OFF,RETRACTED,AUTO
23:20:14,-79.19299,-8.069705,0,9,OFF,RETRACTED,AUTO
23:20:14,-79.15825,-7.425269,0,9,OFF,RETRACTED,AUTO
23:20:14,-79.29486,-7.223309,0,9,OFF,RETRACTED,AUTO
23:20:14,-78.79541,-15.44359,0,9,OFF,RETRACTED,AUTO
23:20:14,-78.89905,-7.350146,0,9,OFF,RETRACTED,AUTO
23:20:15,-79.31532,-8.334365,0,9,OFF,RETRACTED,AUTO
23:20:15,-79.28043,-7.017604,0,9,OFF,RETRACTED,AUTO
23:20:15,-79.05256,-7.431408,0,9,OFF,RETRACTED,AUTO
23:20:15,-79.1459,-7.009964,0,9,OFF,RETRACTED,AUTO
23:20:15,-79.06905,-6.985334,0,9,OFF,RETRACTED,AUTO
23:20:15,-79.45404,-7.808161,0,9,OFF,RETRACTED,AUTO
23:20:15,-79.46191,-7.943471,0,9,OFF,RETRACTED,AUTO
23:20:15,-79.46638,-8.098969,0,9,OFF,RETRACTED,AUTO
23:20:15,-79.36105,-8.520003,0,9,OFF,RETRACTED,AUTO
23:20:15,-79.04996,-7.221356,0,9,OFF,RETRACTED,AUTO
23:20:16,-79.27528,-6.768594,0,9,OFF,RETRACTED,AUTO
23:20:16,-79.14512,-5.2457,0,9,ON,RETRACTED,AUTO
23:20:16,-79.30685,-7.098134,0,9,ON,RETRACTED,AUTO
23:20:16,-79.17726,-7.452974,0,9,ON,RETRACTED,AUTO
23:20:16,-79.21777,-7.302128,0,9,ON,RETRACTED,AUTO
23:20:16,-79.25127,-6.332262,0,9,ON,RETRACTED,AUTO
23:20:16,-79.32819,-8.509268,0,9,ON,RETRACTED,AUTO
23:20:16,-79.27106,-7.895244,0,9,ON,RETRACTED,AUTO
23:20:16,-79.06846,-8.429555,0,9,ON,RETRACTED,AUTO
23:20:16,-79.07323,-7.440547,0,9,ON,RETRACTED,AUTO
23:20:17,-78.96937,-7.594643,0,9,ON,RETRACTED,AUTO
23:20:17,-78.85624,-7.649626,0,9,ON,RETRACTED,AUTO
23:20:17,-79.01402,-7.506809,0,9,ON,RETRACTED,AUTO
23:20:17,-79.48052,-8.48352,0,9,ON,RETRACTED,AUTO
23:20:17,-79.15237,-5.646687,0,9,ON,RETRACTED,AUTO
23:20:17,-79.39678,-7.296507,0,9,ON,RETRACTED,AUTO
23:20:17,-79.33533,-5.883758,0,9,ON,RETRACTED,AUTO
23:20:17,-79.17931,-8.382504,0,9,ON,RETRACTED,AUTO
23:20:17,-79.26992,-7.537337,0,9,ON,RETRACTED,AUTO
23:20:17,-79.11617,-6.465462,0,9,ON,RETRACTED,AUTO
23:20:18,-79.16789,-7.848454,0,9,ON,RETRACTED,AUTO
23:20:18,-79.13784,-6.04991,0,9,ON,RETRACTED,AUTO
23:20:18,-78.89362,-6.961364,0,9,ON,RETRACTED,AUTO
23:20:18,-79.35577,-7.556344,0,9,ON,RETRACTED,AUTO
23:20:18,-79.22704,-7.490236,0,9,ON,RETRACTED,AUTO
23:20:18,-79.1989,-7.434482,0,9,ON,RETRACTED,AUTO
23:20:18,-79.25794,-7.133931,0,9,ON,RETRACTED,AUTO
23:20:18,-79.3306,-6.811193,0,9,ON,RETRACTED,AUTO
23:20:18,-79.09369,-7.028396,0,9,ON,RETRACTED,AUTO
23:20:18,-78.92379,-7.272061,0,9,ON,RETRACTED,AUTO
23:20:19,-78.81534,-7.467077,0,9,ON,RETRACTED,AUTO
23:20:19,-79.24822,-7.409758,0,9,ON,RETRACTED,AUTO
23:20:19,-78.99446,-6.61144,0,9,ON,RETRACTED,AUTO
23:20:19,-79.14017,-6.842773,0,9,ON,RETRACTED,AUTO
23:20:19,-79.20498,-6.876831,0,9,ON,RETRACTED,AUTO
23:20:19,-79.22567,-6.324351,0,9,ON,RETRACTED,AUTO
23:20:19,-78.88488,-6.892423,0,9,ON,RETRACTED,AUTO
23:20:19,-78.85624,-7.44337,0,9,ON,RETRACTED,AUTO
23:20:19,-79.33456,-7.475088,0,9,OFF,RETRACTED,AUTO
23:20:19,-79.44173,-7.179395,0,9,OFF,RETRACTED,AUTO
23:20:20,-79.08693,-6.635769,0,9,OFF,RETRACTED,AUTO
23:20:20,-78.72479,-6.717828,0,9,OFF,RETRACTED,AUTO
23:20:20,-78.97669,-6.968256,0,9,OFF,RETRACTED,AUTO
23:20:20,-79.23771,-6.260879,0,9,OFF,RETRACTED,AUTO
23:20:20,-78.79961,-5.525326,0,9,OFF,RETRACTED,AUTO
23:20:20,-79.14335,-6.755428,0,9,OFF,RETRACTED,AUTO
23:20:20,-79.13828,-7.969611,0,9,OFF,RETRACTED,AUTO
23:20:20,-79.07188,-6.340192,0,9,OFF,RETRACTED,AUTO
23:20:20,-78.94456,-6.917518,0,9,OFF,RETRACTED,AUTO
23:20:20,-78.89175,-7.003701,0,9,ON,RETRACTED,AUTO
23:20:21,-78.96552,-7.098929,0,9,ON,RETRACTED,AUTO
23:20:21,-79.22503,-6.973794,0,9,ON,RETRACTED,AUTO
23:20:21,-79.4052,-8.32565,0,9,ON,RETRACTED,AUTO
23:20:21,-79.09869,-6.519802,0,9,ON,RETRACTED,AUTO
23:20:21,-79.04562,-8.478551,0,9,ON,RETRACTED,AUTO
23:20:21,-79.1351,-7.257034,0,9,ON,RETRACTED,AUTO
23:20:21,-79.1914,-7.867927,0,9,ON,RETRACTED,AUTO
23:20:21,-79.00419,-5.640549,0,9,ON,RETRACTED,AUTO
23:20:21,-79.02715,-6.906997,0,9,ON,RETRACTED,AUTO
23:20:22,-79.22319,-7.409758,0,9,ON,RETRACTED,AUTO
23:20:22,-78.65932,-7.774353,0,9,ON,RETRACTED,AUTO
23:20:22,-79.20441,-7.877699,0,9,ON,RETRACTED,AUTO
23:20:22,-79.25311,-6.982512,0,9,ON,RETRACTED,AUTO
23:20:22,-79.02786,-7.334378,0,9,ON,RETRACTED,AUTO
23:20:22,-78.67013,-7.251964,0,9,ON,RETRACTED,AUTO
23:20:22,-79.13298,-7.47733,0,9,ON,RETRACTED,AUTO
23:20:22,-79.1729,-7.958286,0,9,ON,RETRACTED,AUTO
23:20:22,-79.08908,-6.730484,0,9,ON,RETRACTED,AUTO
23:20:22,-78.79242,-8.735661,0,9,ON,RETRACTED,AUTO
23:20:23,-79.11655,-6.622667,0,9,ON,RETRACTED,AUTO
23:20:23,-79.2254,-7.036185,0,9,ON,RETRACTED,AUTO
23:20:23,-79.19818,-7.098404,0,9,ON,RETRACTED,AUTO
23:20:23,-79.09443,-8.219986,0,9,ON,RETRACTED,AUTO
23:20:23,-79.38519,-8.28371,0,9,ON,RETRACTED,AUTO
23:20:23,-79.09996,-6.949532,0,9,ON,RETRACTED,AUTO
23:20:23,-79.21608,-7.16045,0,9,ON,RETRACTED,AUTO
23:20:23,-79.06488,-7.212491,0,9,ON,RETRACTED,AUTO
23:20:23,-79.27513,-6.684426,0,9,ON,RETRACTED,AUTO
23:20:23,-79.28917,-7.804098,0,9,ON,RETRACTED,AUTO
23:20:24,-78.82558,-7.099184,0,9,ON,RETRACTED,AUTO
23:20:24,-79.30769,-8.498558,0,9,ON,RETRACTED,AUTO
23:20:24,-79.03176,-7.891703,0,9,ON,RETRACTED,AUTO
23:20:24,-79.43008,-7.532004,0,9,ON,RETRACTED,AUTO
23:20:24,-79.41799,-7.378016,0,9,ON,RETRACTED,AUTO
23:20:24,-78.8889,-7.176735,0,9,ON,RETRACTED,AUTO
23:20:24,-79.04183,-7.370467,0,9,ON,RETRACTED,AUTO
23:20:24,-78.94003,-6.942795,0,9,ON,RETRACTED,AUTO
23:20:24,-79.42641,-7.70585,0,9,ON,RETRACTED,AUTO
23:20:24,-78.95196,-7.238026,0,9,ON,RETRACTED,AUTO
23:20:25,-79.14149,-6.868285,0,9,ON,RETRACTED,AUTO
23:20:25,-79.41871,-7.043321,0,9,ON,RETRACTED,AUTO
23:20:25,-79.40871,-8.635306,0,9,ON,RETRACTED,AUTO
23:20:25,-79.20288,-8.119974,0,9,ON,RETRACTED,AUTO
23:20:25,-78.77092,-7.244507,0,9,ON,RETRACTED,AUTO
23:20:25,-79.08513,-7.969611,0,9,ON,RETRACTED,AUTO
23:20:25,-79.14923,-6.718168,0,9,ON,RETRACTED,AUTO
23:20:25,-79.14715,-6.277298,0,9,ON,RETRACTED,AUTO
23:20:25,-79.1892,-6.102779,0,9,ON,RETRACTED,AUTO
23:20:25,-78.98788,-7.654795,0,9,ON,RETRACTED,AUTO
23:20:26,-79.25639,-8.079264,0,9,ON,RETRACTED,AUTO
23:20:26,-78.76566,-5.642237,0,9,ON,RETRACTED,AUTO
23:20:26,-78.9625,-6.571284,0,9,ON,RETRACTED,AUTO
23:20:26,-78.70815,-5.887389,0,9,ON,RETRACTED,AUTO
23:20:26,-78.22173,-5.573787,0,9,ON,RETRACTED,AUTO
23:20:26,-79.29182,-5.638776,0,9,ON,RETRACTED,AUTO
23:20:26,-78.7441,-5.082645,0,9,ON,RETRACTED,AUTO
23:20:26,-79.08673,-6.433685,0,9,ON,RETRACTED,AUTO
23:20:26,-79.01202,-6.115504,0,9,ON,RETRACTED,AUTO
23:20:26,-78.54422,-5.757695,0,9,ON,RETRACTED,AUTO
23:20:27,-78.96834,-6.595319,0,9,ON,RETRACTED,AUTO
23:20:27,-78.74713,-6.673744,0,9,ON,RETRACTED,AUTO
23:20:27,-79.20679,-6.046614,0,9,ON,RETRACTED,AUTO
23:20:27,-78.93452,-7.49768,0,9,ON,RETRACTED,AUTO
23:20:27,-78.67661,-6.01615,0,9,ON,RETRACTED,AUTO
23:20:27,-78.98645,-7.316466,0,9,ON,RETRACTED,AUTO
23:20:27,-78.96474,-6.87334,0,9,ON,RETRACTED,AUTO
23:20:27,-79.03196,-6.208013,0,9,ON,RETRACTED,AUTO
23:20:27,-78.79409,-6.05937,0,9,ON,RETRACTED,AUTO
23:20:27,-78.94762,-5.536527,0,9,ON,RETRACTED,AUTO
23:20:28,-79.06245,-6.16068,0,9,ON,RETRACTED,AUTO
23:20:28,-79.0032,-5.759433,0,9,ON,RETRACTED,AUTO
23:20:28,-79.11533,-6.348052,0,9,ON,RETRACTED,AUTO
23:20:28,-79.04042,-5.935171,0,9,ON,RETRACTED,AUTO
23:20:28,-79.17367,-5.149166,0,9,ON,RETRACTED,AUTO
23:20:28,-79.09723,-6.097911,0,9,ON,RETRACTED,AUTO
23:20:28,-79.07385,-5.942473,0,9,ON,RETRACTED,AUTO
23:20:28,-78.93501,-5.968649,0,9,ON,RETRACTED,AUTO
23:20:28,-79.02776,-5.417022,0,9,ON,RETRACTED,AUTO
23:20:28,-79.27589,-5.918498,0,9,ON,RETRACTED,AUTO
23:20:29,-79.03006,-5.975946,0,9,ON,RETRACTED,AUTO
23:20:29,-78.78488,-6.309626,0,9,ON,RETRACTED,AUTO
23:20:29,-79.13438,-6.676715,0,9,ON,RETRACTED,AUTO
23:20:29,-78.74342,-5.847255,0,9,ON,RETRACTED,AUTO
23:20:29,-79.18048,-6.529964,0,9,ON,RETRACTED,AUTO
23:20:29,-78.89236,-5.364483,0,9,ON,RETRACTED,AUTO
23:20:29,-79.17576,-6.237469,0,9,ON,RETRACTED,AUTO
23:20:29,-78.81387,-6.979661,0,9,ON,RETRACTED,AUTO
23:20:29,-79.16511,-6.135733,0,9,ON,RETRACTED,AUTO
23:20:29,-78.95609,-6.016316,0,9,ON,RETRACTED,AUTO
23:20:30,-79.15643,-5.349177,0,9,ON,RETRACTED,AUTO
23:20:30,-78.91938,-5.162889,0,9,ON,RETRACTED,AUTO
23:20:30,-78.83525,-7.228189,0,9,ON,RETRACTED,AUTO
23:20:30,-79.16282,-6.788975,0,9,ON,RETRACTED,AUTO
23:20:30,-78.51994,-6.792148,0,9,ON,RETRACTED,AUTO
23:20:30,-79.05351,-5.942473,0,9,ON,RETRACTED,AUTO
23:20:30,-78.9907,-5.251401,0,9,ON,RETRACTED,AUTO
23:20:30,-79.00174,-5.968649,0,9,ON,RETRACTED,AUTO
23:20:30,-78.59552,-6.713789,0,9,ON,RETRACTED,AUTO
23:20:30,-79.08028,-7.168921,0,9,ON,RETRACTED,AUTO
23:20:31,-78.91763,-7.003701,0,9,ON,RETRACTED,AUTO
23:20:31,-79.09493,-5.957131,0,9,ON,RETRACTED,AUTO
23:20:31,-78.8403,-5.903763,0,9,ON,RETRACTED,AUTO
23:20:31,-78.88358,-6.470531,0,9,ON,RETRACTED,AUTO
23:20:31,-79.04975,-8.349472,0,9,ON,RETRACTED,AUTO
23:20:31,-78.71032,-5.213034,0,9,ON,RETRACTED,AUTO
23:20:31,-78.97472,-6.828826,0,9,ON,RETRACTED,AUTO
23:20:31,-78.55389,-5.542709,0,9,ON,RETRACTED,AUTO
23:20:31,-78.91177,-6.140234,0,9,ON,RETRACTED,AUTO
23:20:32,-78.86865,-5.89664,0,9,ON,RETRACTED,AUTO
23:20:32,-78.74468,-5.498894,0,9,ON,RETRACTED,AUTO
23:20:32,-79.12193,-6.780557,0,9,ON,RETRACTED,AUTO
23:20:32,-78.8508,-5.910903,0,9,ON,RETRACTED,AUTO
23:20:32,-78.92249,-5.724463,0,9,ON,RETRACTED,AUTO
23:20:32,-79.1703,-5.420078,0,9,ON,RETRACTED,AUTO
23:20:32,-79.05117,-7.300366,0,9,ON,RETRACTED,AUTO
23:20:32,-78.67712,-6.490772,0,9,ON,RETRACTED,AUTO
23:20:32,-78.98701,-5.7384,0,9,ON,RETRACTED,AUTO
23:20:32,-79.02103,-5.296583,0,9,ON,RETRACTED,AUTO
23:20:33,-79.47494,-6.696968,0,9,ON,RETRACTED,AUTO
23:20:33,-78.88667,-6.340192,0,9,ON,RETRACTED,AUTO
23:20:33,-78.8276,-6.867508,0,9,ON,RETRACTED,AUTO
23:20:33,-78.85181,-5.683054,0,9,ON,RETRACTED,AUTO
23:20:33,-79.08574,-5.879461,0,9,ON,RETRACTED,AUTO
23:20:33,-78.99215,-5.599339,0,9,ON,RETRACTED,AUTO
23:20:33,-78.67681,-6.513975,0,9,ON,RETRACTED,AUTO
23:20:33,-79.06393,-6.238617,0,9,ON,RETRACTED,AUTO
23:20:33,-79.13189,-6.034972,0,9,ON,RETRACTED,AUTO
23:20:33,-79.05884,-6.238617,0,9,ON,RETRACTED,AUTO
23:20:34,-78.9732,-5.12461,0,9,ON,RETRACTED,AUTO
23:20:34,-79.17614,-5.859653,0,9,ON,RETRACTED,AUTO
23:20:34,-79.25375,-5.233317,0,9,ON,RETRACTED,AUTO
23:20:34,-78.85624,-4.867459,0,9,ON,RETRACTED,AUTO
23:20:34,-79.13043,-6.198838,0,9,ON,RETRACTED,AUTO
23:20:34,-78.76668,-6.127705,0,9,ON,RETRACTED,AUTO
23:20:34,-78.7346,-4.5356,0,9,ON,RETRACTED,AUTO
23:20:34,-79.04757,-5.500412,0,9,ON,RETRACTED,AUTO
23:20:34,-78.58705,-5.016664,0,9,ON,RETRACTED,AUTO
23:20:34,-79.83477,-7.412095,0,9,ON,RETRACTED,AUTO
23:20:35,-79.21713,-6.01649,0,9,ON,RETRACTED,AUTO
23:20:35,-78.63045,-6.204919,0,9,ON,RETRACTED,AUTO
23:20:35,-79.01503,-7.168489,0,9,ON,RETRACTED,AUTO
23:20:35,-78.94799,-6.448326,0,9,ON,RETRACTED,AUTO
23:20:35,-78.91005,-6.347879,0,9,ON,RETRACTED,AUTO
23:20:35,-78.73299,-5.547299,0,9,ON,RETRACTED,AUTO
23:20:35,-79.2375,-5.162018,0,9,ON,RETRACTED,AUTO
23:20:35,-78.38716,-6.927218,0,9,ON,RETRACTED,AUTO
23:20:35,-79.34246,-7.446949,0,9,ON,RETRACTED,AUTO
23:20:35,-78.80625,-6.469116,0,9,ON,RETRACTED,AUTO
23:20:36,-78.72028,-4.236395,0,9,ON,RETRACTED,AUTO
23:20:36,-78.99722,-6.023643,0,9,ON,RETRACTED,AUTO
23:20:36,-78.6092,-5.824969,0,9,ON,RETRACTED,AUTO
23:20:36,-78.8782,-5.433737,0,9,ON,RETRACTED,AUTO
23:20:36,-79.03825,-6.177706,0,9,ON,RETRACTED,AUTO
23:20:36,-78.9561,-5.556854,0,9,ON,RETRACTED,AUTO
23:20:36,-78.80535,-6.431645,0,9,ON,RETRACTED,AUTO
23:20:36,-78.76948,-5.560551,0,9,ON,RETRACTED,AUTO
23:20:36,-78.62866,-7.108105,0,9,ON,RETRACTED,AUTO
23:20:36,-79.33121,-6.012791,0,9,ON,RETRACTED,AUTO
23:20:37,-78.60413,-7.023773,0,8,ON,RETRACTED,AUTO
23:20:37,-78.72498,-5.983851,0,9,ON,RETRACTED,AUTO
23:20:37,-79.56422,-5.916269,0,9,ON,RETRACTED,AUTO
23:20:37,-78.85686,-6.576667,0,9,ON,RETRACTED,AUTO
23:20:37,-78.61512,-5.078111,0,9,ON,RETRACTED,AUTO
23:20:37,-78.94712,-6.386598,0,9,ON,RETRACTED,AUTO
23:20:37,-79.06158,-5.997946,0,9,ON,RETRACTED,AUTO
23:20:37,-79.06285,-6.363568,0,9,ON,RETRACTED,AUTO
23:20:37,-78.45736,-6.288581,0,9,ON,RETRACTED,AUTO
23:20:37,-79.07935,-6.635769,0,9,ON,RETRACTED,AUTO
23:20:38,-79.10954,-6.684965,0,9,ON,RETRACTED,AUTO
23:20:38,-78.88114,-6.478364,0,9,ON,RETRACTED,AUTO
23:20:38,-78.99514,-5.891732,0,9,ON,RETRACTED,AUTO
23:20:38,-79.01915,-6.060551,0,9,ON,RETRACTED,AUTO
23:20:38,-79.08923,-6.090403,0,9,ON,RETRACTED,AUTO
23:20:38,-79.12216,-5.845123,0,9,ON,RETRACTED,AUTO
23:20:38,-79.05772,-4.763641,0,9,ON,RETRACTED,AUTO
23:20:38,-79.21325,-6.08758,0,9,ON,RETRACTED,AUTO
23:20:38,-78.7534,-5.157127,0,9,ON,RETRACTED,AUTO
23:20:38,-78.69611,-6.212283,0,9,ON,RETRACTED,AUTO
23:20:39,-79.0758,-6.565795,0,9,ON,RETRACTED,AUTO
23:20:39,-79.16752,-5.362489,0,9,ON,RETRACTED,AUTO
23:20:39,-78.97972,-7.020779,0,9,ON,RETRACTED,AUTO
23:20:39,-78.79943,-5.381547,0,9,ON,RETRACTED,AUTO
23:20:39,-78.99845,-6.579276,0,9,ON,RETRACTED,AUTO
23:20:39,-79.28571,-5.50895,0,9,ON,RETRACTED,AUTO
23:20:39,-78.76437,-6.962947,0,9,ON,RETRACTED,AUTO
23:20:39,-79.04523,-8.140079,0,8,ON,RETRACTED,AUTO
23:20:39,-78.87218,-6.248372,0,8,ON,RETRACTED,AUTO
23:20:39,-79.0867,-6.684965,0,8,ON,RETRACTED,AUTO
23:20:40,-79.04157,-5.906141,0,8,ON,RETRACTED,AUTO
23:20:40,-79.01347,-6.340192,0,9,ON,RETRACTED,AUTO
23:20:40,-79.06081,-6.72221,0,9,ON,RETRACTED,AUTO
23:20:40,-78.93279,-6.64057,0,9,ON,RETRACTED,AUTO
23:20:40,-78.94276,-6.293948,0,9,ON,RETRACTED,AUTO
23:20:40,-79.26194,-6.046614,0,9,ON,RETRACTED,AUTO
23:20:40,-79.02103,-5.296583,0,9,ON,RETRACTED,AUTO
23:20:40,-78.67522,-5.40471,0,9,ON,RETRACTED,AUTO
23:20:40,-79.04081,-4.787,0,9,ON,RETRACTED,AUTO
23:20:40,-78.72603,-5.225511,0,9,ON,RETRACTED,AUTO
23:20:41,-79.21788,-7.036185,0,9,ON,RETRACTED,AUTO
23:20:41,-78.93736,-5.961369,0,9,ON,RETRACTED,AUTO
23:20:41,-78.8643,-6.240839,0,9,ON,RETRACTED,AUTO
23:20:41,-78.83243,-5.483038,0,9,ON,RETRACTED,AUTO
23:20:41,-79.11404,-6.324529,0,9,ON,RETRACTED,AUTO
23:20:41,-78.96304,-6.140234,0,9,ON,RETRACTED,AUTO
23:20:41,-78.62048,-5.058452,0,9,ON,RETRACTED,AUTO
23:20:41,-79.13973,-6.33235,0,9,ON,RETRACTED,AUTO
23:20:41,-79.25626,-5.546012,0,9,ON,RETRACTED,AUTO
23:20:42,-79.1205,-5.393305,0,9,ON,RETRACTED,AUTO
23:20:42,-79.25426,-5.753458,0,9,ON,RETRACTED,AUTO
23:20:42,-78.87208,-5.263301,0,9,ON,RETRACTED,AUTO
23:20:42,-79.22768,-6.260879,0,9,ON,RETRACTED,AUTO
23:20:42,-78.95245,-5.390625,0,9,ON,RETRACTED,AUTO
23:20:42,-79.15683,-5.2138,0,9,ON,RETRACTED,AUTO
23:20:42,-79.56404,-5.570398,0,9,ON,RETRACTED,AUTO
23:20:42,-78.85794,-5.200698,0,9,ON,RETRACTED,AUTO
23:20:42,-79.12627,-6.465462,0,9,ON,RETRACTED,AUTO
23:20:42,-79.19479,-5.874254,0,9,ON,RETRACTED,AUTO
23:20:43,-78.74559,-6.241914,0,9,ON,RETRACTED,AUTO
23:20:43,-79.04205,-6.16068,0,9,ON,RETRACTED,AUTO
23:20:43,-79.06033,-5.879461,0,9,ON,RETRACTED,AUTO
23:20:43,-79.11334,-5.682368,0,9,ON,RETRACTED,AUTO
23:20:43,-78.73162,-5.908494,0,9,ON,RETRACTED,AUTO
23:20:43,-78.89053,-6.263491,0,9,ON,RETRACTED,AUTO
23:20:43,-79.17848,-6.701526,0,9,ON,RETRACTED,AUTO
23:20:43,-78.9762,-6.448326,0,9,ON,RETRACTED,AUTO
23:20:43,-79.04283,-5.647476,0,9,ON,RETRACTED,AUTO
23:20:43,-79.28986,-5.703422,0,9,ON,RETRACTED,AUTO
23:20:44,-79.36434,-6.468334,0,9,ON,RETRACTED,AUTO
23:20:44,-79.33428,-5.436901,0,9,ON,RETRACTED,AUTO
23:20:44,-79.04004,-7.650651,0,9,ON,RETRACTED,AUTO
23:20:44,-79.39359,-7.287277,0,9,ON,RETRACTED,AUTO
23:20:44,-78.93602,-5.745394,0,9,ON,RETRACTED,AUTO
23:20:44,-79.16698,-4.905156,0,9,ON,RETRACTED,AUTO
23:20:44,-79.64336,-6.373243,0,9,ON,RETRACTED,AUTO
23:20:44,-78.86034,-7.168063,0,9,ON,RETRACTED,AUTO
23:20:44,-79.17104,-5.484157,0,9,ON,RETRACTED,AUTO
23:20:44,-79.19653,-6.560196,0,9,ON,RETRACTED,AUTO
23:20:45,-79.26505,-6.054192,0,9,ON,RETRACTED,AUTO
23:20:45,-79.12972,-6.887786,0,9,ON,RETRACTED,AUTO
23:20:45,-79.19611,-5.603538,0,9,ON,RETRACTED,AUTO
23:20:45,-78.93793,-6.64057,0,9,ON,RETRACTED,AUTO
23:20:45,-79.35133,-5.955877,0,9,ON,RETRACTED,AUTO
23:20:45,-79.26476,-5.846824,0,9,ON,RETRACTED,AUTO
23:20:45,-79.20291,-6.229704,0,9,ON,RETRACTED,AUTO
23:20:45,-78.84821,-5.910903,0,9,ON,RETRACTED,AUTO
23:20:45,-78.90454,-6.332522,0,9,ON,RETRACTED,AUTO
23:20:45,-79.16197,-5.355825,0,9,ON,RETRACTED,AUTO
23:20:46,-79.23385,-6.93725,0,9,ON,RETRACTED,AUTO
23:20:46,-79.07269,-6.80905,0,9,ON,RETRACTED,AUTO
23:20:46,-78.85235,-5.181936,0,9,ON,RETRACTED,AUTO
23:20:46,-78.69681,-6.438314,0,9,ON,RETRACTED,AUTO
23:20:46,-79.19135,-6.189476,0,9,ON,RETRACTED,AUTO
23:20:46,-79.23712,-6.01649,0,9,ON,RETRACTED,AUTO
23:20:46,-78.97555,-6.770864,0,9,ON,RETRACTED,AUTO
23:20:46,-79.00604,-5.347082,0,9,ON,RETRACTED,AUTO
23:20:46,-78.97196,-6.030989,0,9,ON,RETRACTED,AUTO
23:20:46,-79.03013,-7.282445,0,9,ON,RETRACTED,AUTO
23:20:47,-78.688,-4.644654,0,9,ON,RETRACTED,AUTO
23:20:47,-79.23328,-6.031514,0,9,ON,RETRACTED,AUTO
23:20:47,-79.07664,-6.985334,0,9,ON,RETRACTED,AUTO
23:20:47,-79.05274,-7.273519,0,9,ON,RETRACTED,AUTO
23:20:47,-79.08085,-6.07544,0,9,ON,RETRACTED,AUTO
23:20:47,-78.98866,-4.676786,0,8,ON,RETRACTED,AUTO
23:20:47,-78.55065,-5.83184,0,8,ON,RETRACTED,AUTO
23:20:47,-78.57752,-6.325201,0,6,ON,RETRACTED,AUTO
23:20:47,-79.13316,-6.701526,0,7,ON,RETRACTED,AUTO
23:20:47,-78.87636,-6.669343,0,7,ON,RETRACTED,AUTO
23:20:48,-79.73612,-7.748278,0,7,ON,RETRACTED,AUTO
23:20:48,-78.72144,-6.521746,0,8,ON,RETRACTED,AUTO
23:20:48,-78.93944,-6.571284,0,12,ON,RETRACTED,AUTO
23:20:48,-78.87209,-7.082066,0,15,ON,RETRACTED,AUTO
23:20:48,-79.06031,-6.363568,0,17,ON,RETRACTED,AUTO
23:20:48,-79.21088,-5.284822,0,19,ON,RETRACTED,AUTO
23:20:48,-79.0937,-6.175887,0,19,ON,RETRACTED,AUTO
23:20:48,-78.97012,-5.800844,0,20,ON,RETRACTED,AUTO
23:20:48,-78.94047,-6.009006,0,20,ON,RETRACTED,AUTO
23:20:48,-79.02686,-6.208013,0,19,ON,RETRACTED,AUTO
23:20:49,-78.74349,-4.467159,0,20,ON,RETRACTED,AUTO
23:20:49,-78.92678,-6.579276,0,12,ON,RETRACTED,AUTO
23:20:49,-79.43841,-7.324337,0,9,ON,RETRACTED,AUTO
23:20:49,-79.31183,-5.990152,0,9,ON,RETRACTED,AUTO
23:20:49,-79.01781,-5.843464,0,9,ON,RETRACTED,AUTO
23:20:49,-79.1518,-6.418787,0,9,ON,RETRACTED,AUTO
23:20:49,-79.13657,-5.406659,0,9,ON,RETRACTED,AUTO
23:20:49,-79.3132,-6.963469,0,9,ON,RETRACTED,AUTO
23:20:49,-79.36813,-5.804284,0,9,ON,RETRACTED,AUTO
23:20:49,-78.90292,-6.892423,0,9,ON,RETRACTED,AUTO
23:20:50,-79.18629,-5.896293,0,9,ON,RETRACTED,AUTO
23:20:50,-79.1376,-7.204435,0,9,ON,RETRACTED,AUTO
23:20:50,-79.2538,-7.205238,0,9,ON,RETRACTED,AUTO
23:20:50,-78.77734,-6.0054,0,9,ON,RETRACTED,AUTO
23:20:50,-79.16779,-6.285092,0,9,ON,RETRACTED,AUTO
23:20:50,-79.22108,-7.16045,0,9,ON,RETRACTED,AUTO
23:20:50,-78.82217,-7.389838,0,9,ON,RETRACTED,AUTO
23:20:50,-78.30753,-6.062387,0,9,ON,RETRACTED,AUTO
23:20:50,-79.60928,-5.141303,0,9,ON,RETRACTED,AUTO
23:20:50,-79.09924,-7.228189,0,9,ON,RETRACTED,AUTO
23:20:51,-78.77349,-5.785856,0,9,ON,RETRACTED,AUTO
23:20:51,-78.66227,-6.069576,0,9,ON,RETRACTED,AUTO
23:20:51,-78.42389,-6.569167,0,9,ON,RETRACTED,AUTO
23:20:51,-78.85967,-6.592527,0,9,ON,RETRACTED,AUTO
23:20:51,-78.791,-6.834568,0,9,ON,RETRACTED,AUTO
23:20:51,-78.61726,-6.915296,0,9,ON,RETRACTED,AUTO
23:20:51,-78.70894,-6.347714,0,9,ON,RETRACTED,AUTO
23:20:51,-78.77326,-6.713871,0,9,ON,RETRACTED,AUTO
23:20:51,-78.75115,-7.260587,0,9,ON,RETRACTED,AUTO
23:20:52,-78.28491,-6.50677,0,9,ON,RETRACTED,AUTO
23:20:52,-78.44956,-8.073205,0,9,ON,RETRACTED,AUTO
23:20:52,-78.65205,-7.446093,0,9,ON,RETRACTED,AUTO
23:20:52,-78.84711,-7.142173,0,9,ON,RETRACTED,AUTO
23:20:52,-79.09206,-7.71478,0,9,ON,RETRACTED,AUTO
23:20:52,-78.94772,-7.107604,0,9,ON,RETRACTED,AUTO
23:20:52,-78.74375,-4.934165,0,9,ON,RETRACTED,AUTO
23:20:52,-78.95972,-7.073032,0,9,ON,RETRACTED,AUTO
23:20:52,-78.87257,-6.117968,0,9,ON,RETRACTED,AUTO
23:20:52,-79.2463,-7.694131,0,9,ON,RETRACTED,AUTO
23:20:53,-78.92194,-6.616462,0,9,ON,RETRACTED,AUTO
23:20:53,-79.03147,-6.449534,0,9,ON,RETRACTED,AUTO
23:20:53,-79.28953,-6.642499,0,9,ON,RETRACTED,AUTO
23:20:53,-79.29427,-6.372111,0,9,ON,RETRACTED,AUTO
23:20:53,-79.25005,-6.054192,0,9,ON,RETRACTED,AUTO
23:20:53,-78.88538,-7.933885,0,9,ON,RETRACTED,AUTO
23:20:53,-78.43783,-7.492345,0,9,ON,RETRACTED,AUTO
23:20:53,-79.22176,-5.810349,0,9,ON,RETRACTED,AUTO
23:20:53,-79.34566,-6.692875,0,9,ON,RETRACTED,AUTO
23:20:53,-79.15112,-5.065413,0,9,ON,RETRACTED,AUTO
23:20:54,-78.91734,-5.724463,0,9,ON,RETRACTED,AUTO
23:20:54,-79.25083,-5.975154,0,9,ON,RETRACTED,AUTO
23:20:54,-78.58958,-5.311397,0,9,ON,RETRACTED,AUTO
23:20:54,-80.88744,-1.621951,0,9,ON,RETRACTED,AUTO
23:20:54,-79.55077,-6.658091,0,9,ON,RETRACTED,AUTO
23:20:54,-78.94947,-16.27387,0,9,ON,RETRACTED,AUTO
23:20:54,-78.83156,-7.954588,0,9,ON,RETRACTED,AUTO
23:20:54,-80.23521,-5.898064,0,9,ON,RETRACTED,AUTO
23:20:54,-79.15765,-5.278261,0,9,ON,RETRACTED,AUTO
23:20:54,-79.79739,-5.146528,0,9,ON,RETRACTED,AUTO
23:20:55,-79.83111,-5.104871,0,9,ON,RETRACTED,AUTO
23:20:55,-79.32024,-6.236293,0,9,ON,RETRACTED,AUTO
23:20:55,-79.41664,-5.405755,0,9,ON,RETRACTED,AUTO
23:20:55,-79.94351,-6.170175,0,9,ON,RETRACTED,AUTO
23:20:55,-79.58167,-4.998788,0,9,ON,RETRACTED,AUTO
23:20:55,-79.1825,-5.788682,0,9,ON,RETRACTED,AUTO
23:20:55,-79.03008,-3.160361,0,9,ON,RETRACTED,AUTO
23:20:55,-78.02653,-6.979739,0,9,ON,RETRACTED,AUTO
23:20:55,-79.11022,-7.47733,0,9,ON,RETRACTED,AUTO
23:20:55,-79.53499,-5.241147,0,9,ON,RETRACTED,AUTO
23:20:56,-79.58358,-5.161098,0,9,ON,RETRACTED,AUTO
23:20:56,-79.36895,-0.214055,0,9,ON,RETRACTED,AUTO
23:20:56,-79.24877,-5.603538,0,9,ON,RETRACTED,AUTO
23:20:56,-79.31564,-5.50895,0,9,ON,RETRACTED,AUTO
23:20:56,-79.60822,-5.525146,0,9,ON,RETRACTED,AUTO
23:20:56,-79.42688,-6.081741,0,9,ON,RETRACTED,AUTO
23:20:56,-79.04637,-6.590049,0,9,ON,RETRACTED,AUTO
23:20:56,-79.45125,-7.551167,0,9,ON,RETRACTED,AUTO
23:20:56,-79.15453,-5.837886,0,9,ON,RETRACTED,AUTO
23:20:56,-79.43928,-7.025419,0,9,ON,RETRACTED,AUTO
23:20:57,-79.22736,-7.027424,0,9,ON,RETRACTED,AUTO
23:20:57,-79.01074,-5.898928,0,9,ON,RETRACTED,AUTO
23:20:57,-79.18992,-6.876831,0,9,ON,RETRACTED,AUTO
23:20:57,-79.15067,-6.797413,0,9,ON,RETRACTED,AUTO
23:20:57,-79.04021,-5.787716,0,9,ON,RETRACTED,AUTO
23:20:57,-79.41819,-5.921158,0,9,ON,RETRACTED,AUTO
23:20:57,-79.17999,-6.023993,0,9,ON,RETRACTED,AUTO
23:20:57,-79.16508,-5.845123,0,9,ON,RETRACTED,AUTO
23:20:57,-79.40321,-7.097857,0,9,ON,RETRACTED,AUTO
23:20:57,-79.30907,-6.579188,0,9,ON,RETRACTED,AUTO
23:20:58,-78.99869,-5.353636,0,9,ON,RETRACTED,AUTO
23:20:58,-79.11245,-5.852379,0,9,ON,RETRACTED,AUTO
23:20:58,-78.81816,-6.592527,0,9,ON,RETRACTED,AUTO
23:20:58,-79.59606,-6.258083,0,9,ON,RETRACTED,AUTO
23:20:58,-79.10135,-5.886714,0,9,ON,RETRACTED,AUTO
23:20:58,-79.20598,-5.945381,0,9,ON,RETRACTED,AUTO
23:20:58,-79.15198,-5.463843,0,9,ON,RETRACTED,AUTO
23:20:58,-79.13241,-5.703511,0,9,ON,RETRACTED,AUTO
23:20:58,-79.14686,-5.497783,0,9,ON,RETRACTED,AUTO
23:20:58,-78.94955,-5.112116,0,9,ON,RETRACTED,AUTO
23:20:59,-79.36843,-5.478364,0,9,ON,RETRACTED,AUTO
23:20:59,-79.0417,-5.347082,0,9,ON,RETRACTED,AUTO
23:20:59,-79.01698,-5.640549,0,9,ON,RETRACTED,AUTO
23:20:59,-79.32978,-5.010579,0,9,ON,RETRACTED,AUTO
23:20:59,-79.32106,-5.142045,0,9,ON,RETRACTED,AUTO
23:20:59,-79.03355,-5.430317,0,9,ON,RETRACTED,AUTO
23:20:59,-79.03034,-6.082912,0,9,ON,RETRACTED,AUTO
23:20:59,-79.12759,-6.489501,0,9,ON,RETRACTED,AUTO
23:20:59,-79.10138,-6.825871,0,9,ON,RETRACTED,AUTO
23:20:59,-79.23296,-6.562699,0,8,ON,RETRACTED,AUTO
23:21:00,-78.77401,-6.416221,0,3,ON,RETRACTED,AUTO
23:21:00,-79.29745,-5.416404,0,4,ON,RETRACTED,AUTO
23:21:00,-79.11031,-5.25218,0,7,ON,RETRACTED,AUTO
23:21:00,-79.18352,-6.592873,0,8,ON,RETRACTED,AUTO
23:21:00,-78.96915,-6.023643,0,8,ON,RETRACTED,AUTO
23:21:00,-79.23215,-5.96023,0,8,ON,RETRACTED,AUTO
23:21:00,-79.0085,-5.906141,0,8,ON,RETRACTED,AUTO
23:21:00,-78.8586,-4.734763,0,9,ON,RETRACTED,AUTO
23:21:00,-79.13888,-5.123653,0,9,ON,RETRACTED,AUTO
23:21:00,-79.52552,-6.714137,0,9,ON,RETRACTED,AUTO
23:21:01,-79.28654,-4.733893,0,9,ON,RETRACTED,AUTO
23:21:01,-79.43789,-4.866052,0,9,ON,RETRACTED,AUTO
23:21:01,-79.32024,-6.236293,0,9,ON,RETRACTED,AUTO
23:21:01,-78.8614,-5.779766,0,9,ON,RETRACTED,AUTO
23:21:01,-79.58373,-6.307858,0,9,ON,RETRACTED,AUTO
23:21:01,-79.50842,-6.089499,0,9,ON,RETRACTED,AUTO
23:21:01,-78.9677,-5.251401,0,9,ON,RETRACTED,AUTO
23:21:01,-78.92823,-6.664854,0,10,ON,RETRACTED,AUTO
23:21:01,-79.68382,-6.413304,0,4,ON,RETRACTED,AUTO
23:21:01,-79.62241,-6.020657,0,7,ON,RETRACTED,AUTO
23:21:02,-79.54835,-5.314546,0,0,ON,RETRACTED,AUTO
23:21:02,-79.40524,-6.211329,0,2,ON,RETRACTED,AUTO
23:21:02,-79.49582,-6.42978,0,7,ON,RETRACTED,AUTO
23:21:02,-79.20712,-6.01649,0,6,ON,RETRACTED,AUTO
23:21:02,-78.90568,-5.538638,0,8,ON,RETRACTED,AUTO
23:21:02,-79.37579,-6.726884,0,8,ON,RETRACTED,AUTO
23:21:02,-78.71758,-4.945967,0,22,ON,RETRACTED,AUTO
23:21:02,-79.13703,-5.04661,0,9,ON,RETRACTED,AUTO
23:21:02,-79.2583,-4.888872,0,10,ON,RETRACTED,AUTO
23:21:03,-78.78139,-5.799754,0,66,ON,RETRACTED,AUTO
23:21:03,-79.38301,-6.001359,0,70,ON,RETRACTED,AUTO
23:21:03,-79.07831,-5.457105,0,57,ON,RETRACTED,AUTO
23:21:03,-79.10539,-5.484157,0,56,ON,RETRACTED,AUTO
23:21:03,-79.2867,-5.782392,0,40,ON,RETRACTED,AUTO
23:21:03,-79.21808,-5.739098,0,41,ON,RETRACTED,AUTO
23:21:03,-79.22076,-6.031514,0,32,ON,RETRACTED,AUTO
23:21:03,-79.57771,-6.813429,0,13,ON,RETRACTED,AUTO
23:21:03,-79.53328,-7.179959,0,33,ON,RETRACTED,AUTO
23:21:03,-79.38594,-5.312863,0,54,ON,RETRACTED,AUTO
23:21:04,-79.33546,-6.179924,0,49,ON,RETRACTED,AUTO
23:21:04,-79.40157,-6.050902,0,53,ON,RETRACTED,AUTO
23:21:04,-79.20538,-5.881582,0,50,ON,RETRACTED,AUTO
23:21:04,-79.08978,-3.695959,0,56,ON,RETRACTED,AUTO
23:21:04,-78.92333,-5.232273,0,57,ON,RETRACTED,AUTO
23:21:04,-79.66334,-6.091514,0,57,ON,RETRACTED,AUTO
23:21:04,-79.2601,-6.499347,0,57,ON,RETRACTED,AUTO
23:21:04,-79.33756,-6.027978,0,57,ON,RETRACTED,AUTO
23:21:04,-79.61134,-6.701157,0,440,ON,RETRACTED,AUTO
23:21:04,-79.20069,-6.625875,0,448,ON,RETRACTED,AUTO
23:21:05,-79.53925,-6.209826,0,452,ON,RETRACTED,AUTO
23:21:05,-79.36729,-5.0957,0,451,ON,RETRACTED,AUTO
23:21:05,-79.592,-5.496584,0,447,ON,RETRACTED,AUTO
23:21:05,-79.29582,-5.918498,0,439,ON,RETRACTED,AUTO
23:21:05,-79.37924,-5.963409,0,430,ON,RETRACTED,AUTO
23:21:05,-79.39352,-7.224315,0,427,ON,RETRACTED,AUTO
23:21:05,-79.42236,-6.804676,0,429,ON,RETRACTED,AUTO
23:21:05,-77.87732,-3.809709,0,434,ON,RETRACTED,AUTO
23:21:05,-79.50724,-5.381016,0,439,ON,RETRACTED,AUTO
23:21:05,-79.27469,-6.228442,0,292,ON,RETRACTED,AUTO
23:21:06,-79.24686,-5.552971,0,145,ON,RETRACTED,AUTO
23:21:06,-78.92877,-5.932427,0,78,ON,RETRACTED,AUTO
23:21:06,-79.37795,-5.102165,0,60,ON,RETRACTED,AUTO
23:21:06,-79.61364,-4.905432,0,51,ON,RETRACTED,AUTO
23:21:06,-79.03337,-4.436474,0,48,ON,RETRACTED,AUTO
23:21:06,-78.85812,-5.744972,0,48,ON,RETRACTED,AUTO
23:21:06,-79.10191,-5.752924,0,50,ON,RETRACTED,AUTO
23:21:06,-79.08298,-5.450383,0,51,ON,RETRACTED,AUTO
23:21:06,-79.3157,-6.963469,0,56,ON,RETRACTED,AUTO
23:21:06,-79.4351,-6.970678,0,64,ON,RETRACTED,AUTO
23:21:07,-79.36513,-5.616393,0,67,ON,RETRACTED,AUTO
23:21:07,-79.40073,-5.833732,0,64,ON,RETRACTED,AUTO
23:21:07,-79.4437,-5.426448,0,62,ON,RETRACTED,AUTO
23:21:07,-79.10973,-5.994093,0,58,ON,RETRACTED,AUTO
23:21:07,-79.22674,-5.753458,0,55,ON,RETRACTED,AUTO
23:21:07,-79.35899,-6.764954,0,53,ON,RETRACTED,AUTO
23:21:07,-79.2061,-7.372933,0,52,ON,RETRACTED,AUTO
23:21:07,-79.22366,-5.090703,0,52,ON,RETRACTED,AUTO
23:21:07,-78.64262,-7.795602,0,55,ON,RETRACTED,AUTO
23:21:07,-78.5753,-7.550225,0,70,ON,RETRACTED,AUTO
23:21:08,-77.85344,-15.11745,0,343,ON,RETRACTED,AUTO
23:21:08,-73.22175,0.080472,0,408,ON,RETRACTED,AUTO
23:21:08,-64.93478,-4.980287,0,415,ON,RETRACTED,AUTO
23:21:08,-75.66369,14.91104,0,353,ON,RETRACTED,AUTO
23:21:08,-69.1662,5.690259,0,123,ON,RETRACTED,AUTO
23:21:08,-77.67619,11.58453,0,100,ON,RETRACTED,AUTO
23:21:08,-77.55233,32.32837,0,90,ON,RETRACTED,AUTO
23:21:08,-79.70573,18.39322,0,86,ON,RETRACTED,AUTO
23:21:08,-75.10654,-20.79004,0,84,ON,RETRACTED,AUTO
23:21:08,-73.48159,7.52606,0,77,ON,RETRACTED,AUTO
23:21:09,-80.71259,-10.23597,0,322,ON,RETRACTED,AUTO
23:21:09,-77.25202,-13.55128,0,430,ON,RETRACTED,AUTO
23:21:09,-75.79604,-37.5612,0,438,ON,RETRACTED,AUTO
23:21:09,-76.67709,-16.4783,0,432,ON,RETRACTED,AUTO
23:21:09,-76.84777,-32.26844,0,430,ON,RETRACTED,AUTO
23:21:09,-81.21622,-8.200147,0,433,ON,RETRACTED,AUTO
23:21:09,-80.68288,-47.81355,0,440,ON,RETRACTED,AUTO
23:21:09,-77.41212,-49.09523,0,454,ON,RETRACTED,AUTO
23:21:09,-74.94283,-23.94598,0,465,ON,RETRACTED,AUTO
23:21:09,-79.98234,-43.65142,0,474,ON,RETRACTED,AUTO
23:21:10,-78.17339,-23.56057,0,478,ON,RETRACTED,AUTO
23:21:10,-74.86301,-15.63634,0,476,ON,RETRACTED,AUTO
23:21:10,-74.50466,-14.23579,0,469,ON,RETRACTED,AUTO
23:21:10,-71.76595,-9.462321,0,462,ON,RETRACTED,AUTO
23:21:10,-66.94225,-7.236922,0,462,ON,RETRACTED,AUTO
23:21:10,-58.02596,-10.49048,0,468,ON,RETRACTED,AUTO
23:21:10,-56.56418,-12.18485,0,471,ON,RETRACTED,AUTO
23:21:10,-54.03439,-6.43147,0,475,ON,RETRACTED,AUTO
23:21:10,-50.17707,-2.928583,0,477,ON,RETRACTED,AUTO
23:21:10,-49.80817,-5.899893,0,481,ON,RETRACTED,AUTO
23:21:11,-49.24091,-6.353158,0,483,ON,RETRACTED,AUTO
23:21:11,-51.87249,-5.621243,0,480,ON,RETRACTED,AUTO
23:21:11,-56.20213,-11.15219,0,481,ON,RETRACTED,AUTO
23:21:11,-57.11768,-28.23745,0,486,ON,RETRACTED,AUTO
23:21:11,-55.83402,-44.59763,0,487,ON,RETRACTED,AUTO
23:21:11,-53.67163,-45.078,0,489,ON,RETRACTED,AUTO
23:21:11,-55.18592,-45.29002,0,496,ON,RETRACTED,AUTO
23:21:11,-55.41149,-47.99217,0,505,ON,RETRACTED,AUTO
23:21:11,-51.38364,-52.9341,0,514,ON,RETRACTED,AUTO
23:21:11,-47.24172,-56.83941,0,519,ON,RETRACTED,AUTO
23:21:12,-45.30816,-59.94467,0,519,ON,RETRACTED,AUTO
23:21:12,-44.56765,-59.64752,0,514,ON,RETRACTED,AUTO
23:21:12,-45.95575,-58.17832,0,506,ON,RETRACTED,AUTO
23:21:12,-46.06081,-59.38959,0,496,ON,RETRACTED,AUTO
23:21:12,-46.41864,-58.92983,0,490,ON,RETRACTED,AUTO
23:21:12,-46.12761,-58.54938,0,494,ON,RETRACTED,AUTO
23:21:12,-46.71923,-58.09189,0,499,ON,RETRACTED,AUTO
23:21:12,-47.24526,-57.7182,0,508,ON,RETRACTED,AUTO
23:21:12,-47.95339,-58.58084,0,517,ON,RETRACTED,AUTO
23:21:13,-48.38037,-57.26598,0,522,ON,RETRACTED,AUTO
23:21:13,-49.3636,-58.01409,0,522,ON,RETRACTED,AUTO
23:21:13,-53.44414,-61.13385,0,516,ON,RETRACTED,AUTO
23:21:13,-58.96193,-68.21771,0,502,ON,RETRACTED,AUTO
23:21:13,-68.44588,-87.52995,0,484,ON,RETRACTED,AUTO
23:21:13,-72.52514,-104.2386,0,469,ON,RETRACTED,AUTO
23:21:13,-79.82046,-126.1447,0,460,ON,RETRACTED,AUTO
23:21:13,-77.72287,-112.7764,0,461,ON,RETRACTED,AUTO
23:21:13,-77.01061,-134.4221,0,465,ON,RETRACTED,AUTO
23:21:13,-77.6796,-128.87,0,475,ON,RETRACTED,AUTO
23:21:14,-78.19997,-123.7831,0,478,ON,RETRACTED,AUTO
23:21:14,-78.08268,-131.2414,0,476,ON,RETRACTED,AUTO
23:21:14,-78.71104,-123.7288,0,470,ON,RETRACTED,AUTO
23:21:14,-78.93795,-125.7103,0,461,ON,RETRACTED,AUTO
23:21:14,-81.38293,-113.9433,0,456,ON,RETRACTED,AUTO
23:21:14,-80.84927,-73.88454,0,459,ON,RETRACTED,AUTO
23:21:14,-75.31354,-20.05285,0,465,ON,RETRACTED,AUTO
23:21:14,-77.73076,-28.80794,0,476,ON,RETRACTED,AUTO
23:21:14,-78.47125,-53.1725,0,484,ON,RETRACTED,AUTO
23:21:14,-85.03887,-121.6831,0,558,ON,RETRACTED,AUTO
23:21:15,-78.51287,-14.94938,0,562,ON,DEPLOYED,AUTO
23:21:15,-78.76873,-19.40897,0,604,ON,DEPLOYED,AUTO
23:21:15,-76.35497,-6.963897,0,754,ON,DEPLOYED,AUTO
23:21:15,-78.20921,-12.72024,0,835,ON,DEPLOYED,AUTO
23:21:15,-77.39674,-16.47605,0,936,ON,DEPLOYED,AUTO
23:21:15,-79.59904,-17.35402,0,994,ON,DEPLOYED,AUTO
23:21:15,-77.89841,-17.60287,0,1024,ON,DEPLOYED,AUTO
23:21:15,-79.05309,-16.01294,0,1024,ON,DEPLOYED,AUTO
23:21:15,-78.65954,-17.85361,0,1024,ON,DEPLOYED,AUTO
23:21:15,-80.52594,-20.59409,0,1024,ON,DEPLOYED,AUTO
23:21:16,-80.64936,-20.75895,0,1024,ON,DEPLOYED,AUTO
23:21:16,-80.33073,-21.19254,0,1024,ON,DEPLOYED,AUTO
23:21:16,-80.50195,-20.30602,0,1024,ON,DEPLOYED,AUTO
23:21:16,-81.23985,-21.8503,0,1024,ON,DEPLOYED,AUTO
23:21:16,-80.29158,-21.08287,0,1024,ON,DEPLOYED,AUTO
23:21:16,-80.53256,-21.27161,0,1024,ON,DEPLOYED,AUTO
23:21:16,-80.80251,-21.70845,0,1024,ON,DEPLOYED,AUTO
23:21:16,-81.38416,-21.76797,0,1024,ON,DEPLOYED,AUTO
23:21:16,-80.27256,-21.56441,0,1024,ON,DEPLOYED,AUTO
23:21:16,-80.3286,-21.13487,0,1024,ON,DEPLOYED,AUTO
23:21:17,-81.29945,-21.53661,0,1024,ON,DEPLOYED,AUTO
23:21:17,-80.96181,-21.05591,0,1024,ON,DEPLOYED,AUTO
23:21:17,-80.58039,-21.60478,0,1024,ON,DEPLOYED,AUTO
23:21:17,-80.85484,-23.87655,0,1024,ON,DEPLOYED,AUTO
23:21:17,-81.36497,-21.63519,0,1024,ON,DEPLOYED,AUTO
23:21:17,-81.03068,-23.02944,0,1024,ON,DEPLOYED,AUTO
23:21:17,-81.23428,-23.02549,0,1024,ON,DEPLOYED,AUTO
23:21:17,-81.64349,-25.11745,0,1024,ON,DEPLOYED,AUTO
23:21:17,-82.08095,-23.63498,0,1024,ON,DEPLOYED,AUTO
23:21:17,-81.50745,-23.27021,0,1024,ON,DEPLOYED,AUTO
23:21:18,-81.7809,-25.93314,0,1024,ON,DEPLOYED,AUTO
23:21:18,-81.8679,-23.50991,0,1024,ON,DEPLOYED,AUTO
23:21:18,-81.86695,-26.35205,0,1024,ON,DEPLOYED,AUTO
23:21:18,-81.11266,-23.34652,0,1024,ON,DEPLOYED,AUTO
23:21:18,-81.66848,-25.33307,0,1024,ON,DEPLOYED,AUTO
23:21:18,-81.36974,-23.46991,0,1024,ON,DEPLOYED,AUTO
23:21:18,-81.68887,-25.69133,0,1024,ON,DEPLOYED,AUTO
23:21:18,-82.23714,-25.80945,0,1024,ON,DEPLOYED,AUTO
23:21:18,-81.22503,-22.16032,0,1024,ON,DEPLOYED,AUTO
23:21:18,-81.36057,-23.83492,0,1024,ON,DEPLOYED,AUTO
23:21:19,-81.40733,-23.84445,0,1024,ON,DEPLOYED,AUTO
23:21:19,-81.41067,-23.7626,0,1024,ON,DEPLOYED,AUTO
23:21:19,-81.29649,-22.65382,0,1024,ON,DEPLOYED,AUTO
23:21:19,-81.58274,-24.84546,0,1024,ON,DEPLOYED,AUTO
23:21:19,-81.02048,-22.66631,0,1024,ON,DEPLOYED,AUTO
23:21:19,-81.59545,-25.70383,0,1024,ON,DEPLOYED,AUTO
23:21:19,-81.08835,-19.54972,0,1024,ON,DEPLOYED,AUTO
23:21:19,-79.88407,-17.77975,0,1024,ON,DEPLOYED,AUTO
23:21:19,-75.80156,-29.86692,0,1024,ON,DEPLOYED,AUTO
23:21:19,-81.14182,-14.40002,0,1024,ON,DEPLOYED,AUTO
23:21:20,-85.6828,-15.41039,0,1024,ON,DEPLOYED,AUTO
23:21:20,-84.242,-53.35915,0,1024,ON,DEPLOYED,AUTO
23:21:20,-84.36781,-20.53947,0,1021,ON,DEPLOYED,AUTO
23:21:20,-81.51516,21.72358,0,1008,ON,DEPLOYED,AUTO
23:21:20,-79.28532,32.31203,0,991,ON,DEPLOYED,AUTO
23:21:20,-80.02347,60.26342,0,981,ON,DEPLOYED,AUTO
23:21:20,-79.75152,40.45196,0,986,ON,DEPLOYED,AUTO
23:21:20,-82.40781,103.1092,0,988,ON,DEPLOYED,AUTO
23:21:20,-76.7263,71.31093,0,985,ON,DEPLOYED,AUTO
23:21:20,-82.5759,32.57406,0,976,ON,DEPLOYED,AUTO
23:21:21,-85.73358,5.860278,0,975,ON,DEPLOYED,AUTO
23:21:21,-76.62753,9.004779,0,973,ON,DEPLOYED,AUTO
23:21:21,-84.92184,-9.337059,0,976,ON,DEPLOYED,AUTO
23:21:21,-85.34521,-12.22242,0,985,ON,DEPLOYED,AUTO
23:21:21,-85.23074,-10.42071,0,988,ON,DEPLOYED,AUTO
23:21:21,-84.87351,-11.98953,0,991,ON,DEPLOYED,AUTO
23:21:21,-84.96577,-10.1949,0,992,ON,DEPLOYED,AUTO
23:21:21,-84.92953,-12.11602,0,993,ON,DEPLOYED,AUTO
23:21:21,-85.27255,-11.50198,0,992,ON,DEPLOYED,AUTO
23:21:21,-85.10484,-10.47423,0,988,ON,DEPLOYED,AUTO
23:21:22,-85.1379,-9.071498,0,964,ON,DEPLOYED,AUTO
23:21:22,-85.58126,-11.41255,0,934,ON,DEPLOYED,AUTO
23:21:22,-85.04487,-8.79373,0,884,ON,DEPLOYED,AUTO
23:21:22,-84.83732,-9.904182,0,808,ON,DEPLOYED,AUTO
23:21:22,-85.40437,-9.103539,0,557,ON,DEPLOYED,AUTO
23:21:22,-85.27451,-10.56922,0,475,ON,DEPLOYED,AUTO
23:21:22,-85.07236,-9.926246,0,466,ON,DEPLOYED,AUTO
23:21:22,-85.12864,-9.566686,0,474,ON,DEPLOYED,AUTO
23:21:22,-85.32841,-9.625249,0,476,ON,DEPLOYED,AUTO
23:21:23,-85.22691,-10.60969,0,469,ON,DEPLOYED,AUTO
23:21:23,-84.7282,-9.293309,0,461,ON,DEPLOYED,AUTO
23:21:23,-84.72816,-7.361774,0,454,ON,DEPLOYED,AUTO
23:21:23,-84.84264,-7.683981,0,448,ON,DEPLOYED,AUTO
23:21:23,-84.81558,-8.972627,0,438,ON,DEPLOYED,AUTO
23:21:23,-85.05709,-10.87961,0,449,ON,DEPLOYED,AUTO
23:21:23,-85.34092,-10.49751,0,446,ON,DEPLOYED,AUTO
23:21:23,-85.31271,-8.783815,0,450,ON,DEPLOYED,AUTO
23:21:23,-85.08741,-7.57385,0,451,ON,DEPLOYED,AUTO
23:21:23,-85.27229,-11.18176,0,449,ON,DEPLOYED,AUTO
23:21:24,-85.12629,-11.18538,0,440,ON,DEPLOYED,AUTO
23:21:24,-85.37247,-9.050721,0,430,ON,DEPLOYED,AUTO
23:21:24,-85.11374,-10.03552,0,423,ON,DEPLOYED,AUTO
23:21:24,-85.13055,-7.950774,0,423,ON,DEPLOYED,AUTO
23:21:24,-85.26732,-10.31942,0,426,ON,DEPLOYED,AUTO
23:21:24,-84.96555,-10.31855,0,433,ON,RETRACTED,AUTO
23:21:24,-84.78194,-10.72886,0,446,ON,RETRACTED,AUTO
23:21:24,-85.04301,-9.102622,0,441,ON,RETRACTED,AUTO
23:21:24,-84.69911,-7.73894,0,429,ON,RETRACTED,AUTO
23:21:24,-85.23397,-10.95921,0,437,ON,RETRACTED,AUTO
23:21:25,-85.14422,-11.34105,0,429,ON,RETRACTED,AUTO
23:21:25,-85.35048,-9.02454,0,416,ON,RETRACTED,AUTO
23:21:25,-84.84607,-12.3665,0,413,ON,RETRACTED,AUTO
23:21:25,-84.98585,-12.91367,0,416,ON,RETRACTED,AUTO
23:21:25,-84.7523,-8.378673,0,430,ON,RETRACTED,AUTO
23:21:25,-84.66233,-1.74451,0,440,ON,RETRACTED,AUTO
23:21:25,-84.76933,-8.757403,0,449,ON,RETRACTED,AUTO
23:21:25,-84.83341,-0.599934,0,452,ON,RETRACTED,AUTO
23:21:25,-85.02143,-7.317607,0,450,ON,RETRACTED,AUTO
23:21:25,-84.6778,-8.150617,0,439,ON,RETRACTED,AUTO
23:21:26,-84.80828,-6.570559,0,427,ON,RETRACTED,AUTO
23:21:26,-84.98457,-8.828265,0,423,ON,RETRACTED,AUTO
23:21:26,-83.97124,-5.901748,0,423,ON,RETRACTED,AUTO
23:21:26,-85.40411,-6.777278,0,427,ON,RETRACTED,AUTO
23:21:26,-83.71915,-5.013113,0,436,ON,RETRACTED,AUTO
23:21:26,-84.79261,-7.418651,0,442,ON,RETRACTED,AUTO
23:21:26,-84.85816,-0.150778,0,450,ON,RETRACTED,AUTO
23:21:26,-84.29659,-16.22254,0,452,ON,RETRACTED,AUTO
23:21:26,-84.92432,-6.256106,0,450,ON,RETRACTED,AUTO
23:21:26,-84.68057,-6.692875,0,441,ON,RETRACTED,AUTO
23:21:27,-84.62549,-3.900494,0,432,ON,RETRACTED,AUTO
23:21:27,-84.78351,-2.810714,0,424,ON,RETRACTED,AUTO
23:21:27,-84.6168,-4.88276,0,423,ON,RETRACTED,AUTO
23:21:27,-84.51215,-5.78062,0,429,ON,RETRACTED,AUTO
23:21:27,-84.59909,-6.466882,0,438,ON,RETRACTED,AUTO
23:21:27,-85.14919,-5.75826,0,447,ON,RETRACTED,AUTO
23:21:27,-84.67563,-8.912109,0,452,ON,RETRACTED,AUTO
23:21:27,-84.68149,-10.79787,0,454,ON,RETRACTED,AUTO
23:21:27,-84.73708,-7.943471,0,449,ON,RETRACTED,AUTO
23:21:27,-84.5153,-8.209901,0,440,ON,RETRACTED,AUTO
23:21:28,-84.39192,-6.355418,0,430,ON,RETRACTED,AUTO
23:21:28,-83.92785,-2.550464,0,426,ON,RETRACTED,AUTO
23:21:28,-83.63146,-3.707287,0,426,ON,RETRACTED,AUTO
23:21:28,-84.2588,-4.45037,0,430,ON,RETRACTED,AUTO
23:21:28,-84.90307,-9.563284,0,439,ON,RETRACTED,AUTO
23:21:28,-85.07718,-3.171457,0,447,ON,RETRACTED,AUTO
23:21:28,-83.95518,3.59233,0,450,ON,RETRACTED,AUTO
23:21:28,-83.01733,1.432096,0,449,ON,RETRACTED,AUTO
23:21:28,-82.48454,1.297418,0,446,ON,RETRACTED,AUTO
23:21:28,-75.51201,5.036045,0,438,ON,RETRACTED,AUTO
23:21:29,-67.42935,1.467811,0,430,ON,RETRACTED,AUTO
23:21:29,-63.72108,4.167134,0,428,ON,RETRACTED,AUTO
23:21:29,-61.16605,2.702308,0,430,ON,RETRACTED,AUTO
23:21:29,-61.2248,4.183551,0,438,ON,RETRACTED,AUTO
23:21:29,-61.66553,4.892875,0,447,ON,RETRACTED,AUTO
23:21:29,-59.54866,2.561456,0,452,ON,RETRACTED,AUTO
23:21:29,-59.38549,3.291012,0,454,ON,RETRACTED,AUTO
23:21:29,-57.6322,2.921222,0,451,ON,RETRACTED,AUTO
23:21:29,-57.5808,2.976601,0,446,ON,RETRACTED,AUTO
23:21:29,-58.77788,2.95918,0,435,ON,RETRACTED,AUTO
23:21:30,-58.63726,3.086002,0,427,ON,RETRACTED,AUTO
23:21:30,-58.73334,2.286549,0,426,ON,RETRACTED,AUTO
23:21:30,-57.91717,3.454802,0,430,ON,RETRACTED,AUTO
23:21:30,-58.95024,3.530742,0,439,ON,RETRACTED,AUTO
23:21:30,-57.98377,3.642561,0,448,ON,RETRACTED,AUTO
23:21:30,-60.18545,3.54063,0,454,ON,RETRACTED,AUTO
23:21:30,-59.68945,2.871527,0,456,ON,RETRACTED,AUTO
23:21:30,-59.31304,3.831051,0,451,ON,RETRACTED,AUTO
23:21:30,-58.783,3.747207,0,442,ON,RETRACTED,AUTO
23:21:30,-55.22513,2.227562,0,434,ON,RETRACTED,AUTO
23:21:31,-55.26847,9.593787,0,428,ON,RETRACTED,AUTO
23:21:31,-57.13083,4.482617,0,429,ON,RETRACTED,AUTO
23:21:31,-59.15656,11.55956,0,436,ON,RETRACTED,AUTO
23:21:31,-62.00753,5.834604,0,441,ON,RETRACTED,AUTO
23:21:31,-58.38958,3.388209,0,450,ON,RETRACTED,AUTO
23:21:31,-57.18934,5.051964,0,456,ON,RETRACTED,AUTO
23:21:31,-58.40428,3.634549,0,456,ON,RETRACTED,AUTO
23:21:31,-60.3991,3.828113,0,450,ON,RETRACTED,AUTO
23:21:31,-58.91173,3.987852,0,441,ON,RETRACTED,AUTO
23:21:31,-67.85689,0.88467,0,437,ON,RETRACTED,AUTO
23:21:32,-80.52041,-1.72318,0,433,ON,RETRACTED,AUTO
23:21:32,-81.30189,4.067887,0,433,ON,RETRACTED,AUTO
23:21:32,-80.87328,3.977182,0,438,ON,RETRACTED,AUTO
23:21:32,-81.4622,5.406212,0,446,ON,RETRACTED,AUTO
23:21:32,-80.70811,4.328545,0,451,ON,RETRACTED,AUTO
23:21:32,-80.95216,3.76853,0,456,ON,RETRACTED,AUTO
23:21:32,-81.01575,4.299863,0,454,ON,RETRACTED,AUTO
23:21:32,-81.31671,4.432669,0,448,ON,RETRACTED,AUTO
23:21:32,-81.02018,5.873609,0,437,ON,RETRACTED,AUTO
23:21:33,-81.09162,3.473479,0,429,ON,RETRACTED,AUTO
23:21:33,-80.99023,4.784904,0,427,ON,RETRACTED,AUTO
23:21:33,-81.11095,4.871883,0,433,ON,RETRACTED,AUTO
23:21:33,-80.87212,4.223925,0,439,ON,RETRACTED,AUTO
23:21:33,-81.04702,4.813551,0,448,ON,RETRACTED,AUTO
23:21:33,-80.42988,3.062287,0,454,ON,RETRACTED,AUTO
23:21:33,-81.32993,4.534961,0,457,ON,RETRACTED,AUTO
23:21:33,-81.326,2.924332,0,452,ON,RETRACTED,AUTO
23:21:33,-81.29864,2.230017,0,446,ON,RETRACTED,AUTO
23:21:33,-81.28918,2.781777,0,436,ON,RETRACTED,AUTO
23:21:34,-81.69293,4.398705,0,428,ON,RETRACTED,AUTO
23:21:34,-81.8664,3.922168,0,427,ON,RETRACTED,AUTO
23:21:34,-84.08261,1.307896,0,430,ON,RETRACTED,AUTO
23:21:34,-89.31452,33.69007,0,437,ON,RETRACTED,AUTO
23:21:34,-86.96391,18.35459,0,439,ON,RETRACTED,AUTO
23:21:34,-81.28182,173.4984,0,433,ON,RETRACTED,AUTO
23:21:34,-71.5863,175.7366,0,410,ON,RETRACTED,AUTO
23:21:34,-65.57809,176.7507,0,387,ON,RETRACTED,AUTO
23:21:34,-60.45256,177.3097,0,365,ON,RETRACTED,AUTO
23:21:34,-58.37914,176.6899,0,346,ON,RETRACTED,AUTO
23:21:35,-58.96094,178.0515,0,338,ON,RETRACTED,AUTO
23:21:35,-58.85314,177.6272,0,336,ON,RETRACTED,AUTO
23:21:35,-55.71327,177.2019,0,339,ON,RETRACTED,AUTO
23:21:35,-56.30571,178.2704,0,344,ON,RETRACTED,AUTO
23:21:35,-52.31094,174.1796,0,349,ON,RETRACTED,AUTO
23:21:35,-53.60713,179.2303,0,351,ON,RETRACTED,AUTO
23:21:35,-59.18289,176.3511,0,357,ON,RETRACTED,AUTO
23:21:35,-59.76277,177.1198,0,354,ON,RETRACTED,AUTO
23:21:35,-58.84103,176.9844,0,348,ON,RETRACTED,AUTO
23:21:35,-56.79696,177.3892,0,338,ON,RETRACTED,AUTO
23:21:36,-58.0043,176.8173,0,334,ON,RETRACTED,AUTO
23:21:36,-58.68606,177.84,0,338,ON,RETRACTED,AUTO
23:21:36,-61.03214,178.1799,0,348,ON,RETRACTED,AUTO
23:21:36,-59.81365,177.6509,0,355,ON,RETRACTED,AUTO
23:21:36,-59.41851,178.1018,0,363,ON,RETRACTED,AUTO
23:21:36,-59.37656,177.4012,0,365,ON,RETRACTED,AUTO
23:21:36,-59.30342,176.976,0,364,ON,RETRACTED,AUTO
23:21:36,-59.25754,177.8132,0,357,ON,RETRACTED,AUTO
23:21:36,-59.31894,177.6588,0,349,ON,RETRACTED,AUTO
23:21:36,-59.06306,177.2203,0,346,ON,RETRACTED,AUTO
23:21:37,-65.62336,176.6234,0,373,ON,RETRACTED,AUTO
23:21:37,-86.4355,95.71059,0,426,ON,RETRACTED,AUTO
23:21:37,-85.47858,7.357838,0,437,ON,RETRACTED,AUTO
23:21:37,-85.64493,5.657899,0,446,ON,RETRACTED,AUTO
23:21:37,-85.07504,2.988002,0,451,ON,RETRACTED,AUTO
23:21:37,-85.15358,3.029541,0,454,ON,RETRACTED,AUTO
23:21:37,-85.63181,2.658884,0,450,ON,RETRACTED,AUTO
23:21:37,-85.49875,4.977165,0,442,ON,RETRACTED,AUTO
23:21:37,-85.17471,3.046481,0,433,ON,RETRACTED,AUTO
23:21:37,-85.10172,2.379342,0,427,ON,RETRACTED,AUTO
23:21:38,-84.58326,-0.285762,0,427,ON,RETRACTED,AUTO
23:21:38,-85.15443,0.952197,0,433,ON,RETRACTED,AUTO
23:21:38,-85.00074,1.393406,0,440,ON,RETRACTED,AUTO
23:21:38,-84.51815,5.626746,0,448,ON,RETRACTED,AUTO
23:21:38,-84.82893,2.087984,0,453,ON,RETRACTED,AUTO
23:21:38,-84.8976,1.671286,0,454,ON,RETRACTED,AUTO
23:21:38,-84.67097,1.450216,0,209,ON,RETRACTED,AUTO
23:21:38,-85.27638,1.165742,0,430,ON,RETRACTED,AUTO
23:21:38,-85.35378,10.21688,0,427,ON,RETRACTED,AUTO
23:21:38,-84.09779,2.992283,0,416,ON,RETRACTED,AUTO
23:21:39,-84.47266,16.50436,0,170,ON,RETRACTED,AUTO
23:21:39,-79.9174,23.85758,0,89,ON,RETRACTED,AUTO
23:21:39,-74.64028,52.35699,0,70,ON,RETRACTED,AUTO
23:21:39,-73.3909,64.32399,0,61,ON,RETRACTED,AUTO
23:21:39,-72.14947,56.0806,0,56,ON,RETRACTED,AUTO
23:21:39,-66.41719,62.33626,0,51,ON,RETRACTED,AUTO
23:21:39,-63.75642,72.59188,0,50,ON,RETRACTED,AUTO
23:21:39,-62.55057,68.68729,0,50,ON,RETRACTED,AUTO
23:21:39,-62.61182,71.61812,0,51,ON,RETRACTED,AUTO
23:21:39,-58.4176,73.54055,0,69,ON,RETRACTED,AUTO
23:21:40,-56.03979,72.79596,0,249,ON,RETRACTED,AUTO
23:21:40,-55.19607,73.303,0,271,ON,RETRACTED,AUTO
23:21:40,-54.89176,71.69252,0,277,ON,RETRACTED,AUTO
23:21:40,-54.20842,71.57962,0,281,ON,RETRACTED,AUTO
23:21:40,-53.68945,72.22227,0,276,ON,RETRACTED,AUTO
23:21:40,-52.77475,72.54546,0,257,ON,RETRACTED,AUTO
23:21:40,-53.00614,74.03007,0,247,ON,RETRACTED,AUTO
23:21:40,-53.33112,72.64197,0,247,ON,RETRACTED,AUTO
23:21:40,-53.25484,73.57124,0,247,ON,RETRACTED,AUTO
23:21:40,-52.69217,72.62596,0,250,ON,RETRACTED,AUTO
23:21:41,-54.25063,73.03498,0,258,ON,RETRACTED,AUTO
23:21:41,-55.16429,73.43306,0,273,ON,RETRACTED,AUTO
23:21:41,-56.60488,73.60625,0,286,ON,RETRACTED,AUTO
23:21:41,-60.63207,72.19936,0,274,ON,RETRACTED,AUTO
23:21:41,-68.85419,63.78967,0,247,ON,RETRACTED,AUTO
23:21:41,-75.29898,58.45771,0,176,ON,RETRACTED,AUTO
23:21:41,-82.06328,9.582945,0,102,ON,RETRACTED,AUTO
23:21:41,-81.2606,9.170817,0,86,ON,RETRACTED,AUTO
23:21:41,-81.42175,8.015841,0,80,ON,RETRACTED,AUTO
23:21:42,-78.41106,20.9974,0,75,ON,RETRACTED,AUTO
23:21:42,-82.53537,-4.144624,0,67,ON,RETRACTED,AUTO
23:21:42,-83.75546,-4.948334,0,64,ON,RETRACTED,AUTO
23:21:42,-84.15224,-5.015418,0,62,ON,RETRACTED,AUTO
23:21:42,-83.78741,-5.351958,0,291,ON,RETRACTED,AUTO
23:21:42,-83.81332,-5.115462,0,433,ON,RETRACTED,AUTO
23:21:42,-83.86493,-4.920616,0,438,ON,RETRACTED,AUTO
23:21:42,-83.68474,-7.699316,0,432,ON,RETRACTED,AUTO
23:21:42,-83.65579,-5.238485,0,427,ON,RETRACTED,AUTO
23:21:42,-84.06359,-5.852702,0,426,ON,RETRACTED,AUTO
23:21:43,-83.8652,-5.046142,0,430,ON,RETRACTED,AUTO
23:21:43,-83.25773,-4.337482,0,438,ON,RETRACTED,AUTO
23:21:43,-80.66473,16.4417,0,446,ON,RETRACTED,AUTO
23:21:43,-84.76261,-5.447301,0,452,ON,RETRACTED,AUTO
23:21:43,-84.04828,-1.169139,0,456,ON,RETRACTED,AUTO
23:21:43,-84.23417,-4.6859,0,451,ON,RETRACTED,AUTO
23:21:43,-84.1416,0,0,442,ON,RETRACTED,AUTO
23:21:43,-85.13823,-7.105482,0,434,ON,RETRACTED,AUTO
23:21:43,-84.91517,-19.86704,0,429,ON,RETRACTED,AUTO
23:21:43,-85.917,-33.64143,0,433,ON,RETRACTED,AUTO
23:21:44,-82.32533,-45.20057,0,446,ON,RETRACTED,AUTO
23:21:44,-77.80995,-85.11534,0,464,ON,RETRACTED,AUTO
23:21:44,-66.91683,-84.73016,0,481,ON,RETRACTED,AUTO
23:21:44,-60.10038,-82.25223,0,489,ON,RETRACTED,AUTO
23:21:44,-56.51669,-83.18068,0,490,ON,RETRACTED,AUTO
23:21:44,-56.04362,-85.1329,0,484,ON,RETRACTED,AUTO
23:21:44,-55.82041,-82.77534,0,475,ON,RETRACTED,AUTO
23:21:44,-56.55943,-83.19131,0,465,ON,RETRACTED,AUTO
23:21:44,-55.63834,-83.61236,0,462,ON,RETRACTED,AUTO
23:21:44,-54.81973,-82.84567,0,466,ON,RETRACTED,AUTO
23:21:45,-54.89588,-84.96313,0,475,ON,RETRACTED,AUTO
23:21:45,-55.48654,-83.77849,0,483,ON,RETRACTED,AUTO
23:21:45,-54.50612,-81.843,0,490,ON,RETRACTED,AUTO
23:21:45,-54.36037,-84.55069,0,494,ON,RETRACTED,AUTO
23:21:45,-55.30786,-83.20876,0,489,ON,RETRACTED,AUTO
23:21:45,-54.22358,-85.06409,0,481,ON,RETRACTED,AUTO
23:21:45,-55.46631,-81.73091,0,470,ON,RETRACTED,AUTO
23:21:45,-62.73804,-82.11922,0,463,ON,RETRACTED,AUTO
23:21:45,-72.36598,-72.86609,0,459,ON,RETRACTED,AUTO
23:21:45,-78.59829,-52.49928,0,457,ON,RETRACTED,AUTO
23:21:46,-82.40043,-37.12882,0,454,ON,RETRACTED,AUTO
23:21:46,-83.98572,-27.0623,0,456,ON,RETRACTED,AUTO
23:21:46,-84.17084,-19.25929,0,457,ON,RETRACTED,AUTO
23:21:46,-84.65588,-15.74762,0,454,ON,RETRACTED,AUTO
23:21:46,-84.72986,-12.57657,0,448,ON,RETRACTED,AUTO
23:21:46,-84.41241,-15.31601,0,438,ON,RETRACTED,AUTO
23:21:46,-83.93082,-10.90962,0,430,ON,RETRACTED,AUTO
23:21:46,-84.50774,-13.83076,0,427,ON,RETRACTED,AUTO
23:21:46,-84.40627,-14.5689,0,429,ON,RETRACTED,AUTO
23:21:46,-84.16767,-12.08555,0,437,ON,RETRACTED,AUTO
23:21:47,-84.13692,-10.35207,0,447,ON,RETRACTED,AUTO
23:21:47,-83.8546,-9.73112,0,453,ON,RETRACTED,AUTO
23:21:47,-83.74636,-13.4669,0,457,ON,RETRACTED,AUTO
23:21:47,-83.75713,-12.52881,0,452,ON,RETRACTED,AUTO
23:21:47,-83.98421,-12.72436,0,446,ON,RETRACTED,AUTO
23:21:47,-83.71476,-10.24991,0,436,ON,RETRACTED,AUTO
23:21:47,-83.95598,-10.00798,0,428,ON,RETRACTED,AUTO
23:21:47,-84.12584,-11.67158,0,428,ON,RETRACTED,AUTO
23:21:47,-83.58564,-10.29407,0,434,ON,RETRACTED,AUTO
23:21:47,-83.7433,-10.94623,0,441,ON,RETRACTED,AUTO
23:21:48,-83.75275,-10.3159,0,450,ON,RETRACTED,AUTO
23:21:48,-83.63212,-10.76155,0,456,ON,RETRACTED,AUTO
23:21:48,-83.73415,-10.80162,0,456,ON,RETRACTED,AUTO
23:21:48,-83.93118,-10.53334,0,450,ON,RETRACTED,AUTO
23:21:48,-83.67318,-12.17146,0,440,ON,RETRACTED,AUTO
23:21:48,-83.65508,-11.64415,0,430,ON,RETRACTED,AUTO
23:21:48,-84.06734,-11.48795,0,427,ON,RETRACTED,AUTO
23:21:48,-83.83556,-12.21698,0,430,ON,RETRACTED,AUTO
23:21:48,-84.12257,-11.10383,0,437,ON,RETRACTED,AUTO
23:21:48,-83.76292,-9.421744,0,447,ON,RETRACTED,AUTO
23:21:49,-83.70563,-10.68033,0,452,ON,RETRACTED,AUTO
23:21:49,-84.25587,-11.54811,0,457,ON,RETRACTED,AUTO
23:21:49,-83.83607,-9.812184,0,454,ON,RETRACTED,AUTO
23:21:49,-83.7105,-8.408913,0,447,ON,RETRACTED,AUTO
23:21:49,-83.53101,-10.22989,0,205,ON,RETRACTED,AUTO
23:21:49,-83.57628,-10.745,0,114,ON,RETRACTED,AUTO
23:21:49,-84.11528,-7.369174,0,224,ON,RETRACTED,AUTO
23:21:49,-83.68889,-9.220823,0,406,ON,RETRACTED,AUTO
23:21:49,-83.90949,-11.78385,0,432,ON,RETRACTED,AUTO
23:21:49,-83.79864,-9.871132,0,438,ON,RETRACTED,AUTO
23:21:50,-83.5469,-11.33342,0,447,ON,RETRACTED,AUTO
23:21:50,-83.78484,-9.727577,0,450,ON,RETRACTED,AUTO
23:21:50,-83.63541,-8.662991,0,448,ON,RETRACTED,AUTO
23:21:50,-83.61604,-9.979921,0,438,ON,RETRACTED,AUTO
23:21:50,-83.64424,-9.761775,0,428,ON,RETRACTED,AUTO
23:21:50,-83.61609,-11.68937,0,422,ON,RETRACTED,AUTO
23:21:50,-83.61001,-9.004126,0,422,ON,RETRACTED,AUTO
23:21:50,-83.69164,-8.978995,0,417,ON,RETRACTED,AUTO
23:21:50,-83.83662,-10.59654,0,204,ON,RETRACTED,AUTO
23:21:50,-83.38649,-8.409912,0,138,ON,RETRACTED,AUTO
23:21:51,-83.43613,-11.17242,0,130,ON,RETRACTED,AUTO
23:21:51,-83.79604,-11.79879,0,126,ON,RETRACTED,AUTO
23:21:51,-84.01093,-10.52441,0,120,ON,RETRACTED,AUTO
23:21:51,-83.77766,-12.23319,0,116,ON,RETRACTED,AUTO
23:21:51,-83.53061,-9.717492,0,112,ON,RETRACTED,AUTO
23:21:51,-83.66929,-7.940667,0,106,ON,RETRACTED,AUTO
23:21:51,-83.80488,-10.28253,0,103,ON,RETRACTED,AUTO
23:21:51,-83.57728,-8.079112,0,103,ON,RETRACTED,AUTO
23:21:51,-83.55056,-5.996475,0,102,ON,RETRACTED,AUTO
23:21:51,-83.43812,-12.04563,0,102,ON,RETRACTED,AUTO
23:21:52,-83.66524,-9.703482,0,103,ON,RETRACTED,AUTO
23:21:52,-83.64376,-6.192971,0,102,ON,RETRACTED,AUTO
23:21:52,-83.68362,-9.099951,0,101,ON,RETRACTED,AUTO
23:21:52,-83.72914,-11.64781,0,100,ON,RETRACTED,AUTO
23:21:52,-83.67952,-9.562631,0,99,ON,RETRACTED,AUTO
23:21:52,-83.62782,-10.38089,0,99,ON,RETRACTED,AUTO
23:21:52,-83.54526,-9.973351,0,99,ON,RETRACTED,AUTO
23:21:52,-83.90707,-10.83766,0,100,ON,RETRACTED,AUTO
23:21:52,-83.69382,-10.83008,0,102,ON,RETRACTED,AUTO
23:21:53,-83.62509,-9.502194,0,103,ON,RETRACTED,AUTO
23:21:53,-83.80135,-7.602856,0,103,ON,RETRACTED,AUTO
23:21:53,-83.75913,-8.463316,0,103,ON,RETRACTED,AUTO
23:21:53,-83.37122,-10.0755,0,102,ON,RETRACTED,AUTO
23:21:53,-83.82045,-7.77643,0,102,ON,RETRACTED,AUTO
23:21:53,-83.62592,-11.30993,0,102,ON,RETRACTED,AUTO
23:21:53,-83.72249,-9.017394,0,103,ON,RETRACTED,AUTO
23:21:53,-83.71017,-10.99684,0,106,ON,RETRACTED,AUTO
23:21:53,-83.54337,-11.28654,0,105,ON,RETRACTED,AUTO
23:21:53,-83.74583,-10.00798,0,104,ON,RETRACTED,AUTO
23:21:54,-83.73949,-9.665066,0,103,ON,RETRACTED,AUTO
23:21:54,-83.58548,-10.6715,0,102,ON,RETRACTED,AUTO
23:21:54,-83.5143,-8.873285,0,99,ON,RETRACTED,AUTO
23:21:54,-83.90108,-7.502473,0,97,ON,RETRACTED,AUTO
23:21:54,-83.24126,-9.311791,0,100,ON,RETRACTED,AUTO
23:21:54,-83.66054,-8.319766,0,98,ON,RETRACTED,AUTO
23:21:54,-83.20364,-7.985376,0,100,ON,RETRACTED,AUTO
23:21:54,-83.23638,-8.259438,0,102,ON,RETRACTED,AUTO
23:21:54,-83.2254,-9.387376,0,104,ON,RETRACTED,AUTO
23:21:54,-83.58564,-10.29407,0,104,ON,RETRACTED,AUTO
23:21:55,-83.74071,-8.914927,0,104,ON,RETRACTED,AUTO
23:21:55,-83.45281,-6.861523,0,102,ON,RETRACTED,AUTO
23:21:55,-83.21722,-7.534466,0,99,ON,RETRACTED,AUTO
23:21:55,-83.23167,-8.711437,0,100,ON,RETRACTED,AUTO
23:21:55,-83.40108,-8.362472,0,108,ON,RETRACTED,AUTO
23:21:55,-83.58259,-8.847116,0,113,ON,RETRACTED,AUTO
23:21:55,-83.64973,-10.45625,0,114,ON,RETRACTED,AUTO
23:21:55,-83.20481,-8.789385,0,115,ON,RETRACTED,AUTO
23:21:55,-83.47221,-6.875651,0,115,ON,RETRACTED,AUTO
23:21:55,-83.64255,-8.404736,0,114,ON,RETRACTED,AUTO
23:21:56,-83.24676,-6.529536,0,112,ON,RETRACTED,AUTO
23:21:56,-83.674,-8.302161,0,108,ON,RETRACTED,AUTO
23:21:56,-83.75242,-11.09134,0,106,ON,RETRACTED,AUTO
23:21:56,-83.55243,-9.757963,0,104,ON,RETRACTED,AUTO
23:21:56,-83.86495,-10.39506,0,104,ON,RETRACTED,AUTO
23:21:56,-83.82377,-10.67334,0,106,ON,RETRACTED,AUTO
23:21:56,-83.28241,-9.500241,0,108,ON,RETRACTED,AUTO
23:21:56,-83.37124,-8.755002,0,110,ON,RETRACTED,AUTO
23:21:56,-83.46655,-8.063247,0,111,ON,RETRACTED,AUTO
23:21:56,-83.21312,-8.547609,0,112,ON,RETRACTED,AUTO
23:21:57,-83.51515,-9.090278,0,110,ON,RETRACTED,AUTO
23:21:57,-83.85425,-7.669193,0,111,ON,RETRACTED,AUTO
23:21:57,-83.66437,-10.64207,0,112,ON,RETRACTED,AUTO
23:21:57,-83.97083,-11.23444,0,114,ON,RETRACTED,AUTO
23:21:57,-83.87645,-10.39506,0,117,ON,RETRACTED,AUTO
23:21:57,-83.99308,-9.399104,0,126,ON,RETRACTED,AUTO
23:21:57,-83.59501,-7.808314,0,142,ON,RETRACTED,AUTO
23:21:57,-83.78486,-11.23694,0,145,ON,RETRACTED,AUTO
23:21:57,-83.58324,-8.810139,0,158,ON,RETRACTED,AUTO
23:21:57,-83.5199,-8.113286,0,163,ON,RETRACTED,AUTO
23:21:58,-83.86371,-8.841814,0,166,ON,RETRACTED,AUTO
23:21:58,-83.54755,-9.619728,0,158,ON,RETRACTED,AUTO
23:21:58,-83.57735,-8.351848,0,142,ON,RETRACTED,AUTO
23:21:58,-83.35075,-10.53386,0,135,ON,RETRACTED,AUTO
23:21:58,-83.87578,-8.880659,0,130,ON,RETRACTED,AUTO
23:21:58,-83.78867,-7.97207,0,123,ON,RETRACTED,AUTO
23:21:58,-83.70552,-8.857959,0,120,ON,RETRACTED,AUTO
23:21:58,-83.67753,-8.839128,0,120,ON,RETRACTED,AUTO
23:21:58,-83.58115,-9.185342,0,121,ON,RETRACTED,AUTO
23:21:58,-83.57646,-7.65771,0,123,ON,RETRACTED,AUTO
23:21:59,-83.45082,-8.746162,0,122,ON,RETRACTED,AUTO
23:21:59,-83.38653,-8.196112,0,123,ON,RETRACTED,AUTO
23:21:59,-83.59268,-8.60841,0,123,ON,RETRACTED,AUTO
23:21:59,-83.42374,-10.25243,0,122,ON,RETRACTED,AUTO
23:21:59,-83.62736,-9.123769,0,122,ON,RETRACTED,AUTO
23:21:59,-83.87311,-10.271,0,123,ON,RETRACTED,AUTO
23:21:59,-83.69057,-9.442253,0,126,ON,RETRACTED,AUTO
23:21:59,-83.81025,-8.888358,0,127,ON,RETRACTED,AUTO
23:21:59,-83.64798,-9.642057,0,126,ON,RETRACTED,AUTO
23:21:59,-83.64005,-10.88094,0,123,ON,RETRACTED,AUTO
23:22:00,-83.40221,-10.02157,0,120,ON,RETRACTED,AUTO
23:22:00,-83.62573,-10.83525,0,116,ON,RETRACTED,AUTO
23:22:00,-83.45832,-8.396748,0,114,ON,RETRACTED,AUTO
23:22:00,-83.49232,-12.05339,0,113,ON,RETRACTED,AUTO
23:22:00,-83.79607,-9.400781,0,110,ON,RETRACTED,AUTO
23:22:00,-83.53053,-9.481964,0,109,ON,RETRACTED,AUTO
23:22:00,-83.67144,-8.56089,0,109,ON,RETRACTED,AUTO
23:22:00,-83.80056,-10.67334,0,108,ON,RETRACTED,AUTO
23:22:00,-83.83955,-8.927055,0,108,ON,RETRACTED,AUTO
23:22:00,-83.69769,-7.125016,0,106,ON,RETRACTED,AUTO
23:22:01,-83.64607,-10.71634,0,104,ON,RETRACTED,AUTO
23:22:01,-83.53225,-9.560096,0,106,ON,RETRACTED,AUTO
23:22:01,-83.9373,-8.959373,0,108,ON,RETRACTED,AUTO
23:22:01,-83.51614,-9.599769,0,106,ON,RETRACTED,AUTO
23:22:01,-83.84965,-10.22622,0,109,ON,RETRACTED,AUTO
23:22:01,-84.00716,-8.44119,0,112,ON,RETRACTED,AUTO
23:22:01,-83.81785,-9.400781,0,114,ON,RETRACTED,AUTO
23:22:01,-83.43658,-8.612127,0,114,ON,RETRACTED,AUTO
23:22:01,-83.74747,-9.807595,0,113,ON,RETRACTED,AUTO
23:22:01,-83.68162,-8.922,0,110,ON,RETRACTED,AUTO
23:22:02,-83.57297,-8.966353,0,109,ON,RETRACTED,AUTO
23:22:02,-83.60366,-9.839917,0,109,ON,RETRACTED,AUTO
23:22:02,-83.47861,-10.22026,0,109,ON,RETRACTED,AUTO
23:22:02,-83.6715,-9.422269,0,109,ON,RETRACTED,AUTO
23:22:02,-83.86479,-11.28522,0,110,ON,RETRACTED,AUTO
23:22:02,-83.71381,-9.260221,0,110,ON,RETRACTED,AUTO
23:22:02,-83.59195,-8.471145,0,109,ON,RETRACTED,AUTO
23:22:02,-83.45377,-8.997145,0,108,ON,RETRACTED,AUTO
23:22:02,-83.32894,-12.77874,0,104,ON,RETRACTED,AUTO
23:22:03,-83.65829,-10.28306,0,103,ON,RETRACTED,AUTO
23:22:03,-83.92705,-11.26007,0,103,ON,RETRACTED,AUTO
23:22:03,-83.31647,-9.841131,0,105,ON,RETRACTED,AUTO
23:22:03,-83.806,-7.47964,0,109,ON,RETRACTED,AUTO
23:22:03,-83.614,-7.005464,0,113,ON,RETRACTED,AUTO
23:22:03,-83.65571,-8.044202,0,117,ON,RETRACTED,AUTO
23:22:03,-83.41049,-9.539411,0,124,ON,RETRACTED,AUTO
23:22:03,-83.46559,-8.862491,0,125,ON,RETRACTED,AUTO
23:22:03,-83.78275,-11.01711,0,124,ON,RETRACTED,AUTO
23:22:03,-83.62281,-8.86572,0,122,ON,RETRACTED,AUTO
23:22:04,-83.48326,-8.683101,0,120,ON,RETRACTED,AUTO
23:22:04,-83.78709,-9.605205,0,121,ON,RETRACTED,AUTO
23:22:04,-83.63721,-8.56089,0,122,ON,RETRACTED,AUTO
23:22:04,-84.03508,-10.65139,0,121,ON,RETRACTED,AUTO
23:22:04,-83.45596,-9.36531,0,122,ON,RETRACTED,AUTO
23:22:04,-83.73074,-10.99684,0,123,ON,RETRACTED,AUTO
23:22:04,-83.52108,-9.188836,0,123,ON,RETRACTED,AUTO
23:22:04,-83.4858,-8.898903,0,126,ON,RETRACTED,AUTO
23:22:04,-83.53873,-8.04547,0,148,ON,RETRACTED,AUTO
23:22:04,-83.27576,-10.068,0,176,ON,RETRACTED,AUTO
23:22:05,-83.41762,-8.013818,0,184,ON,RETRACTED,AUTO
23:22:05,-83.86031,-9.399954,0,175,ON,RETRACTED,AUTO
23:22:05,-83.54671,-7.539445,0,169,ON,RETRACTED,AUTO
23:22:05,-83.72675,-10.02939,0,169,ON,RETRACTED,AUTO
23:22:05,-83.26644,-9.875595,0,172,ON,RETRACTED,AUTO
23:22:05,-83.62257,-8.884401,0,153,ON,RETRACTED,AUTO
23:22:05,-83.75416,-8.200146,0,133,ON,RETRACTED,AUTO
23:22:05,-83.95061,-8.4363,0,125,ON,RETRACTED,AUTO
23:22:05,-83.63731,-10.3373,0,122,ON,RETRACTED,AUTO
23:22:05,-83.51575,-7.67364,0,117,ON,RETRACTED,AUTO
23:22:06,-83.79852,-10.15977,0,117,ON,RETRACTED,AUTO
23:22:06,-83.84963,-8.927055,0,120,ON,RETRACTED,AUTO
23:22:06,-83.6873,-8.959916,0,126,ON,RETRACTED,AUTO
23:22:06,-83.64061,-6.085308,0,137,ON,RETRACTED,AUTO
23:22:06,-83.56402,-9.383565,0,151,ON,RETRACTED,AUTO
23:22:06,-83.5122,-8.836592,0,159,ON,RETRACTED,AUTO
23:22:06,-83.6765,-9.321794,0,162,ON,RETRACTED,AUTO
23:22:06,-83.88328,-8.900208,0,163,ON,RETRACTED,AUTO
23:22:06,-83.7197,-9.523038,0,166,ON,RETRACTED,AUTO
23:22:06,-83.65446,-10.59733,0,168,ON,RETRACTED,AUTO
23:22:07,-83.35409,-9.136346,0,163,ON,RETRACTED,AUTO
23:22:07,-83.96375,-11.46045,0,158,ON,RETRACTED,AUTO
23:22:07,-83.84946,-10.20397,0,150,ON,RETRACTED,AUTO
23:22:07,-83.82831,-10.32725,0,144,ON,RETRACTED,AUTO
23:22:07,-83.84135,-7.5285,0,133,ON,RETRACTED,AUTO
23:22:07,-83.69527,-8.839128,0,126,ON,RETRACTED,AUTO
23:22:07,-83.895,-10.0226,0,125,ON,RETRACTED,AUTO
23:22:07,-83.7007,-9.220823,0,125,ON,RETRACTED,AUTO
23:22:07,-83.92368,-7.914165,0,124,ON,RETRACTED,AUTO
23:22:07,-83.54756,-10.81783,0,123,ON,RETRACTED,AUTO
23:22:08,-83.64365,-10.04327,0,130,ON,RETRACTED,AUTO
23:22:08,-83.67671,-10.92701,0,326,ON,RETRACTED,AUTO
23:22:08,-83.59315,-9.601534,0,424,ON,RETRACTED,AUTO
23:22:08,-83.4479,-7.212781,0,438,ON,RETRACTED,AUTO
23:22:08,-84.21422,-3.894409,0,438,ON,RETRACTED,AUTO
23:22:08,-83.31541,-8.684771,0,406,ON,RETRACTED,AUTO
23:22:08,-83.94354,-11.65929,0,281,ON,RETRACTED,AUTO
23:22:08,-83.54076,-10.34766,0,210,ON,RETRACTED,AUTO
23:22:08,-83.68196,-11.61964,0,247,ON,RETRACTED,AUTO
23:22:08,-83.79544,-8.641816,0,366,ON,RETRACTED,AUTO
23:22:09,-83.79214,-10.74942,0,416,ON,RETRACTED,AUTO
23:22:09,-83.72527,-8.390932,0,430,ON,RETRACTED,AUTO
23:22:09,-83.4354,-9.094923,0,441,ON,RETRACTED,AUTO
23:22:09,-83.14996,-8.831908,0,446,ON,RETRACTED,AUTO
23:22:09,-83.66869,-11.76333,0,440,ON,RETRACTED,AUTO
23:22:09,-83.28969,-9.481244,0,433,ON,RETRACTED,AUTO
23:22:09,-83.6608,-11.04678,0,423,ON,RETRACTED,AUTO
23:22:09,-83.72993,-9.765685,0,416,ON,RETRACTED,AUTO
23:22:09,-83.77621,-12.23319,0,421,ON,RETRACTED,AUTO
23:22:09,-83.25927,-8.990529,0,428,ON,RETRACTED,AUTO
23:22:10,-83.70695,-11.90749,0,437,ON,RETRACTED,AUTO
23:22:10,-83.57455,-8.791765,0,446,ON,RETRACTED,AUTO
23:22:10,-83.59846,-8.709517,0,449,ON,RETRACTED,AUTO
23:22:10,-83.46191,-8.530766,0,448,ON,RETRACTED,AUTO
23:22:10,-83.61839,-12.42394,0,440,ON,RETRACTED,AUTO
23:22:10,-83.65316,-9.761775,0,430,ON,RETRACTED,AUTO
23:22:10,-83.46932,-9.617753,0,423,ON,RETRACTED,AUTO
23:22:10,-83.54439,-10.46534,0,417,ON,RETRACTED,AUTO
23:22:10,-83.91795,-11.11082,0,427,ON,RETRACTED,AUTO
23:22:10,-83.92341,-15.56458,0,434,ON,RETRACTED,AUTO
23:22:11,-83.486,-10.45276,0,442,ON,RETRACTED,AUTO
23:22:11,-83.24351,-10.06069,0,448,ON,RETRACTED,AUTO
23:22:11,-83.25394,-9.180541,0,449,ON,RETRACTED,AUTO
23:22:11,-84.01495,-9.483581,0,444,ON,RETRACTED,AUTO
23:22:11,-83.84895,-10.84292,0,435,ON,RETRACTED,AUTO
23:22:11,-83.71442,-9.158422,0,426,ON,RETRACTED,AUTO
23:22:11,-83.66759,-10.95019,0,417,ON,RETRACTED,AUTO
23:22:11,-83.74118,-11.16488,0,424,ON,RETRACTED,AUTO
23:22:11,-83.15638,-8.831908,0,430,ON,RETRACTED,AUTO
23:22:11,-83.58201,0.246963,0,439,ON,RETRACTED,AUTO
23:22:12,-83.56477,-9.42278,0,448,ON,RETRACTED,AUTO
23:22:12,-83.42336,-9.229886,0,450,ON,RETRACTED,AUTO
23:22:12,-83.70187,-9.986662,0,448,ON,RETRACTED,AUTO
23:22:12,-83.74043,-10.9228,0,439,ON,RETRACTED,AUTO
23:22:12,-83.31787,-10.42853,0,416,ON,RETRACTED,AUTO
23:22:12,-83.39675,-7.849324,0,340,ON,RETRACTED,AUTO
23:22:12,-83.74142,-10.8248,0,244,ON,RETRACTED,AUTO
23:22:12,-83.50295,-10.04935,0,189,ON,RETRACTED,AUTO
23:22:12,-83.81223,-8.006658,0,192,ON,RETRACTED,AUTO
23:22:13,-83.06441,15.66003,0,211,ON,RETRACTED,AUTO
23:22:13,-83.45325,-4.28027,0,225,ON,RETRACTED,AUTO
23:22:13,-83.29717,-12.56602,0,246,ON,RETRACTED,AUTO
23:22:13,-83.45196,-14.37847,0,281,ON,RETRACTED,AUTO
23:22:13,-83.41305,-14.96895,0,309,ON,RETRACTED,AUTO
23:22:13,-83.37342,-7.817552,0,320,ON,RETRACTED,AUTO
23:22:13,-83.76596,-11.1888,0,327,ON,RETRACTED,AUTO
23:22:13,-83.81932,-10.65027,0,340,ON,RETRACTED,AUTO
23:22:13,-83.87148,-8.487081,0,330,ON,RETRACTED,AUTO
23:22:13,-83.7562,-9.05612,0,306,ON,RETRACTED,AUTO
23:22:14,-83.36931,-11.1049,0,265,ON,RETRACTED,AUTO
23:22:14,-83.6796,-8.355199,0,210,ON,RETRACTED,AUTO
23:22:14,-83.88727,-8.880659,0,229,ON,RETRACTED,AUTO
23:22:14,-83.40753,-10.23161,0,283,ON,RETRACTED,AUTO
23:22:14,-83.36828,-11.21884,0,277,ON,RETRACTED,AUTO
23:22:14,-83.7976,-10.28253,0,252,ON,RETRACTED,AUTO
23:22:14,-83.86026,-10.66619,0,255,ON,RETRACTED,AUTO
23:22:14,-83.4804,-11.84583,0,286,ON,RETRACTED,AUTO
23:22:14,-83.43136,-9.462322,0,349,ON,RETRACTED,AUTO
23:22:14,-83.70148,-10.24991,0,406,ON,RETRACTED,AUTO
23:22:15,-83.34389,-7.786036,0,438,ON,RETRACTED,AUTO
23:22:15,-83.57005,-10.01493,0,442,ON,RETRACTED,AUTO
23:22:15,-83.66446,-9.823931,0,437,ON,RETRACTED,AUTO
23:22:15,-83.52294,-8.637132,0,422,ON,RETRACTED,AUTO
23:22:15,-83.16354,-9.536635,0,388,ON,RETRACTED,AUTO
23:22:15,-83.63583,-10.12041,0,356,ON,RETRACTED,AUTO
23:22:15,-83.46514,-9.36531,0,312,ON,RETRACTED,AUTO
23:22:15,-83.30058,-9.747088,0,255,ON,RETRACTED,AUTO
23:22:15,-83.165,-9.942857,0,208,ON,RETRACTED,AUTO
23:22:15,-83.15464,-10.42581,0,224,ON,RETRACTED,AUTO
23:22:16,-83.99934,-6.837661,0,284,ON,RETRACTED,AUTO
23:22:16,-83.19935,-11.64343,0,329,ON,RETRACTED,AUTO
23:22:16,-83.50378,-9.306097,0,331,ON,RETRACTED,AUTO
23:22:16,-83.37546,-9.385518,0,296,ON,RETRACTED,AUTO
23:22:16,-83.71034,-9.582945,0,268,ON,RETRACTED,AUTO
23:22:16,-83.48069,-9.015618,0,289,ON,RETRACTED,AUTO
23:22:16,-83.63602,-11.00023,0,350,ON,RETRACTED,AUTO
23:22:16,-83.66205,-10.38089,0,376,ON,RETRACTED,AUTO
23:22:16,-83.17117,-9.517949,0,313,ON,RETRACTED,AUTO
23:22:16,-83.61444,-9.819301,0,328,ON,RETRACTED,AUTO
23:22:17,-83.70797,-10.73267,0,338,ON,RETRACTED,AUTO
23:22:17,-83.57304,-8.435768,0,214,ON,RETRACTED,AUTO
23:22:17,-83.41251,-10.75681,0,138,ON,RETRACTED,AUTO
23:22:17,-83.35703,-8.409912,0,126,ON,RETRACTED,AUTO
23:22:17,-83.54679,-8.655116,0,120,ON,RETRACTED,AUTO
23:22:17,-83.29578,-10.65502,0,117,ON,RETRACTED,AUTO
23:22:17,-83.53428,-10.44366,0,117,ON,RETRACTED,AUTO
23:22:17,-83.35658,-14.03624,0,120,ON,RETRACTED,AUTO
23:22:17,-83.89415,-9.275148,0,121,ON,RETRACTED,AUTO
23:22:17,-83.49811,-12.79901,0,120,ON,RETRACTED,AUTO
23:22:18,-83.53477,-10.42206,0,117,ON,RETRACTED,AUTO
23:22:18,-83.68277,-9.744864,0,116,ON,RETRACTED,AUTO
23:22:18,-83.65886,-10.40283,0,115,ON,RETRACTED,AUTO
23:22:18,-83.57224,-10.13311,0,115,ON,RETRACTED,AUTO
23:22:18,-83.32032,-8.816442,0,117,ON,RETRACTED,AUTO
23:22:18,-83.68249,-13.56225,0,135,ON,RETRACTED,AUTO
23:22:18,-83.32997,-9.254044,0,188,ON,RETRACTED,AUTO
23:22:18,-83.49129,-10.02862,0,220,ON,RETRACTED,AUTO
23:22:18,-83.50612,-8.836592,0,248,ON,RETRACTED,AUTO
23:22:18,-83.53513,-9.952689,0,206,ON,RETRACTED,AUTO
23:22:19,-83.73375,-11.1888,0,234,ON,RETRACTED,AUTO
23:22:19,-83.34415,-10.94673,0,333,ON,RETRACTED,AUTO
23:22:19,-83.59911,-8.764601,0,365,ON,RETRACTED,AUTO
23:22:19,-83.57056,-8.673174,0,329,ON,RETRACTED,AUTO
23:22:19,-83.57401,-8.910281,0,259,ON,RETRACTED,AUTO
23:22:19,-83.39146,-10.82808,0,200,ON,RETRACTED,AUTO
23:22:19,-83.48415,-9.540381,0,180,ON,RETRACTED,AUTO
23:22:19,-83.55847,-9.757963,0,185,ON,RETRACTED,AUTO
23:22:19,-83.59132,-10.53093,0,199,ON,RETRACTED,AUTO
23:22:19,-83.29904,-7.96733,0,233,ON,RETRACTED,AUTO
23:22:20,-83.88245,-10.81388,0,261,ON,RETRACTED,AUTO
23:22:20,-83.25702,-9.443474,0,270,ON,RETRACTED,AUTO
23:22:20,-83.33955,-10.76254,0,289,ON,RETRACTED,AUTO
23:22:20,-83.48611,-9.188836,0,298,ON,RETRACTED,AUTO
23:22:20,-83.57026,-10.53093,0,284,ON,RETRACTED,AUTO
23:22:20,-83.63512,-10.95406,0,260,ON,RETRACTED,AUTO
23:22:20,-83.71408,-13.64871,0,268,ON,RETRACTED,AUTO
23:22:20,-83.78236,-10.11594,0,290,ON,RETRACTED,AUTO
23:22:20,-83.47353,-7.110355,0,289,ON,RETRACTED,AUTO
23:22:20,-83.55127,-9.501687,0,237,ON,RETRACTED,AUTO
23:22:21,-83.32059,-7.754771,0,236,ON,RETRACTED,AUTO
23:22:21,-83.42842,-8.728297,0,270,ON,RETRACTED,AUTO
23:22:21,-83.78251,-11.48009,0,273,ON,RETRACTED,AUTO
23:22:21,-83.7174,-6.041213,0,259,ON,RETRACTED,AUTO
23:22:21,-83.66396,-9.181758,0,234,ON,RETRACTED,AUTO
23:22:21,-83.67884,-12.19724,0,253,ON,RETRACTED,AUTO
23:22:21,-83.68524,-8.440365,0,320,ON,RETRACTED,AUTO
23:22:21,-83.57168,-11.23928,0,375,ON,RETRACTED,AUTO
23:22:21,-83.57047,-9.917356,0,393,ON,RETRACTED,AUTO
23:22:21,-83.6891,-9.442253,0,400,ON,RETRACTED,AUTO
23:22:22,-83.24236,-10.52878,0,397,ON,RETRACTED,AUTO
23:22:22,-83.14274,-8.925825,0,397,ON,RETRACTED,AUTO
23:22:22,-83.64602,-10.52249,0,408,ON,RETRACTED,AUTO
23:22:22,-83.65744,-10.76155,0,429,ON,RETRACTED,AUTO
23:22:22,-83.41113,-7.765166,0,440,ON,RETRACTED,AUTO
23:22:22,-83.32491,-7.90079,0,447,ON,RETRACTED,AUTO
23:22:22,-83.87179,-12.17387,0,441,ON,RETRACTED,AUTO
23:22:22,-84.0056,-11.84208,0,422,ON,RETRACTED,AUTO
23:22:22,-83.47153,-9.015618,0,387,ON,RETRACTED,AUTO
23:22:23,-83.89629,-10.29354,0,379,ON,RETRACTED,AUTO
23:22:23,-83.75457,-10.07248,0,394,ON,RETRACTED,AUTO
23:22:23,-83.84298,-10.0587,0,410,ON,RETRACTED,AUTO
23:22:23,-83.6013,-9.798771,0,416,ON,RETRACTED,AUTO
23:22:23,-83.29812,-9.633241,0,416,ON,RETRACTED,AUTO
23:22:23,-83.42285,-11.33293,0,404,ON,RETRACTED,AUTO
23:22:23,-83.6227,-10.47824,0,374,ON,RETRACTED,AUTO
23:22:23,-83.47606,-11.44934,0,331,ON,RETRACTED,AUTO
23:22:23,-83.28874,-8.894868,0,266,ON,RETRACTED,AUTO
23:22:23,-83.60932,-7.020189,0,200,ON,RETRACTED,AUTO
23:22:24,-83.52882,-10.56101,0,147,ON,RETRACTED,AUTO
23:22:24,-83.41218,-9.770465,0,127,ON,RETRACTED,AUTO
23:22:24,-83.43764,-10.02157,0,123,ON,RETRACTED,AUTO
23:22:24,-83.32231,-10.85485,0,117,ON,RETRACTED,AUTO
23:22:24,-83.36265,-10.19021,0,117,ON,RETRACTED,AUTO
23:22:24,-83.52236,-9.442761,0,117,ON,RETRACTED,AUTO
23:22:24,-83.46557,-8.046703,0,118,ON,RETRACTED,AUTO
23:22:24,-83.39367,-10.09593,0,117,ON,RETRACTED,AUTO
23:22:24,-83.26601,-8.292413,0,114,ON,RETRACTED,AUTO
23:22:24,-83.43784,-9.113553,0,112,ON,RETRACTED,AUTO
23:22:25,-83.6692,-8.355199,0,110,ON,RETRACTED,AUTO
23:22:25,-83.42228,-9.694446,0,110,ON,RETRACTED,AUTO
23:22:25,-83.69193,-9.462322,0,112,ON,RETRACTED,AUTO
23:22:25,-83.5004,-9.560096,0,114,ON,RETRACTED,AUTO
23:22:25,-83.619,-9.004126,0,116,ON,RETRACTED,AUTO
23:22:25,-83.79949,-10.38274,0,117,ON,RETRACTED,AUTO
23:22:25,-83.55765,-8.180973,0,122,ON,RETRACTED,AUTO
23:22:25,-83.42805,-9.327054,0,124,ON,RETRACTED,AUTO
23:22:25,-83.44943,-8.594563,0,126,ON,RETRACTED,AUTO
23:22:25,-83.76526,-10.94623,0,133,ON,RETRACTED,AUTO
23:22:26,-83.4109,-7.401103,0,147,ON,RETRACTED,AUTO
23:22:26,-83.38361,-9.980909,0,168,ON,RETRACTED,AUTO
23:22:26,-83.54202,-8.8549,0,234,ON,RETRACTED,AUTO
23:22:26,-83.80513,-8.992024,0,326,ON,RETRACTED,AUTO
23:22:26,-83.7901,-11.06487,0,369,ON,RETRACTED,AUTO
23:22:26,-83.06686,-7.263245,0,388,ON,RETRACTED,AUTO
23:22:26,-83.42051,-8.379575,0,392,ON,RETRACTED,AUTO
23:22:26,-83.71087,-9.260221,0,394,ON,RETRACTED,AUTO
23:22:26,-83.5582,-10.745,0,403,ON,RETRACTED,AUTO
23:22:26,-83.30074,-10.2017,0,412,ON,RETRACTED,AUTO
23:22:27,-83.28413,-9.026548,0,422,ON,RETRACTED,AUTO
23:22:27,-83.46925,-11.07778,0,428,ON,RETRACTED,AUTO
23:22:27,-83.44392,-7.46196,0,389,ON,RETRACTED,AUTO
23:22:27,-83.42021,-11.44788,0,246,ON,RETRACTED,AUTO
23:22:27,-83.04591,-11.37511,0,225,ON,RETRACTED,AUTO
23:22:27,-83.33018,-6.53302,0,348,ON,RETRACTED,AUTO
23:22:27,-82.69665,-18.40189,0,424,ON,RETRACTED,AUTO
23:22:27,-83.91422,-10.93805,0,424,ON,RETRACTED,AUTO
23:22:27,-83.54123,-11.45082,0,417,ON,RETRACTED,AUTO
23:22:27,-83.49297,-10.1665,0,423,ON,RETRACTED,AUTO
23:22:28,-83.69914,-13.2055,0,429,ON,RETRACTED,AUTO
23:22:28,-83.21803,-11.13102,0,438,ON,RETRACTED,AUTO
23:22:28,-83.30721,-11.15147,0,447,ON,RETRACTED,AUTO
23:22:28,-83.46291,-8.898903,0,451,ON,RETRACTED,AUTO
23:22:28,-83.38037,-9.57699,0,450,ON,RETRACTED,AUTO
23:22:28,-83.73825,-11.16488,0,446,ON,RETRACTED,AUTO
23:22:28,-83.54728,-8.536689,0,436,ON,RETRACTED,AUTO
23:22:28,-83.33174,-9.214124,0,427,ON,RETRACTED,AUTO
23:22:28,-83.57695,-11.47464,0,424,ON,RETRACTED,AUTO
23:22:28,-83.36326,-9.615828,0,428,ON,RETRACTED,AUTO
23:22:29,-83.63481,-10.7843,0,436,ON,RETRACTED,AUTO
23:22:29,-83.61783,-9.958981,0,442,ON,RETRACTED,AUTO
23:22:29,-83.65194,-9.923244,0,450,ON,RETRACTED,AUTO
23:22:29,-83.53046,-8.737098,0,451,ON,RETRACTED,AUTO
23:22:29,-83.75114,-8.530766,0,449,ON,RETRACTED,AUTO
23:22:29,-83.25243,-11.78232,0,441,ON,RETRACTED,AUTO
23:22:29,-83.53773,-9.737686,0,433,ON,RETRACTED,AUTO
23:22:29,-83.65015,-7.215795,0,426,ON,RETRACTED,AUTO
23:22:29,-83.70238,-10.12899,0,426,ON,RETRACTED,AUTO
23:22:29,-83.32156,-6.519802,0,430,ON,RETRACTED,AUTO
23:22:30,-83.24044,-14.78426,0,439,ON,RETRACTED,AUTO
23:22:30,-83.4479,-10.75681,0,447,ON,RETRACTED,AUTO
23:22:30,-83.09505,-9.187217,0,451,ON,RETRACTED,AUTO
23:22:30,-83.24838,-9.631169,0,452,ON,RETRACTED,AUTO
23:22:30,-82.9523,-12.36537,0,447,ON,RETRACTED,AUTO
23:22:30,-83.01206,-6.450494,0,438,ON,RETRACTED,AUTO
23:22:30,-83.79753,-10.26032,0,428,ON,RETRACTED,AUTO
23:22:30,-83.71089,-10.37074,0,424,ON,RETRACTED,AUTO
23:22:30,-83.52075,-9.835132,0,427,ON,RETRACTED,AUTO
23:22:30,-83.52006,-8.062257,0,434,ON,RETRACTED,AUTO
23:22:31,-83.80303,-4.774063,0,441,ON,RETRACTED,AUTO
23:22:31,-83.55737,-12.63336,0,449,ON,RETRACTED,AUTO
23:22:31,-83.78341,-10.74942,0,452,ON,RETRACTED,AUTO
23:22:31,-83.31636,-7.8849,0,450,ON,RETRACTED,AUTO
23:22:31,-83.72742,-10.53637,0,442,ON,RETRACTED,AUTO
23:22:31,-83.54741,-8.334365,0,434,ON,RETRACTED,AUTO
23:22:31,-83.33633,-7.110595,0,427,ON,RETRACTED,AUTO
23:22:31,-83.1904,-10.17264,0,424,ON,RETRACTED,AUTO
23:22:31,-83.49755,-10.1665,0,429,ON,RETRACTED,AUTO
23:22:31,-83.39628,-8.328472,0,437,ON,RETRACTED,AUTO
23:22:32,-83.53033,-9.814787,0,446,ON,RETRACTED,AUTO
23:22:32,-83.15426,-9.75938,0,450,ON,RETRACTED,AUTO
23:22:32,-83.72807,-11.14106,0,451,ON,RETRACTED,AUTO
23:22:32,-83.25892,-10.41685,0,449,ON,RETRACTED,AUTO
23:22:32,-83.78472,-11.99084,0,440,ON,RETRACTED,AUTO
23:22:32,-83.48782,-10.3578,0,430,ON,RETRACTED,AUTO
23:22:32,-83.62688,-10.12041,0,426,ON,RETRACTED,AUTO
23:22:32,-83.14464,-13.33026,0,427,ON,RETRACTED,AUTO
23:22:32,-83.31867,-7.456452,0,433,ON,RETRACTED,AUTO
23:22:33,-83.53089,-8.972628,0,439,ON,RETRACTED,AUTO
23:22:33,-83.32558,-9.880671,0,448,ON,RETRACTED,AUTO
23:22:33,-83.29678,-14.25886,0,452,ON,RETRACTED,AUTO
23:22:33,-83.62077,-9.902281,0,451,ON,RETRACTED,AUTO
23:22:33,-83.83667,-7.312155,0,447,ON,RETRACTED,AUTO
23:22:33,-83.54516,-8.028754,0,437,ON,RETRACTED,AUTO
23:22:33,-83.33317,-10.47041,0,428,ON,RETRACTED,AUTO
23:22:33,-83.59308,-9.680101,0,424,ON,RETRACTED,AUTO
23:22:33,-83.58832,-10.53093,0,428,ON,RETRACTED,AUTO
23:22:33,-83.27522,-10.27404,0,436,ON,RETRACTED,AUTO
23:22:34,-83.10388,-9.094693,0,442,ON,RETRACTED,AUTO
23:22:34,-83.80883,-14.0664,0,450,ON,RETRACTED,AUTO
23:22:34,-83.23505,-11.35418,0,452,ON,RETRACTED,AUTO
23:22:34,-83.60168,-9.938124,0,450,ON,RETRACTED,AUTO
23:22:34,-83.60744,-9.720768,0,444,ON,RETRACTED,AUTO
23:22:34,-83.47824,-11.42587,0,434,ON,RETRACTED,AUTO
23:22:34,-83.30147,-11.26468,0,427,ON,RETRACTED,AUTO
23:22:34,-83.4173,-10.61965,0,426,ON,RETRACTED,AUTO
23:22:34,-83.45631,-11.72511,0,430,ON,RETRACTED,AUTO
23:22:34,-83.53115,-11.4271,0,439,ON,RETRACTED,AUTO
23:22:35,-83.4501,-10.06256,0,447,ON,RETRACTED,AUTO
23:22:35,-83.64092,-10.23978,0,452,ON,RETRACTED,AUTO
23:22:35,-83.49361,-9.911615,0,454,ON,RETRACTED,AUTO
23:22:35,-83.59613,-10.81254,0,449,ON,RETRACTED,AUTO
23:22:35,-83.2433,-10.57053,0,441,ON,RETRACTED,AUTO
23:22:35,-83.72778,-9.644404,0,433,ON,RETRACTED,AUTO
23:22:35,-83.22302,-10.28451,0,427,ON,RETRACTED,AUTO
23:22:35,-83.35629,-9.596371,0,428,ON,RETRACTED,AUTO
23:22:35,-83.56669,-10.84031,0,434,ON,RETRACTED,AUTO
23:22:35,-83.73585,-9.543449,0,441,ON,RETRACTED,AUTO
23:22:36,-83.20821,-5.608259,0,449,ON,RETRACTED,AUTO
23:22:36,-83.8345,-10.0806,0,454,ON,RETRACTED,AUTO
23:22:36,-83.32437,-7.326406,0,452,ON,RETRACTED,AUTO
23:22:36,-83.31388,-10.92479,0,448,ON,RETRACTED,AUTO
23:22:36,-82.63918,-13.60867,0,438,ON,RETRACTED,AUTO
23:22:36,-82.91624,-17.20591,0,429,ON,RETRACTED,AUTO
23:22:36,-83.72017,-6.926074,0,427,ON,RETRACTED,AUTO
23:22:36,-83.56585,-8.418189,0,429,ON,RETRACTED,AUTO
23:22:36,-83.25577,-10.2536,0,437,ON,RETRACTED,AUTO
23:22:36,-83.7433,-10.94623,0,446,ON,RETRACTED,AUTO
23:22:37,-83.82343,-11.58265,0,451,ON,RETRACTED,AUTO
23:22:37,-83.7834,-8.803307,0,454,ON,RETRACTED,AUTO
23:22:37,-83.38879,-8.179509,0,451,ON,RETRACTED,AUTO
23:22:37,-83.73302,-11.40655,0,446,ON,RETRACTED,AUTO
23:22:37,-83.46519,-9.267837,0,436,ON,RETRACTED,AUTO
23:22:37,-83.42426,-10.64132,0,428,ON,RETRACTED,AUTO
23:22:37,-83.5405,-11.07531,0,427,ON,RETRACTED,AUTO
23:22:37,-83.74673,-13.4096,0,432,ON,RETRACTED,AUTO
23:22:37,-83.35942,-10.4194,0,439,ON,RETRACTED,AUTO
23:22:37,-83.21692,-9.929042,0,448,ON,RETRACTED,AUTO
23:22:38,-83.25179,-2.419509,0,452,ON,RETRACTED,AUTO
23:22:38,-83.60764,2.948251,0,454,ON,RETRACTED,AUTO
23:22:38,-83.11733,-9.130176,0,449,ON,RETRACTED,AUTO
23:22:38,-83.3263,-10.44943,0,440,ON,RETRACTED,AUTO
23:22:38,-83.37156,-12.08662,0,432,ON,RETRACTED,AUTO
23:22:38,-83.6881,9.607113,0,427,ON,RETRACTED,AUTO
23:22:38,-83.20406,-8.564519,0,428,ON,RETRACTED,AUTO
23:22:38,-83.44299,-12.25976,0,434,ON,RETRACTED,AUTO
23:22:38,-83.56241,-9.304102,0,441,ON,RETRACTED,AUTO
23:22:38,-83.66067,-10.54476,0,449,ON,RETRACTED,AUTO
23:22:39,-83.42947,-13.7816,0,452,ON,RETRACTED,AUTO
23:22:39,-83.41016,-12.29968,0,452,ON,RETRACTED,AUTO
23:22:39,-83.33605,-10.60542,0,447,ON,RETRACTED,AUTO
23:22:39,-83.65636,-9.20125,0,437,ON,RETRACTED,AUTO
23:22:39,-83.00994,-8.287942,0,428,ON,RETRACTED,AUTO
23:22:39,-83.52675,-11.68533,0,426,ON,RETRACTED,AUTO
23:22:39,-83.25534,-7.57951,0,429,ON,RETRACTED,AUTO
23:22:39,-83.50218,-11.10057,0,437,ON,RETRACTED,AUTO
23:22:39,-83.68637,-10.08595,0,446,ON,RETRACTED,AUTO
23:22:39,-83.61063,-10.69387,0,451,ON,RETRACTED,AUTO
23:22:40,-82.89941,-13.95707,0,454,ON,RETRACTED,AUTO
23:22:40,-83.80939,-6.146625,0,450,ON,RETRACTED,AUTO
23:22:40,-83.58041,-10.55297,0,442,ON,RETRACTED,AUTO
23:22:40,-83.50352,-10.67828,0,434,ON,RETRACTED,AUTO
23:22:40,-83.12721,-8.686355,0,427,ON,RETRACTED,AUTO
23:22:40,-83.4118,-13.69588,0,427,ON,RETRACTED,AUTO
23:22:40,-83.41905,-9.654977,0,433,ON,RETRACTED,AUTO
23:22:40,-83.26152,-9.650299,0,440,ON,RETRACTED,AUTO
23:22:40,-83.28728,-9.860861,0,448,ON,RETRACTED,AUTO
23:22:40,-83.26485,-8.553543,0,452,ON,RETRACTED,AUTO
23:22:41,-83.83545,-10.69651,0,452,ON,RETRACTED,AUTO
23:22:41,-83.39251,-9.385518,0,448,ON,RETRACTED,AUTO
23:22:41,-83.62609,-9.839917,0,440,ON,RETRACTED,AUTO
23:22:41,-83.73211,-8.530766,0,429,ON,RETRACTED,AUTO
23:22:41,-83.42363,-11.35603,0,426,ON,RETRACTED,AUTO
23:22:41,-83.76727,-9.685815,0,428,ON,RETRACTED,AUTO
23:22:41,-83.59901,-9.442511,0,436,ON,RETRACTED,AUTO
23:22:41,-83.58984,-8.418189,0,442,ON,RETRACTED,AUTO
23:22:41,-83.13528,-8.00299,0,450,ON,RETRACTED,AUTO
23:22:41,-83.24998,-11.73567,0,454,ON,RETRACTED,AUTO
23:22:42,-83.68508,-9.844825,0,452,ON,RETRACTED,AUTO
23:22:42,-83.4443,-9.248822,0,446,ON,RETRACTED,AUTO
23:22:42,-83.70502,-14.2746,0,436,ON,RETRACTED,AUTO
23:22:42,-83.79787,-8.024064,0,428,ON,RETRACTED,AUTO
23:22:42,-83.73708,-7.431408,0,427,ON,RETRACTED,AUTO
23:22:42,-83.45764,-9.926247,0,430,ON,RETRACTED,AUTO
23:22:42,-83.69659,-10.10743,0,438,ON,RETRACTED,AUTO
23:22:42,-83.71841,-12.48889,0,447,ON,RETRACTED,AUTO
23:22:42,-83.71744,-6.530272,0,452,ON,RETRACTED,AUTO
23:22:43,-83.58143,-8.471145,0,454,ON,RETRACTED,AUTO
23:22:43,-83.4928,-6.947172,0,450,ON,RETRACTED,AUTO
23:22:43,-83.58095,-13.48169,0,441,ON,RETRACTED,AUTO
23:22:43,-83.40972,-9.039484,0,433,ON,RETRACTED,AUTO
23:22:43,-83.59637,-10.05686,0,427,ON,RETRACTED,AUTO
23:22:43,-83.50716,-8.8549,0,427,ON,RETRACTED,AUTO
23:22:43,-83.50155,-8.836592,0,434,ON,RETRACTED,AUTO
23:22:43,-82.97527,-9.715203,0,441,ON,RETRACTED,AUTO
23:22:43,-83.46488,-12.49041,0,449,ON,RETRACTED,AUTO
23:22:43,-83.23177,-8.789385,0,453,ON,RETRACTED,AUTO
23:22:44,-82.99725,-7.660476,0,452,ON,RETRACTED,AUTO
23:22:44,-83.44633,-10.44049,0,447,ON,RETRACTED,AUTO
23:22:44,-83.55222,-10.22989,0,438,ON,RETRACTED,AUTO
23:22:44,-83.46939,-10.93909,0,429,ON,RETRACTED,AUTO
23:22:44,-83.40285,-11.28702,0,426,ON,RETRACTED,AUTO
23:22:44,-83.45181,-10.77879,0,429,ON,RETRACTED,AUTO
23:22:44,-83.63822,-12.62109,0,437,ON,RETRACTED,AUTO
23:22:44,-83.60985,-10.21826,0,446,ON,RETRACTED,AUTO
23:22:44,-83.67005,-10.08595,0,451,ON,RETRACTED,AUTO
23:22:44,-83.48109,-9.151041,0,454,ON,RETRACTED,AUTO
23:22:45,-83.28207,-10.29456,0,451,ON,RETRACTED,AUTO
23:22:45,-84.06254,-11.76829,0,444,ON,RETRACTED,AUTO
23:22:45,-83.54285,-8.791765,0,434,ON,RETRACTED,AUTO
23:22:45,-83.26666,-9.235559,0,427,ON,RETRACTED,AUTO
23:22:45,-83.31111,-10.78969,0,427,ON,RETRACTED,AUTO
23:22:45,-83.6243,-7.650651,0,433,ON,RETRACTED,AUTO
23:22:45,-83.43413,-13.26741,0,440,ON,RETRACTED,AUTO
23:22:45,-83.51833,-10.18755,0,449,ON,RETRACTED,AUTO
23:22:45,-83.35473,-9.596371,0,454,ON,RETRACTED,AUTO
23:22:45,-83.48406,-9.870876,0,454,ON,RETRACTED,AUTO
23:22:46,-83.45197,-9.346143,0,449,ON,RETRACTED,AUTO
23:22:46,-83.41917,-9.790384,0,440,ON,RETRACTED,AUTO
23:22:46,-83.53418,-1.57101,0,430,ON,RETRACTED,AUTO
23:22:46,-83.72633,-11.62302,0,427,ON,RETRACTED,AUTO
23:22:46,-83.21822,-10.50802,0,429,ON,RETRACTED,AUTO
23:22:46,-82.67254,-7.921647,0,436,ON,RETRACTED,AUTO
23:22:46,-83.87323,-8.505748,0,445,ON,RETRACTED,AUTO
23:22:46,-83.65904,-8.319766,0,451,ON,RETRACTED,AUTO
23:22:46,-83.59767,-9.104601,0,454,ON,RETRACTED,AUTO
23:22:46,-83.82066,-11.06487,0,452,ON,RETRACTED,AUTO
23:22:47,-83.2994,-12.30392,0,447,ON,RETRACTED,AUTO
23:22:47,-83.41123,-10.48295,0,437,ON,RETRACTED,AUTO
23:22:47,-83.69389,-10.06457,0,428,ON,RETRACTED,AUTO
23:22:47,-83.44332,-9.850631,0,427,ON,RETRACTED,AUTO
23:22:47,-83.44122,-9.248822,0,433,ON,RETRACTED,AUTO
23:22:47,-83.45019,-10.47424,0,439,ON,RETRACTED,AUTO
23:22:47,-83.25963,-11.48898,0,447,ON,RETRACTED,AUTO
23:22:47,-83.38483,-11.05773,0,452,ON,RETRACTED,AUTO
23:22:47,-83.7483,-8.567467,0,454,ON,RETRACTED,AUTO
23:22:47,-83.64953,-12.02669,0,450,ON,RETRACTED,AUTO
23:22:48,-83.19957,-8.901715,0,441,ON,RETRACTED,AUTO
23:22:48,-83.35162,-5.257809,0,433,ON,RETRACTED,AUTO
23:22:48,-83.60703,-7.185279,0,427,ON,RETRACTED,AUTO
23:22:48,-83.42593,-7.929884,0,428,ON,RETRACTED,AUTO
23:22:48,-83.45306,-10.43137,0,435,ON,RETRACTED,AUTO
23:22:48,-83.37698,-8.905885,0,441,ON,RETRACTED,AUTO
23:22:48,-83.38319,-10.66978,0,450,ON,RETRACTED,AUTO
23:22:48,-83.30724,-11.40059,0,454,ON,RETRACTED,AUTO
23:22:48,-83.63082,-8.746162,0,452,ON,RETRACTED,AUTO
23:22:48,-83.82818,-10.30485,0,447,ON,RETRACTED,AUTO
23:22:49,-83.88482,-9.150257,0,438,ON,RETRACTED,AUTO
23:22:49,-82.11264,-31.68237,0,429,ON,RETRACTED,AUTO
23:22:49,-83.13577,-6.365244,0,427,ON,RETRACTED,AUTO
23:22:49,-83.24845,-10.21296,0,429,ON,RETRACTED,AUTO
23:22:49,-83.60204,-10.45625,0,438,ON,RETRACTED,AUTO
23:22:49,-83.31377,-9.766679,0,447,ON,RETRACTED,AUTO
23:22:49,-83.33917,-10.60542,0,451,ON,RETRACTED,AUTO
23:22:49,-83.36219,-22.01354,0,454,ON,RETRACTED,AUTO
23:22:49,-83.58788,-8.536689,0,450,ON,RETRACTED,AUTO
23:22:49,-83.47244,-10.93909,0,442,ON,RETRACTED,AUTO
23:22:50,-83.80614,-10.60441,0,434,ON,RETRACTED,AUTO
23:22:50,-83.35345,-5.710593,0,427,ON,RETRACTED,AUTO
23:22:50,-83.64149,-9.923244,0,427,ON,RETRACTED,AUTO
23:22:50,-83.54227,-9.737686,0,433,ON,RETRACTED,AUTO
23:22:50,-83.5143,-10.1665,0,440,ON,RETRACTED,AUTO
23:22:50,-83.36719,-9.596371,0,448,ON,RETRACTED,AUTO
23:22:50,-83.6671,-4.155214,0,452,ON,RETRACTED,AUTO
23:22:50,-83.77095,-7.463495,0,454,ON,RETRACTED,AUTO
23:22:50,-83.5288,-9.090278,0,448,ON,RETRACTED,AUTO
23:22:50,-83.86945,-14.00594,0,438,ON,RETRACTED,AUTO
23:22:51,-83.47491,-9.870876,0,429,ON,RETRACTED,AUTO
23:22:51,-83.28775,-9.254044,0,426,ON,RETRACTED,AUTO
23:22:51,-83.49416,-13.12641,0,428,ON,RETRACTED,AUTO
23:22:51,-83.06464,-8.083279,0,436,ON,RETRACTED,AUTO
23:22:51,-83.27657,-12.83986,0,442,ON,RETRACTED,AUTO
23:22:51,-83.51064,-8.483672,0,450,ON,RETRACTED,AUTO
23:22:51,-83.56279,-10.88553,0,454,ON,RETRACTED,AUTO
23:22:51,-83.41706,-15.48037,0,451,ON,RETRACTED,AUTO
23:22:51,-83.70927,-7.903775,0,446,ON,RETRACTED,AUTO
23:22:51,-83.24755,-11.68937,0,436,ON,RETRACTED,AUTO
23:22:52,-83.23061,-7.985376,0,428,ON,RETRACTED,AUTO
23:22:52,-83.24063,-8.001203,0,427,ON,RETRACTED,AUTO
23:22:52,-83.47808,-10.68491,0,430,ON,RETRACTED,AUTO
23:22:52,-83.378,-12.03804,0,439,ON,RETRACTED,AUTO
23:22:52,-83.32014,-9.994582,0,448,ON,RETRACTED,AUTO
23:22:52,-83.60127,-11.26274,0,452,ON,RETRACTED,AUTO
23:22:52,-83.09555,-6.055878,0,454,ON,RETRACTED,AUTO
23:22:52,-83.90807,-9.170424,0,450,ON,RETRACTED,AUTO
23:22:52,-83.76189,-10.11594,0,441,ON,RETRACTED,AUTO
23:22:53,-83.31847,-13.644,0,433,ON,RETRACTED,AUTO
23:22:53,-83.02612,-10.37431,0,427,ON,RETRACTED,AUTO
23:22:53,-83.28164,-9.177081,0,428,ON,RETRACTED,AUTO
23:22:53,-83.44766,-9.384555,0,434,ON,RETRACTED,AUTO
23:22:53,-83.41203,-9.539411,0,441,ON,RETRACTED,AUTO
23:22:53,-83.25665,-9.782406,0,449,ON,RETRACTED,AUTO
23:22:53,-83.25446,-9.330348,0,453,ON,RETRACTED,AUTO
23:22:53,-83.31637,-9.309938,0,452,ON,RETRACTED,AUTO
23:22:53,-84.10619,-22.87178,0,448,ON,RETRACTED,AUTO
23:22:53,-83.84456,-8.985731,0,438,ON,RETRACTED,AUTO
23:22:54,-83.42138,-11.79217,0,429,ON,RETRACTED,AUTO
23:22:54,-83.09283,-11.37576,0,426,ON,RETRACTED,AUTO
23:22:54,-83.42296,-8.64747,0,429,ON,RETRACTED,AUTO
23:22:54,-83.29476,-12.50389,0,437,ON,RETRACTED,AUTO
23:22:54,-83.8791,-11.18608,0,446,ON,RETRACTED,AUTO
23:22:54,-83.02193,-6.658091,0,451,ON,RETRACTED,AUTO
23:22:54,-83.69028,-2.116489,0,454,ON,RETRACTED,AUTO
23:22:54,-83.54728,-8.536689,0,451,ON,RETRACTED,AUTO
23:22:54,-83.28461,-9.386459,0,442,ON,RETRACTED,AUTO
23:22:54,-83.56581,-10.88553,0,434,ON,RETRACTED,AUTO
23:22:55,-83.44803,-9.754249,0,427,ON,RETRACTED,AUTO
23:22:55,-83.5528,-11.80243,0,427,ON,RETRACTED,AUTO
23:22:55,-83.63034,-14.56484,0,433,ON,RETRACTED,AUTO
23:22:55,-84.44832,-1.269895,0,440,ON,RETRACTED,AUTO
23:22:55,-83.61089,-7.546523,0,448,ON,RETRACTED,AUTO
23:22:55,-83.20074,-10.50802,0,452,ON,RETRACTED,AUTO
23:22:55,-83.59538,-9.482217,0,454,ON,RETRACTED,AUTO
23:22:55,-82.06862,-11.47906,0,449,ON,RETRACTED,AUTO
23:22:55,-83.38579,-9.674671,0,440,ON,RETRACTED,AUTO
23:22:55,-83.1044,-9.812921,0,430,ON,RETRACTED,AUTO
23:22:56,-83.54775,-11.82694,0,427,ON,RETRACTED,AUTO
23:22:56,-83.23391,-12.54119,0,428,ON,RETRACTED,AUTO
23:22:56,-83.85072,-1.400285,0,435,ON,RETRACTED,AUTO
23:22:56,-83.59183,-8.010345,0,442,ON,RETRACTED,AUTO
23:22:56,-83.20288,-10.84268,0,450,ON,RETRACTED,AUTO
23:22:56,-83.2767,-10.49983,0,454,ON,RETRACTED,AUTO
23:22:56,-83.69302,-10.18475,0,452,ON,RETRACTED,AUTO
23:22:56,-83.33245,-8.507798,0,447,ON,RETRACTED,AUTO
23:22:56,-83.17754,-9.517949,0,437,ON,RETRACTED,AUTO
23:22:56,-83.00111,-7.359495,0,428,ON,RETRACTED,AUTO
23:22:57,-83.44387,-10.87222,0,427,ON,RETRACTED,AUTO
23:22:57,-83.56075,-13.65873,0,430,ON,RETRACTED,AUTO
23:22:57,-82.7362,-18.33437,0,438,ON,RETRACTED,AUTO
23:22:57,-83.51538,-15.47337,0,446,ON,RETRACTED,AUTO
23:22:57,-83.5077,-7.302724,0,452,ON,RETRACTED,AUTO
23:22:57,-83.80541,-10.8194,0,454,ON,RETRACTED,AUTO
23:22:57,-83.56406,-11.70961,0,450,ON,RETRACTED,AUTO
23:22:57,-83.52281,-11.05237,0,442,ON,RETRACTED,AUTO
23:22:57,-83.56001,-8.673174,0,433,ON,RETRACTED,AUTO
23:22:57,-83.04562,-8.38209,0,427,ON,RETRACTED,AUTO
23:22:58,-83.40865,-10.73492,0,427,ON,RETRACTED,AUTO
23:22:58,-84.63817,-9.890605,0,433,ON,RETRACTED,AUTO
23:22:58,-83.6934,-12.22313,0,440,ON,RETRACTED,AUTO
23:22:58,-83.6487,-9.761775,0,448,ON,RETRACTED,AUTO
23:22:58,-83.56668,-9.066504,0,452,ON,RETRACTED,AUTO
23:22:58,-83.7073,-9.361521,0,453,ON,RETRACTED,AUTO
23:22:58,-83.9047,-11.95368,0,448,ON,RETRACTED,AUTO
23:22:58,-83.72252,-9.786595,0,440,ON,RETRACTED,AUTO
23:22:58,-83.43858,-10.71312,0,430,ON,RETRACTED,AUTO
23:22:58,-83.78242,-10.1378,0,426,ON,RETRACTED,AUTO
23:22:59,-83.60255,-10.88094,0,428,ON,RETRACTED,AUTO
23:22:59,-83.4666,-6.904083,0,434,ON,RETRACTED,AUTO
23:22:59,-83.19559,-10.48735,0,441,ON,RETRACTED,AUTO
23:22:59,-83.79463,-11.06757,0,449,ON,RETRACTED,AUTO
23:22:59,-83.7344,-9.240481,0,454,ON,RETRACTED,AUTO
23:22:59,-83.62251,-7.770617,0,452,ON,RETRACTED,AUTO
23:22:59,-83.38673,-9.136346,0,447,ON,RETRACTED,AUTO
23:22:59,-83.87118,-11.65538,0,438,ON,RETRACTED,AUTO
23:22:59,-83.56804,-11.54669,0,430,ON,RETRACTED,AUTO
23:22:59,-83.69327,-9.944294,0,428,ON,RETRACTED,AUTO
23:23:00,-83.78493,-10.79597,0,433,ON,RETRACTED,AUTO
23:23:00,-83.73869,-9.786595,0,440,ON,RETRACTED,AUTO
23:23:00,-83.68366,-10.80714,0,450,ON,RETRACTED,AUTO
23:23:00,-83.56145,-10.3692,0,457,ON,RETRACTED,AUTO
23:23:00,-83.35259,-9.940574,0,460,ON,RETRACTED,AUTO
23:23:00,-83.54983,-10.34766,0,457,ON,RETRACTED,AUTO
23:23:00,-83.50402,-10.00798,0,449,ON,RETRACTED,AUTO
23:23:00,-83.49764,-9.93211,0,439,ON,RETRACTED,AUTO
23:23:00,-83.50882,-9.677352,0,430,ON,RETRACTED,AUTO
23:23:00,-83.32095,-10.10842,0,427,ON,RETRACTED,AUTO
23:23:01,-83.54637,-10.44366,0,329,ON,RETRACTED,AUTO
23:23:01,-83.54864,-9.876075,0,235,ON,RETRACTED,AUTO
23:23:01,-83.57803,-9.757963,0,257,ON,RETRACTED,AUTO
23:23:01,-83.49221,-9.188836,0,346,ON,RETRACTED,AUTO
23:23:01,-83.70355,-10.73267,0,408,ON,RETRACTED,AUTO
23:23:01,-83.62986,-8.626528,0,428,ON,RETRACTED,AUTO
23:23:01,-83.70449,-8.008529,0,425,ON,RETRACTED,AUTO
23:23:01,-83.91472,-8.813876,0,417,ON,RETRACTED,AUTO
23:23:01,-83.62062,-8.727801,0,416,ON,RETRACTED,AUTO
23:23:01,-83.41057,-10.36773,0,417,ON,RETRACTED,AUTO
23:23:02,-83.85522,-10.98985,0,426,ON,RETRACTED,AUTO
23:23:02,-83.78984,-9.849863,0,417,ON,RETRACTED,AUTO
23:23:02,-83.52786,-11.63707,0,384,ON,RETRACTED,AUTO
23:23:02,-83.73276,-10.77854,0,361,ON,RETRACTED,AUTO
23:23:02,-83.18644,-10.13264,0,338,ON,RETRACTED,AUTO
23:23:02,-83.7413,-8.793056,0,290,ON,RETRACTED,AUTO
23:23:02,-83.3611,-9.691581,0,229,ON,RETRACTED,AUTO
23:23:02,-83.81654,-11.16327,0,201,ON,RETRACTED,AUTO
23:23:02,-83.60436,-9.958981,0,200,ON,RETRACTED,AUTO
23:23:02,-83.67968,-8.699761,0,236,ON,RETRACTED,AUTO
23:23:03,-83.44285,-8.710504,0,308,ON,RETRACTED,AUTO
23:23:03,-83.48328,-11.33318,0,357,ON,RETRACTED,AUTO
23:23:03,-83.86143,-4.437563,0,381,ON,RETRACTED,AUTO
23:23:03,-83.59303,-9.917356,0,374,ON,RETRACTED,AUTO
23:23:03,-83.54182,-9.757963,0,306,ON,RETRACTED,AUTO
23:23:03,-83.47144,-9.598049,0,211,ON,RETRACTED,AUTO
23:23:03,-83.63752,-11.00023,0,159,ON,RETRACTED,AUTO
23:23:03,-83.22439,-12.54119,0,137,ON,RETRACTED,AUTO
23:23:03,-83.43629,-9.830467,0,133,ON,RETRACTED,AUTO
23:23:04,-83.51571,-7.995527,0,128,ON,RETRACTED,AUTO
23:23:04,-83.59164,-9.601534,0,128,ON,RETRACTED,AUTO
23:23:04,-83.59615,-9.185342,0,130,ON,RETRACTED,AUTO
23:23:04,-83.60786,-8.86572,0,135,ON,RETRACTED,AUTO
23:23:04,-83.4464,-9.850631,0,145,ON,RETRACTED,AUTO
23:23:04,-83.8213,-10.40521,0,158,ON,RETRACTED,AUTO
23:23:04,-83.66937,-8.978995,0,187,ON,RETRACTED,AUTO
23:23:04,-83.80792,-9.99358,0,247,ON,RETRACTED,AUTO
23:23:04,-83.59658,-7.499005,0,316,ON,RETRACTED,AUTO
23:23:04,-83.72768,-11.64781,0,365,ON,RETRACTED,AUTO
23:23:05,-83.457,-8.180231,0,385,ON,RETRACTED,AUTO
23:23:05,-83.58321,-8.637132,0,382,ON,RETRACTED,AUTO
23:23:05,-83.27927,-8.684771,0,367,ON,RETRACTED,AUTO
23:23:05,-83.49583,-10.40055,0,357,ON,RETRACTED,AUTO
23:23:05,-83.52028,-10.67828,0,328,ON,RETRACTED,AUTO
23:23:05,-83.6955,-9.361521,0,297,ON,RETRACTED,AUTO
23:23:05,-83.8917,-8.417658,0,424,ON,RETRACTED,AUTO
23:23:05,-83.58244,-7.943471,0,427,ON,RETRACTED,AUTO
23:23:05,-83.66811,-9.220823,0,426,ON,RETRACTED,AUTO
23:23:05,-83.48614,-8.331375,0,428,ON,RETRACTED,AUTO
23:23:06,-83.90839,-9.025275,0,436,ON,RETRACTED,AUTO
23:23:06,-83.65067,-9.902281,0,445,ON,RETRACTED,AUTO
23:23:06,-83.68262,-10.92701,0,452,ON,RETRACTED,AUTO
23:23:06,-83.73658,-9.421744,0,459,ON,RETRACTED,AUTO
23:23:06,-83.55648,-9.047572,0,461,ON,RETRACTED,AUTO
23:23:06,-83.61735,-9.343163,0,457,ON,RETRACTED,AUTO
23:23:06,-83.62167,-8.113035,0,449,ON,RETRACTED,AUTO
23:23:06,-83.52435,-10.63425,0,439,ON,RETRACTED,AUTO
23:23:06,-83.7747,-10.36037,0,434,ON,RETRACTED,AUTO
23:23:06,-83.70408,-10.08595,0,434,ON,RETRACTED,AUTO
23:23:07,-83.56324,-7.926926,0,439,ON,RETRACTED,AUTO
23:23:07,-83.47861,-9.520747,0,447,ON,RETRACTED,AUTO
23:23:07,-83.76772,-10.07248,0,456,ON,RETRACTED,AUTO
23:23:07,-83.56594,-9.917356,0,460,ON,RETRACTED,AUTO
23:23:07,-83.59572,-7.857429,0,461,ON,RETRACTED,AUTO
23:23:07,-83.6089,-9.482217,0,457,ON,RETRACTED,AUTO
23:23:07,-83.68147,-10.34868,0,449,ON,RETRACTED,AUTO
23:23:07,-83.38672,-9.940574,0,439,ON,RETRACTED,AUTO
23:23:07,-83.50656,-9.794525,0,434,ON,RETRACTED,AUTO
23:23:07,-83.55686,-9.02872,0,436,ON,RETRACTED,AUTO
23:23:08,-83.44948,-9.850631,0,440,ON,RETRACTED,AUTO
23:23:08,-83.46661,-9.462322,0,448,ON,RETRACTED,AUTO
23:23:08,-83.98888,-10.37406,0,456,ON,RETRACTED,AUTO
23:23:08,-83.72255,-7.903775,0,461,ON,RETRACTED,AUTO
23:23:08,-83.48724,-10.37913,0,461,ON,RETRACTED,AUTO
23:23:08,-83.56424,-10.745,0,456,ON,RETRACTED,AUTO
23:23:08,-83.84673,-10.59654,0,448,ON,RETRACTED,AUTO
23:23:08,-83.72113,-9.280046,0,439,ON,RETRACTED,AUTO
23:23:08,-83.48169,-8.583622,0,434,ON,RETRACTED,AUTO
23:23:08,-83.54287,-11.30993,0,436,ON,RETRACTED,AUTO
23:23:09,-83.4917,-11.5654,0,440,ON,RETRACTED,AUTO
23:23:09,-83.54829,-11.47464,0,448,ON,RETRACTED,AUTO
23:23:09,-83.36112,-10.28405,0,456,ON,RETRACTED,AUTO
23:23:09,-83.47649,-11.17098,0,461,ON,RETRACTED,AUTO
23:23:09,-83.81074,-10.67334,0,461,ON,RETRACTED,AUTO
23:23:09,-83.36407,-10.51263,0,456,ON,RETRACTED,AUTO
23:23:09,-83.21876,-6.842773,0,448,ON,RETRACTED,AUTO
23:23:09,-83.7664,-8.869134,0,438,ON,RETRACTED,AUTO
23:23:09,-83.50862,-10.51745,0,434,ON,RETRACTED,AUTO
23:23:09,-83.56251,-8.791765,0,436,ON,RETRACTED,AUTO
23:23:10,-83.45986,-11.03247,0,441,ON,RETRACTED,AUTO
23:23:10,-83.6757,-10.32672,0,449,ON,RETRACTED,AUTO
23:23:10,-83.30127,-9.633241,0,457,ON,RETRACTED,AUTO
23:23:10,-83.41602,-7.648915,0,461,ON,RETRACTED,AUTO
23:23:10,-83.81275,-9.790896,0,461,ON,RETRACTED,AUTO
23:23:10,-83.63266,-8.9852,0,456,ON,RETRACTED,AUTO
23:23:10,-83.48379,-8.665249,0,447,ON,RETRACTED,AUTO
23:23:10,-83.52289,-10.18755,0,438,ON,RETRACTED,AUTO
23:23:10,-83.68216,-9.361521,0,434,ON,RETRACTED,AUTO
23:23:10,-83.49379,-10.04935,0,436,ON,RETRACTED,AUTO
23:23:11,-83.47813,-9.774345,0,441,ON,RETRACTED,AUTO
23:23:11,-83.42056,-9.462322,0,449,ON,RETRACTED,AUTO
23:23:11,-83.66092,-8.579065,0,457,ON,RETRACTED,AUTO
23:23:11,-83.63913,-8.147241,0,461,ON,RETRACTED,AUTO
23:23:11,-83.50803,-9.071498,0,460,ON,RETRACTED,AUTO
23:23:11,-83.63818,-9.023129,0,456,ON,RETRACTED,AUTO
23:23:11,-83.73924,-8.934078,0,447,ON,RETRACTED,AUTO
23:23:11,-83.86945,-8.841814,0,438,ON,RETRACTED,AUTO
23:23:11,-83.63821,-9.085512,0,434,ON,RETRACTED,AUTO
23:23:11,-83.46832,-9.926247,0,437,ON,RETRACTED,AUTO
23:23:12,-83.5504,-9.226942,0,442,ON,RETRACTED,AUTO
23:23:12,-83.77705,-8.708474,0,450,ON,RETRACTED,AUTO
23:23:12,-83.51972,-9.814787,0,457,ON,RETRACTED,AUTO
23:23:12,-83.54826,-9.501687,0,461,ON,RETRACTED,AUTO
23:23:12,-83.55542,-10.3692,0,460,ON,RETRACTED,AUTO
23:23:12,-83.6142,-8.113035,0,454,ON,RETRACTED,AUTO
23:23:12,-83.857,-9.957127,0,447,ON,RETRACTED,AUTO
23:23:12,-83.56929,-8.299617,0,437,ON,RETRACTED,AUTO
23:23:12,-83.44111,-8.862491,0,434,ON,RETRACTED,AUTO
23:23:12,-83.40365,-7.501957,0,437,ON,RETRACTED,AUTO
23:23:13,-83.39362,-9.770465,0,441,ON,RETRACTED,AUTO
23:23:13,-83.43512,-10.5043,0,450,ON,RETRACTED,AUTO
23:23:13,-83.64601,-10.14177,0,457,ON,RETRACTED,AUTO
23:23:13,-83.49943,-8.448689,0,461,ON,RETRACTED,AUTO
23:23:13,-83.38368,-8.790544,0,461,ON,RETRACTED,AUTO
23:23:13,-83.41526,-9.770465,0,456,ON,RETRACTED,AUTO
23:23:13,-83.50851,-10.07016,0,447,ON,RETRACTED,AUTO
23:23:13,-83.92664,-9.33672,0,438,ON,RETRACTED,AUTO
23:23:13,-83.55003,-9.403132,0,434,ON,RETRACTED,AUTO
23:23:14,-83.77908,-9.748593,0,437,ON,RETRACTED,AUTO
23:23:14,-83.57775,-8.691307,0,442,ON,RETRACTED,AUTO
23:23:14,-83.49281,-9.071498,0,450,ON,RETRACTED,AUTO
23:23:14,-83.62959,-7.803487,0,459,ON,RETRACTED,AUTO
23:23:14,-83.48403,-10.96156,0,462,ON,RETRACTED,AUTO
23:23:14,-83.64936,-10.28306,0,460,ON,RETRACTED,AUTO
23:23:14,-83.46572,-9.870876,0,454,ON,RETRACTED,AUTO
23:23:14,-83.47511,-8.548312,0,446,ON,RETRACTED,AUTO
23:23:14,-83.33578,-8.852004,0,437,ON,RETRACTED,AUTO
23:23:14,-83.10114,-8.984256,0,434,ON,RETRACTED,AUTO
23:23:15,-83.22266,-7.790887,0,437,ON,RETRACTED,AUTO
23:23:15,-83.80103,-8.23562,0,442,ON,RETRACTED,AUTO
23:23:15,-83.48348,-7.845218,0,450,ON,RETRACTED,AUTO
23:23:15,-83.93937,-8.833414,0,457,ON,RETRACTED,AUTO
23:23:15,-83.2202,-10.37584,0,461,ON,RETRACTED,AUTO
23:23:15,-83.60558,-7.394924,0,460,ON,RETRACTED,AUTO
23:23:15,-83.43179,-9.308043,0,454,ON,RETRACTED,AUTO
23:23:15,-83.22985,-9.724372,0,445,ON,RETRACTED,AUTO
23:23:15,-83.56255,-10.39083,0,436,ON,RETRACTED,AUTO
23:23:15,-83.43443,-9.558878,0,432,ON,RETRACTED,AUTO
23:23:16,-83.23299,-8.130102,0,434,ON,RETRACTED,AUTO
23:23:16,-83.19137,-7.406911,0,440,ON,RETRACTED,AUTO
23:23:16,-83.58607,-6.632515,0,447,ON,RETRACTED,AUTO
23:23:16,-83.33486,-10.76254,0,451,ON,RETRACTED,AUTO
23:23:16,-83.39079,-9.251466,0,454,ON,RETRACTED,AUTO
23:23:16,-83.44471,-8.180231,0,303,ON,RETRACTED,AUTO
23:23:16,-83.1602,-8.162057,0,160,ON,RETRACTED,AUTO
23:23:16,-83.33256,-6.865826,0,138,ON,RETRACTED,AUTO
23:23:16,-82.99444,-8.72108,0,130,ON,RETRACTED,AUTO
23:23:16,-83.11895,-7.750036,0,128,ON,RETRACTED,AUTO
23:23:17,-83.28776,-8.081285,0,288,ON,RETRACTED,AUTO
23:23:17,-83.14981,-10.20397,0,424,ON,RETRACTED,AUTO
23:23:17,-83.27789,-7.790887,0,441,ON,RETRACTED,AUTO
23:23:17,-83.11088,-9.130176,0,452,ON,RETRACTED,AUTO
23:23:17,-82.77899,-10.40985,0,458,ON,RETRACTED,AUTO
23:23:17,-83.08652,-8.271884,0,457,ON,RETRACTED,AUTO
23:23:17,-83.39084,-9.289107,0,450,ON,RETRACTED,AUTO
23:23:17,-83.34334,-8.719746,0,440,ON,RETRACTED,AUTO
23:23:17,-83.37177,-8.179509,0,429,ON,RETRACTED,AUTO
23:23:17,-83.382,-9.711184,0,423,ON,RETRACTED,AUTO
23:23:18,-83.41979,-6.689316,0,388,ON,RETRACTED,AUTO
23:23:18,-83.4878,-8.935615,0,154,ON,RETRACTED,AUTO
23:23:18,-83.25446,-9.330348,0,124,ON,RETRACTED,AUTO
23:23:18,-83.40678,-9.076368,0,116,ON,RETRACTED,AUTO
23:23:18,-83.5888,-7.721826,0,115,ON,RETRACTED,AUTO
23:23:18,-83.6467,-9.123769,0,114,ON,RETRACTED,AUTO
23:23:18,-83.41829,-7.183289,0,113,ON,RETRACTED,AUTO
23:23:18,-83.31565,-7.426419,0,109,ON,RETRACTED,AUTO
23:23:18,-83.46696,-9.015618,0,106,ON,RETRACTED,AUTO
23:23:18,-83.36861,-8.640042,0,106,ON,RETRACTED,AUTO
23:23:19,-83.32089,-9.880671,0,105,ON,RETRACTED,AUTO
23:23:19,-83.45037,-8.612127,0,106,ON,RETRACTED,AUTO
23:23:19,-83.50397,-9.540381,0,108,ON,RETRACTED,AUTO
23:23:19,-83.04388,-7.138816,0,109,ON,RETRACTED,AUTO
23:23:19,-83.10861,-8.082633,0,110,ON,RETRACTED,AUTO
23:23:19,-83.67417,-9.462322,0,109,ON,RETRACTED,AUTO
23:23:19,-83.4365,-8.862491,0,109,ON,RETRACTED,AUTO
23:23:19,-83.50764,-8.836592,0,108,ON,RETRACTED,AUTO
23:23:19,-83.5366,-8.637132,0,106,ON,RETRACTED,AUTO
23:23:19,-83.261,-8.162509,0,106,ON,RETRACTED,AUTO
23:23:20,-83.80116,-9.277631,0,106,ON,RETRACTED,AUTO
23:23:20,-83.60823,-8.113035,0,108,ON,RETRACTED,AUTO
23:23:20,-83.16329,-10.93255,0,109,ON,RETRACTED,AUTO
23:23:20,-83.42222,-9.076368,0,110,ON,RETRACTED,AUTO
23:23:20,-83.359,-9.232758,0,111,ON,RETRACTED,AUTO
23:23:20,-83.49837,-10.04935,0,111,ON,RETRACTED,AUTO
23:23:20,-83.063,-8.475821,0,110,ON,RETRACTED,AUTO
23:23:20,-83.32875,-9.747088,0,110,ON,RETRACTED,AUTO
23:23:20,-83.35833,-8.869892,0,112,ON,RETRACTED,AUTO
23:23:20,-83.50407,-8.701026,0,116,ON,RETRACTED,AUTO
23:23:21,-83.2129,-9.331935,0,182,ON,RETRACTED,AUTO
23:23:21,-83.45324,-7.680276,0,270,ON,RETRACTED,AUTO
23:23:21,-83.21804,-8.355928,0,317,ON,RETRACTED,AUTO
23:23:21,-83.24716,-10.30485,0,329,ON,RETRACTED,AUTO
23:23:21,-83.78893,-7.217379,0,328,ON,RETRACTED,AUTO
23:23:21,-83.29756,-6.682971,0,326,ON,RETRACTED,AUTO
23:23:21,-83.21815,-9.013977,0,327,ON,RETRACTED,AUTO
23:23:21,-83.26378,-7.790887,0,324,ON,RETRACTED,AUTO
23:23:21,-83.52301,-9.952689,0,327,ON,RETRACTED,AUTO
23:23:21,-83.39527,-9.154903,0,333,ON,RETRACTED,AUTO
23:23:22,-83.01753,-8.208268,0,346,ON,RETRACTED,AUTO
23:23:22,-83.15966,-9.851327,0,354,ON,RETRACTED,AUTO
23:23:22,-83.24843,-7.564436,0,349,ON,RETRACTED,AUTO
23:23:22,-83.29346,-8.894868,0,322,ON,RETRACTED,AUTO
23:23:22,-83.53349,-10.18755,0,278,ON,RETRACTED,AUTO
23:23:22,-83.38638,-10.57659,0,228,ON,RETRACTED,AUTO
23:23:22,-83.58925,-8.45342,0,180,ON,RETRACTED,AUTO
23:23:22,-83.55193,-9.047572,0,151,ON,RETRACTED,AUTO
23:23:22,-83.40152,-8.808422,0,137,ON,RETRACTED,AUTO
23:23:22,-83.29392,-8.40595,0,135,ON,RETRACTED,AUTO
23:23:23,-83.47638,-9.63754,0,136,ON,RETRACTED,AUTO
23:23:23,-83.03522,-7.331115,0,149,ON,RETRACTED,AUTO
23:23:23,-83.24379,-8.001203,0,176,ON,RETRACTED,AUTO
23:23:23,-83.03752,-8.114434,0,237,ON,RETRACTED,AUTO
23:23:23,-82.97723,-7.616463,0,280,ON,RETRACTED,AUTO
23:23:23,-83.56657,-7.808314,0,276,ON,RETRACTED,AUTO
23:23:23,-83.17606,-9.183919,0,256,ON,RETRACTED,AUTO
23:23:23,-83.39137,-9.136346,0,205,ON,RETRACTED,AUTO
23:23:23,-83.33257,-8.473577,0,144,ON,RETRACTED,AUTO
23:23:24,-82.88125,-7.608967,0,126,ON,RETRACTED,AUTO
23:23:24,-83.38714,-6.662147,0,124,ON,RETRACTED,AUTO
23:23:24,-83.1675,-8.96088,0,123,ON,RETRACTED,AUTO
23:23:24,-83.55466,-10.98065,0,124,ON,RETRACTED,AUTO
23:23:24,-83.15012,-9.165936,0,126,ON,RETRACTED,AUTO
23:23:24,-83.16513,-7.922684,0,128,ON,RETRACTED,AUTO
23:23:24,-83.37131,-7.68672,0,128,ON,RETRACTED,AUTO
23:23:24,-83.39429,-9.039484,0,125,ON,RETRACTED,AUTO
23:23:24,-83.40829,-7.648915,0,120,ON,RETRACTED,AUTO
23:23:24,-83.24823,-9.762985,0,116,ON,RETRACTED,AUTO
23:23:25,-83.36706,-8.640042,0,115,ON,RETRACTED,AUTO
23:23:25,-83.11249,-8.369165,0,115,ON,RETRACTED,AUTO
23:23:25,-83.25113,-9.537538,0,116,ON,RETRACTED,AUTO
23:23:25,-83.34057,-8.640042,0,117,ON,RETRACTED,AUTO
23:23:25,-83.1296,-6.650701,0,120,ON,RETRACTED,AUTO
23:23:25,-83.17514,-7.938264,0,118,ON,RETRACTED,AUTO
23:23:25,-83.70818,-7.018377,0,116,ON,RETRACTED,AUTO
23:23:25,-83.69393,-8.476296,0,114,ON,RETRACTED,AUTO
23:23:25,-83.69724,-8.736842,0,112,ON,RETRACTED,AUTO
23:23:25,-83.95428,-9.019322,0,110,ON,RETRACTED,AUTO
23:23:26,-83.32897,-9.443243,0,110,ON,RETRACTED,AUTO
23:23:26,-83.40746,-8.212781,0,110,ON,RETRACTED,AUTO
23:23:26,-83.39548,-7.733599,0,112,ON,RETRACTED,AUTO
23:23:26,-83.23492,-7.308656,0,113,ON,RETRACTED,AUTO
23:23:26,-83.25468,-8.162509,0,114,ON,RETRACTED,AUTO
23:23:26,-83.25095,-8.146274,0,114,ON,RETRACTED,AUTO
23:23:26,-82.99222,-7.521758,0,113,ON,RETRACTED,AUTO
23:23:26,-83.24328,-8.275892,0,113,ON,RETRACTED,AUTO
23:23:26,-83.31893,-8.948558,0,113,ON,RETRACTED,AUTO
23:23:26,-83.20417,-8.194263,0,114,ON,RETRACTED,AUTO
23:23:27,-83.44164,-8.495886,0,115,ON,RETRACTED,AUTO
23:23:27,-83.16283,-9.499334,0,116,ON,RETRACTED,AUTO
23:23:27,-83.40668,-9.558878,0,117,ON,RETRACTED,AUTO
23:23:27,-83.36985,-8.294744,0,117,ON,RETRACTED,AUTO
23:23:27,-83.17069,-8.96088,0,117,ON,RETRACTED,AUTO
23:23:27,-83.06818,-7.594644,0,117,ON,RETRACTED,AUTO
23:23:27,-83.03309,-7.894964,0,117,ON,RETRACTED,AUTO
23:23:27,-83.38492,-10.48295,0,116,ON,RETRACTED,AUTO
23:23:27,-83.48538,-8.096538,0,116,ON,RETRACTED,AUTO
23:23:27,-83.38958,-7.981197,0,117,ON,RETRACTED,AUTO
23:23:28,-83.70852,-8.839128,0,120,ON,RETRACTED,AUTO
23:23:28,-83.72164,-5.698287,0,122,ON,RETRACTED,AUTO
23:23:28,-83.18141,-7.279793,0,124,ON,RETRACTED,AUTO
23:23:28,-83.22787,-8.564519,0,126,ON,RETRACTED,AUTO
23:23:28,-83.46037,-8.530766,0,126,ON,RETRACTED,AUTO
23:23:28,-83.25977,-9.085753,0,124,ON,RETRACTED,AUTO
23:23:28,-83.69752,-7.870062,0,122,ON,RETRACTED,AUTO
23:23:28,-83.68492,-8.112777,0,117,ON,RETRACTED,AUTO
23:23:28,-83.07432,-9.059482,0,115,ON,RETRACTED,AUTO
23:23:28,-83.17398,-7.714227,0,115,ON,RETRACTED,AUTO
23:23:29,-82.89618,-9.301128,0,115,ON,RETRACTED,AUTO
23:23:29,-83.46481,-9.850631,0,115,ON,RETRACTED,AUTO
23:23:29,-83.19746,-7.167239,0,116,ON,RETRACTED,AUTO
23:23:29,-83.57604,-8.435768,0,117,ON,RETRACTED,AUTO
23:23:29,-83.46014,-9.617753,0,117,ON,RETRACTED,AUTO
23:23:29,-83.44759,-9.578424,0,118,ON,RETRACTED,AUTO
23:23:29,-83.23615,-8.130102,0,120,ON,RETRACTED,AUTO
23:23:29,-82.86494,-6.93725,0,122,ON,RETRACTED,AUTO
23:23:29,-83.14035,-9.351677,0,149,ON,RETRACTED,AUTO
23:23:29,-83.64751,-10.14177,0,217,ON,RETRACTED,AUTO
23:23:30,-83.66958,-7.200505,0,187,ON,RETRACTED,AUTO
23:23:30,-83.28335,-9.085753,0,145,ON,RETRACTED,AUTO
23:23:30,-83.36678,-9.232758,0,133,ON,RETRACTED,AUTO
23:23:30,-83.04767,-9.15173,0,127,ON,RETRACTED,AUTO
23:23:30,-83.2392,-7.647283,0,126,ON,RETRACTED,AUTO
23:23:30,-83.57732,-9.14708,0,125,ON,RETRACTED,AUTO
23:23:30,-83.10991,-7.19455,0,124,ON,RETRACTED,AUTO
23:23:30,-83.40601,-9.770465,0,123,ON,RETRACTED,AUTO
23:23:30,-83.16836,-8.866675,0,123,ON,RETRACTED,AUTO
23:23:30,-83.53457,-9.009945,0,123,ON,RETRACTED,AUTO
23:23:31,-83.1963,-8.513988,0,125,ON,RETRACTED,AUTO
23:23:31,-83.2287,-11.35462,0,126,ON,RETRACTED,AUTO
23:23:31,-83.04909,-8.130102,0,127,ON,RETRACTED,AUTO
23:23:31,-83.14233,-7.668948,0,126,ON,RETRACTED,AUTO
23:23:31,-83.47601,-8.466145,0,120,ON,RETRACTED,AUTO
23:23:31,-83.49667,-9.911615,0,114,ON,RETRACTED,AUTO
23:23:31,-83.37792,-9.500712,0,110,ON,RETRACTED,AUTO
23:23:31,-83.59317,-8.928895,0,109,ON,RETRACTED,AUTO
23:23:31,-83.31105,-7.786036,0,109,ON,RETRACTED,AUTO
23:23:31,-83.19907,-8.306496,0,110,ON,RETRACTED,AUTO
23:23:32,-83.04802,-8.443192,0,112,ON,RETRACTED,AUTO
23:23:32,-83.00697,-7.521758,0,114,ON,RETRACTED,AUTO
23:23:32,-83.36539,-7.932758,0,122,ON,RETRACTED,AUTO
23:23:32,-83.32391,-9.214124,0,127,ON,RETRACTED,AUTO
23:23:32,-83.20642,-9.462321,0,125,ON,RETRACTED,AUTO
23:23:32,-83.46644,-10.80086,0,122,ON,RETRACTED,AUTO
23:23:32,-83.04263,-9.134088,0,121,ON,RETRACTED,AUTO
23:23:32,-83.24961,-8.275892,0,124,ON,RETRACTED,AUTO
23:23:32,-83.24288,-8.972627,0,138,ON,RETRACTED,AUTO
23:23:32,-83.59613,-8.847116,0,184,ON,RETRACTED,AUTO
23:23:33,-82.93646,-8.779406,0,236,ON,RETRACTED,AUTO
23:23:33,-83.25072,-11.26513,0,270,ON,RETRACTED,AUTO
23:23:33,-83.14141,-9.812921,0,272,ON,RETRACTED,AUTO
23:23:33,-83.40041,-7.981197,0,268,ON,RETRACTED,AUTO
23:23:33,-83.24041,-8.485571,0,266,ON,RETRACTED,AUTO
23:23:33,-83.13206,-8.00299,0,254,ON,RETRACTED,AUTO
23:23:33,-83.51272,-7.50826,0,209,ON,RETRACTED,AUTO
23:23:33,-83.36421,-9.9607,0,157,ON,RETRACTED,AUTO
23:23:33,-83.49998,-8.935615,0,127,ON,RETRACTED,AUTO
23:23:34,-83.21799,-10.34575,0,123,ON,RETRACTED,AUTO
23:23:34,-83.43543,-6.950112,0,120,ON,RETRACTED,AUTO
23:23:34,-83.56213,-6.857072,0,116,ON,RETRACTED,AUTO
23:23:34,-83.37582,-7.356104,0,115,ON,RETRACTED,AUTO
23:23:34,-83.68581,-9.240481,0,114,ON,RETRACTED,AUTO
23:23:34,-83.88725,-9.628156,0,113,ON,RETRACTED,AUTO
23:23:34,-83.52058,-7.877699,0,112,ON,RETRACTED,AUTO
23:23:34,-83.27962,-8.650073,0,111,ON,RETRACTED,AUTO
23:23:34,-83.33786,-9.081119,0,113,ON,RETRACTED,AUTO
23:23:34,-83.36829,-7.717909,0,116,ON,RETRACTED,AUTO
23:23:35,-83.54037,-8.954082,0,122,ON,RETRACTED,AUTO
23:23:35,-83.28339,-7.609837,0,124,ON,RETRACTED,AUTO
23:23:35,-83.50667,-9.462322,0,125,ON,RETRACTED,AUTO
23:23:35,-83.40865,-7.897464,0,125,ON,RETRACTED,AUTO
23:23:35,-83.55621,-6.618647,0,125,ON,RETRACTED,AUTO
23:23:35,-83.4873,-9.774345,0,127,ON,RETRACTED,AUTO
23:23:35,-83.30464,-8.816442,0,130,ON,RETRACTED,AUTO
23:23:35,-83.44553,-9.113553,0,134,ON,RETRACTED,AUTO
23:23:35,-83.31719,-9.15867,0,137,ON,RETRACTED,AUTO
23:23:35,-83.4649,-10.3578,0,147,ON,RETRACTED,AUTO
23:23:36,-83.55423,-9.009945,0,168,ON,RETRACTED,AUTO
23:23:36,-83.50433,-7.861426,0,206,ON,RETRACTED,AUTO
23:23:36,-83.04945,-9.007171,0,255,ON,RETRACTED,AUTO
23:23:36,-83.18991,-6.352694,0,282,ON,RETRACTED,AUTO
23:23:36,-83.07021,-9.462321,0,303,ON,RETRACTED,AUTO
23:23:36,-83.35973,-8.525012,0,321,ON,RETRACTED,AUTO
23:23:36,-83.16312,-11.48718,0,340,ON,RETRACTED,AUTO
23:23:36,-83.7673,-9.706653,0,357,ON,RETRACTED,AUTO
23:23:36,-83.26292,-9.085753,0,377,ON,RETRACTED,AUTO
23:23:36,-83.42065,-8.229517,0,396,ON,RETRACTED,AUTO
23:23:37,-83.15799,-8.642802,0,410,ON,RETRACTED,AUTO
23:23:37,-83.31474,-6.797126,0,414,ON,RETRACTED,AUTO
23:23:37,-83.19487,-8.451985,0,377,ON,RETRACTED,AUTO
23:23:37,-83.49578,-9.1699,0,199,ON,RETRACTED,AUTO
23:23:37,-83.2119,-6.869992,0,138,ON,RETRACTED,AUTO
23:23:37,-83.3048,-8.113765,0,124,ON,RETRACTED,AUTO
23:23:37,-83.42927,-9.810386,0,116,ON,RETRACTED,AUTO
23:23:37,-83.30222,-8.667387,0,113,ON,RETRACTED,AUTO
23:23:37,-83.61104,-10.45625,0,113,ON,RETRACTED,AUTO
23:23:37,-83.10469,-8.729211,0,113,ON,RETRACTED,AUTO
23:23:38,-83.54142,-7.06575,0,114,ON,RETRACTED,AUTO
23:23:38,-83.82262,-8.784176,0,116,ON,RETRACTED,AUTO
23:23:38,-83.32317,-6.952957,0,118,ON,RETRACTED,AUTO
23:23:38,-83.26292,-9.085753,0,120,ON,RETRACTED,AUTO
23:23:38,-83.54289,-8.265155,0,120,ON,RETRACTED,AUTO
23:23:38,-83.41305,-7.865306,0,126,ON,RETRACTED,AUTO
23:23:38,-83.10018,-10.49556,0,185,ON,RETRACTED,AUTO
23:23:38,-83.31761,-10.94673,0,310,ON,RETRACTED,AUTO
23:23:38,-83.51105,-9.560096,0,400,ON,RETRACTED,AUTO
23:23:38,-83.3176,-9.519314,0,426,ON,RETRACTED,AUTO
23:23:39,-83.28172,-7.139262,0,439,ON,RETRACTED,AUTO
23:23:39,-83.31516,-10.67636,0,442,ON,RETRACTED,AUTO
23:23:39,-83.45066,-9.578424,0,440,ON,RETRACTED,AUTO
23:23:39,-82.86921,-9.034617,0,429,ON,RETRACTED,AUTO
23:23:39,-83.5344,-9.835132,0,405,ON,RETRACTED,AUTO
23:23:39,-82.76286,-8.039445,0,401,ON,RETRACTED,AUTO
23:23:39,-82.95009,-8.00642,0,405,ON,RETRACTED,AUTO
23:23:39,-83.49371,-6.918387,0,413,ON,RETRACTED,AUTO
23:23:39,-83.56072,-9.639769,0,429,ON,RETRACTED,AUTO
23:23:39,-83.22247,-7.504732,0,439,ON,RETRACTED,AUTO
23:23:40,-83.38982,-9.136346,0,446,ON,RETRACTED,AUTO
23:23:40,-83.43592,-10.9652,0,449,ON,RETRACTED,AUTO
23:23:40,-83.40898,-9.635364,0,448,ON,RETRACTED,AUTO
23:23:40,-83.12754,-9.499334,0,440,ON,RETRACTED,AUTO
23:23:40,-83.47231,-8.180231,0,430,ON,RETRACTED,AUTO
23:23:40,-83.46565,-7.610313,0,424,ON,RETRACTED,AUTO
23:23:40,-83.56681,-9.14708,0,415,ON,RETRACTED,AUTO
23:23:40,-83.23707,-9.836554,0,426,ON,RETRACTED,AUTO
23:23:40,-83.42872,-7.897464,0,433,ON,RETRACTED,AUTO
23:23:40,-83.33881,-8.473577,0,438,ON,RETRACTED,AUTO
23:23:41,-83.06901,-8.161617,0,396,ON,RETRACTED,AUTO
23:23:41,-83.32047,-8.113765,0,296,ON,RETRACTED,AUTO
23:23:41,-83.45271,-8.530766,0,209,ON,RETRACTED,AUTO
23:23:41,-83.54678,-9.166172,0,211,ON,RETRACTED,AUTO
23:23:41,-83.26438,-7.806401,0,308,ON,RETRACTED,AUTO
23:23:41,-83.17879,-8.513988,0,316,ON,RETRACTED,AUTO
23:23:41,-83.41982,-9.057889,0,408,ON,RETRACTED,AUTO
23:23:41,-83.49335,-7.979015,0,428,ON,RETRACTED,AUTO
23:23:41,-83.64411,-7.321235,0,439,ON,RETRACTED,AUTO
23:23:41,-83.16163,-8.592026,0,448,ON,RETRACTED,AUTO
23:23:42,-83.44371,-10.70684,0,454,ON,RETRACTED,AUTO
23:23:42,-83.29659,-9.367681,0,454,ON,RETRACTED,AUTO
23:23:42,-83.40053,-9.654977,0,449,ON,RETRACTED,AUTO
23:23:42,-83.54202,-9.265364,0,361,ON,RETRACTED,AUTO
23:23:42,-83.41095,-8.844394,0,173,ON,RETRACTED,AUTO
23:23:42,-83.58202,-7.034976,0,150,ON,RETRACTED,AUTO
23:23:42,-83.14202,-9.499334,0,146,ON,RETRACTED,AUTO
23:23:42,-83.50529,-9.306097,0,151,ON,RETRACTED,AUTO
23:23:42,-83.28074,-8.763627,0,233,ON,RETRACTED,AUTO
23:23:42,-83.5899,-9.02872,0,337,ON,RETRACTED,AUTO
23:23:43,-83.57223,-7.618546,0,379,ON,RETRACTED,AUTO
23:23:43,-83.35041,-8.277983,0,396,ON,RETRACTED,AUTO
23:23:43,-83.26024,-8.763627,0,402,ON,RETRACTED,AUTO
23:23:43,-83.10351,-8.193377,0,426,ON,RETRACTED,AUTO
23:23:43,-83.21419,-9.593134,0,428,ON,RETRACTED,AUTO
23:23:43,-82.90928,-8.498558,0,426,ON,RETRACTED,AUTO
23:23:43,-83.56667,-8.810139,0,429,ON,RETRACTED,AUTO
23:23:43,-83.15326,-9.851327,0,437,ON,RETRACTED,AUTO
23:23:43,-83.5126,-8.917221,0,446,ON,RETRACTED,AUTO
23:23:44,-83.0179,-10.78947,0,452,ON,RETRACTED,AUTO
23:23:44,-83.20881,-11.82408,0,457,ON,RETRACTED,AUTO
23:23:44,-83.43658,-8.612127,0,456,ON,RETRACTED,AUTO
23:23:44,-83.36774,-7.948839,0,449,ON,RETRACTED,AUTO
23:23:44,-83.26101,-11.55758,0,440,ON,RETRACTED,AUTO
23:23:44,-83.24496,-9.274898,0,433,ON,RETRACTED,AUTO
23:23:44,-83.33022,-9.044666,0,429,ON,RETRACTED,AUTO
23:23:44,-82.92728,-11.67459,0,434,ON,RETRACTED,AUTO
23:23:44,-83.70748,-7.991456,0,440,ON,RETRACTED,AUTO
23:23:44,-83.20471,-7.729439,0,448,ON,RETRACTED,AUTO
23:23:45,-82.97671,-21.76156,0,454,ON,RETRACTED,AUTO
23:23:45,-83.82433,-10.42777,0,457,ON,RETRACTED,AUTO
23:23:45,-83.24879,-8.130102,0,454,ON,RETRACTED,AUTO
23:23:45,-83.14108,-6.115503,0,448,ON,RETRACTED,AUTO
23:23:45,-83.40605,-10.0012,0,438,ON,RETRACTED,AUTO
23:23:45,-83.04622,-8.569142,0,430,ON,RETRACTED,AUTO
23:23:45,-83.18639,-8.754772,0,430,ON,RETRACTED,AUTO
23:23:45,-83.65945,-11.93269,0,435,ON,RETRACTED,AUTO
23:23:45,-83.17686,-9.220098,0,441,ON,RETRACTED,AUTO
23:23:45,-83.27108,-11.68937,0,450,ON,RETRACTED,AUTO
23:23:46,-83.05964,-6.781109,0,456,ON,RETRACTED,AUTO
23:23:46,-83.63666,-10.59733,0,457,ON,RETRACTED,AUTO
23:23:46,-83.49011,-5.485487,0,452,ON,RETRACTED,AUTO
23:23:46,-83.45836,-12.25976,0,446,ON,RETRACTED,AUTO
23:23:46,-83.50712,-8.701026,0,436,ON,RETRACTED,AUTO
23:23:46,-83.28518,-7.93555,0,429,ON,RETRACTED,AUTO
23:23:46,-83.34765,-8.162974,0,430,ON,RETRACTED,AUTO
23:23:46,-83.10497,-9.351677,0,437,ON,RETRACTED,AUTO
23:23:46,-83.37386,-8.905885,0,446,ON,RETRACTED,AUTO
23:23:46,-83.45479,-13.12641,0,452,ON,RETRACTED,AUTO
23:23:47,-83.2364,-8.659861,0,457,ON,RETRACTED,AUTO
23:23:47,-83.51595,-6.418787,0,457,ON,RETRACTED,AUTO
23:23:47,-83.14329,-9.090277,0,450,ON,RETRACTED,AUTO
23:23:47,-83.00365,-8.39471,0,441,ON,RETRACTED,AUTO
23:23:47,-83.25053,-7.93555,0,434,ON,RETRACTED,AUTO
23:23:47,-83.40173,-12.27473,0,429,ON,RETRACTED,AUTO
23:23:47,-83.09705,-8.193377,0,433,ON,RETRACTED,AUTO
23:23:47,-83.22952,-11.99967,0,439,ON,RETRACTED,AUTO
23:23:47,-82.98497,-4.596247,0,448,ON,RETRACTED,AUTO
23:23:47,-83.21223,-8.642802,0,454,ON,RETRACTED,AUTO
23:23:48,-83.49565,-9.657404,0,458,ON,RETRACTED,AUTO
23:23:48,-83.12634,-8.9084,0,456,ON,RETRACTED,AUTO
23:23:48,-82.95387,-6.569422,0,449,ON,RETRACTED,AUTO
23:23:48,-83.69456,-7.870062,0,440,ON,RETRACTED,AUTO
23:23:48,-82.91563,-15.11271,0,432,ON,RETRACTED,AUTO
23:23:48,-83.22417,-9.968356,0,429,ON,RETRACTED,AUTO
23:23:48,-83.23958,-10.39631,0,434,ON,RETRACTED,AUTO
23:23:48,-83.22826,-12.875,0,441,ON,RETRACTED,AUTO
23:23:48,-83.25871,-8.972627,0,449,ON,RETRACTED,AUTO
23:23:48,-83.3278,-9.900558,0,456,ON,RETRACTED,AUTO
23:23:49,-82.97824,-10.07819,0,459,ON,RETRACTED,AUTO
23:23:49,-83.36983,-11.21884,0,454,ON,RETRACTED,AUTO
23:23:49,-83.49139,-8.818357,0,447,ON,RETRACTED,AUTO
23:23:49,-83.13203,-8.686355,0,437,ON,RETRACTED,AUTO
23:23:49,-83.58021,-10.03585,0,430,ON,RETRACTED,AUTO
23:23:49,-82.67944,-11.16488,0,430,ON,RETRACTED,AUTO
23:23:49,-83.34503,-4.695478,0,437,ON,RETRACTED,AUTO
23:23:49,-83.15842,-4.876521,0,445,ON,RETRACTED,AUTO
23:23:49,-83.44363,-4.959524,0,451,ON,RETRACTED,AUTO
23:23:49,-83.10206,-11.02488,0,457,ON,RETRACTED,AUTO
23:23:50,-83.28703,-8.763627,0,458,ON,RETRACTED,AUTO
23:23:50,-83.48103,-9.248822,0,452,ON,RETRACTED,AUTO
23:23:50,-83.30055,-10.62679,0,442,ON,RETRACTED,AUTO
23:23:50,-83.14583,-10.31493,0,436,ON,RETRACTED,AUTO
23:23:50,-83.12832,3.419983,0,429,ON,RETRACTED,AUTO
23:23:50,-83.50119,-10.86759,0,433,ON,RETRACTED,AUTO
23:23:50,-83.52636,-8.972628,0,439,ON,RETRACTED,AUTO
23:23:50,-83.37946,-8.640042,0,447,ON,RETRACTED,AUTO
23:23:50,-83.30848,-9.613947,0,454,ON,RETRACTED,AUTO
23:23:50,-83.40708,-8.328472,0,457,ON,RETRACTED,AUTO
23:23:51,-83.55753,-10.48711,0,456,ON,RETRACTED,AUTO
23:23:51,-83.4044,-8.710504,0,450,ON,RETRACTED,AUTO
23:23:51,-83.16995,-9.890034,0,440,ON,RETRACTED,AUTO
23:23:51,-83.20686,-8.178128,0,433,ON,RETRACTED,AUTO
23:23:51,-83.51712,-7.894042,0,429,ON,RETRACTED,AUTO
23:23:51,-83.27389,-10.74668,0,434,ON,RETRACTED,AUTO
23:23:51,-83.39973,-7.997475,0,440,ON,RETRACTED,AUTO
23:23:51,-83.19135,-12.6144,0,449,ON,RETRACTED,AUTO
23:23:51,-83.24736,-10.23324,0,454,ON,RETRACTED,AUTO
23:23:51,-83.48121,-9.442761,0,457,ON,RETRACTED,AUTO
23:23:52,-83.35103,-9.940574,0,454,ON,RETRACTED,AUTO
23:23:52,-83.34734,-11.53694,0,448,ON,RETRACTED,AUTO
23:23:52,-83.22668,-8.451985,0,438,ON,RETRACTED,AUTO
23:23:52,-83.30543,-10.81133,0,430,ON,RETRACTED,AUTO
23:23:52,-83.45239,-10.3154,0,429,ON,RETRACTED,AUTO
23:23:52,-83.48969,-9.1699,0,435,ON,RETRACTED,AUTO
23:23:52,-83.1069,-9.755862,0,441,ON,RETRACTED,AUTO
23:23:52,-83.78019,-8.35865,0,450,ON,RETRACTED,AUTO
23:23:52,-82.44792,-16.1829,0,456,ON,RETRACTED,AUTO
23:23:52,-83.56975,-9.798771,0,457,ON,RETRACTED,AUTO
23:23:53,-83.54681,-10.34766,0,452,ON,RETRACTED,AUTO
23:23:53,-83.42825,-11.35603,0,444,ON,RETRACTED,AUTO
23:23:53,-83.27898,-10.61261,0,436,ON,RETRACTED,AUTO
23:23:53,-83.61362,-11.33368,0,429,ON,RETRACTED,AUTO
23:23:53,-83.81815,-8.555558,0,430,ON,RETRACTED,AUTO
23:23:53,-83.08978,-17.63097,0,437,ON,RETRACTED,AUTO
23:23:53,-83.39266,-9.520021,0,446,ON,RETRACTED,AUTO
23:23:53,-83.21972,-7.209961,0,451,ON,RETRACTED,AUTO
23:23:53,-83.5016,-10.63425,0,457,ON,RETRACTED,AUTO
23:23:54,-83.21652,-9.144223,0,456,ON,RETRACTED,AUTO
23:23:54,-83.24292,-11.35462,0,450,ON,RETRACTED,AUTO
23:23:54,-83.07325,-12.00916,0,441,ON,RETRACTED,AUTO
23:23:54,-83.02032,-6.352474,0,433,ON,RETRACTED,AUTO
23:23:54,-83.48773,-12.42594,0,429,ON,RETRACTED,AUTO
23:23:54,-83.12411,-10.25472,0,433,ON,RETRACTED,AUTO
23:23:54,-82.94922,-8.921302,0,439,ON,RETRACTED,AUTO
23:23:54,-83.44776,-8.495886,0,447,ON,RETRACTED,AUTO
23:23:54,-83.03942,-7.879767,0,452,ON,RETRACTED,AUTO
23:23:54,-83.64241,-10.23978,0,457,ON,RETRACTED,AUTO
23:23:55,-83.54581,-7.184267,0,456,ON,RETRACTED,AUTO
23:23:55,-83.3871,0.473508,0,448,ON,RETRACTED,AUTO
23:23:55,-83.48221,-13.34873,0,439,ON,RETRACTED,AUTO
23:23:55,-83.75326,-10.45991,0,430,ON,RETRACTED,AUTO
23:23:55,-83.25127,-9.274898,0,429,ON,RETRACTED,AUTO
23:23:55,-83.40105,-9.404604,0,434,ON,RETRACTED,AUTO
23:23:55,-83.38144,-2.581259,0,440,ON,RETRACTED,AUTO
23:23:55,-83.1935,-10.6891,0,449,ON,RETRACTED,AUTO
23:23:55,-83.20525,-8.676985,0,456,ON,RETRACTED,AUTO
23:23:55,-83.4561,-10.29432,0,457,ON,RETRACTED,AUTO
23:23:56,-83.2105,2.065886,0,452,ON,RETRACTED,AUTO
23:23:56,-83.34892,-9.214124,0,446,ON,RETRACTED,AUTO
23:23:56,-82.94867,-10.02067,0,437,ON,RETRACTED,AUTO
23:23:56,-83.09351,-8.30406,0,429,ON,RETRACTED,AUTO
23:23:56,-83.28576,-11.28749,0,429,ON,RETRACTED,AUTO
23:23:56,-83.33786,-8.031656,0,436,ON,RETRACTED,AUTO
23:23:56,-83.7159,-5.931527,0,442,ON,RETRACTED,AUTO
23:23:56,-83.43982,-7.183289,0,450,ON,RETRACTED,AUTO
23:23:56,-83.06436,-7.800188,0,456,ON,RETRACTED,AUTO
23:23:56,-83.23415,-13.1122,0,457,ON,RETRACTED,AUTO
23:23:57,-84.26926,2.16108,0,451,ON,RETRACTED,AUTO
23:23:57,-83.58827,-10.745,0,442,ON,RETRACTED,AUTO
23:23:57,-83.08804,-9.995035,0,434,ON,RETRACTED,AUTO
23:23:57,-83.6164,-7.049825,0,429,ON,RETRACTED,AUTO
23:23:57,-83.7019,-7.26205,0,432,ON,RETRACTED,AUTO
23:23:57,-83.21371,-10.75238,0,438,ON,RETRACTED,AUTO
23:23:57,-83.70394,-12.19724,0,446,ON,RETRACTED,AUTO
23:23:57,-82.91706,-5.184456,0,452,ON,RETRACTED,AUTO
23:23:57,-83.242,-9.688786,0,457,ON,RETRACTED,AUTO
23:23:57,-83.54396,-9.246114,0,456,ON,RETRACTED,AUTO
23:23:58,-83.64851,-11.42836,0,449,ON,RETRACTED,AUTO
23:23:58,-83.80367,-10.72629,0,440,ON,RETRACTED,AUTO
23:23:58,-82.67945,-2.015131,0,433,ON,RETRACTED,AUTO
23:23:58,-82.61414,-28.33512,0,429,ON,RETRACTED,AUTO
23:23:58,-83.4898,-13.00348,0,433,ON,RETRACTED,AUTO
23:23:58,-83.25318,-11.06287,0,440,ON,RETRACTED,AUTO
23:23:58,-83.40228,-7.386044,0,448,ON,RETRACTED,AUTO
23:23:58,-83.37954,-9.021152,0,454,ON,RETRACTED,AUTO
23:23:58,-83.30956,-10.78969,0,457,ON,RETRACTED,AUTO
23:23:58,-83.39681,-9.154903,0,454,ON,RETRACTED,AUTO
23:23:59,-83.83298,-10.42777,0,447,ON,RETRACTED,AUTO
23:23:59,-83.69416,-9.061378,0,438,ON,RETRACTED,AUTO
23:23:59,-83.43972,-10.5043,0,430,ON,RETRACTED,AUTO
23:23:59,-82.54415,-14.23579,0,429,ON,RETRACTED,AUTO
23:23:59,-82.29894,-8.144451,0,435,ON,RETRACTED,AUTO
23:23:59,-83.56285,-7.452078,0,441,ON,RETRACTED,AUTO
23:23:59,-83.3205,-10.88118,0,450,ON,RETRACTED,AUTO
23:23:59,-83.10617,-9.664584,0,456,ON,RETRACTED,AUTO
23:23:59,-83.34196,-10.22217,0,457,ON,RETRACTED,AUTO
23:23:59,-83.59088,-8.626528,0,451,ON,RETRACTED,AUTO
23:24:00,-83.29365,-10.31516,0,444,ON,RETRACTED,AUTO
23:24:00,-83.56032,-9.659893,0,434,ON,RETRACTED,AUTO
23:24:00,-83.47437,-9.267837,0,429,ON,RETRACTED,AUTO
23:24:00,-83.2713,-7.821976,0,430,ON,RETRACTED,AUTO
23:24:00,-83.48914,-10.08318,0,437,ON,RETRACTED,AUTO
23:24:00,-83.46234,-8.413991,0,446,ON,RETRACTED,AUTO
23:24:00,-82.98212,-8.921302,0,451,ON,RETRACTED,AUTO
23:24:00,-83.46532,-5.205125,0,457,ON,RETRACTED,AUTO
23:24:00,-83.43938,-8.263193,0,456,ON,RETRACTED,AUTO
23:24:00,-83.23132,-9.031816,0,450,ON,RETRACTED,AUTO
23:24:01,-83.41982,-7.446653,0,441,ON,RETRACTED,AUTO
23:24:01,-83.60606,-8.966353,0,433,ON,RETRACTED,AUTO
23:24:01,-83.16639,-10.02111,0,429,ON,RETRACTED,AUTO
23:24:01,-83.79382,-6.867066,0,433,ON,RETRACTED,AUTO
23:24:01,-83.04746,-8.130102,0,439,ON,RETRACTED,AUTO
23:24:01,-82.69965,-8.625183,0,448,ON,RETRACTED,AUTO
23:24:01,-82.97286,-5.492324,0,454,ON,RETRACTED,AUTO
23:24:01,-83.63165,1.101706,0,458,ON,RETRACTED,AUTO
23:24:01,-83.07619,-8.788285,0,456,ON,RETRACTED,AUTO
23:24:01,-83.6447,-5.00672,0,448,ON,RETRACTED,AUTO
23:24:02,-83.38663,-9.711184,0,438,ON,RETRACTED,AUTO
23:24:02,-83.02665,-23.41212,0,430,ON,RETRACTED,AUTO
23:24:02,-82.72965,-7.846093,0,429,ON,RETRACTED,AUTO
23:24:02,-83.16194,-9.890034,0,435,ON,RETRACTED,AUTO
23:24:02,-83.12896,-6.091513,0,441,ON,RETRACTED,AUTO
23:24:02,-83.28867,-9.801904,0,450,ON,RETRACTED,AUTO
23:24:02,-83.32516,-3.860732,0,456,ON,RETRACTED,AUTO
23:24:02,-83.57154,-8.791765,0,457,ON,RETRACTED,AUTO
23:24:02,-83.23793,-6.883682,0,452,ON,RETRACTED,AUTO
23:24:02,-83.09294,-7.860962,0,446,ON,RETRACTED,AUTO
23:24:03,-83.41553,-10.66978,0,435,ON,RETRACTED,AUTO
23:24:03,-83.41151,-7.865306,0,429,ON,RETRACTED,AUTO
23:24:03,-83.17966,-9.201973,0,430,ON,RETRACTED,AUTO
23:24:03,-83.47139,-8.314225,0,438,ON,RETRACTED,AUTO
23:24:03,-83.14238,-9.721242,0,446,ON,RETRACTED,AUTO
23:24:03,-83.15788,-7.47523,0,452,ON,RETRACTED,AUTO
23:24:03,-83.6331,-6.461097,0,457,ON,RETRACTED,AUTO
23:24:03,-83.46773,-11.4729,0,457,ON,RETRACTED,AUTO
23:24:03,-83.37473,-10.64824,0,450,ON,RETRACTED,AUTO
23:24:04,-83.39752,-10.87675,0,440,ON,RETRACTED,AUTO
23:24:04,-83.33253,-10.12874,0,433,ON,RETRACTED,AUTO
23:24:04,-83.25694,-8.259438,0,429,ON,RETRACTED,AUTO
23:24:04,-83.71051,-7.431408,0,434,ON,RETRACTED,AUTO
23:24:04,-83.12318,-11.0463,0,440,ON,RETRACTED,AUTO
23:24:04,-83.22701,-9.462321,0,449,ON,RETRACTED,AUTO
23:24:04,-83.44726,-12.46493,0,454,ON,RETRACTED,AUTO
23:24:04,-83.38463,-9.289107,0,457,ON,RETRACTED,AUTO
23:24:04,-83.39897,-10.34668,0,454,ON,RETRACTED,AUTO
23:24:04,-83.02909,-9.243568,0,448,ON,RETRACTED,AUTO
23:24:05,-83.14451,-7.987379,0,437,ON,RETRACTED,AUTO
23:24:05,-83.33033,-7.916742,0,430,ON,RETRACTED,AUTO
23:24:05,-83.38902,-10.89873,0,429,ON,RETRACTED,AUTO
23:24:05,-83.47507,-10.00798,0,436,ON,RETRACTED,AUTO
23:24:05,-82.56778,-10.45362,0,442,ON,RETRACTED,AUTO
23:24:05,-83.74959,-5.587244,0,450,ON,RETRACTED,AUTO
23:24:05,-83.29737,-15.09406,0,456,ON,RETRACTED,AUTO
23:24:05,-83.36714,-9.424238,0,457,ON,RETRACTED,AUTO
23:24:05,-83.45126,-11.35603,0,451,ON,RETRACTED,AUTO
23:24:05,-83.0098,-9.771142,0,442,ON,RETRACTED,AUTO
23:24:06,-83.4974,-10.02862,0,434,ON,RETRACTED,AUTO
23:24:06,-83.51347,-6.090109,0,428,ON,RETRACTED,AUTO
23:24:06,-82.77506,-18.33496,0,430,ON,RETRACTED,AUTO
23:24:06,-83.6032,-9.462322,0,438,ON,RETRACTED,AUTO
23:24:06,-83.08639,-7.498769,0,446,ON,RETRACTED,AUTO
23:24:06,-83.43958,-8.862491,0,452,ON,RETRACTED,AUTO
23:24:06,-83.28408,-10.02791,0,457,ON,RETRACTED,AUTO
23:24:06,-83.11543,-9.1124,0,456,ON,RETRACTED,AUTO
23:24:06,-83.44987,-8.013818,0,449,ON,RETRACTED,AUTO
23:24:06,-83.55228,-8.418189,0,440,ON,RETRACTED,AUTO
23:24:07,-83.70518,-3.200303,0,430,ON,RETRACTED,AUTO
23:24:07,-83.55004,-6.14111,0,429,ON,RETRACTED,AUTO
23:24:07,-83.13822,-9.130176,0,434,ON,RETRACTED,AUTO
23:24:07,-83.19847,-9.462321,0,440,ON,RETRACTED,AUTO
23:24:07,-83.28969,-8.877114,0,449,ON,RETRACTED,AUTO
23:24:07,-83.18907,-6.928269,0,454,ON,RETRACTED,AUTO
23:24:07,-83.32676,-7.311646,0,457,ON,RETRACTED,AUTO
23:24:07,-83.41519,-9.057889,0,452,ON,RETRACTED,AUTO
23:24:07,-83.50076,-10.96156,0,446,ON,RETRACTED,AUTO
23:24:07,-83.01649,-9.134088,0,436,ON,RETRACTED,AUTO
23:24:08,-82.95341,-9.462321,0,428,ON,RETRACTED,AUTO
23:24:08,-83.07327,-8.38209,0,429,ON,RETRACTED,AUTO
23:24:08,-83.31649,-7.411493,0,436,ON,RETRACTED,AUTO
23:24:08,-83.76627,-14.24623,0,442,ON,RETRACTED,AUTO
23:24:08,-83.12168,-6.115503,0,450,ON,RETRACTED,AUTO
23:24:08,-83.60824,-16.24107,0,456,ON,RETRACTED,AUTO
23:24:08,-83.41666,-9.539411,0,456,ON,RETRACTED,AUTO
23:24:08,-83.16942,-9.923483,0,450,ON,RETRACTED,AUTO
23:24:08,-83.07894,-11.83158,0,440,ON,RETRACTED,AUTO
23:24:08,-83.71101,-10.34868,0,433,ON,RETRACTED,AUTO
23:24:09,-83.38532,-8.080582,0,428,ON,RETRACTED,AUTO
23:24:09,-83.50765,-5.508346,0,430,ON,RETRACTED,AUTO
23:24:09,-83.44656,-0.590657,0,439,ON,RETRACTED,AUTO
23:24:09,-83.42323,-2.613346,0,447,ON,RETRACTED,AUTO
23:24:09,-83.16344,-10.31493,0,452,ON,RETRACTED,AUTO
23:24:09,-83.25752,-8.275892,0,457,ON,RETRACTED,AUTO
23:24:09,-82.72531,6.436366,0,454,ON,RETRACTED,AUTO
23:24:09,-83.00656,-8.130102,0,447,ON,RETRACTED,AUTO
23:24:09,-84.26698,-6.788975,0,437,ON,RETRACTED,AUTO
23:24:09,-83.47418,-8.978744,0,429,ON,RETRACTED,AUTO
23:24:10,-83.14637,-8.497276,0,428,ON,RETRACTED,AUTO
23:24:10,-83.79231,-9.503247,0,434,ON,RETRACTED,AUTO
23:24:10,-83.26481,-6.770028,0,441,ON,RETRACTED,AUTO
23:24:10,-83.01362,-12.40957,0,449,ON,RETRACTED,AUTO
23:24:10,-83.37396,-10.57659,0,456,ON,RETRACTED,AUTO
23:24:10,-83.48025,-8.782114,0,457,ON,RETRACTED,AUTO
23:24:10,-83.325,-8.816442,0,451,ON,RETRACTED,AUTO
23:24:10,-83.10381,-9.572896,0,442,ON,RETRACTED,AUTO
23:24:10,-83.48353,-10.59808,0,434,ON,RETRACTED,AUTO
23:24:10,-83.00294,-8.083279,0,428,ON,RETRACTED,AUTO
23:24:11,-83.1339,-9.019322,0,430,ON,RETRACTED,AUTO
23:24:11,-83.27281,-9.180541,0,437,ON,RETRACTED,AUTO
23:24:11,-83.47189,-10.24128,0,446,ON,RETRACTED,AUTO
23:24:11,-83.33353,-9.974555,0,451,ON,RETRACTED,AUTO
23:24:11,-83.66848,-7.627064,0,457,ON,RETRACTED,AUTO
23:24:11,-82.70203,-3.88582,0,456,ON,RETRACTED,AUTO
23:24:11,-83.44197,-9.560096,0,450,ON,RETRACTED,AUTO
23:24:11,-83.46848,-13.29441,0,440,ON,RETRACTED,AUTO
23:24:11,-83.17125,-7.377728,0,433,ON,RETRACTED,AUTO
23:24:11,-82.09881,-29.38336,0,429,ON,RETRACTED,AUTO
23:24:12,-83.76963,-10.9228,0,433,ON,RETRACTED,AUTO
23:24:12,-83.52676,-6.93275,0,440,ON,RETRACTED,AUTO
23:24:12,-83.06255,-8.431073,0,448,ON,RETRACTED,AUTO
23:24:12,-83.10043,-6.5862,0,456,ON,RETRACTED,AUTO
23:24:12,-83.48563,-8.348595,0,457,ON,RETRACTED,AUTO
23:24:12,-83.46168,-11.49461,0,454,ON,RETRACTED,AUTO
23:24:12,-83.45464,-8.917221,0,447,ON,RETRACTED,AUTO
23:24:12,-83.37221,-8.311574,0,437,ON,RETRACTED,AUTO
23:24:12,-83.34075,-10.99087,0,429,ON,RETRACTED,AUTO
23:24:12,-83.25523,-8.581495,0,429,ON,RETRACTED,AUTO
23:24:13,-83.55151,-7.199234,0,436,ON,RETRACTED,AUTO
23:24:13,-82.73091,-3.468229,0,442,ON,RETRACTED,AUTO
23:24:13,-83.15398,-8.352795,0,451,ON,RETRACTED,AUTO
23:24:13,-83.22471,-10.21296,0,456,ON,RETRACTED,AUTO
23:24:13,-83.3944,-10.21087,0,457,ON,RETRACTED,AUTO
23:24:13,-83.13854,-10.93632,0,451,ON,RETRACTED,AUTO
23:24:13,-83.56071,-9.876075,0,442,ON,RETRACTED,AUTO
23:24:13,-82.97386,-8.519863,0,434,ON,RETRACTED,AUTO
23:24:13,-83.57195,-9.994101,0,429,ON,RETRACTED,AUTO
23:24:14,-83.31789,-7.52598,0,432,ON,RETRACTED,AUTO
23:24:14,-83.65576,-8.718263,0,438,ON,RETRACTED,AUTO
23:24:14,-83.26524,-7.238727,0,446,ON,RETRACTED,AUTO
23:24:14,-83.17212,-10.64733,0,451,ON,RETRACTED,AUTO
23:24:14,-83.40749,-10.36773,0,457,ON,RETRACTED,AUTO
23:24:14,-83.02044,-15.3816,0,456,ON,RETRACTED,AUTO
23:24:14,-83.38572,-7.633331,0,448,ON,RETRACTED,AUTO
23:24:14,-83.44177,-10.75681,0,439,ON,RETRACTED,AUTO
23:24:14,-83.02949,-7.864629,0,430,ON,RETRACTED,AUTO
23:24:14,-83.18067,-9.948661,0,428,ON,RETRACTED,AUTO
23:24:15,-82.96215,-9.67826,0,433,ON,RETRACTED,AUTO
23:24:15,-83.54877,-10.32621,0,440,ON,RETRACTED,AUTO
23:24:15,-83.26916,-11.82935,0,448,ON,RETRACTED,AUTO
23:24:15,-83.33881,-8.473577,0,454,ON,RETRACTED,AUTO
23:24:15,-83.25048,-10.00798,0,457,ON,RETRACTED,AUTO
23:24:15,-83.03243,-8.788285,0,452,ON,RETRACTED,AUTO
23:24:15,-83.4616,-9.946555,0,446,ON,RETRACTED,AUTO
23:24:15,-83.0363,-8.552652,0,434,ON,RETRACTED,AUTO
23:24:15,-82.61782,-12.12374,0,428,ON,RETRACTED,AUTO
23:24:15,-83.11155,-8.891042,0,428,ON,RETRACTED,AUTO
23:24:16,-83.12259,-6.414602,0,436,ON,RETRACTED,AUTO
23:24:16,-83.47719,-9.987421,0,442,ON,RETRACTED,AUTO
23:24:16,-83.09419,-8.508704,0,450,ON,RETRACTED,AUTO
23:24:16,-83.15027,-9.313599,0,456,ON,RETRACTED,AUTO
23:24:16,-83.24955,-9.537538,0,456,ON,RETRACTED,AUTO
23:24:16,-83.30802,-10.88118,0,450,ON,RETRACTED,AUTO
23:24:16,-83.88628,-16.04738,0,441,ON,RETRACTED,AUTO
23:24:16,-83.38007,6.889838,0,433,ON,RETRACTED,AUTO
23:24:16,-82.80607,-9.479953,0,428,ON,RETRACTED,AUTO
23:24:16,-83.3347,-8.737339,0,430,ON,RETRACTED,AUTO
23:24:17,-83.29466,-9.708144,0,438,ON,RETRACTED,AUTO
23:24:17,-83.33099,-6.865826,0,447,ON,RETRACTED,AUTO
23:24:17,-83.5109,-12.77278,0,453,ON,RETRACTED,AUTO
23:24:17,-82.84995,-18.67101,0,457,ON,RETRACTED,AUTO
23:24:17,-83.30215,-8.45657,0,456,ON,RETRACTED,AUTO
23:24:17,-83.45719,-8.280135,0,448,ON,RETRACTED,AUTO
23:24:17,-83.51581,-10.61237,0,437,ON,RETRACTED,AUTO
23:24:17,-83.3541,-10.0755,0,424,ON,RETRACTED,AUTO
23:24:17,-83.35996,-9.347578,0,416,ON,RETRACTED,AUTO
23:24:17,-83.02303,-8.678745,0,427,ON,RETRACTED,AUTO
23:24:18,-83.44037,-10.80086,0,436,ON,RETRACTED,AUTO
23:24:18,-83.19575,-8.178128,0,442,ON,RETRACTED,AUTO
23:24:18,-83.18705,-8.978511,0,449,ON,RETRACTED,AUTO
23:24:18,-83.1936,-10.17264,0,452,ON,RETRACTED,AUTO
23:24:18,-83.7073,-9.361521,0,450,ON,RETRACTED,AUTO
23:24:18,-83.48652,-11.1939,0,440,ON,RETRACTED,AUTO
23:24:18,-83.40285,-10.94295,0,433,ON,RETRACTED,AUTO
23:24:18,-83.43078,-10.8501,0,427,ON,RETRACTED,AUTO
23:24:18,-83.37292,-11.17242,0,429,ON,RETRACTED,AUTO
23:24:18,-83.22746,-8.676985,0,436,ON,RETRACTED,AUTO
23:24:19,-83.57268,-10.03585,0,444,ON,RETRACTED,AUTO
23:24:19,-83.28367,-9.708144,0,451,ON,RETRACTED,AUTO
23:24:19,-83.16132,-7.780354,0,456,ON,RETRACTED,AUTO
23:24:19,-83.34658,-8.473577,0,456,ON,RETRACTED,AUTO
23:24:19,-83.52988,-10.65622,0,449,ON,RETRACTED,AUTO
23:24:19,-83.37095,-9.481479,0,440,ON,RETRACTED,AUTO
23:24:19,-83.57349,-7.229353,0,430,ON,RETRACTED,AUTO
23:24:19,-83.47559,-10.80086,0,427,ON,RETRACTED,AUTO
23:24:19,-83.38188,-10.44049,0,416,ON,RETRACTED,AUTO
23:24:19,-83.698,-10.51387,0,396,ON,RETRACTED,AUTO
23:24:20,-83.41932,-7.532601,0,433,ON,RETRACTED,AUTO
23:24:20,-83.53667,-9.717492,0,449,ON,RETRACTED,AUTO
23:24:20,-83.35,-8.146505,0,452,ON,RETRACTED,AUTO
23:24:20,-83.1615,-8.27386,0,451,ON,RETRACTED,AUTO
23:24:20,-83.31764,-10.24271,0,446,ON,RETRACTED,AUTO
23:24:20,-83.29595,-8.877114,0,436,ON,RETRACTED,AUTO
23:24:20,-83.43087,-10.89442,0,428,ON,RETRACTED,AUTO
23:24:20,-83.39811,-9.539411,0,427,ON,RETRACTED,AUTO
23:24:20,-83.10196,-10.32481,0,433,ON,RETRACTED,AUTO
23:24:20,-83.38267,-8.426969,0,429,ON,RETRACTED,AUTO
23:24:21,-83.32665,-9.291233,0,412,ON,RETRACTED,AUTO
23:24:21,-83.37666,-9.117863,0,416,ON,RETRACTED,AUTO
23:24:21,-83.15562,-10.38518,0,426,ON,RETRACTED,AUTO
23:24:21,-83.47092,-10.93909,0,415,ON,RETRACTED,AUTO
23:24:21,-83.20107,-7.953907,0,408,ON,RETRACTED,AUTO
23:24:21,-83.36131,-8.277983,0,402,ON,RETRACTED,AUTO
23:24:21,-83.69524,-10.08595,0,393,ON,RETRACTED,AUTO
23:24:21,-83.16235,-10.69529,0,386,ON,RETRACTED,AUTO
23:24:21,-83.45909,-12.23472,0,391,ON,RETRACTED,AUTO
23:24:21,-83.14861,2.976699,0,398,ON,RETRACTED,AUTO
23:24:22,-83.11168,-7.431408,0,399,ON,RETRACTED,AUTO
23:24:22,-83.47305,-9.113553,0,402,ON,RETRACTED,AUTO
23:24:22,-83.52977,-11.28654,0,413,ON,RETRACTED,AUTO
23:24:22,-83.47565,-10.66307,0,423,ON,RETRACTED,AUTO
23:24:22,-83.1772,-8.513988,0,424,ON,RETRACTED,AUTO
23:24:22,-83.45719,-9.132258,0,423,ON,RETRACTED,AUTO
23:24:22,-83.09409,-8.20935,0,421,ON,RETRACTED,AUTO
23:24:22,-83.3951,-10.36773,0,423,ON,RETRACTED,AUTO
23:24:22,-83.20651,-9.817147,0,427,ON,RETRACTED,AUTO
23:24:22,-83.27356,-9.254044,0,428,ON,RETRACTED,AUTO
23:24:23,-83.25243,-8.389211,0,429,ON,RETRACTED,AUTO
23:24:23,-82.54459,-23.69818,0,430,ON,RETRACTED,AUTO
23:24:23,-82.72772,-21.1581,0,429,ON,RETRACTED,AUTO
23:24:23,-83.3369,-17.05197,0,416,ON,RETRACTED,AUTO
23:24:23,-83.25362,-10.45818,0,408,ON,RETRACTED,AUTO
23:24:23,-83.39402,-8.345437,0,416,ON,RETRACTED,AUTO
23:24:23,-83.48805,-6.904083,0,426,ON,RETRACTED,AUTO
23:24:23,-83.39973,-14.06462,0,433,ON,RETRACTED,AUTO
23:24:23,-83.15023,-7.431408,0,442,ON,RETRACTED,AUTO
23:24:24,-83.56058,10.56712,0,450,ON,RETRACTED,AUTO
23:24:24,-83.0106,-12.89631,0,453,ON,RETRACTED,AUTO
23:24:24,-83.0918,-9.517291,0,451,ON,RETRACTED,AUTO
23:24:24,-83.20126,-5.597114,0,446,ON,RETRACTED,AUTO
23:24:24,-83.48055,-8.314225,0,436,ON,RETRACTED,AUTO
23:24:24,-83.40052,-10.38886,0,428,ON,RETRACTED,AUTO
23:24:24,-83.35406,-10.49148,0,427,ON,RETRACTED,AUTO
23:24:24,-83.78476,-10.01519,0,433,ON,RETRACTED,AUTO
23:24:24,-83.51606,-10.44366,0,440,ON,RETRACTED,AUTO
23:24:24,-82.85458,-12.86604,0,448,ON,RETRACTED,AUTO
23:24:25,-83.30264,-4.532262,0,452,ON,RETRACTED,AUTO
23:24:25,-83.10731,-10.82625,0,452,ON,RETRACTED,AUTO
23:24:25,-83.57617,-10.95785,0,446,ON,RETRACTED,AUTO
23:24:25,-82.95232,-9.659894,0,437,ON,RETRACTED,AUTO
23:24:25,-83.1414,-9.75938,0,432,ON,RETRACTED,AUTO
23:24:25,-83.1636,-8.480628,0,428,ON,RETRACTED,AUTO
23:24:25,-83.23797,-9.518623,0,429,ON,RETRACTED,AUTO
23:24:25,-83.28014,8.466145,0,436,ON,RETRACTED,AUTO
23:24:25,-83.30109,-8.553543,0,442,ON,RETRACTED,AUTO
23:24:25,-83.39681,-9.154903,0,450,ON,RETRACTED,AUTO
23:24:26,-82.94072,-6.581944,0,456,ON,RETRACTED,AUTO
23:24:26,-83.16344,-10.31493,0,454,ON,RETRACTED,AUTO
23:24:26,-82.99014,-9.407979,0,448,ON,RETRACTED,AUTO
23:24:26,-83.29495,-8.473577,0,438,ON,RETRACTED,AUTO
23:24:26,-83.02897,-9.22579,0,430,ON,RETRACTED,AUTO
23:24:26,-83.07624,-7.359495,0,428,ON,RETRACTED,AUTO
23:24:26,-83.14455,-9.962305,0,430,ON,RETRACTED,AUTO
23:24:26,-83.10463,-9.001755,0,439,ON,RETRACTED,AUTO
23:24:26,-83.741,-9.401585,0,447,ON,RETRACTED,AUTO
23:24:26,-83.32194,-3.012787,0,453,ON,RETRACTED,AUTO
23:24:27,-83.47749,-2.720687,0,456,ON,RETRACTED,AUTO
23:24:27,-83.4519,-9.870876,0,450,ON,RETRACTED,AUTO
23:24:27,-83.4252,-9.654977,0,441,ON,RETRACTED,AUTO
23:24:27,-82.87807,-9.605205,0,433,ON,RETRACTED,AUTO
23:24:27,-83.25657,-8.049061,0,427,ON,RETRACTED,AUTO
23:24:27,-83.13951,-9.793827,0,427,ON,RETRACTED,AUTO
23:24:27,-83.97973,-7.109025,0,433,ON,RETRACTED,AUTO
23:24:27,-83.41103,-8.345437,0,440,ON,RETRACTED,AUTO
23:24:27,-83.53584,-10.07016,0,448,ON,RETRACTED,AUTO
23:24:27,-83.21209,-8.694178,0,452,ON,RETRACTED,AUTO
23:24:28,-83.52786,-10.67828,0,452,ON,RETRACTED,AUTO
23:24:28,-83.09346,-2.037331,0,447,ON,RETRACTED,AUTO
23:24:28,-83.32854,-10.56293,0,438,ON,RETRACTED,AUTO
23:24:28,-83.29877,-9.519314,0,429,ON,RETRACTED,AUTO
23:24:28,-83.49968,-8.130103,0,426,ON,RETRACTED,AUTO
23:24:28,-83.05786,-10.70135,0,430,ON,RETRACTED,AUTO
23:24:28,-83.91936,-6.523425,0,438,ON,RETRACTED,AUTO
23:24:28,-83.46488,-3.464618,0,447,ON,RETRACTED,AUTO
23:24:28,-83.8122,-7.512144,0,452,ON,RETRACTED,AUTO
23:24:28,-82.92924,-14.1407,0,454,ON,RETRACTED,AUTO
23:24:29,-83.22562,-6.62988,0,451,ON,RETRACTED,AUTO
23:24:29,-83.79462,-10.26032,0,442,ON,RETRACTED,AUTO
23:24:29,-83.41821,-9.730865,0,434,ON,RETRACTED,AUTO
23:24:29,-83.22913,-10.34575,0,428,ON,RETRACTED,AUTO
23:24:29,-83.39831,-8.772738,0,429,ON,RETRACTED,AUTO
23:24:29,-83.29247,-9.254044,0,436,ON,RETRACTED,AUTO
23:24:29,-83.3193,-9.044666,0,442,ON,RETRACTED,AUTO
23:24:29,-83.1943,-15.51205,0,450,ON,RETRACTED,AUTO
23:24:29,-83.02032,-12.61287,0,456,ON,RETRACTED,AUTO
23:24:29,-83.48345,-4.325061,0,454,ON,RETRACTED,AUTO
23:24:30,-83.13586,-10.56474,0,448,ON,RETRACTED,AUTO
23:24:30,-83.73582,-9.563947,0,439,ON,RETRACTED,AUTO
23:24:30,-83.22841,-10.77364,0,430,ON,RETRACTED,AUTO
23:24:30,-83.37061,-8.277983,0,428,ON,RETRACTED,AUTO
23:24:30,-83.04978,-9.041979,0,432,ON,RETRACTED,AUTO
23:24:30,-83.80436,-4.273501,0,439,ON,RETRACTED,AUTO
23:24:30,-83.99287,-14.03624,0,447,ON,RETRACTED,AUTO
23:24:30,-83.41445,-12.76822,0,453,ON,RETRACTED,AUTO
23:24:30,-83.31229,-10.83305,0,456,ON,RETRACTED,AUTO
23:24:30,-83.69888,0.124017,0,452,ON,RETRACTED,AUTO
23:24:31,-83.88474,-8.505748,0,446,ON,RETRACTED,AUTO
23:24:31,-82.87772,-8.498558,0,436,ON,RETRACTED,AUTO
23:24:31,-83.57138,-10.2512,0,428,ON,RETRACTED,AUTO
23:24:31,-83.43016,-8.263193,0,429,ON,RETRACTED,AUTO
23:24:31,-83.2691,-9.293308,0,436,ON,RETRACTED,AUTO
23:24:31,-83.34391,-8.948558,0,442,ON,RETRACTED,AUTO
23:24:31,-83.37104,-9.615828,0,450,ON,RETRACTED,AUTO
23:24:31,-83.31192,-9.272601,0,456,ON,RETRACTED,AUTO
23:24:31,-83.01358,-9.299242,0,456,ON,RETRACTED,AUTO
23:24:31,-83.09351,-8.30406,0,449,ON,RETRACTED,AUTO
23:24:32,-83.55296,-6.929469,0,440,ON,RETRACTED,AUTO
23:24:32,-83.74747,-9.786595,0,430,ON,RETRACTED,AUTO
23:24:32,-83.21478,-8.676985,0,428,ON,RETRACTED,AUTO
23:24:32,-83.55166,-9.639769,0,432,ON,RETRACTED,AUTO
23:24:32,-83.41364,-7.997475,0,439,ON,RETRACTED,AUTO
23:24:32,-83.3849,-6.559616,0,447,ON,RETRACTED,AUTO
23:24:32,-83.57949,-8.316954,0,452,ON,RETRACTED,AUTO
23:24:32,-83.18261,-8.097949,0,456,ON,RETRACTED,AUTO
23:24:32,-83.45292,-9.790384,0,451,ON,RETRACTED,AUTO
23:24:32,-83.25002,-19.25801,0,444,ON,RETRACTED,AUTO
23:24:33,-83.17794,-9.890034,0,434,ON,RETRACTED,AUTO
23:24:33,-83.04594,-8.839367,0,428,ON,RETRACTED,AUTO
23:24:33,-83.30564,-11.06033,0,428,ON,RETRACTED,AUTO
23:24:33,-83.22447,-6.415947,0,435,ON,RETRACTED,AUTO
23:24:33,-83.18999,-7.88835,0,442,ON,RETRACTED,AUTO
23:24:33,-83.50037,-6.432075,0,450,ON,RETRACTED,AUTO
23:24:33,-83.18088,-10.46675,0,456,ON,RETRACTED,AUTO
23:24:33,-82.99326,-9.696696,0,454,ON,RETRACTED,AUTO
23:24:33,-83.5269,-9.896671,0,448,ON,RETRACTED,AUTO
23:24:34,-83.1334,-8.114218,0,438,ON,RETRACTED,AUTO
23:24:34,-83.18636,-8.884161,0,430,ON,RETRACTED,AUTO
23:24:34,-83.38807,-10.44049,0,428,ON,RETRACTED,AUTO
23:24:34,-83.30473,-9.291233,0,432,ON,RETRACTED,AUTO
23:24:34,-83.37656,-9.730865,0,439,ON,RETRACTED,AUTO
23:24:34,-83.5073,-8.130103,0,448,ON,RETRACTED,AUTO
23:24:34,-83.26186,-8.972627,0,454,ON,RETRACTED,AUTO
23:24:34,-83.26174,-11.26513,0,456,ON,RETRACTED,AUTO
23:24:34,-83.13338,-9.462321,0,451,ON,RETRACTED,AUTO
23:24:34,-82.74408,-8.430864,0,442,ON,RETRACTED,AUTO
23:24:35,-83.26251,-8.081285,0,434,ON,RETRACTED,AUTO
23:24:35,-83.48166,-9.520747,0,428,ON,RETRACTED,AUTO
23:24:35,-83.4006,-8.047898,0,428,ON,RETRACTED,AUTO
23:24:35,-83.34978,-10.83305,0,436,ON,RETRACTED,AUTO
23:24:35,-83.19331,-3.882383,0,442,ON,RETRACTED,AUTO
23:24:35,-83.46532,-5.205125,0,450,ON,RETRACTED,AUTO
23:24:35,-83.40195,-13.09984,0,454,ON,RETRACTED,AUTO
23:24:35,-82.9621,-10.2363,0,454,ON,RETRACTED,AUTO
23:24:35,-83.3044,-10.44943,0,447,ON,RETRACTED,AUTO
23:24:35,-83.36378,-7.571617,0,438,ON,RETRACTED,AUTO
23:24:36,-83.41473,-3.173314,0,429,ON,RETRACTED,AUTO
23:24:36,-83.39732,-7.981197,0,427,ON,RETRACTED,AUTO
23:24:36,-83.29324,-10.38698,0,432,ON,RETRACTED,AUTO
23:24:36,-83.40182,-8.130103,0,439,ON,RETRACTED,AUTO
23:24:36,-83.5126,-10.02862,0,447,ON,RETRACTED,AUTO
23:24:36,-83.368,-13.8683,0,452,ON,RETRACTED,AUTO
23:24:36,-83.44791,-7.548018,0,454,ON,RETRACTED,AUTO
23:24:36,-83.3776,-10.7843,0,450,ON,RETRACTED,AUTO
23:24:36,-83.48366,-15.00727,0,441,ON,RETRACTED,AUTO
23:24:36,-83.7635,-10.45991,0,430,ON,RETRACTED,AUTO
23:24:37,-83.34222,-8.605236,0,427,ON,RETRACTED,AUTO
23:24:37,-83.45212,-7.711892,0,428,ON,RETRACTED,AUTO
23:24:37,-83.13964,-10.38518,0,436,ON,RETRACTED,AUTO
23:24:37,-83.49341,-8.898903,0,442,ON,RETRACTED,AUTO
23:24:37,-83.54331,-9.364079,0,450,ON,RETRACTED,AUTO
23:24:37,-83.53452,-10.20868,0,454,ON,RETRACTED,AUTO
23:24:37,-83.36185,-9.845822,0,453,ON,RETRACTED,AUTO
23:24:37,-83.64431,-8.302161,0,447,ON,RETRACTED,AUTO
23:24:37,-83.27505,-8.781162,0,437,ON,RETRACTED,AUTO
23:24:37,-82.9752,-10.76881,0,428,ON,RETRACTED,AUTO
23:24:38,-83.1847,-9.555395,0,427,ON,RETRACTED,AUTO
23:24:38,-83.37862,-10.57659,0,432,ON,RETRACTED,AUTO
23:24:38,-83.41754,-10.38886,0,439,ON,RETRACTED,AUTO
23:24:38,-83.65521,-9.662446,0,448,ON,RETRACTED,AUTO
23:24:38,-83.21026,-7.872739,0,453,ON,RETRACTED,AUTO
23:24:38,-83.3154,-6.72335,0,454,ON,RETRACTED,AUTO
23:24:38,-83.61738,-8.387033,0,450,ON,RETRACTED,AUTO
23:24:38,-83.44759,-12.64322,0,440,ON,RETRACTED,AUTO
23:24:38,-83.70261,-10.08595,0,433,ON,RETRACTED,AUTO
23:24:38,-83.3466,-8.887852,0,427,ON,RETRACTED,AUTO
23:24:39,-83.19538,-9.126171,0,429,ON,RETRACTED,AUTO
23:24:39,-83.40189,-11.01307,0,437,ON,RETRACTED,AUTO
23:24:39,-82.95254,-10.41209,0,447,ON,RETRACTED,AUTO
23:24:39,-83.37508,-10.28405,0,452,ON,RETRACTED,AUTO
23:24:39,-83.27083,-9.217147,0,457,ON,RETRACTED,AUTO
23:24:39,-83.59039,-10.43435,0,452,ON,RETRACTED,AUTO
23:24:39,-83.09364,-9.535754,0,447,ON,RETRACTED,AUTO
23:24:39,-83.28436,-10.7253,0,436,ON,RETRACTED,AUTO
23:24:39,-83.46089,-10.19933,0,428,ON,RETRACTED,AUTO
23:24:39,-83.34108,-10.24271,0,427,ON,RETRACTED,AUTO
23:24:40,-83.23912,-10.36632,0,349,ON,RETRACTED,AUTO
23:24:40,-83.12779,-9.036957,0,439,ON,RETRACTED,AUTO
23:24:40,-83.65525,-7.683025,0,448,ON,RETRACTED,AUTO
23:24:40,-83.54471,-8.418189,0,454,ON,RETRACTED,AUTO
23:24:40,-83.34077,-9.424238,0,454,ON,RETRACTED,AUTO
23:24:40,-83.26977,-8.389211,0,449,ON,RETRACTED,AUTO
23:24:40,-83.08055,-8.87375,0,439,ON,RETRACTED,AUTO
23:24:40,-83.27227,-8.746161,0,420,ON,RETRACTED,AUTO
23:24:40,-83.54112,-9.481964,0,426,ON,RETRACTED,AUTO
23:24:40,-83.42638,-12.27473,0,429,ON,RETRACTED,AUTO
23:24:41,-83.20556,-8.435291,0,437,ON,RETRACTED,AUTO
23:24:41,-83.52302,-9.325345,0,446,ON,RETRACTED,AUTO
23:24:41,-83.16094,-9.425153,0,450,ON,RETRACTED,AUTO
23:24:41,-83.58179,-11.12146,0,454,ON,RETRACTED,AUTO
23:24:41,-83.36748,-7.255299,0,451,ON,RETRACTED,AUTO
23:24:41,-83.41174,-6.379248,0,442,ON,RETRACTED,AUTO
23:24:41,-83.5535,-11.70961,0,427,ON,RETRACTED,AUTO
23:24:41,-83.47198,-10.68491,0,387,ON,RETRACTED,AUTO
23:24:41,-83.27283,-10.38698,0,361,ON,RETRACTED,AUTO
23:24:41,-83.33186,-7.556344,0,365,ON,RETRACTED,AUTO
23:24:42,-83.58153,-17.1904,0,381,ON,RETRACTED,AUTO
23:24:42,-83.5797,-10.50897,0,393,ON,RETRACTED,AUTO
23:24:42,-82.90967,-9.605205,0,410,ON,RETRACTED,AUTO
23:24:42,-83.29512,-11.107,0,428,ON,RETRACTED,AUTO
23:24:42,-82.66722,-22.94642,0,437,ON,RETRACTED,AUTO
23:24:42,-83.39975,-10.36773,0,437,ON,RETRACTED,AUTO
23:24:42,-83.53614,-9.501687,0,430,ON,RETRACTED,AUTO
23:24:42,-82.89861,-9.498055,0,428,ON,RETRACTED,AUTO
23:24:42,-83.53313,-20.2657,0,433,ON,RETRACTED,AUTO
23:24:42,-83.45022,-8.764102,0,440,ON,RETRACTED,AUTO
23:24:43,-83.82257,-12.31244,0,448,ON,RETRACTED,AUTO
23:24:43,-82.95265,-8.362696,0,456,ON,RETRACTED,AUTO
23:24:43,-83.09654,-7.639053,0,457,ON,RETRACTED,AUTO
23:24:43,-83.21931,-10.79498,0,454,ON,RETRACTED,AUTO
23:24:43,-83.05192,-7.359495,0,446,ON,RETRACTED,AUTO
23:24:43,-83.61304,-12.09476,0,436,ON,RETRACTED,AUTO
23:24:43,-83.36424,-9.117863,0,429,ON,RETRACTED,AUTO
23:24:43,-83.0731,-10.80523,0,429,ON,RETRACTED,AUTO
23:24:43,-83.49413,-9.657404,0,436,ON,RETRACTED,AUTO
23:24:44,-83.06226,-8.695502,0,442,ON,RETRACTED,AUTO
23:24:44,-83.03882,-9.937189,0,450,ON,RETRACTED,AUTO
23:24:44,-83.87868,-11.80428,0,456,ON,RETRACTED,AUTO
23:24:44,-83.71736,-6.137256,0,454,ON,RETRACTED,AUTO
23:24:44,-83.75387,8.37676,0,448,ON,RETRACTED,AUTO
23:24:44,-83.70272,-8.494376,0,438,ON,RETRACTED,AUTO
23:24:44,-83.52492,-9.462322,0,430,ON,RETRACTED,AUTO
23:24:44,-83.81684,-10.0369,0,427,ON,RETRACTED,AUTO
23:24:44,-83.25186,-9.217147,0,430,ON,RETRACTED,AUTO
23:24:44,-83.3809,-9.404604,0,439,ON,RETRACTED,AUTO
23:24:45,-83.11609,-9.683397,0,447,ON,RETRACTED,AUTO
23:24:45,-83.25342,-8.954794,0,453,ON,RETRACTED,AUTO
23:24:45,-83.36693,-9.366509,0,456,ON,RETRACTED,AUTO
23:24:45,-83.5863,-13.627,0,451,ON,RETRACTED,AUTO
23:24:45,-83.57468,-13.07558,0,444,ON,RETRACTED,AUTO
23:24:45,-83.38313,-6.002856,0,435,ON,RETRACTED,AUTO
23:24:45,-82.83111,-11.14129,0,428,ON,RETRACTED,AUTO
23:24:45,-83.37122,-9.136346,0,429,ON,RETRACTED,AUTO
23:24:45,-83.42302,-10.27333,0,436,ON,RETRACTED,AUTO
23:24:45,-83.14095,-7.971827,0,442,ON,RETRACTED,AUTO
23:24:46,-83.36329,-3.359661,0,451,ON,RETRACTED,AUTO
23:24:46,-83.13758,-9.572896,0,456,ON,RETRACTED,AUTO
23:24:46,-83.23955,-8.259438,0,456,ON,RETRACTED,AUTO
23:24:46,-83.269,-8.536449,0,449,ON,RETRACTED,AUTO
23:24:46,-83.18299,-5.370024,0,439,ON,RETRACTED,AUTO
23:24:46,-83.29517,-4.954786,0,430,ON,RETRACTED,AUTO
23:24:46,-83.47607,-5.151105,0,428,ON,RETRACTED,AUTO
23:24:46,-82.79351,-5.795887,0,432,ON,RETRACTED,AUTO
23:24:46,-83.20869,-10.50802,0,439,ON,RETRACTED,AUTO
23:24:46,-83.26417,-10.04792,0,447,ON,RETRACTED,AUTO
23:24:47,-83.18272,-10.77902,0,452,ON,RETRACTED,AUTO
23:24:47,-83.06029,-11.65929,0,456,ON,RETRACTED,AUTO
23:24:47,-83.52227,-9.835132,0,452,ON,RETRACTED,AUTO
23:24:47,-83.19807,-16.66712,0,446,ON,RETRACTED,AUTO
23:24:47,-83.03432,-10.83103,0,436,ON,RETRACTED,AUTO
23:24:47,-83.54136,-9.226942,0,429,ON,RETRACTED,AUTO
23:24:47,-83.59299,-10.6715,0,429,ON,RETRACTED,AUTO
23:24:47,-83.80698,-11.40762,0,436,ON,RETRACTED,AUTO
23:24:47,-83.57435,-7.586709,0,442,ON,RETRACTED,AUTO
23:24:47,-82.8393,-11.35206,0,450,ON,RETRACTED,AUTO
23:24:48,-83.02696,-10.70135,0,456,ON,RETRACTED,AUTO
23:24:48,-83.15347,-7.489952,0,456,ON,RETRACTED,AUTO
23:24:48,-83.42397,-11.97962,0,450,ON,RETRACTED,AUTO
23:24:48,-83.58115,-9.185342,0,441,ON,RETRACTED,AUTO
23:24:48,-83.61732,-10.38089,0,433,ON,RETRACTED,AUTO
23:24:48,-84.12487,-9.30994,0,428,ON,RETRACTED,AUTO
23:24:48,-83.18094,-7.265447,0,430,ON,RETRACTED,AUTO
23:24:48,-82.97383,14.28717,0,438,ON,RETRACTED,AUTO
23:24:48,-83.44669,-10.52574,0,447,ON,RETRACTED,AUTO
23:24:48,-83.65083,-8.54279,0,453,ON,RETRACTED,AUTO
23:24:49,-84.19882,6.400219,0,457,ON,RETRACTED,AUTO
23:24:49,-83.50736,-10.28357,0,454,ON,RETRACTED,AUTO
23:24:49,-83.50723,-10.14555,0,447,ON,RETRACTED,AUTO
23:24:49,-82.97707,-8.487323,0,438,ON,RETRACTED,AUTO
23:24:49,-83.47032,-9.870876,0,429,ON,RETRACTED,AUTO
23:24:49,-82.87836,-8.82038,0,428,ON,RETRACTED,AUTO
23:24:49,-83.10408,-8.098394,0,434,ON,RETRACTED,AUTO
23:24:49,-82.99084,-10.83571,0,441,ON,RETRACTED,AUTO
23:24:49,-82.99815,-9.06419,0,449,ON,RETRACTED,AUTO
23:24:49,-83.00559,-8.443192,0,456,ON,RETRACTED,AUTO
23:24:50,-82.95438,-9.299242,0,456,ON,RETRACTED,AUTO
23:24:50,-83.33578,-8.852004,0,451,ON,RETRACTED,AUTO
23:24:50,-83.39731,-9.520021,0,442,ON,RETRACTED,AUTO
23:24:50,-82.81934,-15.9307,0,434,ON,RETRACTED,AUTO
23:24:50,-83.42501,-9.423766,0,428,ON,RETRACTED,AUTO
23:24:50,-83.11652,-8.763179,0,430,ON,RETRACTED,AUTO
23:24:50,-83.00031,-16.3773,0,437,ON,RETRACTED,AUTO
23:24:50,-83.67247,-18.58794,0,445,ON,RETRACTED,AUTO
23:24:50,-83.64847,-8.699761,0,451,ON,RETRACTED,AUTO
23:24:50,-83.51687,-8.113286,0,456,ON,RETRACTED,AUTO
23:24:51,-82.99522,15.67759,0,456,ON,RETRACTED,AUTO
23:24:51,-83.24339,-8.937032,0,449,ON,RETRACTED,AUTO
23:24:51,-83.5207,-11.61632,0,439,ON,RETRACTED,AUTO
23:24:51,-83.13327,-6.999307,0,430,ON,RETRACTED,AUTO
23:24:51,-83.23321,-9.518623,0,428,ON,RETRACTED,AUTO
23:24:51,-83.15125,-7.236922,0,432,ON,RETRACTED,AUTO
23:24:51,-83.29897,-6.709836,0,439,ON,RETRACTED,AUTO
23:24:51,-83.09583,-10.14438,0,447,ON,RETRACTED,AUTO
23:24:51,-82.96692,-9.029637,0,453,ON,RETRACTED,AUTO
23:24:51,-83.03632,-9.846729,0,457,ON,RETRACTED,AUTO
23:24:52,-83.29169,-13.53586,0,453,ON,RETRACTED,AUTO
23:24:52,-83.46649,-8.530766,0,447,ON,RETRACTED,AUTO
23:24:52,-83.03974,-3.673481,0,437,ON,RETRACTED,AUTO
23:24:52,-83.35953,-14.67905,0,429,ON,RETRACTED,AUTO
23:24:52,-83.34077,-8.570704,0,429,ON,RETRACTED,AUTO
23:24:52,-83.5173,-8.096538,0,434,ON,RETRACTED,AUTO
23:24:52,-82.88168,-13.07491,0,441,ON,RETRACTED,AUTO
23:24:52,-83.24973,-10.12065,0,450,ON,RETRACTED,AUTO
23:24:52,-83.80866,-9.849863,0,456,ON,RETRACTED,AUTO
23:24:52,-83.159,-8.114218,0,457,ON,RETRACTED,AUTO
23:24:53,-83.31037,-7.296947,0,452,ON,RETRACTED,AUTO
23:24:53,-82.9961,-9.498471,0,446,ON,RETRACTED,AUTO
23:24:53,-83.57722,-8.810139,0,436,ON,RETRACTED,AUTO
23:24:53,-83.02105,-10.51151,0,430,ON,RETRACTED,AUTO
23:24:53,-83.23167,-8.711437,0,433,ON,RETRACTED,AUTO
23:24:53,-83.56728,-10.22989,0,438,ON,RETRACTED,AUTO
23:24:53,-83.11634,-8.146049,0,447,ON,RETRACTED,AUTO
23:24:53,-83.13166,-8.984256,0,452,ON,RETRACTED,AUTO
23:24:53,-83.3644,-10.01469,0,457,ON,RETRACTED,AUTO
23:24:54,-83.15937,-9.629148,0,456,ON,RETRACTED,AUTO
23:24:54,-83.4587,-9.034169,0,449,ON,RETRACTED,AUTO
23:24:54,-83.3801,-13.58599,0,440,ON,RETRACTED,AUTO
23:24:54,-83.55647,-10.46534,0,432,ON,RETRACTED,AUTO
23:24:54,-83.31683,-10.3566,0,428,ON,RETRACTED,AUTO
23:24:54,-83.58717,-6.885849,0,432,ON,RETRACTED,AUTO
23:24:54,-83.30408,-9.272601,0,439,ON,RETRACTED,AUTO
23:24:54,-83.39504,-8.426969,0,447,ON,RETRACTED,AUTO
23:24:54,-83.15666,-11.75442,0,452,ON,RETRACTED,AUTO
23:24:54,-83.28887,-11.19745,0,457,ON,RETRACTED,AUTO
23:24:55,-83.3698,-8.080582,0,454,ON,RETRACTED,AUTO
23:24:55,-83.77521,-6.106669,0,448,ON,RETRACTED,AUTO
23:24:55,-83.31684,-9.062856,0,438,ON,RETRACTED,AUTO
23:24:55,-83.02901,-9.937189,0,430,ON,RETRACTED,AUTO
23:24:55,-83.59932,-7.618546,0,429,ON,RETRACTED,AUTO
23:24:55,-83.16561,-1.811121,0,434,ON,RETRACTED,AUTO
23:24:55,-83.46306,-10.89442,0,441,ON,RETRACTED,AUTO
23:24:55,-83.57613,-9.938124,0,449,ON,RETRACTED,AUTO
23:24:55,-83.76879,3.019397,0,456,ON,RETRACTED,AUTO
23:24:55,-83.17622,-7.617115,0,457,ON,RETRACTED,AUTO
23:24:56,-82.68824,-26.103,0,452,ON,RETRACTED,AUTO
23:24:56,-83.34389,-11.87675,0,446,ON,RETRACTED,AUTO
23:24:56,-82.92855,-8.671342,0,436,ON,RETRACTED,AUTO
23:24:56,-83.09994,-5.833163,0,429,ON,RETRACTED,AUTO
23:24:56,-82.99985,-4.432669,0,429,ON,RETRACTED,AUTO
23:24:56,-83.48352,-9.267837,0,437,ON,RETRACTED,AUTO
23:24:56,-83.54551,-11.5892,0,442,ON,RETRACTED,AUTO
23:24:56,-83.12964,-7.557481,0,450,ON,RETRACTED,AUTO
23:24:56,-83.14461,-9.812921,0,456,ON,RETRACTED,AUTO
23:24:56,-83.23343,-10.32526,0,456,ON,RETRACTED,AUTO
23:24:57,-82.94648,-11.00951,0,450,ON,RETRACTED,AUTO
23:24:57,-83.21461,-11.62376,0,441,ON,RETRACTED,AUTO
23:24:57,-83.33153,-8.325649,0,433,ON,RETRACTED,AUTO
23:24:57,-83.17244,-13.95451,0,429,ON,RETRACTED,AUTO
23:24:57,-83.1909,-13.9812,0,430,ON,RETRACTED,AUTO
23:24:57,-83.4259,-10.5043,0,438,ON,RETRACTED,AUTO
23:24:57,-83.16885,-12.58983,0,446,ON,RETRACTED,AUTO
23:24:57,-83.2331,-10.23324,0,452,ON,RETRACTED,AUTO
23:24:57,-83.22744,-3.890124,0,457,ON,RETRACTED,AUTO
23:24:57,-83.06413,-9.333485,0,456,ON,RETRACTED,AUTO
23:24:58,-83.12197,-10.38518,0,448,ON,RETRACTED,AUTO
23:24:58,-83.36156,-10.71928,0,440,ON,RETRACTED,AUTO
23:24:58,-83.21345,-10.97565,0,433,ON,RETRACTED,AUTO
23:24:58,-83.03283,-8.678745,0,430,ON,RETRACTED,AUTO
23:24:58,-83.38057,-11.51595,0,436,ON,RETRACTED,AUTO
23:24:58,-83.30777,-10.31516,0,442,ON,RETRACTED,AUTO
23:24:58,-83.30373,-8.45657,0,451,ON,RETRACTED,AUTO
23:24:58,-83.19848,-10.86406,0,459,ON,RETRACTED,AUTO
23:24:58,-83.61913,-8.727801,0,461,ON,RETRACTED,AUTO
23:24:58,-83.35573,-9.806093,0,459,ON,RETRACTED,AUTO
23:24:59,-83.3867,-9.980909,0,451,ON,RETRACTED,AUTO
23:24:59,-83.87303,-9.379345,0,441,ON,RETRACTED,AUTO
23:24:59,-83.27444,-10.16102,0,436,ON,RETRACTED,AUTO
23:24:59,-83.53907,-7.926926,0,436,ON,RETRACTED,AUTO
23:24:59,-83.94293,-9.462322,0,440,ON,RETRACTED,AUTO
23:24:59,-83.3049,-8.781162,0,448,ON,RETRACTED,AUTO
23:24:59,-83.35602,-9.366509,0,457,ON,RETRACTED,AUTO
23:24:59,-83.14886,-8.034397,0,461,ON,RETRACTED,AUTO
23:24:59,-83.60428,-8.9852,0,462,ON,RETRACTED,AUTO
23:24:59,-83.37213,-11.49269,0,457,ON,RETRACTED,AUTO
23:25:00,-83.37354,-9.9607,0,449,ON,RETRACTED,AUTO
23:25:00,-83.2443,-8.259438,0,439,ON,RETRACTED,AUTO
23:25:00,-83.15553,-9.740275,0,434,ON,RETRACTED,AUTO
23:25:00,-83.70355,-10.73267,0,436,ON,RETRACTED,AUTO
23:25:00,-83.50095,-6.221513,0,441,ON,RETRACTED,AUTO
23:25:00,-83.23608,-10.68279,0,449,ON,RETRACTED,AUTO
23:25:00,-83.46251,-8.046703,0,457,ON,RETRACTED,AUTO
23:25:00,-83.00098,-8.333667,0,460,ON,RETRACTED,AUTO
23:25:00,-83.23422,-10.21296,0,456,ON,RETRACTED,AUTO
23:25:00,-83.31669,-9.538463,0,448,ON,RETRACTED,AUTO
23:25:01,-82.85075,-8.114852,0,439,ON,RETRACTED,AUTO
23:25:01,-83.5566,-9.619728,0,430,ON,RETRACTED,AUTO
23:25:01,-83.45071,-8.64747,0,427,ON,RETRACTED,AUTO
23:25:01,-83.02621,-9.789931,0,429,ON,RETRACTED,AUTO
23:25:01,-83.65179,-8.662991,0,438,ON,RETRACTED,AUTO
23:25:01,-83.01896,-9.880003,0,448,ON,RETRACTED,AUTO
23:25:01,-83.56026,-8.299617,0,457,ON,RETRACTED,AUTO
23:25:01,-83.49699,-11.33318,0,461,ON,RETRACTED,AUTO
23:25:01,-83.18718,-10.02111,0,460,ON,RETRACTED,AUTO
23:25:01,-83.36784,-8.657553,0,452,ON,RETRACTED,AUTO
23:25:02,-83.58638,-10.2512,0,442,ON,RETRACTED,AUTO
23:25:02,-83.56135,-7.452078,0,436,ON,RETRACTED,AUTO
23:25:02,-82.94466,-9.552155,0,435,ON,RETRACTED,AUTO
23:25:02,-83.46764,-11.68138,0,439,ON,RETRACTED,AUTO
23:25:02,-83.18867,-7.489952,0,447,ON,RETRACTED,AUTO
23:25:02,-83.15632,-7.891703,0,456,ON,RETRACTED,AUTO
23:25:02,-83.34213,-8.640042,0,461,ON,RETRACTED,AUTO
23:25:02,-83.28368,-8.097492,0,462,ON,RETRACTED,AUTO
23:25:02,-83.0223,-9.898993,0,459,ON,RETRACTED,AUTO
23:25:02,-83.61117,-9.104601,0,450,ON,RETRACTED,AUTO
23:25:03,-83.18826,-11.06536,0,440,ON,RETRACTED,AUTO
23:25:03,-83.47858,-9.132258,0,436,ON,RETRACTED,AUTO
23:25:03,-83.118,-8.891042,0,436,ON,RETRACTED,AUTO
23:25:03,-83.29502,-8.894868,0,442,ON,RETRACTED,AUTO
23:25:03,-83.63407,-10.52249,0,450,ON,RETRACTED,AUTO
23:25:03,-83.47437,-9.267837,0,458,ON,RETRACTED,AUTO
23:25:03,-83.72231,-12.30145,0,461,ON,RETRACTED,AUTO
23:25:03,-83.12154,-9.572896,0,461,ON,RETRACTED,AUTO
23:25:03,-83.69437,-10.58957,0,456,ON,RETRACTED,AUTO
23:25:03,-83.12968,-9.240962,0,447,ON,RETRACTED,AUTO
23:25:04,-83.28867,-8.308998,0,438,ON,RETRACTED,AUTO
23:25:04,-83.21786,-4.697118,0,436,ON,RETRACTED,AUTO
23:25:04,-83.0229,-8.662052,0,438,ON,RETRACTED,AUTO
23:25:04,-83.09961,-9.315364,0,446,ON,RETRACTED,AUTO
23:25:04,-83.21494,-9.144223,0,452,ON,RETRACTED,AUTO
23:25:04,-83.60548,-9.819301,0,460,ON,RETRACTED,AUTO
23:25:04,-83.38468,-7.139496,0,464,ON,RETRACTED,AUTO
23:25:04,-83.24783,-10.79498,0,461,ON,RETRACTED,AUTO
23:25:04,-83.57045,-9.994101,0,456,ON,RETRACTED,AUTO
23:25:05,-83.52363,-8.24803,0,446,ON,RETRACTED,AUTO
23:25:05,-83.54194,-11.14643,0,437,ON,RETRACTED,AUTO
23:25:05,-83.05093,-9.15173,0,436,ON,RETRACTED,AUTO
23:25:05,-83.66091,-8.922,0,440,ON,RETRACTED,AUTO
23:25:05,-83.5253,6.085308,0,448,ON,RETRACTED,AUTO
23:25:05,-83.44376,-8.163453,0,456,ON,RETRACTED,AUTO
23:25:05,-83.49366,-11.07778,0,461,ON,RETRACTED,AUTO
23:25:05,-83.44879,-10.10388,0,464,ON,RETRACTED,AUTO
23:25:05,-83.54507,-7.436565,0,460,ON,RETRACTED,AUTO
23:25:05,-83.2109,-11.08716,0,451,ON,RETRACTED,AUTO
23:25:06,-83.08733,-10.10504,0,441,ON,RETRACTED,AUTO
23:25:06,-83.40818,-8.692781,0,436,ON,RETRACTED,AUTO
23:25:06,-83.43237,-8.180231,0,437,ON,RETRACTED,AUTO
23:25:06,-83.28179,-7.025272,0,441,ON,RETRACTED,AUTO
23:25:06,-83.33788,-9.519314,0,450,ON,RETRACTED,AUTO
23:25:06,-83.2428,-8.789385,0,457,ON,RETRACTED,AUTO
23:25:06,-83.36799,-9.57699,0,462,ON,RETRACTED,AUTO
23:25:06,-83.38493,-7.471559,0,462,ON,RETRACTED,AUTO
23:25:06,-83.22574,-10.26426,0,457,ON,RETRACTED,AUTO
23:25:06,-83.10756,-7.987379,0,448,ON,RETRACTED,AUTO
23:25:07,-83.45216,-7.446653,0,439,ON,RETRACTED,AUTO
23:25:07,-83.47096,-8.935615,0,436,ON,RETRACTED,AUTO
23:25:07,-82.93011,-9.137908,0,438,ON,RETRACTED,AUTO
23:25:07,-83.23709,-9.067703,0,444,ON,RETRACTED,AUTO
23:25:07,-83.33144,-8.570704,0,451,ON,RETRACTED,AUTO
23:25:07,-83.33054,-9.443243,0,459,ON,RETRACTED,AUTO
23:25:07,-83.27955,-9.895231,0,462,ON,RETRACTED,AUTO
23:25:07,-83.42227,-6.702983,0,462,ON,RETRACTED,AUTO
23:25:07,-82.88437,-10.69296,0,456,ON,RETRACTED,AUTO
23:25:07,-83.19678,-9.049725,0,447,ON,RETRACTED,AUTO
23:25:08,-83.19794,-6.503642,0,438,ON,RETRACTED,AUTO
23:25:08,-83.36597,-9.251466,0,436,ON,RETRACTED,AUTO
23:25:08,-83.34098,-8.031656,0,439,ON,RETRACTED,AUTO
23:25:08,-83.24075,-9.293308,0,446,ON,RETRACTED,AUTO
23:25:08,-83.45775,-8.413991,0,454,ON,RETRACTED,AUTO
23:25:08,-83.43394,-3.908544,0,461,ON,RETRACTED,AUTO
23:25:08,-82.71657,56.28023,0,462,ON,RETRACTED,AUTO
23:25:08,-83.16822,-7.15311,0,460,ON,RETRACTED,AUTO
23:25:08,-83.32542,-9.65261,0,452,ON,RETRACTED,AUTO
23:25:08,-83.12619,-7.431408,0,442,ON,RETRACTED,AUTO
23:25:09,-83.44325,-11.28678,0,436,ON,RETRACTED,AUTO
23:25:09,-83.27917,-8.763627,0,436,ON,RETRACTED,AUTO
23:25:09,-83.39407,-9.385518,0,440,ON,RETRACTED,AUTO
23:25:09,-83.28402,-8.894868,0,448,ON,RETRACTED,AUTO
23:25:09,-83.50613,-8.012106,0,456,ON,RETRACTED,AUTO
23:25:09,-83.58259,-8.847116,0,461,ON,RETRACTED,AUTO
23:25:09,-83.445,-8.782114,0,462,ON,RETRACTED,AUTO
23:25:09,-83.13307,-9.591574,0,459,ON,RETRACTED,AUTO
23:25:09,-83.19862,-9.331935,0,450,ON,RETRACTED,AUTO
23:25:09,-83.48428,-8.800199,0,440,ON,RETRACTED,AUTO
23:25:10,-83.45292,-6.46982,0,436,ON,RETRACTED,AUTO
23:25:10,-83.22022,-9.031816,0,437,ON,RETRACTED,AUTO
23:25:10,-83.35373,-7.916742,0,441,ON,RETRACTED,AUTO
23:25:10,-83.15937,-9.629148,0,449,ON,RETRACTED,AUTO
23:25:10,-83.31003,-9.348977,0,457,ON,RETRACTED,AUTO
23:25:10,-83.32952,-8.852004,0,462,ON,RETRACTED,AUTO
23:25:10,-83.35995,-7.916742,0,462,ON,RETRACTED,AUTO
23:25:10,-83.27551,-9.085753,0,457,ON,RETRACTED,AUTO
23:25:10,-83.35869,-7.833405,0,448,ON,RETRACTED,AUTO
23:25:10,-83.70645,-8.959916,0,439,ON,RETRACTED,AUTO
23:25:11,-83.17888,-7.251156,0,435,ON,RETRACTED,AUTO
23:25:11,-83.44552,-8.263193,0,437,ON,RETRACTED,AUTO
23:25:11,-83.42039,-9.423766,0,442,ON,RETRACTED,AUTO
23:25:11,-83.28335,-9.613947,0,451,ON,RETRACTED,AUTO
23:25:11,-83.41525,-9.865807,0,459,ON,RETRACTED,AUTO
23:25:11,-83.32192,-8.605236,0,462,ON,RETRACTED,AUTO
23:25:11,-83.24263,-8.581495,0,461,ON,RETRACTED,AUTO
23:25:11,-83.19355,-10.02111,0,454,ON,RETRACTED,AUTO
23:25:11,-83.37489,-9.021152,0,446,ON,RETRACTED,AUTO
23:25:11,-83.11961,-8.320243,0,438,ON,RETRACTED,AUTO
23:25:12,-82.81487,-9.302971,0,435,ON,RETRACTED,AUTO
23:25:12,-83.29897,-10.14079,0,438,ON,RETRACTED,AUTO
23:25:12,-83.20992,-9.686059,0,446,ON,RETRACTED,AUTO
23:25:12,-83.36772,-9.347578,0,452,ON,RETRACTED,AUTO
23:25:12,-83.07127,-7.704997,0,460,ON,RETRACTED,AUTO
23:25:12,-83.41259,-8.594563,0,462,ON,RETRACTED,AUTO
23:25:12,-83.25563,-8.468744,0,460,ON,RETRACTED,AUTO
23:25:12,-83.06343,-8.949458,0,452,ON,RETRACTED,AUTO
23:25:12,-83.3231,-7.655783,0,445,ON,RETRACTED,AUTO
23:25:12,-83.13248,-7.542718,0,437,ON,RETRACTED,AUTO
23:25:13,-83.08213,-8.729211,0,436,ON,RETRACTED,AUTO
23:25:13,-83.44277,-9.443005,0,439,ON,RETRACTED,AUTO
23:25:13,-83.34163,-9.405312,0,447,ON,RETRACTED,AUTO
23:25:13,-83.13497,-9.462321,0,454,ON,RETRACTED,AUTO
23:25:13,-82.93483,-9.534055,0,461,ON,RETRACTED,AUTO
23:25:13,-83.07918,-9.059482,0,462,ON,RETRACTED,AUTO
23:25:13,-83.10632,-9.333485,0,460,ON,RETRACTED,AUTO
23:25:13,-83.35611,-9.32872,0,452,ON,RETRACTED,AUTO
23:25:13,-83.26159,-7.93555,0,442,ON,RETRACTED,AUTO
23:25:13,-83.41772,-9.926247,0,437,ON,RETRACTED,AUTO
23:25:14,-83.34949,-9.099454,0,436,ON,RETRACTED,AUTO
23:25:14,-83.18599,-8.418663,0,440,ON,RETRACTED,AUTO
23:25:14,-83.06387,-7.277362,0,448,ON,RETRACTED,AUTO
23:25:14,-83.21387,-7.181424,0,456,ON,RETRACTED,AUTO
23:25:14,-83.34415,-8.702224,0,461,ON,RETRACTED,AUTO
23:25:14,-83.26536,-8.195173,0,464,ON,RETRACTED,AUTO
23:25:14,-83.173,-8.162057,0,460,ON,RETRACTED,AUTO
23:25:14,-83.18591,-9.612114,0,451,ON,RETRACTED,AUTO
23:25:14,-83.48616,-9.090278,0,441,ON,RETRACTED,AUTO
23:25:15,-82.97187,-9.046881,0,436,ON,RETRACTED,AUTO
23:25:15,-83.1473,-7.557481,0,436,ON,RETRACTED,AUTO
23:25:15,-83.28609,-8.40595,0,441,ON,RETRACTED,AUTO
23:25:15,-83.08031,-10.67456,0,449,ON,RETRACTED,AUTO
23:25:15,-83.23954,-9.518623,0,457,ON,RETRACTED,AUTO
23:25:15,-82.36178,-18.37115,0,461,ON,RETRACTED,AUTO
23:25:15,-83.23382,-9.406003,0,462,ON,RETRACTED,AUTO
23:25:15,-83.17177,-9.610325,0,459,ON,RETRACTED,AUTO
23:25:15,-83.2476,-7.821976,0,450,ON,RETRACTED,AUTO
23:25:15,-83.33331,-10.01469,0,440,ON,RETRACTED,AUTO
23:25:16,-83.24864,-10.14079,0,436,ON,RETRACTED,AUTO
23:25:16,-82.99174,-9.390001,0,437,ON,RETRACTED,AUTO
23:25:16,-83.31238,-9.026548,0,441,ON,RETRACTED,AUTO
23:25:16,-83.49667,-9.911615,0,449,ON,RETRACTED,AUTO
23:25:16,-83.32938,-8.261288,0,457,ON,RETRACTED,AUTO
23:25:16,-83.39429,-9.615828,0,462,ON,RETRACTED,AUTO
23:25:16,-83.14294,-9.962305,0,462,ON,RETRACTED,AUTO
23:25:16,-83.29665,-8.519423,0,459,ON,RETRACTED,AUTO
23:25:16,-83.30112,-10.16102,0,450,ON,RETRACTED,AUTO
23:25:16,-83.14127,-6.663753,0,440,ON,RETRACTED,AUTO
23:25:17,-83.28452,-8.40595,0,436,ON,RETRACTED,AUTO
23:25:17,-83.16228,-11.35418,0,437,ON,RETRACTED,AUTO
23:25:17,-83.36892,-9.081119,0,442,ON,RETRACTED,AUTO
23:25:17,-83.64404,-8.404736,0,450,ON,RETRACTED,AUTO
23:25:17,-83.30447,-8.228099,0,457,ON,RETRACTED,AUTO
23:25:17,-83.04299,-10.22574,0,462,ON,RETRACTED,AUTO
23:25:17,-83.22931,-8.485571,0,462,ON,RETRACTED,AUTO
23:25:17,-83.06317,-9.571595,0,457,ON,RETRACTED,AUTO
23:25:17,-83.50241,-8.348595,0,449,ON,RETRACTED,AUTO
23:25:17,-83.68147,-11.95799,0,439,ON,RETRACTED,AUTO
23:25:18,-83.9599,-11.83603,0,435,ON,RETRACTED,AUTO
23:25:18,-83.35174,-10.19021,0,437,ON,RETRACTED,AUTO
23:25:18,-82.93973,-10.12852,0,441,ON,RETRACTED,AUTO
23:25:18,-83.44009,-8.030226,0,450,ON,RETRACTED,AUTO
23:25:18,-83.41766,-10.02157,0,457,ON,RETRACTED,AUTO
23:25:18,-83.68889,-9.220823,0,461,ON,RETRACTED,AUTO
23:25:18,-83.13201,-10.03397,0,460,ON,RETRACTED,AUTO
23:25:18,-81.7541,-9.180542,0,454,ON,RETRACTED,AUTO
23:25:18,-83.06277,-9.041979,0,446,ON,RETRACTED,AUTO
23:25:18,-83.00732,-8.301694,0,436,ON,RETRACTED,AUTO
23:25:19,-83.22654,-9.162347,0,430,ON,RETRACTED,AUTO
23:25:19,-83.5818,-9.798771,0,430,ON,RETRACTED,AUTO
23:25:19,-83.17009,-8.050192,0,437,ON,RETRACTED,AUTO
23:25:19,-83.43903,-8.629762,0,384,ON,RETRACTED,AUTO
23:25:19,-83.27288,-8.972627,0,423,ON,RETRACTED,AUTO
23:25:19,-83.59757,-9.680101,0,448,ON,RETRACTED,AUTO
23:25:19,-83.2868,-8.178809,0,450,ON,RETRACTED,AUTO
23:25:19,-83.29815,-8.894868,0,447,ON,RETRACTED,AUTO
23:25:19,-82.846,-12.72775,0,439,ON,RETRACTED,AUTO
23:25:19,-83.44436,-8.146744,0,433,ON,RETRACTED,AUTO
23:25:20,-83.21071,-8.901715,0,430,ON,RETRACTED,AUTO
23:25:20,-83.34235,-8.948558,0,433,ON,RETRACTED,AUTO
23:25:20,-83.46037,-8.530766,0,439,ON,RETRACTED,AUTO
23:25:20,-83.60061,-8.215238,0,447,ON,RETRACTED,AUTO
23:25:20,-83.32917,-9.405312,0,452,ON,RETRACTED,AUTO
23:25:20,-83.38282,-10.19021,0,457,ON,RETRACTED,AUTO
23:25:20,-83.17879,-8.513988,0,456,ON,RETRACTED,AUTO
23:25:20,-83.12921,-9.165936,0,208,ON,RETRACTED,AUTO
23:25:20,-83.68594,-13.08635,0,158,ON,RETRACTED,AUTO
23:25:20,-83.0943,-10.58526,0,148,ON,RETRACTED,AUTO
23:25:21,-83.01027,-10.16719,0,147,ON,RETRACTED,AUTO
23:25:21,-83.59585,-9.204592,0,388,ON,RETRACTED,AUTO
23:25:21,-83.27104,-7.93555,0,429,ON,RETRACTED,AUTO
23:25:21,-83.54819,-9.009945,0,442,ON,RETRACTED,AUTO
23:25:21,-83.3205,-8.948558,0,450,ON,RETRACTED,AUTO
23:25:21,-83.23102,-10.43748,0,454,ON,RETRACTED,AUTO
23:25:21,-83.77872,-9.929287,0,213,ON,RETRACTED,AUTO
23:25:21,-83.28909,-9.330348,0,162,ON,RETRACTED,AUTO
23:25:21,-83.63705,-10.35905,0,277,ON,RETRACTED,AUTO
23:25:21,-83.47366,-10.14555,0,413,ON,RETRACTED,AUTO
23:25:22,-83.41917,-12.18496,0,426,ON,RETRACTED,AUTO
23:25:22,-82.98621,-9.17286,0,430,ON,RETRACTED,AUTO
23:25:22,-83.40537,-10.82808,0,438,ON,RETRACTED,AUTO
23:25:22,-83.33131,-8.605236,0,446,ON,RETRACTED,AUTO
23:25:22,-83.14581,-9.388272,0,451,ON,RETRACTED,AUTO
23:25:22,-83.48788,-10.63425,0,457,ON,RETRACTED,AUTO
23:25:22,-83.28775,-9.254044,0,200,ON,RETRACTED,AUTO
23:25:22,-83.48552,-8.197076,0,442,ON,RETRACTED,AUTO
23:25:22,-83.57333,-9.284692,0,444,ON,RETRACTED,AUTO
23:25:22,-83.6068,-7.618546,0,439,ON,RETRACTED,AUTO
23:25:23,-83.17845,-9.705179,0,436,ON,RETRACTED,AUTO
23:25:23,-83.26674,-10.47896,0,436,ON,RETRACTED,AUTO
23:25:23,-83.46202,-9.076368,0,440,ON,RETRACTED,AUTO
23:25:23,-83.74681,-9.685815,0,448,ON,RETRACTED,AUTO
23:25:23,-83.21887,-8.581495,0,456,ON,RETRACTED,AUTO
23:25:23,-83.15256,-9.962305,0,461,ON,RETRACTED,AUTO
23:25:23,-83.5041,-12.12805,0,462,ON,RETRACTED,AUTO
23:25:23,-83.37197,-10.28405,0,459,ON,RETRACTED,AUTO
23:25:23,-83.32951,-10.92479,0,449,ON,RETRACTED,AUTO
23:25:23,-83.52372,-10.07016,0,440,ON,RETRACTED,AUTO
23:25:24,-83.3725,-8.657553,0,436,ON,RETRACTED,AUTO
23:25:24,-83.2776,-10.16102,0,436,ON,RETRACTED,AUTO
23:25:24,-83.55263,-10.13311,0,441,ON,RETRACTED,AUTO
23:25:24,-82.94455,-9.246114,0,449,ON,RETRACTED,AUTO
23:25:24,-83.05869,-9.116513,0,457,ON,RETRACTED,AUTO
23:25:24,-83.32935,-9.062856,0,462,ON,RETRACTED,AUTO
23:25:24,-83.1558,-9.072434,0,464,ON,RETRACTED,AUTO
23:25:24,-83.74661,-11.06757,0,460,ON,RETRACTED,AUTO
23:25:24,-83.00887,-8.443192,0,451,ON,RETRACTED,AUTO
23:25:25,-83.14006,-8.686355,0,442,ON,RETRACTED,AUTO
23:25:25,-83.1442,-9.388272,0,437,ON,RETRACTED,AUTO
23:25:25,-83.33523,-9.443243,0,436,ON,RETRACTED,AUTO
23:25:25,-83.08664,-5.821804,0,440,ON,RETRACTED,AUTO
23:25:25,-82.7084,-7.875056,0,448,ON,RETRACTED,AUTO
23:25:25,-83.27455,-9.235559,0,452,ON,RETRACTED,AUTO
23:25:25,-75.65113,-9.290495,0,454,ON,RETRACTED,AUTO
23:25:25,-84.51189,-15.86988,0,452,ON,RETRACTED,AUTO
23:25:25,-83.30997,-9.217147,0,446,ON,RETRACTED,AUTO
23:25:25,-83.17942,-7.15311,0,389,ON,RETRACTED,AUTO
23:25:26,-82.7681,-7.243614,0,429,ON,RETRACTED,AUTO
23:25:26,-83.85019,-6.035282,0,433,ON,RETRACTED,AUTO
23:25:26,-83.38005,-6.21103,0,436,ON,RETRACTED,AUTO
23:25:26,-83.27707,-8.130102,0,440,ON,RETRACTED,AUTO
23:25:26,-83.50656,-9.794525,0,448,ON,RETRACTED,AUTO
23:25:26,-83.18079,-10.02111,0,456,ON,RETRACTED,AUTO
23:25:26,-82.96546,-11.84902,0,461,ON,RETRACTED,AUTO
23:25:26,-83.34705,-4.647971,0,462,ON,RETRACTED,AUTO
23:25:26,-83.39998,-5.61758,0,459,ON,RETRACTED,AUTO
23:25:26,-83.1525,-7.572303,0,450,ON,RETRACTED,AUTO
23:25:27,-83.4192,-6.586429,0,440,ON,RETRACTED,AUTO
23:25:27,-83.1683,-6.928269,0,435,ON,RETRACTED,AUTO
23:25:27,-80.62695,-0.166799,0,434,ON,RETRACTED,AUTO
23:25:27,-83.23948,-4.687766,0,439,ON,RETRACTED,AUTO
23:25:27,-83.07505,-7.498769,0,448,ON,RETRACTED,AUTO
23:25:27,-83.87183,-4.031801,0,454,ON,RETRACTED,AUTO
23:25:27,-83.363,-6.53302,0,460,ON,RETRACTED,AUTO
23:25:27,-83.41117,-6.559616,0,461,ON,RETRACTED,AUTO
23:25:27,-83.25231,-3.761044,0,456,ON,RETRACTED,AUTO
23:25:27,-83.4308,-5.76907,0,441,ON,RETRACTED,AUTO
23:25:28,-83.59981,-7.379397,0,429,ON,RETRACTED,AUTO
23:25:28,-83.66351,-5.348272,0,321,ON,RETRACTED,AUTO
23:25:28,-83.50721,-4.753784,0,172,ON,RETRACTED,AUTO
23:25:28,-83.56373,-6.260577,0,144,ON,RETRACTED,AUTO
23:25:28,-83.57675,-5.400567,0,147,ON,RETRACTED,AUTO
23:25:28,-83.66422,-5.977139,0,136,ON,RETRACTED,AUTO
23:25:28,-83.40596,-5.861984,0,128,ON,RETRACTED,AUTO
23:25:28,-83.11695,-4.149483,0,126,ON,RETRACTED,AUTO
23:25:28,-83.46461,-5.557868,0,124,ON,RETRACTED,AUTO
23:25:28,-83.19885,-3.746162,0,122,ON,RETRACTED,AUTO
23:25:29,-83.46906,-6.993032,0,117,ON,RETRACTED,AUTO
23:25:29,-83.95837,-5.367736,0,116,ON,RETRACTED,AUTO
23:25:29,-83.63255,-5.325741,0,118,ON,RETRACTED,AUTO
23:25:29,-83.37633,-4.773299,0,134,ON,RETRACTED,AUTO
23:25:29,-83.765,-4.702055,0,196,ON,RETRACTED,AUTO
23:25:29,-83.50909,-6.563746,0,281,ON,RETRACTED,AUTO
23:25:29,-83.32129,-5.319893,0,365,ON,RETRACTED,AUTO
23:25:29,-83.42636,-4.812321,0,402,ON,RETRACTED,AUTO
23:25:29,-83.34796,-6.26349,0,415,ON,RETRACTED,AUTO
23:25:29,-83.2383,-5.0391,0,424,ON,RETRACTED,AUTO
23:25:30,-83.32822,-6.021105,0,417,ON,RETRACTED,AUTO
23:25:30,-83.16918,-4.424784,0,413,ON,RETRACTED,AUTO
23:25:30,-83.6597,-5.989845,0,413,ON,RETRACTED,AUTO
23:25:30,-83.64783,-6.716956,0,417,ON,RETRACTED,AUTO
23:25:30,-83.52874,-5.389312,0,428,ON,RETRACTED,AUTO
23:25:30,-83.95549,-7.156636,0,434,ON,RETRACTED,AUTO
23:25:30,-83.7318,-7.04852,0,436,ON,RETRACTED,AUTO
23:25:30,-83.27195,-5.505478,0,421,ON,RETRACTED,AUTO
23:25:30,-83.32757,-5.341394,0,360,ON,RETRACTED,AUTO
23:25:30,-83.67724,-6.97364,0,224,ON,RETRACTED,AUTO
23:25:31,-83.61279,-6.646442,0,137,ON,RETRACTED,AUTO
23:25:31,-83.81532,-5.137779,0,123,ON,RETRACTED,AUTO
23:25:31,-83.7059,-3.32312,0,116,ON,RETRACTED,AUTO
23:25:31,-83.41883,-8.130103,0,114,ON,RETRACTED,AUTO
23:25:31,-83.46302,-5.804733,0,115,ON,RETRACTED,AUTO
23:25:31,-83.09544,-4.800684,0,116,ON,RETRACTED,AUTO
23:25:31,-83.41108,-6.327278,0,116,ON,RETRACTED,AUTO
23:25:31,-83.20495,-5.225238,0,117,ON,RETRACTED,AUTO
23:25:31,-83.73354,-6.150382,0,116,ON,RETRACTED,AUTO
23:25:31,-83.6096,-5.08496,0,115,ON,RETRACTED,AUTO
23:25:32,-83.7898,-6.353922,0,114,ON,RETRACTED,AUTO
23:25:32,-83.60728,-5.589869,0,114,ON,RETRACTED,AUTO
23:25:32,-83.84373,-4.504152,0,115,ON,RETRACTED,AUTO
23:25:32,-83.56371,-6.737889,0,117,ON,RETRACTED,AUTO
23:25:32,-83.60535,-6.526649,0,123,ON,RETRACTED,AUTO
23:25:32,-83.67456,-6.716956,0,126,ON,RETRACTED,AUTO
23:25:32,-83.6898,-5.27202,0,137,ON,RETRACTED,AUTO
23:25:32,-83.37168,-4.773299,0,158,ON,RETRACTED,AUTO
23:25:32,-83.27367,-4.486853,0,168,ON,RETRACTED,AUTO
23:25:32,-83.55545,-3.957553,0,163,ON,RETRACTED,AUTO
23:25:33,-83.32224,-6.250886,0,142,ON,RETRACTED,AUTO
23:25:33,-83.24155,-6.074876,0,128,ON,RETRACTED,AUTO
23:25:33,-83.47048,-5.440332,0,125,ON,RETRACTED,AUTO
23:25:33,-83.73457,-4.059346,0,124,ON,RETRACTED,AUTO
23:25:33,-83.54003,-6.947172,0,126,ON,RETRACTED,AUTO
23:25:33,-83.65642,-7.803487,0,132,ON,RETRACTED,AUTO
23:25:33,-83.23791,-3.988272,0,142,ON,RETRACTED,AUTO
23:25:33,-83.41524,-4.34472,0,170,ON,RETRACTED,AUTO
23:25:33,-83.44272,-4.822177,0,229,ON,RETRACTED,AUTO
23:25:33,-83.57556,-6.393366,0,321,ON,RETRACTED,AUTO
23:25:34,-83.51549,-5.24835,0,394,ON,RETRACTED,AUTO
23:25:34,-83.74974,-5.821321,0,411,ON,RETRACTED,AUTO
23:25:34,-83.90438,-5.458357,0,422,ON,RETRACTED,AUTO
23:25:34,-83.14904,-5.296306,0,433,ON,RETRACTED,AUTO
23:25:34,-83.81068,-5.126596,0,441,ON,RETRACTED,AUTO
23:25:34,-83.40945,-6.21103,0,450,ON,RETRACTED,AUTO
23:25:34,-83.93043,0.7656,0,454,ON,RETRACTED,AUTO
23:25:34,-83.38991,-4.802506,0,454,ON,RETRACTED,AUTO
23:25:34,-83.43958,-6.496382,0,449,ON,RETRACTED,AUTO
23:25:35,-83.4549,-5.322751,0,440,ON,RETRACTED,AUTO
23:25:35,-83.41125,-3.751729,0,434,ON,RETRACTED,AUTO
23:25:35,-83.48969,-6.668192,0,434,ON,RETRACTED,AUTO
23:25:35,-83.76332,-6.724353,0,440,ON,RETRACTED,AUTO
23:25:35,-83.3029,-8.228099,0,447,ON,RETRACTED,AUTO
23:25:35,-83.2349,-5.142765,0,454,ON,RETRACTED,AUTO
23:25:35,-83.35442,-6.635198,0,460,ON,RETRACTED,AUTO
23:25:35,-83.47841,-8.180231,0,461,ON,RETRACTED,AUTO
23:25:35,-83.38814,-6.353157,0,457,ON,RETRACTED,AUTO
23:25:35,-83.25614,-5.370024,0,449,ON,RETRACTED,AUTO
23:25:36,-83.32238,-5.779486,0,439,ON,RETRACTED,AUTO
23:25:36,-83.59496,-4.58353,0,434,ON,RETRACTED,AUTO
23:25:36,-83.68099,-7.368051,0,434,ON,RETRACTED,AUTO
23:25:36,-83.34038,-6.72335,0,440,ON,RETRACTED,AUTO
23:25:36,-83.3344,-3.829502,0,448,ON,RETRACTED,AUTO
23:25:36,-83.367,-5.930027,0,456,ON,RETRACTED,AUTO
23:25:36,-83.59346,-4.58353,0,461,ON,RETRACTED,AUTO
23:25:36,-83.38625,-6.764216,0,461,ON,RETRACTED,AUTO
23:25:36,-83.68358,-6.340192,0,457,ON,RETRACTED,AUTO
23:25:36,-83.33982,-7.471559,0,448,ON,RETRACTED,AUTO
23:25:37,-83.34711,-5.687531,0,439,ON,RETRACTED,AUTO
23:25:37,-83.70415,-6.150382,0,434,ON,RETRACTED,AUTO
23:25:37,-83.59634,-6.286893,0,437,ON,RETRACTED,AUTO
23:25:37,-83.4207,-6.819481,0,441,ON,RETRACTED,AUTO
23:25:37,-83.49623,-6.418787,0,449,ON,RETRACTED,AUTO
23:25:37,-83.4847,-6.039944,0,457,ON,RETRACTED,AUTO
23:25:37,-83.32935,-7.655783,0,462,ON,RETRACTED,AUTO
23:25:37,-83.19334,-6.139682,0,461,ON,RETRACTED,AUTO
23:25:37,-83.2277,-7.872739,0,456,ON,RETRACTED,AUTO
23:25:37,-83.31464,-6.824441,0,447,ON,RETRACTED,AUTO
23:25:38,-83.5901,-3.726186,0,438,ON,RETRACTED,AUTO
23:25:38,-83.78272,-7.954886,0,436,ON,RETRACTED,AUTO
23:25:38,-83.30608,-6.581944,0,437,ON,RETRACTED,AUTO
23:25:38,-83.27306,-5.256414,0,445,ON,RETRACTED,AUTO
23:25:38,-83.52908,-5.378104,0,452,ON,RETRACTED,AUTO
23:25:38,-83.45898,-3.19954,0,460,ON,RETRACTED,AUTO
23:25:38,-83.55178,-6.961654,0,463,ON,RETRACTED,AUTO
23:25:38,-83.7114,-6.774448,0,462,ON,RETRACTED,AUTO
23:25:38,-83.38873,-7.964986,0,456,ON,RETRACTED,AUTO
23:25:38,-83.37521,-5.710593,0,446,ON,RETRACTED,AUTO
23:25:39,-83.44112,-6.223711,0,438,ON,RETRACTED,AUTO
23:25:39,-83.3942,-6.675704,0,436,ON,RETRACTED,AUTO
23:25:39,-83.39264,-6.791736,0,440,ON,RETRACTED,AUTO
23:25:39,-83.41207,-5.652104,0,447,ON,RETRACTED,AUTO
23:25:39,-83.64777,-4.996099,0,454,ON,RETRACTED,AUTO
23:25:39,-83.47533,-6.405553,0,461,ON,RETRACTED,AUTO
23:25:39,-83.61504,-4.491718,0,464,ON,RETRACTED,AUTO
23:25:39,-83.70267,-6.502426,0,461,ON,RETRACTED,AUTO
23:25:39,-83.56659,-5.770301,0,452,ON,RETRACTED,AUTO
23:25:39,-83.77632,-6.449534,0,442,ON,RETRACTED,AUTO
23:25:40,-83.49192,-5.226648,0,435,ON,RETRACTED,AUTO
23:25:40,-83.3737,-7.110595,0,434,ON,RETRACTED,AUTO
23:25:40,-83.32018,-7.541131,0,438,ON,RETRACTED,AUTO
23:25:40,-83.8689,-9.214378,0,446,ON,RETRACTED,AUTO
23:25:40,-83.63909,-6.340192,0,452,ON,RETRACTED,AUTO
23:25:40,-83.68337,-6.638181,0,460,ON,RETRACTED,AUTO
23:25:40,-83.46227,-5.663707,0,461,ON,RETRACTED,AUTO
23:25:40,-83.43695,-7.664564,0,457,ON,RETRACTED,AUTO
23:25:40,-83.27251,-5.319893,0,449,ON,RETRACTED,AUTO
23:25:40,-83.18699,-6.802345,0,440,ON,RETRACTED,AUTO
23:25:41,-83.63149,-6.929469,0,434,ON,RETRACTED,AUTO
23:25:41,-83.55704,-9.109134,0,434,ON,RETRACTED,AUTO
23:25:41,-83.4287,-8.046703,0,439,ON,RETRACTED,AUTO
23:25:41,-83.48751,-6.758211,0,448,ON,RETRACTED,AUTO
23:25:41,-83.78276,-7.47964,0,456,ON,RETRACTED,AUTO
23:25:41,-83.52686,-6.221513,0,460,ON,RETRACTED,AUTO
23:25:41,-83.50512,-7.50826,0,460,ON,RETRACTED,AUTO
23:25:41,-83.73655,-9.665066,0,456,ON,RETRACTED,AUTO
23:25:41,-83.46716,-6.772161,0,447,ON,RETRACTED,AUTO
23:25:41,-83.50963,-7.995527,0,438,ON,RETRACTED,AUTO
23:25:42,-83.38513,-8.478552,0,434,ON,RETRACTED,AUTO
23:25:42,-83.67889,-6.74558,0,437,ON,RETRACTED,AUTO
23:25:42,-83.90973,-5.205909,0,442,ON,RETRACTED,AUTO
23:25:42,-83.90643,-6.999057,0,450,ON,RETRACTED,AUTO
23:25:42,-83.53296,-7.436565,0,458,ON,RETRACTED,AUTO
23:25:42,-83.5035,-8.466145,0,461,ON,RETRACTED,AUTO
23:25:42,-83.65622,-8.302161,0,461,ON,RETRACTED,AUTO
23:25:42,-83.27571,-7.296947,0,454,ON,RETRACTED,AUTO
23:25:42,-83.64594,-7.185279,0,446,ON,RETRACTED,AUTO
23:25:42,-83.77228,-6.106669,0,437,ON,RETRACTED,AUTO
23:25:43,-83.59464,-6.420288,0,434,ON,RETRACTED,AUTO
23:25:43,-83.4733,-7.829077,0,438,ON,RETRACTED,AUTO
23:25:43,-83.35996,-7.948839,0,446,ON,RETRACTED,AUTO
23:25:43,-83.51513,-7.421117,0,452,ON,RETRACTED,AUTO
23:25:43,-83.46069,-7.198005,0,460,ON,RETRACTED,AUTO
23:25:43,-83.38094,-6.662147,0,462,ON,RETRACTED,AUTO
23:25:43,-83.85919,-7.561429,0,460,ON,RETRACTED,AUTO
23:25:43,-83.64349,-5.831267,0,452,ON,RETRACTED,AUTO
23:25:43,-83.46236,-9.501193,0,442,ON,RETRACTED,AUTO
23:25:43,-83.63631,-8.506818,0,436,ON,RETRACTED,AUTO
23:25:44,-83.44939,-5.885988,0,435,ON,RETRACTED,AUTO
23:25:44,-83.21213,-5.69927,0,440,ON,RETRACTED,AUTO
23:25:44,-83.8314,-6.40944,0,447,ON,RETRACTED,AUTO
23:25:44,-83.80319,-6.629632,0,454,ON,RETRACTED,AUTO
23:25:44,-83.50496,-4.902493,0,461,ON,RETRACTED,AUTO
23:25:44,-83.72003,-5.673833,0,461,ON,RETRACTED,AUTO
23:25:44,-83.76038,-6.724353,0,459,ON,RETRACTED,AUTO
23:25:44,-83.63448,-8.164453,0,449,ON,RETRACTED,AUTO
23:25:44,-83.49512,-5.474128,0,440,ON,RETRACTED,AUTO
23:25:45,-83.67319,-8.476296,0,435,ON,RETRACTED,AUTO
23:25:45,-83.20657,-6.856356,0,436,ON,RETRACTED,AUTO
23:25:45,-83.36903,-7.702284,0,441,ON,RETRACTED,AUTO
23:25:45,-83.35757,-7.571617,0,449,ON,RETRACTED,AUTO
23:25:45,-83.48153,-6.327035,0,457,ON,RETRACTED,AUTO
23:25:45,-83.41901,-7.052306,0,461,ON,RETRACTED,AUTO
23:25:45,-83.32335,-5.930027,0,461,ON,RETRACTED,AUTO
23:25:45,-83.65083,-6.823462,0,456,ON,RETRACTED,AUTO
23:25:45,-83.4977,-6.300885,0,447,ON,RETRACTED,AUTO
23:25:45,-83.39984,-7.849324,0,438,ON,RETRACTED,AUTO
23:25:46,-83.48037,-6.744319,0,434,ON,RETRACTED,AUTO
23:25:46,-83.31905,-7.196816,0,437,ON,RETRACTED,AUTO
23:25:46,-83.41548,-9.347578,0,442,ON,RETRACTED,AUTO
23:25:46,-83.82503,-7.793385,0,451,ON,RETRACTED,AUTO
23:25:46,-83.75387,-7.217379,0,460,ON,RETRACTED,AUTO
23:25:46,-83.79696,-6.600937,0,463,ON,RETRACTED,AUTO
23:25:46,-83.6384,-5.480686,0,461,ON,RETRACTED,AUTO
23:25:46,-83.78665,-5.735364,0,456,ON,RETRACTED,AUTO
23:25:46,-83.39236,-8.097022,0,446,ON,RETRACTED,AUTO
23:25:46,-83.52803,-5.615635,0,438,ON,RETRACTED,AUTO
23:25:47,-83.58783,-6.499346,0,436,ON,RETRACTED,AUTO
23:25:47,-83.83134,-6.534038,0,439,ON,RETRACTED,AUTO
23:25:47,-83.35029,-5.110417,0,447,ON,RETRACTED,AUTO
23:25:47,-83.53596,-11.00678,0,454,ON,RETRACTED,AUTO
23:25:47,-83.74276,-7.38379,0,461,ON,RETRACTED,AUTO
23:25:47,-83.41174,-7.897464,0,464,ON,RETRACTED,AUTO
23:25:47,-83.13792,-7.334378,0,461,ON,RETRACTED,AUTO
23:25:47,-83.50405,-7.492764,0,452,ON,RETRACTED,AUTO
23:25:47,-83.48398,-6.300885,0,444,ON,RETRACTED,AUTO
23:25:47,-83.43692,-8.246322,0,437,ON,RETRACTED,AUTO
23:25:48,-83.59255,-8.249789,0,437,ON,RETRACTED,AUTO
23:25:48,-83.51965,-6.800231,0,440,ON,RETRACTED,AUTO
23:25:48,-83.24588,-8.259438,0,449,ON,RETRACTED,AUTO
23:25:48,-83.20907,-6.026829,0,456,ON,RETRACTED,AUTO
23:25:48,-83.65057,-9.181758,0,461,ON,RETRACTED,AUTO
23:25:48,-82.8348,-6.470922,0,463,ON,RETRACTED,AUTO
23:25:48,-83.48283,-6.170175,0,459,ON,RETRACTED,AUTO
23:25:48,-83.587,-7.84099,0,449,ON,RETRACTED,AUTO
23:25:48,-83.62183,-8.010345,0,438,ON,RETRACTED,AUTO
23:25:48,-83.72762,-7.643379,0,430,ON,RETRACTED,AUTO
23:25:49,-83.32836,-6.13602,0,430,ON,RETRACTED,AUTO
23:25:49,-83.46743,-6.052407,0,438,ON,RETRACTED,AUTO
23:25:49,-83.6546,-8.681337,0,446,ON,RETRACTED,AUTO
23:25:49,-83.26321,-7.381817,0,451,ON,RETRACTED,AUTO
23:25:49,-83.2244,-1.372092,0,457,ON,RETRACTED,AUTO
23:25:49,-83.2769,-7.253195,0,459,ON,RETRACTED,AUTO
23:25:49,-83.25153,-8.162509,0,454,ON,RETRACTED,AUTO
23:25:49,-83.33606,-8.113765,0,447,ON,RETRACTED,AUTO
23:25:49,-83.16619,-8.146049,0,438,ON,RETRACTED,AUTO
23:25:49,-83.52151,-9.325345,0,433,ON,RETRACTED,AUTO
23:25:50,-83.22421,-8.226722,0,434,ON,RETRACTED,AUTO
23:25:50,-82.72135,-9.340714,0,440,ON,RETRACTED,AUTO
23:25:50,-83.03043,-7.001267,0,448,ON,RETRACTED,AUTO
23:25:50,-83.3091,-8.473577,0,456,ON,RETRACTED,AUTO
23:25:50,-83.20699,-7.167239,0,460,ON,RETRACTED,AUTO
23:25:50,-83.17877,-7.953907,0,460,ON,RETRACTED,AUTO
23:25:50,-83.49271,-12.77278,0,454,ON,RETRACTED,AUTO
23:25:50,-83.51356,-6.208599,0,447,ON,RETRACTED,AUTO
23:25:50,-83.8352,-7.171712,0,437,ON,RETRACTED,AUTO
23:25:50,-83.43182,-10.10388,0,433,ON,RETRACTED,AUTO
23:25:51,-82.91344,-22.14055,0,435,ON,RETRACTED,AUTO
23:25:51,-83.62762,-8.764601,0,440,ON,RETRACTED,AUTO
23:25:51,-83.38025,-8.657553,0,448,ON,RETRACTED,AUTO
23:25:51,-82.97182,-5.622968,0,456,ON,RETRACTED,AUTO
23:25:51,-83.10004,-7.416914,0,460,ON,RETRACTED,AUTO
23:25:51,-83.14202,-7.251156,0,459,ON,RETRACTED,AUTO
23:25:51,-82.99014,-7.849549,0,452,ON,RETRACTED,AUTO
23:25:51,-83.17791,-8.290146,0,446,ON,RETRACTED,AUTO
23:25:51,-83.27703,-8.292413,0,436,ON,RETRACTED,AUTO
23:25:51,-83.23122,-8.824269,0,433,ON,RETRACTED,AUTO
23:25:52,-83.22574,-8.598538,0,436,ON,RETRACTED,AUTO
23:25:52,-82.99074,-7.302953,0,440,ON,RETRACTED,AUTO
23:25:52,-83.44823,-9.558878,0,448,ON,RETRACTED,AUTO
23:25:52,-83.0657,-8.712325,0,456,ON,RETRACTED,AUTO
23:25:52,-83.21002,-8.676985,0,460,ON,RETRACTED,AUTO
23:25:52,-83.12022,-6.389606,0,459,ON,RETRACTED,AUTO
23:25:52,-83.39812,-8.426969,0,451,ON,RETRACTED,AUTO
23:25:52,-83.28523,-8.178809,0,442,ON,RETRACTED,AUTO
23:25:52,-83.31492,-9.841131,0,436,ON,RETRACTED,AUTO
23:25:52,-83.18626,-11.28772,0,433,ON,RETRACTED,AUTO
23:25:53,-83.21636,-7.985376,0,435,ON,RETRACTED,AUTO
23:25:53,-83.43427,-7.913641,0,441,ON,RETRACTED,AUTO
23:25:53,-82.32899,6.637295,0,449,ON,RETRACTED,AUTO
23:25:53,-82.52508,-22.15601,0,457,ON,RETRACTED,AUTO
23:25:53,-83.3671,-8.179509,0,460,ON,RETRACTED,AUTO
23:25:53,-83.11993,-8.336487,0,459,ON,RETRACTED,AUTO
23:25:53,-83.43827,-11.84022,0,452,ON,RETRACTED,AUTO
23:25:53,-83.22982,-7.88835,0,442,ON,RETRACTED,AUTO
23:25:53,-83.65242,-9.917356,0,436,ON,RETRACTED,AUTO
23:25:53,-83.27457,-8.894868,0,433,ON,RETRACTED,AUTO
23:25:54,-82.91129,-6.963469,0,436,ON,RETRACTED,AUTO
23:25:54,-83.57343,-9.02872,0,441,ON,RETRACTED,AUTO
23:25:54,-83.16328,-8.034397,0,449,ON,RETRACTED,AUTO
23:25:54,-83.60751,-9.047572,0,456,ON,RETRACTED,AUTO
23:25:54,-83.74435,3.242048,0,460,ON,RETRACTED,AUTO
23:25:54,-83.38488,-9.443243,0,458,ON,RETRACTED,AUTO
23:25:54,-83.1075,-4.354801,0,451,ON,RETRACTED,AUTO
23:25:54,-82.97105,-8.812901,0,442,ON,RETRACTED,AUTO
23:25:54,-83.18202,-8.772045,0,435,ON,RETRACTED,AUTO
23:25:55,-83.23012,-10.39631,0,432,ON,RETRACTED,AUTO
23:25:55,-83.12504,-9.591574,0,436,ON,RETRACTED,AUTO
23:25:55,-83.47212,-9.481718,0,441,ON,RETRACTED,AUTO
23:25:55,-83.85042,-9.544525,0,450,ON,RETRACTED,AUTO
23:25:55,-83.46706,-6.18293,0,457,ON,RETRACTED,AUTO
23:25:55,-83.6993,-5.649588,0,460,ON,RETRACTED,AUTO
23:25:55,-83.46565,-8.197076,0,459,ON,RETRACTED,AUTO
23:25:55,-82.89605,-7.637777,0,452,ON,RETRACTED,AUTO
23:25:55,-83.39991,-8.246322,0,442,ON,RETRACTED,AUTO
23:25:55,-82.83154,-9.639544,0,436,ON,RETRACTED,AUTO
23:25:56,-83.10391,-8.780261,0,433,ON,RETRACTED,AUTO
23:25:56,-83.35303,-10.88118,0,437,ON,RETRACTED,AUTO
23:25:56,-83.16663,-9.054662,0,442,ON,RETRACTED,AUTO
23:25:56,-83.53175,-6.208599,0,450,ON,RETRACTED,AUTO
23:25:56,-83.23679,-7.549421,0,457,ON,RETRACTED,AUTO
23:25:56,-83.0743,-8.320243,0,460,ON,RETRACTED,AUTO
23:25:56,-83.03174,-8.863623,0,460,ON,RETRACTED,AUTO
23:25:56,-83.20384,-8.306496,0,452,ON,RETRACTED,AUTO
23:25:56,-83.43816,-9.539411,0,442,ON,RETRACTED,AUTO
23:25:56,-83.15141,-10.20397,0,437,ON,RETRACTED,AUTO
23:25:57,-83.17326,-9.686059,0,433,ON,RETRACTED,AUTO
23:25:57,-83.6215,-1.962257,0,437,ON,RETRACTED,AUTO
23:25:57,-82.75421,-9.691363,0,442,ON,RETRACTED,AUTO
23:25:57,-83.32536,-10.14915,0,450,ON,RETRACTED,AUTO
23:25:57,-82.76949,-8.68929,0,457,ON,RETRACTED,AUTO
23:25:57,-83.45746,-6.744319,0,461,ON,RETRACTED,AUTO
23:25:57,-83.27623,-9.669505,0,460,ON,RETRACTED,AUTO
23:25:57,-83.49492,-10.51745,0,454,ON,RETRACTED,AUTO
23:25:57,-83.38335,-9.481479,0,447,ON,RETRACTED,AUTO
23:25:57,-83.42106,-7.416225,0,438,ON,RETRACTED,AUTO
23:25:58,-83.40881,-9.346143,0,435,ON,RETRACTED,AUTO
23:25:58,-82.99113,-1.897996,0,438,ON,RETRACTED,AUTO
23:25:58,-83.31139,-8.702224,0,442,ON,RETRACTED,AUTO
23:25:58,-83.56557,-6.48578,0,451,ON,RETRACTED,AUTO
23:25:58,-83.16064,-10.06069,0,459,ON,RETRACTED,AUTO
23:25:58,-83.19488,-6.842773,0,462,ON,RETRACTED,AUTO
23:25:58,-83.96092,-6.494552,0,462,ON,RETRACTED,AUTO
23:25:58,-83.55731,-9.501687,0,456,ON,RETRACTED,AUTO
23:25:58,-83.47655,-8.448689,0,447,ON,RETRACTED,AUTO
23:25:58,-83.44083,-7.532601,0,438,ON,RETRACTED,AUTO
23:25:59,-83.28239,-7.153564,0,433,ON,RETRACTED,AUTO
23:25:59,-83.59078,-9.066504,0,440,ON,RETRACTED,AUTO
23:25:59,-83.45152,-10.29432,0,446,ON,RETRACTED,AUTO
23:25:59,-83.35373,-7.916742,0,451,ON,RETRACTED,AUTO
23:25:59,-83.40868,-8.113529,0,459,ON,RETRACTED,AUTO
23:25:59,-83.16348,-6.815768,0,462,ON,RETRACTED,AUTO
23:25:59,-83.54167,-12.26985,0,462,ON,RETRACTED,AUTO
23:25:59,-83.57632,-8.947585,0,456,ON,RETRACTED,AUTO
23:25:59,-83.44871,-9.966948,0,448,ON,RETRACTED,AUTO
23:25:59,-83.49059,-6.640715,0,439,ON,RETRACTED,AUTO
23:26:00,-83.66988,-8.199091,0,436,ON,RETRACTED,AUTO
23:26:00,-83.31505,-9.272601,0,437,ON,RETRACTED,AUTO
23:26:00,-83.53639,-9.246114,0,442,ON,RETRACTED,AUTO
23:26:00,-83.84449,-8.803307,0,450,ON,RETRACTED,AUTO
23:26:00,-83.35479,-10.99087,0,458,ON,RETRACTED,AUTO
23:26:00,-83.02868,-7.940904,0,462,ON,RETRACTED,AUTO
23:26:00,-83.63988,-9.004126,0,461,ON,RETRACTED,AUTO
23:26:00,-83.78361,-6.709836,0,457,ON,RETRACTED,AUTO
23:26:00,-83.46789,-8.280135,0,448,ON,RETRACTED,AUTO
23:26:00,-83.50022,-9.657404,0,439,ON,RETRACTED,AUTO
23:26:01,-83.56805,-8.554508,0,436,ON,RETRACTED,AUTO
23:26:01,-83.583,-8.096038,0,437,ON,RETRACTED,AUTO
23:26:01,-83.18141,-7.279793,0,442,ON,RETRACTED,AUTO
23:26:01,-83.56837,-10.2512,0,450,ON,RETRACTED,AUTO
23:26:01,-83.23774,-8.130102,0,456,ON,RETRACTED,AUTO
23:26:01,-83.52135,-8.991248,0,460,ON,RETRACTED,AUTO
23:26:01,-83.04382,-8.365887,0,460,ON,RETRACTED,AUTO
23:26:01,-83.50925,-7.52382,0,454,ON,RETRACTED,AUTO
23:26:01,-83.25536,-8.632827,0,446,ON,RETRACTED,AUTO
23:26:01,-83.41006,-7.532601,0,437,ON,RETRACTED,AUTO
23:26:02,-83.38238,-7.009384,0,432,ON,RETRACTED,AUTO
23:26:02,-83.43681,-9.674671,0,430,ON,RETRACTED,AUTO
23:26:02,-83.28656,-6.911226,0,436,ON,RETRACTED,AUTO
23:26:02,-83.34743,-8.869892,0,442,ON,RETRACTED,AUTO
23:26:02,-83.37243,-6.907713,0,450,ON,RETRACTED,AUTO
23:26:02,-83.40501,-7.168632,0,456,ON,RETRACTED,AUTO
23:26:02,-83.3764,-9.462323,0,457,ON,RETRACTED,AUTO
23:26:02,-83.45082,-6.833437,0,451,ON,RETRACTED,AUTO
23:26:02,-83.22281,-8.355928,0,442,ON,RETRACTED,AUTO
23:26:02,-82.95778,-10.16719,0,434,ON,RETRACTED,AUTO
23:26:03,-83.22299,-16.30584,0,429,ON,RETRACTED,AUTO
23:26:03,-83.50708,-8.800199,0,430,ON,RETRACTED,AUTO
23:26:03,-83.57683,-9.42278,0,437,ON,RETRACTED,AUTO
23:26:03,-83.43163,-8.826372,0,446,ON,RETRACTED,AUTO
23:26:03,-82.98708,-8.938346,0,451,ON,RETRACTED,AUTO
23:26:03,-83.31758,-8.912693,0,456,ON,RETRACTED,AUTO
23:26:03,-83.20545,-9.013977,0,456,ON,RETRACTED,AUTO
23:26:03,-83.21603,-9.817147,0,450,ON,RETRACTED,AUTO
23:26:03,-83.15376,-10.09294,0,442,ON,RETRACTED,AUTO
23:26:03,-83.21319,-7.985376,0,434,ON,RETRACTED,AUTO
23:26:04,-83.54745,-6.48578,0,429,ON,RETRACTED,AUTO
23:26:04,-83.68422,-8.681337,0,430,ON,RETRACTED,AUTO
23:26:04,-83.34079,-7.311646,0,437,ON,RETRACTED,AUTO
23:26:04,-83.51999,-9.325345,0,446,ON,RETRACTED,AUTO
23:26:04,-83.41666,-7.781046,0,451,ON,RETRACTED,AUTO
23:26:04,-83.35306,-8.640042,0,457,ON,RETRACTED,AUTO
23:26:04,-83.4277,-8.246322,0,457,ON,RETRACTED,AUTO
23:26:04,-83.73822,-7.537649,0,451,ON,RETRACTED,AUTO
23:26:04,-83.49167,-9.870876,0,442,ON,RETRACTED,AUTO
23:26:05,-83.6316,-9.143018,0,434,ON,RETRACTED,AUTO
23:26:05,-83.90983,-0.897176,0,428,ON,RETRACTED,AUTO
23:26:05,-83.81757,-9.892492,0,430,ON,RETRACTED,AUTO
23:26:05,-83.43861,-9.946555,0,437,ON,RETRACTED,AUTO
23:26:05,-83.70637,-9.765685,0,446,ON,RETRACTED,AUTO
23:26:05,-83.54681,-10.34766,0,452,ON,RETRACTED,AUTO
23:26:05,-83.50398,-15.09928,0,457,ON,RETRACTED,AUTO
23:26:05,-83.7176,-10.42485,0,457,ON,RETRACTED,AUTO
23:26:05,-84.20617,-8.847678,0,452,ON,RETRACTED,AUTO
23:26:05,-83.41772,-9.926247,0,442,ON,RETRACTED,AUTO
23:26:06,-83.47457,-8.56593,0,435,ON,RETRACTED,AUTO
23:26:06,-83.64151,-8.284631,0,429,ON,RETRACTED,AUTO
23:26:06,-83.13065,-14.22596,0,432,ON,RETRACTED,AUTO
23:26:06,-83.74483,-11.57665,0,438,ON,RETRACTED,AUTO
23:26:06,-83.67803,-9.562631,0,447,ON,RETRACTED,AUTO
23:26:06,-83.47167,-11.51811,0,452,ON,RETRACTED,AUTO
23:26:06,-83.35996,-9.347578,0,458,ON,RETRACTED,AUTO
23:26:06,-83.33917,-10.69777,0,457,ON,RETRACTED,AUTO
23:26:06,-83.37848,-4.734189,0,451,ON,RETRACTED,AUTO
23:26:06,-83.74245,-9.421744,0,442,ON,RETRACTED,AUTO
23:26:07,-83.64091,-10.02207,0,436,ON,RETRACTED,AUTO
23:26:07,-83.32567,-9.177081,0,430,ON,RETRACTED,AUTO
23:26:07,-83.30058,-9.177081,0,434,ON,RETRACTED,AUTO
23:26:07,-83.29022,-11.78232,0,440,ON,RETRACTED,AUTO
23:26:07,-83.60995,-12.13682,0,448,ON,RETRACTED,AUTO
23:26:07,-83.43616,-10.15772,0,454,ON,RETRACTED,AUTO
23:26:07,-83.31819,-11.06033,0,459,ON,RETRACTED,AUTO
23:26:07,-83.1414,-9.610325,0,459,ON,RETRACTED,AUTO
23:26:07,-83.21384,-11.24287,0,452,ON,RETRACTED,AUTO
23:26:07,-83.33418,-11.76357,0,445,ON,RETRACTED,AUTO
23:26:08,-83.35801,-12.79395,0,436,ON,RETRACTED,AUTO
23:26:08,-83.09869,-11.26603,0,432,ON,RETRACTED,AUTO
23:26:08,-83.13958,-11.33201,0,434,ON,RETRACTED,AUTO
23:26:08,-83.3788,-13.44121,0,440,ON,RETRACTED,AUTO
23:26:08,-83.5807,-11.23928,0,448,ON,RETRACTED,AUTO
23:26:08,-83.42139,-11.58628,0,454,ON,RETRACTED,AUTO
23:26:08,-83.35915,-10.74086,0,457,ON,RETRACTED,AUTO
23:26:08,-83.25303,-10.49983,0,454,ON,RETRACTED,AUTO
23:26:08,-83.5425,-10.62703,0,449,ON,RETRACTED,AUTO
23:26:08,-83.66796,-12.23897,0,441,ON,RETRACTED,AUTO
23:26:09,-83.39568,-10.57659,0,433,ON,RETRACTED,AUTO
23:26:09,-83.29365,-10.63377,0,429,ON,RETRACTED,AUTO
23:26:09,-83.40107,-10.59808,0,433,ON,RETRACTED,AUTO
23:26:09,-83.51712,-7.348536,0,439,ON,RETRACTED,AUTO
23:26:09,-83.32858,-10.85485,0,447,ON,RETRACTED,AUTO
23:26:09,-83.65254,-11.14289,0,452,ON,RETRACTED,AUTO
23:26:09,-83.4607,-9.926247,0,457,ON,RETRACTED,AUTO
23:26:09,-83.58376,-8.691307,0,457,ON,RETRACTED,AUTO
23:26:09,-83.56373,-9.876075,0,450,ON,RETRACTED,AUTO
23:26:09,-83.71278,-10.51387,0,441,ON,RETRACTED,AUTO
23:26:10,-83.43533,-10.27333,0,434,ON,RETRACTED,AUTO
23:26:10,-83.24548,-14.77816,0,430,ON,RETRACTED,AUTO
23:26:10,-83.68389,-11.42965,0,434,ON,RETRACTED,AUTO
23:26:10,-83.31876,-11.96588,0,440,ON,RETRACTED,AUTO
23:26:10,-83.50759,-8.483672,0,448,ON,RETRACTED,AUTO
23:26:10,-83.57516,-8.928895,0,454,ON,RETRACTED,AUTO
23:26:10,-83.74577,-8.077554,0,458,ON,RETRACTED,AUTO
23:26:10,-83.7314,-9.765685,0,456,ON,RETRACTED,AUTO
23:26:10,-83.47472,-9.966948,0,450,ON,RETRACTED,AUTO
23:26:10,-83.5016,-10.77316,0,441,ON,RETRACTED,AUTO
23:26:11,-83.57361,-12.69794,0,434,ON,RETRACTED,AUTO
23:26:11,-83.38827,-11.97268,0,430,ON,RETRACTED,AUTO
23:26:11,-83.33234,-9.538463,0,436,ON,RETRACTED,AUTO
23:26:11,-83.3594,-12.68038,0,441,ON,RETRACTED,AUTO
23:26:11,-83.17797,-11.26558,0,450,ON,RETRACTED,AUTO
23:26:11,-82.88777,-9.944989,0,457,ON,RETRACTED,AUTO
23:26:11,-83.30663,-11.12919,0,460,ON,RETRACTED,AUTO
23:26:11,-83.14232,-10.29478,0,457,ON,RETRACTED,AUTO
23:26:11,-83.23518,-10.64062,0,450,ON,RETRACTED,AUTO
23:26:11,-83.26508,-11.78232,0,441,ON,RETRACTED,AUTO
23:26:12,-83.22923,-9.762985,0,434,ON,RETRACTED,AUTO
23:26:12,-83.02406,-11.24485,0,432,ON,RETRACTED,AUTO
23:26:12,-83.00358,-9.98879,0,436,ON,RETRACTED,AUTO
23:26:12,-83.70328,-12.66236,0,442,ON,RETRACTED,AUTO
23:26:12,-83.43964,-10.64132,0,450,ON,RETRACTED,AUTO
23:26:12,-83.34827,-11.63027,0,457,ON,RETRACTED,AUTO
23:26:12,-83.08026,-12.14152,0,460,ON,RETRACTED,AUTO
23:26:12,-83.20454,-11.08716,0,457,ON,RETRACTED,AUTO
23:26:12,-82.89957,-9.926246,0,449,ON,RETRACTED,AUTO
23:26:12,-83.40361,-10.9652,0,440,ON,RETRACTED,AUTO
23:26:13,-83.35622,-8.179509,0,433,ON,RETRACTED,AUTO
23:26:13,-83.0406,-11.02769,0,432,ON,RETRACTED,AUTO
23:26:13,-83.64111,-10.59733,0,437,ON,RETRACTED,AUTO
23:26:13,-83.58043,-12.48966,0,442,ON,RETRACTED,AUTO
23:26:13,-83.23147,-11.9356,0,450,ON,RETRACTED,AUTO
23:26:13,-83.52427,-12.3609,0,457,ON,RETRACTED,AUTO
23:26:13,-83.21244,-11.33224,0,460,ON,RETRACTED,AUTO
23:26:13,-83.33514,-10.62679,0,457,ON,RETRACTED,AUTO
23:26:13,-83.31683,-10.3566,0,450,ON,RETRACTED,AUTO
23:26:13,-82.96304,-11.41792,0,440,ON,RETRACTED,AUTO
23:26:14,-83.13692,-10.64733,0,434,ON,RETRACTED,AUTO
23:26:14,-83.55694,-10.3692,0,433,ON,RETRACTED,AUTO
23:26:14,-83.54353,-9.265364,0,438,ON,RETRACTED,AUTO
23:26:14,-82.91835,-9.176204,0,446,ON,RETRACTED,AUTO
23:26:14,-83.281,-11.26468,0,452,ON,RETRACTED,AUTO
23:26:14,-83.27361,-11.64683,0,458,ON,RETRACTED,AUTO
23:26:14,-83.27464,-10.95043,0,460,ON,RETRACTED,AUTO
23:26:14,-83.6179,-10.50032,0,457,ON,RETRACTED,AUTO
23:26:14,-83.1787,-9.295333,0,449,ON,RETRACTED,AUTO
23:26:15,-83.76706,-11.09134,0,440,ON,RETRACTED,AUTO
23:26:15,-83.25806,-9.424703,0,433,ON,RETRACTED,AUTO
23:26:15,-83.23782,-9.650299,0,433,ON,RETRACTED,AUTO
23:26:15,-83.23888,-12.26961,0,438,ON,RETRACTED,AUTO
23:26:15,-83.3585,-8.657553,0,446,ON,RETRACTED,AUTO
23:26:15,-83.34277,-11.1963,0,452,ON,RETRACTED,AUTO
23:26:15,-83.42924,-10.8501,0,459,ON,RETRACTED,AUTO
23:26:15,-83.26113,-9.556526,0,459,ON,RETRACTED,AUTO
23:26:15,-83.24481,-11.04094,0,454,ON,RETRACTED,AUTO
23:26:15,-83.41831,-11.79217,0,447,ON,RETRACTED,AUTO
23:26:16,-83.52515,-8.448689,0,436,ON,RETRACTED,AUTO
23:26:16,-83.33968,-9.347578,0,429,ON,RETRACTED,AUTO
23:26:16,-83.37411,-11.01307,0,430,ON,RETRACTED,AUTO
23:26:16,-83.44695,-8.917221,0,436,ON,RETRACTED,AUTO
23:26:16,-83.20995,-10.41685,0,442,ON,RETRACTED,AUTO
23:26:16,-83.84996,-10.32725,0,450,ON,RETRACTED,AUTO
23:26:16,-83.36088,-9.462323,0,457,ON,RETRACTED,AUTO
23:26:16,-83.54227,-11.40348,0,457,ON,RETRACTED,AUTO
23:26:16,-83.67543,-11.0702,0,451,ON,RETRACTED,AUTO
23:26:16,-83.2522,-11.51176,0,444,ON,RETRACTED,AUTO
23:26:17,-83.04416,-10.1952,0,434,ON,RETRACTED,AUTO
23:26:17,-83.44456,-8.997145,0,429,ON,RETRACTED,AUTO
23:26:17,-83.23982,-9.743641,0,432,ON,RETRACTED,AUTO
23:26:17,-83.35582,-8.542295,0,438,ON,RETRACTED,AUTO
23:26:17,-83.52908,-9.952689,0,446,ON,RETRACTED,AUTO
23:26:17,-83.48,-10.04935,0,452,ON,RETRACTED,AUTO
23:26:17,-83.58133,-9.42278,0,457,ON,RETRACTED,AUTO
23:26:17,-83.44637,-10.08318,0,457,ON,RETRACTED,AUTO
23:26:17,-83.81416,-10.84808,0,451,ON,RETRACTED,AUTO
23:26:17,-83.39902,-10.9208,0,441,ON,RETRACTED,AUTO
23:26:18,-83.35002,-11.08257,0,434,ON,RETRACTED,AUTO
23:26:18,-83.50492,-9.226942,0,430,ON,RETRACTED,AUTO
23:26:18,-83.81872,-5.623687,0,433,ON,RETRACTED,AUTO
23:26:18,-83.66976,-7.732101,0,439,ON,RETRACTED,AUTO
23:26:18,-83.76778,-10.80162,0,447,ON,RETRACTED,AUTO
23:26:18,-83.48639,-8.063247,0,454,ON,RETRACTED,AUTO
23:26:18,-83.25349,-9.008504,0,457,ON,RETRACTED,AUTO
23:26:18,-83.44838,-8.163453,0,456,ON,RETRACTED,AUTO
23:26:18,-83.56217,-11.26274,0,449,ON,RETRACTED,AUTO
23:26:18,-83.76105,-10.58163,0,440,ON,RETRACTED,AUTO
23:26:19,-83.2513,-9.330348,0,430,ON,RETRACTED,AUTO
23:26:19,-83.80606,-9.625966,0,429,ON,RETRACTED,AUTO
23:26:19,-83.50857,-10.00798,0,434,ON,RETRACTED,AUTO
23:26:19,-83.57778,-10.745,0,441,ON,RETRACTED,AUTO
23:26:19,-83.13493,-12.54097,0,449,ON,RETRACTED,AUTO
23:26:19,-83.46664,-12.66893,0,456,ON,RETRACTED,AUTO
23:26:19,-83.5439,-7.74377,0,459,ON,RETRACTED,AUTO
23:26:19,-83.61827,-10.83525,0,456,ON,RETRACTED,AUTO
23:26:19,-83.57759,-9.047572,0,449,ON,RETRACTED,AUTO
23:26:19,-83.35072,-9.309938,0,439,ON,RETRACTED,AUTO
23:26:20,-83.57124,-10.98065,0,432,ON,RETRACTED,AUTO
23:26:20,-83.44146,-9.578424,0,430,ON,RETRACTED,AUTO
23:26:20,-83.36888,-10.28405,0,436,ON,RETRACTED,AUTO
23:26:20,-83.75857,-10.72629,0,442,ON,RETRACTED,AUTO
23:26:20,-83.20335,-11.77755,0,450,ON,RETRACTED,AUTO
23:26:20,-82.9146,-8.870556,0,457,ON,RETRACTED,AUTO
23:26:20,-84.51218,-1.979807,0,457,ON,RETRACTED,AUTO
23:26:20,-84.24201,-6.725517,0,453,ON,RETRACTED,AUTO
23:26:20,-84.17492,-3.58461,0,446,ON,RETRACTED,AUTO
23:26:20,-83.70409,-8.130102,0,437,ON,RETRACTED,AUTO
23:26:21,-83.35194,-20.03214,0,430,ON,RETRACTED,AUTO
23:26:21,-83.44305,-8.246322,0,430,ON,RETRACTED,AUTO
23:26:21,-83.50294,-12.11947,0,437,ON,RETRACTED,AUTO
23:26:21,-83.95187,-11.30993,0,446,ON,RETRACTED,AUTO
23:26:21,-83.89532,-11.43368,0,452,ON,RETRACTED,AUTO
23:26:21,-83.92186,-8.900208,0,457,ON,RETRACTED,AUTO
23:26:21,-83.31147,-9.044666,0,457,ON,RETRACTED,AUTO
23:26:21,-83.82982,-11.2855,0,451,ON,RETRACTED,AUTO
23:26:21,-83.89996,-8.399095,0,442,ON,RETRACTED,AUTO
23:26:21,-84.00748,-9.207581,0,434,ON,RETRACTED,AUTO
23:26:22,-83.2089,-9.499783,0,430,ON,RETRACTED,AUTO
23:26:22,-83.61393,-6.900328,0,433,ON,RETRACTED,AUTO
23:26:22,-83.72881,-7.798513,0,440,ON,RETRACTED,AUTO
23:26:22,-83.75416,-9.421744,0,449,ON,RETRACTED,AUTO
23:26:22,-83.83125,-10.71978,0,456,ON,RETRACTED,AUTO
23:26:22,-84.18745,-8.827188,0,460,ON,RETRACTED,AUTO
23:26:22,-83.81886,-10.94219,0,459,ON,RETRACTED,AUTO
23:26:22,-83.78019,-8.35865,0,451,ON,RETRACTED,AUTO
23:26:22,-83.59013,-8.847116,0,441,ON,RETRACTED,AUTO
23:26:22,-83.82038,-8.888358,0,434,ON,RETRACTED,AUTO
23:26:23,-84.07448,-9.826714,0,433,ON,RETRACTED,AUTO
23:26:23,-84.06675,-10.74773,0,438,ON,RETRACTED,AUTO
23:26:23,-84.09998,-8.000684,0,446,ON,RETRACTED,AUTO
23:26:23,-83.47916,-9.015618,0,454,ON,RETRACTED,AUTO
23:26:23,-84.02863,-7.782638,0,461,ON,RETRACTED,AUTO
23:26:23,-84.19807,-10.13867,0,462,ON,RETRACTED,AUTO
23:26:23,-83.96061,-8.347268,0,459,ON,RETRACTED,AUTO
23:26:23,-83.73014,-8.286981,0,450,ON,RETRACTED,AUTO
23:26:23,-83.88337,-9.399954,0,440,ON,RETRACTED,AUTO
23:26:23,-83.84931,-8.076738,0,436,ON,RETRACTED,AUTO
23:26:24,-83.71349,-10.02939,0,436,ON,RETRACTED,AUTO
23:26:24,-83.57359,-10.29407,0,440,ON,RETRACTED,AUTO
23:26:24,-84.12923,-11.72028,0,449,ON,RETRACTED,AUTO
23:26:24,-83.63184,-9.621754,0,457,ON,RETRACTED,AUTO
23:26:24,-83.70294,-10.97347,0,462,ON,RETRACTED,AUTO
23:26:24,-83.54399,-10.11204,0,462,ON,RETRACTED,AUTO
23:26:24,-83.6363,-9.621754,0,457,ON,RETRACTED,AUTO
23:26:24,-83.81075,-9.421206,0,449,ON,RETRACTED,AUTO
23:26:24,-83.82665,-8.536951,0,439,ON,RETRACTED,AUTO
23:26:25,-83.66315,-9.803125,0,436,ON,RETRACTED,AUTO
23:26:25,-83.4927,-7.626048,0,438,ON,RETRACTED,AUTO
23:26:25,-83.38846,-7.125016,0,445,ON,RETRACTED,AUTO
23:26:25,-83.76496,-10.48244,0,451,ON,RETRACTED,AUTO
23:26:25,-83.9062,-8.900208,0,459,ON,RETRACTED,AUTO
23:26:25,-84.00962,-8.530766,0,462,ON,RETRACTED,AUTO
23:26:25,-83.93584,-10.08894,0,461,ON,RETRACTED,AUTO
23:26:25,-83.74742,-10.43748,0,454,ON,RETRACTED,AUTO
23:26:25,-83.5257,-7.641846,0,446,ON,RETRACTED,AUTO
23:26:25,-83.52512,-9.364079,0,438,ON,RETRACTED,AUTO
23:26:26,-83.72402,-9.563947,0,436,ON,RETRACTED,AUTO
23:26:26,-83.73808,-10.3159,0,439,ON,RETRACTED,AUTO
23:26:26,-83.67672,-8.699761,0,447,ON,RETRACTED,AUTO
23:26:26,-83.85955,-9.524667,0,454,ON,RETRACTED,AUTO
23:26:26,-83.79697,-8.094995,0,460,ON,RETRACTED,AUTO
23:26:26,-83.7196,-7.886883,0,462,ON,RETRACTED,AUTO
23:26:26,-83.87848,-9.110183,0,460,ON,RETRACTED,AUTO
23:26:26,-83.92249,-8.775056,0,451,ON,RETRACTED,AUTO
23:26:26,-84.16319,-9.723845,0,441,ON,RETRACTED,AUTO
23:26:26,-83.74341,-10.19424,0,436,ON,RETRACTED,AUTO
23:26:27,-84.00917,-11.563,0,436,ON,RETRACTED,AUTO
23:26:27,-83.89415,-11.35967,0,440,ON,RETRACTED,AUTO
23:26:27,-83.74432,-10.05089,0,448,ON,RETRACTED,AUTO
23:26:27,-83.68903,-10.32672,0,456,ON,RETRACTED,AUTO
23:26:27,-84.21358,-8.451455,0,461,ON,RETRACTED,AUTO
23:26:27,-83.65173,-10.54476,0,462,ON,RETRACTED,AUTO
23:26:27,-83.76418,-9.929287,0,457,ON,RETRACTED,AUTO
23:26:27,-83.66216,-8.302161,0,449,ON,RETRACTED,AUTO
23:26:27,-83.47842,-7.594644,0,440,ON,RETRACTED,AUTO
23:26:27,-84.04921,-9.398232,0,436,ON,RETRACTED,AUTO
23:26:28,-84.0842,-8.925056,0,437,ON,RETRACTED,AUTO
23:26:28,-83.89013,-8.880659,0,442,ON,RETRACTED,AUTO
23:26:28,-83.87498,-9.752425,0,450,ON,RETRACTED,AUTO
23:26:28,-83.64282,-8.302161,0,459,ON,RETRACTED,AUTO
23:26:28,-84.0082,-10.24715,0,462,ON,RETRACTED,AUTO
23:26:28,-84.00764,-9.420083,0,461,ON,RETRACTED,AUTO
23:26:28,-83.64835,-10.02207,0,456,ON,RETRACTED,AUTO
23:26:28,-83.9234,-9.316106,0,447,ON,RETRACTED,AUTO
23:26:28,-84.42847,-9.166751,0,438,ON,RETRACTED,AUTO
23:26:28,-83.57064,-8.928895,0,436,ON,RETRACTED,AUTO
23:26:29,-83.80049,-10.65027,0,438,ON,RETRACTED,AUTO
23:26:29,-83.99221,-9.420083,0,446,ON,RETRACTED,AUTO
23:26:29,-83.63774,-9.860619,0,452,ON,RETRACTED,AUTO
23:26:29,-83.80582,-8.112511,0,460,ON,RETRACTED,AUTO
23:26:29,-83.92876,-8.562243,0,462,ON,RETRACTED,AUTO
23:26:29,-83.88232,-9.503796,0,460,ON,RETRACTED,AUTO
23:26:29,-83.63593,-7.770617,0,452,ON,RETRACTED,AUTO
23:26:29,-83.83873,-8.413217,0,442,ON,RETRACTED,AUTO
23:26:29,-83.60578,-9.798771,0,437,ON,RETRACTED,AUTO
23:26:29,-83.99644,-7.236922,0,436,ON,RETRACTED,AUTO
23:26:30,-83.89232,-12.62485,0,439,ON,RETRACTED,AUTO
23:26:30,-83.60988,-9.343163,0,447,ON,RETRACTED,AUTO
23:26:30,-84.09549,-9.720218,0,456,ON,RETRACTED,AUTO
23:26:30,-84.00057,-8.166643,0,461,ON,RETRACTED,AUTO
23:26:30,-83.9436,-8.202353,0,462,ON,RETRACTED,AUTO
23:26:30,-83.91134,-10.83766,0,459,ON,RETRACTED,AUTO
23:26:30,-83.58212,-10.39083,0,450,ON,RETRACTED,AUTO
23:26:30,-83.89704,-9.795312,0,440,ON,RETRACTED,AUTO
23:26:30,-83.53941,-9.246114,0,436,ON,RETRACTED,AUTO
23:26:30,-83.69918,-8.940918,0,436,ON,RETRACTED,AUTO
23:26:31,-83.6655,-10.30485,0,441,ON,RETRACTED,AUTO
23:26:31,-83.7431,-9.786595,0,449,ON,RETRACTED,AUTO
23:26:31,-83.79007,-9.134569,0,457,ON,RETRACTED,AUTO
23:26:31,-83.76805,-9.319947,0,461,ON,RETRACTED,AUTO
23:26:31,-83.98512,-10.05254,0,462,ON,RETRACTED,AUTO
23:26:31,-84.13519,-8.130103,0,457,ON,RETRACTED,AUTO
23:26:31,-83.90107,-10.81388,0,448,ON,RETRACTED,AUTO
23:26:31,-83.6181,-11.92599,0,439,ON,RETRACTED,AUTO
23:26:31,-83.62281,-7.650651,0,436,ON,RETRACTED,AUTO
23:26:31,-83.8606,-7.702796,0,437,ON,RETRACTED,AUTO
23:26:32,-83.76144,-9.19782,0,442,ON,RETRACTED,AUTO
23:26:32,-83.93647,-9.587832,0,450,ON,RETRACTED,AUTO
23:26:32,-84.39651,-8.714733,0,459,ON,RETRACTED,AUTO
23:26:32,-83.46661,-9.462322,0,462,ON,RETRACTED,AUTO
23:26:32,-84.0014,-9.293308,0,461,ON,RETRACTED,AUTO
23:26:32,-83.51515,-9.090278,0,456,ON,RETRACTED,AUTO
23:26:32,-83.67142,-8.903162,0,446,ON,RETRACTED,AUTO
23:26:32,-83.83828,-9.957127,0,438,ON,RETRACTED,AUTO
23:26:32,-83.75328,-9.05612,0,435,ON,RETRACTED,AUTO
23:26:32,-83.98323,-10.03021,0,438,ON,RETRACTED,AUTO
23:26:33,-83.67082,-9.023129,0,446,ON,RETRACTED,AUTO
23:26:33,-83.84422,-9.44172,0,452,ON,RETRACTED,AUTO
23:26:33,-83.70614,-8.718263,0,460,ON,RETRACTED,AUTO
23:26:33,-84.1055,-8.000684,0,462,ON,RETRACTED,AUTO
23:26:33,-83.66863,-8.164453,0,460,ON,RETRACTED,AUTO
23:26:33,-83.46333,-10.22026,0,452,ON,RETRACTED,AUTO
23:26:33,-84.00758,-9.314106,0,444,ON,RETRACTED,AUTO
23:26:33,-83.75603,-10.07248,0,437,ON,RETRACTED,AUTO
23:26:33,-83.90846,-10.06673,0,436,ON,RETRACTED,AUTO
23:26:33,-83.65263,-8.440365,0,440,ON,RETRACTED,AUTO
23:26:34,-84.0793,-8.904821,0,448,ON,RETRACTED,AUTO
23:26:34,-83.82746,-7.280289,0,456,ON,RETRACTED,AUTO
23:26:34,-84.07295,-10.77208,0,461,ON,RETRACTED,AUTO
23:26:34,-83.73553,-8.390932,0,462,ON,RETRACTED,AUTO
23:26:34,-83.74464,-9.563947,0,460,ON,RETRACTED,AUTO
23:26:34,-84.21208,-9.243052,0,450,ON,RETRACTED,AUTO
23:26:34,-83.73079,-10.29381,0,441,ON,RETRACTED,AUTO
23:26:34,-83.73395,-8.042894,0,436,ON,RETRACTED,AUTO
23:26:34,-83.7262,-7.676215,0,437,ON,RETRACTED,AUTO
23:26:35,-83.94141,-8.70737,0,441,ON,RETRACTED,AUTO
23:26:35,-83.7279,-10.6575,0,449,ON,RETRACTED,AUTO
23:26:35,-83.87185,-9.73112,0,457,ON,RETRACTED,AUTO
23:26:35,-83.98825,-9.019322,0,462,ON,RETRACTED,AUTO
23:26:35,-84.12712,-9.225029,0,462,ON,RETRACTED,AUTO
23:26:35,-83.80775,-9.667756,0,457,ON,RETRACTED,AUTO
23:26:35,-83.73525,-10.27182,0,449,ON,RETRACTED,AUTO
23:26:35,-83.96611,-9.651834,0,440,ON,RETRACTED,AUTO
23:26:35,-84.25449,-8.797411,0,436,ON,RETRACTED,AUTO
23:26:35,-84.07031,-9.826714,0,437,ON,RETRACTED,AUTO
23:26:36,-83.39829,-9.9607,0,442,ON,RETRACTED,AUTO
23:26:36,-83.61224,-8.147241,0,451,ON,RETRACTED,AUTO
23:26:36,-83.75751,-8.077554,0,459,ON,RETRACTED,AUTO
23:26:36,-83.81117,-9.769699,0,462,ON,RETRACTED,AUTO
23:26:36,-83.96236,-9.609073,0,461,ON,RETRACTED,AUTO
23:26:36,-83.87716,-10.24856,0,456,ON,RETRACTED,AUTO
23:26:36,-83.93259,-9.441442,0,447,ON,RETRACTED,AUTO
23:26:36,-84.00259,-9.441156,0,438,ON,RETRACTED,AUTO
23:26:36,-83.8505,-7.702796,0,436,ON,RETRACTED,AUTO
23:26:36,-84.03905,-8.22207,0,438,ON,RETRACTED,AUTO
23:26:37,-83.68009,-9.703482,0,446,ON,RETRACTED,AUTO
23:26:37,-83.6479,-8.884401,0,452,ON,RETRACTED,AUTO
23:26:37,-83.94293,-9.462322,0,460,ON,RETRACTED,AUTO
23:26:37,-83.84099,-10.22622,0,462,ON,RETRACTED,AUTO
23:26:37,-84.10811,-10.43408,0,460,ON,RETRACTED,AUTO
23:26:37,-83.60125,-9.243334,0,452,ON,RETRACTED,AUTO
23:26:37,-83.71255,-11.38225,0,444,ON,RETRACTED,AUTO
23:26:37,-83.85358,-11.50699,0,437,ON,RETRACTED,AUTO
23:26:37,-84.00902,-9.948404,0,436,ON,RETRACTED,AUTO
23:26:37,-83.7669,-10.58163,0,439,ON,RETRACTED,AUTO
23:26:38,-84.02356,-8.972627,0,447,ON,RETRACTED,AUTO
23:26:38,-83.51416,-10.53918,0,456,ON,RETRACTED,AUTO
23:26:38,-83.98183,-7.967073,0,461,ON,RETRACTED,AUTO
23:26:38,-83.42953,-8.594563,0,462,ON,RETRACTED,AUTO
23:26:38,-84.10415,-8.426969,0,459,ON,RETRACTED,AUTO
23:26:38,-83.93905,-9.838574,0,450,ON,RETRACTED,AUTO
23:26:38,-83.5527,-8.299617,0,441,ON,RETRACTED,AUTO
23:26:38,-83.82808,-6.644072,0,436,ON,RETRACTED,AUTO
23:26:38,-84.07027,-10.72348,0,436,ON,RETRACTED,AUTO
23:26:38,-83.7673,-9.706653,0,441,ON,RETRACTED,AUTO
23:26:39,-83.95304,-7.8577,0,449,ON,RETRACTED,AUTO
23:26:39,-83.82346,-11.70203,0,457,ON,RETRACTED,AUTO
23:26:39,-84.02352,-7.620173,0,461,ON,RETRACTED,AUTO
23:26:39,-83.67802,-7.368051,0,462,ON,RETRACTED,AUTO
23:26:39,-84.08562,-8.815914,0,457,ON,RETRACTED,AUTO
23:26:39,-83.94255,-9.609073,0,448,ON,RETRACTED,AUTO
23:26:39,-84.02028,-10.22424,0,439,ON,RETRACTED,AUTO
23:26:39,-83.93793,-7.409438,0,436,ON,RETRACTED,AUTO
23:26:39,-83.74091,-9.19782,0,437,ON,RETRACTED,AUTO
23:26:39,-83.48756,-9.286928,0,442,ON,RETRACTED,AUTO
23:26:40,-83.95264,-9.713251,0,450,ON,RETRACTED,AUTO
23:26:40,-83.63733,-10.12041,0,459,ON,RETRACTED,AUTO
23:26:40,-84.05553,-8.607862,0,462,ON,RETRACTED,AUTO
23:26:40,-84.07498,-9.910271,0,461,ON,RETRACTED,AUTO
23:26:40,-83.5595,-9.047572,0,456,ON,RETRACTED,AUTO
23:26:40,-83.98495,-9.673355,0,447,ON,RETRACTED,AUTO
23:26:40,-83.35538,-7.411493,0,438,ON,RETRACTED,AUTO
23:26:40,-83.58546,-8.590368,0,436,ON,RETRACTED,AUTO
23:26:40,-83.83894,-8.822518,0,438,ON,RETRACTED,AUTO
23:26:40,-83.84526,-7.793385,0,446,ON,RETRACTED,AUTO
23:26:41,-83.84161,-8.413217,0,452,ON,RETRACTED,AUTO
23:26:41,-83.86945,-8.449988,0,460,ON,RETRACTED,AUTO
23:26:41,-84.22034,-7.789285,0,462,ON,RETRACTED,AUTO
23:26:41,-83.60578,-9.798771,0,461,ON,RETRACTED,AUTO
23:26:41,-83.93055,-9.483295,0,452,ON,RETRACTED,AUTO
23:26:41,-83.63805,-9.782406,0,445,ON,RETRACTED,AUTO
23:26:41,-84.18403,-10.16208,0,437,ON,RETRACTED,AUTO
23:26:41,-84.02678,-9.398232,0,436,ON,RETRACTED,AUTO
23:26:41,-83.97035,-10.58025,0,439,ON,RETRACTED,AUTO
23:26:41,-83.81945,-9.421206,0,446,ON,RETRACTED,AUTO
23:26:42,-83.7196,-7.886883,0,454,ON,RETRACTED,AUTO
23:26:42,-83.65311,-7.923879,0,460,ON,RETRACTED,AUTO
23:26:42,-83.77202,-8.060186,0,462,ON,RETRACTED,AUTO
23:26:42,-83.70201,-10.54476,0,460,ON,RETRACTED,AUTO
23:26:42,-83.87469,-10.00068,0,451,ON,RETRACTED,AUTO
23:26:42,-83.81889,-9.318053,0,441,ON,RETRACTED,AUTO
23:26:42,-83.92799,-8.291903,0,437,ON,RETRACTED,AUTO
23:26:42,-83.42288,-9.057889,0,436,ON,RETRACTED,AUTO
23:26:42,-83.95858,-9.630405,0,440,ON,RETRACTED,AUTO
23:26:42,-83.45916,-10.29432,0,448,ON,RETRACTED,AUTO
23:26:43,-83.71632,-10.2281,0,456,ON,RETRACTED,AUTO
23:26:43,-84.32457,-9.976472,0,461,ON,RETRACTED,AUTO
23:26:43,-83.87698,-7.312155,0,462,ON,RETRACTED,AUTO
23:26:43,-83.832,-7.577999,0,459,ON,RETRACTED,AUTO
23:26:43,-84.17321,-9.048407,0,449,ON,RETRACTED,AUTO
23:26:43,-83.79462,-10.62729,0,440,ON,RETRACTED,AUTO
23:26:43,-83.79176,-10.65027,0,436,ON,RETRACTED,AUTO
23:26:43,-83.78717,-9.625966,0,437,ON,RETRACTED,AUTO
23:26:43,-83.69688,-8.476296,0,441,ON,RETRACTED,AUTO
23:26:43,-83.98792,-10.32782,0,450,ON,RETRACTED,AUTO
23:26:44,-84.00183,-11.00705,0,457,ON,RETRACTED,AUTO
23:26:44,-83.80177,-9.380442,0,462,ON,RETRACTED,AUTO
23:26:44,-83.60279,-9.561347,0,461,ON,RETRACTED,AUTO
23:26:44,-83.8896,-10.41786,0,456,ON,RETRACTED,AUTO
23:26:44,-84.02411,-11.18323,0,448,ON,RETRACTED,AUTO
23:26:44,-83.85695,-7.952166,0,438,ON,RETRACTED,AUTO
23:26:44,-83.68894,-8.234024,0,436,ON,RETRACTED,AUTO
23:26:44,-83.98229,-9.948404,0,437,ON,RETRACTED,AUTO
23:26:44,-83.72896,-8.914927,0,445,ON,RETRACTED,AUTO
23:26:45,-83.6908,-10.08595,0,451,ON,RETRACTED,AUTO
23:26:45,-84.02058,-9.589551,0,459,ON,RETRACTED,AUTO
23:26:45,-83.64992,-8.027237,0,462,ON,RETRACTED,AUTO
23:26:45,-83.82896,-10.15977,0,461,ON,RETRACTED,AUTO
23:26:45,-83.91171,-8.649819,0,456,ON,RETRACTED,AUTO
23:26:45,-83.98373,-8.365886,0,446,ON,RETRACTED,AUTO
23:26:45,-83.86456,-10.74315,0,438,ON,RETRACTED,AUTO
23:26:45,-83.89544,-8.237264,0,436,ON,RETRACTED,AUTO
23:26:45,-83.93263,-10.06673,0,438,ON,RETRACTED,AUTO
23:26:45,-83.66055,-8.681337,0,446,ON,RETRACTED,AUTO
23:26:46,-84.09782,-9.977714,0,452,ON,RETRACTED,AUTO
23:26:46,-83.8457,-10.71978,0,460,ON,RETRACTED,AUTO
23:26:46,-83.71219,-9.986662,0,462,ON,RETRACTED,AUTO
23:26:46,-84.17044,-9.615285,0,460,ON,RETRACTED,AUTO
23:26:46,-83.61959,-10.69387,0,452,ON,RETRACTED,AUTO
23:26:46,-83.55215,-10.745,0,442,ON,RETRACTED,AUTO
23:26:46,-83.66966,-8.940918,0,437,ON,RETRACTED,AUTO
23:26:46,-83.92645,-11.88212,0,436,ON,RETRACTED,AUTO
23:26:46,-83.49567,-7.845218,0,440,ON,RETRACTED,AUTO
23:26:46,-83.91849,-6.888258,0,447,ON,RETRACTED,AUTO
23:26:47,-83.89314,-11.06211,0,454,ON,RETRACTED,AUTO
23:26:47,-83.87179,-8.736572,0,461,ON,RETRACTED,AUTO
23:26:47,-83.80763,-9.646815,0,462,ON,RETRACTED,AUTO
23:26:47,-83.60363,-8.847116,0,460,ON,RETRACTED,AUTO
23:26:47,-83.8015,-8.481606,0,451,ON,RETRACTED,AUTO
23:26:47,-83.83391,-9.174302,0,441,ON,RETRACTED,AUTO
23:26:47,-83.75182,-10.43748,0,436,ON,RETRACTED,AUTO
23:26:47,-83.57755,-8.791765,0,437,ON,RETRACTED,AUTO
23:26:47,-84.00428,-10.47742,0,441,ON,RETRACTED,AUTO
23:26:47,-83.72572,-8.634056,0,449,ON,RETRACTED,AUTO
23:26:48,-83.86488,-10.0226,0,456,ON,RETRACTED,AUTO
23:26:48,-83.64928,-9.162348,0,461,ON,RETRACTED,AUTO
23:26:48,-83.7856,-9.114831,0,462,ON,RETRACTED,AUTO
23:26:48,-83.6172,-9.896671,0,458,ON,RETRACTED,AUTO
23:26:48,-83.9054,-9.963803,0,449,ON,RETRACTED,AUTO
23:26:48,-84.08058,-8.000684,0,440,ON,RETRACTED,AUTO
23:26:48,-83.61367,-8.60841,0,436,ON,RETRACTED,AUTO
23:26:48,-83.61525,-7.754286,0,437,ON,RETRACTED,AUTO
23:26:48,-83.99751,-9.251986,0,442,ON,RETRACTED,AUTO
23:26:48,-83.46939,-10.93909,0,450,ON,RETRACTED,AUTO
23:26:49,-83.81773,-11.72743,0,459,ON,RETRACTED,AUTO
23:26:49,-83.95433,-9.630405,0,462,ON,RETRACTED,AUTO
23:26:49,-84.0918,-8.111662,0,462,ON,RETRACTED,AUTO
23:26:49,-83.67655,-9.562631,0,456,ON,RETRACTED,AUTO
23:26:49,-83.83607,-9.812184,0,447,ON,RETRACTED,AUTO
23:26:49,-83.63871,-8.267174,0,438,ON,RETRACTED,AUTO
23:26:49,-84.15782,-10.48187,0,436,ON,RETRACTED,AUTO
23:26:49,-83.6641,-9.422269,0,438,ON,RETRACTED,AUTO
23:26:49,-83.62224,-9.243334,0,446,ON,RETRACTED,AUTO
23:26:49,-83.79025,-10.26032,0,451,ON,RETRACTED,AUTO
23:26:50,-83.63136,-10.12041,0,460,ON,RETRACTED,AUTO
23:26:50,-83.83642,-9.58616,0,462,ON,RETRACTED,AUTO
23:26:50,-83.81913,-7.635882,0,461,ON,RETRACTED,AUTO
23:26:50,-83.92194,-10.88553,0,454,ON,RETRACTED,AUTO
23:26:50,-83.89449,-9.816896,0,446,ON,RETRACTED,AUTO
23:26:50,-83.86236,-9.58616,0,437,ON,RETRACTED,AUTO
23:26:50,-83.85661,-9.58616,0,436,ON,RETRACTED,AUTO
23:26:50,-83.70617,-11.28577,0,439,ON,RETRACTED,AUTO
23:26:50,-83.5855,-9.442511,0,446,ON,RETRACTED,AUTO
23:26:50,-83.74693,-10.29381,0,454,ON,RETRACTED,AUTO
23:26:51,-83.95255,-8.310277,0,460,ON,RETRACTED,AUTO
23:26:51,-83.97337,-9.399104,0,462,ON,RETRACTED,AUTO
23:26:51,-83.74902,-9.299954,0,460,ON,RETRACTED,AUTO
23:26:51,-83.77168,-9.706653,0,451,ON,RETRACTED,AUTO
23:26:51,-83.8212,-7.248698,0,441,ON,RETRACTED,AUTO
23:26:51,-83.66443,-10.26137,0,436,ON,RETRACTED,AUTO
23:26:51,-84.02084,-10.24715,0,436,ON,RETRACTED,AUTO
23:26:51,-83.80156,-7.77643,0,440,ON,RETRACTED,AUTO
23:26:51,-84.00201,-9.059732,0,448,ON,RETRACTED,AUTO
23:26:51,-83.70851,-9.886877,0,456,ON,RETRACTED,AUTO
23:26:52,-83.77617,-8.217845,0,461,ON,RETRACTED,AUTO
23:26:52,-83.67852,-7.820026,0,462,ON,RETRACTED,AUTO
23:26:52,-83.6332,-10.26137,0,459,ON,RETRACTED,AUTO
23:26:52,-83.78839,-9.849863,0,449,ON,RETRACTED,AUTO
23:26:52,-84.26309,-9.992414,0,440,ON,RETRACTED,AUTO
23:26:52,-83.98234,-9.420083,0,436,ON,RETRACTED,AUTO
23:26:52,-84.08834,-9.826714,0,437,ON,RETRACTED,AUTO
23:26:52,-83.9194,-8.833414,0,441,ON,RETRACTED,AUTO
23:26:52,-83.81777,-8.518422,0,450,ON,RETRACTED,AUTO
23:26:52,-83.61346,-10.3373,0,457,ON,RETRACTED,AUTO
23:26:53,-83.92909,-9.316106,0,462,ON,RETRACTED,AUTO
23:26:53,-83.78143,-7.340471,0,462,ON,RETRACTED,AUTO
23:26:53,-83.88265,-8.861195,0,457,ON,RETRACTED,AUTO
23:26:53,-83.87952,-10.12467,0,448,ON,RETRACTED,AUTO
23:26:53,-83.86401,-7.171712,0,439,ON,RETRACTED,AUTO
23:26:53,-83.82308,-9.297798,0,435,ON,RETRACTED,AUTO
23:26:53,-83.81469,-8.499975,0,437,ON,RETRACTED,AUTO
23:26:53,-83.80766,-9.154393,0,442,ON,RETRACTED,AUTO
23:26:53,-83.71453,-8.476296,0,451,ON,RETRACTED,AUTO
23:26:53,-84.07814,-9.698195,0,459,ON,RETRACTED,AUTO
23:26:54,-83.88947,-9.503796,0,462,ON,RETRACTED,AUTO
23:26:54,-83.64027,-8.626528,0,461,ON,RETRACTED,AUTO
23:26:54,-83.96929,-8.746162,0,454,ON,RETRACTED,AUTO
23:26:54,-83.42477,-9.289107,0,446,ON,RETRACTED,AUTO
23:26:54,-83.90632,-10.58849,0,437,ON,RETRACTED,AUTO
23:26:54,-84.0776,-9.569577,0,436,ON,RETRACTED,AUTO
23:26:54,-83.61878,-10.05686,0,439,ON,RETRACTED,AUTO
23:26:54,-83.62815,-7.890515,0,447,ON,RETRACTED,AUTO
23:26:54,-83.76285,-8.182522,0,453,ON,RETRACTED,AUTO
23:26:54,-83.86806,-10.49606,0,460,ON,RETRACTED,AUTO
23:26:55,-83.57645,-7.943471,0,462,ON,RETRACTED,AUTO
23:26:55,-83.59647,-9.085512,0,460,ON,RETRACTED,AUTO
23:26:55,-83.92712,-8.255398,0,452,ON,RETRACTED,AUTO
23:26:55,-84.0572,-9.760403,0,442,ON,RETRACTED,AUTO
23:26:55,-84.00566,-9.039483,0,437,ON,RETRACTED,AUTO
23:26:55,-83.87807,-9.254804,0,436,ON,RETRACTED,AUTO
23:26:55,-83.85091,-7.934796,0,440,ON,RETRACTED,AUTO
23:26:55,-84.10088,-7.7416,0,448,ON,RETRACTED,AUTO
23:26:55,-84.00898,-9.314106,0,456,ON,RETRACTED,AUTO
23:26:56,-84.02879,-10.12013,0,461,ON,RETRACTED,AUTO
23:26:56,-83.76253,-10.55895,0,462,ON,RETRACTED,AUTO
23:26:56,-84.1459,-8.986311,0,459,ON,RETRACTED,AUTO
23:26:56,-83.81993,-8.413217,0,450,ON,RETRACTED,AUTO
23:26:56,-83.77251,-9.605205,0,440,ON,RETRACTED,AUTO
23:26:56,-83.95364,-11.33503,0,436,ON,RETRACTED,AUTO
23:26:56,-83.68908,-11.35804,0,437,ON,RETRACTED,AUTO
23:26:56,-84.09111,-11.30993,0,441,ON,RETRACTED,AUTO
23:26:56,-83.69312,-11.83821,0,449,ON,RETRACTED,AUTO
23:26:56,-83.80547,-8.623109,0,457,ON,RETRACTED,AUTO
23:26:57,-83.87629,-7.987132,0,462,ON,RETRACTED,AUTO
23:26:57,-83.9705,-8.202353,0,462,ON,RETRACTED,AUTO
23:26:57,-83.94723,-11.96099,0,457,ON,RETRACTED,AUTO
23:26:57,-84.13578,-9.006915,0,447,ON,RETRACTED,AUTO
23:26:57,-83.9418,-10.00798,0,439,ON,RETRACTED,AUTO
23:26:57,-84.20431,-9.221678,0,436,ON,RETRACTED,AUTO
23:26:57,-84.05031,-10.42071,0,437,ON,RETRACTED,AUTO
23:26:57,-83.66284,-8.147241,0,442,ON,RETRACTED,AUTO
23:26:57,-84.19279,-9.900022,0,451,ON,RETRACTED,AUTO
23:26:57,-84.03704,-8.166643,0,459,ON,RETRACTED,AUTO
23:26:58,-83.63571,-8.56089,0,462,ON,RETRACTED,AUTO
23:26:58,-83.71966,-9.280046,0,461,ON,RETRACTED,AUTO
23:26:58,-83.59301,-9.442511,0,454,ON,RETRACTED,AUTO
23:26:58,-83.74087,-11.64781,0,446,ON,RETRACTED,AUTO
23:26:58,-83.88212,-10.10259,0,437,ON,RETRACTED,AUTO
23:26:58,-83.65257,-10.26137,0,436,ON,RETRACTED,AUTO
23:26:58,-83.61523,-10.26137,0,439,ON,RETRACTED,AUTO
23:26:58,-84.30456,-9.976472,0,447,ON,RETRACTED,AUTO
23:26:58,-83.7704,-9.503247,0,452,ON,RETRACTED,AUTO
23:26:58,-83.68243,-8.736842,0,460,ON,RETRACTED,AUTO
23:26:59,-84.07966,-8.369678,0,462,ON,RETRACTED,AUTO
23:26:59,-83.68988,-7.368051,0,460,ON,RETRACTED,AUTO
23:26:59,-83.79277,-10.52779,0,451,ON,RETRACTED,AUTO
23:26:59,-83.82042,-10.18182,0,441,ON,RETRACTED,AUTO
23:26:59,-84.31172,-10.26831,0,437,ON,RETRACTED,AUTO
23:26:59,-83.79655,-9.237555,0,436,ON,RETRACTED,AUTO
23:26:59,-84.03102,-10.37406,0,440,ON,RETRACTED,AUTO
23:26:59,-83.59751,-9.442511,0,448,ON,RETRACTED,AUTO
23:26:59,-83.81578,-8.641816,0,456,ON,RETRACTED,AUTO
23:26:59,-83.94683,-9.190681,0,461,ON,RETRACTED,AUTO
23:27:00,-83.74554,-7.537649,0,462,ON,RETRACTED,AUTO
23:27:00,-83.99206,-7.603134,0,459,ON,RETRACTED,AUTO
23:27:00,-83.53639,-9.246114,0,449,ON,RETRACTED,AUTO
23:27:00,-83.90082,-11.21063,0,440,ON,RETRACTED,AUTO
23:27:00,-83.65721,-9.803125,0,436,ON,RETRACTED,AUTO
23:27:00,-83.78062,-8.604482,0,437,ON,RETRACTED,AUTO
23:27:00,-83.7884,-8.112511,0,441,ON,RETRACTED,AUTO
23:27:00,-83.55261,-9.265364,0,450,ON,RETRACTED,AUTO
23:27:00,-83.94088,-9.085243,0,457,ON,RETRACTED,AUTO
23:27:00,-83.99762,-9.207581,0,462,ON,RETRACTED,AUTO
23:27:01,-83.9796,-9.166441,0,462,ON,RETRACTED,AUTO
23:27:01,-84.17413,-9.962046,0,457,ON,RETRACTED,AUTO
23:27:01,-83.58018,-9.403132,0,448,ON,RETRACTED,AUTO
23:27:01,-84.03988,-9.738495,0,439,ON,RETRACTED,AUTO
23:27:01,-83.71891,-8.494376,0,436,ON,RETRACTED,AUTO
23:27:01,-83.90005,-7.519066,0,438,ON,RETRACTED,AUTO
23:27:01,-84.02338,-9.589551,0,445,ON,RETRACTED,AUTO
23:27:01,-83.90847,-8.630802,0,451,ON,RETRACTED,AUTO
23:27:01,-83.82236,-9.421206,0,459,ON,RETRACTED,AUTO
23:27:01,-84.04713,-7.173421,0,462,ON,RETRACTED,AUTO
23:27:02,-83.70214,-8.634056,0,461,ON,RETRACTED,AUTO
23:27:02,-83.75537,-8.934078,0,454,ON,RETRACTED,AUTO
23:27:02,-83.74567,-8.042894,0,446,ON,RETRACTED,AUTO
23:27:02,-83.78914,-10.01519,0,437,ON,RETRACTED,AUTO
23:27:02,-83.89141,-7.594643,0,436,ON,RETRACTED,AUTO
23:27:02,-83.99446,-9.821737,0,439,ON,RETRACTED,AUTO
23:27:02,-83.96821,-10.83227,0,447,ON,RETRACTED,AUTO
23:27:02,-84.26207,-8.092083,0,454,ON,RETRACTED,AUTO
23:27:02,-84.18732,-9.746286,0,460,ON,RETRACTED,AUTO
23:27:02,-83.89585,-8.880659,0,462,ON,RETRACTED,AUTO
23:27:03,-83.98551,-9.799849,0,460,ON,RETRACTED,AUTO
23:27:03,-84.10174,-11.72028,0,451,ON,RETRACTED,AUTO
23:27:03,-83.93746,-9.734757,0,441,ON,RETRACTED,AUTO
23:27:03,-84.03469,-12.14909,0,436,ON,RETRACTED,AUTO
23:27:03,-83.46747,-8.548312,0,436,ON,RETRACTED,AUTO
23:27:03,-83.95878,-10.28198,0,440,ON,RETRACTED,AUTO
23:27:03,-83.76997,-11.09134,0,448,ON,RETRACTED,AUTO
23:27:03,-84.02832,-10.54807,0,456,ON,RETRACTED,AUTO
23:27:03,-83.93932,-7.914165,0,461,ON,RETRACTED,AUTO
23:27:03,-83.59464,-9.839917,0,462,ON,RETRACTED,AUTO
23:27:04,-84.00253,-9.970662,0,459,ON,RETRACTED,AUTO
23:27:04,-84.01518,-8.384586,0,450,ON,RETRACTED,AUTO
23:27:04,-83.86371,-8.449988,0,440,ON,RETRACTED,AUTO
23:27:04,-83.88028,-7.469507,0,436,ON,RETRACTED,AUTO
23:27:04,-83.69698,-9.361521,0,437,ON,RETRACTED,AUTO
23:27:04,-83.96346,-10.90962,0,442,ON,RETRACTED,AUTO
23:27:04,-83.7453,-6.803564,0,450,ON,RETRACTED,AUTO
23:27:04,-83.8864,-6.606161,0,459,ON,RETRACTED,AUTO
23:27:04,-83.61972,-6.914868,0,462,ON,RETRACTED,AUTO
23:27:04,-84.03257,-9.355982,0,462,ON,RETRACTED,AUTO
23:27:05,-83.82941,-10.65027,0,456,ON,RETRACTED,AUTO
23:27:05,-83.80555,-8.25347,0,447,ON,RETRACTED,AUTO
23:27:05,-83.65457,-9.282399,0,438,ON,RETRACTED,AUTO
23:27:05,-83.76942,-9.828684,0,435,ON,RETRACTED,AUTO
23:27:05,-84.07025,-8.884678,0,438,ON,RETRACTED,AUTO
23:27:05,-83.47,-8.917221,0,446,ON,RETRACTED,AUTO
23:27:05,-83.72318,-9.908037,0,452,ON,RETRACTED,AUTO
23:27:05,-83.67612,-8.095525,0,460,ON,RETRACTED,AUTO
23:27:05,-83.75367,-10.19424,0,462,ON,RETRACTED,AUTO
23:27:06,-83.77369,-10.43748,0,460,ON,RETRACTED,AUTO
23:27:06,-83.7746,-8.200146,0,453,ON,RETRACTED,AUTO
23:27:06,-84.00326,-9.207581,0,446,ON,RETRACTED,AUTO
23:27:06,-84.10735,-10.69221,0,437,ON,RETRACTED,AUTO
23:27:06,-83.75208,-7.324652,0,436,ON,RETRACTED,AUTO
23:27:06,-83.83678,-9.174302,0,439,ON,RETRACTED,AUTO
23:27:06,-83.64943,-9.402369,0,447,ON,RETRACTED,AUTO
23:27:06,-83.66543,-8.199091,0,454,ON,RETRACTED,AUTO
23:27:06,-83.58531,-10.53093,0,461,ON,RETRACTED,AUTO
23:27:06,-84.10067,-10.02318,0,462,ON,RETRACTED,AUTO
23:27:07,-83.57526,-7.618546,0,460,ON,RETRACTED,AUTO
23:27:07,-84.21462,-9.659893,0,451,ON,RETRACTED,AUTO
23:27:07,-83.84805,-9.338395,0,441,ON,RETRACTED,AUTO
23:27:07,-84.00915,-8.912435,0,437,ON,RETRACTED,AUTO
23:27:07,-83.63334,-8.506818,0,436,ON,RETRACTED,AUTO
23:27:07,-83.82571,-8.803307,0,440,ON,RETRACTED,AUTO
23:27:07,-83.7365,-9.158422,0,448,ON,RETRACTED,AUTO
23:27:07,-83.50446,-6.800231,0,456,ON,RETRACTED,AUTO
23:27:07,-84.04853,-7.173421,0,461,ON,RETRACTED,AUTO
23:27:07,-83.79801,-9.482741,0,462,ON,RETRACTED,AUTO
23:27:08,-83.62486,-8.387033,0,458,ON,RETRACTED,AUTO
23:27:08,-83.59914,-10.81254,0,449,ON,RETRACTED,AUTO
23:27:08,-84.05489,-9.249089,0,440,ON,RETRACTED,AUTO
23:27:08,-83.8138,-8.992024,0,436,ON,RETRACTED,AUTO
23:27:08,-83.944,-9.190681,0,437,ON,RETRACTED,AUTO
23:27:08,-83.90334,-10.48685,0,442,ON,RETRACTED,AUTO
23:27:08,-83.83922,-8.289405,0,450,ON,RETRACTED,AUTO
23:27:08,-83.86962,-9.338395,0,458,ON,RETRACTED,AUTO
23:27:08,-84.15752,-8.111362,0,462,ON,RETRACTED,AUTO
23:27:08,-83.84382,-7.793385,0,462,ON,RETRACTED,AUTO
23:27:09,-83.81492,-9.154393,0,456,ON,RETRACTED,AUTO
23:27:09,-83.86259,-11.01383,0,448,ON,RETRACTED,AUTO
23:27:09,-83.40051,-8.444094,0,438,ON,RETRACTED,AUTO
23:27:09,-83.68095,-7.974454,0,436,ON,RETRACTED,AUTO
23:27:09,-83.50677,-7.169363,0,438,ON,RETRACTED,AUTO
23:27:09,-83.76451,-12.08612,0,446,ON,RETRACTED,AUTO
23:27:09,-83.83246,-9.174302,0,451,ON,RETRACTED,AUTO
23:27:09,-83.97819,-9.166441,0,460,ON,RETRACTED,AUTO
23:27:09,-83.50264,-7.759806,0,462,ON,RETRACTED,AUTO
23:27:09,-83.96161,-10.38468,0,461,ON,RETRACTED,AUTO
23:27:10,-83.79922,-7.372313,0,454,ON,RETRACTED,AUTO
23:27:10,-83.68253,-8.718263,0,446,ON,RETRACTED,AUTO
23:27:10,-83.90387,-9.773822,0,438,ON,RETRACTED,AUTO
23:27:10,-83.8302,-7.900284,0,436,ON,RETRACTED,AUTO
23:27:10,-83.48053,-7.242517,0,438,ON,RETRACTED,AUTO
23:27:10,-83.84553,-10.69651,0,446,ON,RETRACTED,AUTO
23:27:10,-84.02197,-7.892967,0,452,ON,RETRACTED,AUTO
23:27:10,-84.17454,-10.00798,0,460,ON,RETRACTED,AUTO
23:27:10,-83.94774,-7.315526,0,462,ON,RETRACTED,AUTO
23:27:10,-83.54663,-7.214262,0,460,ON,RETRACTED,AUTO
23:27:11,-84.11414,-8.836046,0,452,ON,RETRACTED,AUTO
23:27:11,-83.42731,-8.362472,0,442,ON,RETRACTED,AUTO
23:27:11,-83.87135,-11.68085,0,437,ON,RETRACTED,AUTO
23:27:11,-84.2518,-9.704912,0,436,ON,RETRACTED,AUTO
23:27:11,-83.54517,-8.755244,0,439,ON,RETRACTED,AUTO
23:27:11,-83.74188,-7.748599,0,447,ON,RETRACTED,AUTO
23:27:11,-83.71887,-10.46917,0,454,ON,RETRACTED,AUTO
23:27:11,-83.70204,-10.37074,0,460,ON,RETRACTED,AUTO
23:27:11,-83.54306,-9.128068,0,462,ON,RETRACTED,AUTO
23:27:11,-83.6123,-9.204592,0,459,ON,RETRACTED,AUTO
23:27:12,-83.75304,-8.811954,0,451,ON,RETRACTED,AUTO
23:27:12,-83.71388,-9.240481,0,441,ON,RETRACTED,AUTO
23:27:12,-83.93746,-8.040156,0,436,ON,RETRACTED,AUTO
23:27:12,-83.89819,-7.86195,0,436,ON,RETRACTED,AUTO
23:27:12,-83.77074,-8.445104,0,440,ON,RETRACTED,AUTO
23:27:12,-83.85521,-10.20397,0,448,ON,RETRACTED,AUTO
23:27:12,-84.004,-8.530766,0,456,ON,RETRACTED,AUTO
23:27:12,-84.0855,-9.33323,0,461,ON,RETRACTED,AUTO
23:27:12,-83.90217,-9.670518,0,462,ON,RETRACTED,AUTO
23:27:12,-83.87906,-9.399954,0,459,ON,RETRACTED,AUTO
23:27:13,-83.85232,-9.855036,0,450,ON,RETRACTED,AUTO
23:27:13,-83.67154,-7.683025,0,441,ON,RETRACTED,AUTO
23:27:13,-84.0595,-12.20391,0,436,ON,RETRACTED,AUTO
23:27:13,-83.43391,-14.83315,0,437,ON,RETRACTED,AUTO
23:27:13,-84.25755,-18.04636,0,441,ON,RETRACTED,AUTO
23:27:13,-80.6765,32.19833,0,450,ON,RETRACTED,AUTO
23:27:13,-83.35426,2.414656,0,457,ON,RETRACTED,AUTO
23:27:13,-83.36919,-5.467865,0,461,ON,RETRACTED,AUTO
23:27:13,-83.94074,-2.938944,0,461,ON,RETRACTED,AUTO
23:27:13,-83.5937,-2.295438,0,456,ON,RETRACTED,AUTO
23:27:14,-83.54903,-5.237476,0,448,ON,RETRACTED,AUTO
23:27:14,-83.34804,-1.045851,0,438,ON,RETRACTED,AUTO
23:27:14,-83.03062,-0.884807,0,434,ON,RETRACTED,AUTO
23:27:14,-83.02901,14.19726,0,436,ON,RETRACTED,AUTO
23:27:14,-83.03862,-3.424814,0,441,ON,RETRACTED,AUTO
23:27:14,-83.91573,-0.887253,0,449,ON,RETRACTED,AUTO
23:27:14,-83.4709,0.355135,0,457,ON,RETRACTED,AUTO
23:27:14,-83.38693,-2.44904,0,461,ON,RETRACTED,AUTO
23:27:14,-83.4915,-0.946952,0,460,ON,RETRACTED,AUTO
23:27:15,-83.53747,-3.583781,0,456,ON,RETRACTED,AUTO
23:27:15,-83.39882,-2.216043,0,447,ON,RETRACTED,AUTO
23:27:15,-83.293,-7.495857,0,438,ON,RETRACTED,AUTO
23:27:15,-83.53679,-5.627332,0,435,ON,RETRACTED,AUTO
23:27:15,-83.51731,-8.619222,0,438,ON,RETRACTED,AUTO
23:27:15,-83.77895,-7.09422,0,445,ON,RETRACTED,AUTO
23:27:15,-83.3871,-7.154035,0,451,ON,RETRACTED,AUTO
23:27:15,-83.57396,-6.153995,0,459,ON,RETRACTED,AUTO
23:27:15,-83.36374,-6.750539,0,462,ON,RETRACTED,AUTO
23:27:15,-83.34451,-9.309938,0,461,ON,RETRACTED,AUTO
23:27:16,-83.58859,-5.926848,0,456,ON,RETRACTED,AUTO
23:27:16,-83.62635,-8.746162,0,446,ON,RETRACTED,AUTO
23:27:16,-83.61783,-8.267174,0,438,ON,RETRACTED,AUTO
23:27:16,-83.30492,-9.821478,0,436,ON,RETRACTED,AUTO
23:27:16,-83.55169,-9.481964,0,439,ON,RETRACTED,AUTO
23:27:16,-83.45164,-7.007456,0,447,ON,RETRACTED,AUTO
23:27:16,-83.38885,-8.426969,0,453,ON,RETRACTED,AUTO
23:27:16,-83.56627,-9.009945,0,460,ON,RETRACTED,AUTO
23:27:16,-83.77705,-8.708474,0,463,ON,RETRACTED,AUTO
23:27:16,-83.50681,-9.306097,0,461,ON,RETRACTED,AUTO
23:27:17,-83.83396,-7.047169,0,453,ON,RETRACTED,AUTO
23:27:17,-83.27663,-7.480886,0,445,ON,RETRACTED,AUTO
23:27:17,-83.34499,-8.261288,0,438,ON,RETRACTED,AUTO
23:27:17,-83.38782,-7.586952,0,436,ON,RETRACTED,AUTO
23:27:17,-83.69258,-7.48947,0,440,ON,RETRACTED,AUTO
23:27:17,-83.4679,-9.132258,0,448,ON,RETRACTED,AUTO
23:27:17,-83.47673,-8.079859,0,456,ON,RETRACTED,AUTO
23:27:17,-83.62556,-11.61964,0,461,ON,RETRACTED,AUTO
23:27:17,-83.19668,-9.948661,0,464,ON,RETRACTED,AUTO
23:27:17,-83.77617,-8.217845,0,460,ON,RETRACTED,AUTO
23:27:18,-83.5533,-7.689635,0,451,ON,RETRACTED,AUTO
23:27:18,-83.14732,-6.985611,0,442,ON,RETRACTED,AUTO
23:27:18,-83.32008,-6.608464,0,437,ON,RETRACTED,AUTO
23:27:18,-83.39152,-8.080582,0,437,ON,RETRACTED,AUTO
23:27:18,-83.14108,-7.922684,0,440,ON,RETRACTED,AUTO
23:27:18,-83.02586,-5.9974,0,449,ON,RETRACTED,AUTO
23:27:18,-83.31077,-6.581944,0,457,ON,RETRACTED,AUTO
23:27:18,-83.39928,-6.198402,0,462,ON,RETRACTED,AUTO
23:27:18,-83.6572,-8.783115,0,463,ON,RETRACTED,AUTO
23:27:18,-83.00076,-6.877935,0,459,ON,RETRACTED,AUTO
23:27:19,-83.14812,-7.125016,0,450,ON,RETRACTED,AUTO
23:27:19,-83.20272,-7.647283,0,441,ON,RETRACTED,AUTO
23:27:19,-83.47783,-6.889838,0,437,ON,RETRACTED,AUTO
23:27:19,-82.83186,-8.328251,0,437,ON,RETRACTED,AUTO
23:27:19,-83.21822,-5.23559,0,442,ON,RETRACTED,AUTO
23:27:19,-83.01684,-6.960963,0,450,ON,RETRACTED,AUTO
23:27:19,-83.25024,-8.049061,0,459,ON,RETRACTED,AUTO
23:27:19,-83.18429,-8.996209,0,462,ON,RETRACTED,AUTO
23:27:19,-83.1843,-8.290146,0,462,ON,RETRACTED,AUTO
23:27:19,-83.38245,-9.404604,0,457,ON,RETRACTED,AUTO
23:27:20,-83.39107,-7.617809,0,449,ON,RETRACTED,AUTO
23:27:20,-83.00924,-8.737785,0,440,ON,RETRACTED,AUTO
23:27:20,-83.16807,-6.215636,0,436,ON,RETRACTED,AUTO
23:27:20,-83.13208,-6.736011,0,438,ON,RETRACTED,AUTO
23:27:20,-83.08379,-8.87375,0,444,ON,RETRACTED,AUTO
23:27:20,-82.99979,-9.06419,0,451,ON,RETRACTED,AUTO
23:27:20,-83.24304,-7.904021,0,460,ON,RETRACTED,AUTO
23:27:20,-83.07653,-6.599001,0,463,ON,RETRACTED,AUTO
23:27:20,-83.40548,-9.270248,0,462,ON,RETRACTED,AUTO
23:27:20,-82.97844,-9.046881,0,456,ON,RETRACTED,AUTO
23:27:21,-83.1795,-6.928269,0,446,ON,RETRACTED,AUTO
23:27:21,-83.45827,-7.711892,0,436,ON,RETRACTED,AUTO
23:27:21,-83.333,-7.311646,0,430,ON,RETRACTED,AUTO
23:27:21,-83.36092,-8.426969,0,436,ON,RETRACTED,AUTO
23:27:21,-83.0837,-11.2008,0,441,ON,RETRACTED,AUTO
23:27:21,-82.96874,-7.696052,0,449,ON,RETRACTED,AUTO
23:27:21,-83.39042,-7.486727,0,456,ON,RETRACTED,AUTO
23:27:21,-82.99773,-6.072456,0,459,ON,RETRACTED,AUTO
23:27:21,-83.11714,-3.498936,0,457,ON,RETRACTED,AUTO
23:27:21,-83.39262,-5.152081,0,450,ON,RETRACTED,AUTO
23:27:22,-83.0454,-7.359495,0,440,ON,RETRACTED,AUTO
23:27:22,-83.09785,-7.624193,0,433,ON,RETRACTED,AUTO
23:27:22,-83.07053,-9.846729,0,430,ON,RETRACTED,AUTO
23:27:22,-83.32744,-6.057695,0,436,ON,RETRACTED,AUTO
23:27:22,-83.25358,-5.733374,0,441,ON,RETRACTED,AUTO
23:27:22,-83.03454,-7.879767,0,449,ON,RETRACTED,AUTO
23:27:22,-83.18075,-5.890626,0,456,ON,RETRACTED,AUTO
23:27:22,-83.2337,-5.256414,0,459,ON,RETRACTED,AUTO
23:27:22,-83.09417,-7.719952,0,456,ON,RETRACTED,AUTO
23:27:22,-83.21502,-6.941964,0,449,ON,RETRACTED,AUTO
23:27:23,-83.16181,-4.511033,0,439,ON,RETRACTED,AUTO
23:27:23,-83.173,-9.054662,0,433,ON,RETRACTED,AUTO
23:27:23,-82.76893,11.56744,0,433,ON,RETRACTED,AUTO
23:27:23,-83.32277,-9.708144,0,437,ON,RETRACTED,AUTO
23:27:23,-83.2354,-9.406003,0,442,ON,RETRACTED,AUTO
23:27:23,-83.16456,-7.602118,0,451,ON,RETRACTED,AUTO
23:27:23,-82.99556,-6.851531,0,458,ON,RETRACTED,AUTO
23:27:23,-83.34927,-8.587935,0,460,ON,RETRACTED,AUTO
23:27:23,-83.15001,-7.19455,0,456,ON,RETRACTED,AUTO
23:27:23,-83.333,-7.311646,0,448,ON,RETRACTED,AUTO
23:27:24,-83.053,-6.560748,0,439,ON,RETRACTED,AUTO
23:27:24,-83.08489,-6.290671,0,433,ON,RETRACTED,AUTO
23:27:24,-83.08737,-7.431408,0,434,ON,RETRACTED,AUTO
23:27:24,-83.25446,-10.12065,0,439,ON,RETRACTED,AUTO
23:27:24,-81.99129,-5.759075,0,447,ON,RETRACTED,AUTO
23:27:24,-83.18295,-9.072434,0,454,ON,RETRACTED,AUTO
23:27:24,-83.01169,-7.879767,0,459,ON,RETRACTED,AUTO
23:27:24,-83.63626,-6.072456,0,460,ON,RETRACTED,AUTO
23:27:24,-82.91425,-7.652263,0,454,ON,RETRACTED,AUTO
23:27:24,-83.11349,-9.572896,0,447,ON,RETRACTED,AUTO
23:27:25,-83.45351,-9.346143,0,437,ON,RETRACTED,AUTO
23:27:25,-83.33642,-8.490654,0,433,ON,RETRACTED,AUTO
23:27:25,-82.97673,-8.595911,0,434,ON,RETRACTED,AUTO
23:27:25,-83.18893,-12.4557,0,440,ON,RETRACTED,AUTO
23:27:25,-83.20725,-10.82137,0,447,ON,RETRACTED,AUTO
23:27:25,-83.3683,-1.178759,0,454,ON,RETRACTED,AUTO
23:27:25,-83.00522,-14.67137,0,459,ON,RETRACTED,AUTO
23:27:25,-83.10897,-8.525239,0,460,ON,RETRACTED,AUTO
23:27:25,-83.39858,-9.289107,0,454,ON,RETRACTED,AUTO
23:27:26,-83.20648,-7.617115,0,446,ON,RETRACTED,AUTO
23:27:26,-83.08845,-7.639053,0,437,ON,RETRACTED,AUTO
23:27:26,-83.54983,-4.793462,0,433,ON,RETRACTED,AUTO
23:27:26,-82.63543,-2.341645,0,435,ON,RETRACTED,AUTO
23:27:26,-83.0218,-7.910218,0,440,ON,RETRACTED,AUTO
23:27:26,-82.52103,-9.631786,0,449,ON,RETRACTED,AUTO
23:27:26,-82.927,-9.085971,0,456,ON,RETRACTED,AUTO
23:27:26,-82.67626,-15.57419,0,460,ON,RETRACTED,AUTO
23:27:26,-83.18849,-9.443702,0,459,ON,RETRACTED,AUTO
23:27:26,-82.98903,-6.960963,0,452,ON,RETRACTED,AUTO
23:27:27,-83.00697,-7.645749,0,445,ON,RETRACTED,AUTO
23:27:27,-83.24352,-2.180549,0,436,ON,RETRACTED,AUTO
23:27:27,-82.9669,-7.958699,0,433,ON,RETRACTED,AUTO
23:27:27,-83.0076,-9.516648,0,436,ON,RETRACTED,AUTO
23:27:27,-83.33405,-9.900558,0,442,ON,RETRACTED,AUTO
23:27:27,-83.17309,-8.996209,0,450,ON,RETRACTED,AUTO
23:27:27,-83.07249,-8.177467,0,457,ON,RETRACTED,AUTO
23:27:27,-82.79984,-9.374148,0,460,ON,RETRACTED,AUTO
23:27:27,-83.16109,-8.96088,0,459,ON,RETRACTED,AUTO
23:27:27,-82.97715,-7.601902,0,451,ON,RETRACTED,AUTO
23:27:28,-83.01125,-8.098826,0,442,ON,RETRACTED,AUTO
23:27:28,-82.95177,-9.462321,0,436,ON,RETRACTED,AUTO
23:27:28,-83.17892,-9.443702,0,433,ON,RETRACTED,AUTO
23:27:28,-83.07594,-9.059482,0,437,ON,RETRACTED,AUTO
23:27:28,-82.93718,-8.563215,0,444,ON,RETRACTED,AUTO
23:27:28,-83.12315,-8.336487,0,451,ON,RETRACTED,AUTO
23:27:28,-82.99506,-9.407979,0,459,ON,RETRACTED,AUTO
23:27:28,-82.65244,-6.863692,0,460,ON,RETRACTED,AUTO
23:27:28,-83.0126,-11.20187,0,457,ON,RETRACTED,AUTO
23:27:28,-83.10241,-7.971827,0,450,ON,RETRACTED,AUTO
23:27:29,-82.56325,-10.39733,0,441,ON,RETRACTED,AUTO
23:27:29,-83.35094,-8.93059,0,434,ON,RETRACTED,AUTO
23:27:29,-83.06524,-6.709836,0,433,ON,RETRACTED,AUTO
23:27:29,-82.74162,-6.29317,0,438,ON,RETRACTED,AUTO
23:27:29,-82.92095,-6.677932,0,446,ON,RETRACTED,AUTO
23:27:29,-82.95062,-7.696052,0,452,ON,RETRACTED,AUTO
23:27:29,-82.76065,-7.058855,0,459,ON,RETRACTED,AUTO
23:27:29,-82.96783,-2.1047,0,460,ON,RETRACTED,AUTO
23:27:29,-83.04699,-10.31471,0,457,ON,RETRACTED,AUTO
23:27:29,-83.10083,-11.68184,0,449,ON,RETRACTED,AUTO
23:27:30,-83.12165,-8.780261,0,439,ON,RETRACTED,AUTO
23:27:30,-82.89964,-8.870556,0,434,ON,RETRACTED,AUTO
23:27:30,-82.91004,-8.191677,0,434,ON,RETRACTED,AUTO
23:27:30,-82.90592,-9.963804,0,440,ON,RETRACTED,AUTO
23:27:30,-82.96273,-9.570326,0,447,ON,RETRACTED,AUTO
23:27:30,-83.11259,-10.67456,0,454,ON,RETRACTED,AUTO
23:27:30,-82.95798,-15.84168,0,460,ON,RETRACTED,AUTO
23:27:30,-83.57542,-1.337875,0,460,ON,RETRACTED,AUTO
23:27:30,-83.16765,-8.018663,0,456,ON,RETRACTED,AUTO
23:27:30,-83.05872,-9.279327,0,447,ON,RETRACTED,AUTO
23:27:31,-83.26231,-9.462321,0,438,ON,RETRACTED,AUTO
23:27:31,-83.07178,-8.822274,0,433,ON,RETRACTED,AUTO
23:27:31,-83.09937,-8.398354,0,436,ON,RETRACTED,AUTO
23:27:31,-82.44241,1.562225,0,440,ON,RETRACTED,AUTO
23:27:31,-82.55218,-8.027237,0,448,ON,RETRACTED,AUTO
23:27:31,-82.4893,-5.352627,0,456,ON,RETRACTED,AUTO
23:27:31,-82.97931,-8.269962,0,460,ON,RETRACTED,AUTO
23:27:31,-83.00359,-8.972628,0,460,ON,RETRACTED,AUTO
23:27:31,-83.10275,-8.984256,0,452,ON,RETRACTED,AUTO
23:27:31,-83.04527,-8.349746,0,445,ON,RETRACTED,AUTO
23:27:32,-83.39191,-8.675131,0,437,ON,RETRACTED,AUTO
23:27:32,-82.89202,-4.482471,0,433,ON,RETRACTED,AUTO
23:27:32,-82.53788,-9.989986,0,436,ON,RETRACTED,AUTO
23:27:32,-82.9442,-7.450249,0,441,ON,RETRACTED,AUTO
23:27:32,-83.03114,-6.315769,0,450,ON,RETRACTED,AUTO
23:27:32,-82.98531,-7.725522,0,457,ON,RETRACTED,AUTO
23:27:32,-83.10105,-8.839367,0,461,ON,RETRACTED,AUTO
23:27:32,-82.91496,-8.207216,0,459,ON,RETRACTED,AUTO
23:27:32,-83.05032,-11.91713,0,450,ON,RETRACTED,AUTO
23:27:32,-83.01641,-0.223374,0,441,ON,RETRACTED,AUTO
23:27:33,-83.0528,-11.41792,0,434,ON,RETRACTED,AUTO
23:27:33,-82.5619,-13.18748,0,433,ON,RETRACTED,AUTO
23:27:33,-83.09854,-4.838306,0,438,ON,RETRACTED,AUTO
23:27:33,-83.05618,-6.143216,0,446,ON,RETRACTED,AUTO
23:27:33,-82.78844,-7.630047,0,452,ON,RETRACTED,AUTO
23:27:33,-82.38599,-7.378536,0,459,ON,RETRACTED,AUTO
23:27:33,-82.58311,-10.7159,0,461,ON,RETRACTED,AUTO
23:27:33,-82.94263,-6.907937,0,457,ON,RETRACTED,AUTO
23:27:33,-83.42168,-5.27928,0,449,ON,RETRACTED,AUTO
23:27:33,-83.08907,-6.475526,0,440,ON,RETRACTED,AUTO
23:27:34,-82.88438,-8.498558,0,434,ON,RETRACTED,AUTO
23:27:34,-83.3315,-5.35221,0,434,ON,RETRACTED,AUTO
23:27:34,-82.90881,-7.976081,0,439,ON,RETRACTED,AUTO
23:27:34,-82.71326,-9.148853,0,447,ON,RETRACTED,AUTO
23:27:34,-82.53026,-8.144819,0,454,ON,RETRACTED,AUTO
23:27:34,-82.98766,-4.085617,0,460,ON,RETRACTED,AUTO
23:27:34,-82.78031,-6.978888,0,460,ON,RETRACTED,AUTO
23:27:34,-83.18726,-10.24409,0,456,ON,RETRACTED,AUTO
23:27:34,-83.24072,-8.824269,0,447,ON,RETRACTED,AUTO
23:27:34,-82.99816,-8.628856,0,437,ON,RETRACTED,AUTO
23:27:35,-83.42471,-6.366176,0,433,ON,RETRACTED,AUTO
23:27:35,-83.27374,-8.536449,0,436,ON,RETRACTED,AUTO
23:27:35,-82.64115,-8.189292,0,441,ON,RETRACTED,AUTO
23:27:35,-82.99706,-6.838404,0,449,ON,RETRACTED,AUTO
23:27:35,-83.27143,-6.213375,0,457,ON,RETRACTED,AUTO
23:27:35,-83.17838,-8.884161,0,461,ON,RETRACTED,AUTO
23:27:35,-83.15052,-6.985611,0,460,ON,RETRACTED,AUTO
23:27:35,-83.23343,-9.817147,0,454,ON,RETRACTED,AUTO
23:27:35,-83.39715,-7.948839,0,447,ON,RETRACTED,AUTO
23:27:36,-83.05006,-8.914927,0,438,ON,RETRACTED,AUTO
23:27:36,-83.43063,-7.446653,0,436,ON,RETRACTED,AUTO
23:27:36,-83.52573,-10.04935,0,439,ON,RETRACTED,AUTO
23:27:36,-83.08694,-7.180535,0,447,ON,RETRACTED,AUTO
23:27:36,-83.06061,-7.277362,0,454,ON,RETRACTED,AUTO
23:27:36,-83.49121,-8.314225,0,460,ON,RETRACTED,AUTO
23:27:36,-83.05612,-7.550744,0,462,ON,RETRACTED,AUTO
23:27:36,-83.46786,-9.850631,0,461,ON,RETRACTED,AUTO
23:27:36,-83.17437,-5.890626,0,453,ON,RETRACTED,AUTO
23:27:36,-83.11923,-8.558504,0,442,ON,RETRACTED,AUTO
23:27:37,-83.32854,-7.081926,0,437,ON,RETRACTED,AUTO
23:27:37,-83.04156,-6.768038,0,436,ON,RETRACTED,AUTO
23:27:37,-82.94658,-6.134918,0,440,ON,RETRACTED,AUTO
23:27:37,-83.20942,-5.925649,0,448,ON,RETRACTED,AUTO
23:27:37,-82.88976,-7.071179,0,456,ON,RETRACTED,AUTO
23:27:37,-83.381,-7.456452,0,461,ON,RETRACTED,AUTO
23:27:37,-83.15344,-10.07321,0,463,ON,RETRACTED,AUTO
23:27:37,-83.25024,-6.200971,0,459,ON,RETRACTED,AUTO
23:27:37,-83.1232,-7.557481,0,450,ON,RETRACTED,AUTO
23:27:37,-83.18071,-7.489952,0,440,ON,RETRACTED,AUTO
23:27:38,-82.90938,-7.623345,0,436,ON,RETRACTED,AUTO
23:27:38,-83.18446,-8.547609,0,437,ON,RETRACTED,AUTO
23:27:38,-82.97424,-7.070344,0,441,ON,RETRACTED,AUTO
23:27:38,-83.33798,-8.490654,0,450,ON,RETRACTED,AUTO
23:27:38,-83.07717,-6.241914,0,458,ON,RETRACTED,AUTO
23:27:38,-83.51256,-10.40055,0,462,ON,RETRACTED,AUTO
23:27:38,-82.84592,-8.008067,0,462,ON,RETRACTED,AUTO
23:27:38,-83.1738,-6.091513,0,457,ON,RETRACTED,AUTO
23:27:38,-83.07288,-7.704997,0,448,ON,RETRACTED,AUTO
23:27:38,-83.53923,-7.317931,0,439,ON,RETRACTED,AUTO
23:27:39,-83.18517,-6.026829,0,436,ON,RETRACTED,AUTO
23:27:39,-83.07308,-7.249182,0,438,ON,RETRACTED,AUTO
23:27:39,-83.31773,-9.044666,0,446,ON,RETRACTED,AUTO
23:27:39,-83.21595,-8.919338,0,452,ON,RETRACTED,AUTO
23:27:39,-82.91098,-7.637777,0,460,ON,RETRACTED,AUTO
23:27:39,-82.8225,-6.02024,0,462,ON,RETRACTED,AUTO
23:27:39,-83.0865,-7.388093,0,461,ON,RETRACTED,AUTO
23:27:39,-82.96216,-7.696052,0,456,ON,RETRACTED,AUTO
23:27:39,-83.06962,-6.79423,0,446,ON,RETRACTED,AUTO
23:27:39,-83.12216,-9.130176,0,438,ON,RETRACTED,AUTO
23:27:40,-83.23344,-7.195664,0,436,ON,RETRACTED,AUTO
23:27:40,-82.9621,-6.48555,0,439,ON,RETRACTED,AUTO
23:27:40,-83.08799,-5.710593,0,447,ON,RETRACTED,AUTO
23:27:40,-83.57471,-7.244507,0,454,ON,RETRACTED,AUTO
23:27:40,-83.24113,-7.775434,0,461,ON,RETRACTED,AUTO
23:27:40,-83.34805,-5.722193,0,463,ON,RETRACTED,AUTO
23:27:40,-83.25074,-8.841814,0,460,ON,RETRACTED,AUTO
23:27:40,-83.30592,-6.493525,0,452,ON,RETRACTED,AUTO
23:27:40,-83.23515,-6.969514,0,442,ON,RETRACTED,AUTO
23:27:40,-83.1636,-8.480628,0,437,ON,RETRACTED,AUTO
23:27:41,-83.36889,-7.371044,0,437,ON,RETRACTED,AUTO
23:27:41,-83.21598,-9.256559,0,441,ON,RETRACTED,AUTO
23:27:41,-83.36944,-9.443243,0,448,ON,RETRACTED,AUTO
23:27:41,-83.35077,-7.471559,0,457,ON,RETRACTED,AUTO
23:27:41,-82.72234,-7.454298,0,462,ON,RETRACTED,AUTO
23:27:41,-83.2812,-5.52754,0,462,ON,RETRACTED,AUTO
23:27:41,-83.31792,-7.8849,0,459,ON,RETRACTED,AUTO
23:27:41,-83.02386,-7.221219,0,450,ON,RETRACTED,AUTO
23:27:41,-83.30196,-7.999365,0,440,ON,RETRACTED,AUTO
23:27:41,-82.97202,-5.721524,0,436,ON,RETRACTED,AUTO
23:27:42,-83.07215,-6.548094,0,437,ON,RETRACTED,AUTO
23:27:42,-83.00278,-8.754555,0,442,ON,RETRACTED,AUTO
23:27:42,-83.46803,-8.782114,0,450,ON,RETRACTED,AUTO
23:27:42,-83.44205,-8.379575,0,459,ON,RETRACTED,AUTO
23:27:42,-83.03163,-6.548094,0,462,ON,RETRACTED,AUTO
23:27:42,-83.07975,-7.373765,0,462,ON,RETRACTED,AUTO
23:27:42,-83.18011,-8.066049,0,457,ON,RETRACTED,AUTO
23:27:42,-83.4783,-7.329748,0,448,ON,RETRACTED,AUTO
23:27:42,-83.254,-8.065141,0,439,ON,RETRACTED,AUTO
23:27:42,-83.45216,-7.446653,0,436,ON,RETRACTED,AUTO
23:27:43,-83.1276,-6.637701,0,438,ON,RETRACTED,AUTO
23:27:43,-83.22628,-5.913929,0,446,ON,RETRACTED,AUTO
23:27:43,-83.32188,-8.392924,0,451,ON,RETRACTED,AUTO
23:27:43,-83.57128,-7.483298,0,460,ON,RETRACTED,AUTO
23:27:43,-83.27349,-8.485571,0,462,ON,RETRACTED,AUTO
23:27:43,-83.27104,-6.54256,0,461,ON,RETRACTED,AUTO
23:27:43,-82.6321,-5.679249,0,454,ON,RETRACTED,AUTO
23:27:43,-83.61353,-9.223923,0,446,ON,RETRACTED,AUTO
23:27:43,-83.13761,-8.336487,0,437,ON,RETRACTED,AUTO
23:27:43,-83.07146,-7.249182,0,434,ON,RETRACTED,AUTO
23:27:44,-83.32935,-7.067678,0,438,ON,RETRACTED,AUTO
23:27:44,-83.25831,-7.224315,0,446,ON,RETRACTED,AUTO
23:27:44,-83.32504,-7.426419,0,452,ON,RETRACTED,AUTO
23:27:44,-83.0447,-6.241914,0,460,ON,RETRACTED,AUTO
23:27:44,-83.17622,-7.617115,0,462,ON,RETRACTED,AUTO
23:27:44,-83.08294,-7.845679,0,460,ON,RETRACTED,AUTO
23:27:44,-83.26038,-7.904021,0,451,ON,RETRACTED,AUTO
23:27:44,-83.41911,-8.229517,0,441,ON,RETRACTED,AUTO
23:27:44,-83.26207,-7.70834,0,436,ON,RETRACTED,AUTO
23:27:44,-83.25904,-5.391464,0,436,ON,RETRACTED,AUTO
23:27:45,-83.04813,-6.560748,0,440,ON,RETRACTED,AUTO
23:27:45,-83.36356,-7.68672,0,447,ON,RETRACTED,AUTO
23:27:45,-82.99055,-6.947631,0,454,ON,RETRACTED,AUTO
23:27:45,-83.25912,-6.897427,0,460,ON,RETRACTED,AUTO
23:27:45,-83.13718,-6.203448,0,461,ON,RETRACTED,AUTO
23:27:45,-83.36488,-7.326406,0,459,ON,RETRACTED,AUTO
23:27:45,-82.7697,-9.111357,0,450,ON,RETRACTED,AUTO
23:27:45,-83.10791,-6.62475,0,440,ON,RETRACTED,AUTO
23:27:45,-83.43592,-8.379575,0,436,ON,RETRACTED,AUTO
23:27:46,-83.26135,-6.797126,0,436,ON,RETRACTED,AUTO
23:27:46,-83.20253,-7.406911,0,440,ON,RETRACTED,AUTO
23:27:46,-82.63958,-5.856014,0,448,ON,RETRACTED,AUTO
23:27:46,-83.02224,-8.475821,0,457,ON,RETRACTED,AUTO
23:27:46,-83.32586,-7.411493,0,461,ON,RETRACTED,AUTO
23:27:46,-83.09816,-4.029835,0,462,ON,RETRACTED,AUTO
23:27:46,-83.15788,-7.47523,0,457,ON,RETRACTED,AUTO
23:27:46,-83.28868,-6.352921,0,448,ON,RETRACTED,AUTO
23:27:46,-83.24477,-7.125016,0,439,ON,RETRACTED,AUTO
23:27:46,-83.44968,-7.052306,0,435,ON,RETRACTED,AUTO
23:27:47,-83.01334,-6.425653,0,437,ON,RETRACTED,AUTO
23:27:47,-83.25407,-7.352379,0,442,ON,RETRACTED,AUTO
23:27:47,-83.28901,-8.195173,0,450,ON,RETRACTED,AUTO
23:27:47,-83.12381,-6.402079,0,457,ON,RETRACTED,AUTO
23:27:47,-83.09088,-5.699492,0,461,ON,RETRACTED,AUTO
23:27:47,-83.1037,-7.320042,0,461,ON,RETRACTED,AUTO
23:27:47,-83.24395,-8.372538,0,456,ON,RETRACTED,AUTO
23:27:47,-83.11094,-6.402079,0,447,ON,RETRACTED,AUTO
23:27:47,-83.61167,-8.644722,0,438,ON,RETRACTED,AUTO
23:27:47,-83.24744,-8.632827,0,435,ON,RETRACTED,AUTO
23:27:48,-83.50086,-5.934588,0,438,ON,RETRACTED,AUTO
23:27:48,-83.17011,-6.887508,0,446,ON,RETRACTED,AUTO
23:27:48,-83.02197,-7.550744,0,451,ON,RETRACTED,AUTO
23:27:48,-83.5035,-8.466145,0,459,ON,RETRACTED,AUTO
23:27:48,-83.35605,-6.777948,0,462,ON,RETRACTED,AUTO
23:27:48,-83.19539,-8.097949,0,461,ON,RETRACTED,AUTO
23:27:48,-83.18225,-8.27386,0,454,ON,RETRACTED,AUTO
23:27:48,-82.83233,-8.206192,0,446,ON,RETRACTED,AUTO
23:27:48,-83.3558,-7.68672,0,437,ON,RETRACTED,AUTO
23:27:48,-83.23312,-4.925145,0,434,ON,RETRACTED,AUTO
23:27:49,-83.06597,-4.458486,0,439,ON,RETRACTED,AUTO
23:27:49,-82.85172,-4.969741,0,446,ON,RETRACTED,AUTO
23:27:49,-83.14644,-7.236922,0,452,ON,RETRACTED,AUTO
23:27:49,-83.17068,-5.879044,0,460,ON,RETRACTED,AUTO
23:27:49,-83.13023,-6.402079,0,462,ON,RETRACTED,AUTO
23:27:49,-82.91124,-7.206057,0,460,ON,RETRACTED,AUTO
23:27:49,-83.06079,-6.131309,0,452,ON,RETRACTED,AUTO
23:27:49,-83.2611,-8.615648,0,442,ON,RETRACTED,AUTO
23:27:49,-83.84547,-6.519802,0,437,ON,RETRACTED,AUTO
23:27:49,-83.51797,-7.861426,0,436,ON,RETRACTED,AUTO
23:27:50,-83.47763,-8.56593,0,440,ON,RETRACTED,AUTO
23:27:50,-83.38963,-8.196112,0,448,ON,RETRACTED,AUTO
23:27:50,-83.3372,-8.887852,0,454,ON,RETRACTED,AUTO
23:27:50,-83.34085,-9.117863,0,461,ON,RETRACTED,AUTO
23:27:50,-83.5958,-8.418189,0,462,ON,RETRACTED,AUTO
23:27:50,-83.71248,-8.634056,0,459,ON,RETRACTED,AUTO
23:27:50,-83.37605,-7.717909,0,450,ON,RETRACTED,AUTO
23:27:50,-83.26674,-6.696377,0,441,ON,RETRACTED,AUTO
23:27:50,-83.34737,-9.214124,0,436,ON,RETRACTED,AUTO
23:27:50,-83.8156,-8.623109,0,436,ON,RETRACTED,AUTO
23:27:51,-83.17892,-9.443702,0,440,ON,RETRACTED,AUTO
23:27:51,-83.62305,-9.362816,0,448,ON,RETRACTED,AUTO
23:27:51,-83.59126,-7.244507,0,456,ON,RETRACTED,AUTO
23:27:51,-83.53593,-9.109134,0,461,ON,RETRACTED,AUTO
23:27:51,-83.52402,-8.130103,0,462,ON,RETRACTED,AUTO
23:27:51,-83.57401,-8.910281,0,458,ON,RETRACTED,AUTO
23:27:51,-83.68056,-8.095525,0,449,ON,RETRACTED,AUTO
23:27:51,-83.38363,-9.136346,0,440,ON,RETRACTED,AUTO
23:27:51,-83.13858,-8.130102,0,436,ON,RETRACTED,AUTO
23:27:51,-83.50158,-8.737098,0,437,ON,RETRACTED,AUTO
23:27:52,-83.22369,-8.210461,0,441,ON,RETRACTED,AUTO
23:27:52,-83.26521,-10.02791,0,450,ON,RETRACTED,AUTO
23:27:52,-83.51473,-8.601385,0,457,ON,RETRACTED,AUTO
23:27:52,-83.17791,-6.815768,0,462,ON,RETRACTED,AUTO
23:27:52,-83.56289,-8.04547,0,462,ON,RETRACTED,AUTO
23:27:52,-83.37721,-8.409912,0,457,ON,RETRACTED,AUTO
23:27:52,-83.3253,-8.737339,0,448,ON,RETRACTED,AUTO
23:27:52,-83.62081,-9.958981,0,439,ON,RETRACTED,AUTO
23:27:52,-83.46848,-9.015618,0,435,ON,RETRACTED,AUTO
23:27:52,-83.69922,-9.220823,0,437,ON,RETRACTED,AUTO
23:27:53,-83.46873,-9.63754,0,442,ON,RETRACTED,AUTO
23:27:53,-83.18137,-8.24148,0,450,ON,RETRACTED,AUTO
23:27:53,-83.33026,-9.880671,0,459,ON,RETRACTED,AUTO
23:27:53,-83.3601,-8.162974,0,462,ON,RETRACTED,AUTO
23:27:53,-83.47567,-8.782114,0,462,ON,RETRACTED,AUTO
23:27:53,-83.55982,-8.418189,0,457,ON,RETRACTED,AUTO
23:27:53,-83.2538,-8.711437,0,447,ON,RETRACTED,AUTO
23:27:53,-83.32599,-8.097492,0,439,ON,RETRACTED,AUTO
23:27:53,-83.17907,-8.27386,0,436,ON,RETRACTED,AUTO
23:27:53,-83.52377,-8.701026,0,438,ON,RETRACTED,AUTO
23:27:54,-83.61911,-9.502194,0,446,ON,RETRACTED,AUTO
23:27:54,-83.23882,-8.485571,0,451,ON,RETRACTED,AUTO
23:27:54,-83.47009,-9.403877,0,460,ON,RETRACTED,AUTO
23:27:54,-83.46063,-7.242517,0,462,ON,RETRACTED,AUTO
23:27:54,-83.31508,-8.342367,0,461,ON,RETRACTED,AUTO
23:27:54,-83.51013,-8.954082,0,454,ON,RETRACTED,AUTO
23:27:54,-83.0762,-9.407335,0,446,ON,RETRACTED,AUTO
23:27:54,-83.78188,-8.992024,0,438,ON,RETRACTED,AUTO
23:27:54,-83.53331,-9.579892,0,436,ON,RETRACTED,AUTO
23:27:54,-83.51418,-8.818357,0,439,ON,RETRACTED,AUTO
23:27:55,-83.49697,-8.683101,0,446,ON,RETRACTED,AUTO
23:27:55,-83.62754,-9.362816,0,452,ON,RETRACTED,AUTO
23:27:55,-83.41331,-8.113529,0,460,ON,RETRACTED,AUTO
23:27:55,-83.18573,-7.265447,0,462,ON,RETRACTED,AUTO
23:27:55,-83.46579,-9.151041,0,460,ON,RETRACTED,AUTO
23:27:55,-84.00018,-9.146007,0,453,ON,RETRACTED,AUTO
23:27:55,-83.23954,-9.518623,0,444,ON,RETRACTED,AUTO
23:27:55,-83.67838,-7.215795,0,437,ON,RETRACTED,AUTO
23:27:55,-83.24498,-7.323173,0,436,ON,RETRACTED,AUTO
23:27:56,-83.58758,-8.554508,0,439,ON,RETRACTED,AUTO
23:27:56,-83.2018,-6.928269,0,447,ON,RETRACTED,AUTO
23:27:56,-83.26733,-7.564436,0,454,ON,RETRACTED,AUTO
23:27:56,-83.2495,-8.598538,0,460,ON,RETRACTED,AUTO
23:27:56,-82.75945,-6.092772,0,462,ON,RETRACTED,AUTO
23:27:56,-83.08807,-8.398354,0,460,ON,RETRACTED,AUTO
23:27:56,-83.35431,-7.125016,0,451,ON,RETRACTED,AUTO
23:27:56,-83.26382,-7.01125,0,442,ON,RETRACTED,AUTO
23:27:56,-83.42892,-7.299788,0,437,ON,RETRACTED,AUTO
23:27:56,-83.06017,-7.138816,0,436,ON,RETRACTED,AUTO
23:27:57,-83.17921,-8.339386,0,440,ON,RETRACTED,AUTO
23:27:57,-83.21804,-8.355928,0,448,ON,RETRACTED,AUTO
23:27:57,-83.24078,-9.085753,0,456,ON,RETRACTED,AUTO
23:27:57,-83.20258,-8.194263,0,461,ON,RETRACTED,AUTO
23:27:57,-83.29996,-7.510889,0,462,ON,RETRACTED,AUTO
23:27:57,-83.03327,-6.864707,0,459,ON,RETRACTED,AUTO
23:27:57,-83.32059,-7.754771,0,450,ON,RETRACTED,AUTO
23:27:57,-83.38283,-10.09593,0,441,ON,RETRACTED,AUTO
23:27:57,-83.19862,-7.857191,0,436,ON,RETRACTED,AUTO
23:27:57,-83.10271,-7.987379,0,437,ON,RETRACTED,AUTO
23:27:58,-83.02489,-8.552652,0,441,ON,RETRACTED,AUTO
23:27:58,-82.63555,-5.679249,0,449,ON,RETRACTED,AUTO
23:27:58,-83.18082,-7.729439,0,457,ON,RETRACTED,AUTO
23:27:58,-83.17575,-5.531159,0,461,ON,RETRACTED,AUTO
23:27:58,-83.09342,-7.765166,0,462,ON,RETRACTED,AUTO
23:27:58,-83.02329,-8.989865,0,458,ON,RETRACTED,AUTO
23:27:58,-83.20699,-7.63217,0,449,ON,RETRACTED,AUTO
23:27:58,-83.34656,-6.981057,0,440,ON,RETRACTED,AUTO
23:27:58,-82.91736,-7.789797,0,436,ON,RETRACTED,AUTO
23:27:58,-82.91893,-7.868198,0,437,ON,RETRACTED,AUTO
23:27:59,-83.31812,-10.068,0,442,ON,RETRACTED,AUTO
23:27:59,-83.08637,-7.734965,0,450,ON,RETRACTED,AUTO
23:27:59,-83.43232,-8.246322,0,457,ON,RETRACTED,AUTO
23:27:59,-83.39668,-9.730865,0,462,ON,RETRACTED,AUTO
23:27:59,-83.00228,-7.426642,0,461,ON,RETRACTED,AUTO
23:27:59,-82.98647,-5.612204,0,457,ON,RETRACTED,AUTO
23:27:59,-83.35368,-5.826342,0,447,ON,RETRACTED,AUTO
23:27:59,-83.20683,-7.985376,0,439,ON,RETRACTED,AUTO
23:27:59,-82.92943,-7.26111,0,436,ON,RETRACTED,AUTO
23:27:59,-83.44009,-6.366176,0,438,ON,RETRACTED,AUTO
23:28:00,-83.18332,-6.788974,0,444,ON,RETRACTED,AUTO
23:28:00,-83.29353,-6.581944,0,451,ON,RETRACTED,AUTO
23:28:00,-83.20758,-7.88835,0,459,ON,RETRACTED,AUTO
23:28:00,-83.13085,-8.447528,0,462,ON,RETRACTED,AUTO
23:28:00,-83.25231,-8.763627,0,461,ON,RETRACTED,AUTO
23:28:00,-82.94754,-6.894805,0,454,ON,RETRACTED,AUTO
23:28:00,-83.19173,-8.081967,0,446,ON,RETRACTED,AUTO
23:28:00,-83.32136,-6.123693,0,437,ON,RETRACTED,AUTO
23:28:00,-83.39319,-8.57707,0,435,ON,RETRACTED,AUTO
23:28:00,-83.20817,-7.857191,0,439,ON,RETRACTED,AUTO
23:28:01,-82.99239,-7.302953,0,446,ON,RETRACTED,AUTO
23:28:01,-83.17543,-9.778562,0,452,ON,RETRACTED,AUTO
23:28:01,-83.52106,-6.090109,0,460,ON,RETRACTED,AUTO
23:28:01,-83.15733,-6.999307,0,462,ON,RETRACTED,AUTO
23:28:01,-83.29977,-7.625092,0,460,ON,RETRACTED,AUTO
23:28:01,-83.11779,-7.416914,0,452,ON,RETRACTED,AUTO
23:28:01,-83.31381,-8.473577,0,442,ON,RETRACTED,AUTO
23:28:01,-83.24564,-8.130102,0,436,ON,RETRACTED,AUTO
23:28:01,-83.17963,-7.572303,0,436,ON,RETRACTED,AUTO
23:28:01,-83.19199,-8.530766,0,440,ON,RETRACTED,AUTO
23:28:02,-83.36559,-8.426969,0,447,ON,RETRACTED,AUTO
23:28:02,-83.16299,-6.690009,0,454,ON,RETRACTED,AUTO
23:28:02,-83.31233,-6.581944,0,461,ON,RETRACTED,AUTO
23:28:02,-83.17675,-7.054629,0,462,ON,RETRACTED,AUTO
23:28:02,-83.40836,-6.819481,0,459,ON,RETRACTED,AUTO
23:28:02,-83.03206,-8.475821,0,450,ON,RETRACTED,AUTO
23:28:02,-83.27428,-5.298564,0,441,ON,RETRACTED,AUTO
23:28:02,-83.26766,-8.877114,0,436,ON,RETRACTED,AUTO
23:28:02,-83.12556,-7.291533,0,436,ON,RETRACTED,AUTO
23:28:02,-83.34536,-8.392924,0,440,ON,RETRACTED,AUTO
23:28:03,-83.16048,-8.050192,0,449,ON,RETRACTED,AUTO
23:28:03,-83.68468,-9.181758,0,457,ON,RETRACTED,AUTO
23:28:03,-83.0057,-7.440957,0,461,ON,RETRACTED,AUTO
23:28:03,-83.63593,-6.823462,0,461,ON,RETRACTED,AUTO
23:28:03,-83.15134,-7.826277,0,457,ON,RETRACTED,AUTO
23:28:03,-83.18221,-7.841703,0,448,ON,RETRACTED,AUTO
23:28:03,-83.09058,-8.193377,0,439,ON,RETRACTED,AUTO
23:28:03,-83.13515,-7.876302,0,435,ON,RETRACTED,AUTO
23:28:03,-83.38106,-8.179509,0,437,ON,RETRACTED,AUTO
23:28:03,-83.28957,-7.139262,0,442,ON,RETRACTED,AUTO
23:28:04,-82.98449,-8.161192,0,450,ON,RETRACTED,AUTO
23:28:04,-83.21239,-6.729782,0,459,ON,RETRACTED,AUTO
23:28:04,-83.08989,-7.750036,0,462,ON,RETRACTED,AUTO
23:28:04,-83.03996,-7.675259,0,461,ON,RETRACTED,AUTO
23:28:04,-82.93229,-6.460865,0,454,ON,RETRACTED,AUTO
23:28:04,-83.22596,-6.302306,0,446,ON,RETRACTED,AUTO
23:28:04,-83.16554,-7.938264,0,437,ON,RETRACTED,AUTO
23:28:04,-83.20349,-8.418663,0,435,ON,RETRACTED,AUTO
23:28:04,-82.99559,-7.179675,0,439,ON,RETRACTED,AUTO
23:28:04,-82.79491,-7.644299,0,446,ON,RETRACTED,AUTO
23:28:05,-82.69957,-6.047809,0,452,ON,RETRACTED,AUTO
23:28:05,-83.28535,-9.443474,0,460,ON,RETRACTED,AUTO
23:28:05,-83.18565,-8.659861,0,462,ON,RETRACTED,AUTO
23:28:05,-83.1209,-7.765166,0,460,ON,RETRACTED,AUTO
23:28:05,-83.01981,-8.955454,0,451,ON,RETRACTED,AUTO
23:28:05,-82.92369,-9.085971,0,442,ON,RETRACTED,AUTO
23:28:05,-82.97865,-6.594515,0,437,ON,RETRACTED,AUTO
23:28:05,-82.9838,-5.743509,0,436,ON,RETRACTED,AUTO
23:28:05,-83.16932,-9.443702,0,440,ON,RETRACTED,AUTO
23:28:06,-83.40431,-7.633331,0,448,ON,RETRACTED,AUTO
23:28:06,-83.20973,-8.097949,0,456,ON,RETRACTED,AUTO
23:28:06,-83.47507,-9.774345,0,461,ON,RETRACTED,AUTO
23:28:06,-83.0567,-8.492231,0,462,ON,RETRACTED,AUTO
23:28:06,-83.7251,-8.008529,0,459,ON,RETRACTED,AUTO
23:28:06,-83.19566,-7.392292,0,449,ON,RETRACTED,AUTO
23:28:06,-83.357,-7.471559,0,440,ON,RETRACTED,AUTO
23:28:06,-83.24227,-7.451121,0,436,ON,RETRACTED,AUTO
23:28:06,-83.19886,-7.985376,0,437,ON,RETRACTED,AUTO
23:28:06,-83.03998,-6.877935,0,442,ON,RETRACTED,AUTO
23:28:07,-83.42645,-7.284899,0,450,ON,RETRACTED,AUTO
23:28:07,-83.34802,-7.68672,0,458,ON,RETRACTED,AUTO
23:28:07,-83.28145,-5.287964,0,462,ON,RETRACTED,AUTO
23:28:07,-83.41327,-8.57707,0,461,ON,RETRACTED,AUTO
23:28:07,-83.37136,-8.507798,0,456,ON,RETRACTED,AUTO
23:28:07,-83.07827,-7.152668,0,447,ON,RETRACTED,AUTO
23:28:07,-83.22715,-6.516563,0,438,ON,RETRACTED,AUTO
23:28:07,-83.11884,-8.984256,0,436,ON,RETRACTED,AUTO
23:28:07,-83.26027,-7.821976,0,438,ON,RETRACTED,AUTO
23:28:07,-83.28653,-8.667387,0,446,ON,RETRACTED,AUTO
23:28:08,-83.54947,-7.333202,0,452,ON,RETRACTED,AUTO
23:28:08,-83.07502,-8.525239,0,460,ON,RETRACTED,AUTO
23:28:08,-83.202,-8.547609,0,462,ON,RETRACTED,AUTO
23:28:08,-83.45107,-9.327054,0,460,ON,RETRACTED,AUTO
23:28:08,-83.21049,-7.406911,0,451,ON,RETRACTED,AUTO
23:28:08,-83.13168,-6.887508,0,442,ON,RETRACTED,AUTO
23:28:08,-83.0997,-8.161617,0,436,ON,RETRACTED,AUTO
23:28:08,-83.04793,-7.78514,0,436,ON,RETRACTED,AUTO
23:28:08,-83.08301,-8.098394,0,440,ON,RETRACTED,AUTO
23:28:08,-83.10432,-8.669415,0,448,ON,RETRACTED,AUTO
23:28:09,-83.48724,-9.052795,0,457,ON,RETRACTED,AUTO
23:28:09,-83.57955,-9.680101,0,461,ON,RETRACTED,AUTO
23:28:09,-82.97462,-5.065003,0,462,ON,RETRACTED,AUTO
23:28:09,-83.35806,-7.22594,0,459,ON,RETRACTED,AUTO
23:28:09,-83.53573,-8.146989,0,449,ON,RETRACTED,AUTO
23:28:09,-83.31199,-8.93059,0,439,ON,RETRACTED,AUTO
23:28:09,-83.48691,-8.096538,0,436,ON,RETRACTED,AUTO
23:28:09,-83.49387,-7.477331,0,437,ON,RETRACTED,AUTO
23:28:09,-83.18907,-9.331935,0,442,ON,RETRACTED,AUTO
23:28:09,-83.31695,-9.500241,0,451,ON,RETRACTED,AUTO
23:28:10,-83.36198,-8.047898,0,459,ON,RETRACTED,AUTO
23:28:10,-83.10255,-6.179214,0,462,ON,RETRACTED,AUTO
23:28:10,-83.34595,-7.916742,0,461,ON,RETRACTED,AUTO
23:28:10,-83.39354,-5.501273,0,454,ON,RETRACTED,AUTO
23:28:10,-83.28429,-8.195173,0,446,ON,RETRACTED,AUTO
23:28:10,-83.17512,-9.555395,0,437,ON,RETRACTED,AUTO
23:28:10,-83.18803,-7.51957,0,436,ON,RETRACTED,AUTO
23:28:10,-83.1916,-8.901715,0,439,ON,RETRACTED,AUTO
23:28:10,-83.34745,-7.586952,0,447,ON,RETRACTED,AUTO
23:28:10,-83.32912,-7.296947,0,454,ON,RETRACTED,AUTO
23:28:11,-83.21988,-9.705179,0,461,ON,RETRACTED,AUTO
23:28:11,-83.24487,-8.728765,0,462,ON,RETRACTED,AUTO
23:28:11,-83.11462,-8.746161,0,459,ON,RETRACTED,AUTO
23:28:11,-83.30823,-6.506637,0,451,ON,RETRACTED,AUTO
23:28:11,-83.36631,-8.162974,0,441,ON,RETRACTED,AUTO
23:28:11,-83.27351,-8.40595,0,436,ON,RETRACTED,AUTO
23:28:11,-83.26868,-9.330348,0,437,ON,RETRACTED,AUTO
23:28:11,-83.78783,-9.748593,0,441,ON,RETRACTED,AUTO
23:28:11,-83.24258,-9.650299,0,449,ON,RETRACTED,AUTO
23:28:11,-83.06792,-9.389148,0,458,ON,RETRACTED,AUTO
23:28:12,-83.43423,-8.530766,0,462,ON,RETRACTED,AUTO
23:28:12,-83.24322,-9.537538,0,462,ON,RETRACTED,AUTO
23:28:12,-83.41434,-9.039484,0,456,ON,RETRACTED,AUTO
23:28:12,-83.50291,-7.257475,0,448,ON,RETRACTED,AUTO
23:28:12,-83.12105,-9.019322,0,438,ON,RETRACTED,AUTO
23:28:12,-83.33413,-5.456818,0,436,ON,RETRACTED,AUTO
23:28:12,-83.42001,-8.246322,0,438,ON,RETRACTED,AUTO
23:28:12,-83.11302,-7.653972,0,446,ON,RETRACTED,AUTO
23:28:12,-83.29084,-9.122067,0,452,ON,RETRACTED,AUTO
23:28:12,-83.0301,-6.658091,0,460,ON,RETRACTED,AUTO
23:28:13,-82.94328,-8.099249,0,462,ON,RETRACTED,AUTO
23:28:13,-83.20524,-7.985376,0,460,ON,RETRACTED,AUTO
23:28:13,-83.42255,-8.113529,0,452,ON,RETRACTED,AUTO
23:28:13,-83.02058,-8.89776,0,442,ON,RETRACTED,AUTO
23:28:13,-83.20765,-9.108188,0,437,ON,RETRACTED,AUTO
23:28:13,-83.0886,-8.431073,0,436,ON,RETRACTED,AUTO
23:28:13,-83.13026,-8.369165,0,440,ON,RETRACTED,AUTO
23:28:13,-83.36851,-7.60235,0,448,ON,RETRACTED,AUTO
23:28:13,-83.47868,-7.74377,0,457,ON,RETRACTED,AUTO
23:28:13,-83.32449,-5.67607,0,461,ON,RETRACTED,AUTO
23:28:14,-83.45846,-8.495886,0,462,ON,RETRACTED,AUTO
23:28:14,-82.94411,-8.455028,0,457,ON,RETRACTED,AUTO
23:28:14,-83.1927,-9.013977,0,449,ON,RETRACTED,AUTO
23:28:14,-83.58521,-7.857429,0,440,ON,RETRACTED,AUTO
23:28:14,-83.46771,-7.594644,0,436,ON,RETRACTED,AUTO
23:28:14,-83.30901,-7.067678,0,437,ON,RETRACTED,AUTO
23:28:14,-83.39854,-8.559648,0,444,ON,RETRACTED,AUTO
23:28:14,-83.14753,-8.225384,0,451,ON,RETRACTED,AUTO
23:28:14,-83.3414,-8.622604,0,460,ON,RETRACTED,AUTO
23:28:14,-83.20641,-8.339386,0,462,ON,RETRACTED,AUTO
23:28:15,-83.18913,-8.737568,0,461,ON,RETRACTED,AUTO
23:28:15,-83.33746,-7.486727,0,453,ON,RETRACTED,AUTO
23:28:15,-83.46487,-7.477331,0,445,ON,RETRACTED,AUTO
23:28:15,-83.31393,-7.90079,0,437,ON,RETRACTED,AUTO
23:28:15,-83.52968,-9.364079,0,436,ON,RETRACTED,AUTO
23:28:15,-83.05964,-6.781109,0,440,ON,RETRACTED,AUTO
23:28:15,-83.34769,-8.130102,0,447,ON,RETRACTED,AUTO
23:28:15,-83.1339,-10.05355,0,456,ON,RETRACTED,AUTO
23:28:15,-83.08154,-6.931356,0,461,ON,RETRACTED,AUTO
23:28:16,-83.31385,-7.625092,0,462,ON,RETRACTED,AUTO
23:28:16,-82.98421,-6.974347,0,459,ON,RETRACTED,AUTO
23:28:16,-83.32301,-7.182341,0,450,ON,RETRACTED,AUTO
23:28:16,-83.20163,-7.265447,0,440,ON,RETRACTED,AUTO
23:28:16,-83.39829,-9.865807,0,436,ON,RETRACTED,AUTO
23:28:16,-83.30173,-5.309208,0,437,ON,RETRACTED,AUTO
23:28:16,-83.32095,-8.45657,0,442,ON,RETRACTED,AUTO
23:28:16,-83.29065,-9.462321,0,450,ON,RETRACTED,AUTO
23:28:16,-83.2386,-8.806793,0,458,ON,RETRACTED,AUTO
23:28:16,-83.09676,-8.177467,0,462,ON,RETRACTED,AUTO
23:28:17,-83.14173,-6.302979,0,461,ON,RETRACTED,AUTO
23:28:17,-82.97996,-7.928303,0,456,ON,RETRACTED,AUTO
23:28:17,-83.18673,-7.363221,0,447,ON,RETRACTED,AUTO
23:28:17,-83.35802,-8.772738,0,437,ON,RETRACTED,AUTO
23:28:17,-83.32105,-7.8849,0,436,ON,RETRACTED,AUTO
23:28:17,-83.11758,-9.832088,0,438,ON,RETRACTED,AUTO
23:28:17,-83.59403,-9.223923,0,447,ON,RETRACTED,AUTO
23:28:17,-83.36954,-7.501957,0,454,ON,RETRACTED,AUTO
23:28:17,-83.37429,-9.980909,0,460,ON,RETRACTED,AUTO
23:28:17,-83.26696,-8.728765,0,462,ON,RETRACTED,AUTO
23:28:18,-83.3414,-8.162974,0,460,ON,RETRACTED,AUTO
23:28:18,-83.22914,-6.302306,0,451,ON,RETRACTED,AUTO
23:28:18,-83.49997,-8.483672,0,441,ON,RETRACTED,AUTO
23:28:18,-83.27077,-8.049061,0,436,ON,RETRACTED,AUTO
23:28:18,-83.50095,-7.272497,0,436,ON,RETRACTED,AUTO
23:28:18,-83.41404,-8.844394,0,441,ON,RETRACTED,AUTO
23:28:18,-83.48909,-8.230975,0,449,ON,RETRACTED,AUTO
23:28:18,-82.97366,-7.696052,0,457,ON,RETRACTED,AUTO
23:28:18,-83.36583,-7.22594,0,461,ON,RETRACTED,AUTO
23:28:18,-83.57526,-7.618546,0,462,ON,RETRACTED,AUTO
23:28:19,-83.18748,-8.996209,0,457,ON,RETRACTED,AUTO
23:28:19,-83.53651,-8.737098,0,449,ON,RETRACTED,AUTO
23:28:19,-83.29565,-8.912693,0,439,ON,RETRACTED,AUTO
23:28:19,-83.41023,-9.308043,0,436,ON,RETRACTED,AUTO
23:28:19,-83.65125,-8.044202,0,437,ON,RETRACTED,AUTO
23:28:19,-83.00343,-7.740341,0,444,ON,RETRACTED,AUTO
23:28:19,-83.21239,-6.729782,0,451,ON,RETRACTED,AUTO
23:28:19,-83.21706,-8.901715,0,459,ON,RETRACTED,AUTO
23:28:19,-83.62186,-7.305759,0,462,ON,RETRACTED,AUTO
23:28:19,-83.87244,-7.093673,0,461,ON,RETRACTED,AUTO
23:28:20,-83.51482,-7.759806,0,454,ON,RETRACTED,AUTO
23:28:20,-83.55841,-10.44366,0,446,ON,RETRACTED,AUTO
23:28:20,-83.71889,3.629121,0,437,ON,RETRACTED,AUTO
23:28:20,-83.42937,-6.483074,0,436,ON,RETRACTED,AUTO
23:28:20,-83.11264,-7.876302,0,439,ON,RETRACTED,AUTO
23:28:20,-83.30135,-7.90079,0,447,ON,RETRACTED,AUTO
23:28:20,-83.6246,-6.420288,0,453,ON,RETRACTED,AUTO
23:28:20,-83.51725,-7.287579,0,460,ON,RETRACTED,AUTO
23:28:20,-82.96588,-7.275005,0,462,ON,RETRACTED,AUTO
23:28:20,-83.41679,-8.461288,0,459,ON,RETRACTED,AUTO
23:28:21,-83.37883,-8.444094,0,449,ON,RETRACTED,AUTO
23:28:21,-83.41433,-8.379575,0,439,ON,RETRACTED,AUTO
23:28:21,-83.06388,-8.695502,0,433,ON,RETRACTED,AUTO
23:28:21,-83.31776,-11.1963,0,433,ON,RETRACTED,AUTO
23:28:21,-83.24609,-8.389211,0,437,ON,RETRACTED,AUTO
23:28:21,-83.22275,-10.12065,0,446,ON,RETRACTED,AUTO
23:28:21,-83.0172,-8.880659,0,451,ON,RETRACTED,AUTO
23:28:21,-83.47733,-6.744319,0,457,ON,RETRACTED,AUTO
23:28:21,-83.38511,-10.9208,0,457,ON,RETRACTED,AUTO
23:28:21,-83.25462,-8.485571,0,450,ON,RETRACTED,AUTO
23:28:22,-83.52851,-8.028754,0,441,ON,RETRACTED,AUTO
23:28:22,-83.284,-9.235559,0,434,ON,RETRACTED,AUTO
23:28:22,-83.42074,-7.865306,0,429,ON,RETRACTED,AUTO
23:28:22,-83.30917,-8.228099,0,432,ON,RETRACTED,AUTO
23:28:22,-83.08942,-7.845679,0,439,ON,RETRACTED,AUTO
23:28:22,-83.20203,-7.744711,0,447,ON,RETRACTED,AUTO
23:28:22,-83.23082,-7.677691,0,452,ON,RETRACTED,AUTO
23:28:22,-83.68459,-8.216521,0,457,ON,RETRACTED,AUTO
23:28:22,-83.39591,-6.935922,0,456,ON,RETRACTED,AUTO
23:28:22,-83.44521,-9.267837,0,449,ON,RETRACTED,AUTO
23:28:23,-83.56133,-8.418189,0,439,ON,RETRACTED,AUTO
23:28:23,-83.48835,-7.50826,0,432,ON,RETRACTED,AUTO
23:28:23,-83.6375,-8.884401,0,429,ON,RETRACTED,AUTO
23:28:23,-83.41686,-7.06673,0,434,ON,RETRACTED,AUTO
23:28:23,-83.59882,-7.650651,0,441,ON,RETRACTED,AUTO
23:28:23,-83.35335,-9.117863,0,450,ON,RETRACTED,AUTO
23:28:23,-83.46344,-8.530766,0,456,ON,RETRACTED,AUTO
23:28:23,-83.03789,-9.15173,0,459,ON,RETRACTED,AUTO
23:28:23,-83.1855,-9.593134,0,454,ON,RETRACTED,AUTO
23:28:23,-83.35555,-7.801762,0,447,ON,RETRACTED,AUTO
23:28:24,-83.43938,-9.113553,0,438,ON,RETRACTED,AUTO
23:28:24,-83.62704,-9.402369,0,430,ON,RETRACTED,AUTO
23:28:24,-83.5068,-9.93211,0,433,ON,RETRACTED,AUTO
23:28:24,-83.37546,-9.385518,0,437,ON,RETRACTED,AUTO
23:28:24,-83.6243,-9.382551,0,446,ON,RETRACTED,AUTO
23:28:24,-83.3801,-7.586952,0,452,ON,RETRACTED,AUTO
23:28:24,-83.60537,-11.23852,0,457,ON,RETRACTED,AUTO
23:28:24,-83.40903,-10.36773,0,459,ON,RETRACTED,AUTO
23:28:24,-83.47737,-7.845218,0,454,ON,RETRACTED,AUTO
23:28:24,-83.46458,-10.17848,0,446,ON,RETRACTED,AUTO
23:28:25,-83.54624,-11.82694,0,437,ON,RETRACTED,AUTO
23:28:25,-83.24911,-9.875595,0,430,ON,RETRACTED,AUTO
23:28:25,-83.26564,-8.40595,0,433,ON,RETRACTED,AUTO
23:28:25,-83.57568,-9.403132,0,439,ON,RETRACTED,AUTO
23:28:25,-83.52421,-10.04935,0,447,ON,RETRACTED,AUTO
23:28:25,-83.66541,-9.442253,0,454,ON,RETRACTED,AUTO
23:28:25,-83.52022,-9.794525,0,459,ON,RETRACTED,AUTO
23:28:25,-83.27917,-10.16102,0,459,ON,RETRACTED,AUTO
23:28:25,-83.59751,-9.442511,0,452,ON,RETRACTED,AUTO
23:28:26,-83.71754,-9.623832,0,442,ON,RETRACTED,AUTO
23:28:26,-83.6878,-11.33394,0,436,ON,RETRACTED,AUTO
23:28:26,-83.34715,-10.37745,0,430,ON,RETRACTED,AUTO
23:28:26,-83.3038,-9.481244,0,434,ON,RETRACTED,AUTO
23:28:26,-83.5998,-9.561347,0,441,ON,RETRACTED,AUTO
23:28:26,-83.14141,-9.812921,0,449,ON,RETRACTED,AUTO
23:28:26,-83.4644,-11.88866,0,456,ON,RETRACTED,AUTO
23:28:26,-83.63408,-10.14177,0,460,ON,RETRACTED,AUTO
23:28:26,-83.73279,-9.807595,0,457,ON,RETRACTED,AUTO
23:28:26,-83.5851,-9.047572,0,451,ON,RETRACTED,AUTO
23:28:27,-83.73703,-10.02939,0,441,ON,RETRACTED,AUTO
23:28:27,-83.36277,-9.786346,0,434,ON,RETRACTED,AUTO
23:28:27,-83.71669,-9.765685,0,432,ON,RETRACTED,AUTO
23:28:27,-83.74974,-9.685815,0,436,ON,RETRACTED,AUTO
23:28:27,-83.70841,-9.908037,0,441,ON,RETRACTED,AUTO
23:28:27,-83.83157,-9.790896,0,450,ON,RETRACTED,AUTO
23:28:27,-83.28858,-10.76814,0,457,ON,RETRACTED,AUTO
23:28:27,-83.37572,-8.444094,0,460,ON,RETRACTED,AUTO
23:28:27,-83.49647,-8.8549,0,457,ON,RETRACTED,AUTO
23:28:27,-83.5068,-9.93211,0,449,ON,RETRACTED,AUTO
23:28:28,-83.32935,-9.062856,0,440,ON,RETRACTED,AUTO
23:28:28,-83.52786,-10.67828,0,433,ON,RETRACTED,AUTO
23:28:28,-83.37014,-11.03535,0,432,ON,RETRACTED,AUTO
23:28:28,-83.4044,-11.58628,0,437,ON,RETRACTED,AUTO
23:28:28,-83.27654,-9.330348,0,442,ON,RETRACTED,AUTO
23:28:28,-83.40351,-10.44049,0,451,ON,RETRACTED,AUTO
23:28:28,-83.69248,-9.844825,0,457,ON,RETRACTED,AUTO
23:28:28,-83.78777,-10.74942,0,459,ON,RETRACTED,AUTO
23:28:28,-83.43932,-9.015618,0,456,ON,RETRACTED,AUTO
23:28:28,-83.53876,-9.20785,0,448,ON,RETRACTED,AUTO
23:28:29,-83.68432,-11.0702,0,438,ON,RETRACTED,AUTO
23:28:29,-83.68136,-11.0702,0,433,ON,RETRACTED,AUTO
23:28:29,-83.64574,-9.761775,0,433,ON,RETRACTED,AUTO
23:28:29,-83.53893,-10.58293,0,438,ON,RETRACTED,AUTO
23:28:29,-83.74693,-10.29381,0,446,ON,RETRACTED,AUTO
23:28:29,-83.47742,-9.267837,0,452,ON,RETRACTED,AUTO
23:28:29,-83.91756,-10.38468,0,458,ON,RETRACTED,AUTO
23:28:29,-83.39804,-7.037941,0,459,ON,RETRACTED,AUTO
23:28:29,-83.53548,-10.81783,0,454,ON,RETRACTED,AUTO
23:28:29,-83.36333,-9.57699,0,447,ON,RETRACTED,AUTO
23:28:30,-83.1996,-10.30485,0,437,ON,RETRACTED,AUTO
23:28:30,-83.49284,-8.466145,0,433,ON,RETRACTED,AUTO
23:28:30,-83.66459,-10.42485,0,433,ON,RETRACTED,AUTO
23:28:30,-83.31173,-10.90294,0,438,ON,RETRACTED,AUTO
23:28:30,-83.25257,-10.95043,0,447,ON,RETRACTED,AUTO
23:28:30,-83.44164,-8.495886,0,453,ON,RETRACTED,AUTO
23:28:30,-83.44602,-10.54727,0,459,ON,RETRACTED,AUTO
23:28:30,-83.56022,-8.028754,0,459,ON,RETRACTED,AUTO
23:28:30,-83.76346,-8.094995,0,454,ON,RETRACTED,AUTO
23:28:30,-83.31608,-10.24271,0,446,ON,RETRACTED,AUTO
23:28:31,-83.63818,-9.343163,0,437,ON,RETRACTED,AUTO
23:28:31,-83.69189,-11.21388,0,432,ON,RETRACTED,AUTO
23:28:31,-83.86141,-9.628156,0,434,ON,RETRACTED,AUTO
23:28:31,-83.78298,-10.62729,0,439,ON,RETRACTED,AUTO
23:28:31,-83.59538,-10.76742,0,447,ON,RETRACTED,AUTO
23:28:31,-83.3776,-10.7843,0,454,ON,RETRACTED,AUTO
23:28:31,-83.53177,-10.04935,0,459,ON,RETRACTED,AUTO
23:28:31,-83.73687,-11.14106,0,459,ON,RETRACTED,AUTO
23:28:31,-83.23589,-8.746161,0,452,ON,RETRACTED,AUTO
23:28:31,-83.24242,-10.68279,0,445,ON,RETRACTED,AUTO
23:28:32,-83.64936,-10.28306,0,436,ON,RETRACTED,AUTO
23:28:32,-83.53912,-8.755244,0,432,ON,RETRACTED,AUTO
23:28:32,-83.64176,-8.181735,0,434,ON,RETRACTED,AUTO
23:28:32,-83.53021,-11.33342,0,440,ON,RETRACTED,AUTO
23:28:32,-83.46838,-11.05508,0,448,ON,RETRACTED,AUTO
23:28:32,-83.56418,-8.691307,0,456,ON,RETRACTED,AUTO
23:28:32,-83.62631,-10.38089,0,460,ON,RETRACTED,AUTO
23:28:32,-83.41488,-8.923988,0,458,ON,RETRACTED,AUTO
23:28:32,-83.54951,-10.58293,0,451,ON,RETRACTED,AUTO
23:28:32,-83.40212,-10.21087,0,442,ON,RETRACTED,AUTO
23:28:33,-83.77436,-9.929287,0,435,ON,RETRACTED,AUTO
23:28:33,-83.34744,-11.69722,0,430,ON,RETRACTED,AUTO
23:28:33,-83.94321,-10.38468,0,436,ON,RETRACTED,AUTO
23:28:33,-83.27189,-10.88118,0,441,ON,RETRACTED,AUTO
23:28:33,-83.20116,-8.772045,0,449,ON,RETRACTED,AUTO
23:28:33,-83.41828,-10.98753,0,456,ON,RETRACTED,AUTO
23:28:33,-83.73531,-11.16488,0,459,ON,RETRACTED,AUTO
23:28:33,-83.30071,-9.974555,0,456,ON,RETRACTED,AUTO
23:28:33,-83.34425,-10.76254,0,449,ON,RETRACTED,AUTO
23:28:33,-83.55687,-9.917356,0,440,ON,RETRACTED,AUTO
23:28:34,-83.61327,-7.379397,0,433,ON,RETRACTED,AUTO
23:28:34,-83.4004,-9.520021,0,430,ON,RETRACTED,AUTO
23:28:34,-83.5482,-9.896671,0,436,ON,RETRACTED,AUTO
23:28:34,-83.39827,-9.770465,0,441,ON,RETRACTED,AUTO
23:28:34,-83.07922,-10.10504,0,449,ON,RETRACTED,AUTO
23:28:34,-83.518,-9.344672,0,456,ON,RETRACTED,AUTO
23:28:34,-83.46126,-9.774345,0,459,ON,RETRACTED,AUTO
23:28:34,-83.40778,-8.559648,0,456,ON,RETRACTED,AUTO
23:28:34,-83.31976,-12.378,0,448,ON,RETRACTED,AUTO
23:28:34,-83.53166,-9.737686,0,438,ON,RETRACTED,AUTO
23:28:35,-83.39275,-9.615828,0,432,ON,RETRACTED,AUTO
23:28:35,-83.96788,-10.70631,0,430,ON,RETRACTED,AUTO
23:28:35,-83.62175,-10.59733,0,436,ON,RETRACTED,AUTO
23:28:35,-83.5729,-8.536689,0,442,ON,RETRACTED,AUTO
23:28:35,-83.31979,-9.934736,0,450,ON,RETRACTED,AUTO
23:28:35,-83.89071,-10.0226,0,457,ON,RETRACTED,AUTO
23:28:35,-83.55621,-11.59218,0,459,ON,RETRACTED,AUTO
23:28:35,-83.45786,-12.0287,0,454,ON,RETRACTED,AUTO
23:28:35,-83.32163,-9.500241,0,448,ON,RETRACTED,AUTO
23:28:36,-83.55865,-9.265364,0,438,ON,RETRACTED,AUTO
23:28:36,-83.39362,-10.27333,0,433,ON,RETRACTED,AUTO
23:28:36,-83.61196,-10.3373,0,433,ON,RETRACTED,AUTO
23:28:36,-83.15334,-10.22399,0,437,ON,RETRACTED,AUTO
23:28:36,-83.70351,-10.37074,0,446,ON,RETRACTED,AUTO
23:28:36,-83.40424,-9.443005,0,451,ON,RETRACTED,AUTO
23:28:36,-83.62865,-10.09914,0,457,ON,RETRACTED,AUTO
23:28:36,-83.8732,-9.214378,0,459,ON,RETRACTED,AUTO
23:28:36,-83.54587,-7.894042,0,454,ON,RETRACTED,AUTO
23:28:36,-83.30633,-9.557688,0,446,ON,RETRACTED,AUTO
23:28:37,-83.3205,-8.948558,0,437,ON,RETRACTED,AUTO
23:28:37,-83.57157,-9.047572,0,430,ON,RETRACTED,AUTO
23:28:37,-83.32046,-9.424238,0,433,ON,RETRACTED,AUTO
23:28:37,-83.33859,-9.672055,0,438,ON,RETRACTED,AUTO
23:28:37,-83.18885,-9.667015,0,446,ON,RETRACTED,AUTO
23:28:37,-83.61749,-9.262826,0,452,ON,RETRACTED,AUTO
23:28:37,-83.34077,-9.424238,0,458,ON,RETRACTED,AUTO
23:28:37,-83.38953,-8.657553,0,458,ON,RETRACTED,AUTO
23:28:37,-83.60068,-9.104601,0,452,ON,RETRACTED,AUTO
23:28:37,-83.42925,-9.094923,0,442,ON,RETRACTED,AUTO
23:28:38,-83.44212,-8.978744,0,436,ON,RETRACTED,AUTO
23:28:38,-83.64607,-10.71634,0,430,ON,RETRACTED,AUTO
23:28:38,-83.71593,-11.02032,0,433,ON,RETRACTED,AUTO
23:28:38,-83.2293,-10.66167,0,439,ON,RETRACTED,AUTO
23:28:38,-83.12186,-8.225384,0,447,ON,RETRACTED,AUTO
23:28:38,-82.94827,-11.88866,0,454,ON,RETRACTED,AUTO
23:28:38,-83.73209,-8.200146,0,459,ON,RETRACTED,AUTO
23:28:38,-83.32139,-9.538463,0,457,ON,RETRACTED,AUTO
23:28:38,-83.45306,-11.05508,0,450,ON,RETRACTED,AUTO
23:28:38,-83.55865,-10.72267,0,441,ON,RETRACTED,AUTO
23:28:39,-83.71223,-8.998154,0,434,ON,RETRACTED,AUTO
23:28:39,-83.69192,-12.22313,0,430,ON,RETRACTED,AUTO
23:28:39,-83.63406,-9.741229,0,434,ON,RETRACTED,AUTO
23:28:39,-83.60809,-9.362816,0,440,ON,RETRACTED,AUTO
23:28:39,-83.40631,-12.59212,0,448,ON,RETRACTED,AUTO
23:28:39,-83.32935,-9.062856,0,456,ON,RETRACTED,AUTO
23:28:39,-83.64092,-10.23978,0,459,ON,RETRACTED,AUTO
23:28:39,-83.25005,-8.615648,0,457,ON,RETRACTED,AUTO
23:28:39,-83.58001,-10.27259,0,450,ON,RETRACTED,AUTO
23:28:39,-83.44453,-10.41007,0,440,ON,RETRACTED,AUTO
23:28:40,-83.2932,-10.67636,0,434,ON,RETRACTED,AUTO
23:28:40,-83.53037,-8.28235,0,430,ON,RETRACTED,AUTO
23:28:40,-83.1198,-10.51605,0,436,ON,RETRACTED,AUTO
23:28:40,-83.80243,-10.79597,0,442,ON,RETRACTED,AUTO
23:28:40,-83.45607,-11.65746,0,450,ON,RETRACTED,AUTO
23:28:40,-83.6579,-7.803487,0,457,ON,RETRACTED,AUTO
23:28:40,-83.65051,-11.93269,0,460,ON,RETRACTED,AUTO
23:28:40,-83.57619,-11.23928,0,456,ON,RETRACTED,AUTO
23:28:40,-83.42023,-11.70126,0,448,ON,RETRACTED,AUTO
23:28:40,-83.41473,-8.263193,0,439,ON,RETRACTED,AUTO
23:28:41,-83.52898,-12.29527,0,433,ON,RETRACTED,AUTO
23:28:41,-83.46072,-11.05508,0,433,ON,RETRACTED,AUTO
23:28:41,-83.60606,-11.04961,0,437,ON,RETRACTED,AUTO
23:28:41,-83.54855,-10.70043,0,446,ON,RETRACTED,AUTO
23:28:41,-83.58495,-8.709517,0,451,ON,RETRACTED,AUTO
23:28:41,-82.94238,-9.67826,0,457,ON,RETRACTED,AUTO
23:28:41,-83.27808,-9.462321,0,459,ON,RETRACTED,AUTO
23:28:41,-83.47095,-9.520747,0,456,ON,RETRACTED,AUTO
23:28:41,-83.59187,-9.343163,0,448,ON,RETRACTED,AUTO
23:28:41,-83.46376,-10.43137,0,438,ON,RETRACTED,AUTO
23:28:42,-83.28297,-9.821478,0,433,ON,RETRACTED,AUTO
23:28:42,-83.48817,-9.598049,0,433,ON,RETRACTED,AUTO
23:28:42,-83.47012,-10.33655,0,438,ON,RETRACTED,AUTO
23:28:42,-83.18215,-11.15466,0,446,ON,RETRACTED,AUTO
23:28:42,-83.42725,-10.59808,0,452,ON,RETRACTED,AUTO
23:28:42,-83.2597,-10.36632,0,459,ON,RETRACTED,AUTO
23:28:42,-83.49788,-9.540381,0,459,ON,RETRACTED,AUTO
23:28:42,-83.94776,-10.20144,0,453,ON,RETRACTED,AUTO
23:28:42,-83.74244,-9.462322,0,446,ON,RETRACTED,AUTO
23:28:42,-83.49604,-9.403877,0,437,ON,RETRACTED,AUTO
23:28:43,-83.84142,-11.23613,0,430,ON,RETRACTED,AUTO
23:28:43,-83.68389,-9.321794,0,434,ON,RETRACTED,AUTO
23:28:43,-83.41572,-11.10276,0,439,ON,RETRACTED,AUTO
23:28:43,-83.63792,-10.02207,0,448,ON,RETRACTED,AUTO
23:28:43,-83.44715,-8.764102,0,454,ON,RETRACTED,AUTO
23:28:43,-83.46387,-11.26373,0,459,ON,RETRACTED,AUTO
23:28:43,-83.31676,-10.76814,0,459,ON,RETRACTED,AUTO
23:28:43,-83.78073,-8.811954,0,452,ON,RETRACTED,AUTO
23:28:43,-83.74328,-11.40655,0,442,ON,RETRACTED,AUTO
23:28:43,-83.81559,-10.8194,0,436,ON,RETRACTED,AUTO
23:28:44,-83.59001,-12.54191,0,430,ON,RETRACTED,AUTO
23:28:44,-83.3222,-8.031656,0,434,ON,RETRACTED,AUTO
23:28:44,-83.52485,-8.719025,0,440,ON,RETRACTED,AUTO
23:28:44,-83.03682,-10.72197,0,448,ON,RETRACTED,AUTO
23:28:44,-83.1496,-8.814626,0,456,ON,RETRACTED,AUTO
23:28:44,-83.46696,-9.015618,0,460,ON,RETRACTED,AUTO
23:28:44,-83.41982,-10.98753,0,457,ON,RETRACTED,AUTO
23:28:44,-83.38261,-8.179509,0,451,ON,RETRACTED,AUTO
23:28:44,-83.40394,-9.270248,0,441,ON,RETRACTED,AUTO
23:28:44,-83.68445,-8.615648,0,434,ON,RETRACTED,AUTO
23:28:45,-83.31401,-8.43963,0,433,ON,RETRACTED,AUTO
23:28:45,-83.1225,-8.30406,0,436,ON,RETRACTED,AUTO
23:28:45,-83.54346,-9.835132,0,442,ON,RETRACTED,AUTO
23:28:45,-83.2513,-10.12065,0,450,ON,RETRACTED,AUTO
23:28:45,-83.48636,-9.423279,0,457,ON,RETRACTED,AUTO
23:28:45,-83.51823,-9.876075,0,460,ON,RETRACTED,AUTO
23:28:45,-83.66996,-10.85805,0,457,ON,RETRACTED,AUTO
23:28:45,-83.64207,-8.524767,0,449,ON,RETRACTED,AUTO
23:28:45,-83.27724,-10.52078,0,440,ON,RETRACTED,AUTO
23:28:46,-83.60724,-11.40448,0,433,ON,RETRACTED,AUTO
23:28:46,-83.52147,-11.45082,0,433,ON,RETRACTED,AUTO
23:28:46,-83.8496,-10.59654,0,437,ON,RETRACTED,AUTO
23:28:46,-83.40988,-11.76829,0,442,ON,RETRACTED,AUTO
23:28:46,-83.9408,-10.61185,0,450,ON,RETRACTED,AUTO
23:28:46,-83.4331,-10.29432,0,457,ON,RETRACTED,AUTO
23:28:46,-83.19518,-8.530766,0,459,ON,RETRACTED,AUTO
23:28:46,-83.57839,-9.737686,0,454,ON,RETRACTED,AUTO
23:28:46,-83.38618,-11.14983,0,447,ON,RETRACTED,AUTO
23:28:46,-83.39787,-11.6775,0,438,ON,RETRACTED,AUTO
23:28:47,-83.31447,-9.519314,0,430,ON,RETRACTED,AUTO
23:28:47,-83.26209,-8.598538,0,430,ON,RETRACTED,AUTO
23:28:47,-83.48206,-10.56888,0,437,ON,RETRACTED,AUTO
23:28:47,-83.16582,-10.20397,0,446,ON,RETRACTED,AUTO
23:28:47,-83.39035,-8.675131,0,451,ON,RETRACTED,AUTO
23:28:47,-83.08669,-9.315364,0,457,ON,RETRACTED,AUTO
23:28:47,-83.35162,-10.60542,0,459,ON,RETRACTED,AUTO
23:28:47,-83.6134,-9.482217,0,452,ON,RETRACTED,AUTO
23:28:47,-83.25076,-9.311791,0,446,ON,RETRACTED,AUTO
23:28:47,-83.31657,-11.6503,0,437,ON,RETRACTED,AUTO
23:28:48,-83.63963,-10.59733,0,430,ON,RETRACTED,AUTO
23:28:48,-83.34743,-8.869892,0,433,ON,RETRACTED,AUTO
23:28:48,-83.35921,-9.32872,0,439,ON,RETRACTED,AUTO
23:28:48,-82.96027,-13.68868,0,447,ON,RETRACTED,AUTO
23:28:48,-83.50005,-10.4958,0,454,ON,RETRACTED,AUTO
23:28:48,-84.03697,-8.203511,0,460,ON,RETRACTED,AUTO
23:28:48,-83.22121,-8.937032,0,460,ON,RETRACTED,AUTO
23:28:48,-83.34747,-5.418031,0,456,ON,RETRACTED,AUTO
23:28:48,-83.3307,-11.06033,0,447,ON,RETRACTED,AUTO
23:28:48,-83.35453,-12.60415,0,438,ON,RETRACTED,AUTO
23:28:49,-83.49364,-12.24453,0,434,ON,RETRACTED,AUTO
23:28:49,-83.22238,-9.126171,0,446,ON,RETRACTED,AUTO
23:28:49,-83.24096,-8.502462,0,440,ON,RETRACTED,AUTO
23:28:49,-83.78552,-8.481606,0,449,ON,RETRACTED,AUTO
23:28:49,-83.29283,-9.481244,0,457,ON,RETRACTED,AUTO
23:28:49,-83.57697,-9.166172,0,460,ON,RETRACTED,AUTO
23:28:49,-83.12068,-10.45483,0,459,ON,RETRACTED,AUTO
23:28:49,-83.57108,-7.808314,0,451,ON,RETRACTED,AUTO
23:28:49,-83.46161,-8.180231,0,441,ON,RETRACTED,AUTO
23:28:49,-83.50851,-10.07016,0,434,ON,RETRACTED,AUTO
23:28:50,-83.44111,-8.862491,0,430,ON,RETRACTED,AUTO
23:28:50,-83.23407,-8.485571,0,436,ON,RETRACTED,AUTO
23:28:50,-83.39651,-9.500712,0,441,ON,RETRACTED,AUTO
23:28:50,-83.61092,-8.506818,0,450,ON,RETRACTED,AUTO
23:28:50,-83.31229,-7.625092,0,457,ON,RETRACTED,AUTO
23:28:50,-83.92588,-10.76047,0,460,ON,RETRACTED,AUTO
23:28:50,-83.65737,-10.40283,0,457,ON,RETRACTED,AUTO
23:28:50,-83.62332,-8.010345,0,450,ON,RETRACTED,AUTO
23:28:50,-83.64625,-9.422269,0,440,ON,RETRACTED,AUTO
23:28:50,-83.20398,-8.066049,0,434,ON,RETRACTED,AUTO
23:28:51,-83.15235,-7.334378,0,433,ON,RETRACTED,AUTO
23:28:51,-83.15987,-8.978511,0,438,ON,RETRACTED,AUTO
23:28:51,-83.36884,-10.09593,0,446,ON,RETRACTED,AUTO
23:28:51,-83.4096,-9.423766,0,452,ON,RETRACTED,AUTO
23:28:51,-83.28094,-10.02791,0,459,ON,RETRACTED,AUTO
23:28:51,-83.66479,-9.302054,0,460,ON,RETRACTED,AUTO
23:28:51,-83.42599,-8.710504,0,456,ON,RETRACTED,AUTO
23:28:51,-83.51524,-8.836592,0,448,ON,RETRACTED,AUTO
23:28:51,-83.75155,-8.793056,0,439,ON,RETRACTED,AUTO
23:28:51,-83.46631,-10.08318,0,434,ON,RETRACTED,AUTO
23:28:52,-83.44857,-8.665249,0,434,ON,RETRACTED,AUTO
23:28:52,-83.43595,-8.629762,0,440,ON,RETRACTED,AUTO
23:28:52,-83.67621,-8.078344,0,448,ON,RETRACTED,AUTO
23:28:52,-83.47224,-10.72886,0,456,ON,RETRACTED,AUTO
23:28:52,-83.50288,-10.42206,0,461,ON,RETRACTED,AUTO
23:28:52,-83.29798,-7.739233,0,460,ON,RETRACTED,AUTO
23:28:52,-83.49722,-9.891204,0,456,ON,RETRACTED,AUTO
23:28:52,-83.36477,-10.53386,0,447,ON,RETRACTED,AUTO
23:28:52,-83.24258,-9.650299,0,438,ON,RETRACTED,AUTO
23:28:52,-83.38441,-9.920527,0,434,ON,RETRACTED,AUTO
23:28:53,-83.76002,-9.217645,0,437,ON,RETRACTED,AUTO
23:28:53,-83.43468,-8.665249,0,441,ON,RETRACTED,AUTO
23:28:53,-83.31577,-10.69777,0,450,ON,RETRACTED,AUTO
23:28:53,-83.37184,-9.596371,0,457,ON,RETRACTED,AUTO
23:28:53,-83.58333,-7.483298,0,460,ON,RETRACTED,AUTO
23:28:53,-83.59701,-7.259725,0,459,ON,RETRACTED,AUTO
23:28:53,-83.59487,-10.05686,0,452,ON,RETRACTED,AUTO
23:28:53,-83.31786,-9.613947,0,442,ON,RETRACTED,AUTO
23:28:53,-83.82883,-9.812184,0,436,ON,RETRACTED,AUTO
23:28:53,-83.48096,-9.63754,0,434,ON,RETRACTED,AUTO
23:28:54,-83.73552,-10.05089,0,437,ON,RETRACTED,AUTO
23:28:54,-83.5243,-8.383248,0,445,ON,RETRACTED,AUTO
23:28:54,-83.48905,-10.72886,0,451,ON,RETRACTED,AUTO
23:28:54,-83.43242,-8.495886,0,458,ON,RETRACTED,AUTO
23:28:54,-83.03378,-7.345278,0,460,ON,RETRACTED,AUTO
23:28:54,-84.30078,-10.61965,0,457,ON,RETRACTED,AUTO
23:28:54,-84.17091,-9.593134,0,449,ON,RETRACTED,AUTO
23:28:54,-83.86755,-9.73112,0,439,ON,RETRACTED,AUTO
23:28:54,-84.28294,-8.225121,0,434,ON,RETRACTED,AUTO
23:28:54,-83.76711,-8.953311,0,433,ON,RETRACTED,AUTO
23:28:55,-84.03486,-12.68355,0,438,ON,RETRACTED,AUTO
23:28:55,-83.7828,-9.625966,0,446,ON,RETRACTED,AUTO
23:28:55,-83.85796,-8.449988,0,454,ON,RETRACTED,AUTO
23:28:55,-83.74167,-7.293218,0,460,ON,RETRACTED,AUTO
23:28:55,-83.86546,-8.698423,0,460,ON,RETRACTED,AUTO
23:28:55,-83.87405,-8.698423,0,456,ON,RETRACTED,AUTO
23:28:55,-83.85902,-8.985731,0,447,ON,RETRACTED,AUTO
23:28:55,-83.88375,-9.00546,0,438,ON,RETRACTED,AUTO
23:28:55,-84.13579,-8.746162,0,433,ON,RETRACTED,AUTO
23:28:55,-84.02628,-8.716602,0,434,ON,RETRACTED,AUTO
23:28:56,-83.9846,-8.347268,0,440,ON,RETRACTED,AUTO
23:28:56,-83.8606,-7.702796,0,448,ON,RETRACTED,AUTO
23:28:56,-84.05589,-6.38326,0,454,ON,RETRACTED,AUTO
23:28:56,-83.97061,-9.146007,0,459,ON,RETRACTED,AUTO
23:28:56,-84.10425,-9.054149,0,459,ON,RETRACTED,AUTO
23:28:56,-84.00212,-7.747771,0,451,ON,RETRACTED,AUTO
23:28:56,-83.86949,-10.12467,0,441,ON,RETRACTED,AUTO
23:28:56,-83.88013,-9.89826,0,434,ON,RETRACTED,AUTO
23:28:56,-84.23978,-9.462322,0,430,ON,RETRACTED,AUTO
23:28:57,-84.05473,-8.479349,0,434,ON,RETRACTED,AUTO
23:28:57,-83.97379,-8.075896,0,439,ON,RETRACTED,AUTO
23:28:57,-84.21075,-8.280683,0,448,ON,RETRACTED,AUTO
23:28:57,-84.01214,-6.709836,0,454,ON,RETRACTED,AUTO
23:28:57,-83.79771,-8.006658,0,459,ON,RETRACTED,AUTO
23:28:57,-84.26797,-8.530766,0,456,ON,RETRACTED,AUTO
23:28:57,-84.44838,-6.986705,0,448,ON,RETRACTED,AUTO
23:28:57,-84.24385,-9.86005,0,439,ON,RETRACTED,AUTO
23:28:57,-83.72251,-8.998154,0,430,ON,RETRACTED,AUTO
23:28:57,-84.00828,-10.75417,0,430,ON,RETRACTED,AUTO
23:28:58,-83.62535,-9.482217,0,436,ON,RETRACTED,AUTO
23:28:58,-83.99487,-7.603134,0,442,ON,RETRACTED,AUTO
23:28:58,-84.11645,-7.611938,0,451,ON,RETRACTED,AUTO
23:28:58,-84.15974,-6.36944,0,457,ON,RETRACTED,AUTO
23:28:58,-84.1398,-8.485044,0,460,ON,RETRACTED,AUTO
23:28:58,-84.32351,-8.053144,0,456,ON,RETRACTED,AUTO
23:28:58,-84.02783,-9.865807,0,448,ON,RETRACTED,AUTO
23:28:58,-84.08196,-8.537236,0,438,ON,RETRACTED,AUTO
23:28:58,-83.93867,-9.462322,0,432,ON,RETRACTED,AUTO
23:28:58,-83.79033,-9.421206,0,434,ON,RETRACTED,AUTO
23:28:59,-86.38909,-13.36282,0,439,ON,RETRACTED,AUTO
23:28:59,-84.0285,-11.74187,0,447,ON,RETRACTED,AUTO
23:28:59,-83.62145,-6.433834,0,452,ON,RETRACTED,AUTO
23:28:59,-83.97377,-7.061478,0,456,ON,RETRACTED,AUTO
23:28:59,-84.10016,-8.686355,0,459,ON,RETRACTED,AUTO
23:28:59,-83.95541,-5.090861,0,453,ON,RETRACTED,AUTO
23:28:59,-83.63445,-8.249789,0,446,ON,RETRACTED,AUTO
23:28:59,-83.97691,-6.156416,0,436,ON,RETRACTED,AUTO
23:28:59,-83.5166,-7.641846,0,430,ON,RETRACTED,AUTO
23:28:59,-84.07008,-9.440864,0,434,ON,RETRACTED,AUTO
23:29:00,-83.84724,-7.827518,0,440,ON,RETRACTED,AUTO
23:29:00,-84.33908,-10.00008,0,448,ON,RETRACTED,AUTO
23:29:00,-84.07342,-12.20391,0,454,ON,RETRACTED,AUTO
23:29:00,-84.01464,-9.420083,0,459,ON,RETRACTED,AUTO
23:29:00,-84.0015,-9.821737,0,457,ON,RETRACTED,AUTO
23:29:00,-84.11433,-6.194919,0,450,ON,RETRACTED,AUTO
23:29:00,-84.04719,-9.269984,0,440,ON,RETRACTED,AUTO
23:29:00,-84.01674,-9.186966,0,433,ON,RETRACTED,AUTO
23:29:00,-83.99327,-8.257385,0,430,ON,RETRACTED,AUTO
23:29:00,-84.1964,-8.78649,0,435,ON,RETRACTED,AUTO
23:29:01,-84.30937,-9.261677,0,441,ON,RETRACTED,AUTO
23:29:01,-83.92879,-9.211026,0,449,ON,RETRACTED,AUTO
23:29:01,-83.96706,-7.299263,0,456,ON,RETRACTED,AUTO
23:29:01,-84.23501,-7.903489,0,459,ON,RETRACTED,AUTO
23:29:01,-84.09108,-9.183147,0,456,ON,RETRACTED,AUTO
23:29:01,-84.18221,-7.71737,0,448,ON,RETRACTED,AUTO
23:29:01,-83.84852,-10.32725,0,438,ON,RETRACTED,AUTO
23:29:01,-84.05924,-9.782408,0,432,ON,RETRACTED,AUTO
23:29:01,-84.00517,-8.569141,0,432,ON,RETRACTED,AUTO
23:29:01,-83.9002,-9.295584,0,437,ON,RETRACTED,AUTO
23:29:02,-84.06284,-7.835525,0,446,ON,RETRACTED,AUTO
23:29:02,-84.23509,-9.969157,0,451,ON,RETRACTED,AUTO
23:29:02,-84.12018,-10.06906,0,459,ON,RETRACTED,AUTO
23:29:02,-84.12373,-8.148627,0,460,ON,RETRACTED,AUTO
23:29:02,-84.06052,-8.992869,0,456,ON,RETRACTED,AUTO
23:29:02,-84.16383,-10.37584,0,448,ON,RETRACTED,AUTO
23:29:02,-83.92444,-9.295584,0,439,ON,RETRACTED,AUTO
23:29:02,-83.75913,-8.463316,0,434,ON,RETRACTED,AUTO
23:29:02,-83.7262,-9.17808,0,436,ON,RETRACTED,AUTO
23:29:02,-83.92407,-8.543328,0,441,ON,RETRACTED,AUTO
23:29:03,-83.34014,-7.211349,0,449,ON,RETRACTED,AUTO
23:29:03,-84.0665,-11.94908,0,454,ON,RETRACTED,AUTO
23:29:03,-83.85935,-9.254804,0,457,ON,RETRACTED,AUTO
23:29:03,-83.71523,-9.280046,0,457,ON,RETRACTED,AUTO
23:29:03,-83.89858,-7.736692,0,451,ON,RETRACTED,AUTO
23:29:03,-83.79365,-9.237555,0,442,ON,RETRACTED,AUTO
23:29:03,-83.88699,-9.275148,0,436,ON,RETRACTED,AUTO
23:29:03,-83.59236,-9.482217,0,430,ON,RETRACTED,AUTO
23:29:03,-83.59513,-11.73399,0,435,ON,RETRACTED,AUTO
23:29:03,-83.44654,-7.696052,0,440,ON,RETRACTED,AUTO
23:29:04,-84.26032,-8.490927,0,449,ON,RETRACTED,AUTO
23:29:04,-83.56766,-10.50897,0,456,ON,RETRACTED,AUTO
23:29:04,-83.66589,-17.94136,0,460,ON,RETRACTED,AUTO
23:29:04,-83.88519,-7.283072,0,458,ON,RETRACTED,AUTO
23:29:04,-83.72086,-8.373027,0,450,ON,RETRACTED,AUTO
23:29:04,-83.60579,-3.990913,0,441,ON,RETRACTED,AUTO
23:29:04,-83.66122,-8.884401,0,434,ON,RETRACTED,AUTO
23:29:04,-83.67456,-8.839128,0,432,ON,RETRACTED,AUTO
23:29:04,-83.37809,-8.461288,0,436,ON,RETRACTED,AUTO
23:29:04,-83.76099,-10.2382,0,442,ON,RETRACTED,AUTO
23:29:05,-83.53405,-8.518944,0,450,ON,RETRACTED,AUTO
23:29:05,-83.77554,-10.46917,0,457,ON,RETRACTED,AUTO
23:29:05,-83.50146,-4.654733,0,460,ON,RETRACTED,AUTO
23:29:05,-83.74438,-10.00798,0,457,ON,RETRACTED,AUTO
23:29:05,-83.66112,-6.002605,0,449,ON,RETRACTED,AUTO
23:29:05,-83.63041,-10.07796,0,440,ON,RETRACTED,AUTO
23:29:05,-83.09465,-8.114218,0,433,ON,RETRACTED,AUTO
23:29:05,-83.47909,-7.995527,0,433,ON,RETRACTED,AUTO
23:29:05,-83.65554,-10.26137,0,437,ON,RETRACTED,AUTO
23:29:05,-83.29722,-13.47782,0,446,ON,RETRACTED,AUTO
23:29:06,-83.35589,-9.232758,0,452,ON,RETRACTED,AUTO
23:29:06,-83.76147,-5.599339,0,459,ON,RETRACTED,AUTO
23:29:06,-83.9455,-8.075896,0,460,ON,RETRACTED,AUTO
23:29:06,-83.74055,-7.20182,0,456,ON,RETRACTED,AUTO
23:29:06,-83.72623,-8.512532,0,448,ON,RETRACTED,AUTO
23:29:06,-83.75433,-3.228013,0,438,ON,RETRACTED,AUTO
23:29:06,-83.79887,-14.03624,0,433,ON,RETRACTED,AUTO
23:29:06,-83.64767,-8.56089,0,433,ON,RETRACTED,AUTO
23:29:06,-83.53077,-8.163946,0,439,ON,RETRACTED,AUTO
23:29:07,-83.61367,-8.60841,0,447,ON,RETRACTED,AUTO
23:29:07,-83.51048,-9.188836,0,453,ON,RETRACTED,AUTO
23:29:07,-83.61586,-9.343163,0,459,ON,RETRACTED,AUTO
23:29:07,-83.46178,-9.229886,0,460,ON,RETRACTED,AUTO
23:29:07,-83.76524,-7.954886,0,454,ON,RETRACTED,AUTO
23:29:07,-83.73555,-11.86338,0,447,ON,RETRACTED,AUTO
23:29:07,-83.47974,-6.993032,0,437,ON,RETRACTED,AUTO
23:29:07,-83.52806,-7.39041,0,432,ON,RETRACTED,AUTO
23:29:07,-83.3511,-8.047898,0,433,ON,RETRACTED,AUTO
23:29:07,-83.60323,-8.147241,0,439,ON,RETRACTED,AUTO
23:29:08,-83.46976,-19.7945,0,447,ON,RETRACTED,AUTO
23:29:08,-83.34765,-8.162974,0,456,ON,RETRACTED,AUTO
23:29:08,-83.41512,-10.5043,0,460,ON,RETRACTED,AUTO
23:29:08,-83.46034,-7.696052,0,459,ON,RETRACTED,AUTO
23:29:08,-83.88377,-8.076738,0,452,ON,RETRACTED,AUTO
23:29:08,-83.53009,-7.539445,0,446,ON,RETRACTED,AUTO
23:29:08,-83.9743,-9.378218,0,437,ON,RETRACTED,AUTO
23:29:08,-83.49284,-8.466145,0,434,ON,RETRACTED,AUTO
23:29:08,-83.97725,-9.504936,0,437,ON,RETRACTED,AUTO
23:29:08,-83.84802,-11.63002,0,442,ON,RETRACTED,AUTO
23:29:09,-84.01953,-9.186966,0,449,ON,RETRACTED,AUTO
23:29:09,-83.32262,-8.622604,0,456,ON,RETRACTED,AUTO
23:29:09,-83.83606,-8.822518,0,460,ON,RETRACTED,AUTO
23:29:09,-83.56489,-12.43784,0,459,ON,RETRACTED,AUTO
23:29:09,-83.76373,-9.605205,0,452,ON,RETRACTED,AUTO
23:29:09,-83.57157,-9.047572,0,446,ON,RETRACTED,AUTO
23:29:09,-83.53428,-10.44366,0,436,ON,RETRACTED,AUTO
23:29:09,-83.70713,-9.865807,0,433,ON,RETRACTED,AUTO
23:29:09,-83.63463,-10.47824,0,436,ON,RETRACTED,AUTO
23:29:09,-83.51527,-9.423279,0,441,ON,RETRACTED,AUTO
23:29:10,-83.41238,-9.192244,0,450,ON,RETRACTED,AUTO
23:29:10,-83.12779,-9.036957,0,457,ON,RETRACTED,AUTO
23:29:10,-83.7505,-9.543449,0,460,ON,RETRACTED,AUTO
23:29:10,-83.5972,-9.462322,0,459,ON,RETRACTED,AUTO
23:29:10,-83.4619,-8.782114,0,451,ON,RETRACTED,AUTO
23:29:10,-83.60783,-9.204592,0,441,ON,RETRACTED,AUTO
23:29:10,-83.42596,-7.371044,0,436,ON,RETRACTED,AUTO
23:29:10,-83.61102,-12.54191,0,433,ON,RETRACTED,AUTO
23:29:10,-83.5144,-9.306097,0,437,ON,RETRACTED,AUTO
23:29:10,-83.91827,-9.963803,0,442,ON,RETRACTED,AUTO
23:29:11,-83.95818,-9.778056,0,451,ON,RETRACTED,AUTO
23:29:11,-83.23955,-8.259438,0,457,ON,RETRACTED,AUTO
23:29:11,-83.86902,-12.69267,0,460,ON,RETRACTED,AUTO
23:29:11,-83.18131,12.06228,0,459,ON,RETRACTED,AUTO
23:29:11,-83.07708,-16.29568,0,450,ON,RETRACTED,AUTO
23:29:11,-83.79583,-6.11993,0,441,ON,RETRACTED,AUTO
23:29:11,-83.40822,-9.558878,0,434,ON,RETRACTED,AUTO
23:29:11,-83.68486,-12.05213,0,433,ON,RETRACTED,AUTO
23:29:11,-83.58955,-11.04961,0,437,ON,RETRACTED,AUTO
23:29:11,-83.50752,-11.98671,0,442,ON,RETRACTED,AUTO
23:29:12,-83.37822,-9.154903,0,451,ON,RETRACTED,AUTO
23:29:12,-83.76181,-8.811954,0,458,ON,RETRACTED,AUTO
23:29:12,-83.1482,-10.20397,0,461,ON,RETRACTED,AUTO
23:29:12,-83.82896,-10.15977,0,459,ON,RETRACTED,AUTO
23:29:12,-83.36697,-6.662147,0,450,ON,RETRACTED,AUTO
23:29:12,-83.60839,-8.828588,0,440,ON,RETRACTED,AUTO
23:29:12,-83.6571,-8.440365,0,434,ON,RETRACTED,AUTO
23:29:12,-83.13832,-10.40545,0,433,ON,RETRACTED,AUTO
23:29:12,-83.52336,-7.67364,0,438,ON,RETRACTED,AUTO
23:29:12,-83.37848,1.312799,0,446,ON,RETRACTED,AUTO
23:29:13,-83.96249,-7.840183,0,452,ON,RETRACTED,AUTO
23:29:13,-83.894,-10.91411,0,460,ON,RETRACTED,AUTO
23:29:13,-83.49928,-15.99431,0,461,ON,RETRACTED,AUTO
23:29:13,-83.48349,-9.891204,0,457,ON,RETRACTED,AUTO
23:29:13,-83.40385,-0.238731,0,450,ON,RETRACTED,AUTO
23:29:13,-83.73667,-12.74385,0,440,ON,RETRACTED,AUTO
23:29:13,-84.15366,-9.221678,0,434,ON,RETRACTED,AUTO
23:29:13,-83.63113,-8.644722,0,434,ON,RETRACTED,AUTO
23:29:13,-83.66035,-10.40283,0,439,ON,RETRACTED,AUTO
23:29:13,-83.49258,-10.12467,0,447,ON,RETRACTED,AUTO
23:29:14,-83.67371,-12.12022,0,453,ON,RETRACTED,AUTO
23:29:14,-84.10948,-12.6708,0,459,ON,RETRACTED,AUTO
23:29:14,-83.24361,-12.26961,0,461,ON,RETRACTED,AUTO
23:29:14,-83.31131,-11.4679,0,457,ON,RETRACTED,AUTO
23:29:14,-84.26183,-2.681683,0,449,ON,RETRACTED,AUTO
23:29:14,-83.49121,-8.314225,0,439,ON,RETRACTED,AUTO
23:29:14,-84.1834,-5.073705,0,434,ON,RETRACTED,AUTO
23:29:14,-83.67906,-12.43605,0,434,ON,RETRACTED,AUTO
23:29:14,-83.59759,-15.69779,0,439,ON,RETRACTED,AUTO
23:29:14,-83.44317,-10.89442,0,447,ON,RETRACTED,AUTO
23:29:15,-83.87095,-4.848305,0,454,ON,RETRACTED,AUTO
23:29:15,-83.30379,-14.20256,0,459,ON,RETRACTED,AUTO
23:29:15,-83.57439,-11.45082,0,460,ON,RETRACTED,AUTO
23:29:15,-83.67103,-7.836635,0,456,ON,RETRACTED,AUTO
23:29:15,-83.56017,-7.721826,0,448,ON,RETRACTED,AUTO
23:29:15,-83.90563,-10.83766,0,439,ON,RETRACTED,AUTO
23:29:15,-83.45309,-9.598049,0,433,ON,RETRACTED,AUTO
23:29:15,-83.40339,-8.942166,0,434,ON,RETRACTED,AUTO
23:29:15,-83.43508,-9.346143,0,439,ON,RETRACTED,AUTO
23:29:15,-83.60003,-10.01493,0,447,ON,RETRACTED,AUTO
23:29:16,-83.38205,-9.845822,0,454,ON,RETRACTED,AUTO
23:29:16,-83.48878,-11.14643,0,460,ON,RETRACTED,AUTO
23:29:16,-83.27746,-9.575591,0,460,ON,RETRACTED,AUTO
23:29:16,-83.89837,-11.55732,0,456,ON,RETRACTED,AUTO
23:29:16,-83.53561,-8.418189,0,447,ON,RETRACTED,AUTO
23:29:16,-83.67525,-8.337444,0,438,ON,RETRACTED,AUTO
23:29:16,-82.91492,-18.19349,0,433,ON,RETRACTED,AUTO
23:29:16,-83.86128,-11.77855,0,434,ON,RETRACTED,AUTO
23:29:16,-84.39985,-1.373736,0,440,ON,RETRACTED,AUTO
23:29:17,-83.57128,-11.59218,0,448,ON,RETRACTED,AUTO
23:29:17,-83.42931,-10.17848,0,456,ON,RETRACTED,AUTO
23:29:17,-83.91723,-9.545631,0,460,ON,RETRACTED,AUTO
23:29:17,-83.59615,-9.185342,0,460,ON,RETRACTED,AUTO
23:29:17,-83.38078,-8.328472,0,454,ON,RETRACTED,AUTO
23:29:17,-83.31484,-10.81133,0,447,ON,RETRACTED,AUTO
23:29:17,-83.50592,-8.331375,0,437,ON,RETRACTED,AUTO
23:29:17,-83.28859,-13.41928,0,433,ON,RETRACTED,AUTO
23:29:17,-83.48579,-8.701026,0,435,ON,RETRACTED,AUTO
23:29:17,-83.73083,-10.6575,0,440,ON,RETRACTED,AUTO
23:29:18,-83.62736,-9.123769,0,448,ON,RETRACTED,AUTO
23:29:18,-83.6338,-10.38089,0,456,ON,RETRACTED,AUTO
23:29:18,-83.92484,-10.11124,0,460,ON,RETRACTED,AUTO
23:29:18,-83.61758,2.202598,0,460,ON,RETRACTED,AUTO
23:29:18,-83.69457,-7.231148,0,454,ON,RETRACTED,AUTO
23:29:18,-83.63286,-10.50032,0,446,ON,RETRACTED,AUTO
23:29:18,-83.99067,-2.059186,0,437,ON,RETRACTED,AUTO
23:29:18,-83.81489,-8.147769,0,433,ON,RETRACTED,AUTO
23:29:18,-83.133,-5.902255,0,436,ON,RETRACTED,AUTO
23:29:18,-84.07087,-11.15646,0,440,ON,RETRACTED,AUTO
23:29:19,-83.2844,-9.954606,0,448,ON,RETRACTED,AUTO
23:29:19,-83.32025,-11.26468,0,456,ON,RETRACTED,AUTO
23:29:19,-83.80444,-8.68975,0,460,ON,RETRACTED,AUTO
23:29:19,-83.75069,-11.57665,0,460,ON,RETRACTED,AUTO
23:29:19,-83.43916,-8.013818,0,454,ON,RETRACTED,AUTO
23:29:19,-83.58666,-7.960086,0,446,ON,RETRACTED,AUTO
23:29:19,-83.48734,-8.800199,0,437,ON,RETRACTED,AUTO
23:29:19,-83.61594,-9.581399,0,433,ON,RETRACTED,AUTO
23:29:19,-83.56396,-11.30993,0,436,ON,RETRACTED,AUTO
23:29:19,-83.64338,-8.54279,0,440,ON,RETRACTED,AUTO
23:29:20,-83.88673,-10.41786,0,449,ON,RETRACTED,AUTO
23:29:20,-83.18095,-5.824028,0,457,ON,RETRACTED,AUTO
23:29:20,-83.54574,-8.891746,0,461,ON,RETRACTED,AUTO
23:29:20,-83.39565,-6.327278,0,460,ON,RETRACTED,AUTO
23:29:20,-83.49049,-10.14555,0,454,ON,RETRACTED,AUTO
23:29:20,-83.44743,-12.52881,0,446,ON,RETRACTED,AUTO
23:29:20,-83.5494,-9.757963,0,437,ON,RETRACTED,AUTO
23:29:20,-83.44102,-8.51329,0,433,ON,RETRACTED,AUTO
23:29:20,-82.90305,-25.61021,0,436,ON,RETRACTED,AUTO
23:29:20,-83.27605,-6.352921,0,441,ON,RETRACTED,AUTO
23:29:21,-83.61135,-7.305759,0,449,ON,RETRACTED,AUTO
23:29:21,-83.39124,-8.444094,0,457,ON,RETRACTED,AUTO
23:29:21,-83.4753,-9.714299,0,461,ON,RETRACTED,AUTO
23:29:21,-83.51156,-9.540381,0,460,ON,RETRACTED,AUTO
23:29:21,-83.38201,-7.356104,0,454,ON,RETRACTED,AUTO
23:29:21,-83.38419,-9.021152,0,446,ON,RETRACTED,AUTO
23:29:21,-83.64058,-10.64207,0,437,ON,RETRACTED,AUTO
23:29:21,-83.46631,-10.08318,0,433,ON,RETRACTED,AUTO
23:29:21,-83.25523,-15.52411,0,436,ON,RETRACTED,AUTO
23:29:21,-83.39704,-11.44788,0,441,ON,RETRACTED,AUTO
23:29:22,-82.78139,-17.93089,0,449,ON,RETRACTED,AUTO
23:29:22,-83.5966,-10.57511,0,456,ON,RETRACTED,AUTO
23:29:22,-83.11415,2.405009,0,460,ON,RETRACTED,AUTO
23:29:22,-83.69971,-8.112777,0,460,ON,RETRACTED,AUTO
23:29:22,-83.62833,-8.903162,0,454,ON,RETRACTED,AUTO
23:29:22,-83.85687,-5.823776,0,446,ON,RETRACTED,AUTO
23:29:22,-83.31319,-10.42853,0,437,ON,RETRACTED,AUTO
23:29:22,-83.78405,-8.888358,0,433,ON,RETRACTED,AUTO
23:29:22,-83.88232,-12.50135,0,436,ON,RETRACTED,AUTO
23:29:22,-83.65829,-10.28306,0,441,ON,RETRACTED,AUTO
23:29:23,-83.67078,-10.92701,0,449,ON,RETRACTED,AUTO
23:29:23,-83.42714,-11.4712,0,457,ON,RETRACTED,AUTO
23:29:23,-83.93863,-11.3847,0,460,ON,RETRACTED,AUTO
23:29:23,-83.45701,-11.7295,0,460,ON,RETRACTED,AUTO
23:29:23,-83.4594,-10.33655,0,454,ON,RETRACTED,AUTO
23:29:23,-83.59256,-8.966353,0,446,ON,RETRACTED,AUTO
23:29:23,-83.84071,-16.54416,0,437,ON,RETRACTED,AUTO
23:29:23,-83.69852,-10.24991,0,433,ON,RETRACTED,AUTO
23:29:23,-83.56162,-11.07531,0,436,ON,RETRACTED,AUTO
23:29:23,-83.59201,-10.78994,0,441,ON,RETRACTED,AUTO
23:29:24,-83.75774,-8.130102,0,449,ON,RETRACTED,AUTO
23:29:24,-83.61599,-7.907163,0,456,ON,RETRACTED,AUTO
23:29:24,-83.80999,-9.544525,0,461,ON,RETRACTED,AUTO
23:29:24,-83.68671,-8.440365,0,460,ON,RETRACTED,AUTO
23:29:24,-83.37959,-9.596371,0,454,ON,RETRACTED,AUTO
23:29:24,-83.4043,-10.5043,0,446,ON,RETRACTED,AUTO
23:29:24,-83.53731,-10.44366,0,438,ON,RETRACTED,AUTO
23:29:24,-83.66318,-8.422514,0,434,ON,RETRACTED,AUTO
23:29:24,-83.32887,-9.974555,0,436,ON,RETRACTED,AUTO
23:29:24,-83.54285,-8.334365,0,441,ON,RETRACTED,AUTO
23:29:25,-83.54102,-10.91254,0,450,ON,RETRACTED,AUTO
23:29:25,-83.50419,-10.14555,0,457,ON,RETRACTED,AUTO
23:29:25,-83.74445,-8.463316,0,461,ON,RETRACTED,AUTO
23:29:25,-84.05073,-9.141641,0,460,ON,RETRACTED,AUTO
23:29:25,-83.69235,-10.83008,0,456,ON,RETRACTED,AUTO
23:29:25,-83.84845,-10.38274,0,447,ON,RETRACTED,AUTO
23:29:25,-83.30493,-10.97224,0,438,ON,RETRACTED,AUTO
23:29:25,-83.05283,-18.22635,0,434,ON,RETRACTED,AUTO
23:29:25,-83.64835,-9.362816,0,437,ON,RETRACTED,AUTO
23:29:25,-83.57767,-13.71551,0,441,ON,RETRACTED,AUTO
23:29:26,-83.61243,-8.506818,0,450,ON,RETRACTED,AUTO
23:29:26,-83.50139,-7.641846,0,457,ON,RETRACTED,AUTO
23:29:26,-83.43005,-9.926247,0,461,ON,RETRACTED,AUTO
23:29:26,-83.3345,-8.113765,0,461,ON,RETRACTED,AUTO
23:29:26,-83.41454,-8.013818,0,454,ON,RETRACTED,AUTO
23:29:26,-83.40962,-17.16192,0,447,ON,RETRACTED,AUTO
23:29:26,-83.69831,-9.119359,0,438,ON,RETRACTED,AUTO
23:29:26,-83.49913,-10.61237,0,434,ON,RETRACTED,AUTO
23:29:26,-82.45352,-23.86018,0,436,ON,RETRACTED,AUTO
23:29:27,-83.32336,-9.860861,0,441,ON,RETRACTED,AUTO
23:29:27,-83.95102,-11.03483,0,449,ON,RETRACTED,AUTO
23:29:27,-83.76316,-4.57885,0,456,ON,RETRACTED,AUTO
23:29:27,-83.33046,-8.622604,0,461,ON,RETRACTED,AUTO
23:29:27,-83.48238,-4.892307,0,460,ON,RETRACTED,AUTO
23:29:27,-83.55199,-6.48578,0,454,ON,RETRACTED,AUTO
23:29:27,-83.34399,-10.28405,0,447,ON,RETRACTED,AUTO
23:29:27,-83.7835,-12.38076,0,438,ON,RETRACTED,AUTO
23:29:27,-83.18112,-10.77902,0,434,ON,RETRACTED,AUTO
23:29:27,-83.15105,-9.75938,0,436,ON,RETRACTED,AUTO
23:29:28,-83.66652,-11.0702,0,440,ON,RETRACTED,AUTO
23:29:28,-83.45012,-9.830467,0,448,ON,RETRACTED,AUTO
23:29:28,-82.96095,-17.56952,0,456,ON,RETRACTED,AUTO
23:29:28,-83.43068,-15.86571,0,460,ON,RETRACTED,AUTO
23:29:28,-83.77086,-11.48009,0,460,ON,RETRACTED,AUTO
23:29:28,-83.82425,-7.544929,0,456,ON,RETRACTED,AUTO
23:29:28,-83.16671,-10.71011,0,447,ON,RETRACTED,AUTO
23:29:28,-83.40259,-5.194429,0,438,ON,RETRACTED,AUTO
23:29:28,-83.35933,-8.179509,0,434,ON,RETRACTED,AUTO
23:29:28,-83.54388,-11.33342,0,436,ON,RETRACTED,AUTO
23:29:29,-83.60903,-12.22904,0,440,ON,RETRACTED,AUTO
23:29:29,-83.43202,-9.443005,0,448,ON,RETRACTED,AUTO
23:29:29,-83.47746,-10.40055,0,456,ON,RETRACTED,AUTO
23:29:29,-83.65031,-14.79897,0,460,ON,RETRACTED,AUTO
23:29:29,-83.50327,-9.325345,0,461,ON,RETRACTED,AUTO
23:29:29,-83.65579,-5.238485,0,457,ON,RETRACTED,AUTO
23:29:29,-83.72768,-11.64781,0,448,ON,RETRACTED,AUTO
23:29:29,-83.42905,-10.23161,0,439,ON,RETRACTED,AUTO
23:29:29,-83.76193,-10.8248,0,434,ON,RETRACTED,AUTO
23:29:29,-83.43895,-10.66307,0,436,ON,RETRACTED,AUTO
23:29:30,-83.1776,-4.934986,0,440,ON,RETRACTED,AUTO
23:29:30,-83.74596,-10.43748,0,448,ON,RETRACTED,AUTO
23:29:30,-83.50398,-9.052795,0,456,ON,RETRACTED,AUTO
23:29:30,-83.9127,2.707917,0,460,ON,RETRACTED,AUTO
23:29:30,-83.38362,-5.873962,0,461,ON,RETRACTED,AUTO
23:29:30,-83.66915,-12.26477,0,457,ON,RETRACTED,AUTO
23:29:30,-83.78041,-9.706653,0,448,ON,RETRACTED,AUTO
23:29:30,-83.30045,-14.67905,0,440,ON,RETRACTED,AUTO
23:29:30,-83.47791,-9.346143,0,434,ON,RETRACTED,AUTO
23:29:30,-83.25468,-7.367069,0,434,ON,RETRACTED,AUTO
23:29:31,-83.56657,-10.48711,0,438,ON,RETRACTED,AUTO
23:29:31,-83.44302,-8.997145,0,446,ON,RETRACTED,AUTO
23:29:31,-83.42625,-8.097022,0,452,ON,RETRACTED,AUTO
23:29:31,-83.41178,-11.6775,0,459,ON,RETRACTED,AUTO
23:29:31,-83.55612,-8.991248,0,460,ON,RETRACTED,AUTO
23:29:31,-83.66251,-11.64415,0,457,ON,RETRACTED,AUTO
23:29:31,-83.31889,-10.18132,0,449,ON,RETRACTED,AUTO
23:29:31,-83.27528,-17.13628,0,439,ON,RETRACTED,AUTO
23:29:31,-82.65623,-13.98497,0,434,ON,RETRACTED,AUTO
23:29:31,-83.29552,-7.754771,0,433,ON,RETRACTED,AUTO
23:29:32,-83.71092,-11.40655,0,438,ON,RETRACTED,AUTO
23:29:32,-83.4181,-12.41429,0,446,ON,RETRACTED,AUTO
23:29:32,-83.75378,-7.20182,0,452,ON,RETRACTED,AUTO
23:29:32,-83.52406,-12.7356,0,459,ON,RETRACTED,AUTO
23:29:32,-83.44653,-10.80086,0,461,ON,RETRACTED,AUTO
23:29:32,-83.57327,-10.53093,0,458,ON,RETRACTED,AUTO
23:29:32,-83.39465,-11.17242,0,450,ON,RETRACTED,AUTO
23:29:32,-83.65886,-10.40283,0,441,ON,RETRACTED,AUTO
23:29:32,-83.48483,-10.4958,0,435,ON,RETRACTED,AUTO
23:29:32,-83.54782,-3.012788,0,434,ON,RETRACTED,AUTO
23:29:33,-83.61868,-8.113035,0,438,ON,RETRACTED,AUTO
23:29:33,-83.47997,-13.14556,0,446,ON,RETRACTED,AUTO
23:29:33,-83.38262,-11.83473,0,451,ON,RETRACTED,AUTO
23:29:33,-84.02653,-6.225829,0,459,ON,RETRACTED,AUTO
23:29:33,-83.55922,-13.80556,0,461,ON,RETRACTED,AUTO
23:29:33,-83.63309,-12.80427,0,459,ON,RETRACTED,AUTO
23:29:33,-83.43904,-17.51388,0,450,ON,RETRACTED,AUTO
23:29:33,-83.51059,-9.090278,0,442,ON,RETRACTED,AUTO
23:29:33,-83.68024,-11.93269,0,435,ON,RETRACTED,AUTO
23:29:33,-82.96149,18.50729,0,433,ON,RETRACTED,AUTO
23:29:34,-83.53271,-9.364079,0,437,ON,RETRACTED,AUTO
23:29:34,-83.60184,-9.02872,0,442,ON,RETRACTED,AUTO
23:29:34,-83.50649,-9.560096,0,450,ON,RETRACTED,AUTO
23:29:34,-83.67626,-11.45389,0,458,ON,RETRACTED,AUTO
23:29:34,-83.47556,-12.49041,0,461,ON,RETRACTED,AUTO
23:29:34,-83.48595,-9.677352,0,459,ON,RETRACTED,AUTO
23:29:34,-84.08039,-11.02845,0,452,ON,RETRACTED,AUTO
23:29:34,-83.9548,-10.04462,0,442,ON,RETRACTED,AUTO
23:29:34,-83.73858,0.246963,0,437,ON,RETRACTED,AUTO
23:29:34,-84.08121,-7.982529,0,435,ON,RETRACTED,AUTO
23:29:35,-84.12309,-8.9658,0,434,ON,RETRACTED,AUTO
23:29:35,-83.56863,-9.778325,0,298,ON,RETRACTED,AUTO
23:29:35,-83.79206,-12.1643,0,449,ON,RETRACTED,AUTO
23:29:35,-83.68508,-9.844825,0,460,ON,RETRACTED,AUTO
23:29:35,-83.56947,-10.27259,0,463,ON,RETRACTED,AUTO
23:29:35,-83.80402,-8.623109,0,462,ON,RETRACTED,AUTO
23:29:35,-83.89539,-8.775056,0,457,ON,RETRACTED,AUTO
23:29:35,-83.68077,-9.080624,0,448,ON,RETRACTED,AUTO
23:29:35,-83.59702,-10.17551,0,439,ON,RETRACTED,AUTO
23:29:35,-83.71096,-9.724129,0,437,ON,RETRACTED,AUTO
23:29:36,-83.57275,-9.876075,0,439,ON,RETRACTED,AUTO
23:29:36,-83.76478,-11.3342,0,446,ON,RETRACTED,AUTO
23:29:36,-83.60949,-11.30993,0,452,ON,RETRACTED,AUTO
23:29:36,-83.56934,-9.501687,0,460,ON,RETRACTED,AUTO
23:29:36,-83.90214,-12.10359,0,464,ON,RETRACTED,AUTO
23:29:36,-83.74167,-7.92074,0,463,ON,RETRACTED,AUTO
23:29:36,-83.41901,-9.462322,0,457,ON,RETRACTED,AUTO
23:29:36,-83.77035,-9.482741,0,449,ON,RETRACTED,AUTO
23:29:36,-83.5585,-11.35701,0,440,ON,RETRACTED,AUTO
23:29:37,-83.62729,-7.650651,0,437,ON,RETRACTED,AUTO
23:29:37,-83.61147,-9.581399,0,439,ON,RETRACTED,AUTO
23:29:37,-83.85004,-8.183335,0,446,ON,RETRACTED,AUTO
23:29:37,-83.70142,-9.080624,0,452,ON,RETRACTED,AUTO
23:29:37,-83.55838,-9.364079,0,460,ON,RETRACTED,AUTO
23:29:37,-83.65025,-10.16321,0,464,ON,RETRACTED,AUTO
23:29:37,-83.49165,-8.24803,0,464,ON,RETRACTED,AUTO
23:29:37,-83.42734,-7.563496,0,459,ON,RETRACTED,AUTO
23:29:37,-83.74091,-8.530766,0,450,ON,RETRACTED,AUTO
23:29:37,-83.8764,-7.702796,0,440,ON,RETRACTED,AUTO
23:29:38,-83.69302,-10.39289,0,437,ON,RETRACTED,AUTO
23:29:38,-83.87165,-7.469507,0,438,ON,RETRACTED,AUTO
23:29:38,-83.93134,-8.022404,0,442,ON,RETRACTED,AUTO
23:29:38,-83.8071,-9.828684,0,451,ON,RETRACTED,AUTO
23:29:38,-83.23736,-8.194263,0,459,ON,RETRACTED,AUTO
23:29:38,-83.78228,-7.742737,0,463,ON,RETRACTED,AUTO
23:29:38,-83.58533,-9.204592,0,463,ON,RETRACTED,AUTO
23:29:38,-83.56538,-8.536689,0,459,ON,RETRACTED,AUTO
23:29:38,-83.69848,-9.603345,0,450,ON,RETRACTED,AUTO
23:29:38,-83.97459,-9.651834,0,440,ON,RETRACTED,AUTO
23:29:39,-83.71441,-8.130102,0,436,ON,RETRACTED,AUTO
23:29:39,-83.87206,-8.593017,0,437,ON,RETRACTED,AUTO
23:29:39,-83.53802,-9.639769,0,441,ON,RETRACTED,AUTO
23:29:39,-83.9091,-10.98623,0,450,ON,RETRACTED,AUTO
23:29:39,-83.76836,-10.58163,0,458,ON,RETRACTED,AUTO
23:29:39,-83.77916,-8.604482,0,462,ON,RETRACTED,AUTO
23:29:39,-83.5485,-8.383248,0,463,ON,RETRACTED,AUTO
23:29:39,-83.71307,-8.476296,0,459,ON,RETRACTED,AUTO
23:29:39,-83.61471,-7.890515,0,450,ON,RETRACTED,AUTO
23:29:39,-83.74538,-9.381511,0,441,ON,RETRACTED,AUTO
23:29:40,-83.6071,-10.57511,0,437,ON,RETRACTED,AUTO
23:29:40,-83.66924,-9.302054,0,437,ON,RETRACTED,AUTO
23:29:40,-83.28276,-8.650073,0,441,ON,RETRACTED,AUTO
23:29:40,-83.86345,-8.593017,0,449,ON,RETRACTED,AUTO
23:29:40,-83.5032,-8.113286,0,457,ON,RETRACTED,AUTO
23:29:40,-84.02081,-9.441156,0,462,ON,RETRACTED,AUTO
23:29:40,-83.46346,-10.66307,0,463,ON,RETRACTED,AUTO
23:29:40,-83.72384,-10.80162,0,459,ON,RETRACTED,AUTO
23:29:40,-83.81061,-9.400781,0,451,ON,RETRACTED,AUTO
23:29:40,-83.90614,-11.73213,0,441,ON,RETRACTED,AUTO
23:29:41,-83.66218,-8.662991,0,436,ON,RETRACTED,AUTO
23:29:41,-83.99361,-7.236922,0,437,ON,RETRACTED,AUTO
23:29:41,-83.64037,-7.683025,0,442,ON,RETRACTED,AUTO
23:29:41,-83.47978,-8.079859,0,450,ON,RETRACTED,AUTO
23:29:41,-83.79581,-11.62648,0,457,ON,RETRACTED,AUTO
23:29:41,-83.81516,-7.372313,0,462,ON,RETRACTED,AUTO
23:29:41,-84.00414,-7.765165,0,464,ON,RETRACTED,AUTO
23:29:41,-83.73791,-9.886877,0,460,ON,RETRACTED,AUTO
23:29:41,-83.6984,-9.099951,0,451,ON,RETRACTED,AUTO
23:29:41,-83.97563,-9.799849,0,441,ON,RETRACTED,AUTO
23:29:42,-83.59084,-9.958981,0,436,ON,RETRACTED,AUTO
23:29:42,-83.39038,-9.021152,0,436,ON,RETRACTED,AUTO
23:29:42,-83.57455,-8.791765,0,440,ON,RETRACTED,AUTO
23:29:42,-83.76682,-10.19424,0,448,ON,RETRACTED,AUTO
23:29:42,-83.72925,-9.644404,0,457,ON,RETRACTED,AUTO
23:29:42,-83.7086,-10.46917,0,462,ON,RETRACTED,AUTO
23:29:42,-83.90141,-10.93805,0,464,ON,RETRACTED,AUTO
23:29:42,-83.38924,-9.251466,0,460,ON,RETRACTED,AUTO
23:29:42,-83.71493,-7.368051,0,451,ON,RETRACTED,AUTO
23:29:42,-83.84041,-8.431562,0,441,ON,RETRACTED,AUTO
23:29:43,-83.52171,-8.466145,0,437,ON,RETRACTED,AUTO
23:29:43,-83.63927,-9.123769,0,436,ON,RETRACTED,AUTO
23:29:43,-83.69608,-8.978995,0,440,ON,RETRACTED,AUTO
23:29:43,-83.69879,-10.58957,0,448,ON,RETRACTED,AUTO
23:29:43,-83.7461,-9.340026,0,456,ON,RETRACTED,AUTO
23:29:43,-83.57124,-10.62703,0,461,ON,RETRACTED,AUTO
23:29:43,-83.89409,-8.861195,0,462,ON,RETRACTED,AUTO
23:29:43,-83.87244,-9.855036,0,460,ON,RETRACTED,AUTO
23:29:43,-83.77797,-7.431408,0,452,ON,RETRACTED,AUTO
23:29:43,-83.87657,-9.00546,0,442,ON,RETRACTED,AUTO
23:29:44,-83.63758,-10.09914,0,437,ON,RETRACTED,AUTO
23:29:44,-83.54767,-8.518944,0,437,ON,RETRACTED,AUTO
23:29:44,-83.66406,-10.50032,0,441,ON,RETRACTED,AUTO
23:29:44,-84.05684,-10.57182,0,449,ON,RETRACTED,AUTO
23:29:44,-83.546,-7.570889,0,457,ON,RETRACTED,AUTO
23:29:44,-83.65794,-8.922,0,462,ON,RETRACTED,AUTO
23:29:44,-83.2681,-9.180541,0,464,ON,RETRACTED,AUTO
23:29:44,-84.03118,-10.95406,0,460,ON,RETRACTED,AUTO
23:29:44,-84.17413,-9.723845,0,452,ON,RETRACTED,AUTO
23:29:44,-83.786,-8.746162,0,442,ON,RETRACTED,AUTO
23:29:45,-83.59187,-9.343163,0,437,ON,RETRACTED,AUTO
23:29:45,-83.88647,-10.39506,0,437,ON,RETRACTED,AUTO
23:29:45,-83.37978,-9.920527,0,441,ON,RETRACTED,AUTO
23:29:45,-84.0413,-11.38643,0,449,ON,RETRACTED,AUTO
23:29:45,-83.87502,-10.31618,0,457,ON,RETRACTED,AUTO
23:29:45,-83.6655,-11.02346,0,462,ON,RETRACTED,AUTO
23:29:45,-84.12279,-8.666599,0,463,ON,RETRACTED,AUTO
23:29:45,-83.35818,-9.251466,0,460,ON,RETRACTED,AUTO
23:29:45,-83.6209,-9.720768,0,452,ON,RETRACTED,AUTO
23:29:45,-83.85593,-8.736572,0,442,ON,RETRACTED,AUTO
23:29:46,-84.00681,-8.530766,0,437,ON,RETRACTED,AUTO
23:29:46,-83.71897,-9.844825,0,437,ON,RETRACTED,AUTO
23:29:46,-83.34718,-8.737339,0,441,ON,RETRACTED,AUTO
23:29:46,-83.56522,-9.798771,0,448,ON,RETRACTED,AUTO
23:29:46,-83.74045,-8.304784,0,456,ON,RETRACTED,AUTO
23:29:46,-83.85757,-10.84292,0,461,ON,RETRACTED,AUTO
23:29:46,-84.28222,-9.106314,0,464,ON,RETRACTED,AUTO
23:29:46,-83.92728,-9.045177,0,460,ON,RETRACTED,AUTO
23:29:46,-83.61362,-12.18769,0,452,ON,RETRACTED,AUTO
23:29:47,-83.73067,-9.119359,0,442,ON,RETRACTED,AUTO
23:29:47,-83.68559,-8.699761,0,437,ON,RETRACTED,AUTO
23:29:47,-83.56248,-8.435768,0,437,ON,RETRACTED,AUTO
23:29:47,-83.93503,-9.420652,0,441,ON,RETRACTED,AUTO
23:29:47,-83.54697,-11.66115,0,449,ON,RETRACTED,AUTO
23:29:47,-83.75569,-10.29381,0,457,ON,RETRACTED,AUTO
23:29:47,-84.0455,-10.06069,0,462,ON,RETRACTED,AUTO
23:29:47,-83.30663,-8.912693,0,464,ON,RETRACTED,AUTO
23:29:47,-83.88985,-9.275148,0,460,ON,RETRACTED,AUTO
23:29:47,-83.52142,-8.637132,0,452,ON,RETRACTED,AUTO
23:29:48,-83.36555,-9.462323,0,442,ON,RETRACTED,AUTO
23:29:48,-83.78638,-9.748593,0,437,ON,RETRACTED,AUTO
23:29:48,-83.26104,-7.564436,0,437,ON,RETRACTED,AUTO
23:29:48,-83.60919,-9.462322,0,441,ON,RETRACTED,AUTO
23:29:48,-83.60995,-9.085512,0,449,ON,RETRACTED,AUTO
23:29:48,-83.47469,-12.0287,0,457,ON,RETRACTED,AUTO
23:29:48,-84.06519,-8.498559,0,462,ON,RETRACTED,AUTO
23:29:48,-83.34873,-10.47041,0,464,ON,RETRACTED,AUTO
23:29:48,-83.77102,-9.340026,0,461,ON,RETRACTED,AUTO
23:29:48,-83.55949,-8.791765,0,453,ON,RETRACTED,AUTO
23:29:49,-83.639,-9.402369,0,444,ON,RETRACTED,AUTO
23:29:49,-83.78548,-9.849863,0,438,ON,RETRACTED,AUTO
23:29:49,-83.45463,-9.598049,0,437,ON,RETRACTED,AUTO
23:29:49,-83.45012,-9.830467,0,441,ON,RETRACTED,AUTO
23:29:49,-83.86541,-10.14685,0,448,ON,RETRACTED,AUTO
23:29:49,-83.73799,-5.931527,0,457,ON,RETRACTED,AUTO
23:29:49,-83.67849,-9.944294,0,462,ON,RETRACTED,AUTO
23:29:49,-83.97734,-14.53446,0,464,ON,RETRACTED,AUTO
23:29:49,-83.54848,-11.66115,0,461,ON,RETRACTED,AUTO
23:29:49,-83.60296,-7.155022,0,452,ON,RETRACTED,AUTO
23:29:50,-83.36747,-7.702284,0,446,ON,RETRACTED,AUTO
23:29:50,-83.81283,-7.900284,0,438,ON,RETRACTED,AUTO
23:29:50,-83.66423,-8.095525,0,437,ON,RETRACTED,AUTO
23:29:50,-83.45913,-9.694446,0,441,ON,RETRACTED,AUTO
23:29:50,-83.9789,-8.638738,0,449,ON,RETRACTED,AUTO
23:29:50,-83.56483,-9.501687,0,456,ON,RETRACTED,AUTO
23:29:50,-83.81539,-8.394949,0,462,ON,RETRACTED,AUTO
23:29:50,-83.84697,-9.688787,0,464,ON,RETRACTED,AUTO
23:29:50,-83.99103,-7.892967,0,461,ON,RETRACTED,AUTO
23:29:50,-83.8886,-10.24856,0,452,ON,RETRACTED,AUTO
23:29:51,-83.67512,-7.957526,0,446,ON,RETRACTED,AUTO
23:29:51,-83.89896,-7.896683,0,438,ON,RETRACTED,AUTO
23:29:51,-83.65219,-8.181735,0,437,ON,RETRACTED,AUTO
23:29:51,-83.6973,-8.373027,0,441,ON,RETRACTED,AUTO
23:29:51,-83.59765,-10.29407,0,448,ON,RETRACTED,AUTO
23:29:51,-83.36105,-9.557688,0,456,ON,RETRACTED,AUTO
23:29:51,-83.51724,-7.007456,0,462,ON,RETRACTED,AUTO
23:29:51,-83.798,-10.77265,0,464,ON,RETRACTED,AUTO
23:29:51,-83.74915,-8.269254,0,461,ON,RETRACTED,AUTO
23:29:51,-83.58933,-7.483298,0,453,ON,RETRACTED,AUTO
23:29:52,-83.49697,-8.683101,0,446,ON,RETRACTED,AUTO
23:29:52,-84.15032,-8.50458,0,438,ON,RETRACTED,AUTO
23:29:52,-83.57298,-9.304102,0,437,ON,RETRACTED,AUTO
23:29:52,-84.02969,-11.48795,0,440,ON,RETRACTED,AUTO
23:29:52,-83.85438,-9.709908,0,448,ON,RETRACTED,AUTO
23:29:52,-83.71173,-9.603345,0,456,ON,RETRACTED,AUTO
23:29:52,-83.90101,-10.04462,0,461,ON,RETRACTED,AUTO
23:29:52,-83.82428,-10.8194,0,464,ON,RETRACTED,AUTO
23:29:52,-83.80119,-8.25347,0,461,ON,RETRACTED,AUTO
23:29:52,-83.72626,-9.665066,0,454,ON,RETRACTED,AUTO
23:29:53,-83.85035,-10.76663,0,446,ON,RETRACTED,AUTO
23:29:53,-83.62431,-8.86572,0,438,ON,RETRACTED,AUTO
23:29:53,-83.74132,-8.811954,0,437,ON,RETRACTED,AUTO
23:29:53,-83.88691,-10.51901,0,440,ON,RETRACTED,AUTO
23:29:53,-83.96203,-8.833414,0,448,ON,RETRACTED,AUTO
23:29:53,-83.57433,-9.14708,0,456,ON,RETRACTED,AUTO
23:29:53,-83.67512,-10.20638,0,461,ON,RETRACTED,AUTO
23:29:53,-83.50364,-9.403877,0,464,ON,RETRACTED,AUTO
23:29:53,-83.36681,-9.195565,0,461,ON,RETRACTED,AUTO
23:29:53,-83.74739,-9.017394,0,454,ON,RETRACTED,AUTO
23:29:54,-83.71017,-9.381511,0,446,ON,RETRACTED,AUTO
23:29:54,-83.8727,-9.8766,0,437,ON,RETRACTED,AUTO
23:29:54,-83.64845,-11.26223,0,436,ON,RETRACTED,AUTO
23:29:54,-83.58952,-9.304102,0,439,ON,RETRACTED,AUTO
23:29:54,-83.6942,-9.803125,0,447,ON,RETRACTED,AUTO
23:29:54,-83.55961,-10.60493,0,454,ON,RETRACTED,AUTO
23:29:54,-83.85993,-7.810414,0,461,ON,RETRACTED,AUTO
23:29:54,-83.44341,-9.327054,0,464,ON,RETRACTED,AUTO
23:29:54,-83.79649,-8.394949,0,461,ON,RETRACTED,AUTO
23:29:54,-83.48177,-9.754249,0,456,ON,RETRACTED,AUTO
23:29:55,-83.56403,-9.047572,0,447,ON,RETRACTED,AUTO
23:29:55,-83.81476,-9.134569,0,438,ON,RETRACTED,AUTO
23:29:55,-83.89432,-11.03792,0,437,ON,RETRACTED,AUTO
23:29:55,-83.85309,-9.214378,0,440,ON,RETRACTED,AUTO
23:29:55,-83.85042,-9.483014,0,447,ON,RETRACTED,AUTO
23:29:55,-83.63609,-7.754286,0,454,ON,RETRACTED,AUTO
23:29:55,-83.92123,-8.543328,0,461,ON,RETRACTED,AUTO
23:29:55,-83.64347,-9.402369,0,464,ON,RETRACTED,AUTO
23:29:55,-83.6827,-10.18475,0,462,ON,RETRACTED,AUTO
23:29:55,-83.76561,-7.832146,0,456,ON,RETRACTED,AUTO
23:29:56,-83.64288,-9.262826,0,447,ON,RETRACTED,AUTO
23:29:56,-83.60334,-9.204592,0,438,ON,RETRACTED,AUTO
23:29:56,-83.92455,-9.378218,0,436,ON,RETRACTED,AUTO
23:29:56,-83.83665,-11.75293,0,439,ON,RETRACTED,AUTO
23:29:56,-83.87475,-9.150257,0,446,ON,RETRACTED,AUTO
23:29:56,-83.84013,-8.041546,0,454,ON,RETRACTED,AUTO
23:29:56,-83.79489,-8.37676,0,460,ON,RETRACTED,AUTO
23:29:56,-83.74825,-9.17808,0,464,ON,RETRACTED,AUTO
23:29:56,-83.87865,-8.880659,0,461,ON,RETRACTED,AUTO
23:29:57,-83.88344,-11.28522,0,456,ON,RETRACTED,AUTO
23:29:57,-83.47655,-10.37913,0,447,ON,RETRACTED,AUTO
23:29:57,-83.69983,-10.99684,0,439,ON,RETRACTED,AUTO
23:29:57,-83.65125,-8.783115,0,436,ON,RETRACTED,AUTO
23:29:57,-83.69229,-10.08595,0,439,ON,RETRACTED,AUTO
23:29:57,-83.70554,-8.147501,0,446,ON,RETRACTED,AUTO
23:29:57,-83.96252,-10.05254,0,452,ON,RETRACTED,AUTO
23:29:57,-83.63909,-10.64207,0,460,ON,RETRACTED,AUTO
23:29:57,-83.40806,-7.617809,0,464,ON,RETRACTED,AUTO
23:29:57,-83.80101,-7.88314,0,462,ON,RETRACTED,AUTO
23:29:58,-83.38659,-8.444094,0,457,ON,RETRACTED,AUTO
23:29:58,-83.72505,-10.24991,0,448,ON,RETRACTED,AUTO
23:29:58,-83.93368,-8.833414,0,439,ON,RETRACTED,AUTO
23:29:58,-83.59348,-9.819301,0,436,ON,RETRACTED,AUTO
23:29:58,-83.7263,-10.3159,0,438,ON,RETRACTED,AUTO
23:29:58,-83.77082,-11.50482,0,446,ON,RETRACTED,AUTO
23:29:58,-83.83988,-9.194298,0,451,ON,RETRACTED,AUTO
23:29:58,-83.90626,-9.065166,0,460,ON,RETRACTED,AUTO
23:29:58,-83.67525,-8.337444,0,463,ON,RETRACTED,AUTO
23:29:58,-83.94778,-11.65929,0,462,ON,RETRACTED,AUTO
23:29:59,-83.90076,-7.628149,0,457,ON,RETRACTED,AUTO
23:29:59,-83.58533,-9.204592,0,449,ON,RETRACTED,AUTO
23:29:59,-84.11923,-7.255568,0,440,ON,RETRACTED,AUTO
23:29:59,-83.9549,-9.926246,0,437,ON,RETRACTED,AUTO
23:29:59,-83.38958,-7.981197,0,438,ON,RETRACTED,AUTO
23:29:59,-83.78394,-10.48244,0,446,ON,RETRACTED,AUTO
23:29:59,-83.7365,-9.158422,0,451,ON,RETRACTED,AUTO
23:29:59,-83.80402,-8.623109,0,459,ON,RETRACTED,AUTO
23:29:59,-83.77523,-9.075606,0,463,ON,RETRACTED,AUTO
23:29:59,-83.80572,-8.271399,0,463,ON,RETRACTED,AUTO
23:30:00,-83.68806,-9.099951,0,459,ON,RETRACTED,AUTO
23:30:00,-83.72162,-10.51387,0,450,ON,RETRACTED,AUTO
23:30:00,-83.63859,-8.644722,0,441,ON,RETRACTED,AUTO
23:30:00,-83.75275,-9.482741,0,437,ON,RETRACTED,AUTO
23:30:00,-83.60985,-10.21826,0,438,ON,RETRACTED,AUTO
23:30:00,-83.70705,-7.61082,0,442,ON,RETRACTED,AUTO
23:30:00,-83.75426,-8.604482,0,450,ON,RETRACTED,AUTO
23:30:00,-83.49764,-9.93211,0,457,ON,RETRACTED,AUTO
23:30:00,-83.76001,-7.692739,0,462,ON,RETRACTED,AUTO
23:30:00,-83.45626,-9.113553,0,464,ON,RETRACTED,AUTO
23:30:01,-83.76187,-8.830933,0,460,ON,RETRACTED,AUTO
23:30:01,-83.77142,-11.11522,0,451,ON,RETRACTED,AUTO
23:30:01,-83.85856,-8.717458,0,442,ON,RETRACTED,AUTO
23:30:01,-83.80569,-10.1378,0,437,ON,RETRACTED,AUTO
23:30:01,-83.60245,-8.471145,0,437,ON,RETRACTED,AUTO
23:30:01,-83.73569,-9.036716,0,441,ON,RETRACTED,AUTO
23:30:01,-83.60369,-8.488944,0,449,ON,RETRACTED,AUTO
23:30:01,-83.85806,-9.58616,0,457,ON,RETRACTED,AUTO
23:30:01,-83.70878,-9.361521,0,462,ON,RETRACTED,AUTO
23:30:01,-83.59279,-11.78305,0,464,ON,RETRACTED,AUTO
23:30:02,-83.65685,-11.61964,0,461,ON,RETRACTED,AUTO
23:30:02,-83.89233,-10.89028,0,453,ON,RETRACTED,AUTO
23:30:02,-84.05606,-10.59569,0,445,ON,RETRACTED,AUTO
23:30:02,-83.61566,-8.488944,0,438,ON,RETRACTED,AUTO
23:30:02,-83.92374,-9.170424,0,437,ON,RETRACTED,AUTO
23:30:02,-83.86385,-9.090277,0,440,ON,RETRACTED,AUTO
23:30:02,-83.40301,-8.246322,0,447,ON,RETRACTED,AUTO
23:30:02,-83.69761,-10.37074,0,454,ON,RETRACTED,AUTO
23:30:02,-83.68948,-10.27182,0,461,ON,RETRACTED,AUTO
23:30:02,-83.54398,-8.383248,0,464,ON,RETRACTED,AUTO
23:30:03,-83.89299,-8.880659,0,461,ON,RETRACTED,AUTO
23:30:03,-83.71983,-8.286981,0,456,ON,RETRACTED,AUTO
23:30:03,-83.9649,-8.892549,0,447,ON,RETRACTED,AUTO
23:30:03,-84.00323,-11.30993,0,439,ON,RETRACTED,AUTO
23:30:03,-84.03874,-10.97875,0,436,ON,RETRACTED,AUTO
23:30:03,-83.50835,-10.30485,0,439,ON,RETRACTED,AUTO
23:30:03,-83.71105,-11.21388,0,446,ON,RETRACTED,AUTO
23:30:03,-84.06409,-11.28437,0,452,ON,RETRACTED,AUTO
23:30:03,-83.60213,-8.847116,0,459,ON,RETRACTED,AUTO
23:30:03,-83.51529,-8.737098,0,464,ON,RETRACTED,AUTO
23:30:04,-83.59974,-10.41255,0,462,ON,RETRACTED,AUTO
23:30:04,-84.01972,-12.04936,0,457,ON,RETRACTED,AUTO
23:30:04,-83.90092,-9.170424,0,448,ON,RETRACTED,AUTO
23:30:04,-83.85397,-10.22622,0,440,ON,RETRACTED,AUTO
23:30:04,-83.76955,-9.584531,0,437,ON,RETRACTED,AUTO
23:30:04,-83.84471,-9.812184,0,438,ON,RETRACTED,AUTO
23:30:04,-83.55129,-11.80243,0,442,ON,RETRACTED,AUTO
23:30:04,-84.0267,-10.82676,0,450,ON,RETRACTED,AUTO
23:30:04,-83.52271,-9.579892,0,457,ON,RETRACTED,AUTO
23:30:04,-83.91665,-9.33672,0,462,ON,RETRACTED,AUTO
23:30:05,-83.81347,-10.26032,0,463,ON,RETRACTED,AUTO
23:30:05,-84.05563,-8.075027,0,459,ON,RETRACTED,AUTO
23:30:05,-83.80898,-11.04094,0,451,ON,RETRACTED,AUTO
23:30:05,-83.76385,-8.68975,0,442,ON,RETRACTED,AUTO
23:30:05,-83.86938,-9.00546,0,437,ON,RETRACTED,AUTO
23:30:05,-83.75895,-10.07248,0,437,ON,RETRACTED,AUTO
23:30:05,-83.55569,-10.86287,0,440,ON,RETRACTED,AUTO
23:30:05,-83.70123,-9.865807,0,448,ON,RETRACTED,AUTO
23:30:05,-83.75013,-8.060186,0,456,ON,RETRACTED,AUTO
23:30:05,-83.68685,-9.321794,0,461,ON,RETRACTED,AUTO
23:30:06,-83.63153,-9.881407,0,464,ON,RETRACTED,AUTO
23:30:06,-83.78297,-8.727278,0,461,ON,RETRACTED,AUTO
23:30:06,-84.35194,-9.057888,0,454,ON,RETRACTED,AUTO
23:30:06,-84.10206,-10.02318,0,446,ON,RETRACTED,AUTO
23:30:06,-83.68198,-8.839128,0,438,ON,RETRACTED,AUTO
23:30:06,-83.85261,-9.358825,0,436,ON,RETRACTED,AUTO
23:30:06,-83.55731,-9.501687,0,439,ON,RETRACTED,AUTO
23:30:06,-84.01324,-9.059732,0,446,ON,RETRACTED,AUTO
23:30:06,-83.5144,-9.697381,0,452,ON,RETRACTED,AUTO
23:30:07,-83.56437,-9.442511,0,460,ON,RETRACTED,AUTO
23:30:07,-83.50488,-8.314225,0,463,ON,RETRACTED,AUTO
23:30:07,-83.71657,-11.09372,0,462,ON,RETRACTED,AUTO
23:30:07,-83.96049,-7.045769,0,457,ON,RETRACTED,AUTO
23:30:07,-83.71951,-9.807595,0,448,ON,RETRACTED,AUTO
23:30:07,-83.65703,-8.801709,0,440,ON,RETRACTED,AUTO
23:30:07,-83.79778,-8.765128,0,436,ON,RETRACTED,AUTO
23:30:07,-83.97052,-10.30485,0,437,ON,RETRACTED,AUTO
23:30:07,-83.63918,-10.26137,0,442,ON,RETRACTED,AUTO
23:30:07,-83.66492,-10.18475,0,450,ON,RETRACTED,AUTO
23:30:08,-83.82362,-6.768279,0,457,ON,RETRACTED,AUTO
23:30:08,-83.82976,-9.194298,0,462,ON,RETRACTED,AUTO
23:30:08,-83.74186,-7.340471,0,464,ON,RETRACTED,AUTO
23:30:08,-84.02256,-9.504936,0,460,ON,RETRACTED,AUTO
23:30:08,-83.65345,-10.14177,0,451,ON,RETRACTED,AUTO
23:30:08,-83.78346,-9.237555,0,442,ON,RETRACTED,AUTO
23:30:08,-83.6788,-10.10743,0,437,ON,RETRACTED,AUTO
23:30:08,-83.68233,-9.582945,0,437,ON,RETRACTED,AUTO
23:30:08,-83.56068,-10.62703,0,440,ON,RETRACTED,AUTO
23:30:08,-83.7087,-9.381511,0,448,ON,RETRACTED,AUTO
23:30:09,-83.81709,-10.42777,0,456,ON,RETRACTED,AUTO
23:30:09,-83.7395,-9.44199,0,461,ON,RETRACTED,AUTO
23:30:09,-83.84761,-8.431562,0,464,ON,RETRACTED,AUTO
23:30:09,-83.90102,-8.004729,0,461,ON,RETRACTED,AUTO
23:30:09,-83.98859,-9.546767,0,454,ON,RETRACTED,AUTO
23:30:09,-83.6278,-11.09606,0,446,ON,RETRACTED,AUTO
23:30:09,-83.57224,-10.13311,0,438,ON,RETRACTED,AUTO
23:30:09,-83.60851,-9.004126,0,436,ON,RETRACTED,AUTO
23:30:09,-83.92737,-9.211026,0,439,ON,RETRACTED,AUTO
23:30:09,-83.91438,-9.545631,0,446,ON,RETRACTED,AUTO
23:30:10,-83.48743,-10.14555,0,452,ON,RETRACTED,AUTO
23:30:10,-83.87815,-11.43368,0,460,ON,RETRACTED,AUTO
23:30:10,-83.78244,-10.45991,0,463,ON,RETRACTED,AUTO
23:30:10,-83.59303,-9.917356,0,462,ON,RETRACTED,AUTO
23:30:10,-83.88388,-9.855036,0,457,ON,RETRACTED,AUTO
23:30:10,-83.81822,-8.024064,0,449,ON,RETRACTED,AUTO
23:30:10,-83.76279,-8.972627,0,440,ON,RETRACTED,AUTO
23:30:10,-83.88171,-10.271,0,436,ON,RETRACTED,AUTO
23:30:10,-83.80119,-8.25347,0,437,ON,RETRACTED,AUTO
23:30:10,-83.79025,-8.727278,0,442,ON,RETRACTED,AUTO
23:30:11,-83.82494,-11.65538,0,450,ON,RETRACTED,AUTO
23:30:11,-83.49745,-7.995527,0,457,ON,RETRACTED,AUTO
23:30:11,-83.63257,-9.502194,0,462,ON,RETRACTED,AUTO
23:30:11,-83.56402,-8.791765,0,464,ON,RETRACTED,AUTO
23:30:11,-83.7775,-9.706653,0,460,ON,RETRACTED,AUTO
23:30:11,-84.01237,-9.970662,0,450,ON,RETRACTED,AUTO
23:30:11,-83.66106,-11.02346,0,441,ON,RETRACTED,AUTO
23:30:11,-83.61514,-5.698549,0,437,ON,RETRACTED,AUTO
23:30:11,-83.4883,-7.125016,0,437,ON,RETRACTED,AUTO
23:30:11,-83.75182,-9.05612,0,441,ON,RETRACTED,AUTO
23:30:12,-83.80393,-9.257548,0,448,ON,RETRACTED,AUTO
23:30:12,-83.58427,-7.214262,0,456,ON,RETRACTED,AUTO
23:30:12,-83.94737,-7.949359,0,461,ON,RETRACTED,AUTO
23:30:12,-83.88664,-12.37774,0,464,ON,RETRACTED,AUTO
23:30:12,-83.41245,-7.139496,0,461,ON,RETRACTED,AUTO
23:30:12,-83.49361,-7.37515,0,453,ON,RETRACTED,AUTO
23:30:12,-83.59827,-7.275005,0,446,ON,RETRACTED,AUTO
23:30:12,-83.7292,-9.665066,0,438,ON,RETRACTED,AUTO
23:30:12,-84.07444,-9.03363,0,436,ON,RETRACTED,AUTO
23:30:12,-83.64491,-8.164453,0,440,ON,RETRACTED,AUTO
23:30:13,-83.7774,-9.99358,0,447,ON,RETRACTED,AUTO
23:30:13,-83.71521,-10.39289,0,452,ON,RETRACTED,AUTO
23:30:13,-83.45529,-8.997145,0,460,ON,RETRACTED,AUTO
23:30:13,-83.80671,-9.748593,0,464,ON,RETRACTED,AUTO
23:30:13,-83.91979,-8.543328,0,462,ON,RETRACTED,AUTO
23:30:13,-83.56279,-10.15427,0,457,ON,RETRACTED,AUTO
23:30:13,-83.8719,-10.29354,0,448,ON,RETRACTED,AUTO
23:30:13,-84.13316,-10.8458,0,439,ON,RETRACTED,AUTO
23:30:13,-83.77653,-10.87145,0,436,ON,RETRACTED,AUTO
23:30:13,-83.6526,-10.04327,0,438,ON,RETRACTED,AUTO
23:30:14,-83.9994,-8.130102,0,445,ON,RETRACTED,AUTO
23:30:14,-83.95715,-8.959373,0,451,ON,RETRACTED,AUTO
23:30:14,-84.1563,-9.4189,0,459,ON,RETRACTED,AUTO
23:30:14,-83.56799,-8.910281,0,462,ON,RETRACTED,AUTO
23:30:14,-83.72005,-10.53637,0,462,ON,RETRACTED,AUTO
23:30:14,-83.59425,-9.700392,0,459,ON,RETRACTED,AUTO
23:30:14,-83.76352,-8.463316,0,449,ON,RETRACTED,AUTO
23:30:14,-83.88706,-10.61965,0,440,ON,RETRACTED,AUTO
23:30:14,-84.19357,-10.16208,0,437,ON,RETRACTED,AUTO
23:30:14,-83.68762,-9.442253,0,437,ON,RETRACTED,AUTO
23:30:15,-83.86504,-11.40872,0,441,ON,RETRACTED,AUTO
23:30:15,-84.00748,-8.020689,0,449,ON,RETRACTED,AUTO
23:30:15,-83.62016,-9.601534,0,457,ON,RETRACTED,AUTO
23:30:15,-83.79073,-9.011506,0,462,ON,RETRACTED,AUTO
23:30:15,-83.78085,-10.80162,0,463,ON,RETRACTED,AUTO
23:30:15,-83.68902,-8.216521,0,460,ON,RETRACTED,AUTO
23:30:15,-83.27511,-9.122067,0,451,ON,RETRACTED,AUTO
23:30:15,-83.49318,-8.24803,0,442,ON,RETRACTED,AUTO
23:30:15,-83.32214,-13.25372,0,437,ON,RETRACTED,AUTO
23:30:15,-83.62389,-10.50032,0,436,ON,RETRACTED,AUTO
23:30:16,-83.97223,-8.99925,0,440,ON,RETRACTED,AUTO
23:30:16,-83.8276,-9.318053,0,447,ON,RETRACTED,AUTO
23:30:16,-83.54565,-9.481964,0,454,ON,RETRACTED,AUTO
23:30:16,-83.62048,-9.262826,0,460,ON,RETRACTED,AUTO
23:30:16,-83.61937,-9.304102,0,461,ON,RETRACTED,AUTO
23:30:16,-83.94466,-6.002334,0,457,ON,RETRACTED,AUTO
23:30:16,-83.46915,-6.875651,0,448,ON,RETRACTED,AUTO
23:30:16,-83.80524,-12.46108,0,438,ON,RETRACTED,AUTO
23:30:16,-84.01133,-9.716686,0,429,ON,RETRACTED,AUTO
23:30:17,-83.51476,-8.8549,0,428,ON,RETRACTED,AUTO
23:30:17,-83.55576,-9.896671,0,430,ON,RETRACTED,AUTO
23:30:17,-83.70335,-9.986662,0,437,ON,RETRACTED,AUTO
23:30:17,-83.90926,-10.6896,0,446,ON,RETRACTED,AUTO
23:30:17,-84.00336,-9.314106,0,450,ON,RETRACTED,AUTO
23:30:17,-83.58408,-8.673174,0,454,ON,RETRACTED,AUTO
23:30:17,-83.84298,-9.462322,0,452,ON,RETRACTED,AUTO
23:30:17,-83.80214,-12.97589,0,448,ON,RETRACTED,AUTO
23:30:17,-83.65656,-11.5006,0,439,ON,RETRACTED,AUTO
23:30:17,-83.60606,-8.966353,0,430,ON,RETRACTED,AUTO
23:30:18,-83.7409,-11.02032,0,428,ON,RETRACTED,AUTO
23:30:18,-84.04355,-10.31646,0,430,ON,RETRACTED,AUTO
23:30:18,-83.59306,-11.90108,0,437,ON,RETRACTED,AUTO
23:30:18,-83.62063,-10.35905,0,445,ON,RETRACTED,AUTO
23:30:18,-83.84569,-9.978858,0,451,ON,RETRACTED,AUTO
23:30:18,-83.93544,-10.93382,0,456,ON,RETRACTED,AUTO
23:30:18,-83.44176,-10.08318,0,456,ON,RETRACTED,AUTO
23:30:18,-83.87897,-11.95368,0,450,ON,RETRACTED,AUTO
23:30:18,-83.71294,-9.886877,0,442,ON,RETRACTED,AUTO
23:30:18,-84.03808,-11.18323,0,434,ON,RETRACTED,AUTO
23:30:19,-84.0009,-11.03168,0,429,ON,RETRACTED,AUTO
23:30:19,-84.23484,-11.23083,0,430,ON,RETRACTED,AUTO
23:30:19,-83.84586,-9.462322,0,437,ON,RETRACTED,AUTO
23:30:19,-83.91855,-12.43226,0,445,ON,RETRACTED,AUTO
23:30:19,-84.22724,-11.86109,0,451,ON,RETRACTED,AUTO
23:30:19,-83.86922,-11.21063,0,457,ON,RETRACTED,AUTO
23:30:19,-83.64255,-11.40551,0,459,ON,RETRACTED,AUTO
23:30:19,-83.7118,-10.63476,0,454,ON,RETRACTED,AUTO
23:30:19,-83.94217,-10.40771,0,446,ON,RETRACTED,AUTO
23:30:19,-83.90821,-9.691838,0,437,ON,RETRACTED,AUTO
23:30:20,-83.90377,-13.05167,0,430,ON,RETRACTED,AUTO
23:30:20,-83.98702,-10.07498,0,430,ON,RETRACTED,AUTO
23:30:20,-84.05424,-8.075027,0,436,ON,RETRACTED,AUTO
23:30:20,-83.94596,-11.18467,0,442,ON,RETRACTED,AUTO
23:30:20,-83.89317,-10.56523,0,450,ON,RETRACTED,AUTO
23:30:20,-84.02077,-9.334998,0,456,ON,RETRACTED,AUTO
23:30:20,-83.93795,-10.90962,0,457,ON,RETRACTED,AUTO
23:30:20,-83.85265,-11.87574,0,454,ON,RETRACTED,AUTO
23:30:20,-83.73595,-11.40655,0,447,ON,RETRACTED,AUTO
23:30:20,-83.68068,-11.14289,0,438,ON,RETRACTED,AUTO
23:30:21,-83.55923,-8.637132,0,430,ON,RETRACTED,AUTO
23:30:21,-83.88837,-9.025275,0,429,ON,RETRACTED,AUTO
23:30:21,-83.9951,-8.912435,0,434,ON,RETRACTED,AUTO
23:30:21,-83.9314,-11.15994,0,440,ON,RETRACTED,AUTO
23:30:21,-83.4744,-10.70684,0,449,ON,RETRACTED,AUTO
23:30:21,-83.58358,-10.01493,0,454,ON,RETRACTED,AUTO
23:30:21,-83.70663,-8.615648,0,457,ON,RETRACTED,AUTO
23:30:21,-83.74323,-10.96976,0,454,ON,RETRACTED,AUTO
23:30:21,-83.59613,-10.81254,0,448,ON,RETRACTED,AUTO
23:30:21,-83.91823,-8.775056,0,439,ON,RETRACTED,AUTO
23:30:22,-83.7504,-9.786595,0,432,ON,RETRACTED,AUTO
23:30:22,-83.79169,-9.400781,0,429,ON,RETRACTED,AUTO
23:30:22,-83.97019,-11.5115,0,434,ON,RETRACTED,AUTO
23:30:22,-83.86517,-10.41786,0,440,ON,RETRACTED,AUTO
23:30:22,-83.93536,-12.15685,0,448,ON,RETRACTED,AUTO
23:30:22,-83.9728,-10.45408,0,454,ON,RETRACTED,AUTO
23:30:22,-83.61354,-11.52258,0,457,ON,RETRACTED,AUTO
23:30:22,-83.93196,-10.11124,0,456,ON,RETRACTED,AUTO
23:30:22,-83.78053,-10.36037,0,449,ON,RETRACTED,AUTO
23:30:22,-83.71532,-10.37074,0,440,ON,RETRACTED,AUTO
23:30:23,-83.58907,-10.57511,0,433,ON,RETRACTED,AUTO
23:30:23,-84.21416,-10.44782,0,429,ON,RETRACTED,AUTO
23:30:23,-84.11263,-11.46395,0,433,ON,RETRACTED,AUTO
23:30:23,-83.93875,-11.28495,0,439,ON,RETRACTED,AUTO
23:30:23,-84.06575,-10.36319,0,447,ON,RETRACTED,AUTO
23:30:23,-84.0187,-11.30993,0,452,ON,RETRACTED,AUTO
23:30:23,-83.55272,-9.009945,0,457,ON,RETRACTED,AUTO
23:30:23,-83.80472,-8.147769,0,457,ON,RETRACTED,AUTO
23:30:23,-83.91922,-10.6896,0,450,ON,RETRACTED,AUTO
23:30:23,-83.97343,-10.80823,0,441,ON,RETRACTED,AUTO
23:30:24,-83.69733,-11.86338,0,434,ON,RETRACTED,AUTO
23:30:24,-83.83629,-10.12467,0,429,ON,RETRACTED,AUTO
23:30:24,-83.65737,-10.40283,0,432,ON,RETRACTED,AUTO
23:30:24,-83.6449,-10.06457,0,438,ON,RETRACTED,AUTO
23:30:24,-84.07843,-9.440864,0,446,ON,RETRACTED,AUTO
23:30:24,-83.8996,-10.41786,0,452,ON,RETRACTED,AUTO
23:30:24,-83.96295,-10.85641,0,457,ON,RETRACTED,AUTO
23:30:24,-83.76946,-9.095178,0,457,ON,RETRACTED,AUTO
23:30:24,-84.1256,-10.50592,0,450,ON,RETRACTED,AUTO
23:30:24,-83.92796,-13.51061,0,441,ON,RETRACTED,AUTO
23:30:25,-83.78819,-10.11594,0,434,ON,RETRACTED,AUTO
23:30:25,-83.82301,-10.45044,0,429,ON,RETRACTED,AUTO
23:30:25,-83.99927,-11.13333,0,430,ON,RETRACTED,AUTO
23:30:25,-83.66903,-10.42485,0,437,ON,RETRACTED,AUTO
23:30:25,-83.96351,-11.10854,0,446,ON,RETRACTED,AUTO
23:30:25,-84.15003,-12.141,0,451,ON,RETRACTED,AUTO
23:30:25,-83.8126,-10.79597,0,457,ON,RETRACTED,AUTO
23:30:25,-83.68963,-7.48947,0,457,ON,RETRACTED,AUTO
23:30:25,-83.58099,-9.442511,0,451,ON,RETRACTED,AUTO
23:30:25,-83.82499,-11.06487,0,442,ON,RETRACTED,AUTO
23:30:26,-83.9969,-7.8577,0,436,ON,RETRACTED,AUTO
23:30:26,-83.6035,-9.917356,0,429,ON,RETRACTED,AUTO
23:30:26,-83.94698,-12.30802,0,430,ON,RETRACTED,AUTO
23:30:26,-83.96346,-9.399104,0,437,ON,RETRACTED,AUTO
23:30:26,-83.91357,-10.21397,0,442,ON,RETRACTED,AUTO
23:30:26,-83.99828,-10.07498,0,450,ON,RETRACTED,AUTO
23:30:26,-83.86908,-10.76663,0,456,ON,RETRACTED,AUTO
23:30:26,-83.63956,-11.40551,0,457,ON,RETRACTED,AUTO
23:30:26,-83.82205,-9.913945,0,452,ON,RETRACTED,AUTO
23:30:27,-83.81973,-11.2855,0,445,ON,RETRACTED,AUTO
23:30:27,-83.81627,-11.72743,0,436,ON,RETRACTED,AUTO
23:30:27,-83.85699,-10.61965,0,429,ON,RETRACTED,AUTO
23:30:27,-84.05788,-10.4442,0,430,ON,RETRACTED,AUTO
23:30:27,-83.93222,-11.01048,0,437,ON,RETRACTED,AUTO
23:30:27,-83.67645,-10.42485,0,442,ON,RETRACTED,AUTO
23:30:27,-83.93362,-8.919844,0,450,ON,RETRACTED,AUTO
23:30:27,-83.67144,-10.30485,0,456,ON,RETRACTED,AUTO
23:30:27,-84.04377,-10.95406,0,457,ON,RETRACTED,AUTO
23:30:27,-83.95552,-11.15994,0,452,ON,RETRACTED,AUTO
23:30:28,-84.02111,-10.65139,0,446,ON,RETRACTED,AUTO
23:30:28,-83.98277,-11.73694,0,437,ON,RETRACTED,AUTO
23:30:28,-83.9035,-11.97988,0,430,ON,RETRACTED,AUTO
23:30:28,-83.43641,-8.51329,0,430,ON,RETRACTED,AUTO
23:30:28,-83.44264,-8.862491,0,436,ON,RETRACTED,AUTO
23:30:28,-83.69102,-9.099951,0,442,ON,RETRACTED,AUTO
23:30:28,-84.02503,-9.865807,0,450,ON,RETRACTED,AUTO
23:30:28,-83.69518,-10.49148,0,456,ON,RETRACTED,AUTO
23:30:28,-83.88936,-11.21063,0,457,ON,RETRACTED,AUTO
23:30:28,-83.53149,-10.20868,0,452,ON,RETRACTED,AUTO
23:30:29,-83.99355,-10.32782,0,447,ON,RETRACTED,AUTO
23:30:29,-83.69189,-10.70987,0,437,ON,RETRACTED,AUTO
23:30:29,-83.75862,-11.21282,0,430,ON,RETRACTED,AUTO
23:30:29,-83.6059,-8.351848,0,430,ON,RETRACTED,AUTO
23:30:29,-83.87561,-10.93805,0,436,ON,RETRACTED,AUTO
23:30:29,-83.53285,-9.599769,0,441,ON,RETRACTED,AUTO
23:30:29,-83.82119,-12.46108,0,450,ON,RETRACTED,AUTO
23:30:29,-83.63041,-10.61965,0,456,ON,RETRACTED,AUTO
23:30:29,-83.69759,-9.744864,0,457,ON,RETRACTED,AUTO
23:30:29,-83.42098,-10.73492,0,453,ON,RETRACTED,AUTO
23:30:30,-83.76735,-10.29381,0,447,ON,RETRACTED,AUTO
23:30:30,-84.0956,-11.07859,0,437,ON,RETRACTED,AUTO
23:30:30,-83.82346,-10.57352,0,430,ON,RETRACTED,AUTO
23:30:30,-83.88375,-9.00546,0,430,ON,RETRACTED,AUTO
23:30:30,-83.66957,-10.54476,0,436,ON,RETRACTED,AUTO
23:30:30,-84.08166,-7.853313,0,441,ON,RETRACTED,AUTO
23:30:30,-83.71695,-10.1724,0,449,ON,RETRACTED,AUTO
23:30:30,-83.69987,-9.099951,0,456,ON,RETRACTED,AUTO
23:30:30,-83.47803,-9.540381,0,457,ON,RETRACTED,AUTO
23:30:30,-83.7759,-9.972057,0,454,ON,RETRACTED,AUTO
23:30:31,-84.02083,-10.92949,0,447,ON,RETRACTED,AUTO
23:30:31,-83.67606,-10.83008,0,438,ON,RETRACTED,AUTO
23:30:31,-84.07652,-10.51528,0,430,ON,RETRACTED,AUTO
23:30:31,-83.94372,-10.13364,0,429,ON,RETRACTED,AUTO
23:30:31,-83.74485,-8.304784,0,434,ON,RETRACTED,AUTO
23:30:31,-83.54206,-10.86287,0,441,ON,RETRACTED,AUTO
23:30:31,-83.89886,-11.06211,0,449,ON,RETRACTED,AUTO
23:30:31,-84.13783,-11.23268,0,454,ON,RETRACTED,AUTO
23:30:31,-83.72035,-11.02032,0,457,ON,RETRACTED,AUTO
23:30:31,-83.61125,-10.95406,0,454,ON,RETRACTED,AUTO
23:30:32,-83.5808,-9.204592,0,447,ON,RETRACTED,AUTO
23:30:32,-83.69115,-11.59833,0,438,ON,RETRACTED,AUTO
23:30:32,-83.59943,-8.828588,0,430,ON,RETRACTED,AUTO
23:30:32,-83.61433,-11.09606,0,429,ON,RETRACTED,AUTO
23:30:32,-83.5239,-10.20868,0,434,ON,RETRACTED,AUTO
23:30:32,-83.88468,-9.649291,0,440,ON,RETRACTED,AUTO
23:30:32,-83.79642,-10.01519,0,449,ON,RETRACTED,AUTO
23:30:32,-83.53848,-9.855561,0,454,ON,RETRACTED,AUTO
23:30:32,-83.82304,-9.812184,0,457,ON,RETRACTED,AUTO
23:30:32,-84.02115,-8.294482,0,454,ON,RETRACTED,AUTO
23:30:33,-83.50321,-10.98413,0,448,ON,RETRACTED,AUTO
23:30:33,-84.13707,-11.12919,0,438,ON,RETRACTED,AUTO
23:30:33,-83.85381,-9.338395,0,430,ON,RETRACTED,AUTO
23:30:33,-83.92533,-10.23654,0,429,ON,RETRACTED,AUTO
23:30:33,-83.7562,-10.43748,0,434,ON,RETRACTED,AUTO
23:30:33,-83.77315,-8.200146,0,440,ON,RETRACTED,AUTO
23:30:33,-83.88791,-10.39506,0,448,ON,RETRACTED,AUTO
23:30:33,-83.8284,-11.23613,0,454,ON,RETRACTED,AUTO
23:30:33,-83.35023,-9.117863,0,457,ON,RETRACTED,AUTO
23:30:33,-83.62891,-10.61965,0,456,ON,RETRACTED,AUTO
23:30:34,-83.93532,-12.03263,0,448,ON,RETRACTED,AUTO
23:30:34,-83.58727,-12.019,0,439,ON,RETRACTED,AUTO
23:30:34,-83.55285,-9.737686,0,432,ON,RETRACTED,AUTO
23:30:34,-83.39938,-8.57707,0,429,ON,RETRACTED,AUTO
23:30:34,-83.70308,-10.2281,0,434,ON,RETRACTED,AUTO
23:30:34,-83.60146,-10.3373,0,440,ON,RETRACTED,AUTO
23:30:34,-83.82799,-9.935491,0,448,ON,RETRACTED,AUTO
23:30:34,-84.04234,-9.355982,0,454,ON,RETRACTED,AUTO
23:30:34,-83.83212,-11.63002,0,457,ON,RETRACTED,AUTO
23:30:34,-83.665,-12.73965,0,454,ON,RETRACTED,AUTO
23:30:35,-83.49664,-9.677352,0,448,ON,RETRACTED,AUTO
23:30:35,-83.61028,-10.71634,0,439,ON,RETRACTED,AUTO
23:30:35,-83.8896,-10.41786,0,432,ON,RETRACTED,AUTO
23:30:35,-83.82333,-8.289405,0,429,ON,RETRACTED,AUTO
23:30:35,-83.77872,-11.11522,0,434,ON,RETRACTED,AUTO
23:30:35,-83.92662,-8.148046,0,440,ON,RETRACTED,AUTO
23:30:35,-83.76416,-11.06757,0,448,ON,RETRACTED,AUTO
23:30:35,-83.90969,-9.963803,0,454,ON,RETRACTED,AUTO
23:30:35,-84.07133,-8.369678,0,456,ON,RETRACTED,AUTO
23:30:35,-83.63473,-8.86572,0,451,ON,RETRACTED,AUTO
23:30:36,-83.77132,-11.72282,0,447,ON,RETRACTED,AUTO
23:30:36,-83.97102,-9.420083,0,438,ON,RETRACTED,AUTO
23:30:36,-83.95107,-12.95648,0,430,ON,RETRACTED,AUTO
23:30:36,-83.51382,-12.47717,0,428,ON,RETRACTED,AUTO
23:30:36,-83.69304,-10.56712,0,433,ON,RETRACTED,AUTO
23:30:36,-83.91979,-8.543328,0,439,ON,RETRACTED,AUTO
23:30:36,-83.63004,-11.00023,0,447,ON,RETRACTED,AUTO
23:30:36,-83.82521,-10.67334,0,454,ON,RETRACTED,AUTO
23:30:36,-83.33403,-11.21884,0,457,ON,RETRACTED,AUTO
23:30:37,-84.15591,-8.76628,0,456,ON,RETRACTED,AUTO
23:30:37,-83.7132,-9.603345,0,450,ON,RETRACTED,AUTO
23:30:37,-83.85382,-13.45659,0,441,ON,RETRACTED,AUTO
23:30:37,-83.57589,-10.2512,0,433,ON,RETRACTED,AUTO
23:30:37,-84.04092,-1.555159,0,430,ON,RETRACTED,AUTO
23:30:37,-83.7571,-12.40742,0,434,ON,RETRACTED,AUTO
23:30:37,-83.71799,-12.00892,0,440,ON,RETRACTED,AUTO
23:30:37,-83.2006,-11.6206,0,448,ON,RETRACTED,AUTO
23:30:37,-83.66557,-6.272418,0,456,ON,RETRACTED,AUTO
23:30:37,-82.88017,-23.31093,0,459,ON,RETRACTED,AUTO
23:30:38,-83.44692,-11.21789,0,457,ON,RETRACTED,AUTO
23:30:38,-83.44229,-9.694446,0,450,ON,RETRACTED,AUTO
23:30:38,-84.35585,-10.58607,0,441,ON,RETRACTED,AUTO
23:30:38,-83.70983,-8.895857,0,434,ON,RETRACTED,AUTO
23:30:38,-83.85009,-8.343891,0,430,ON,RETRACTED,AUTO
23:30:38,-83.21066,-11.24287,0,434,ON,RETRACTED,AUTO
23:30:38,-83.6114,-8.746162,0,440,ON,RETRACTED,AUTO
23:30:38,-83.76357,-9.828684,0,449,ON,RETRACTED,AUTO
23:30:38,-83.46259,-9.63754,0,456,ON,RETRACTED,AUTO
23:30:38,-83.88728,-13.06057,0,460,ON,RETRACTED,AUTO
23:30:39,-83.508,-3.119953,0,457,ON,RETRACTED,AUTO
23:30:39,-83.63081,-12.97642,0,450,ON,RETRACTED,AUTO
23:30:39,-83.18548,-9.313599,0,441,ON,RETRACTED,AUTO
23:30:39,-83.64705,-10.59733,0,434,ON,RETRACTED,AUTO
23:30:39,-83.56086,-5.566332,0,430,ON,RETRACTED,AUTO
23:30:39,-83.68129,-9.965434,0,434,ON,RETRACTED,AUTO
23:30:39,-83.74883,-11.28577,0,440,ON,RETRACTED,AUTO
23:30:39,-83.57246,-9.166172,0,449,ON,RETRACTED,AUTO
23:30:39,-83.6978,-11.21388,0,456,ON,RETRACTED,AUTO
23:30:39,-83.88931,-20.92108,0,459,ON,RETRACTED,AUTO
23:30:40,-83.55016,-19.40093,0,457,ON,RETRACTED,AUTO
23:30:40,-83.66348,-9.282399,0,450,ON,RETRACTED,AUTO
23:30:40,-83.49698,-8.836592,0,441,ON,RETRACTED,AUTO
23:30:40,-83.34306,-8.376005,0,434,ON,RETRACTED,AUTO
23:30:40,-83.07861,-9.846729,0,430,ON,RETRACTED,AUTO
23:30:40,-83.63199,-10.23978,0,435,ON,RETRACTED,AUTO
23:30:40,-83.35962,-10.05515,0,441,ON,RETRACTED,AUTO
23:30:40,-83.59904,-10.45625,0,449,ON,RETRACTED,AUTO
23:30:40,-83.81068,-10.28253,0,456,ON,RETRACTED,AUTO
23:30:40,-83.51847,-10.32621,0,459,ON,RETRACTED,AUTO
23:30:41,-83.724,-9.319947,0,457,ON,RETRACTED,AUTO
23:30:41,-83.66188,-8.699761,0,449,ON,RETRACTED,AUTO
23:30:41,-83.62556,-11.00023,0,440,ON,RETRACTED,AUTO
23:30:41,-83.93456,-8.328731,0,433,ON,RETRACTED,AUTO
23:30:41,-83.40559,-11.42466,0,429,ON,RETRACTED,AUTO
23:30:41,-83.72889,-11.52724,0,433,ON,RETRACTED,AUTO
23:30:41,-83.68154,-8.234024,0,440,ON,RETRACTED,AUTO
23:30:41,-83.70999,-6.028289,0,448,ON,RETRACTED,AUTO
23:30:41,-83.8617,-4.523868,0,454,ON,RETRACTED,AUTO
23:30:41,-83.95451,-6.903553,0,457,ON,RETRACTED,AUTO
23:30:42,-84.20634,3.476313,0,454,ON,RETRACTED,AUTO
23:30:42,-83.74601,-5.317405,0,447,ON,RETRACTED,AUTO
23:30:42,-83.90804,-6.873029,0,438,ON,RETRACTED,AUTO
23:30:42,-84.04123,-2.467,0,430,ON,RETRACTED,AUTO
23:30:42,-84.12086,-5.775791,0,428,ON,RETRACTED,AUTO
23:30:42,-84.00066,-7.509331,0,433,ON,RETRACTED,AUTO
23:30:42,-83.96232,-4.094726,0,439,ON,RETRACTED,AUTO
23:30:42,-84.29154,-2.29061,0,447,ON,RETRACTED,AUTO
23:30:42,-84.4324,-5.848921,0,452,ON,RETRACTED,AUTO
23:30:42,-84.8651,-0.149989,0,454,ON,RETRACTED,AUTO
23:30:43,-84.33914,1.088625,0,450,ON,RETRACTED,AUTO
23:30:43,-84.58043,-2.705996,0,445,ON,RETRACTED,AUTO
23:30:43,-84.72843,-3.082181,0,434,ON,RETRACTED,AUTO
23:30:43,-84.5994,0.714374,0,427,ON,RETRACTED,AUTO
23:30:43,-84.46111,-1.946195,0,427,ON,RETRACTED,AUTO
23:30:43,-84.97553,-1.852587,0,430,ON,RETRACTED,AUTO
23:30:43,-85.49847,-6.302645,0,437,ON,RETRACTED,AUTO
23:30:43,-84.85194,1.640837,0,444,ON,RETRACTED,AUTO
23:30:43,-84.71275,-0.43848,0,450,ON,RETRACTED,AUTO
23:30:43,-84.03863,-2.077847,0,453,ON,RETRACTED,AUTO
23:30:44,-84.33469,-6.129988,0,450,ON,RETRACTED,AUTO
23:30:44,-84.03393,-1.934932,0,442,ON,RETRACTED,AUTO
23:30:44,-84.35588,-5.194429,0,436,ON,RETRACTED,AUTO
23:30:44,-83.94509,-3.949566,0,429,ON,RETRACTED,AUTO
23:30:44,-83.93647,-5.634266,0,429,ON,RETRACTED,AUTO
23:30:44,-84.14399,-7.255568,0,436,ON,RETRACTED,AUTO
23:30:44,-83.68303,-5.637543,0,442,ON,RETRACTED,AUTO
23:30:44,-83.94913,-9.231461,0,450,ON,RETRACTED,AUTO
23:30:44,-83.84164,-7.404429,0,456,ON,RETRACTED,AUTO
23:30:44,-83.65308,-9.282399,0,457,ON,RETRACTED,AUTO
23:30:45,-83.83937,-10.20397,0,452,ON,RETRACTED,AUTO
23:30:45,-83.67038,-8.801709,0,446,ON,RETRACTED,AUTO
23:30:45,-83.81494,-15.39729,0,436,ON,RETRACTED,AUTO
23:30:45,-83.86047,-12.10359,0,429,ON,RETRACTED,AUTO
23:30:45,-84.1019,-8.185928,0,430,ON,RETRACTED,AUTO
23:30:45,-83.93647,-5.634266,0,437,ON,RETRACTED,AUTO
23:30:45,-83.7778,-8.623109,0,445,ON,RETRACTED,AUTO
23:30:45,-84.13493,-9.939235,0,451,ON,RETRACTED,AUTO
23:30:45,-83.95795,-8.746162,0,457,ON,RETRACTED,AUTO
23:30:45,-83.85284,-8.555558,0,457,ON,RETRACTED,AUTO
23:30:46,-83.84375,-8.861195,0,450,ON,RETRACTED,AUTO
23:30:46,-83.7449,-8.322662,0,442,ON,RETRACTED,AUTO
23:30:46,-83.87318,-9.649291,0,435,ON,RETRACTED,AUTO
23:30:46,-83.53197,-8.737098,0,429,ON,RETRACTED,AUTO
23:30:46,-82.91501,-19.83546,0,432,ON,RETRACTED,AUTO
23:30:46,-83.79129,-9.849863,0,438,ON,RETRACTED,AUTO
23:30:46,-83.89466,8.185035,0,446,ON,RETRACTED,AUTO
23:30:46,-83.41389,-6.366176,0,452,ON,RETRACTED,AUTO
23:30:46,-83.72749,-8.914927,0,457,ON,RETRACTED,AUTO
23:30:47,-83.71075,-7.26205,0,457,ON,RETRACTED,AUTO
23:30:47,-84.04366,-4.558359,0,450,ON,RETRACTED,AUTO
23:30:47,-84.06536,-12.02228,0,441,ON,RETRACTED,AUTO
23:30:47,-83.89727,-8.487081,0,434,ON,RETRACTED,AUTO
23:30:47,-84.16859,-10.11536,0,429,ON,RETRACTED,AUTO
23:30:47,-83.92146,-8.794423,0,433,ON,RETRACTED,AUTO
23:30:47,-83.96447,-9.125663,0,438,ON,RETRACTED,AUTO
23:30:47,-83.65576,-9.562631,0,447,ON,RETRACTED,AUTO
23:30:47,-83.7352,-10.29381,0,452,ON,RETRACTED,AUTO
23:30:47,-83.53399,-17.38239,0,457,ON,RETRACTED,AUTO
23:30:48,-83.60174,-12.92214,0,456,ON,RETRACTED,AUTO
23:30:48,-84.24596,-9.572634,0,449,ON,RETRACTED,AUTO
23:30:48,-84.04016,-10.29326,0,440,ON,RETRACTED,AUTO
23:30:48,-83.71851,0.626843,0,433,ON,RETRACTED,AUTO
23:30:48,-83.8092,-9.667756,0,429,ON,RETRACTED,AUTO
23:30:48,-83.88215,-8.755773,0,434,ON,RETRACTED,AUTO
23:30:48,-83.96186,-9.651834,0,440,ON,RETRACTED,AUTO
23:30:48,-83.91734,-8.562243,0,448,ON,RETRACTED,AUTO
23:30:48,-83.68736,-9.944294,0,454,ON,RETRACTED,AUTO
23:30:48,-83.81394,-8.394949,0,457,ON,RETRACTED,AUTO
23:30:49,-83.61275,-9.023129,0,454,ON,RETRACTED,AUTO
23:30:49,-84.12235,-8.259439,0,448,ON,RETRACTED,AUTO
23:30:49,-83.9304,-8.273609,0,438,ON,RETRACTED,AUTO
23:30:49,-83.84718,-9.709908,0,430,ON,RETRACTED,AUTO
23:30:49,-83.70798,-8.940918,0,429,ON,RETRACTED,AUTO
23:30:49,-83.87395,-10.91411,0,434,ON,RETRACTED,AUTO
23:30:49,-84.10765,-9.33323,0,440,ON,RETRACTED,AUTO
23:30:49,-83.9333,-10.98623,0,448,ON,RETRACTED,AUTO
23:30:49,-83.67432,-9.442253,0,454,ON,RETRACTED,AUTO
23:30:49,-83.65324,-9.004126,0,457,ON,RETRACTED,AUTO
23:30:50,-83.89754,-10.1915,0,454,ON,RETRACTED,AUTO
23:30:50,-84.14491,-7.272223,0,447,ON,RETRACTED,AUTO
23:30:50,-83.73731,-9.543449,0,437,ON,RETRACTED,AUTO
23:30:50,-84.03194,-8.038721,0,430,ON,RETRACTED,AUTO
23:30:50,-83.97467,-16.03234,0,429,ON,RETRACTED,AUTO
23:30:50,-83.2255,-10.32526,0,434,ON,RETRACTED,AUTO
23:30:50,-84.21523,-4.975558,0,441,ON,RETRACTED,AUTO
23:30:50,-83.91758,-8.813876,0,449,ON,RETRACTED,AUTO
23:30:50,-83.9502,-8.328731,0,456,ON,RETRACTED,AUTO
23:30:50,-83.28947,3.331546,0,457,ON,RETRACTED,AUTO
23:30:51,-83.55313,-10.84031,0,452,ON,RETRACTED,AUTO
23:30:51,-83.91367,-5.723227,0,446,ON,RETRACTED,AUTO
23:30:51,-83.42695,-8.665249,0,437,ON,RETRACTED,AUTO
23:30:51,-83.82043,2.550464,0,429,ON,RETRACTED,AUTO
23:30:51,-84.15646,-10.48187,0,429,ON,RETRACTED,AUTO
23:30:51,-84.21973,-8.583622,0,436,ON,RETRACTED,AUTO
23:30:51,-84.11018,-8.627354,0,441,ON,RETRACTED,AUTO
23:30:51,-83.82831,-10.32725,0,450,ON,RETRACTED,AUTO
23:30:51,-83.91225,-11.01048,0,456,ON,RETRACTED,AUTO
23:30:51,-84.01231,-7.012545,0,457,ON,RETRACTED,AUTO
23:30:52,-83.57861,-8.28235,0,452,ON,RETRACTED,AUTO
23:30:52,-83.40903,-3.568918,0,446,ON,RETRACTED,AUTO
23:30:52,-83.60478,-10.83525,0,436,ON,RETRACTED,AUTO
23:30:52,-83.90672,-10.04462,0,429,ON,RETRACTED,AUTO
23:30:52,-83.56639,-8.655116,0,430,ON,RETRACTED,AUTO
23:30:52,-83.67612,-8.095525,0,437,ON,RETRACTED,AUTO
23:30:52,-83.53643,-7.91045,0,442,ON,RETRACTED,AUTO
23:30:52,-83.10796,-7.436327,0,450,ON,RETRACTED,AUTO
23:30:52,-83.52177,-7.995527,0,456,ON,RETRACTED,AUTO
23:30:52,-84.1257,-10.30485,0,457,ON,RETRACTED,AUTO
23:30:53,-83.34323,-10.96876,0,452,ON,RETRACTED,AUTO
23:30:53,-83.46053,-11.1939,0,446,ON,RETRACTED,AUTO
23:30:53,-83.8643,-9.628156,0,436,ON,RETRACTED,AUTO
23:30:53,-84.13181,-10.04607,0,429,ON,RETRACTED,AUTO
23:30:53,-84.07864,-9.871417,0,430,ON,RETRACTED,AUTO
23:30:53,-83.14235,-9.126171,0,437,ON,RETRACTED,AUTO
23:30:53,-83.90593,-10.08894,0,445,ON,RETRACTED,AUTO
23:30:53,-84.03159,-8.313155,0,451,ON,RETRACTED,AUTO
23:30:53,-83.80569,-10.48244,0,457,ON,RETRACTED,AUTO
23:30:53,-84.02568,-14.87375,0,457,ON,RETRACTED,AUTO
23:30:54,-83.83247,-9.421206,0,451,ON,RETRACTED,AUTO
23:30:54,-84.04876,-10.92949,0,442,ON,RETRACTED,AUTO
23:30:54,-84.0662,-12.78133,0,435,ON,RETRACTED,AUTO
23:30:54,-83.96217,-8.688102,0,429,ON,RETRACTED,AUTO
23:30:54,-83.70693,-8.876868,0,430,ON,RETRACTED,AUTO
23:30:54,-84.01249,-8.002738,0,438,ON,RETRACTED,AUTO
23:30:54,-83.67592,-12.70126,0,446,ON,RETRACTED,AUTO
23:30:54,-83.67182,-8.458293,0,451,ON,RETRACTED,AUTO
23:30:54,-84.04361,-9.398232,0,457,ON,RETRACTED,AUTO
23:30:54,-83.83477,-7.917503,0,457,ON,RETRACTED,AUTO
23:30:55,-83.98055,-7.459053,0,451,ON,RETRACTED,AUTO
23:30:55,-83.84035,-10.45044,0,442,ON,RETRACTED,AUTO
23:30:55,-84.16521,-8.242521,0,435,ON,RETRACTED,AUTO
23:30:55,-83.35467,-8.605236,0,429,ON,RETRACTED,AUTO
23:30:55,-83.4622,-8.314225,0,430,ON,RETRACTED,AUTO
23:30:55,-83.90235,-9.170424,0,438,ON,RETRACTED,AUTO
23:30:55,-83.51834,-10.12467,0,446,ON,RETRACTED,AUTO
23:30:55,-83.7774,-8.972627,0,451,ON,RETRACTED,AUTO
23:30:55,-83.77314,-9.706653,0,457,ON,RETRACTED,AUTO
23:30:55,-84.10683,-11.15646,0,457,ON,RETRACTED,AUTO
23:30:56,-83.38435,-1.889485,0,450,ON,RETRACTED,AUTO
23:30:56,-84.22371,-8.03571,0,442,ON,RETRACTED,AUTO
23:30:56,-84.02879,-8.313155,0,434,ON,RETRACTED,AUTO
23:30:56,-84.02328,-6.740056,0,429,ON,RETRACTED,AUTO
23:30:56,-82.98613,-22.67007,0,430,ON,RETRACTED,AUTO
23:30:56,-84.27052,-9.883119,0,438,ON,RETRACTED,AUTO
23:30:56,-83.78285,-7.97207,0,446,ON,RETRACTED,AUTO
23:30:56,-83.58595,-9.085512,0,451,ON,RETRACTED,AUTO
23:30:56,-83.64529,-9.803125,0,457,ON,RETRACTED,AUTO
23:30:56,-83.81275,-9.790896,0,456,ON,RETRACTED,AUTO
23:30:57,-84.16999,-14.79676,0,450,ON,RETRACTED,AUTO
23:30:57,-83.80028,-7.031802,0,441,ON,RETRACTED,AUTO
23:30:57,-83.86208,-10.10259,0,434,ON,RETRACTED,AUTO
23:30:57,-83.60017,-6.688572,0,429,ON,RETRACTED,AUTO
23:30:57,-83.72581,-10.1724,0,430,ON,RETRACTED,AUTO
23:30:57,-84.23572,-7.241134,0,438,ON,RETRACTED,AUTO
23:30:57,-83.93231,-6.396585,0,446,ON,RETRACTED,AUTO
23:30:57,-83.88898,-8.736572,0,452,ON,RETRACTED,AUTO
23:30:57,-84.09181,-9.054149,0,457,ON,RETRACTED,AUTO
23:30:58,-83.90424,-7.594643,0,457,ON,RETRACTED,AUTO
23:30:58,-83.66517,-14.33022,0,450,ON,RETRACTED,AUTO
23:30:58,-83.84897,-9.483014,0,441,ON,RETRACTED,AUTO
23:30:58,-83.91159,-7.661951,0,434,ON,RETRACTED,AUTO
23:30:58,-84.03647,-11.05641,0,429,ON,RETRACTED,AUTO
23:30:58,-83.68241,-11.42965,0,433,ON,RETRACTED,AUTO
23:30:58,-83.29699,-1.87404,0,438,ON,RETRACTED,AUTO
23:30:58,-83.83907,-10.4732,0,447,ON,RETRACTED,AUTO
23:30:58,-83.32703,-6.675704,0,452,ON,RETRACTED,AUTO
23:30:58,-83.78173,-9.972057,0,457,ON,RETRACTED,AUTO
23:30:59,-84.05647,-10.1657,0,457,ON,RETRACTED,AUTO
23:30:59,-83.78632,-10.74942,0,450,ON,RETRACTED,AUTO
23:30:59,-83.70612,-7.352379,0,441,ON,RETRACTED,AUTO
23:30:59,-83.83443,-7.404429,0,434,ON,RETRACTED,AUTO
23:30:59,-83.81321,-5.995953,0,429,ON,RETRACTED,AUTO
23:30:59,-84.35979,-7.937188,0,433,ON,RETRACTED,AUTO
23:30:59,-84.19843,-10.26925,0,439,ON,RETRACTED,AUTO
23:30:59,-83.75594,-7.570113,0,447,ON,RETRACTED,AUTO
23:30:59,-83.62623,-10.59733,0,452,ON,RETRACTED,AUTO
23:30:59,-83.81972,-12.55583,0,457,ON,RETRACTED,AUTO
23:31:00,-83.62778,-10.21826,0,457,ON,RETRACTED,AUTO
23:31:00,-83.80286,-8.869134,0,450,ON,RETRACTED,AUTO
23:31:00,-83.79324,-10.28253,0,440,ON,RETRACTED,AUTO
23:31:00,-83.73952,-10.70327,0,433,ON,RETRACTED,AUTO
23:31:00,-83.89788,-9.670518,0,429,ON,RETRACTED,AUTO
23:31:00,-83.48866,-11.5654,0,433,ON,RETRACTED,AUTO
23:31:00,-83.80795,-9.194298,0,439,ON,RETRACTED,AUTO
23:31:00,-83.74479,-8.671106,0,448,ON,RETRACTED,AUTO
23:31:00,-83.23503,-12.60277,0,454,ON,RETRACTED,AUTO
23:31:00,-84.67741,-2.470621,0,457,ON,RETRACTED,AUTO
23:31:01,-83.9178,-14.2811,0,456,ON,RETRACTED,AUTO
23:31:01,-84.31123,-10.48655,0,450,ON,RETRACTED,AUTO
23:31:01,-83.76039,-13.73627,0,440,ON,RETRACTED,AUTO
23:31:01,-83.95118,-4.241137,0,433,ON,RETRACTED,AUTO
23:31:01,-83.75748,-8.830933,0,429,ON,RETRACTED,AUTO
23:31:01,-83.66215,-10.54476,0,433,ON,RETRACTED,AUTO
23:31:01,-83.72542,-9.017394,0,440,ON,RETRACTED,AUTO
23:31:01,-83.96107,-3.456619,0,448,ON,RETRACTED,AUTO
23:31:01,-84.10708,-7.835525,0,454,ON,RETRACTED,AUTO
23:31:01,-83.42982,-9.462322,0,457,ON,RETRACTED,AUTO
23:31:02,-83.89327,-9.73112,0,456,ON,RETRACTED,AUTO
23:31:02,-83.70748,-7.991456,0,449,ON,RETRACTED,AUTO
23:31:02,-83.77283,-12.27011,0,440,ON,RETRACTED,AUTO
23:31:02,-84.03142,-6.211822,0,433,ON,RETRACTED,AUTO
23:31:02,-83.8507,-10.18182,0,429,ON,RETRACTED,AUTO
23:31:02,-83.33944,-8.525012,0,434,ON,RETRACTED,AUTO
23:31:02,-84.04706,-10.01548,0,440,ON,RETRACTED,AUTO
23:31:02,-83.98184,-10.20144,0,448,ON,RETRACTED,AUTO
23:31:02,-83.47714,-7.696052,0,456,ON,RETRACTED,AUTO
23:31:02,-83.5686,-19.89226,0,458,ON,RETRACTED,AUTO
23:31:03,-83.70496,8.736572,0,456,ON,RETRACTED,AUTO
23:31:03,-83.80798,-11.21282,0,449,ON,RETRACTED,AUTO
23:31:03,-83.4586,-9.617753,0,439,ON,RETRACTED,AUTO
23:31:03,-83.71573,-10.51387,0,433,ON,RETRACTED,AUTO
23:31:03,-84.03112,-10.54807,0,430,ON,RETRACTED,AUTO
23:31:03,-83.82252,-10.32725,0,435,ON,RETRACTED,AUTO
23:31:03,-83.48678,-9.539411,0,441,ON,RETRACTED,AUTO
23:31:03,-84.14533,-13.7504,0,449,ON,RETRACTED,AUTO
23:31:03,-83.72186,-9.421744,0,456,ON,RETRACTED,AUTO
23:31:03,-83.93235,-9.085243,0,459,ON,RETRACTED,AUTO
23:31:04,-84.02668,-10.03803,0,456,ON,RETRACTED,AUTO
23:31:04,-84.3364,-8.417057,0,448,ON,RETRACTED,AUTO
23:31:04,-83.51742,-8.773468,0,439,ON,RETRACTED,AUTO
23:31:04,-83.68825,-9.582945,0,433,ON,RETRACTED,AUTO
23:31:04,-84.08717,-9.720218,0,430,ON,RETRACTED,AUTO
23:31:04,-83.89561,-9.795312,0,436,ON,RETRACTED,AUTO
23:31:04,-83.82397,-9.44172,0,442,ON,RETRACTED,AUTO
23:31:04,-83.67862,-7.079711,0,450,ON,RETRACTED,AUTO
23:31:04,-84.14069,-13.94059,0,457,ON,RETRACTED,AUTO
23:31:04,-84.08433,-10.90032,0,459,ON,RETRACTED,AUTO
23:31:05,-84.21421,-9.111358,0,456,ON,RETRACTED,AUTO
23:31:05,-83.91815,-10.81388,0,448,ON,RETRACTED,AUTO
23:31:05,-83.41518,-7.997475,0,438,ON,RETRACTED,AUTO
23:31:05,-83.85479,-7.078104,0,432,ON,RETRACTED,AUTO
23:31:05,-83.81686,-9.011506,0,430,ON,RETRACTED,AUTO
23:31:05,-83.98457,-10.47742,0,437,ON,RETRACTED,AUTO
23:31:05,-83.34568,-8.311574,0,442,ON,RETRACTED,AUTO
23:31:05,-83.84156,-11.33447,0,450,ON,RETRACTED,AUTO
23:31:05,-83.85244,-8.861195,0,457,ON,RETRACTED,AUTO
23:31:05,-84.01662,-10.24715,0,459,ON,RETRACTED,AUTO
23:31:06,-83.71436,-10.49148,0,454,ON,RETRACTED,AUTO
23:31:06,-83.75392,-3.36646,0,447,ON,RETRACTED,AUTO
23:31:06,-83.96929,-8.746162,0,438,ON,RETRACTED,AUTO
23:31:06,-83.45941,-8.51329,0,430,ON,RETRACTED,AUTO
23:31:06,-83.8554,-11.84998,0,430,ON,RETRACTED,AUTO
23:31:06,-83.50239,-6.10278,0,437,ON,RETRACTED,AUTO
23:31:06,-83.88953,-10.12467,0,442,ON,RETRACTED,AUTO
23:31:06,-83.51463,-11.35651,0,451,ON,RETRACTED,AUTO
23:31:06,-83.25963,15.68355,0,457,ON,RETRACTED,AUTO
23:31:06,-83.55283,-13.08381,0,459,ON,RETRACTED,AUTO
23:31:07,-83.74345,-11.55189,0,454,ON,RETRACTED,AUTO
23:31:07,-83.75266,-9.19782,0,447,ON,RETRACTED,AUTO
23:31:07,-83.38557,-10.59808,0,438,ON,RETRACTED,AUTO
23:31:07,-83.71947,-13.2335,0,430,ON,RETRACTED,AUTO
23:31:07,-83.49323,-11.5654,0,432,ON,RETRACTED,AUTO
23:31:07,-83.54406,-10.18755,0,438,ON,RETRACTED,AUTO
23:31:07,-83.80019,-9.892492,0,446,ON,RETRACTED,AUTO
23:31:07,-83.25975,-9.348977,0,452,ON,RETRACTED,AUTO
23:31:07,-83.2445,-10.32526,0,459,ON,RETRACTED,AUTO
23:31:08,-83.88987,-9.8766,0,459,ON,RETRACTED,AUTO
23:31:08,-83.51309,-10.37913,0,454,ON,RETRACTED,AUTO
23:31:08,-83.96706,-9.272602,0,447,ON,RETRACTED,AUTO
23:31:08,-83.79733,-6.892424,0,437,ON,RETRACTED,AUTO
23:31:08,-83.77621,-9.769699,0,432,ON,RETRACTED,AUTO
23:31:08,-83.73193,-8.839128,0,433,ON,RETRACTED,AUTO
23:31:08,-83.90088,-9.420652,0,438,ON,RETRACTED,AUTO
23:31:08,-83.7598,-8.953311,0,447,ON,RETRACTED,AUTO
23:31:08,-83.95052,-8.979268,0,452,ON,RETRACTED,AUTO
23:31:08,-83.77314,-7.692739,0,458,ON,RETRACTED,AUTO
23:31:09,-84.08178,-4.076256,0,457,ON,RETRACTED,AUTO
23:31:09,-83.58477,-9.639769,0,451,ON,RETRACTED,AUTO
23:31:09,-84.05091,-10.1657,0,442,ON,RETRACTED,AUTO
23:31:09,-83.63655,-8.027237,0,436,ON,RETRACTED,AUTO
23:31:09,-83.83284,-10.40521,0,430,ON,RETRACTED,AUTO
23:31:09,-83.49148,-9.403877,0,433,ON,RETRACTED,AUTO
23:31:09,-83.80258,-11.38304,0,438,ON,RETRACTED,AUTO
23:31:09,-83.80135,-10.1378,0,447,ON,RETRACTED,AUTO
23:31:09,-84.1263,-10.04607,0,452,ON,RETRACTED,AUTO
23:31:09,-83.73837,-8.793056,0,457,ON,RETRACTED,AUTO
23:31:10,-84.07265,-10.64373,0,457,ON,RETRACTED,AUTO
23:31:10,-83.60119,-9.323591,0,450,ON,RETRACTED,AUTO
23:31:10,-83.68574,-9.744864,0,441,ON,RETRACTED,AUTO
23:31:10,-83.73282,-9.786595,0,434,ON,RETRACTED,AUTO
23:31:10,-83.74783,-8.727278,0,429,ON,RETRACTED,AUTO
23:31:10,-83.71303,-6.272418,0,433,ON,RETRACTED,AUTO
23:31:10,-83.7148,-15.77821,0,440,ON,RETRACTED,AUTO
23:31:10,-83.38579,-3.310942,0,447,ON,RETRACTED,AUTO
23:31:10,-83.63841,-9.262826,0,454,ON,RETRACTED,AUTO
23:31:10,-83.91367,-11.01048,0,458,ON,RETRACTED,AUTO
23:31:11,-83.93034,-9.734757,0,457,ON,RETRACTED,AUTO
23:31:11,-83.73465,-10.89948,0,450,ON,RETRACTED,AUTO
23:31:11,-83.55171,-8.637132,0,440,ON,RETRACTED,AUTO
23:31:11,-83.77471,-8.217845,0,434,ON,RETRACTED,AUTO
23:31:11,-83.63422,-11.5006,0,430,ON,RETRACTED,AUTO
23:31:11,-83.96729,-7.442441,0,434,ON,RETRACTED,AUTO
23:31:11,-83.87006,-8.717458,0,440,ON,RETRACTED,AUTO
23:31:11,-83.53184,-9.246114,0,449,ON,RETRACTED,AUTO
23:31:11,-84.21091,-0.67088,0,456,ON,RETRACTED,AUTO
23:31:11,-83.8969,-13.48593,0,459,ON,RETRACTED,AUTO
23:31:12,-83.6977,-11.55189,0,456,ON,RETRACTED,AUTO
23:31:12,-83.51429,-9.462322,0,449,ON,RETRACTED,AUTO
23:31:12,-83.89476,-8.900208,0,440,ON,RETRACTED,AUTO
23:31:12,-83.6699,-9.181758,0,433,ON,RETRACTED,AUTO
23:31:12,-83.44069,-8.163453,0,430,ON,RETRACTED,AUTO
23:31:12,-83.76904,-6.709836,0,436,ON,RETRACTED,AUTO
23:31:12,-83.91425,-7.376726,0,442,ON,RETRACTED,AUTO
23:31:12,-83.43457,-10.02157,0,449,ON,RETRACTED,AUTO
23:31:12,-82.91987,-29.71878,0,457,ON,RETRACTED,AUTO
23:31:12,-83.86978,-13.30523,0,459,ON,RETRACTED,AUTO
23:31:13,-83.84207,-10.55061,0,456,ON,RETRACTED,AUTO
23:31:13,-84.27945,-11.07307,0,448,ON,RETRACTED,AUTO
23:31:13,-83.85019,-9.462322,0,439,ON,RETRACTED,AUTO
23:31:13,-83.36361,-8.507798,0,433,ON,RETRACTED,AUTO
23:31:13,-82.98318,-10.07819,0,432,ON,RETRACTED,AUTO
23:31:13,-83.68115,-10.75555,0,437,ON,RETRACTED,AUTO
23:31:13,-83.36638,-8.444094,0,442,ON,RETRACTED,AUTO
23:31:13,-83.94372,-11.56013,0,451,ON,RETRACTED,AUTO
23:31:13,-83.87118,-8.468494,0,457,ON,RETRACTED,AUTO
23:31:13,-83.58627,-9.066504,0,459,ON,RETRACTED,AUTO
23:31:14,-83.98174,-7.125016,0,456,ON,RETRACTED,AUTO
23:31:14,-83.78893,-11.86949,0,448,ON,RETRACTED,AUTO
23:31:14,-83.66784,-8.337444,0,438,ON,RETRACTED,AUTO
23:31:14,-83.83092,-7.652501,0,430,ON,RETRACTED,AUTO
23:31:14,-83.67937,-9.582945,0,432,ON,RETRACTED,AUTO
23:31:14,-83.54984,-9.737686,0,438,ON,RETRACTED,AUTO
23:31:14,-83.37011,-18.21571,0,446,ON,RETRACTED,AUTO
23:31:14,-83.81162,-9.318053,0,451,ON,RETRACTED,AUTO
23:31:14,-83.97126,-6.156416,0,457,ON,RETRACTED,AUTO
23:31:14,-83.80256,-4.533791,0,459,ON,RETRACTED,AUTO
23:31:15,-83.61796,-11.66492,0,453,ON,RETRACTED,AUTO
23:31:15,-83.40476,-15.86571,0,446,ON,RETRACTED,AUTO
23:31:15,-83.61475,-13.627,0,437,ON,RETRACTED,AUTO
23:31:15,-83.97645,-9.251986,0,430,ON,RETRACTED,AUTO
23:31:15,-83.84956,-8.307487,0,433,ON,RETRACTED,AUTO
23:31:15,-82.97488,-16.15833,0,439,ON,RETRACTED,AUTO
23:31:15,-83.57784,-8.947585,0,447,ON,RETRACTED,AUTO
23:31:15,-83.90851,-3.321476,0,452,ON,RETRACTED,AUTO
23:31:15,-83.55621,-9.481964,0,458,ON,RETRACTED,AUTO
23:31:15,-83.91733,-9.295584,0,458,ON,RETRACTED,AUTO
23:31:16,-83.83848,-10.71978,0,451,ON,RETRACTED,AUTO
23:31:16,-83.56681,-9.14708,0,442,ON,RETRACTED,AUTO
23:31:16,-83.87981,-10.44075,0,436,ON,RETRACTED,AUTO
23:31:16,-83.88587,-9.89826,0,430,ON,RETRACTED,AUTO
23:31:16,-83.05818,-15.80854,0,434,ON,RETRACTED,AUTO
23:31:16,-83.98187,-8.892549,0,440,ON,RETRACTED,AUTO
23:31:16,-83.55166,-9.639769,0,448,ON,RETRACTED,AUTO
23:31:16,-83.88239,-8.380612,0,454,ON,RETRACTED,AUTO
23:31:16,-83.73503,-9.17808,0,459,ON,RETRACTED,AUTO
23:31:16,-83.83209,-8.679473,0,457,ON,RETRACTED,AUTO
23:31:17,-83.4743,-17.47271,0,450,ON,RETRACTED,AUTO
23:31:17,-83.92567,-12.43226,0,441,ON,RETRACTED,AUTO
23:31:17,-83.82188,-8.289405,0,434,ON,RETRACTED,AUTO
23:31:17,-83.72007,-11.52724,0,430,ON,RETRACTED,AUTO
23:31:17,-83.71438,-7.692739,0,436,ON,RETRACTED,AUTO
23:31:17,-83.65706,-10.04327,0,441,ON,RETRACTED,AUTO
23:31:17,-83.60674,-21.55844,0,449,ON,RETRACTED,AUTO
23:31:17,-83.86573,-9.628156,0,456,ON,RETRACTED,AUTO
23:31:17,-83.28112,-9.895231,0,459,ON,RETRACTED,AUTO
23:31:18,-83.98917,-9.673355,0,457,ON,RETRACTED,AUTO
23:31:18,-83.7105,-8.736842,0,450,ON,RETRACTED,AUTO
23:31:18,-84.31197,-7.074521,0,440,ON,RETRACTED,AUTO
23:31:18,-84.1696,-10.79049,0,434,ON,RETRACTED,AUTO
23:31:18,-83.97478,-10.20144,0,432,ON,RETRACTED,AUTO
23:31:18,-83.882,-12.4468,0,437,ON,RETRACTED,AUTO
23:31:18,-83.78978,-8.869134,0,442,ON,RETRACTED,AUTO
23:31:18,-84.02271,-10.54807,0,451,ON,RETRACTED,AUTO
23:31:18,-83.36662,-10.26334,0,457,ON,RETRACTED,AUTO
23:31:18,-83.21978,-4.915343,0,459,ON,RETRACTED,AUTO
23:31:19,-83.88162,-14.34084,0,456,ON,RETRACTED,AUTO
23:31:19,-83.62885,-9.123769,0,448,ON,RETRACTED,AUTO
23:31:19,-83.95464,-10.11124,0,438,ON,RETRACTED,AUTO
23:31:19,-83.74375,-11.04389,0,432,ON,RETRACTED,AUTO
23:31:19,-84.11174,-10.02318,0,433,ON,RETRACTED,AUTO
23:31:19,-83.6207,-11.95101,0,438,ON,RETRACTED,AUTO
23:31:19,-83.86532,-13.24768,0,446,ON,RETRACTED,AUTO
23:31:19,-83.50253,-11.14643,0,452,ON,RETRACTED,AUTO
23:31:19,-83.83255,-9.688787,0,458,ON,RETRACTED,AUTO
23:31:19,-83.78543,-10.50506,0,459,ON,RETRACTED,AUTO
23:31:20,-83.57582,-9.14708,0,454,ON,RETRACTED,AUTO
23:31:20,-83.77348,-11.38304,0,447,ON,RETRACTED,AUTO
23:31:20,-83.63429,-9.482217,0,437,ON,RETRACTED,AUTO
23:31:20,-83.94578,-10.76047,0,432,ON,RETRACTED,AUTO
23:31:20,-83.1662,-6.690009,0,433,ON,RETRACTED,AUTO
23:31:20,-83.29575,-2.798381,0,439,ON,RETRACTED,AUTO
23:31:20,-83.90659,-10.31618,0,447,ON,RETRACTED,AUTO
23:31:20,-83.95276,-8.70737,0,454,ON,RETRACTED,AUTO
23:31:20,-83.81462,-10.18182,0,459,ON,RETRACTED,AUTO
23:31:20,-83.4755,-9.850631,0,459,ON,RETRACTED,AUTO
23:31:21,-84.10104,-9.11626,0,452,ON,RETRACTED,AUTO
23:31:21,-83.95309,-8.23896,0,442,ON,RETRACTED,AUTO
23:31:21,-83.77251,-9.605205,0,436,ON,RETRACTED,AUTO
23:31:21,-83.95677,-10.93382,0,430,ON,RETRACTED,AUTO
23:31:21,-83.6152,-10.09914,0,434,ON,RETRACTED,AUTO
23:31:21,-83.86591,-10.271,0,440,ON,RETRACTED,AUTO
23:31:21,-83.5235,-9.93211,0,449,ON,RETRACTED,AUTO
23:31:21,-83.88187,-14.88321,0,456,ON,RETRACTED,AUTO
23:31:21,-83.8006,-10.30485,0,459,ON,RETRACTED,AUTO
23:31:21,-83.84898,-9.544525,0,457,ON,RETRACTED,AUTO
23:31:22,-83.8574,-17.64471,0,450,ON,RETRACTED,AUTO
23:31:22,-83.83804,-13.21908,0,441,ON,RETRACTED,AUTO
23:31:22,-84.02141,-9.887989,0,434,ON,RETRACTED,AUTO
23:31:22,-83.75851,-9.19782,0,430,ON,RETRACTED,AUTO
23:31:22,-83.49922,0.242264,0,436,ON,RETRACTED,AUTO
23:31:22,-83.26942,-0.116455,0,441,ON,RETRACTED,AUTO
23:31:22,-83.73257,-10.05089,0,450,ON,RETRACTED,AUTO
23:31:22,-83.62257,-8.884401,0,457,ON,RETRACTED,AUTO
23:31:22,-83.77872,-11.13919,0,459,ON,RETRACTED,AUTO
23:31:22,-84.28044,-6.890953,0,456,ON,RETRACTED,AUTO
23:31:23,-83.96302,-10.38468,0,448,ON,RETRACTED,AUTO
23:31:23,-84.02715,-8.203511,0,439,ON,RETRACTED,AUTO
23:31:23,-83.46287,-11.88866,0,433,ON,RETRACTED,AUTO
23:31:23,-83.81622,-8.907665,0,430,ON,RETRACTED,AUTO
23:31:23,-83.55759,-9.403132,0,437,ON,RETRACTED,AUTO
23:31:23,-83.71872,-11.33394,0,442,ON,RETRACTED,AUTO
23:31:23,-83.40431,-7.633331,0,451,ON,RETRACTED,AUTO
23:31:23,-83.97018,-3.46435,0,457,ON,RETRACTED,AUTO
23:31:23,-83.87453,-7.469507,0,459,ON,RETRACTED,AUTO
23:31:23,-83.70373,-9.462322,0,454,ON,RETRACTED,AUTO
23:31:24,-83.67364,-8.718263,0,447,ON,RETRACTED,AUTO
23:31:24,-84.33102,-9.417647,0,437,ON,RETRACTED,AUTO
23:31:24,-83.85235,-10.98985,0,432,ON,RETRACTED,AUTO
23:31:24,-83.79212,-11.23694,0,433,ON,RETRACTED,AUTO
23:31:24,-83.70416,-11.47824,0,438,ON,RETRACTED,AUTO
23:31:24,-84.09489,-5.671287,0,447,ON,RETRACTED,AUTO
23:31:24,-84.06793,-7.611938,0,452,ON,RETRACTED,AUTO
23:31:24,-83.42699,-6.889838,0,459,ON,RETRACTED,AUTO
23:31:24,-83.6351,-8.404736,0,459,ON,RETRACTED,AUTO
23:31:24,-83.74139,-10.05089,0,453,ON,RETRACTED,AUTO
23:31:25,-83.90643,-10.21397,0,446,ON,RETRACTED,AUTO
23:31:25,-83.70039,-9.986662,0,437,ON,RETRACTED,AUTO
23:31:25,-83.86671,-9.855036,0,434,ON,RETRACTED,AUTO
23:31:25,-83.28318,-8.536449,0,437,ON,RETRACTED,AUTO
23:31:25,-84.01197,-6.837661,0,442,ON,RETRACTED,AUTO
23:31:25,-83.97596,-12.76459,0,450,ON,RETRACTED,AUTO
23:31:25,-83.85951,-10.20397,0,458,ON,RETRACTED,AUTO
23:31:25,-83.71912,-7.553846,0,462,ON,RETRACTED,AUTO
23:31:25,-83.80045,-7.989327,0,461,ON,RETRACTED,AUTO
23:31:25,-83.87302,-14.3098,0,456,ON,RETRACTED,AUTO
23:31:26,-83.88009,-8.880659,0,446,ON,RETRACTED,AUTO
23:31:26,-83.91731,-13.57469,0,438,ON,RETRACTED,AUTO
23:31:26,-83.895,-12.10359,0,435,ON,RETRACTED,AUTO
23:31:26,-83.98701,-10.85641,0,438,ON,RETRACTED,AUTO
23:31:26,-84.3728,-8.442125,0,446,ON,RETRACTED,AUTO
23:31:26,-84.00259,-9.441156,0,452,ON,RETRACTED,AUTO
23:31:26,-83.89477,-11.63363,0,460,ON,RETRACTED,AUTO
23:31:26,-84.08997,-10.10631,0,462,ON,RETRACTED,AUTO
23:31:26,-84.17426,-10.39973,0,460,ON,RETRACTED,AUTO
23:31:26,-84.30233,-11.46953,0,452,ON,RETRACTED,AUTO
23:31:27,-84.14778,-11.54253,0,442,ON,RETRACTED,AUTO
23:31:27,-83.74901,-9.280046,0,437,ON,RETRACTED,AUTO
23:31:27,-84.2333,-9.440252,0,435,ON,RETRACTED,AUTO
23:31:27,-83.6346,-10.64207,0,439,ON,RETRACTED,AUTO
23:31:27,-83.67376,-8.699761,0,447,ON,RETRACTED,AUTO
23:31:27,-84.05158,-10.69934,0,452,ON,RETRACTED,AUTO
23:31:27,-84.09402,-12.25922,0,460,ON,RETRACTED,AUTO
23:31:27,-84.38648,-8.266011,0,462,ON,RETRACTED,AUTO
23:31:27,-83.96429,-10.45408,0,459,ON,RETRACTED,AUTO
23:31:28,-83.70222,-11.21388,0,450,ON,RETRACTED,AUTO
23:31:28,-83.76852,-11.09134,0,441,ON,RETRACTED,AUTO
23:31:28,-83.91393,-11.2353,0,436,ON,RETRACTED,AUTO
23:31:28,-84.26148,-10.01578,0,436,ON,RETRACTED,AUTO
23:31:28,-83.89745,-11.16163,0,440,ON,RETRACTED,AUTO
23:31:28,-84.02496,-10.52441,0,448,ON,RETRACTED,AUTO
23:31:28,-83.1907,-10.64062,0,456,ON,RETRACTED,AUTO
23:31:28,-84.14944,-11.05044,0,461,ON,RETRACTED,AUTO
23:31:28,-84.04921,-9.398232,0,461,ON,RETRACTED,AUTO
23:31:28,-83.96894,-9.651834,0,457,ON,RETRACTED,AUTO
23:31:29,-83.71237,-10.37074,0,449,ON,RETRACTED,AUTO
23:31:29,-83.86159,-10.271,0,439,ON,RETRACTED,AUTO
23:31:29,-83.58789,-10.76742,0,434,ON,RETRACTED,AUTO
23:31:29,-84.15285,-9.78688,0,436,ON,RETRACTED,AUTO
23:31:29,-84.02736,-9.632717,0,441,ON,RETRACTED,AUTO
23:31:29,-83.84238,-7.793385,0,449,ON,RETRACTED,AUTO
23:31:29,-83.9262,-11.63363,0,457,ON,RETRACTED,AUTO
23:31:29,-83.87613,-10.00068,0,462,ON,RETRACTED,AUTO
23:31:29,-84.42111,-9.30323,0,462,ON,RETRACTED,AUTO
23:31:29,-84.03638,-11.23357,0,457,ON,RETRACTED,AUTO
23:31:30,-84.07952,-11.41216,0,448,ON,RETRACTED,AUTO
23:31:30,-84.22516,-8.847678,0,439,ON,RETRACTED,AUTO
23:31:30,-83.78195,-11.23694,0,436,ON,RETRACTED,AUTO
23:31:30,-84.31622,-9.8425,0,438,ON,RETRACTED,AUTO
23:31:30,-84.33449,-12.00863,0,442,ON,RETRACTED,AUTO
23:31:30,-84.01019,-9.100503,0,451,ON,RETRACTED,AUTO
23:31:30,-83.87116,-10.14685,0,459,ON,RETRACTED,AUTO
23:31:30,-83.91875,-9.295584,0,462,ON,RETRACTED,AUTO
23:31:30,-84.10791,-8.9658,0,461,ON,RETRACTED,AUTO
23:31:30,-84.0185,-11.18323,0,454,ON,RETRACTED,AUTO
23:31:31,-84.26328,-12.69029,0,446,ON,RETRACTED,AUTO
23:31:31,-84.27026,-11.97213,0,437,ON,RETRACTED,AUTO
23:31:31,-83.91396,-13.08037,0,434,ON,RETRACTED,AUTO
23:31:31,-84.21155,-10.73438,0,438,ON,RETRACTED,AUTO
23:31:31,-84.31694,-11.73512,0,446,ON,RETRACTED,AUTO
23:31:31,-83.9602,-10.38468,0,452,ON,RETRACTED,AUTO
23:31:31,-84.0956,-12.07656,0,460,ON,RETRACTED,AUTO
23:31:31,-83.79835,-10.87145,0,462,ON,RETRACTED,AUTO
23:31:31,-83.84978,-11.11304,0,460,ON,RETRACTED,AUTO
23:31:31,-83.96724,-9.378218,0,452,ON,RETRACTED,AUTO
23:31:32,-83.93074,-8.4363,0,442,ON,RETRACTED,AUTO
23:31:32,-84.0723,-10.74773,0,436,ON,RETRACTED,AUTO
23:31:32,-83.93458,-11.18467,0,434,ON,RETRACTED,AUTO
23:31:32,-83.96466,-10.98253,0,439,ON,RETRACTED,AUTO
23:31:32,-83.93586,-7.611359,0,446,ON,RETRACTED,AUTO
23:31:32,-83.75515,-10.1724,0,453,ON,RETRACTED,AUTO
23:31:32,-83.90395,-12.65256,0,460,ON,RETRACTED,AUTO
23:31:32,-83.73,-9.523038,0,461,ON,RETRACTED,AUTO
23:31:32,-83.66876,-8.820379,0,459,ON,RETRACTED,AUTO
23:31:32,-84.03699,-11.99532,0,450,ON,RETRACTED,AUTO
23:31:33,-83.92634,-11.53462,0,440,ON,RETRACTED,AUTO
23:31:33,-84.13602,-12.88601,0,435,ON,RETRACTED,AUTO
23:31:33,-83.7638,-11.60151,0,436,ON,RETRACTED,AUTO
23:31:33,-84.05674,-10.33978,0,440,ON,RETRACTED,AUTO
23:31:33,-83.77459,-9.706653,0,448,ON,RETRACTED,AUTO
23:31:33,-83.80403,-11.38304,0,456,ON,RETRACTED,AUTO
23:31:33,-83.70805,-12.36906,0,461,ON,RETRACTED,AUTO
23:31:33,-83.89536,-6.827744,0,460,ON,RETRACTED,AUTO
23:31:33,-83.67461,-11.76333,0,454,ON,RETRACTED,AUTO
23:31:33,-84.059,-9.932651,0,447,ON,RETRACTED,AUTO
23:31:34,-83.75076,-10.1724,0,437,ON,RETRACTED,AUTO
23:31:34,-84.03565,-10.67531,0,433,ON,RETRACTED,AUTO
23:31:34,-84.05564,-9.121025,0,434,ON,RETRACTED,AUTO
23:31:34,-83.94714,-11.83603,0,440,ON,RETRACTED,AUTO
23:31:34,-83.89042,-13.11763,0,448,ON,RETRACTED,AUTO
23:31:34,-83.61014,-10.35905,0,454,ON,RETRACTED,AUTO
23:31:34,-84.37532,-12.17146,0,459,ON,RETRACTED,AUTO
23:31:34,-84.15752,-12.11321,0,459,ON,RETRACTED,AUTO
23:31:34,-83.68875,-10.16321,0,451,ON,RETRACTED,AUTO
23:31:34,-83.77082,-10.50506,0,442,ON,RETRACTED,AUTO
23:31:35,-84.0723,-10.74773,0,434,ON,RETRACTED,AUTO
23:31:35,-83.65101,-10.64207,0,430,ON,RETRACTED,AUTO
23:31:35,-83.97913,-12.7929,0,434,ON,RETRACTED,AUTO
23:31:35,-84.24824,-10.36472,0,440,ON,RETRACTED,AUTO
23:31:35,-83.90944,-10.31618,0,449,ON,RETRACTED,AUTO
23:31:35,-83.67113,-11.21388,0,456,ON,RETRACTED,AUTO
23:31:35,-83.65227,-11.16645,0,459,ON,RETRACTED,AUTO
23:31:35,-83.8437,-11.63002,0,457,ON,RETRACTED,AUTO
23:31:35,-83.79729,-11.67674,0,450,ON,RETRACTED,AUTO
23:31:35,-83.9582,-10.93382,0,440,ON,RETRACTED,AUTO
23:31:36,-84.26371,-10.10112,0,433,ON,RETRACTED,AUTO
23:31:36,-84.12309,-11.7469,0,430,ON,RETRACTED,AUTO
23:31:36,-83.90031,-13.60453,0,437,ON,RETRACTED,AUTO
23:31:36,-84.13717,-16.85075,0,442,ON,RETRACTED,AUTO
23:31:36,-84.22079,-12.77471,0,450,ON,RETRACTED,AUTO
23:31:36,-83.8979,-12.47402,0,457,ON,RETRACTED,AUTO
23:31:36,-84.00308,-11.53719,0,459,ON,RETRACTED,AUTO
23:31:36,-83.96922,-11.33503,0,456,ON,RETRACTED,AUTO
23:31:36,-83.95966,-14.06723,0,447,ON,RETRACTED,AUTO
23:31:36,-84.00463,-11.30993,0,438,ON,RETRACTED,AUTO
23:31:37,-83.51104,-10.40055,0,430,ON,RETRACTED,AUTO
23:31:37,-83.66422,-12.43605,0,430,ON,RETRACTED,AUTO
23:31:37,-83.87787,-14.2811,0,437,ON,RETRACTED,AUTO
23:31:37,-83.93047,-10.98623,0,444,ON,RETRACTED,AUTO
23:31:37,-84.15955,-11.8275,0,451,ON,RETRACTED,AUTO
23:31:37,-84.03729,-10.01548,0,459,ON,RETRACTED,AUTO
23:31:37,-84.2892,-11.57519,0,460,ON,RETRACTED,AUTO
23:31:37,-83.90561,-10.06673,0,456,ON,RETRACTED,AUTO
23:31:37,-83.66578,-12.5553,0,447,ON,RETRACTED,AUTO
23:31:38,-83.91171,-11.83011,0,438,ON,RETRACTED,AUTO
23:31:38,-84.08638,-10.92506,0,433,ON,RETRACTED,AUTO
23:31:38,-84.36646,-13.20928,0,434,ON,RETRACTED,AUTO
23:31:38,-83.90968,-12.03263,0,440,ON,RETRACTED,AUTO
23:31:38,-83.91111,-13.08037,0,448,ON,RETRACTED,AUTO
23:31:38,-83.58362,-10.39083,0,454,ON,RETRACTED,AUTO
23:31:38,-84.08865,-11.07859,0,459,ON,RETRACTED,AUTO
23:31:38,-83.85889,-12.29684,0,459,ON,RETRACTED,AUTO
23:31:38,-83.69662,-12.82052,0,452,ON,RETRACTED,AUTO
23:31:38,-83.9437,-11.33503,0,442,ON,RETRACTED,AUTO
23:31:39,-84.03172,-12.93635,0,436,ON,RETRACTED,AUTO
23:31:39,-83.82449,-11.4571,0,430,ON,RETRACTED,AUTO
23:31:39,-83.95888,-12.88924,0,436,ON,RETRACTED,AUTO
23:31:39,-83.84081,-10.98985,0,441,ON,RETRACTED,AUTO
23:31:39,-83.44841,-10.56888,0,450,ON,RETRACTED,AUTO
23:31:39,-83.82892,-11.48199,0,457,ON,RETRACTED,AUTO
23:31:39,-83.77274,-10.58163,0,460,ON,RETRACTED,AUTO
23:31:39,-83.57291,-11.85155,0,459,ON,RETRACTED,AUTO
23:31:39,-83.85079,-10.49606,0,451,ON,RETRACTED,AUTO
23:31:39,-84.11387,-7.533681,0,441,ON,RETRACTED,AUTO
23:31:40,-83.61472,-12.21328,0,436,ON,RETRACTED,AUTO
23:31:40,-83.8715,-11.80428,0,434,ON,RETRACTED,AUTO
23:31:40,-84.11701,-12.69958,0,438,ON,RETRACTED,AUTO
23:31:40,-83.9948,-12.12187,0,446,ON,RETRACTED,AUTO
23:31:40,-83.86671,-11.63002,0,452,ON,RETRACTED,AUTO
23:31:40,-84.01342,-14.63175,0,459,ON,RETRACTED,AUTO
23:31:40,-83.5067,-10.89002,0,461,ON,RETRACTED,AUTO
23:31:40,-84.02985,-13.18864,0,459,ON,RETRACTED,AUTO
23:31:40,-84.01705,-13.03336,0,450,ON,RETRACTED,AUTO
23:31:40,-83.82697,-12.58296,0,441,ON,RETRACTED,AUTO
23:31:41,-83.9982,-12.06777,0,436,ON,RETRACTED,AUTO
23:31:41,-83.76031,-11.38304,0,436,ON,RETRACTED,AUTO
23:31:41,-83.80969,-13.73357,0,440,ON,RETRACTED,AUTO
23:31:41,-83.76285,-11.99084,0,448,ON,RETRACTED,AUTO
23:31:41,-84.00847,-10.65139,0,456,ON,RETRACTED,AUTO
23:31:41,-83.58794,-13.5098,0,460,ON,RETRACTED,AUTO
23:31:41,-83.63123,-11.35752,0,461,ON,RETRACTED,AUTO
23:31:41,-84.02497,-11.46218,0,457,ON,RETRACTED,AUTO
23:31:41,-83.82142,-11.35911,0,448,ON,RETRACTED,AUTO
23:31:41,-83.77943,-10.84808,0,438,ON,RETRACTED,AUTO
23:31:42,-83.8734,-12.32369,0,430,ON,RETRACTED,AUTO
23:31:42,-84.10623,-14.47433,0,433,ON,RETRACTED,AUTO
23:31:42,-83.88803,-12.13016,0,438,ON,RETRACTED,AUTO
23:31:42,-83.81574,-10.45044,0,447,ON,RETRACTED,AUTO
23:31:42,-83.77985,-9.134569,0,456,ON,RETRACTED,AUTO
23:31:42,-84.12127,-10.74113,0,461,ON,RETRACTED,AUTO
23:31:42,-84.14221,-11.41335,0,462,ON,RETRACTED,AUTO
23:31:42,-83.9758,-11.86228,0,457,ON,RETRACTED,AUTO
23:31:42,-83.73624,-11.69772,0,448,ON,RETRACTED,AUTO
23:31:42,-83.9399,-9.713251,0,439,ON,RETRACTED,AUTO
23:31:43,-83.78938,-10.40521,0,436,ON,RETRACTED,AUTO
23:31:43,-84.1776,-9.35298,0,438,ON,RETRACTED,AUTO
23:31:43,-83.85769,-8.822518,0,446,ON,RETRACTED,AUTO
23:31:43,-83.64845,-11.26223,0,452,ON,RETRACTED,AUTO
23:31:43,-84.12897,-11.25832,0,460,ON,RETRACTED,AUTO
23:31:43,-83.6881,-10.44696,0,462,ON,RETRACTED,AUTO
23:31:43,-83.71799,-10.00798,0,461,ON,RETRACTED,AUTO
23:31:43,-84.1327,-8.706201,0,454,ON,RETRACTED,AUTO
23:31:43,-83.7454,-10.70327,0,446,ON,RETRACTED,AUTO
23:31:43,-83.66066,-10.16321,0,438,ON,RETRACTED,AUTO
23:31:44,-84.08932,-11.84827,0,436,ON,RETRACTED,AUTO
23:31:44,-84.12807,-11.10383,0,439,ON,RETRACTED,AUTO
23:31:44,-84.15759,-11.72511,0,447,ON,RETRACTED,AUTO
23:31:44,-83.82242,-9.688787,0,454,ON,RETRACTED,AUTO
23:31:44,-83.69771,-9.724129,0,461,ON,RETRACTED,AUTO
23:31:44,-83.74818,-11.64781,0,463,ON,RETRACTED,AUTO
23:31:44,-84.11014,-10.41034,0,461,ON,RETRACTED,AUTO
23:31:44,-84.2302,-11.1787,0,452,ON,RETRACTED,AUTO
23:31:44,-83.79668,-8.23562,0,442,ON,RETRACTED,AUTO
23:31:44,-83.45238,-9.714299,0,437,ON,RETRACTED,AUTO
23:31:45,-83.86716,-11.90161,0,437,ON,RETRACTED,AUTO
23:31:45,-83.58851,-9.442511,0,440,ON,RETRACTED,AUTO
23:31:45,-83.90653,-11.11082,0,448,ON,RETRACTED,AUTO
23:31:45,-83.81364,-11.16327,0,456,ON,RETRACTED,AUTO
23:31:45,-83.81564,-10.42777,0,461,ON,RETRACTED,AUTO
23:31:45,-83.73061,-11.64781,0,462,ON,RETRACTED,AUTO
23:31:45,-83.61089,-9.123769,0,460,ON,RETRACTED,AUTO
23:31:45,-84.25032,-10.25682,0,451,ON,RETRACTED,AUTO
23:31:45,-83.51165,-8.954082,0,441,ON,RETRACTED,AUTO
23:31:45,-83.95904,-10.47742,0,437,ON,RETRACTED,AUTO
23:31:46,-83.96172,-10.7843,0,438,ON,RETRACTED,AUTO
23:31:46,-83.54008,-11.56813,0,442,ON,RETRACTED,AUTO
23:31:46,-84.0747,-10.10631,0,450,ON,RETRACTED,AUTO
23:31:46,-83.67725,-8.579065,0,458,ON,RETRACTED,AUTO
23:31:46,-83.71667,-12.12908,0,462,ON,RETRACTED,AUTO
23:31:46,-84.00539,-9.080072,0,462,ON,RETRACTED,AUTO
23:31:46,-83.60484,-9.204592,0,458,ON,RETRACTED,AUTO
23:31:46,-84.34743,-8.901716,0,449,ON,RETRACTED,AUTO
23:31:46,-83.67401,-10.54476,0,440,ON,RETRACTED,AUTO
23:31:46,-83.84531,-11.75293,0,436,ON,RETRACTED,AUTO
23:31:47,-84.08456,-11.02845,0,438,ON,RETRACTED,AUTO
23:31:47,-83.77858,-10.26032,0,442,ON,RETRACTED,AUTO
23:31:47,-83.79063,-9.217645,0,451,ON,RETRACTED,AUTO
23:31:47,-83.80826,-10.0587,0,459,ON,RETRACTED,AUTO
23:31:47,-83.94463,-11.40984,0,462,ON,RETRACTED,AUTO
23:31:47,-84.20071,-10.29295,0,461,ON,RETRACTED,AUTO
23:31:47,-83.81553,-10.0587,0,456,ON,RETRACTED,AUTO
23:31:47,-84.04654,-9.249089,0,447,ON,RETRACTED,AUTO
23:31:47,-83.9537,-10.23654,0,438,ON,RETRACTED,AUTO
23:31:48,-83.98933,-9.843723,0,436,ON,RETRACTED,AUTO
23:31:48,-83.73783,-11.67271,0,439,ON,RETRACTED,AUTO
23:31:48,-83.88795,-11.30993,0,446,ON,RETRACTED,AUTO
23:31:48,-83.86333,-12.32369,0,452,ON,RETRACTED,AUTO
23:31:48,-83.81173,-10.99339,0,460,ON,RETRACTED,AUTO
23:31:48,-83.90967,-7.502473,0,462,ON,RETRACTED,AUTO
23:31:48,-83.97065,-7.093106,0,460,ON,RETRACTED,AUTO
23:31:48,-83.84576,-10.40521,0,452,ON,RETRACTED,AUTO
23:31:48,-84.08137,-10.21166,0,445,ON,RETRACTED,AUTO
23:31:48,-84.28377,-11.83994,0,437,ON,RETRACTED,AUTO
23:31:49,-84.22227,-9.528205,0,436,ON,RETRACTED,AUTO
23:31:49,-83.67606,-11.90749,0,439,ON,RETRACTED,AUTO
23:31:49,-84.25462,-9.0425,0,448,ON,RETRACTED,AUTO
23:31:49,-83.78825,-10.1378,0,454,ON,RETRACTED,AUTO
23:31:49,-83.91618,-8.273609,0,460,ON,RETRACTED,AUTO
23:31:49,-84.33692,-8.8597,0,462,ON,RETRACTED,AUTO
23:31:49,-84.20136,-9.877186,0,458,ON,RETRACTED,AUTO
23:31:49,-83.569,-6.10278,0,450,ON,RETRACTED,AUTO
23:31:49,-84.32225,-13.11644,0,440,ON,RETRACTED,AUTO
23:31:49,-83.84736,-8.413217,0,436,ON,RETRACTED,AUTO
23:31:50,-83.83659,-9.154393,0,436,ON,RETRACTED,AUTO
23:31:50,-83.707,-10.49148,0,441,ON,RETRACTED,AUTO
23:31:50,-84.18254,-10.31677,0,449,ON,RETRACTED,AUTO
23:31:50,-84.07258,-9.698195,0,457,ON,RETRACTED,AUTO
23:31:50,-83.87121,-11.01383,0,461,ON,RETRACTED,AUTO
23:31:50,-83.82782,-6.892424,0,462,ON,RETRACTED,AUTO
23:31:50,-83.78858,-9.360191,0,457,ON,RETRACTED,AUTO
23:31:50,-84.15841,-11.15466,0,448,ON,RETRACTED,AUTO
23:31:50,-84.07634,-10.97875,0,440,ON,RETRACTED,AUTO
23:31:50,-83.70364,-9.482475,0,436,ON,RETRACTED,AUTO
23:31:51,-84.17155,-12.34311,0,437,ON,RETRACTED,AUTO
23:31:51,-83.82505,-9.154393,0,442,ON,RETRACTED,AUTO
23:31:51,-83.6953,-9.644404,0,451,ON,RETRACTED,AUTO
23:31:51,-83.74141,-8.408913,0,459,ON,RETRACTED,AUTO
23:31:51,-83.86044,-6.937726,0,462,ON,RETRACTED,AUTO
23:31:51,-83.94561,-10.25921,0,461,ON,RETRACTED,AUTO
23:31:51,-84.17519,-9.179222,0,454,ON,RETRACTED,AUTO
23:31:51,-84.05424,-9.013205,0,446,ON,RETRACTED,AUTO
23:31:51,-83.82446,-8.822518,0,437,ON,RETRACTED,AUTO
23:31:51,-83.83088,-9.935491,0,435,ON,RETRACTED,AUTO
23:31:52,-83.87236,-10.12467,0,439,ON,RETRACTED,AUTO
23:31:52,-83.84508,-8.679473,0,446,ON,RETRACTED,AUTO
23:31:52,-83.76205,-9.05612,0,452,ON,RETRACTED,AUTO
23:31:52,-83.88243,-10.41786,0,460,ON,RETRACTED,AUTO
23:31:52,-84.16943,-7.157813,0,462,ON,RETRACTED,AUTO
23:31:52,-83.64151,-10.35905,0,460,ON,RETRACTED,AUTO
23:31:52,-83.97134,-10.55674,0,451,ON,RETRACTED,AUTO
23:31:52,-83.73288,-9.299954,0,442,ON,RETRACTED,AUTO
23:31:52,-84.00342,-9.059732,0,437,ON,RETRACTED,AUTO
23:31:52,-83.89455,-8.649819,0,436,ON,RETRACTED,AUTO
23:31:53,-84.05964,-9.4195,0,440,ON,RETRACTED,AUTO
23:31:53,-84.14759,-11.28407,0,449,ON,RETRACTED,AUTO
23:31:53,-84.17258,-9.331411,0,456,ON,RETRACTED,AUTO
23:31:53,-84.20943,-10.55437,0,461,ON,RETRACTED,AUTO
23:31:53,-84.14879,-10.45792,0,462,ON,RETRACTED,AUTO
23:31:53,-84.02777,-11.15822,0,459,ON,RETRACTED,AUTO
23:31:53,-84.02683,-10.37406,0,450,ON,RETRACTED,AUTO
23:31:53,-83.99846,-8.002738,0,440,ON,RETRACTED,AUTO
23:31:53,-83.7769,-10.96976,0,436,ON,RETRACTED,AUTO
23:31:53,-83.8167,-9.194298,0,437,ON,RETRACTED,AUTO
23:31:54,-83.84491,-9.833564,0,441,ON,RETRACTED,AUTO
23:31:54,-83.92513,-10.51004,0,450,ON,RETRACTED,AUTO
23:31:54,-83.80682,-9.769699,0,459,ON,RETRACTED,AUTO
23:31:54,-83.88578,-10.16913,0,462,ON,RETRACTED,AUTO
23:31:54,-83.97952,-11.36024,0,461,ON,RETRACTED,AUTO
23:31:54,-83.89311,-8.966087,0,457,ON,RETRACTED,AUTO
23:31:54,-84.1208,-12.4151,0,447,ON,RETRACTED,AUTO
23:31:54,-84.29143,-10.61965,0,438,ON,RETRACTED,AUTO
23:31:54,-83.81753,-10.18182,0,436,ON,RETRACTED,AUTO
23:31:54,-83.97926,-11.00705,0,438,ON,RETRACTED,AUTO
23:31:55,-83.79906,-10.28253,0,446,ON,RETRACTED,AUTO
23:31:55,-84.00969,-10.75417,0,452,ON,RETRACTED,AUTO
23:31:55,-83.78689,-10.50506,0,460,ON,RETRACTED,AUTO
23:31:55,-83.68736,-9.944294,0,462,ON,RETRACTED,AUTO
23:31:55,-84.28558,-11.12485,0,461,ON,RETRACTED,AUTO
23:31:55,-83.76861,-9.972057,0,453,ON,RETRACTED,AUTO
23:31:55,-83.81499,-10.65027,0,442,ON,RETRACTED,AUTO
23:31:55,-83.43783,-7.081213,0,437,ON,RETRACTED,AUTO
23:31:55,-84.02791,-9.186966,0,436,ON,RETRACTED,AUTO
23:31:55,-84.14036,-9.397337,0,440,ON,RETRACTED,AUTO
23:31:56,-84.04659,-11.61497,0,447,ON,RETRACTED,AUTO
23:31:56,-84.05145,-9.013205,0,456,ON,RETRACTED,AUTO
23:31:56,-84.11925,-11.20716,0,461,ON,RETRACTED,AUTO
23:31:56,-83.96152,-8.328731,0,462,ON,RETRACTED,AUTO
23:31:56,-83.67553,-9.944294,0,459,ON,RETRACTED,AUTO
23:31:56,-84.09382,-9.33323,0,450,ON,RETRACTED,AUTO
23:31:56,-83.96252,-10.05254,0,440,ON,RETRACTED,AUTO
23:31:56,-84.02235,-10.14286,0,436,ON,RETRACTED,AUTO
23:31:56,-83.97665,-10.22424,0,436,ON,RETRACTED,AUTO
23:31:56,-83.7946,-8.727278,0,441,ON,RETRACTED,AUTO
23:31:57,-83.80322,-9.380442,0,450,ON,RETRACTED,AUTO
23:31:57,-83.83103,-9.421206,0,457,ON,RETRACTED,AUTO
23:31:57,-83.73385,-10.63476,0,462,ON,RETRACTED,AUTO
23:31:57,-84.10802,-10.15234,0,462,ON,RETRACTED,AUTO
23:31:57,-83.66045,-10.18475,0,457,ON,RETRACTED,AUTO
23:31:57,-83.64717,-7.215795,0,448,ON,RETRACTED,AUTO
23:31:57,-83.93694,-7.931723,0,439,ON,RETRACTED,AUTO
23:31:57,-83.6224,-7.049825,0,436,ON,RETRACTED,AUTO
23:31:57,-83.73946,-8.549077,0,438,ON,RETRACTED,AUTO
23:31:58,-83.87334,-10.37236,0,446,ON,RETRACTED,AUTO
23:31:58,-84.14853,-8.465598,0,452,ON,RETRACTED,AUTO
23:31:58,-84.25443,-8.338588,0,460,ON,RETRACTED,AUTO
23:31:58,-83.91592,-10.86154,0,462,ON,RETRACTED,AUTO
23:31:58,-84.47269,-9.943403,0,461,ON,RETRACTED,AUTO
23:31:58,-83.76703,-11.11522,0,454,ON,RETRACTED,AUTO
23:31:58,-84.16572,-10.92052,0,446,ON,RETRACTED,AUTO
23:31:58,-83.7028,-9.381511,0,437,ON,RETRACTED,AUTO
23:31:58,-83.97687,-11.48592,0,436,ON,RETRACTED,AUTO
23:31:58,-84.05659,-9.676271,0,440,ON,RETRACTED,AUTO
23:31:59,-83.78017,-11.09134,0,448,ON,RETRACTED,AUTO
23:31:59,-84.0879,-8.259439,0,454,ON,RETRACTED,AUTO
23:31:59,-83.66868,-7.594644,0,461,ON,RETRACTED,AUTO
23:31:59,-83.93387,-8.688102,0,462,ON,RETRACTED,AUTO
23:31:59,-83.60447,-10.90828,0,460,ON,RETRACTED,AUTO
23:31:59,-83.91073,-9.670518,0,450,ON,RETRACTED,AUTO
23:31:59,-83.94796,-9.860348,0,441,ON,RETRACTED,AUTO
23:31:59,-83.89213,-10.6896,0,436,ON,RETRACTED,AUTO
23:31:59,-84.02611,-10.01548,0,437,ON,RETRACTED,AUTO
23:31:59,-84.03201,-10.69934,0,441,ON,RETRACTED,AUTO
23:32:00,-84.09107,-8.666599,0,450,ON,RETRACTED,AUTO
23:32:00,-83.99284,-9.186966,0,458,ON,RETRACTED,AUTO
23:32:00,-83.62437,-9.621754,0,462,ON,RETRACTED,AUTO
23:32:00,-83.89343,-10.58849,0,462,ON,RETRACTED,AUTO
23:32:00,-83.9239,-8.775056,0,457,ON,RETRACTED,AUTO
23:32:00,-83.83266,-10.32725,0,448,ON,RETRACTED,AUTO
23:32:00,-83.92181,-7.896683,0,439,ON,RETRACTED,AUTO
23:32:00,-83.64899,-10.14177,0,436,ON,RETRACTED,AUTO
23:32:00,-83.70368,-8.615648,0,438,ON,RETRACTED,AUTO
23:32:00,-83.77904,-11.26117,0,444,ON,RETRACTED,AUTO
23:32:01,-84.21156,-7.638792,0,451,ON,RETRACTED,AUTO
23:32:01,-83.6581,-9.902281,0,460,ON,RETRACTED,AUTO
23:32:01,-83.65591,-8.404736,0,462,ON,RETRACTED,AUTO
23:32:01,-83.75839,-8.972627,0,461,ON,RETRACTED,AUTO
23:32:01,-84.15476,-8.595911,0,454,ON,RETRACTED,AUTO
23:32:01,-83.9586,-10.55674,0,446,ON,RETRACTED,AUTO
23:32:01,-83.79902,-9.667756,0,437,ON,RETRACTED,AUTO
23:32:01,-83.91801,-8.291903,0,436,ON,RETRACTED,AUTO
23:32:01,-83.99102,-11.03168,0,439,ON,RETRACTED,AUTO
23:32:01,-84.09694,-10.15234,0,447,ON,RETRACTED,AUTO
23:32:02,-83.62093,-10.3373,0,454,ON,RETRACTED,AUTO
23:32:02,-83.95826,-8.85304,0,461,ON,RETRACTED,AUTO
23:32:02,-83.44069,-8.163453,0,463,ON,RETRACTED,AUTO
23:32:02,-83.83535,-9.174302,0,460,ON,RETRACTED,AUTO
23:32:02,-83.95115,-10.05254,0,451,ON,RETRACTED,AUTO
23:32:02,-84.28357,-9.529152,0,441,ON,RETRACTED,AUTO
23:32:02,-83.88589,-8.112236,0,436,ON,RETRACTED,AUTO
23:32:02,-84.04355,-8.479349,0,437,ON,RETRACTED,AUTO
23:32:02,-84.05633,-11.13128,0,441,ON,RETRACTED,AUTO
23:32:02,-83.47563,-10.63425,0,449,ON,RETRACTED,AUTO
23:32:03,-83.73026,-7.781805,0,457,ON,RETRACTED,AUTO
23:32:03,-83.94114,-8.455028,0,461,ON,RETRACTED,AUTO
23:32:03,-83.73373,-10.29381,0,462,ON,RETRACTED,AUTO
23:32:03,-83.63718,-9.958981,0,457,ON,RETRACTED,AUTO
23:32:03,-83.76524,-7.954886,0,448,ON,RETRACTED,AUTO
23:32:03,-83.83504,-10.20397,0,439,ON,RETRACTED,AUTO
23:32:03,-83.8422,-9.58616,0,436,ON,RETRACTED,AUTO
23:32:03,-84.07025,-11.13128,0,438,ON,RETRACTED,AUTO
23:32:03,-83.76538,-8.708474,0,445,ON,RETRACTED,AUTO
23:32:03,-83.82225,-7.652501,0,451,ON,RETRACTED,AUTO
23:32:04,-83.96626,-8.833414,0,459,ON,RETRACTED,AUTO
23:32:04,-83.79585,-9.360191,0,462,ON,RETRACTED,AUTO
23:32:04,-83.31243,-9.860861,0,461,ON,RETRACTED,AUTO
23:32:04,-83.82985,-8.784176,0,454,ON,RETRACTED,AUTO
23:32:04,-83.88869,-9.045177,0,446,ON,RETRACTED,AUTO
23:32:04,-84.05434,-11.10622,0,438,ON,RETRACTED,AUTO
23:32:04,-84.2175,-12.25342,0,436,ON,RETRACTED,AUTO
23:32:04,-83.69047,-8.597319,0,439,ON,RETRACTED,AUTO
23:32:04,-83.94605,-10.38468,0,447,ON,RETRACTED,AUTO
23:32:04,-83.5765,-9.917356,0,454,ON,RETRACTED,AUTO
23:32:05,-84.01814,-10.14286,0,461,ON,RETRACTED,AUTO
23:32:05,-83.7264,-9.361521,0,462,ON,RETRACTED,AUTO
23:32:05,-83.83439,-8.803307,0,460,ON,RETRACTED,AUTO
23:32:05,-83.95135,-8.70737,0,451,ON,RETRACTED,AUTO
23:32:05,-83.81087,-8.555558,0,441,ON,RETRACTED,AUTO
23:32:05,-84.00266,-10.75417,0,436,ON,RETRACTED,AUTO
23:32:05,-83.74671,-11.64781,0,437,ON,RETRACTED,AUTO
23:32:05,-84.117,-8.726135,0,441,ON,RETRACTED,AUTO
23:32:05,-83.78716,-9.913945,0,449,ON,RETRACTED,AUTO
23:32:05,-83.81514,-10.30485,0,457,ON,RETRACTED,AUTO
23:32:06,-84.02771,-10.18863,0,461,ON,RETRACTED,AUTO
23:32:06,-83.97104,-11.36024,0,462,ON,RETRACTED,AUTO
23:32:06,-83.95732,-11.73694,0,457,ON,RETRACTED,AUTO
23:32:06,-83.83869,-9.031072,0,448,ON,RETRACTED,AUTO
23:32:06,-84.06705,-9.654447,0,439,ON,RETRACTED,AUTO
23:32:06,-83.99936,-10.73019,0,436,ON,RETRACTED,AUTO
23:32:06,-83.73483,-8.914927,0,438,ON,RETRACTED,AUTO
23:32:06,-84.06954,-10.2348,0,442,ON,RETRACTED,AUTO
23:32:06,-83.49187,-9.774345,0,451,ON,RETRACTED,AUTO
23:32:06,-84.0603,-8.479349,0,459,ON,RETRACTED,AUTO
23:32:07,-84.09418,-11.69378,0,462,ON,RETRACTED,AUTO
23:32:07,-83.74742,-10.43748,0,461,ON,RETRACTED,AUTO
23:32:07,-84.12878,-10.71662,0,454,ON,RETRACTED,AUTO
23:32:07,-84.08746,-10.0004,0,446,ON,RETRACTED,AUTO
23:32:07,-83.99828,-10.07498,0,438,ON,RETRACTED,AUTO
23:32:07,-83.76767,-11.35857,0,436,ON,RETRACTED,AUTO
23:32:07,-83.89358,-9.670518,0,439,ON,RETRACTED,AUTO
23:32:07,-84.02451,-10.90502,0,447,ON,RETRACTED,AUTO
23:32:07,-83.86141,-9.628156,0,454,ON,RETRACTED,AUTO
23:32:08,-83.92509,-10.31618,0,461,ON,RETRACTED,AUTO
23:32:08,-84.26247,-9.063672,0,462,ON,RETRACTED,AUTO
23:32:08,-83.90156,-8.880659,0,460,ON,RETRACTED,AUTO
23:32:08,-83.90735,-9.295584,0,451,ON,RETRACTED,AUTO
23:32:08,-83.95004,-8.562243,0,441,ON,RETRACTED,AUTO
23:32:08,-84.08346,-8.904821,0,436,ON,RETRACTED,AUTO
23:32:08,-83.88002,-9.545631,0,436,ON,RETRACTED,AUTO
23:32:08,-83.73772,-13.34669,0,441,ON,RETRACTED,AUTO
23:32:08,-84.08382,-11.05346,0,449,ON,RETRACTED,AUTO
23:32:08,-84.09995,-11.15646,0,457,ON,RETRACTED,AUTO
23:32:09,-84.10802,-10.15234,0,461,ON,RETRACTED,AUTO
23:32:09,-83.65047,-10.14177,0,462,ON,RETRACTED,AUTO
23:32:09,-84.23444,-11.7029,0,457,ON,RETRACTED,AUTO
23:32:09,-83.88787,-9.94186,0,449,ON,RETRACTED,AUTO
23:32:09,-83.92934,-10.40771,0,440,ON,RETRACTED,AUTO
23:32:09,-83.79504,-10.74942,0,436,ON,RETRACTED,AUTO
23:32:09,-83.73072,-10.3159,0,437,ON,RETRACTED,AUTO
23:32:09,-83.89065,-10.86655,0,444,ON,RETRACTED,AUTO
23:32:09,-84.27795,-9.773227,0,451,ON,RETRACTED,AUTO
23:32:09,-83.9072,-8.794423,0,459,ON,RETRACTED,AUTO
23:32:10,-83.56824,-9.876075,0,462,ON,RETRACTED,AUTO
23:32:10,-83.97488,-11.33503,0,461,ON,RETRACTED,AUTO
23:32:10,-84.30829,-12.05676,0,456,ON,RETRACTED,AUTO
23:32:10,-84.06321,-9.290972,0,446,ON,RETRACTED,AUTO
23:32:10,-83.79422,-10.52779,0,438,ON,RETRACTED,AUTO
23:32:10,-84.08717,-11.87516,0,436,ON,RETRACTED,AUTO
23:32:10,-83.88721,-10.16913,0,439,ON,RETRACTED,AUTO
23:32:10,-84.31977,-11.17712,0,447,ON,RETRACTED,AUTO
23:32:10,-83.98252,-8.765687,0,454,ON,RETRACTED,AUTO
23:32:10,-84.23746,-7.921893,0,460,ON,RETRACTED,AUTO
23:32:11,-84.09408,-11.7469,0,462,ON,RETRACTED,AUTO
23:32:11,-83.70418,-10.46917,0,460,ON,RETRACTED,AUTO
23:32:11,-83.82521,-11.94653,0,451,ON,RETRACTED,AUTO
23:32:11,-84.16025,-9.331411,0,438,ON,RETRACTED,AUTO
23:32:11,-83.80711,-10.4732,0,427,ON,RETRACTED,AUTO
23:32:11,-83.97183,-7.315526,0,362,ON,RETRACTED,AUTO
23:32:11,-83.7562,-9.05612,0,181,ON,RETRACTED,AUTO
23:32:11,-83.96629,-12.51492,0,136,ON,RETRACTED,AUTO
23:32:11,-83.54848,-9.246114,0,173,ON,RETRACTED,AUTO
23:32:11,-83.86073,-9.833564,0,405,ON,RETRACTED,AUTO
23:32:12,-84.20238,-9.659893,0,376,ON,RETRACTED,AUTO
23:32:12,-83.83048,-8.888358,0,329,ON,RETRACTED,AUTO
23:32:12,-84.01943,-9.865807,0,290,ON,RETRACTED,AUTO
23:32:12,-83.8531,-8.574247,0,350,ON,RETRACTED,AUTO
23:32:12,-83.57578,-11.59218,0,414,ON,RETRACTED,AUTO
23:32:12,-84.22501,-11.91635,0,423,ON,RETRACTED,AUTO
23:32:12,-84.03691,-9.782408,0,429,ON,RETRACTED,AUTO
23:32:12,-83.79255,-10.11594,0,438,ON,RETRACTED,AUTO
23:32:12,-83.49059,-10.28357,0,447,ON,RETRACTED,AUTO
23:32:12,-84.04414,-10.39733,0,450,ON,RETRACTED,AUTO
23:32:13,-83.82961,-11.97242,0,450,ON,RETRACTED,AUTO
23:32:13,-83.629,-9.042215,0,446,ON,RETRACTED,AUTO
23:32:13,-83.78272,-10.96976,0,436,ON,RETRACTED,AUTO
23:32:13,-83.84769,-11.48199,0,428,ON,RETRACTED,AUTO
23:32:13,-84.01733,-8.952474,0,424,ON,RETRACTED,AUTO
23:32:13,-83.76035,-11.35857,0,428,ON,RETRACTED,AUTO
23:32:13,-83.82088,-9.174302,0,434,ON,RETRACTED,AUTO
23:32:13,-83.97669,-11.36024,0,442,ON,RETRACTED,AUTO
23:32:13,-83.86527,-9.855036,0,450,ON,RETRACTED,AUTO
23:32:13,-84.0006,-9.948404,0,452,ON,RETRACTED,AUTO
23:32:14,-83.59488,-9.343163,0,451,ON,RETRACTED,AUTO
23:32:14,-83.58758,-7.602595,0,446,ON,RETRACTED,AUTO
23:32:14,-84.20502,-10.05434,0,437,ON,RETRACTED,AUTO
23:32:14,-83.80177,-9.380442,0,429,ON,RETRACTED,AUTO
23:32:14,-84.22357,-11.96426,0,427,ON,RETRACTED,AUTO
23:32:14,-84.2121,-10.34069,0,432,ON,RETRACTED,AUTO
23:32:14,-84.00768,-10.22424,0,439,ON,RETRACTED,AUTO
23:32:14,-84.10685,-9.462322,0,448,ON,RETRACTED,AUTO
23:32:14,-83.88356,-10.0226,0,454,ON,RETRACTED,AUTO
23:32:14,-83.89104,-9.963803,0,457,ON,RETRACTED,AUTO
23:32:15,-83.99033,-8.892549,0,452,ON,RETRACTED,AUTO
23:32:15,-83.7011,-8.857959,0,446,ON,RETRACTED,AUTO
23:32:15,-84.14387,-8.856269,0,437,ON,RETRACTED,AUTO
23:32:15,-84.03748,-8.075027,0,429,ON,RETRACTED,AUTO
23:32:15,-83.94202,-9.231461,0,429,ON,RETRACTED,AUTO
23:32:15,-83.71304,-8.494376,0,436,ON,RETRACTED,AUTO
23:32:15,-83.73866,-10.41514,0,441,ON,RETRACTED,AUTO
23:32:15,-83.90475,-8.273609,0,450,ON,RETRACTED,AUTO
23:32:15,-83.97941,-11.91515,0,456,ON,RETRACTED,AUTO
23:32:15,-83.63822,-7.923879,0,457,ON,RETRACTED,AUTO
23:32:16,-83.74685,-9.421744,0,451,ON,RETRACTED,AUTO
23:32:16,-83.88758,-9.920012,0,442,ON,RETRACTED,AUTO
23:32:16,-83.68983,-10.95019,0,434,ON,RETRACTED,AUTO
23:32:16,-83.90186,-11.73213,0,429,ON,RETRACTED,AUTO
23:32:16,-83.93971,-9.609073,0,430,ON,RETRACTED,AUTO
23:32:16,-83.75542,-9.929287,0,437,ON,RETRACTED,AUTO
23:32:16,-83.63454,-11.47642,0,446,ON,RETRACTED,AUTO
23:32:16,-84.02411,-11.18323,0,451,ON,RETRACTED,AUTO
23:32:16,-83.58268,-8.928895,0,456,ON,RETRACTED,AUTO
23:32:16,-84.01462,-8.511704,0,456,ON,RETRACTED,AUTO
23:32:17,-83.76189,-7.58645,0,449,ON,RETRACTED,AUTO
23:32:17,-83.80488,-10.28253,0,440,ON,RETRACTED,AUTO
23:32:17,-83.78323,-8.972627,0,433,ON,RETRACTED,AUTO
23:32:17,-83.79752,-9.400781,0,428,ON,RETRACTED,AUTO
23:32:17,-83.95108,-8.455028,0,430,ON,RETRACTED,AUTO
23:32:17,-83.54591,-10.46534,0,437,ON,RETRACTED,AUTO
23:32:17,-83.98102,-9.166441,0,446,ON,RETRACTED,AUTO
23:32:17,-84.16304,-7.830715,0,451,ON,RETRACTED,AUTO
23:32:17,-83.80112,-9.790896,0,456,ON,RETRACTED,AUTO
23:32:18,-83.70042,-8.998154,0,453,ON,RETRACTED,AUTO
23:32:18,-83.84964,-9.8766,0,448,ON,RETRACTED,AUTO
23:32:18,-84.05969,-11.64112,0,438,ON,RETRACTED,AUTO
23:32:18,-84.10209,-9.483878,0,429,ON,RETRACTED,AUTO
23:32:18,-83.98275,-10.35089,0,428,ON,RETRACTED,AUTO
23:32:18,-83.85088,-9.855036,0,433,ON,RETRACTED,AUTO
23:32:18,-83.59256,-10.01493,0,439,ON,RETRACTED,AUTO
23:32:18,-83.73934,-9.908037,0,448,ON,RETRACTED,AUTO
23:32:18,-83.69904,-9.965434,0,454,ON,RETRACTED,AUTO
23:32:18,-83.98402,-10.95812,0,456,ON,RETRACTED,AUTO
23:32:19,-83.58862,-8.847116,0,452,ON,RETRACTED,AUTO
23:32:19,-83.57742,-8.709517,0,445,ON,RETRACTED,AUTO
23:32:19,-83.96002,-10.55674,0,434,ON,RETRACTED,AUTO
23:32:19,-83.7915,-11.01711,0,426,ON,RETRACTED,AUTO
23:32:19,-83.88774,-11.38386,0,426,ON,RETRACTED,AUTO
23:32:19,-83.8307,-10.20397,0,429,ON,RETRACTED,AUTO
23:32:19,-83.54354,-10.93515,0,330,ON,RETRACTED,AUTO
23:32:19,-84.02155,-11.86865,0,343,ON,RETRACTED,AUTO
23:32:19,-83.72412,-9.523038,0,417,ON,RETRACTED,AUTO
23:32:19,-83.90073,-13.17518,0,446,ON,RETRACTED,AUTO
23:32:20,-83.89673,-10.04462,0,439,ON,RETRACTED,AUTO
23:32:20,-83.83739,-10.0806,0,408,ON,RETRACTED,AUTO
23:32:20,-83.77465,-9.727577,0,378,ON,RETRACTED,AUTO
23:32:20,-84.21686,-10.07767,0,369,ON,RETRACTED,AUTO
23:32:20,-83.81532,-12.79875,0,387,ON,RETRACTED,AUTO
23:32:20,-83.69568,-9.803125,0,412,ON,RETRACTED,AUTO
23:32:20,-83.75124,-9.421744,0,428,ON,RETRACTED,AUTO
23:32:20,-83.93895,-10.38468,0,437,ON,RETRACTED,AUTO
23:32:20,-83.89188,-9.920012,0,433,ON,RETRACTED,AUTO
23:32:20,-84.05878,-11.53983,0,417,ON,RETRACTED,AUTO
23:32:21,-83.6544,-8.764601,0,377,ON,RETRACTED,AUTO
23:32:21,-83.70644,-9.260221,0,316,ON,RETRACTED,AUTO
23:32:21,-84.05466,-10.82676,0,282,ON,RETRACTED,AUTO
23:32:21,-83.605,-9.442511,0,281,ON,RETRACTED,AUTO
23:32:21,-83.88123,-10.06673,0,293,ON,RETRACTED,AUTO
23:32:21,-83.85913,-8.593017,0,296,ON,RETRACTED,AUTO
23:32:21,-83.84164,-8.201233,0,286,ON,RETRACTED,AUTO
23:32:21,-83.73451,-8.652542,0,248,ON,RETRACTED,AUTO
23:32:21,-83.69248,-9.844825,0,188,ON,RETRACTED,AUTO
23:32:21,-83.99837,-9.441156,0,160,ON,RETRACTED,AUTO
23:32:22,-83.8281,-11.11304,0,147,ON,RETRACTED,AUTO
23:32:22,-83.87013,-8.183335,0,133,ON,RETRACTED,AUTO
23:32:22,-83.83961,-7.952166,0,121,ON,RETRACTED,AUTO
23:32:22,-83.86169,-10.66619,0,114,ON,RETRACTED,AUTO
23:32:22,-83.8886,-10.54207,0,115,ON,RETRACTED,AUTO
23:32:22,-84.01577,-7.637286,0,120,ON,RETRACTED,AUTO
23:32:22,-83.48222,-8.818357,0,127,ON,RETRACTED,AUTO
23:32:22,-84.1713,-9.484183,0,133,ON,RETRACTED,AUTO
23:32:22,-83.81638,-6.381561,0,133,ON,RETRACTED,AUTO
23:32:22,-83.79609,-7.989327,0,133,ON,RETRACTED,AUTO
23:32:23,-83.75155,-8.793056,0,135,ON,RETRACTED,AUTO
23:32:23,-83.86377,-11.43368,0,136,ON,RETRACTED,AUTO
23:32:23,-84.14194,-10.45792,0,128,ON,RETRACTED,AUTO
23:32:23,-84.25678,-9.906295,0,138,ON,RETRACTED,AUTO
23:32:23,-83.79111,-8.849993,0,196,ON,RETRACTED,AUTO
23:32:23,-83.46464,-6.523162,0,221,ON,RETRACTED,AUTO
23:32:23,-84.0154,-8.785299,0,187,ON,RETRACTED,AUTO
23:32:23,-83.8332,-9.297798,0,162,ON,RETRACTED,AUTO
23:32:23,-84.16031,-10.6359,0,154,ON,RETRACTED,AUTO
23:32:23,-83.68835,-7.974454,0,149,ON,RETRACTED,AUTO
23:32:24,-84.07748,-10.10631,0,137,ON,RETRACTED,AUTO
23:32:24,-83.83875,-8.201233,0,136,ON,RETRACTED,AUTO
23:32:24,-83.86259,-10.22622,0,144,ON,RETRACTED,AUTO
23:32:24,-83.7073,-9.361521,0,148,ON,RETRACTED,AUTO
23:32:24,-83.69904,-9.965434,0,141,ON,RETRACTED,AUTO
23:32:24,-83.83411,-9.978858,0,137,ON,RETRACTED,AUTO
23:32:24,-83.86021,-10.34976,0,138,ON,RETRACTED,AUTO
23:32:24,-83.66156,-8.440365,0,133,ON,RETRACTED,AUTO
23:32:24,-84.09948,-9.871417,0,93,ON,RETRACTED,AUTO
23:32:24,-83.74611,-9.543449,0,58,ON,RETRACTED,AUTO
23:32:25,-84.09338,-7.759262,0,51,ON,RETRACTED,AUTO
23:32:25,-83.90244,-10.04462,0,46,ON,RETRACTED,AUTO
23:32:25,-83.85336,-11.38386,0,43,ON,RETRACTED,AUTO
23:32:25,-83.74133,-8.060186,0,42,ON,RETRACTED,AUTO
23:32:25,-83.77212,-10.09416,0,41,ON,RETRACTED,AUTO
23:32:25,-83.79765,-8.746162,0,41,ON,RETRACTED,AUTO
23:32:25,-83.86172,-9.214378,0,40,ON,RETRACTED,AUTO
23:32:25,-83.88721,-10.16913,0,40,ON,RETRACTED,AUTO
23:32:25,-83.85403,-7.453132,0,40,ON,RETRACTED,AUTO
23:32:25,-83.63387,-8.302161,0,39,ON,RETRACTED,AUTO
23:32:26,-83.92918,-7.678963,0,38,ON,RETRACTED,AUTO
23:32:26,-83.71884,-8.549077,0,38,ON,RETRACTED,AUTO
23:32:26,-83.84064,-8.449988,0,38,ON,RETRACTED,AUTO
23:32:26,-83.77288,-11.11522,0,38,ON,RETRACTED,AUTO
23:32:26,-83.97837,-8.619488,0,38,ON,RETRACTED,AUTO
23:32:26,-83.3582,-8.277983,0,38,ON,RETRACTED,AUTO
23:32:26,-84.06456,-9.932651,0,38,ON,RETRACTED,AUTO
23:32:26,-83.8408,-10.57352,0,38,ON,RETRACTED,AUTO
23:32:26,-83.99426,-9.186966,0,38,ON,RETRACTED,AUTO
23:32:26,-83.96706,-9.272602,0,38,ON,RETRACTED,AUTO
23:32:27,-83.85685,-10.22622,0,37,ON,RETRACTED,AUTO
23:32:27,-84.01674,-10.98253,0,37,ON,RETRACTED,AUTO
23:32:27,-84.00346,-10.22424,0,37,ON,RETRACTED,AUTO
23:32:27,-83.91085,-8.524497,0,37,ON,RETRACTED,AUTO
23:32:27,-83.44743,-8.146744,0,37,ON,RETRACTED,AUTO
23:32:27,-84.01935,-8.038721,0,37,ON,RETRACTED,AUTO
23:32:27,-83.93883,-8.328731,0,37,ON,RETRACTED,AUTO
23:32:27,-83.66552,-8.56089,0,37,ON,RETRACTED,AUTO
23:32:27,-84.22193,-9.550368,0,37,ON,RETRACTED,AUTO
23:32:28,-83.96222,-9.504359,0,37,ON,RETRACTED,AUTO
23:32:28,-83.79393,-10.09416,0,37,ON,RETRACTED,AUTO
23:32:28,-83.62603,-8.847116,0,37,ON,RETRACTED,AUTO
23:32:28,-83.63731,-5.856014,0,42,ON,RETRACTED,AUTO
23:32:28,-83.76999,-7.832146,0,74,ON,RETRACTED,AUTO
23:32:28,-83.98932,-9.059732,0,88,ON,RETRACTED,AUTO
23:32:28,-83.91801,-8.291903,0,97,ON,RETRACTED,AUTO
23:32:28,-83.99954,-9.694973,0,103,ON,RETRACTED,AUTO
23:32:28,-83.82551,-12.33909,0,106,ON,RETRACTED,AUTO
23:32:28,-83.99736,-8.892549,0,327,ON,RETRACTED,AUTO
23:32:29,-83.90166,-9.130176,0,397,ON,RETRACTED,AUTO
23:32:29,-83.58572,-13.68706,0,413,ON,RETRACTED,AUTO
23:32:29,-83.44317,-9.714299,0,417,ON,RETRACTED,AUTO
23:32:29,-84.10699,-7.369174,0,426,ON,RETRACTED,AUTO
23:32:29,-84.30292,-5.697118,0,434,ON,RETRACTED,AUTO
23:32:29,-85.06732,-14.26196,0,442,ON,RETRACTED,AUTO
23:32:29,-84.62436,-11.36599,0,451,ON,RETRACTED,AUTO
23:32:29,-84.09611,-11.41216,0,457,ON,RETRACTED,AUTO
23:32:29,-83.67946,-8.736842,0,459,ON,RETRACTED,AUTO
23:32:29,-83.91914,-9.838574,0,454,ON,RETRACTED,AUTO
23:32:30,-84.20697,-10.47203,0,447,ON,RETRACTED,AUTO
23:32:30,-83.9884,-8.093884,0,438,ON,RETRACTED,AUTO
23:32:30,-83.89146,-10.54207,0,433,ON,RETRACTED,AUTO
23:32:30,-83.73228,-11.1888,0,436,ON,RETRACTED,AUTO
23:32:30,-84.2267,-10.05434,0,440,ON,RETRACTED,AUTO
23:32:30,-84.08276,-10.21166,0,448,ON,RETRACTED,AUTO
23:32:30,-84.25671,-8.909718,0,457,ON,RETRACTED,AUTO
23:32:30,-83.77765,-12.86465,0,461,ON,RETRACTED,AUTO
23:32:30,-83.60596,-7.873938,0,461,ON,RETRACTED,AUTO
23:32:30,-83.79332,-11.16327,0,456,ON,RETRACTED,AUTO
23:32:31,-83.91552,-8.543328,0,447,ON,RETRACTED,AUTO
23:32:31,-83.80052,-8.165513,0,439,ON,RETRACTED,AUTO
23:32:31,-83.88375,-9.503796,0,434,ON,RETRACTED,AUTO
23:32:31,-83.70362,-12.36906,0,437,ON,RETRACTED,AUTO
23:32:31,-83.99738,-10.0975,0,442,ON,RETRACTED,AUTO
23:32:31,-83.54895,-8.163946,0,450,ON,RETRACTED,AUTO
23:32:31,-84.07823,-11.18323,0,458,ON,RETRACTED,AUTO
23:32:31,-83.60463,-10.69387,0,461,ON,RETRACTED,AUTO
23:32:31,-83.60274,-11.21491,0,461,ON,RETRACTED,AUTO
23:32:31,-84.27629,-14.03624,0,456,ON,RETRACTED,AUTO
23:32:32,-83.58479,-8.079112,0,447,ON,RETRACTED,AUTO
23:32:32,-83.92081,-8.524497,0,438,ON,RETRACTED,AUTO
23:32:32,-83.59609,-15.69779,0,434,ON,RETRACTED,AUTO
23:32:32,-83.6159,-8.471145,0,438,ON,RETRACTED,AUTO
23:32:32,-83.99351,-9.314106,0,445,ON,RETRACTED,AUTO
23:32:32,-83.92976,-8.939564,0,450,ON,RETRACTED,AUTO
23:32:32,-83.74252,-10.68033,0,459,ON,RETRACTED,AUTO
23:32:32,-83.85089,-9.090277,0,462,ON,RETRACTED,AUTO
23:32:32,-83.53027,-10.04935,0,461,ON,RETRACTED,AUTO
23:32:32,-83.93315,-8.417658,0,454,ON,RETRACTED,AUTO
23:32:33,-83.63942,-11.11942,0,446,ON,RETRACTED,AUTO
23:32:33,-83.51884,-10.1665,0,438,ON,RETRACTED,AUTO
23:32:33,-83.91231,-9.420652,0,436,ON,RETRACTED,AUTO
23:32:33,-83.99334,-9.568111,0,438,ON,RETRACTED,AUTO
23:32:33,-83.74602,-9.786595,0,446,ON,RETRACTED,AUTO
23:32:33,-83.87303,-9.379345,0,452,ON,RETRACTED,AUTO
23:32:33,-83.62452,-10.23978,0,460,ON,RETRACTED,AUTO
23:32:33,-83.97695,-9.272602,0,462,ON,RETRACTED,AUTO
23:32:33,-83.75514,-10.19424,0,460,ON,RETRACTED,AUTO
23:32:33,-83.76737,-9.462322,0,454,ON,RETRACTED,AUTO
23:32:34,-83.85397,-9.607113,0,444,ON,RETRACTED,AUTO
23:32:34,-83.52106,-12.24453,0,437,ON,RETRACTED,AUTO
23:32:34,-84.02776,-9.334998,0,434,ON,RETRACTED,AUTO
23:32:34,-83.86776,-12.22718,0,438,ON,RETRACTED,AUTO
23:32:34,-83.92918,-8.668919,0,446,ON,RETRACTED,AUTO
23:32:34,-83.75849,-12.13813,0,452,ON,RETRACTED,AUTO
23:32:34,-83.73943,-8.182522,0,459,ON,RETRACTED,AUTO
23:32:34,-83.97195,-9.399104,0,460,ON,RETRACTED,AUTO
23:32:34,-83.62758,-9.839917,0,457,ON,RETRACTED,AUTO
23:32:34,-83.66644,-9.965434,0,450,ON,RETRACTED,AUTO
23:32:35,-84.04441,-7.414629,0,440,ON,RETRACTED,AUTO
23:32:35,-83.68785,-10.08595,0,434,ON,RETRACTED,AUTO
23:32:35,-83.87148,-9.628156,0,434,ON,RETRACTED,AUTO
23:32:35,-83.7562,-9.05612,0,439,ON,RETRACTED,AUTO
23:32:35,-83.65179,-9.262826,0,446,ON,RETRACTED,AUTO
23:32:35,-83.81532,-7.866068,0,454,ON,RETRACTED,AUTO
23:32:35,-83.8686,-11.90161,0,460,ON,RETRACTED,AUTO
23:32:35,-83.6159,-8.471145,0,461,ON,RETRACTED,AUTO
23:32:35,-83.75537,-8.934078,0,459,ON,RETRACTED,AUTO
23:32:35,-83.44102,-8.51329,0,450,ON,RETRACTED,AUTO
23:32:36,-83.74462,-9.280046,0,441,ON,RETRACTED,AUTO
23:32:36,-83.84516,-9.338395,0,436,ON,RETRACTED,AUTO
23:32:36,-83.68202,-6.488591,0,436,ON,RETRACTED,AUTO
23:32:36,-83.97851,-10.35089,0,439,ON,RETRACTED,AUTO
23:32:36,-84.04974,-8.313155,0,447,ON,RETRACTED,AUTO
23:32:36,-83.88264,-10.14685,0,454,ON,RETRACTED,AUTO
23:32:36,-84.24937,-7.541403,0,460,ON,RETRACTED,AUTO
23:32:36,-84.17258,-8.111362,0,461,ON,RETRACTED,AUTO
23:32:36,-83.81252,-9.011506,0,458,ON,RETRACTED,AUTO
23:32:36,-83.89361,-11.88212,0,450,ON,RETRACTED,AUTO
23:32:37,-83.7854,-10.15977,0,440,ON,RETRACTED,AUTO
23:32:37,-83.71896,-9.644404,0,435,ON,RETRACTED,AUTO
23:32:37,-83.85387,-10.51901,0,436,ON,RETRACTED,AUTO
23:32:37,-83.78261,-8.481606,0,440,ON,RETRACTED,AUTO
23:32:37,-83.66987,-10.68718,0,448,ON,RETRACTED,AUTO
23:32:37,-83.88184,-8.900208,0,454,ON,RETRACTED,AUTO
23:32:37,-83.71494,-7.38379,0,460,ON,RETRACTED,AUTO
23:32:37,-83.69659,-10.10743,0,461,ON,RETRACTED,AUTO
23:32:37,-84.01073,-9.483581,0,457,ON,RETRACTED,AUTO
23:32:38,-83.54222,-9.344672,0,448,ON,RETRACTED,AUTO
23:32:38,-83.73647,-8.164974,0,439,ON,RETRACTED,AUTO
23:32:38,-83.91378,-9.170424,0,434,ON,RETRACTED,AUTO
23:32:38,-84.29221,-10.19599,0,436,ON,RETRACTED,AUTO
23:32:38,-83.95558,-9.525516,0,440,ON,RETRACTED,AUTO
23:32:38,-83.73275,-9.036716,0,448,ON,RETRACTED,AUTO
23:32:38,-83.93449,-9.211026,0,456,ON,RETRACTED,AUTO
23:32:38,-84.02503,-10.92949,0,461,ON,RETRACTED,AUTO
23:32:38,-83.86195,-9.483014,0,461,ON,RETRACTED,AUTO
23:32:38,-83.76638,-8.094995,0,456,ON,RETRACTED,AUTO
23:32:39,-83.64497,-7.578537,0,447,ON,RETRACTED,AUTO
23:32:39,-83.6171,-7.530617,0,438,ON,RETRACTED,AUTO
23:32:39,-83.58564,-10.29407,0,434,ON,RETRACTED,AUTO
23:32:39,-84.14613,-9.288568,0,436,ON,RETRACTED,AUTO
23:32:39,-83.70989,-10.85312,0,441,ON,RETRACTED,AUTO
23:32:39,-83.73875,-9.319947,0,450,ON,RETRACTED,AUTO
23:32:39,-83.39637,-8.923988,0,457,ON,RETRACTED,AUTO
23:32:39,-83.90513,-8.919844,0,461,ON,RETRACTED,AUTO
23:32:39,-84.08071,-9.054149,0,460,ON,RETRACTED,AUTO
23:32:39,-83.75319,-8.094995,0,454,ON,RETRACTED,AUTO
23:32:40,-83.79186,-11.16327,0,446,ON,RETRACTED,AUTO
23:32:40,-83.61343,-9.720768,0,438,ON,RETRACTED,AUTO
23:32:40,-83.7219,-9.401585,0,434,ON,RETRACTED,AUTO
23:32:40,-83.66016,-9.321794,0,438,ON,RETRACTED,AUTO
23:32:40,-83.62535,-9.482217,0,442,ON,RETRACTED,AUTO
23:32:40,-83.87004,-8.487081,0,451,ON,RETRACTED,AUTO
23:32:40,-83.81087,-8.555558,0,459,ON,RETRACTED,AUTO
23:32:40,-83.40708,-8.328472,0,461,ON,RETRACTED,AUTO
23:32:40,-83.76739,-8.585935,0,460,ON,RETRACTED,AUTO
23:32:40,-83.74538,-9.421744,0,454,ON,RETRACTED,AUTO
23:32:41,-83.99854,-10.98253,0,445,ON,RETRACTED,AUTO
23:32:41,-83.72988,-9.786595,0,437,ON,RETRACTED,AUTO
23:32:41,-83.77956,-10.48244,0,434,ON,RETRACTED,AUTO
23:32:41,-83.86029,-9.214378,0,438,ON,RETRACTED,AUTO
23:32:41,-83.72717,-8.671106,0,446,ON,RETRACTED,AUTO
23:32:41,-83.91988,-9.357422,0,452,ON,RETRACTED,AUTO
23:32:41,-84.0424,-9.887989,0,460,ON,RETRACTED,AUTO
23:32:41,-83.74081,-9.908037,0,461,ON,RETRACTED,AUTO
23:32:41,-83.79375,-9.257548,0,460,ON,RETRACTED,AUTO
23:32:41,-83.63,-8.164453,0,452,ON,RETRACTED,AUTO
23:32:42,-83.94606,-10.00798,0,444,ON,RETRACTED,AUTO
23:32:42,-83.76968,-8.68975,0,437,ON,RETRACTED,AUTO
23:32:42,-83.86641,-11.30993,0,436,ON,RETRACTED,AUTO
23:32:42,-83.47633,-6.300885,0,440,ON,RETRACTED,AUTO
23:32:42,-84.00325,-14.3814,0,448,ON,RETRACTED,AUTO
23:32:42,-83.93154,-10.46375,0,456,ON,RETRACTED,AUTO
23:32:42,-83.79447,-13.2764,0,461,ON,RETRACTED,AUTO
23:32:42,-83.25918,-5.451083,0,462,ON,RETRACTED,AUTO
23:32:42,-85.58071,-18.15816,0,459,ON,RETRACTED,AUTO
23:32:42,-83.8212,-16.08383,0,451,ON,RETRACTED,AUTO
23:32:43,-83.98729,-10.98253,0,441,ON,RETRACTED,AUTO
23:32:43,-84.3195,-14.03624,0,436,ON,RETRACTED,AUTO
23:32:43,-83.82838,-10.77265,0,436,ON,RETRACTED,AUTO
23:32:43,-83.68668,-10.97347,0,441,ON,RETRACTED,AUTO
23:32:43,-84.03477,-8.972627,0,449,ON,RETRACTED,AUTO
23:32:43,-84.04154,-4.212839,0,457,ON,RETRACTED,AUTO
23:32:43,-84.35276,-10.31708,0,462,ON,RETRACTED,AUTO
23:32:43,-84.0925,-11.30993,0,462,ON,RETRACTED,AUTO
23:32:43,-84.0503,-11.71556,0,459,ON,RETRACTED,AUTO
23:32:43,-83.87485,-8.985731,0,450,ON,RETRACTED,AUTO
23:32:44,-83.87064,-8.755773,0,440,ON,RETRACTED,AUTO
23:32:44,-83.67779,-8.061237,0,436,ON,RETRACTED,AUTO
23:32:44,-83.81161,-10.15977,0,437,ON,RETRACTED,AUTO
23:32:44,-83.64104,-9.782406,0,441,ON,RETRACTED,AUTO
23:32:44,-84.16465,-10.48187,0,450,ON,RETRACTED,AUTO
23:32:44,-83.95678,-10.43085,0,458,ON,RETRACTED,AUTO
23:32:44,-83.65592,-9.782406,0,462,ON,RETRACTED,AUTO
23:32:44,-83.77529,-9.849863,0,462,ON,RETRACTED,AUTO
23:32:44,-83.9661,-10.58025,0,456,ON,RETRACTED,AUTO
23:32:44,-83.77665,-10.48244,0,448,ON,RETRACTED,AUTO
23:32:45,-83.92484,-10.11124,0,439,ON,RETRACTED,AUTO
23:32:45,-84.16091,-11.69829,0,436,ON,RETRACTED,AUTO
23:32:45,-83.99019,-8.638738,0,438,ON,RETRACTED,AUTO
23:32:45,-84.21314,-9.506143,0,445,ON,RETRACTED,AUTO
23:32:45,-83.87118,-8.468494,0,451,ON,RETRACTED,AUTO
23:32:45,-84.02894,-8.607862,0,459,ON,RETRACTED,AUTO
23:32:45,-83.63245,-9.262826,0,462,ON,RETRACTED,AUTO
23:32:45,-83.7217,-6.01542,0,461,ON,RETRACTED,AUTO
23:32:45,-83.84261,-9.957127,0,456,ON,RETRACTED,AUTO
23:32:45,-83.85419,-6.783049,0,447,ON,RETRACTED,AUTO
23:32:46,-83.7916,-9.380442,0,438,ON,RETRACTED,AUTO
23:32:46,-83.76893,-8.604482,0,436,ON,RETRACTED,AUTO
23:32:46,-84.03893,-10.52441,0,439,ON,RETRACTED,AUTO
23:32:46,-83.70819,-7.748599,0,446,ON,RETRACTED,AUTO
23:32:46,-83.47589,-9.267837,0,452,ON,RETRACTED,AUTO
23:32:46,-83.71002,-8.112777,0,460,ON,RETRACTED,AUTO
23:32:46,-83.8125,-12.39271,0,462,ON,RETRACTED,AUTO
23:32:46,-83.52979,-10.07016,0,460,ON,RETRACTED,AUTO
23:32:46,-83.58382,-10.53093,0,452,ON,RETRACTED,AUTO
23:32:46,-83.86752,-10.00068,0,444,ON,RETRACTED,AUTO
23:32:47,-83.68816,-9.080624,0,437,ON,RETRACTED,AUTO
23:32:47,-83.90865,-8.255398,0,436,ON,RETRACTED,AUTO
23:32:47,-83.96489,-7.967073,0,440,ON,RETRACTED,AUTO
23:32:47,-83.8016,-9.605205,0,448,ON,RETRACTED,AUTO
23:32:47,-83.87543,-9.025275,0,456,ON,RETRACTED,AUTO
23:32:47,-83.80573,-10.91851,0,461,ON,RETRACTED,AUTO
23:32:47,-83.95683,-9.420083,0,462,ON,RETRACTED,AUTO
23:32:47,-83.57357,-8.673174,0,460,ON,RETRACTED,AUTO
23:32:47,-83.59145,-11.02653,0,451,ON,RETRACTED,AUTO
23:32:47,-83.49129,-10.02862,0,441,ON,RETRACTED,AUTO
23:32:48,-83.76245,-10.19424,0,436,ON,RETRACTED,AUTO
23:32:48,-83.95562,-11.48592,0,436,ON,RETRACTED,AUTO
23:32:48,-83.59582,-9.284692,0,440,ON,RETRACTED,AUTO
23:32:48,-83.78236,-10.87145,0,448,ON,RETRACTED,AUTO
23:32:48,-83.95008,-10.55674,0,456,ON,RETRACTED,AUTO
23:32:48,-83.74968,-9.158422,0,461,ON,RETRACTED,AUTO
23:32:48,-84.20142,-9.637539,0,461,ON,RETRACTED,AUTO
23:32:48,-83.842,-9.565298,0,457,ON,RETRACTED,AUTO
23:32:48,-83.83214,-9.338395,0,448,ON,RETRACTED,AUTO
23:32:49,-83.77826,-9.871132,0,439,ON,RETRACTED,AUTO
23:32:49,-83.83247,-9.421206,0,436,ON,RETRACTED,AUTO
23:32:49,-83.84484,-10.94219,0,437,ON,RETRACTED,AUTO
23:32:49,-83.90518,-9.33672,0,441,ON,RETRACTED,AUTO
23:32:49,-83.74533,-9.706653,0,450,ON,RETRACTED,AUTO
23:32:49,-83.63304,-9.462322,0,458,ON,RETRACTED,AUTO
23:32:49,-83.93177,-7.896683,0,462,ON,RETRACTED,AUTO
23:32:49,-83.75679,-8.914927,0,461,ON,RETRACTED,AUTO
23:32:49,-83.84429,-9.709908,0,456,ON,RETRACTED,AUTO
23:32:49,-83.86636,-9.752425,0,447,ON,RETRACTED,AUTO
23:32:50,-83.96818,-9.882217,0,439,ON,RETRACTED,AUTO
23:32:50,-83.82327,-11.57961,0,436,ON,RETRACTED,AUTO
23:32:50,-83.82202,-7.635882,0,438,ON,RETRACTED,AUTO
23:32:50,-83.52805,-9.93211,0,446,ON,RETRACTED,AUTO
23:32:50,-83.95382,-8.99925,0,452,ON,RETRACTED,AUTO
23:32:50,-84.11055,-10.58732,0,459,ON,RETRACTED,AUTO
23:32:50,-84.00879,-10.77826,0,462,ON,RETRACTED,AUTO
23:32:50,-83.66413,-9.162348,0,461,ON,RETRACTED,AUTO
23:32:50,-83.96628,-10.30485,0,454,ON,RETRACTED,AUTO
23:32:50,-83.95667,-11.03483,0,446,ON,RETRACTED,AUTO
23:32:51,-83.96481,-9.756359,0,437,ON,RETRACTED,AUTO
23:32:51,-84.06017,-11.53983,0,436,ON,RETRACTED,AUTO
23:32:51,-83.62855,-11.00023,0,439,ON,RETRACTED,AUTO
23:32:51,-84.04776,-9.504936,0,447,ON,RETRACTED,AUTO
23:32:51,-83.71748,-9.401585,0,454,ON,RETRACTED,AUTO
23:32:51,-83.87791,-10.31618,0,460,ON,RETRACTED,AUTO
23:32:51,-83.8456,-11.13728,0,462,ON,RETRACTED,AUTO
23:32:51,-83.90779,-8.668919,0,460,ON,RETRACTED,AUTO
23:32:51,-83.81105,-10.0369,0,451,ON,RETRACTED,AUTO
23:32:51,-84.03682,-11.61497,0,441,ON,RETRACTED,AUTO
23:32:52,-83.84675,-9.607113,0,436,ON,RETRACTED,AUTO
23:32:52,-83.83016,-10.0806,0,436,ON,RETRACTED,AUTO
23:32:52,-83.52698,-9.009945,0,440,ON,RETRACTED,AUTO
23:32:52,-83.8203,-9.565298,0,449,ON,RETRACTED,AUTO
23:32:52,-83.90165,-9.379345,0,457,ON,RETRACTED,AUTO
23:32:52,-83.34409,-9.081119,0,461,ON,RETRACTED,AUTO
23:32:52,-84.00961,-9.441156,0,462,ON,RETRACTED,AUTO
23:32:52,-83.5471,-10.84031,0,457,ON,RETRACTED,AUTO
23:32:52,-84.20766,-6.911227,0,449,ON,RETRACTED,AUTO
23:32:52,-84.03458,-8.422238,0,439,ON,RETRACTED,AUTO
23:32:53,-84.15971,-10.37584,0,436,ON,RETRACTED,AUTO
23:32:53,-83.75767,-9.05612,0,437,ON,RETRACTED,AUTO
23:32:53,-83.32656,-8.816442,0,442,ON,RETRACTED,AUTO
23:32:53,-84.09549,-9.720218,0,450,ON,RETRACTED,AUTO
23:32:53,-84.14518,-7.664294,0,459,ON,RETRACTED,AUTO
23:32:53,-83.79145,-9.605205,0,462,ON,RETRACTED,AUTO
23:32:53,-83.30116,-7.067678,0,461,ON,RETRACTED,AUTO
23:32:53,-84.08263,-11.18176,0,456,ON,RETRACTED,AUTO
23:32:53,-83.65727,-10.02207,0,447,ON,RETRACTED,AUTO
23:32:53,-83.52207,-8.146989,0,438,ON,RETRACTED,AUTO
23:32:54,-83.88978,-9.524667,0,436,ON,RETRACTED,AUTO
23:32:54,-83.55952,-10.39083,0,439,ON,RETRACTED,AUTO
23:32:54,-84.12266,-8.074132,0,447,ON,RETRACTED,AUTO
23:32:54,-83.85397,-10.22622,0,452,ON,RETRACTED,AUTO
23:32:54,-84.18641,-9.877186,0,460,ON,RETRACTED,AUTO
23:32:54,-83.94782,-7.914165,0,462,ON,RETRACTED,AUTO
23:32:54,-83.52524,-10.07016,0,460,ON,RETRACTED,AUTO
23:32:54,-83.82166,-11.48199,0,452,ON,RETRACTED,AUTO
23:32:54,-83.82304,-9.812184,0,442,ON,RETRACTED,AUTO
23:32:54,-83.67789,-9.582945,0,437,ON,RETRACTED,AUTO
23:32:55,-83.55855,-10.58293,0,436,ON,RETRACTED,AUTO
23:32:55,-83.66203,-8.681337,0,440,ON,RETRACTED,AUTO
23:32:55,-83.63095,-9.004126,0,448,ON,RETRACTED,AUTO
23:32:55,-83.62698,-7.770617,0,456,ON,RETRACTED,AUTO
23:32:55,-83.78054,-9.748593,0,461,ON,RETRACTED,AUTO
23:32:55,-83.6498,-9.562631,0,462,ON,RETRACTED,AUTO
23:32:55,-84.16991,-12.29859,0,459,ON,RETRACTED,AUTO
23:32:55,-83.48833,-8.719025,0,450,ON,RETRACTED,AUTO
23:32:55,-83.76552,-8.006658,0,440,ON,RETRACTED,AUTO
23:32:55,-83.7951,-9.237555,0,436,ON,RETRACTED,AUTO
23:32:56,-83.64902,-8.922,0,437,ON,RETRACTED,AUTO
23:32:56,-83.94306,-11.50922,0,442,ON,RETRACTED,AUTO
23:32:56,-83.73367,-10.3159,0,450,ON,RETRACTED,AUTO
23:32:56,-83.60418,-10.19684,0,457,ON,RETRACTED,AUTO
23:32:56,-84.21161,-8.847678,0,462,ON,RETRACTED,AUTO
23:32:56,-83.95955,-9.609073,0,462,ON,RETRACTED,AUTO
23:32:56,-83.74781,-10.19424,0,456,ON,RETRACTED,AUTO
23:32:56,-83.62289,-11.16799,0,448,ON,RETRACTED,AUTO
23:32:56,-83.73742,-10.94623,0,439,ON,RETRACTED,AUTO
23:32:56,-83.76392,-10.21617,0,436,ON,RETRACTED,AUTO
23:32:57,-83.46072,-11.05508,0,438,ON,RETRACTED,AUTO
23:32:57,-83.83476,-8.660604,0,446,ON,RETRACTED,AUTO
23:32:57,-83.56975,-9.798771,0,451,ON,RETRACTED,AUTO
23:32:57,-83.69693,-10.80714,0,460,ON,RETRACTED,AUTO
23:32:57,-83.72398,-8.998154,0,462,ON,RETRACTED,AUTO
23:32:57,-84.05599,-8.331911,0,461,ON,RETRACTED,AUTO
23:32:57,-83.89106,-7.719707,0,454,ON,RETRACTED,AUTO
23:32:57,-83.71092,-10.73267,0,446,ON,RETRACTED,AUTO
23:32:57,-83.8716,-9.379345,0,437,ON,RETRACTED,AUTO
23:32:57,-83.73076,-11.93953,0,436,ON,RETRACTED,AUTO
23:32:58,-83.50797,-9.226942,0,439,ON,RETRACTED,AUTO
23:32:58,-83.69775,-9.220823,0,447,ON,RETRACTED,AUTO
23:32:58,-84.05618,-11.92215,0,454,ON,RETRACTED,AUTO
23:32:58,-83.80299,-10.18182,0,461,ON,RETRACTED,AUTO
23:32:58,-83.69687,-9.381511,0,462,ON,RETRACTED,AUTO
23:32:58,-83.796,-10.2382,0,460,ON,RETRACTED,AUTO
23:32:58,-83.63901,-11.00023,0,451,ON,RETRACTED,AUTO
23:32:58,-83.77142,-8.934078,0,441,ON,RETRACTED,AUTO
23:32:58,-83.75316,-8.426969,0,436,ON,RETRACTED,AUTO
23:32:59,-83.90762,-8.900208,0,436,ON,RETRACTED,AUTO
23:32:59,-83.39829,-9.865807,0,440,ON,RETRACTED,AUTO
23:32:59,-83.95457,-12.61188,0,448,ON,RETRACTED,AUTO
23:32:59,-83.80907,-8.518422,0,457,ON,RETRACTED,AUTO
23:32:59,-83.79328,-8.746162,0,461,ON,RETRACTED,AUTO
23:32:59,-83.85655,-10.49606,0,462,ON,RETRACTED,AUTO
23:32:59,-83.92123,-9.441442,0,459,ON,RETRACTED,AUTO
23:32:59,-84.07816,-10.12927,0,450,ON,RETRACTED,AUTO
23:32:59,-83.66776,-9.302054,0,440,ON,RETRACTED,AUTO
23:32:59,-83.58125,-10.13311,0,436,ON,RETRACTED,AUTO
23:33:00,-83.64862,-9.282399,0,437,ON,RETRACTED,AUTO
23:33:00,-83.79489,-8.37676,0,442,ON,RETRACTED,AUTO
23:33:00,-83.62774,-9.023129,0,450,ON,RETRACTED,AUTO
23:33:00,-83.87579,-9.628156,0,458,ON,RETRACTED,AUTO
23:33:00,-84.12051,-10.71662,0,462,ON,RETRACTED,AUTO
23:33:00,-83.86739,-11.16163,0,462,ON,RETRACTED,AUTO
23:33:00,-83.59968,-8.727801,0,457,ON,RETRACTED,AUTO
23:33:00,-83.69563,-8.008529,0,448,ON,RETRACTED,AUTO
23:33:00,-83.56897,-9.521491,0,439,ON,RETRACTED,AUTO
23:33:00,-83.80067,-7.849071,0,436,ON,RETRACTED,AUTO
23:33:01,-83.76006,-10.33809,0,438,ON,RETRACTED,AUTO
23:33:01,-83.67172,-10.06457,0,446,ON,RETRACTED,AUTO
23:33:01,-84.00749,-8.952474,0,451,ON,RETRACTED,AUTO
23:33:01,-83.90784,-12.87148,0,459,ON,RETRACTED,AUTO
23:33:01,-83.72771,-9.865807,0,462,ON,RETRACTED,AUTO
23:33:01,-83.75155,-8.793056,0,461,ON,RETRACTED,AUTO
23:33:01,-83.89758,-10.66619,0,454,ON,RETRACTED,AUTO
23:33:01,-83.57986,-10.64922,0,446,ON,RETRACTED,AUTO
23:33:01,-83.85723,-11.92759,0,438,ON,RETRACTED,AUTO
23:33:01,-83.72184,-9.138849,0,436,ON,RETRACTED,AUTO
23:33:02,-83.65865,-9.061378,0,439,ON,RETRACTED,AUTO
23:33:02,-83.85438,-9.709908,0,446,ON,RETRACTED,AUTO
23:33:02,-83.71806,-9.017394,0,452,ON,RETRACTED,AUTO
23:33:02,-84.00115,-9.865807,0,460,ON,RETRACTED,AUTO
23:33:02,-83.87962,-9.090277,0,462,ON,RETRACTED,AUTO
23:33:02,-84.02982,-9.887989,0,460,ON,RETRACTED,AUTO
23:33:02,-83.98596,-9.039483,0,452,ON,RETRACTED,AUTO
23:33:02,-83.70512,-9.482475,0,442,ON,RETRACTED,AUTO
23:33:02,-83.99873,-7.125016,0,437,ON,RETRACTED,AUTO
23:33:02,-84.03975,-10.1657,0,436,ON,RETRACTED,AUTO
23:33:03,-83.89475,-9.920012,0,440,ON,RETRACTED,AUTO
23:33:03,-83.82799,-11.0889,0,447,ON,RETRACTED,AUTO
23:33:03,-83.72177,-9.886877,0,456,ON,RETRACTED,AUTO
23:33:03,-83.73396,-8.793056,0,461,ON,RETRACTED,AUTO
23:33:03,-83.83787,-9.58616,0,462,ON,RETRACTED,AUTO
23:33:03,-83.79707,-10.15977,0,460,ON,RETRACTED,AUTO
23:33:03,-83.70953,-9.482475,0,450,ON,RETRACTED,AUTO
23:33:03,-84.16386,-7.454299,0,440,ON,RETRACTED,AUTO
23:33:03,-83.44498,-9.987421,0,436,ON,RETRACTED,AUTO
23:33:03,-83.95976,-10.25921,0,436,ON,RETRACTED,AUTO
23:33:04,-83.72781,-10.68033,0,440,ON,RETRACTED,AUTO
23:33:04,-83.95546,-9.882217,0,448,ON,RETRACTED,AUTO
23:33:04,-83.43814,-8.960419,0,456,ON,RETRACTED,AUTO
23:33:04,-83.79596,-9.380442,0,461,ON,RETRACTED,AUTO
23:33:04,-83.99426,-9.186966,0,461,ON,RETRACTED,AUTO
23:33:04,-83.69331,-8.251601,0,457,ON,RETRACTED,AUTO
23:33:04,-84.11515,-12.54301,0,449,ON,RETRACTED,AUTO
23:33:04,-83.81395,-12.58296,0,439,ON,RETRACTED,AUTO
23:33:04,-83.66885,-8.458293,0,434,ON,RETRACTED,AUTO
23:33:04,-83.79108,-8.445104,0,437,ON,RETRACTED,AUTO
23:33:05,-83.99633,-9.314106,0,441,ON,RETRACTED,AUTO
23:33:05,-83.83617,-10.4732,0,449,ON,RETRACTED,AUTO
23:33:05,-83.81771,-9.913945,0,457,ON,RETRACTED,AUTO
23:33:05,-83.85587,-11.16163,0,461,ON,RETRACTED,AUTO
23:33:05,-83.51575,-8.719025,0,461,ON,RETRACTED,AUTO
23:33:05,-83.83699,-9.44172,0,456,ON,RETRACTED,AUTO
23:33:05,-83.90412,-9.025275,0,447,ON,RETRACTED,AUTO
23:33:05,-83.68297,-9.220823,0,438,ON,RETRACTED,AUTO
23:33:05,-84.08593,-9.569577,0,434,ON,RETRACTED,AUTO
23:33:05,-83.93398,-11.03483,0,437,ON,RETRACTED,AUTO
23:33:06,-83.64751,-10.14177,0,444,ON,RETRACTED,AUTO
23:33:06,-83.64365,-10.26137,0,451,ON,RETRACTED,AUTO
23:33:06,-83.68741,-8.940918,0,460,ON,RETRACTED,AUTO
23:33:06,-84.14555,-8.204707,0,462,ON,RETRACTED,AUTO
23:33:06,-84.0621,-7.817817,0,461,ON,RETRACTED,AUTO
23:33:06,-83.53658,-9.481964,0,454,ON,RETRACTED,AUTO
23:33:06,-83.57825,-8.5724,0,446,ON,RETRACTED,AUTO
23:33:06,-83.72526,-8.408913,0,438,ON,RETRACTED,AUTO
23:33:06,-83.46275,-8.448689,0,436,ON,RETRACTED,AUTO
23:33:06,-83.83848,-10.71978,0,439,ON,RETRACTED,AUTO
23:33:07,-83.74812,-9.908037,0,447,ON,RETRACTED,AUTO
23:33:07,-83.88524,-9.254804,0,454,ON,RETRACTED,AUTO
23:33:07,-83.45124,-8.88066,0,460,ON,RETRACTED,AUTO
23:33:07,-83.93005,-10.36174,0,463,ON,RETRACTED,AUTO
23:33:07,-83.89619,-8.900208,0,460,ON,RETRACTED,AUTO
23:33:07,-83.22278,-8.806793,0,452,ON,RETRACTED,AUTO
23:33:07,-83.65676,-6.929469,0,442,ON,RETRACTED,AUTO
23:33:07,-83.83699,-9.44172,0,437,ON,RETRACTED,AUTO
23:33:07,-84.27102,-11.65302,0,437,ON,RETRACTED,AUTO
23:33:07,-83.90775,-10.58849,0,440,ON,RETRACTED,AUTO
23:33:08,-83.54221,-9.501687,0,448,ON,RETRACTED,AUTO
23:33:08,-84.03876,-9.483581,0,456,ON,RETRACTED,AUTO
23:33:08,-83.93682,-11.03483,0,461,ON,RETRACTED,AUTO
23:33:08,-83.64503,-9.080624,0,462,ON,RETRACTED,AUTO
23:33:08,-83.99244,-11.2595,0,459,ON,RETRACTED,AUTO
23:33:08,-83.53848,-9.855561,0,450,ON,RETRACTED,AUTO
23:33:08,-83.57753,-7.363935,0,441,ON,RETRACTED,AUTO
23:33:08,-83.69327,-9.944294,0,436,ON,RETRACTED,AUTO
23:33:08,-83.92681,-9.963803,0,437,ON,RETRACTED,AUTO
23:33:09,-83.68134,-10.73267,0,442,ON,RETRACTED,AUTO
23:33:09,-83.46955,-8.530766,0,450,ON,RETRACTED,AUTO
23:33:09,-83.89995,-9.713251,0,458,ON,RETRACTED,AUTO
23:33:09,-83.93082,-8.833414,0,462,ON,RETRACTED,AUTO
23:33:09,-83.95872,-7.949359,0,462,ON,RETRACTED,AUTO
23:33:09,-83.6914,-7.352379,0,457,ON,RETRACTED,AUTO
23:33:09,-83.8798,-9.275148,0,447,ON,RETRACTED,AUTO
23:33:09,-83.38628,-8.905885,0,438,ON,RETRACTED,AUTO
23:33:09,-83.73257,-10.05089,0,436,ON,RETRACTED,AUTO
23:33:09,-83.71628,-8.793056,0,438,ON,RETRACTED,AUTO
23:33:10,-83.91119,-10.33891,0,446,ON,RETRACTED,AUTO
23:33:10,-83.95116,-8.166069,0,452,ON,RETRACTED,AUTO
23:33:10,-83.71112,-7.765166,0,460,ON,RETRACTED,AUTO
23:33:10,-83.6236,-9.502194,0,462,ON,RETRACTED,AUTO
23:33:10,-83.85056,-10.10259,0,461,ON,RETRACTED,AUTO
23:33:10,-83.5207,-10.58293,0,454,ON,RETRACTED,AUTO
23:33:10,-83.80828,-9.769699,0,445,ON,RETRACTED,AUTO
23:33:10,-83.89484,-8.130102,0,437,ON,RETRACTED,AUTO
23:33:10,-83.78344,-10.77265,0,436,ON,RETRACTED,AUTO
23:33:10,-84.00149,-9.716686,0,439,ON,RETRACTED,AUTO
23:33:11,-83.60519,-12.89516,0,447,ON,RETRACTED,AUTO
23:33:11,-83.81573,-11.43231,0,454,ON,RETRACTED,AUTO
23:33:11,-83.77217,-8.849993,0,461,ON,RETRACTED,AUTO
23:33:11,-83.54188,-10.07016,0,462,ON,RETRACTED,AUTO
23:33:11,-84.17868,-9.76883,0,459,ON,RETRACTED,AUTO
23:33:11,-83.98121,-10.95812,0,450,ON,RETRACTED,AUTO
23:33:11,-83.98028,-9.293308,0,441,ON,RETRACTED,AUTO
23:33:11,-84.00899,-8.804997,0,436,ON,RETRACTED,AUTO
23:33:11,-83.68459,-10.32672,0,437,ON,RETRACTED,AUTO
23:33:11,-83.81317,-10.18182,0,441,ON,RETRACTED,AUTO
23:33:12,-83.53191,-11.91944,0,449,ON,RETRACTED,AUTO
23:33:12,-83.65029,-9.979921,0,457,ON,RETRACTED,AUTO
23:33:12,-83.64301,-8.284631,0,461,ON,RETRACTED,AUTO
23:33:12,-83.87495,-10.0226,0,462,ON,RETRACTED,AUTO
23:33:12,-83.74957,-9.929287,0,457,ON,RETRACTED,AUTO
23:33:12,-83.55515,-9.93211,0,448,ON,RETRACTED,AUTO
23:33:12,-83.94535,-11.03483,0,439,ON,RETRACTED,AUTO
23:33:12,-83.54716,-9.481964,0,436,ON,RETRACTED,AUTO
23:33:12,-83.512,-9.188836,0,438,ON,RETRACTED,AUTO
23:33:12,-83.63029,-9.860619,0,442,ON,RETRACTED,AUTO
23:33:13,-84.04001,-9.526388,0,451,ON,RETRACTED,AUTO
23:33:13,-83.58198,-10.90828,0,459,ON,RETRACTED,AUTO
23:33:13,-83.76538,-8.708474,0,462,ON,RETRACTED,AUTO
23:33:13,-83.70364,-9.220823,0,461,ON,RETRACTED,AUTO
23:33:13,-83.79364,-10.77265,0,456,ON,RETRACTED,AUTO
23:33:13,-83.51873,-7.995527,0,446,ON,RETRACTED,AUTO
23:33:13,-83.46719,-7.829077,0,438,ON,RETRACTED,AUTO
23:33:13,-83.83064,-9.090277,0,436,ON,RETRACTED,AUTO
23:33:13,-83.89561,-9.795312,0,439,ON,RETRACTED,AUTO
23:33:13,-84.17868,-9.76883,0,447,ON,RETRACTED,AUTO
23:33:14,-83.66235,-7.079711,0,454,ON,RETRACTED,AUTO
23:33:14,-83.82146,-9.277631,0,460,ON,RETRACTED,AUTO
23:33:14,-83.75095,-8.914927,0,462,ON,RETRACTED,AUTO
23:33:14,-83.9232,-8.184172,0,460,ON,RETRACTED,AUTO
23:33:14,-84.11743,-10.30485,0,451,ON,RETRACTED,AUTO
23:33:14,-83.85258,-9.110183,0,442,ON,RETRACTED,AUTO
23:33:14,-84.02455,-9.632717,0,437,ON,RETRACTED,AUTO
23:33:14,-83.8103,-7.77643,0,436,ON,RETRACTED,AUTO
23:33:14,-84.03534,-7.637286,0,440,ON,RETRACTED,AUTO
23:33:14,-83.82609,-9.070457,0,448,ON,RETRACTED,AUTO
23:33:15,-83.93559,-9.357422,0,456,ON,RETRACTED,AUTO
23:33:15,-83.90106,-9.691838,0,461,ON,RETRACTED,AUTO
23:33:15,-83.81438,-10.1378,0,462,ON,RETRACTED,AUTO
23:33:15,-83.79887,-9.380442,0,459,ON,RETRACTED,AUTO
23:33:15,-83.65642,-10.88094,0,449,ON,RETRACTED,AUTO
23:33:15,-83.95847,-11.0593,0,440,ON,RETRACTED,AUTO
23:33:15,-83.68343,-11.16645,0,436,ON,RETRACTED,AUTO
23:33:15,-83.76592,-8.585935,0,437,ON,RETRACTED,AUTO
23:33:15,-83.88718,-11.03792,0,442,ON,RETRACTED,AUTO
23:33:15,-83.92484,-9.838574,0,450,ON,RETRACTED,AUTO
23:33:16,-83.60741,-9.482217,0,459,ON,RETRACTED,AUTO
23:33:16,-83.92117,-10.33891,0,462,ON,RETRACTED,AUTO
23:33:16,-83.7861,-7.372313,0,462,ON,RETRACTED,AUTO
23:33:16,-83.77347,-11.40762,0,457,ON,RETRACTED,AUTO
23:33:16,-83.71532,-10.37074,0,448,ON,RETRACTED,AUTO
23:33:16,-83.6399,-9.262826,0,439,ON,RETRACTED,AUTO
23:33:16,-83.90735,-9.211026,0,436,ON,RETRACTED,AUTO
23:33:16,-83.50903,-9.579892,0,438,ON,RETRACTED,AUTO
23:33:16,-84.00969,-8.002738,0,446,ON,RETRACTED,AUTO
23:33:16,-83.89358,-10.0226,0,451,ON,RETRACTED,AUTO
23:33:17,-83.52075,-8.701026,0,460,ON,RETRACTED,AUTO
23:33:17,-83.71848,-7.748599,0,462,ON,RETRACTED,AUTO
23:33:17,-83.93529,-8.688102,0,461,ON,RETRACTED,AUTO
23:33:17,-83.67177,-8.078344,0,454,ON,RETRACTED,AUTO
23:33:17,-83.53665,-8.891746,0,446,ON,RETRACTED,AUTO
23:33:17,-83.4212,-9.346143,0,437,ON,RETRACTED,AUTO
23:33:17,-84.0379,-11.00354,0,436,ON,RETRACTED,AUTO
23:33:17,-83.88983,-11.45875,0,439,ON,RETRACTED,AUTO
23:33:17,-83.56622,-10.13311,0,447,ON,RETRACTED,AUTO
23:33:17,-83.77323,-10.36037,0,454,ON,RETRACTED,AUTO
23:33:18,-83.70198,-9.523038,0,461,ON,RETRACTED,AUTO
23:33:18,-83.92729,-10.46375,0,463,ON,RETRACTED,AUTO
23:33:18,-84.12518,-9.246114,0,460,ON,RETRACTED,AUTO
23:33:18,-83.76244,-10.1724,0,451,ON,RETRACTED,AUTO
23:33:18,-83.85186,-10.45044,0,442,ON,RETRACTED,AUTO
23:33:18,-83.92966,-9.963803,0,437,ON,RETRACTED,AUTO
23:33:18,-84.20372,-7.621071,0,437,ON,RETRACTED,AUTO
23:33:18,-83.62334,-9.761775,0,441,ON,RETRACTED,AUTO
23:33:18,-83.86863,-9.89826,0,449,ON,RETRACTED,AUTO
23:33:19,-83.5479,-10.07016,0,457,ON,RETRACTED,AUTO
23:33:19,-83.67095,-9.522255,0,462,ON,RETRACTED,AUTO
23:33:19,-83.47816,-8.548312,0,463,ON,RETRACTED,AUTO
23:33:19,-83.92084,-8.833414,0,459,ON,RETRACTED,AUTO
23:33:19,-83.70217,-9.220823,0,450,ON,RETRACTED,AUTO
23:33:19,-83.82644,-8.518422,0,441,ON,RETRACTED,AUTO
23:33:19,-83.82578,-9.790896,0,436,ON,RETRACTED,AUTO
23:33:19,-83.63857,-10.14177,0,437,ON,RETRACTED,AUTO
23:33:19,-83.8026,-9.523843,0,442,ON,RETRACTED,AUTO
23:33:19,-83.73716,-9.05612,0,450,ON,RETRACTED,AUTO
23:33:20,-83.53144,-10.93515,0,459,ON,RETRACTED,AUTO
23:33:20,-83.87915,-8.985731,0,462,ON,RETRACTED,AUTO
23:33:20,-83.79665,-10.40521,0,462,ON,RETRACTED,AUTO
23:33:20,-83.61829,-7.020189,0,457,ON,RETRACTED,AUTO
23:33:20,-83.81317,-8.289405,0,449,ON,RETRACTED,AUTO
23:33:20,-84.00109,-10.07498,0,440,ON,RETRACTED,AUTO
23:33:20,-83.99588,-12.75278,0,436,ON,RETRACTED,AUTO
23:33:20,-83.42686,-8.013818,0,438,ON,RETRACTED,AUTO
23:33:20,-83.9781,-10.83227,0,442,ON,RETRACTED,AUTO
23:33:20,-83.80605,-8.907665,0,451,ON,RETRACTED,AUTO
23:33:21,-83.72221,-8.774239,0,459,ON,RETRACTED,AUTO
23:33:21,-83.96918,-10.13364,0,463,ON,RETRACTED,AUTO
23:33:21,-84.09219,-9.591318,0,462,ON,RETRACTED,AUTO
23:33:21,-84.10525,-8.167236,0,456,ON,RETRACTED,AUTO
23:33:21,-83.8113,-9.523843,0,447,ON,RETRACTED,AUTO
23:33:21,-84.08755,-9.312053,0,439,ON,RETRACTED,AUTO
23:33:21,-84.47792,-10.43022,0,436,ON,RETRACTED,AUTO
23:33:21,-83.97619,-10.20144,0,439,ON,RETRACTED,AUTO
23:33:21,-83.62119,-10.09914,0,446,ON,RETRACTED,AUTO
23:33:21,-83.9483,-10.05254,0,453,ON,RETRACTED,AUTO
23:33:22,-84.02293,-9.207581,0,460,ON,RETRACTED,AUTO
23:33:22,-83.61652,-9.223923,0,462,ON,RETRACTED,AUTO
23:33:22,-83.89423,-8.399095,0,461,ON,RETRACTED,AUTO
23:33:22,-83.73422,-9.017394,0,454,ON,RETRACTED,AUTO
23:33:22,-83.75835,-8.953311,0,446,ON,RETRACTED,AUTO
23:33:22,-84.12367,-7.925276,0,438,ON,RETRACTED,AUTO
23:33:22,-83.81792,-9.667756,0,437,ON,RETRACTED,AUTO
23:33:22,-83.58499,-9.223923,0,440,ON,RETRACTED,AUTO
23:33:22,-84.0826,-9.977714,0,447,ON,RETRACTED,AUTO
23:33:22,-83.49422,-10.26238,0,454,ON,RETRACTED,AUTO
23:33:23,-83.76392,-10.2382,0,461,ON,RETRACTED,AUTO
23:33:23,-83.72669,-10.58957,0,464,ON,RETRACTED,AUTO
23:33:23,-83.84017,-8.413217,0,460,ON,RETRACTED,AUTO
23:33:23,-83.77178,-9.237555,0,452,ON,RETRACTED,AUTO
23:33:23,-83.77933,-11.38304,0,444,ON,RETRACTED,AUTO
23:33:23,-83.69965,-6.01542,0,437,ON,RETRACTED,AUTO
23:33:23,-83.87788,-10.39506,0,437,ON,RETRACTED,AUTO
23:33:23,-83.86668,-11.5321,0,440,ON,RETRACTED,AUTO
23:33:23,-84.314,-11.09634,0,448,ON,RETRACTED,AUTO
23:33:23,-83.48829,-10.91671,0,456,ON,RETRACTED,AUTO
23:33:24,-83.94477,-11.30993,0,461,ON,RETRACTED,AUTO
23:33:24,-83.92164,-10.08894,0,463,ON,RETRACTED,AUTO
23:33:24,-83.64047,-8.884401,0,460,ON,RETRACTED,AUTO
23:33:24,-83.5143,-8.873285,0,451,ON,RETRACTED,AUTO
23:33:24,-83.69341,-9.462322,0,441,ON,RETRACTED,AUTO
23:33:24,-84.0354,-8.056834,0,437,ON,RETRACTED,AUTO
23:33:24,-83.94891,-10.48685,0,437,ON,RETRACTED,AUTO
23:33:24,-83.90749,-11.50922,0,441,ON,RETRACTED,AUTO
23:33:24,-83.50882,-8.130103,0,449,ON,RETRACTED,AUTO
23:33:24,-83.77726,-11.13919,0,457,ON,RETRACTED,AUTO
23:33:25,-83.52047,-9.697381,0,462,ON,RETRACTED,AUTO
23:33:25,-83.86718,-8.717458,0,462,ON,RETRACTED,AUTO
23:33:25,-83.76648,-9.075606,0,459,ON,RETRACTED,AUTO
23:33:25,-83.37064,-9.251466,0,450,ON,RETRACTED,AUTO
23:33:25,-84.0041,-8.932409,0,440,ON,RETRACTED,AUTO
23:33:25,-83.77261,-9.646815,0,436,ON,RETRACTED,AUTO
23:33:25,-83.71952,-10.77854,0,437,ON,RETRACTED,AUTO
23:33:25,-83.97366,-9.673355,0,442,ON,RETRACTED,AUTO
23:33:25,-83.56176,-11.00354,0,450,ON,RETRACTED,AUTO
23:33:25,-83.70377,-7.748599,0,459,ON,RETRACTED,AUTO
23:33:26,-83.60294,-9.720768,0,462,ON,RETRACTED,AUTO
23:33:26,-83.46386,-7.727798,0,462,ON,RETRACTED,AUTO
23:33:26,-83.83997,-9.709908,0,457,ON,RETRACTED,AUTO
23:33:26,-84.00989,-10.47742,0,449,ON,RETRACTED,AUTO
23:33:26,-83.68845,-10.58957,0,440,ON,RETRACTED,AUTO
23:33:26,-83.88985,-9.275148,0,436,ON,RETRACTED,AUTO
23:33:26,-83.50348,-9.071498,0,438,ON,RETRACTED,AUTO
23:33:26,-83.84738,-9.790896,0,445,ON,RETRACTED,AUTO
23:33:26,-83.69341,-9.462322,0,451,ON,RETRACTED,AUTO
23:33:26,-83.89291,-6.326248,0,460,ON,RETRACTED,AUTO
23:33:27,-83.9701,-10.00798,0,462,ON,RETRACTED,AUTO
23:33:27,-83.71101,-8.269254,0,462,ON,RETRACTED,AUTO
23:33:27,-83.72678,-7.431408,0,456,ON,RETRACTED,AUTO
23:33:27,-83.55173,-9.14708,0,447,ON,RETRACTED,AUTO
23:33:27,-83.51413,-8.56593,0,438,ON,RETRACTED,AUTO
23:33:27,-84.14839,-10.24566,0,436,ON,RETRACTED,AUTO
23:33:27,-83.92057,-9.838574,0,439,ON,RETRACTED,AUTO
23:33:27,-83.55312,-8.991248,0,446,ON,RETRACTED,AUTO
23:33:27,-83.63095,-9.262826,0,452,ON,RETRACTED,AUTO
23:33:27,-83.5516,-8.180973,0,460,ON,RETRACTED,AUTO
23:33:28,-83.84641,-8.841814,0,463,ON,RETRACTED,AUTO
23:33:28,-83.67427,-6.881724,0,461,ON,RETRACTED,AUTO
23:33:28,-84.03677,-9.355982,0,454,ON,RETRACTED,AUTO
23:33:28,-83.84175,-6.548337,0,446,ON,RETRACTED,AUTO
23:33:28,-83.67092,-8.319766,0,438,ON,RETRACTED,AUTO
23:33:28,-83.71013,-10.29381,0,436,ON,RETRACTED,AUTO
23:33:28,-83.63467,-10.83525,0,439,ON,RETRACTED,AUTO
23:33:28,-83.95536,-10.43085,0,448,ON,RETRACTED,AUTO
23:33:28,-83.21977,-6.941964,0,459,ON,RETRACTED,AUTO
23:33:29,-83.7481,-9.950626,0,462,ON,RETRACTED,AUTO
23:33:29,-83.72594,-10.87625,0,460,ON,RETRACTED,AUTO
23:33:29,-84.04904,-9.547935,0,452,ON,RETRACTED,AUTO
23:33:29,-84.01662,-9.865807,0,248,ON,RETRACTED,AUTO
23:33:29,-83.97585,-9.483295,0,142,ON,RETRACTED,AUTO
23:33:29,-84.05763,-9.290972,0,116,ON,RETRACTED,AUTO
23:33:29,-83.8301,-7.26446,0,105,ON,RETRACTED,AUTO
23:33:29,-83.28185,-9.348977,0,97,ON,RETRACTED,AUTO
23:33:29,-83.83787,-8.679473,0,397,ON,RETRACTED,AUTO
23:33:29,-83.64687,-7.441897,0,424,ON,RETRACTED,AUTO
23:33:30,-83.50692,-7.877699,0,435,ON,RETRACTED,AUTO
23:33:30,-83.46967,-7.359955,0,439,ON,RETRACTED,AUTO
23:33:30,-83.7086,-6.272418,0,437,ON,RETRACTED,AUTO
23:33:30,-83.82172,-5.74783,0,430,ON,RETRACTED,AUTO
23:33:30,-83.74117,-6.572489,0,423,ON,RETRACTED,AUTO
23:33:30,-83.64581,-7.394924,0,415,ON,RETRACTED,AUTO
23:33:30,-83.46664,-8.21399,0,415,ON,RETRACTED,AUTO
23:33:30,-83.96778,-9.146007,0,423,ON,RETRACTED,AUTO
23:33:30,-83.45066,-8.396748,0,430,ON,RETRACTED,AUTO
23:33:30,-83.69038,-8.615648,0,435,ON,RETRACTED,AUTO
23:33:31,-83.72309,-8.895857,0,351,ON,RETRACTED,AUTO
23:33:31,-83.7719,-6.572489,0,248,ON,RETRACTED,AUTO
23:33:31,-83.46076,-7.946195,0,229,ON,RETRACTED,AUTO
23:33:31,-83.5643,-6.23448,0,223,ON,RETRACTED,AUTO
23:33:31,-83.56038,-8.655116,0,169,ON,RETRACTED,AUTO
23:33:31,-83.76099,-7.186328,0,128,ON,RETRACTED,AUTO
23:33:31,-83.78668,-8.641816,0,121,ON,RETRACTED,AUTO
23:33:31,-83.5203,-6.947172,0,115,ON,RETRACTED,AUTO
23:33:31,-83.42425,-8.362472,0,110,ON,RETRACTED,AUTO
23:33:31,-83.46719,-7.610313,0,104,ON,RETRACTED,AUTO
23:33:32,-83.91855,-6.842773,0,97,ON,RETRACTED,AUTO
23:33:32,-83.59167,-7.110107,0,88,ON,RETRACTED,AUTO
23:33:32,-83.80895,-7.97207,0,84,ON,RETRACTED,AUTO
23:33:32,-83.35231,-8.622604,0,77,ON,RETRACTED,AUTO
23:33:32,-83.77617,-7.709332,0,74,ON,RETRACTED,AUTO
23:33:32,-83.38442,-9.154903,0,70,ON,RETRACTED,AUTO
23:33:32,-83.86913,-8.362211,0,70,ON,RETRACTED,AUTO
23:33:32,-83.98936,-8.365886,0,77,ON,RETRACTED,AUTO
23:33:32,-83.48663,-6.432075,0,89,ON,RETRACTED,AUTO
23:33:32,-83.68437,-7.125016,0,106,ON,RETRACTED,AUTO
23:33:33,-83.30066,-6.568764,0,417,ON,RETRACTED,AUTO
23:33:33,-83.85117,-9.358825,0,442,ON,RETRACTED,AUTO
23:33:33,-83.81985,-9.257548,0,446,ON,RETRACTED,AUTO
23:33:33,-83.64517,-9.382551,0,440,ON,RETRACTED,AUTO
23:33:33,-83.98276,-7.620173,0,436,ON,RETRACTED,AUTO
23:33:33,-83.84405,-8.325649,0,437,ON,RETRACTED,AUTO
23:33:33,-83.74628,-8.286981,0,439,ON,RETRACTED,AUTO
23:33:33,-83.87426,-8.255398,0,446,ON,RETRACTED,AUTO
23:33:33,-84.13649,-9.288568,0,454,ON,RETRACTED,AUTO
23:33:33,-83.69405,-9.603345,0,460,ON,RETRACTED,AUTO
23:33:34,-83.7352,-10.29381,0,462,ON,RETRACTED,AUTO
23:33:34,-83.74654,-8.895857,0,460,ON,RETRACTED,AUTO
23:33:34,-83.60391,-8.828588,0,451,ON,RETRACTED,AUTO
23:33:34,-83.85324,-10.0806,0,442,ON,RETRACTED,AUTO
23:33:34,-83.74306,-10.41514,0,437,ON,RETRACTED,AUTO
23:33:34,-83.68172,-10.68718,0,437,ON,RETRACTED,AUTO
23:33:34,-83.88487,-8.985731,0,440,ON,RETRACTED,AUTO
23:33:34,-83.77762,-9.748593,0,448,ON,RETRACTED,AUTO
23:33:34,-83.85057,-8.219209,0,456,ON,RETRACTED,AUTO
23:33:34,-83.66804,-8.251601,0,461,ON,RETRACTED,AUTO
23:33:35,-83.6955,-7.505461,0,462,ON,RETRACTED,AUTO
23:33:35,-84.01937,-9.334998,0,459,ON,RETRACTED,AUTO
23:33:35,-83.80988,-9.277631,0,450,ON,RETRACTED,AUTO
23:33:35,-84.13988,-9.962046,0,441,ON,RETRACTED,AUTO
23:33:35,-83.82866,-10.42777,0,436,ON,RETRACTED,AUTO
23:33:35,-83.97527,-9.420083,0,437,ON,RETRACTED,AUTO
23:33:35,-84.2476,-10.10112,0,442,ON,RETRACTED,AUTO
23:33:35,-84.07748,-10.10631,0,450,ON,RETRACTED,AUTO
23:33:35,-83.37284,-10.87675,0,459,ON,RETRACTED,AUTO
23:33:35,-83.89234,-9.00546,0,462,ON,RETRACTED,AUTO
23:33:36,-83.69016,-8.978995,0,462,ON,RETRACTED,AUTO
23:33:36,-83.67389,-8.319766,0,457,ON,RETRACTED,AUTO
23:33:36,-83.83881,-7.844696,0,448,ON,RETRACTED,AUTO
23:33:36,-83.66792,-9.282399,0,439,ON,RETRACTED,AUTO
23:33:36,-83.56322,-7.824618,0,436,ON,RETRACTED,AUTO
23:33:36,-83.76397,-10.60441,0,438,ON,RETRACTED,AUTO
23:33:36,-84.11368,-9.613157,0,446,ON,RETRACTED,AUTO
23:33:36,-83.95267,-9.105409,0,452,ON,RETRACTED,AUTO
23:33:36,-83.5963,-6.166933,0,460,ON,RETRACTED,AUTO
23:33:36,-83.79058,-8.200146,0,463,ON,RETRACTED,AUTO
23:33:37,-83.98136,-10.85641,0,462,ON,RETRACTED,AUTO
23:33:37,-83.74903,-9.543449,0,456,ON,RETRACTED,AUTO
23:33:37,-83.41191,-8.362472,0,447,ON,RETRACTED,AUTO
23:33:37,-84.08076,-8.945383,0,438,ON,RETRACTED,AUTO
23:33:37,-83.85806,-7.436827,0,436,ON,RETRACTED,AUTO
23:33:37,-83.67253,-8.662991,0,440,ON,RETRACTED,AUTO
23:33:37,-83.64952,-10.64207,0,447,ON,RETRACTED,AUTO
23:33:37,-83.97524,-8.511704,0,454,ON,RETRACTED,AUTO
23:33:37,-83.82491,-11.70203,0,461,ON,RETRACTED,AUTO
23:33:37,-83.95323,-10.11124,0,463,ON,RETRACTED,AUTO
23:33:38,-83.70869,-9.844825,0,460,ON,RETRACTED,AUTO
23:33:38,-84.01196,-9.166441,0,452,ON,RETRACTED,AUTO
23:33:38,-83.89886,-11.06211,0,442,ON,RETRACTED,AUTO
23:33:38,-83.94838,-9.357422,0,437,ON,RETRACTED,AUTO
23:33:38,-83.92794,-8.919844,0,437,ON,RETRACTED,AUTO
23:33:38,-83.77869,-8.746162,0,441,ON,RETRACTED,AUTO
23:33:38,-83.89704,-9.795312,0,449,ON,RETRACTED,AUTO
23:33:38,-83.99075,-10.05254,0,457,ON,RETRACTED,AUTO
23:33:38,-83.94995,-7.569283,0,462,ON,RETRACTED,AUTO
23:33:39,-83.67443,-8.857959,0,462,ON,RETRACTED,AUTO
23:33:39,-83.84277,-9.194298,0,459,ON,RETRACTED,AUTO
23:33:39,-83.97663,-10.32782,0,449,ON,RETRACTED,AUTO
23:33:39,-83.54453,-9.855561,0,440,ON,RETRACTED,AUTO
23:33:39,-83.78551,-8.888358,0,436,ON,RETRACTED,AUTO
23:33:39,-83.73273,-9.05612,0,438,ON,RETRACTED,AUTO
23:33:39,-83.88013,-9.89826,0,445,ON,RETRACTED,AUTO
23:33:39,-83.8689,-9.214378,0,451,ON,RETRACTED,AUTO
23:33:39,-84.0619,-9.100503,0,459,ON,RETRACTED,AUTO
23:33:39,-83.85364,-8.449988,0,463,ON,RETRACTED,AUTO
23:33:40,-83.8821,-8.593017,0,461,ON,RETRACTED,AUTO
23:33:40,-83.66885,-10.80714,0,456,ON,RETRACTED,AUTO
23:33:40,-83.60268,-10.19684,0,447,ON,RETRACTED,AUTO
23:33:40,-83.86467,-7.203182,0,438,ON,RETRACTED,AUTO
23:33:40,-83.92369,-9.420652,0,437,ON,RETRACTED,AUTO
23:33:40,-83.78639,-6.832929,0,440,ON,RETRACTED,AUTO
23:33:40,-83.67461,-9.623832,0,447,ON,RETRACTED,AUTO
23:33:40,-83.69717,-10.61212,0,454,ON,RETRACTED,AUTO
23:33:40,-83.91737,-10.08894,0,461,ON,RETRACTED,AUTO
23:33:40,-83.9824,-8.912435,0,463,ON,RETRACTED,AUTO
23:33:41,-83.56598,-10.3692,0,460,ON,RETRACTED,AUTO
23:33:41,-84.08867,-10.38671,0,452,ON,RETRACTED,AUTO
23:33:41,-83.79025,-8.727278,0,441,ON,RETRACTED,AUTO
23:33:41,-83.94897,-11.98751,0,437,ON,RETRACTED,AUTO
23:33:41,-84.10365,-7.7416,0,437,ON,RETRACTED,AUTO
23:33:41,-83.8971,-8.022404,0,441,ON,RETRACTED,AUTO
23:33:41,-83.69791,-8.579065,0,449,ON,RETRACTED,AUTO
23:33:41,-83.91104,-10.23654,0,457,ON,RETRACTED,AUTO
23:33:41,-83.93092,-9.33672,0,462,ON,RETRACTED,AUTO
23:33:41,-83.61858,-8.847116,0,461,ON,RETRACTED,AUTO
23:33:42,-83.77925,-9.523843,0,457,ON,RETRACTED,AUTO
23:33:42,-83.90438,-10.16913,0,448,ON,RETRACTED,AUTO
23:33:42,-84.01818,-7.526241,0,438,ON,RETRACTED,AUTO
23:33:42,-83.96529,-7.061478,0,434,ON,RETRACTED,AUTO
23:33:42,-83.68654,-8.476296,0,438,ON,RETRACTED,AUTO
23:33:42,-83.79439,-8.499975,0,445,ON,RETRACTED,AUTO
23:33:42,-83.92017,-9.045177,0,452,ON,RETRACTED,AUTO
23:33:42,-83.9789,-8.638738,0,461,ON,RETRACTED,AUTO
23:33:42,-83.58158,-6.512969,0,465,ON,RETRACTED,AUTO
23:33:42,-84.0872,-10.10631,0,457,ON,RETRACTED,AUTO
23:33:43,-83.83897,-9.297798,0,442,ON,RETRACTED,AUTO
23:33:43,-83.98541,-9.272602,0,437,ON,RETRACTED,AUTO
23:33:43,-83.88924,-7.485955,0,436,ON,RETRACTED,AUTO
23:33:43,-84.0021,-10.39733,0,438,ON,RETRACTED,AUTO
23:33:43,-83.90694,-9.441442,0,442,ON,RETRACTED,AUTO
23:33:43,-83.93281,-9.713251,0,450,ON,RETRACTED,AUTO
23:33:43,-83.99832,-11.15822,0,459,ON,RETRACTED,AUTO
23:33:43,-83.83714,-10.79597,0,464,ON,RETRACTED,AUTO
23:33:43,-83.65649,-9.442253,0,465,ON,RETRACTED,AUTO
23:33:43,-84.0074,-7.364746,0,461,ON,RETRACTED,AUTO
23:33:44,-83.62742,-8.130102,0,451,ON,RETRACTED,AUTO
23:33:44,-83.7761,-9.727577,0,442,ON,RETRACTED,AUTO
23:33:44,-83.55305,-11.05237,0,438,ON,RETRACTED,AUTO
23:33:44,-84.27201,-8.530766,0,440,ON,RETRACTED,AUTO
23:33:44,-83.77785,-8.25347,0,447,ON,RETRACTED,AUTO
23:33:44,-84.01046,-9.843723,0,456,ON,RETRACTED,AUTO
23:33:44,-84.18685,-11.23177,0,462,ON,RETRACTED,AUTO
23:33:44,-84.15507,-9.809302,0,465,ON,RETRACTED,AUTO
23:33:44,-83.98512,-9.948404,0,463,ON,RETRACTED,AUTO
23:33:44,-83.56946,-8.369403,0,456,ON,RETRACTED,AUTO
23:33:45,-84.08038,-9.569577,0,447,ON,RETRACTED,AUTO
23:33:45,-83.73286,-9.765685,0,440,ON,RETRACTED,AUTO
23:33:45,-83.8531,-7.685958,0,439,ON,RETRACTED,AUTO
23:33:45,-83.82809,-8.536951,0,442,ON,RETRACTED,AUTO
23:33:45,-84.27398,-8.397303,0,450,ON,RETRACTED,AUTO
23:33:45,-84.02522,-8.148332,0,459,ON,RETRACTED,AUTO
23:33:45,-83.94689,-8.310277,0,464,ON,RETRACTED,AUTO
23:33:45,-84.01925,-8.569141,0,464,ON,RETRACTED,AUTO
23:33:45,-84.07343,-9.526388,0,459,ON,RETRACTED,AUTO
23:33:45,-83.62034,-7.410517,0,450,ON,RETRACTED,AUTO
23:33:46,-83.81665,-8.765128,0,441,ON,RETRACTED,AUTO
23:33:46,-83.65337,-8.216521,0,438,ON,RETRACTED,AUTO
23:33:46,-83.48067,-11.24003,0,441,ON,RETRACTED,AUTO
23:33:46,-83.54461,-10.88553,0,448,ON,RETRACTED,AUTO
23:33:46,-83.77448,-8.972627,0,457,ON,RETRACTED,AUTO
23:33:46,-84.1223,-7.646762,0,463,ON,RETRACTED,AUTO
23:33:46,-83.89503,-7.628149,0,465,ON,RETRACTED,AUTO
23:33:46,-83.85146,-9.978858,0,462,ON,RETRACTED,AUTO
23:33:46,-83.96253,-9.882217,0,454,ON,RETRACTED,AUTO
23:33:46,-84.19781,-6.811025,0,446,ON,RETRACTED,AUTO
23:33:47,-83.86898,-7.203182,0,439,ON,RETRACTED,AUTO
23:33:47,-83.56078,-7.586709,0,439,ON,RETRACTED,AUTO
23:33:47,-84.05821,-8.460227,0,446,ON,RETRACTED,AUTO
23:33:47,-83.76244,-10.1724,0,453,ON,RETRACTED,AUTO
23:33:47,-83.77274,-10.26032,0,460,ON,RETRACTED,AUTO
23:33:47,-83.90583,-9.545631,0,452,ON,RETRACTED,AUTO
23:33:47,-83.81508,-9.174302,0,441,ON,RETRACTED,AUTO
23:33:47,-83.77173,-10.74942,0,452,ON,RETRACTED,AUTO
23:33:47,-83.86575,-9.44172,0,446,ON,RETRACTED,AUTO
23:33:47,-83.90769,-9.065166,0,437,ON,RETRACTED,AUTO
23:33:48,-83.52843,-8.400682,0,433,ON,RETRACTED,AUTO
23:33:48,-83.52251,-7.539445,0,437,ON,RETRACTED,AUTO
23:33:48,-83.91656,-8.919844,0,446,ON,RETRACTED,AUTO
23:33:48,-83.3848,-7.948839,0,452,ON,RETRACTED,AUTO
23:33:48,-83.87354,-9.752425,0,459,ON,RETRACTED,AUTO
23:33:48,-83.77145,-7.832146,0,459,ON,RETRACTED,AUTO
23:33:48,-84.09183,-9.849015,0,454,ON,RETRACTED,AUTO
23:33:48,-84.2881,-9.0425,0,446,ON,RETRACTED,AUTO
23:33:48,-83.93338,-11.30993,0,437,ON,RETRACTED,AUTO
23:33:49,-84.04054,-10.14286,0,432,ON,RETRACTED,AUTO
23:33:49,-83.94713,-11.0593,0,436,ON,RETRACTED,AUTO
23:33:49,-83.87816,-11.5321,0,441,ON,RETRACTED,AUTO
23:33:49,-83.8053,-11.30993,0,449,ON,RETRACTED,AUTO
23:33:49,-83.57684,-10.64922,0,457,ON,RETRACTED,AUTO
23:33:49,-83.72502,-11.16488,0,459,ON,RETRACTED,AUTO
23:33:49,-83.9399,-9.713251,0,456,ON,RETRACTED,AUTO
23:33:49,-83.87296,-9.89826,0,448,ON,RETRACTED,AUTO
23:33:49,-83.80212,-12.01665,0,438,ON,RETRACTED,AUTO
23:33:49,-83.77814,-9.075606,0,432,ON,RETRACTED,AUTO
23:33:50,-83.90079,-9.94186,0,433,ON,RETRACTED,AUTO
23:33:50,-83.78146,-11.77336,0,439,ON,RETRACTED,AUTO
23:33:50,-83.84185,-9.297798,0,447,ON,RETRACTED,AUTO
23:33:50,-83.71916,-10.63476,0,454,ON,RETRACTED,AUTO
23:33:50,-83.40108,-8.362472,0,460,ON,RETRACTED,AUTO
23:33:50,-83.88203,-7.987132,0,458,ON,RETRACTED,AUTO
23:33:50,-83.7636,-9.849863,0,451,ON,RETRACTED,AUTO
23:33:50,-84.00434,-11.41098,0,440,ON,RETRACTED,AUTO
23:33:50,-84.11747,-10.58732,0,433,ON,RETRACTED,AUTO
23:33:50,-84.20338,-8.412346,0,430,ON,RETRACTED,AUTO
23:33:51,-83.71234,-9.260221,0,437,ON,RETRACTED,AUTO
23:33:51,-83.88341,-10.76663,0,446,ON,RETRACTED,AUTO
23:33:51,-83.91794,-11.65929,0,451,ON,RETRACTED,AUTO
23:33:51,-83.78247,-10.48244,0,459,ON,RETRACTED,AUTO
23:33:51,-84.14996,-9.701506,0,459,ON,RETRACTED,AUTO
23:33:51,-84.07408,-11.53983,0,452,ON,RETRACTED,AUTO
23:33:51,-83.74986,-10.29381,0,446,ON,RETRACTED,AUTO
23:33:51,-83.58143,-8.471145,0,436,ON,RETRACTED,AUTO
23:33:51,-83.75859,-10.70327,0,430,ON,RETRACTED,AUTO
23:33:51,-83.63821,-8.010345,0,434,ON,RETRACTED,AUTO
23:33:52,-83.83431,-12.66506,0,441,ON,RETRACTED,AUTO
23:33:52,-83.77186,-8.604482,0,448,ON,RETRACTED,AUTO
23:33:52,-84.00583,-10.0975,0,454,ON,RETRACTED,AUTO
23:33:52,-83.64054,-6.809051,0,457,ON,RETRACTED,AUTO
23:33:52,-83.90213,-10.0226,0,452,ON,RETRACTED,AUTO
23:33:52,-83.73337,-8.914927,0,445,ON,RETRACTED,AUTO
23:33:52,-83.9616,-10.28198,0,435,ON,RETRACTED,AUTO
23:33:52,-83.8912,-9.524667,0,428,ON,RETRACTED,AUTO
23:33:52,-83.88978,-9.524667,0,429,ON,RETRACTED,AUTO
23:33:52,-83.84323,-9.050721,0,436,ON,RETRACTED,AUTO
23:33:53,-83.73803,-6.285857,0,445,ON,RETRACTED,AUTO
23:33:53,-84.00484,-9.843723,0,451,ON,RETRACTED,AUTO
23:33:53,-83.57433,-9.14708,0,452,ON,RETRACTED,AUTO
23:33:53,-83.50491,-9.1699,0,451,ON,RETRACTED,AUTO
23:33:53,-83.88911,-8.130102,0,449,ON,RETRACTED,AUTO
23:33:53,-83.92329,-9.566687,0,440,ON,RETRACTED,AUTO
23:33:53,-83.74156,-9.849863,0,433,ON,RETRACTED,AUTO
23:33:53,-83.89792,-7.770886,0,432,ON,RETRACTED,AUTO
23:33:53,-83.76619,-8.811954,0,437,ON,RETRACTED,AUTO
23:33:53,-83.89318,-9.214378,0,444,ON,RETRACTED,AUTO
23:33:54,-83.50202,-8.418189,0,451,ON,RETRACTED,AUTO
23:33:54,-84.6233,2.534877,0,457,ON,RETRACTED,AUTO
23:33:54,-80.80311,-24.1854,0,460,ON,RETRACTED,AUTO
23:33:54,-80.87025,-12.27541,0,456,ON,RETRACTED,AUTO
23:33:54,-80.81841,-3.701741,0,447,ON,RETRACTED,AUTO
23:33:54,-82.45601,12.32917,0,437,ON,RETRACTED,AUTO
23:33:54,-80.04424,38.82579,0,433,ON,RETRACTED,AUTO
23:33:54,-70.2516,-6.745993,0,439,ON,RETRACTED,AUTO
23:33:54,-84.18889,-15.41039,0,454,ON,RETRACTED,AUTO
23:33:54,-82.47055,-4.772639,0,473,ON,RETRACTED,AUTO
23:33:55,-76.4256,-83.00935,0,497,ON,RETRACTED,AUTO
23:33:55,-67.4659,-66.99464,0,513,ON,RETRACTED,AUTO
23:33:55,-62.06083,-73.24357,0,514,ON,RETRACTED,AUTO
23:33:55,-52.60973,-82.57629,0,505,ON,RETRACTED,AUTO
23:33:55,-49.67655,-76.20569,0,494,ON,RETRACTED,AUTO
23:33:55,-51.22732,-75.77224,0,487,ON,RETRACTED,AUTO
23:33:55,-49.31779,-75.26585,0,488,ON,RETRACTED,AUTO
23:33:55,-49.19137,-78.03133,0,494,ON,RETRACTED,AUTO
23:33:55,-48.5935,-79.07362,0,502,ON,RETRACTED,AUTO
23:33:55,-47.55624,-79.71825,0,509,ON,RETRACTED,AUTO
23:33:56,-46.22353,-77.58559,0,514,ON,RETRACTED,AUTO
23:33:56,-48.86677,-77.72918,0,513,ON,RETRACTED,AUTO
23:33:56,-48.15002,-78.08057,0,505,ON,RETRACTED,AUTO
23:33:56,-47.6664,-77.28945,0,494,ON,RETRACTED,AUTO
23:33:56,-43.75096,-80.89007,0,485,ON,RETRACTED,AUTO
23:33:56,-45.64232,-77.83189,0,483,ON,RETRACTED,AUTO
23:33:56,-45.76105,-76.37013,0,488,ON,RETRACTED,AUTO
23:33:56,-44.39901,-70.92832,0,497,ON,RETRACTED,AUTO
23:33:56,-47.62521,-73.8046,0,506,ON,RETRACTED,AUTO
23:33:56,-48.1719,-72.94434,0,514,ON,RETRACTED,AUTO
23:33:57,-51.35736,-74.14263,0,516,ON,RETRACTED,AUTO
23:33:57,-55.46387,-71.81474,0,512,ON,RETRACTED,AUTO
23:33:57,-52.5462,-63.16085,0,504,ON,RETRACTED,AUTO
23:33:57,-47.5931,-49.13974,0,489,ON,RETRACTED,AUTO
23:33:57,-38.94432,-33.78601,0,468,ON,RETRACTED,AUTO
23:33:57,-30.72478,-23.3051,0,434,ON,RETRACTED,AUTO
23:33:57,-23.09623,-18.98311,0,392,ON,RETRACTED,AUTO
23:33:57,-20.90349,-15.76734,0,361,ON,RETRACTED,AUTO
23:33:57,-13.46825,-12.17682,0,321,ON,RETRACTED,AUTO
23:33:57,-12.09746,-13.2908,0,293,ON,RETRACTED,AUTO
23:33:58,-11.3667,-12.10894,0,286,ON,RETRACTED,AUTO
23:33:58,-11.25184,-12.41339,0,276,ON,RETRACTED,AUTO
23:33:58,-10.64638,-12.19909,0,268,ON,RETRACTED,AUTO
23:33:58,-11.60987,-12.90501,0,268,ON,RETRACTED,AUTO
23:33:58,-11.72764,-13.17533,0,267,ON,RETRACTED,AUTO
23:33:58,-11.24118,-13.31432,0,267,ON,RETRACTED,AUTO
23:33:58,-10.94642,-12.80309,0,272,ON,RETRACTED,AUTO
23:33:58,-11.24754,-13.03275,0,273,ON,RETRACTED,AUTO
23:33:58,-10.51398,-12.93042,0,276,ON,RETRACTED,AUTO
23:33:59,-11.28747,-12.6689,0,276,ON,RETRACTED,AUTO
23:33:59,-10.41983,-13.29927,0,271,ON,RETRACTED,AUTO
23:33:59,-10.22447,-12.59744,0,266,ON,RETRACTED,AUTO
23:33:59,-10.80448,-13.41583,0,262,ON,RETRACTED,AUTO
23:33:59,-10.8029,-13.11168,0,260,ON,RETRACTED,AUTO
23:33:59,-11.4463,-12.22577,0,262,ON,RETRACTED,AUTO
23:33:59,-11.08208,-12.05575,0,268,ON,RETRACTED,AUTO
23:33:59,-11.79556,-12.55614,0,277,ON,RETRACTED,AUTO
23:33:59,-12.22431,-12.04398,0,291,ON,RETRACTED,AUTO
23:33:59,-14.593,-13.00757,0,919,ON,DEPLOYED,AUTO
23:34:00,-20.67232,-14.23186,0,970,ON,DEPLOYED,AUTO
23:34:00,-25.06917,-15.30702,0,989,ON,DEPLOYED,AUTO
23:34:00,-30.41655,-16.84596,0,1013,ON,DEPLOYED,AUTO
23:34:00,-36.3927,-15.72211,0,1024,ON,DEPLOYED,AUTO
23:34:00,-48.61329,-22.92245,0,1024,ON,DEPLOYED,AUTO
23:34:00,-52.19172,-22.9164,0,1024,ON,DEPLOYED,AUTO
23:34:00,-58.21558,-33.04216,0,1024,ON,DEPLOYED,AUTO
23:34:00,-68.61198,-48.55435,0,1021,ON,DEPLOYED,AUTO
23:34:00,-72.21465,-81.55851,0,1000,ON,DEPLOYED,AUTO
23:34:00,-73.93648,-105.8358,0,988,ON,DEPLOYED,AUTO
23:34:01,-70.2913,-113.6127,0,975,ON,DEPLOYED,AUTO
23:34:01,-66.70395,-118.7454,0,962,ON,DEPLOYED,AUTO
23:34:01,-66.46989,-119.4131,0,957,ON,DEPLOYED,AUTO
23:34:01,-66.51782,-127.1139,0,962,ON,DEPLOYED,AUTO
23:34:01,-66.8447,-124.6436,0,965,ON,DEPLOYED,AUTO
23:34:01,-63.60648,-128.4764,0,948,ON,DEPLOYED,AUTO
23:34:01,-66.37702,-132.1087,0,841,ON,DEPLOYED,AUTO
23:34:01,-67.41669,-139.4333,0,598,ON,DEPLOYED,AUTO
23:34:01,-68.07773,-141.0736,0,519,ON,DEPLOYED,AUTO
23:34:01,-62.5416,-154.0459,0,516,ON,DEPLOYED,AUTO
23:34:02,-66.58273,-170.7178,0,465,ON,DEPLOYED,AUTO
23:34:02,-65.99577,-178.7278,0,422,ON,DEPLOYED,AUTO
23:34:02,-65.45377,172.1972,0,396,ON,RETRACTED,AUTO
23:34:02,-63.47457,162.9181,0,382,ON,RETRACTED,AUTO
23:34:02,-59.37757,152.137,0,366,ON,RETRACTED,AUTO
23:34:02,-54.38623,145.0696,0,341,ON,RETRACTED,AUTO
23:34:02,-54.10356,131.539,0,316,ON,RETRACTED,AUTO
23:34:02,-52.02287,132.8812,0,291,ON,RETRACTED,AUTO
23:34:02,-48.97903,128.9735,0,273,ON,RETRACTED,AUTO
23:34:02,-50.58495,129.1705,0,261,ON,RETRACTED,AUTO
23:34:03,-48.08147,132.2764,0,244,ON,RETRACTED,AUTO
23:34:03,-46.9842,129.1935,0,226,ON,RETRACTED,AUTO
23:34:03,-46.04293,134.0438,0,214,ON,RETRACTED,AUTO
23:34:03,-46.32312,132.0991,0,201,ON,RETRACTED,AUTO
23:34:03,-41.21141,131.958,0,190,ON,RETRACTED,AUTO
23:34:03,-40.85106,135.0276,0,189,ON,RETRACTED,AUTO
23:34:03,-43.16024,142.294,0,208,ON,RETRACTED,AUTO
23:34:03,-45.21849,147.576,0,228,ON,RETRACTED,AUTO
23:34:03,-42.09261,155.4751,0,244,ON,RETRACTED,AUTO
23:34:03,-42.97773,157.8673,0,254,ON,RETRACTED,AUTO
23:34:04,-43.9576,168.226,0,268,ON,RETRACTED,AUTO
23:34:04,-47.93278,170.0643,0,296,ON,RETRACTED,AUTO
23:34:04,-55.74616,-174.8346,0,344,ON,RETRACTED,AUTO
23:34:04,-54.63935,-170.4614,0,369,ON,RETRACTED,AUTO
23:34:04,-56.27415,-170.8662,0,382,ON,RETRACTED,AUTO
23:34:04,-57.16274,-171.1949,0,393,ON,RETRACTED,AUTO
23:34:04,-58.10692,-171.464,0,402,ON,RETRACTED,AUTO
23:34:04,-61.1575,-170.1978,0,412,ON,RETRACTED,AUTO
23:34:04,-64.06805,-166.3805,0,415,ON,RETRACTED,AUTO
23:34:04,-64.65753,-163.1333,0,412,ON,RETRACTED,AUTO
23:34:05,-68.17115,-158.1458,0,415,ON,RETRACTED,AUTO
23:34:05,-74.9872,-147.1164,0,437,ON,RETRACTED,AUTO
23:34:05,-75.98061,-139.1347,0,449,ON,RETRACTED,AUTO
23:34:05,-78.97107,-111.0427,0,465,ON,RETRACTED,AUTO
23:34:05,-79.95831,-88.37228,0,481,ON,RETRACTED,AUTO
23:34:05,-75.62836,-66.51006,0,494,ON,RETRACTED,AUTO
23:34:05,-74.74746,-40.96478,0,500,ON,RETRACTED,AUTO
23:34:05,-68.63314,-43.59093,0,500,ON,RETRACTED,AUTO
23:34:05,-67.51196,-30.60348,0,490,ON,RETRACTED,AUTO
23:34:05,-63.16319,-21.13766,0,477,ON,RETRACTED,AUTO
23:34:06,-57.39096,-16.13128,0,469,ON,RETRACTED,AUTO
23:34:06,-53.19654,-17.50351,0,465,ON,RETRACTED,AUTO
23:34:06,-59.51815,-30.5958,0,469,ON,RETRACTED,AUTO
23:34:06,-53.11697,-18.48058,0,474,ON,RETRACTED,AUTO
23:34:06,-46.75454,-11.92775,0,470,ON,RETRACTED,AUTO
23:34:06,-42.49295,-12.18152,0,466,ON,RETRACTED,AUTO
23:34:06,-40.11674,-9.313202,0,456,ON,RETRACTED,AUTO
23:34:06,-37.31058,-11.34164,0,439,ON,RETRACTED,AUTO
23:34:06,-32.93423,-7.414847,0,412,ON,RETRACTED,AUTO
23:34:06,-27.18333,-6.125942,0,379,OFF,RETRACTED,AUTO
23:34:07,-23.2291,-8.187602,0,354,OFF,RETRACTED,AUTO
23:34:07,-19.78352,-8.759617,0,337,OFF,RETRACTED,AUTO
23:34:07,-16.96067,-7.26446,0,321,OFF,RETRACTED,AUTO
23:34:07,-16.45078,-7.345122,0,317,OFF,RETRACTED,AUTO
23:34:07,-15.19616,-6.714668,0,310,OFF,RETRACTED,AUTO
23:34:07,-13.45117,-6.642261,0,296,OFF,RETRACTED,AUTO
23:34:07,-11.9668,-4.516798,0,289,OFF,RETRACTED,AUTO
23:34:07,-18.33385,-6.733727,0,332,OFF,RETRACTED,AUTO
23:34:07,-35.25787,-12.72176,0,405,OFF,RETRACTED,AUTO
23:34:07,-47.53576,-10.80074,0,447,OFF,RETRACTED,AUTO
23:34:08,-57.34775,-18.13196,0,461,OFF,RETRACTED,AUTO
23:34:08,-49.32716,-19.58399,0,468,OFF,RETRACTED,AUTO
23:34:08,-66.86641,1.77283,0,478,OFF,RETRACTED,AUTO
23:34:08,-60.07325,-20.10288,0,490,OFF,RETRACTED,AUTO
23:34:08,-66.69033,-9.256869,0,495,OFF,RETRACTED,AUTO
23:34:08,-69.99886,-27.65908,0,498,OFF,RETRACTED,AUTO
23:34:08,-67.9666,-33.02102,0,495,OFF,RETRACTED,AUTO
23:34:08,-72.41395,-28.41764,0,487,OFF,RETRACTED,AUTO
23:34:08,-70.84772,-26.63823,0,477,OFF,RETRACTED,AUTO
23:34:09,-68.53522,-32.00935,0,474,OFF,RETRACTED,AUTO
23:34:09,-65.96882,-40.10351,0,478,OFF,RETRACTED,AUTO
23:34:09,-67.40738,-37.64684,0,486,OFF,RETRACTED,AUTO
23:34:09,-65.75607,-44.77155,0,495,OFF,RETRACTED,AUTO
23:34:09,-62.78716,-42.24886,0,504,OFF,RETRACTED,AUTO
23:34:09,-65.21442,-35.47084,0,507,OFF,RETRACTED,AUTO
23:34:09,-64.58215,-35.38946,0,505,OFF,RETRACTED,AUTO
23:34:09,-63.43347,-38.9943,0,499,ON,RETRACTED,AUTO
23:34:09,-63.96307,-32.57983,0,488,ON,RETRACTED,AUTO
23:34:09,-63.76375,-33.2014,0,478,ON,RETRACTED,AUTO
23:34:10,-64.42622,-34.23499,0,476,ON,RETRACTED,AUTO
23:34:10,-65.14166,-32.04261,0,480,ON,RETRACTED,AUTO
23:34:10,-63.72631,-38.3186,0,488,ON,RETRACTED,AUTO
23:34:10,-64.49888,-32.44544,0,497,ON,RETRACTED,AUTO
23:34:10,-63.70343,-38.56836,0,504,ON,RETRACTED,AUTO
23:34:10,-64.46873,-30.04103,0,506,ON,RETRACTED,AUTO
23:34:10,-64.78914,-22.91497,0,499,ON,RETRACTED,AUTO
23:34:10,-65.2495,-32.01196,0,493,ON,RETRACTED,AUTO
23:34:10,-64.35741,-24.80781,0,481,ON,RETRACTED,AUTO
23:34:10,-63.77275,-26.75572,0,475,ON,RETRACTED,AUTO
23:34:11,-62.51493,-33.06898,0,476,ON,RETRACTED,AUTO
23:34:11,-63.49767,-41.93736,0,487,ON,RETRACTED,AUTO
23:34:11,-64.43173,-53.24487,0,497,ON,RETRACTED,AUTO
23:34:11,-62.58297,-48.7208,0,505,ON,RETRACTED,AUTO
23:34:11,-65.61462,-49.84477,0,508,ON,RETRACTED,AUTO
23:34:11,-58.604,-60.10386,0,508,ON,RETRACTED,AUTO
23:34:11,-62.82118,-44.06568,0,502,ON,RETRACTED,AUTO
23:34:11,-63.84402,-56.36182,0,490,ON,RETRACTED,AUTO
23:34:11,-62.39764,-46.86903,0,481,ON,RETRACTED,AUTO
23:34:11,-62.07584,-58.90939,0,478,ON,RETRACTED,AUTO
23:34:12,-61.8095,-50.0471,0,481,ON,RETRACTED,AUTO
23:34:12,-61.26039,-46.57043,0,489,ON,RETRACTED,AUTO
23:34:12,-62.65577,-38.22324,0,497,ON,RETRACTED,AUTO
23:34:12,-67.3135,-50.18332,0,505,ON,RETRACTED,AUTO
23:34:12,-58.95618,-34.04297,0,507,ON,RETRACTED,AUTO
23:34:12,-66.28759,-7.999984,0,496,ON,RETRACTED,AUTO
23:34:12,-64.22234,-32.13725,0,489,ON,RETRACTED,AUTO
23:34:12,-60.15116,-17.88755,0,478,ON,RETRACTED,AUTO
23:34:12,-59.92598,3.43363,0,458,ON,RETRACTED,AUTO
23:34:12,-50.91675,-5.223624,0,440,ON,RETRACTED,AUTO
23:34:13,-47.2073,-2.897411,0,429,ON,RETRACTED,AUTO
23:34:13,-45.61916,9.756359,0,423,ON,RETRACTED,AUTO
23:34:13,-44.50679,5.931527,0,402,ON,RETRACTED,AUTO
23:34:13,-27.76161,7.028396,0,379,ON,RETRACTED,AUTO
23:34:13,-23.99201,-3.419134,0,349,ON,RETRACTED,AUTO
23:34:13,-19.69462,1.245959,0,321,ON,RETRACTED,AUTO
23:34:13,-16.13408,4.611908,0,297,ON,RETRACTED,AUTO
23:34:13,-10.79243,5.316887,0,269,ON,RETRACTED,AUTO
23:34:13,-10.46117,4.755205,0,244,ON,RETRACTED,AUTO
23:34:13,-8.797313,2.729372,0,229,ON,RETRACTED,AUTO
23:34:14,-8.222954,0.430297,0,217,ON,RETRACTED,AUTO
23:34:14,-6.938438,0.140293,0,213,ON,RETRACTED,AUTO
23:34:14,-5.805107,-0.778427,0,209,ON,RETRACTED,AUTO
23:34:14,-6.759683,1.234863,0,217,ON,RETRACTED,AUTO
23:34:14,-8.114126,1.989558,0,235,ON,RETRACTED,AUTO
23:34:14,-13.92229,-0.978623,0,271,ON,RETRACTED,AUTO
23:34:14,-19.83357,-5.073968,0,308,ON,RETRACTED,AUTO
23:34:14,-23.67976,-2.445751,0,337,ON,RETRACTED,AUTO
23:34:14,-36.29225,-0.652622,0,381,ON,RETRACTED,AUTO
23:34:14,-67.46265,-3.341221,0,449,ON,RETRACTED,AUTO
23:34:15,-66.20438,-13.65407,0,475,ON,RETRACTED,AUTO
23:34:15,-71.17419,-35.76835,0,490,ON,RETRACTED,AUTO
23:34:15,-70.28985,-37.02093,0,501,ON,RETRACTED,AUTO
23:34:15,-63.90386,-43.63442,0,509,ON,RETRACTED,AUTO
23:34:15,-68.53038,-64.21788,0,508,ON,RETRACTED,AUTO
23:34:15,-63.39712,-62.31367,0,504,ON,RETRACTED,AUTO
23:34:15,-62.3832,-71.04203,0,493,ON,RETRACTED,AUTO
23:34:15,-61.93327,-77.21212,0,483,ON,RETRACTED,AUTO
23:34:15,-65.50622,-75.79826,0,480,ON,RETRACTED,AUTO
23:34:15,-58.59319,-97.69752,0,483,ON,RETRACTED,AUTO
23:34:16,-64.0601,-92.62609,0,488,ON,RETRACTED,AUTO
23:34:16,-70.96134,-107.4386,0,494,ON,RETRACTED,AUTO
23:34:16,-71.83115,-102.5288,0,497,ON,RETRACTED,AUTO
23:34:16,-75.30526,-110.0765,0,494,ON,RETRACTED,AUTO
23:34:16,-81.5498,-164.4001,0,477,ON,RETRACTED,AUTO
23:34:16,-87.18562,110.7972,0,459,ON,RETRACTED,AUTO
23:34:16,-81.194,87.79087,0,433,ON,RETRACTED,AUTO
23:34:16,-74.25987,78.0613,0,404,ON,RETRACTED,AUTO
23:34:16,-69.12236,84.69409,0,381,ON,RETRACTED,AUTO
23:34:16,-61.15374,82.74783,0,351,ON,RETRACTED,AUTO
23:34:17,-57.653,82.36276,0,327,ON,RETRACTED,AUTO
23:34:17,-55.07137,83.02992,0,321,ON,RETRACTED,AUTO
23:34:17,-51.90285,83.18897,0,306,ON,RETRACTED,AUTO
23:34:17,-49.39947,82.46483,0,281,ON,RETRACTED,AUTO
23:34:17,-47.66663,78.69802,0,264,ON,RETRACTED,AUTO
23:34:17,-48.40991,82.08955,0,244,ON,RETRACTED,AUTO
23:34:17,-47.22706,79.88078,0,226,ON,RETRACTED,AUTO
23:34:17,-44.38393,76.20597,0,214,ON,RETRACTED,AUTO
23:34:17,-41.91142,75.80869,0,207,ON,RETRACTED,AUTO
23:34:17,-43.34483,76.8642,0,207,ON,RETRACTED,AUTO
23:34:18,-43.60844,76.16487,0,210,ON,RETRACTED,AUTO
23:34:18,-43.30291,75.81337,0,216,ON,RETRACTED,AUTO
23:34:18,-44.20943,76.6005,0,219,ON,RETRACTED,AUTO
23:34:18,-43.65121,76.54783,0,218,ON,RETRACTED,AUTO
23:34:18,-44.26045,75.53088,0,217,ON,RETRACTED,AUTO
23:34:18,-43.67501,75.94569,0,210,ON,RETRACTED,AUTO
23:34:18,-43.65911,75.89159,0,207,ON,RETRACTED,AUTO
23:34:18,-43.65856,76.21772,0,205,ON,RETRACTED,AUTO
23:34:18,-43.29643,75.66157,0,206,ON,RETRACTED,AUTO
23:34:19,-43.68805,76.62747,0,209,ON,RETRACTED,AUTO
23:34:19,-44.55471,76.29395,0,217,ON,RETRACTED,AUTO
23:34:19,-53.22723,76.18258,0,276,ON,RETRACTED,AUTO
23:34:19,-71.80225,78.42178,0,375,ON,RETRACTED,AUTO
23:34:19,-80.04826,84.15543,0,145,ON,RETRACTED,AUTO
23:34:19,-88.77766,-36.8699,0,112,ON,RETRACTED,AUTO
23:34:19,-88.38499,50.80159,0,100,ON,RETRACTED,AUTO
23:34:19,-82.29146,105.0349,0,90,ON,RETRACTED,AUTO
23:34:19,-83.2823,94.2364,0,337,ON,RETRACTED,AUTO
23:34:19,-84.07357,1.039265,0,100,ON,RETRACTED,AUTO
23:34:20,-83.74896,-3.95368,0,113,ON,RETRACTED,AUTO
23:34:20,-83.33997,-4.292043,0,172,ON,RETRACTED,AUTO
23:34:20,-84.10491,-2.888622,0,230,ON,RETRACTED,AUTO
23:34:20,-83.45169,-2.011628,0,402,ON,RETRACTED,AUTO
23:34:20,-83.66203,-2.917007,0,152,ON,RETRACTED,AUTO
23:34:20,-83.50489,-4.645079,0,330,ON,RETRACTED,AUTO
23:34:20,-83.87747,-1.384903,0,130,ON,RETRACTED,AUTO
23:34:20,-83.67398,-2.319882,0,170,ON,RETRACTED,AUTO
23:34:20,-83.92841,-3.695485,0,136,ON,RETRACTED,AUTO
23:34:20,-83.60281,-2.892485,0,114,ON,RETRACTED,AUTO
23:34:21,-83.22636,-3.192473,0,113,ON,RETRACTED,AUTO
23:34:21,-83.79386,-4.867157,0,113,ON,RETRACTED,AUTO
23:34:21,-83.57143,-3.606308,0,112,ON,RETRACTED,AUTO
23:34:21,-83.41395,-4.010051,0,102,ON,RETRACTED,AUTO
23:34:21,-84.01405,-1.801969,0,199,ON,RETRACTED,AUTO
23:34:21,-83.60986,-4.231933,0,136,ON,RETRACTED,AUTO
23:34:21,-83.1841,-3.844136,0,341,ON,RETRACTED,AUTO
23:34:21,-83.66376,-0.732955,0,162,ON,RETRACTED,AUTO
23:34:21,-83.38588,-2.220561,0,396,ON,RETRACTED,AUTO
23:34:21,-83.66873,-3.051259,0,411,ON,RETRACTED,AUTO
23:34:22,-83.58244,-3.019132,0,423,ON,RETRACTED,AUTO
23:34:22,-83.81429,-1.375835,0,430,ON,RETRACTED,AUTO
23:34:22,-83.53425,-3.113439,0,430,ON,RETRACTED,AUTO
23:34:22,-83.9631,-4.614766,0,426,ON,RETRACTED,AUTO
23:34:22,-83.86148,-3.144957,0,413,ON,RETRACTED,AUTO
23:34:22,-83.674,-4.398705,0,405,ON,RETRACTED,AUTO
23:34:22,-83.48817,-1.54175,0,403,ON,RETRACTED,AUTO
23:34:22,-83.88843,-3.932106,0,406,ON,RETRACTED,AUTO
23:34:22,-83.5089,-2.862405,0,413,ON,RETRACTED,AUTO
23:34:22,-83.47583,-3.435994,0,354,ON,RETRACTED,AUTO
23:34:23,-83.21692,-3.753588,0,428,ON,RETRACTED,AUTO
23:34:23,-83.48365,-4.606855,0,445,ON,RETRACTED,AUTO
23:34:23,-83.71791,-2.084793,0,442,ON,RETRACTED,AUTO
23:34:23,-83.63708,-4.361573,0,436,ON,RETRACTED,AUTO
23:34:23,-84.37321,-8.013251,0,426,ON,RETRACTED,AUTO
23:34:23,-83.62797,-3.621485,0,422,ON,RETRACTED,AUTO
23:34:23,-84.22733,-9.048407,0,423,ON,RETRACTED,AUTO
23:34:23,-86.08984,-13.22024,0,429,ON,RETRACTED,AUTO
23:34:23,-78.52375,-8.12156,0,448,ON,RETRACTED,AUTO
23:34:23,-65.82833,-8.770562,0,466,ON,RETRACTED,AUTO
23:34:24,-49.90417,-10.8248,0,476,ON,RETRACTED,AUTO
23:34:24,-57.6568,-5.23512,0,476,ON,RETRACTED,AUTO
23:34:24,-53.66732,-8.015395,0,468,ON,RETRACTED,AUTO
23:34:24,-50.28627,-4.498823,0,456,ON,RETRACTED,AUTO
23:34:24,-39.66268,-5.696706,0,446,ON,RETRACTED,AUTO
23:34:24,-32.57249,-4.057775,0,437,ON,RETRACTED,AUTO
23:34:24,-36.91615,-3.295259,0,438,ON,RETRACTED,AUTO
23:34:24,-38.6058,-4.804729,0,446,ON,RETRACTED,AUTO
23:34:24,-37.38862,-4.529961,0,452,ON,RETRACTED,AUTO
23:34:24,-36.38084,-4.345284,0,460,ON,RETRACTED,AUTO
23:34:25,-36.53531,-5.252302,0,462,ON,RETRACTED,AUTO
23:34:25,-38.29081,-4.619424,0,459,ON,RETRACTED,AUTO
23:34:25,-36.55628,-4.489354,0,450,ON,RETRACTED,AUTO
23:34:25,-36.32291,-4.46062,0,441,ON,RETRACTED,AUTO
23:34:25,-38.23994,-4.488473,0,437,ON,RETRACTED,AUTO
23:34:25,-37.03085,-4.627902,0,437,ON,RETRACTED,AUTO
23:34:25,-38.8175,-5.022985,0,441,ON,RETRACTED,AUTO
23:34:25,-38.21461,-4.53568,0,449,ON,RETRACTED,AUTO
23:34:25,-33.93056,-3.610497,0,457,ON,RETRACTED,AUTO
23:34:25,-36.62584,-3.97135,0,465,ON,RETRACTED,AUTO
23:34:26,-42.22122,-4.172295,0,469,ON,RETRACTED,AUTO
23:34:26,-48.94974,-5.033388,0,466,ON,RETRACTED,AUTO
23:34:26,-44.80003,-4.410408,0,459,ON,RETRACTED,AUTO
23:34:26,-41.73556,-3.573989,0,450,ON,RETRACTED,AUTO
23:34:26,-54.02621,-15.45708,0,450,ON,RETRACTED,AUTO
23:34:26,-81.19379,-15.81646,0,436,ON,RETRACTED,AUTO
23:34:26,-81.50345,-19.09349,0,440,ON,RETRACTED,AUTO
23:34:26,-81.50109,-17.71338,0,448,ON,RETRACTED,AUTO
23:34:26,-81.93745,-16.01118,0,456,ON,RETRACTED,AUTO
23:34:26,-81.79704,-17.84123,0,457,ON,RETRACTED,AUTO
23:34:27,-81.78561,-19.77409,0,453,ON,RETRACTED,AUTO
23:34:27,-81.69721,-16.91211,0,447,ON,RETRACTED,AUTO
23:34:27,-81.61291,-14.84223,0,437,ON,RETRACTED,AUTO
23:34:27,-81.70447,-14.96138,0,429,ON,RETRACTED,AUTO
23:34:27,-81.92825,-16.28699,0,429,ON,RETRACTED,AUTO
23:34:27,-82.20329,-16.92751,0,436,ON,RETRACTED,AUTO
23:34:27,-81.73717,-15.03377,0,442,ON,RETRACTED,AUTO
23:34:27,-81.62819,-11.87431,0,450,ON,RETRACTED,AUTO
23:34:27,-81.0687,-13.65764,0,456,ON,RETRACTED,AUTO
23:34:27,-81.64364,-13.3411,0,456,ON,RETRACTED,AUTO
23:34:28,-82.44436,-9.098229,0,449,ON,RETRACTED,AUTO
23:34:28,-81.0593,-10.93767,0,439,ON,RETRACTED,AUTO
23:34:28,-83.37137,-19.66927,0,427,ON,RETRACTED,AUTO
23:34:28,-84.12422,-23.09504,0,422,ON,RETRACTED,AUTO
23:34:28,-84.98853,-25.81211,0,423,ON,RETRACTED,AUTO
23:34:28,-87.71862,-124.0689,0,414,ON,RETRACTED,AUTO
23:34:28,-78.96428,-170.079,0,401,ON,RETRACTED,AUTO
23:34:28,-73.25056,-169.4174,0,382,ON,RETRACTED,AUTO
23:34:28,-64.48363,-174.0605,0,364,ON,RETRACTED,AUTO
23:34:29,-61.45757,-174.2894,0,354,ON,RETRACTED,AUTO
23:34:29,-55.66991,-175.0391,0,336,ON,RETRACTED,AUTO
23:34:29,-58.97526,-174.7231,0,322,ON,RETRACTED,AUTO
23:34:29,-60.12705,-175.7688,0,317,ON,RETRACTED,AUTO
23:34:29,-61.16265,-175.5126,0,316,ON,RETRACTED,AUTO
23:34:29,-61.50268,-174.5445,0,319,ON,RETRACTED,AUTO
23:34:29,-60.84483,-175.4216,0,319,ON,RETRACTED,AUTO
23:34:29,-59.52499,-175.1995,0,321,ON,RETRACTED,AUTO
23:34:29,-58.79106,-175.3282,0,326,ON,RETRACTED,AUTO
23:34:29,-59.59312,-175.1928,0,326,ON,RETRACTED,AUTO
23:34:30,-58.57495,-175.4261,0,320,ON,RETRACTED,AUTO
23:34:30,-59.11872,-175.4239,0,314,ON,RETRACTED,AUTO
23:34:30,-58.67967,-175.8631,0,308,ON,RETRACTED,AUTO
23:34:30,-59.35854,-175.3748,0,306,ON,RETRACTED,AUTO
23:34:30,-59.6288,-175.6055,0,307,ON,RETRACTED,AUTO
23:34:30,-59.12444,-175.4618,0,313,ON,RETRACTED,AUTO
23:34:30,-59.88727,-175.3668,0,325,ON,RETRACTED,AUTO
23:34:30,-69.97928,-173.0053,0,360,ON,RETRACTED,AUTO
23:34:30,-78.53517,-166.4273,0,397,ON,RETRACTED,AUTO
23:34:30,-84.88914,-140.6122,0,416,ON,RETRACTED,AUTO
23:34:31,-86.07989,-54.71574,0,427,ON,RETRACTED,AUTO
23:34:31,-86.67592,-72.00691,0,417,ON,RETRACTED,AUTO
23:34:31,-86.147,-49.55126,0,414,ON,RETRACTED,AUTO
23:34:31,-86.03424,-48.02725,0,414,ON,RETRACTED,AUTO
23:34:31,-86.26639,-50.5651,0,423,ON,RETRACTED,AUTO
23:34:31,-86.00093,-46.7771,0,430,ON,RETRACTED,AUTO
23:34:31,-85.82557,-44.34447,0,439,ON,RETRACTED,AUTO
23:34:31,-85.72159,-46.01849,0,445,ON,RETRACTED,AUTO
23:34:31,-85.48917,-42.08916,0,446,ON,RETRACTED,AUTO
23:34:31,-85.20223,-36.19321,0,439,ON,RETRACTED,AUTO
23:34:32,-85.2275,-39.26662,0,430,ON,RETRACTED,AUTO
23:34:32,-85.6862,-36.4755,0,422,ON,RETRACTED,AUTO
23:34:32,-85.47686,-38.07053,0,415,ON,RETRACTED,AUTO
23:34:32,-84.75159,-24.26129,0,423,ON,RETRACTED,AUTO
23:34:32,-84.77676,-16.51488,0,302,ON,RETRACTED,AUTO
23:34:32,-84.76658,-18.99665,0,182,ON,RETRACTED,AUTO
23:34:32,-84.90218,-14.44181,0,436,ON,RETRACTED,AUTO
23:34:32,-84.867,-15.75863,0,450,ON,RETRACTED,AUTO
23:34:32,-84.44085,-12.92155,0,449,ON,RETRACTED,AUTO
23:34:32,-84.8561,-16.91502,0,442,ON,RETRACTED,AUTO
23:34:33,-84.76879,-14.10755,0,433,ON,RETRACTED,AUTO
23:34:33,-84.57216,-13.82865,0,427,ON,RETRACTED,AUTO
23:34:33,-84.66331,-16.56082,0,427,ON,RETRACTED,AUTO
23:34:33,-84.35022,-15.88919,0,433,ON,RETRACTED,AUTO
23:34:33,-85.20296,-12.1622,0,440,ON,RETRACTED,AUTO
23:34:33,-84.85929,-14.72828,0,448,ON,RETRACTED,AUTO
23:34:33,-84.42987,-11.06426,0,451,ON,RETRACTED,AUTO
23:34:33,-84.86976,-15.57254,0,451,ON,RETRACTED,AUTO
23:34:33,-84.4906,-13.04731,0,447,ON,RETRACTED,AUTO
23:34:33,-84.52988,-12.72882,0,438,ON,RETRACTED,AUTO
23:34:34,-84.57549,-11.17039,0,428,ON,RETRACTED,AUTO
23:34:34,-84.2368,-10.31677,0,426,ON,RETRACTED,AUTO
23:34:34,-84.54317,-13.00524,0,428,ON,RETRACTED,AUTO
23:34:34,-83.87839,-9.607113,0,434,ON,RETRACTED,AUTO
23:34:34,-84.18954,-10.00798,0,441,ON,RETRACTED,AUTO
23:34:34,-84.17822,-13.07392,0,448,ON,RETRACTED,AUTO
23:34:34,-83.85166,-10.00068,0,450,ON,RETRACTED,AUTO
23:34:34,-84.21594,-11.54529,0,447,ON,RETRACTED,AUTO
23:34:34,-83.96875,-11.86228,0,438,ON,RETRACTED,AUTO
23:34:34,-84.21075,-10.34069,0,428,ON,RETRACTED,AUTO
23:34:35,-84.13804,-10.50592,0,424,ON,RETRACTED,AUTO
23:34:35,-84.00735,-9.462321,0,426,ON,RETRACTED,AUTO
23:34:35,-83.9664,-11.33503,0,430,ON,RETRACTED,AUTO
23:34:35,-84.076,-10.90032,0,439,ON,RETRACTED,AUTO
23:34:35,-84.42159,-10.71312,0,448,ON,RETRACTED,AUTO
23:34:35,-84.37704,-13.5011,0,452,ON,RETRACTED,AUTO
23:34:35,-84.19685,-12.06687,0,452,ON,RETRACTED,AUTO
23:34:35,-84.14237,-10.92052,0,448,ON,RETRACTED,AUTO
23:34:35,-83.86404,-9.607113,0,439,ON,RETRACTED,AUTO
23:34:35,-84.21198,-9.814231,0,429,ON,RETRACTED,AUTO
23:34:36,-84.2408,-12.44149,0,426,ON,RETRACTED,AUTO
23:34:36,-84.3997,-12.49892,0,428,ON,RETRACTED,AUTO
23:34:36,-83.7073,-9.361521,0,436,ON,RETRACTED,AUTO
23:34:36,-83.98883,-9.821737,0,442,ON,RETRACTED,AUTO
23:34:36,-84.26814,-12.39686,0,450,ON,RETRACTED,AUTO
23:34:36,-84.52927,-9.48549,0,452,ON,RETRACTED,AUTO
23:34:36,-84.33381,-11.7905,0,451,ON,RETRACTED,AUTO
23:34:36,-84.71174,-12.16588,0,445,ON,RETRACTED,AUTO
23:34:36,-84.47555,-10.95406,0,434,ON,RETRACTED,AUTO
23:34:36,-84.26364,-9.727578,0,427,ON,RETRACTED,AUTO
23:34:37,-84.56701,-12.72882,0,426,ON,RETRACTED,AUTO
23:34:37,-84.3064,-10.08653,0,430,ON,RETRACTED,AUTO
23:34:37,-84.36018,-10.02381,0,438,ON,RETRACTED,AUTO
23:34:37,-84.05052,-11.36082,0,447,ON,RETRACTED,AUTO
23:34:37,-84.58941,-9.626897,0,451,ON,RETRACTED,AUTO
23:34:37,-84.30766,-11.60239,0,452,ON,RETRACTED,AUTO
23:34:37,-83.92892,-9.734757,0,812,ON,DEPLOYED,AUTO
23:34:37,-84.17098,-11.20595,0,818,ON,DEPLOYED,AUTO
23:34:37,-84.1924,-11.36202,0,866,ON,DEPLOYED,AUTO
23:34:37,-84.35099,-13.73627,0,940,ON,DEPLOYED,AUTO
23:34:38,-83.99857,-9.504936,0,1020,ON,DEPLOYED,AUTO
23:34:38,-84.21758,-11.20471,0,1024,ON,DEPLOYED,AUTO
23:34:38,-84.37436,-10.79717,0,1024,ON,DEPLOYED,AUTO
23:34:38,-84.12321,-11.07859,0,1024,ON,DEPLOYED,AUTO
23:34:38,-83.90867,-11.48393,0,1024,ON,DEPLOYED,AUTO
23:34:38,-84.12685,-11.23268,0,1024,ON,DEPLOYED,AUTO
23:34:38,-84.24518,-9.0425,0,1024,ON,DEPLOYED,AUTO
23:34:38,-84.2326,-12.99462,0,1024,ON,DEPLOYED,AUTO
23:34:38,-84.46716,-12.0462,0,1024,ON,DEPLOYED,AUTO
23:34:39,-84.37575,-10.74586,0,1024,ON,DEPLOYED,AUTO
23:34:39,-84.06766,-11.25891,0,1024,ON,DEPLOYED,AUTO
23:34:39,-84.24172,-12.47046,0,1024,ON,DEPLOYED,AUTO
23:34:39,-84.22437,-12.80427,0,1024,ON,DEPLOYED,AUTO
23:34:39,-84.39806,-10.79717,0,1024,ON,DEPLOYED,AUTO
23:34:39,-84.15887,-11.46577,0,1024,ON,DEPLOYED,AUTO
23:34:39,-84.34152,-11.71247,0,1024,ON,DEPLOYED,AUTO
23:34:39,-84.1514,-11.02514,0,1024,ON,DEPLOYED,AUTO
23:34:39,-84.29555,-11.20343,0,1024,ON,DEPLOYED,AUTO
23:34:39,-84.10505,-11.438,0,1024,ON,DEPLOYED,AUTO
23:34:40,-84.52964,-9.950626,0,1015,ON,DEPLOYED,AUTO
23:34:40,-84.08952,-9.977714,0,927,ON,DEPLOYED,AUTO
23:34:40,-84.30088,-10.11034,0,843,ON,DEPLOYED,AUTO
23:34:40,-84.45125,-12.89048,0,832,ON,DEPLOYED,AUTO
23:34:40,-84.24406,-11.52116,0,492,ON,DEPLOYED,AUTO
23:34:40,-84.70409,-12.90741,0,460,ON,DEPLOYED,AUTO
23:34:40,-84.02076,-11.46218,0,447,ON,DEPLOYED,AUTO
23:34:40,-84.30982,-11.7905,0,436,ON,DEPLOYED,AUTO
23:34:40,-83.6889,-10.15065,0,426,ON,DEPLOYED,AUTO
23:34:40,-84.07961,-10.64373,0,422,ON,DEPLOYED,AUTO
23:34:41,-84.13692,-10.35207,0,425,ON,DEPLOYED,AUTO
23:34:41,-83.89812,-10.23654,0,430,ON,DEPLOYED,AUTO
23:34:41,-84.14961,-12.4717,0,439,ON,DEPLOYED,AUTO
23:34:41,-84.33121,-11.25644,0,447,ON,DEPLOYED,AUTO
23:34:41,-84.32189,-10.96269,0,449,ON,DEPLOYED,AUTO
23:34:41,-84.4257,-10.87506,0,447,ON,DEPLOYED,AUTO
23:34:41,-84.35603,-11.84639,0,438,ON,DEPLOYED,AUTO
23:34:41,-84.09572,-7.889132,0,428,ON,DEPLOYED,AUTO
23:34:41,-84.13041,-10.8458,0,417,ON,DEPLOYED,AUTO
23:34:41,-83.96796,-6.791997,0,417,ON,DEPLOYED,AUTO
23:34:42,-84.27488,-11.12485,0,427,ON,DEPLOYED,AUTO
23:34:42,-84.3351,-10.00008,0,436,ON,DEPLOYED,AUTO
23:34:42,-83.90538,-12.65256,0,441,ON,DEPLOYED,AUTO
23:34:42,-84.18655,-10.97091,0,448,ON,DEPLOYED,AUTO
23:34:42,-84.21822,-12.41265,0,448,ON,DEPLOYED,AUTO
23:34:42,-84.40353,-11.4459,0,442,ON,DEPLOYED,AUTO
23:34:42,-83.99944,-10.55674,0,435,ON,DEPLOYED,AUTO
23:34:42,-84.08813,-9.440864,0,424,ON,DEPLOYED,AUTO
23:34:42,-83.92044,-9.566687,0,417,ON,DEPLOYED,AUTO
23:34:42,-84.22918,-9.682351,0,423,ON,DEPLOYED,AUTO
23:34:43,-84.40456,-12.69388,0,429,ON,DEPLOYED,AUTO
23:34:43,-84.1742,-12.03911,0,438,ON,DEPLOYED,AUTO
23:34:43,-84.22853,-10.62787,0,446,ON,DEPLOYED,AUTO
23:34:43,-84.12095,-9.893921,0,447,ON,DEPLOYED,AUTO
23:34:43,-84.3126,-10.80338,0,135,ON,RETRACTED,AUTO
23:34:43,-84.34694,-12.64713,0,104,ON,RETRACTED,AUTO
23:34:43,-83.85322,-10.37236,0,90,ON,RETRACTED,AUTO
23:34:43,-84.28545,-13.37996,0,85,ON,RETRACTED,AUTO
23:34:43,-84.22853,-10.62787,0,81,ON,RETRACTED,AUTO
23:34:43,-84.48576,-12.3305,0,80,ON,RETRACTED,AUTO
23:34:44,-84.53315,-11.94683,0,78,ON,RETRACTED,AUTO
23:34:44,-84.52836,-9.950626,0,76,ON,RETRACTED,AUTO
23:34:44,-84.52227,-9.975126,0,75,ON,RETRACTED,AUTO
23:34:44,-84.87808,-9.929932,0,75,ON,RETRACTED,AUTO
23:34:44,-84.69965,-12.83019,0,74,ON,RETRACTED,AUTO
23:34:44,-84.50281,-10.10504,0,73,ON,RETRACTED,AUTO
23:34:44,-84.39166,-11.52635,0,224,ON,RETRACTED,AUTO
23:34:44,-84.43039,-12.89048,0,389,ON,RETRACTED,AUTO
23:34:44,-84.52882,-12.97343,0,406,ON,RETRACTED,AUTO
23:34:44,-84.33927,-11.09634,0,417,ON,RETRACTED,AUTO
23:34:45,-84.47425,-11.6658,0,430,ON,RETRACTED,AUTO
23:34:45,-84.34022,-12.05676,0,440,ON,RETRACTED,AUTO
23:34:45,-84.43214,-14.40545,0,447,ON,RETRACTED,AUTO
23:34:45,-83.95989,-11.0593,0,448,ON,RETRACTED,AUTO
23:34:45,-84.36463,-12.87118,0,442,ON,RETRACTED,AUTO
23:34:45,-84.42178,-10.87506,0,433,ON,RETRACTED,AUTO
23:34:45,-84.34418,-12.57341,0,424,ON,RETRACTED,AUTO
23:34:45,-84.2611,-12.76249,0,417,ON,RETRACTED,AUTO
23:34:45,-84.00027,-11.53719,0,423,ON,RETRACTED,AUTO
23:34:45,-84.02776,-10.52441,0,429,ON,RETRACTED,AUTO
23:34:46,-84.30327,-12.82225,0,437,ON,RETRACTED,AUTO
23:34:46,-84.53295,-12.25276,0,446,ON,RETRACTED,AUTO
23:34:46,-84.28606,-10.46195,0,449,ON,RETRACTED,AUTO
23:34:46,-84.45644,-12.34759,0,448,ON,RETRACTED,AUTO
23:34:46,-84.37634,-12.33489,0,441,ON,RETRACTED,AUTO
23:34:46,-84.29893,-9.640052,0,433,ON,RETRACTED,AUTO
23:34:46,-84.3809,-13.16971,0,423,ON,RETRACTED,AUTO
23:34:46,-84.37817,-12.73732,0,417,ON,RETRACTED,AUTO
23:34:46,-84.4416,-11.47348,0,424,ON,RETRACTED,AUTO
23:34:46,-84.35274,-12.94345,0,433,ON,RETRACTED,AUTO
23:34:47,-84.06474,-11.74187,0,440,ON,RETRACTED,AUTO
23:34:47,-84.42036,-11.853,0,448,ON,RETRACTED,AUTO
23:34:47,-84.18772,-10.84031,0,450,ON,RETRACTED,AUTO
23:34:47,-84.17393,-10.26925,0,448,ON,RETRACTED,AUTO
23:34:47,-84.28631,-12.45516,0,440,ON,RETRACTED,AUTO
23:34:47,-84.29948,-9.127785,0,430,ON,RETRACTED,AUTO
23:34:47,-84.02856,-11.86865,0,423,ON,RETRACTED,AUTO
23:34:47,-84.44569,-11.22789,0,423,ON,RETRACTED,AUTO
23:34:47,-84.2661,-12.7923,0,427,ON,RETRACTED,AUTO
23:34:47,-84.03563,-12.78133,0,435,ON,RETRACTED,AUTO
23:34:48,-83.9314,-11.15994,0,441,ON,RETRACTED,AUTO
23:34:48,-84.48103,-9.554291,0,448,ON,RETRACTED,AUTO
23:34:48,-84.50861,-12.63573,0,450,ON,RETRACTED,AUTO
23:34:48,-84.23846,-11.83364,0,447,ON,RETRACTED,AUTO
23:34:48,-84.71873,-11.48199,0,438,ON,RETRACTED,AUTO
23:34:48,-84.85152,-12.18863,0,428,ON,RETRACTED,AUTO
23:34:48,-84.50605,-7.334378,0,423,ON,RETRACTED,AUTO
23:34:48,-84.41869,-13.26429,0,423,ON,RETRACTED,AUTO
23:34:48,-84.49194,-11.19943,0,428,ON,RETRACTED,AUTO
23:34:48,-84.25007,-11.20471,0,436,ON,RETRACTED,AUTO
23:34:49,-84.50604,-10.04058,0,441,ON,RETRACTED,AUTO
23:34:49,-84.65344,-11.96325,0,448,ON,RETRACTED,AUTO
23:34:49,-84.7077,-14.00085,0,448,ON,RETRACTED,AUTO
23:34:49,-84.50407,-13.59395,0,441,OFF,RETRACTED,AUTO
23:34:49,-83.88717,-10.54207,0,433,OFF,RETRACTED,AUTO
23:34:49,-83.89106,-21.30341,0,423,OFF,RETRACTED,AUTO
23:34:49,-84.14827,-9.158139,0,415,OFF,RETRACTED,AUTO
23:34:49,-84.51862,-10.61965,0,416,OFF,RETRACTED,AUTO
23:34:49,-84.01571,-8.257385,0,426,OFF,RETRACTED,AUTO
23:34:50,-83.93987,-12.05918,0,433,OFF,RETRACTED,AUTO
23:34:50,-83.54591,-9.383565,0,440,OFF,RETRACTED,AUTO
23:34:50,-83.51582,-10.89002,0,442,OFF,RETRACTED,AUTO
23:34:50,-83.2075,-9.031816,0,442,OFF,RETRACTED,AUTO
23:34:50,-83.24865,-9.293308,0,438,OFF,RETRACTED,AUTO
23:34:50,-83.13313,-8.050192,0,427,OFF,RETRACTED,AUTO
23:34:50,-83.68786,-6.624032,0,423,OFF,RETRACTED,AUTO
23:34:50,-83.55743,-8.910281,0,417,OFF,RETRACTED,AUTO
23:34:50,-83.06828,-10.36498,0,425,OFF,RETRACTED,AUTO
23:34:50,-83.83795,-13.57469,0,432,OFF,RETRACTED,AUTO
23:34:51,-83.22042,-7.57951,0,440,OFF,RETRACTED,AUTO
23:34:51,-84.03375,-4.289153,0,448,OFF,RETRACTED,AUTO
23:34:51,-84.95312,-8.530766,0,450,OFF,RETRACTED,AUTO
23:34:51,-83.05536,-17.28849,0,451,OFF,RETRACTED,AUTO
23:34:51,-75.33015,-3.995323,0,450,OFF,RETRACTED,AUTO
23:34:51,-84.01653,-109.3139,0,434,OFF,RETRACTED,AUTO
23:34:51,-83.46893,-5.117315,0,423,OFF,RETRACTED,AUTO
23:34:51,-85.6144,-20.7211,0,416,OFF,RETRACTED,AUTO
23:34:51,-85.59143,-143.2971,0,424,OFF,RETRACTED,AUTO
23:34:51,-79.4549,32.22212,0,433,OFF,RETRACTED,AUTO
23:34:52,-76.49964,-31.73756,0,442,OFF,RETRACTED,AUTO
23:34:52,-73.50999,-17.39392,0,451,OFF,RETRACTED,AUTO
23:34:52,-71.65972,10.00262,0,460,OFF,RETRACTED,AUTO
23:34:52,-65.71507,27.98679,0,457,OFF,RETRACTED,AUTO
23:34:52,-74.45953,-13.07316,0,446,OFF,RETRACTED,AUTO
23:34:52,-80.74483,-5.985551,0,434,OFF,RETRACTED,AUTO
23:34:52,-68.01474,1.130451,0,427,OFF,RETRACTED,AUTO
23:34:52,-75.78581,-4.868333,0,423,OFF,RETRACTED,AUTO
23:34:52,-74.98579,-13.33591,0,416,OFF,RETRACTED,AUTO
23:34:52,-75.01215,-8.488196,0,423,OFF,RETRACTED,AUTO
23:34:53,-79.04819,-27.31632,0,430,OFF,RETRACTED,AUTO
23:34:53,-78.43663,-17.90148,0,433,OFF,RETRACTED,AUTO
23:34:53,-78.13581,-20.68853,0,429,OFF,RETRACTED,AUTO
23:34:53,-80.33069,-22.05014,0,426,OFF,RETRACTED,AUTO
23:34:53,-80.09557,-28.32744,0,414,OFF,RETRACTED,AUTO
23:34:53,-80.85801,-23.27454,0,403,OFF,RETRACTED,AUTO
23:34:53,-80.30531,-22.38014,0,397,OFF,RETRACTED,AUTO
23:34:53,-80.758,-20.71286,0,396,OFF,RETRACTED,AUTO
23:34:53,-80.50683,-23.00682,0,402,OFF,RETRACTED,AUTO
23:34:53,-80.51745,-21.58898,0,408,OFF,RETRACTED,AUTO
23:34:54,-80.75955,-22.76847,0,415,OFF,RETRACTED,AUTO
23:34:54,-80.24283,-19.28631,0,424,OFF,RETRACTED,AUTO
23:34:54,-80.29747,-21.31247,0,426,OFF,RETRACTED,AUTO
23:34:54,-80.34973,-20.00361,0,416,OFF,RETRACTED,AUTO
23:34:54,-80.17915,-20.22486,0,410,OFF,RETRACTED,AUTO
23:34:54,-80.73582,-22.38463,0,401,OFF,RETRACTED,AUTO
23:34:54,-79.80311,-19.94427,0,393,OFF,RETRACTED,AUTO
23:34:54,-79.99236,-21.19847,0,393,OFF,RETRACTED,AUTO
23:34:54,-80.46939,-22.17746,0,397,OFF,RETRACTED,AUTO
23:34:54,-80.11958,-20.30959,0,404,OFF,RETRACTED,AUTO
23:34:55,-80.32175,-18.51064,0,413,OFF,RETRACTED,AUTO
23:34:55,-80.07619,-21.87348,0,417,OFF,RETRACTED,AUTO
23:34:55,-80.55666,-20.80375,0,417,OFF,RETRACTED,AUTO
23:34:55,-80.28173,-20.4168,0,413,OFF,RETRACTED,AUTO
23:34:55,-80.35571,-20.06571,0,404,OFF,RETRACTED,AUTO
23:34:55,-79.89993,-21.20282,0,396,OFF,RETRACTED,AUTO
23:34:55,-80.13915,-20.56521,0,391,OFF,RETRACTED,AUTO
23:34:55,-80.57548,-22.15226,0,393,OFF,RETRACTED,AUTO
23:34:55,-80.26498,-19.11372,0,402,OFF,RETRACTED,AUTO
23:34:55,-80.43961,-20.32034,0,409,OFF,RETRACTED,AUTO
23:34:56,-80.2142,-20.83337,0,416,OFF,RETRACTED,AUTO
23:34:56,-80.41903,-21.53108,0,424,OFF,RETRACTED,AUTO
23:34:56,-80.39607,-20.9046,0,423,OFF,RETRACTED,AUTO
23:34:56,-80.08148,-20.05609,0,413,OFF,RETRACTED,AUTO
23:34:56,-80.39097,-21.38363,0,403,OFF,RETRACTED,AUTO
23:34:56,-80.35214,-21.96537,0,394,OFF,RETRACTED,AUTO
23:34:56,-79.96617,-20.47516,0,391,OFF,RETRACTED,AUTO
23:34:56,-80.33365,-20.32314,0,393,OFF,RETRACTED,AUTO
23:34:56,-80.12711,-19.96973,0,399,OFF,RETRACTED,AUTO
23:34:56,-80.04562,-20.45574,0,406,OFF,RETRACTED,AUTO
23:34:57,-80.08888,-21.35164,0,414,OFF,RETRACTED,AUTO
23:34:57,-80.02873,-21.24251,0,417,OFF,RETRACTED,AUTO
23:34:57,-80.50242,-22.25589,0,418,OFF,RETRACTED,AUTO
23:34:57,-80.39223,-21.90626,0,414,OFF,RETRACTED,AUTO
23:34:57,-79.97356,-20.21345,0,405,OFF,RETRACTED,AUTO
23:34:57,-80.33041,-22.18834,0,398,OFF,RETRACTED,AUTO
23:34:57,-80.46516,-20.96851,0,394,OFF,RETRACTED,AUTO
23:34:57,-80.36783,-21.53312,0,397,OFF,RETRACTED,AUTO
23:34:57,-80.09107,-20.87527,0,404,OFF,RETRACTED,AUTO
23:34:57,-80.26571,-20.56532,0,413,OFF,RETRACTED,AUTO
23:34:58,-80.12881,-20.83014,0,422,OFF,RETRACTED,AUTO
23:34:58,-80.05157,-21.65705,0,424,OFF,RETRACTED,AUTO
23:34:58,-80.09163,-20.15576,0,423,OFF,RETRACTED,AUTO
23:34:58,-80.32938,-21.2381,0,413,OFF,RETRACTED,AUTO
23:34:58,-80.10654,-20.70193,0,404,OFF,RETRACTED,AUTO
23:34:58,-80.32978,-21.10614,0,397,OFF,RETRACTED,AUTO
23:34:58,-80.42402,-20.32034,0,394,OFF,RETRACTED,AUTO
23:34:58,-80.25975,-21.13982,0,399,OFF,RETRACTED,AUTO
23:34:58,-80.50918,-21.24207,0,405,OFF,RETRACTED,AUTO
23:34:58,-80.21891,-21.4792,0,413,OFF,RETRACTED,AUTO
23:34:59,-80.18959,-20.27136,0,422,OFF,RETRACTED,AUTO
23:34:59,-80.15376,-21.94761,0,424,OFF,RETRACTED,AUTO
23:34:59,-80.25413,-20.71355,0,422,OFF,RETRACTED,AUTO
23:34:59,-80.40396,-20.93336,0,413,OFF,RETRACTED,AUTO
23:34:59,-80.00913,-20.76476,0,402,OFF,RETRACTED,AUTO
23:34:59,-80.20216,-19.8407,0,396,OFF,RETRACTED,AUTO
23:34:59,-80.23123,-20.27935,0,394,OFF,RETRACTED,AUTO
23:34:59,-80.43796,-20.43283,0,397,OFF,RETRACTED,AUTO
23:34:59,-80.76953,-22.60703,0,403,OFF,RETRACTED,AUTO
23:35:00,-78.58289,-16.94736,0,410,OFF,RETRACTED,AUTO
23:35:00,-79.70423,-19.51136,0,415,OFF,RETRACTED,AUTO
23:35:00,-80.03629,-20.53774,0,416,OFF,RETRACTED,AUTO
23:35:00,-80.38215,-20.38717,0,413,OFF,RETRACTED,AUTO
23:35:00,-80.33204,-20.64915,0,405,OFF,RETRACTED,AUTO
23:35:00,-80.06181,-20.51974,0,394,OFF,RETRACTED,AUTO
23:35:00,-80.02251,-21.21031,0,388,OFF,RETRACTED,AUTO
23:35:00,-80.10147,-21.80141,0,388,OFF,RETRACTED,AUTO
23:35:00,-80.2239,-20.38916,0,392,OFF,RETRACTED,AUTO
23:35:00,-80.19709,-20.71355,0,399,OFF,RETRACTED,AUTO
23:35:01,-80.22546,-20.23266,0,405,OFF,RETRACTED,AUTO
23:35:01,-80.36554,-20.13379,0,412,OFF,RETRACTED,AUTO
23:35:01,-80.12214,-20.61094,0,413,OFF,RETRACTED,AUTO
23:35:01,-80.56106,-21.16126,0,408,OFF,RETRACTED,AUTO
23:35:01,-80.08895,-20.8858,0,402,OFF,RETRACTED,AUTO
23:35:01,-79.86264,-19.7817,0,392,OFF,RETRACTED,AUTO
23:35:01,-79.89664,-20.8239,0,387,OFF,RETRACTED,AUTO
23:35:01,-80.56387,-22.80198,0,387,OFF,RETRACTED,AUTO
23:35:01,-80.22588,-21.63976,0,392,OFF,RETRACTED,AUTO
23:35:01,-80.20894,-21.12806,0,399,OFF,RETRACTED,AUTO
23:35:02,-80.18378,-19.80184,0,405,OFF,RETRACTED,AUTO
23:35:02,-80.29075,-20.39775,0,412,OFF,RETRACTED,AUTO
23:35:02,-80.24011,-19.96281,0,413,OFF,RETRACTED,AUTO
23:35:02,-80.11948,-21.377,0,408,OFF,RETRACTED,AUTO
23:35:02,-80.09824,-20.58346,0,401,OFF,RETRACTED,AUTO
23:35:02,-80.14183,-21.35164,0,392,OFF,RETRACTED,AUTO
23:35:02,-80.3656,-20.05849,0,386,OFF,RETRACTED,AUTO
23:35:02,-80.14425,-20.14366,0,387,OFF,RETRACTED,AUTO
23:35:02,-80.2294,-21.8601,0,392,OFF,RETRACTED,AUTO
23:35:02,-80.39357,-21.62185,0,399,OFF,RETRACTED,AUTO
23:35:03,-80.30672,-19.7237,0,406,OFF,RETRACTED,AUTO
23:35:03,-80.22621,-21.00915,0,412,OFF,RETRACTED,AUTO
23:35:03,-80.14382,-20.27136,0,413,OFF,RETRACTED,AUTO
23:35:03,-79.96881,-21.01541,0,408,OFF,RETRACTED,AUTO
23:35:03,-80.04454,-21.00968,0,401,OFF,RETRACTED,AUTO
23:35:03,-80.29435,-19.97628,0,393,OFF,RETRACTED,AUTO
23:35:03,-80.13139,-19.74873,0,388,OFF,RETRACTED,AUTO
23:35:03,-80.57483,-21.34403,0,389,OFF,RETRACTED,AUTO
23:35:03,-80.0807,-19.34903,0,394,OFF,RETRACTED,AUTO
23:35:03,-80.30116,-19.92183,0,402,OFF,RETRACTED,AUTO
23:35:04,-80.23977,-20.62988,0,412,OFF,RETRACTED,AUTO
23:35:04,-80.24377,-20.83337,0,417,OFF,RETRACTED,AUTO
23:35:04,-80.33821,-20.49032,0,423,OFF,RETRACTED,AUTO
23:35:04,-80.18582,-20.59276,0,417,OFF,RETRACTED,AUTO
23:35:04,-80.13506,-20.14366,0,410,OFF,RETRACTED,AUTO
23:35:04,-80.01211,-19.43575,0,401,OFF,RETRACTED,AUTO
23:35:04,-81.1196,-23.5848,0,396,OFF,RETRACTED,AUTO
23:35:04,-79.97324,-19.65383,0,396,OFF,RETRACTED,AUTO
23:35:04,-80.22527,-19.78696,0,402,OFF,RETRACTED,AUTO
23:35:04,-80.15986,-18.45978,0,408,OFF,RETRACTED,AUTO
23:35:05,-80.20488,-19.53186,0,416,OFF,RETRACTED,AUTO
23:35:05,-80.13443,-17.39602,0,424,OFF,RETRACTED,AUTO
23:35:05,-80.15212,-19.54855,0,424,OFF,RETRACTED,AUTO
23:35:05,-80.27807,-18.10955,0,417,OFF,RETRACTED,AUTO
23:35:05,-80.18817,-20.51932,0,410,OFF,RETRACTED,AUTO
23:35:05,-80.12638,-19.20148,0,401,OFF,RETRACTED,AUTO
23:35:05,-80.18849,-19.13061,0,396,OFF,RETRACTED,AUTO
23:35:05,-80.20863,-19.10781,0,397,OFF,RETRACTED,AUTO
23:35:05,-80.41509,-20.32034,0,403,OFF,RETRACTED,AUTO
23:35:05,-80.25246,-20.3616,0,410,OFF,RETRACTED,AUTO
23:35:06,-80.04018,-20.42002,0,416,OFF,RETRACTED,AUTO
23:35:06,-80.28759,-19.99672,0,424,OFF,RETRACTED,AUTO
23:35:06,-80.34452,-20.71544,0,426,OFF,RETRACTED,AUTO
23:35:06,-80.42397,-20.79316,0,417,OFF,RETRACTED,AUTO
23:35:06,-80.06458,-19.41847,0,410,OFF,RETRACTED,AUTO
23:35:06,-80.29261,-22.24567,0,402,OFF,RETRACTED,AUTO
23:35:06,-80.34505,-19.64845,0,396,OFF,RETRACTED,AUTO
23:35:06,-80.14698,-19.72786,0,397,OFF,RETRACTED,AUTO
23:35:06,-80.34624,-19.67536,0,402,OFF,RETRACTED,AUTO
23:35:06,-80.04779,-20.2287,0,408,OFF,RETRACTED,AUTO
23:35:07,-80.1995,-19.85522,0,415,OFF,RETRACTED,AUTO
23:35:07,-80.21177,-20.30669,0,424,OFF,RETRACTED,AUTO
23:35:07,-80.2524,-20.19348,0,426,OFF,RETRACTED,AUTO
23:35:07,-80.4365,-19.38169,0,421,OFF,RETRACTED,AUTO
23:35:07,-80.41397,-19.70798,0,412,OFF,RETRACTED,AUTO
23:35:07,-80.64362,-19.79266,0,402,OFF,RETRACTED,AUTO
23:35:07,-80.28017,-20.64915,0,396,OFF,RETRACTED,AUTO
23:35:07,-80.58482,-20.77756,0,396,OFF,RETRACTED,AUTO
23:35:07,-80.60306,-20.8361,0,401,OFF,RETRACTED,AUTO
23:35:07,-80.65714,-19.32521,0,408,OFF,RETRACTED,AUTO
23:35:08,-80.37582,-20.84731,0,415,OFF,RETRACTED,AUTO
23:35:08,-80.25452,-19.06455,0,423,OFF,RETRACTED,AUTO
23:35:08,-80.47431,-19.38169,0,424,OFF,RETRACTED,AUTO
23:35:08,-80.06039,-19.56499,0,417,OFF,RETRACTED,AUTO
23:35:08,-80.37225,-20.33987,0,413,OFF,RETRACTED,AUTO
23:35:08,-80.17266,-19.45753,0,403,OFF,RETRACTED,AUTO
23:35:08,-80.45802,-20.43283,0,397,OFF,RETRACTED,AUTO
23:35:08,-80.84573,-19.9614,0,396,OFF,RETRACTED,AUTO
23:35:08,-80.64321,-21.01973,0,401,OFF,RETRACTED,AUTO
23:35:08,-80.2496,-19.33875,0,406,OFF,RETRACTED,AUTO
23:35:09,-80.32645,-19.31635,0,414,OFF,RETRACTED,AUTO
23:35:09,-80.04478,-19.5131,0,423,OFF,RETRACTED,AUTO
23:35:09,-80.31532,-21.06043,0,425,OFF,RETRACTED,AUTO
23:35:09,-80.46908,-20.64149,0,422,OFF,RETRACTED,AUTO
23:35:09,-80.34219,-18.79019,0,413,OFF,RETRACTED,AUTO
23:35:09,-80.2795,-19.6164,0,403,OFF,RETRACTED,AUTO
23:35:09,-80.1094,-18.73079,0,396,OFF,RETRACTED,AUTO
23:35:09,-80.33221,-19.32024,0,394,OFF,RETRACTED,AUTO
23:35:09,-80.36889,-19.65382,0,397,OFF,RETRACTED,AUTO
23:35:10,-80.4101,-19.89326,0,404,OFF,RETRACTED,AUTO
23:35:10,-80.76838,-19.23067,0,412,OFF,RETRACTED,AUTO
23:35:10,-80.65653,-20.6044,0,417,OFF,RETRACTED,AUTO
23:35:10,-80.13404,-19.02815,0,424,OFF,RETRACTED,AUTO
23:35:10,-80.46732,-19.07582,0,423,OFF,RETRACTED,AUTO
23:35:10,-80.6049,-20.70059,0,414,OFF,RETRACTED,AUTO
23:35:10,-80.08758,-19.15018,0,404,OFF,RETRACTED,AUTO
23:35:10,-80.47089,-18.86997,0,397,OFF,RETRACTED,AUTO
23:35:10,-80.4677,-18.81948,0,394,OFF,RETRACTED,AUTO
23:35:10,-80.36058,-19.32417,0,398,OFF,RETRACTED,AUTO
23:35:11,-80.42538,-19.24832,0,405,OFF,RETRACTED,AUTO
23:35:11,-80.40823,-19.83213,0,413,OFF,RETRACTED,AUTO
23:35:11,-80.64779,-20.31454,0,422,OFF,RETRACTED,AUTO
23:35:11,-80.25887,-19.41362,0,426,OFF,RETRACTED,AUTO
23:35:11,-80.72949,-19.17217,0,424,OFF,RETRACTED,AUTO
23:35:11,-80.52437,-21.89226,0,415,OFF,RETRACTED,AUTO
23:35:11,-80.10867,-19.96973,0,405,OFF,RETRACTED,AUTO
23:35:11,-80.40592,-19.52932,0,396,OFF,RETRACTED,AUTO
23:35:11,-80.18496,-19.70136,0,392,OFF,RETRACTED,AUTO
23:35:11,-80.40726,-20.9046,0,393,OFF,RETRACTED,AUTO
23:35:12,-80.34174,-19.67536,0,399,OFF,RETRACTED,AUTO
23:35:12,-80.43685,-20.04525,0,405,OFF,RETRACTED,AUTO
23:35:12,-80.44637,-19.43108,0,413,OFF,RETRACTED,AUTO
23:35:12,-80.4282,-20.86888,0,416,OFF,RETRACTED,AUTO
23:35:12,-79.88573,-19.8592,0,416,OFF,RETRACTED,AUTO
23:35:12,-80.10222,-18.85316,0,413,OFF,RETRACTED,AUTO
23:35:12,-80.6639,-20.66272,0,403,OFF,RETRACTED,AUTO
23:35:12,-80.42101,-19.68642,0,396,OFF,RETRACTED,AUTO
23:35:12,-79.93758,-20.59192,0,391,OFF,RETRACTED,AUTO
23:35:12,-80.47524,-20.51798,0,391,OFF,RETRACTED,AUTO
23:35:13,-80.23656,-21.28736,0,396,OFF,RETRACTED,AUTO
23:35:13,-80.3374,-21.75676,0,403,OFF,RETRACTED,AUTO
23:35:13,-80.42493,-18.35852,0,410,OFF,RETRACTED,AUTO
23:35:13,-80.45809,-20.14896,0,415,OFF,RETRACTED,AUTO
23:35:13,-80.3419,-21.71263,0,416,OFF,RETRACTED,AUTO
23:35:13,-80.30348,-20.84387,0,413,OFF,RETRACTED,AUTO
23:35:13,-80.38773,-18.81777,0,405,OFF,RETRACTED,AUTO
23:35:13,-80.26334,-20.54674,0,396,OFF,RETRACTED,AUTO
23:35:13,-80.23952,-21.38985,0,390,OFF,RETRACTED,AUTO
23:35:13,-80.33613,-19.62685,0,389,OFF,RETRACTED,AUTO
23:35:14,-80.2662,-18.76149,0,393,OFF,RETRACTED,AUTO
23:35:14,-80.27595,-20.42551,0,401,OFF,RETRACTED,AUTO
23:35:14,-80.36323,-19.77777,0,408,OFF,RETRACTED,AUTO
23:35:14,-80.3215,-20.18139,0,414,OFF,RETRACTED,AUTO
23:35:14,-79.92244,-18.50775,0,416,OFF,RETRACTED,AUTO
23:35:14,-80.38261,-20.9046,0,415,OFF,RETRACTED,AUTO
23:35:14,-80.17365,-19.77525,0,408,OFF,RETRACTED,AUTO
23:35:14,-80.66541,-20.81763,0,400,OFF,RETRACTED,AUTO
23:35:14,-80.15772,-19.1049,0,393,OFF,RETRACTED,AUTO
23:35:14,-80.03009,-18.77803,0,392,OFF,RETRACTED,AUTO
23:35:15,-79.88168,-19.16018,0,396,OFF,RETRACTED,AUTO
23:35:15,-80.4895,-19.07582,0,403,OFF,RETRACTED,AUTO
23:35:15,-80.2897,-19.64312,0,410,OFF,RETRACTED,AUTO
23:35:15,-80.27969,-20.87213,0,416,OFF,RETRACTED,AUTO
23:35:15,-80.2663,-19.16271,0,423,OFF,RETRACTED,AUTO
23:35:15,-80.37011,-17.97741,0,422,OFF,RETRACTED,AUTO
23:35:15,-80.28526,-20.22093,0,413,OFF,RETRACTED,AUTO
23:35:15,-80.5244,-20.9849,0,404,OFF,RETRACTED,AUTO
23:35:15,-80.40591,-21.39676,0,396,OFF,RETRACTED,AUTO
23:35:15,-80.56597,-19.49922,0,393,OFF,RETRACTED,AUTO
23:35:16,-80.13671,-17.61614,0,396,OFF,RETRACTED,AUTO
23:35:16,-80.60191,-19.63169,0,402,OFF,RETRACTED,AUTO
23:35:16,-80.37804,-20.2924,0,408,OFF,RETRACTED,AUTO
23:35:16,-80.53439,-22.40673,0,415,OFF,RETRACTED,AUTO
23:35:16,-80.30305,-18.96335,0,422,OFF,RETRACTED,AUTO
23:35:16,-80.57133,-18.82471,0,422,OFF,RETRACTED,AUTO
23:35:16,-80.30374,-20.73363,0,415,OFF,RETRACTED,AUTO
23:35:16,-80.3888,-18.28203,0,406,OFF,RETRACTED,AUTO
23:35:16,-79.93805,-20.40318,0,399,OFF,RETRACTED,AUTO
23:35:16,-80.25366,-19.8138,0,394,OFF,RETRACTED,AUTO
23:35:17,-80.42194,-21.32158,0,396,OFF,RETRACTED,AUTO
23:35:17,-79.98843,-20.38469,0,402,OFF,RETRACTED,AUTO
23:35:17,-80.50687,-20.2892,0,408,OFF,RETRACTED,AUTO
23:35:17,-80.48941,-25.55043,0,415,OFF,RETRACTED,AUTO
23:35:17,-80.45779,-18.76881,0,420,OFF,RETRACTED,AUTO
23:35:17,-80.82204,-21.4253,0,421,OFF,RETRACTED,AUTO
23:35:17,-80.01552,-17.96914,0,414,OFF,RETRACTED,AUTO
23:35:17,-80.56376,-19.49922,0,406,OFF,RETRACTED,AUTO
23:35:17,-80.44016,-19.78975,0,397,OFF,RETRACTED,AUTO
23:35:17,-80.1082,-20.75715,0,392,OFF,RETRACTED,AUTO
23:35:18,-80.39707,-20.39585,0,392,OFF,RETRACTED,AUTO
23:35:18,-80.46872,-19.56632,0,397,OFF,RETRACTED,AUTO
23:35:18,-80.3689,-21.25051,0,403,OFF,RETRACTED,AUTO
23:35:18,-80.37012,-19.68087,0,412,OFF,RETRACTED,AUTO
23:35:18,-80.13058,-19.79593,0,416,OFF,RETRACTED,AUTO
23:35:18,-80.46464,-20.64149,0,423,OFF,RETRACTED,AUTO
23:35:18,-80.1948,-20.27935,0,417,OFF,RETRACTED,AUTO
23:35:18,-80.5853,-19.96213,0,412,OFF,RETRACTED,AUTO
23:35:18,-80.25702,-19.58471,0,402,OFF,RETRACTED,AUTO
23:35:18,-80.12379,-19.86952,0,394,OFF,RETRACTED,AUTO
23:35:19,-80.50585,-20.67012,0,392,OFF,RETRACTED,AUTO
23:35:19,-80.16572,-20.02333,0,394,OFF,RETRACTED,AUTO
23:35:19,-80.53783,-19.7804,0,402,OFF,RETRACTED,AUTO
23:35:19,-80.16688,-19.1049,0,406,OFF,RETRACTED,AUTO
23:35:19,-80.89723,-20.18698,0,414,OFF,RETRACTED,AUTO
23:35:19,-80.48318,-18.48624,0,416,OFF,RETRACTED,AUTO
23:35:19,-80.30682,-19.94902,0,415,OFF,RETRACTED,AUTO
23:35:19,-80.24242,-20.1858,0,410,OFF,RETRACTED,AUTO
23:35:19,-80.57395,-19.21267,0,401,OFF,RETRACTED,AUTO
23:35:20,-80.08421,-19.31938,0,392,OFF,RETRACTED,AUTO
23:35:20,-79.96057,-33.03347,0,388,OFF,RETRACTED,AUTO
23:35:20,-80.4709,-20.23288,0,389,OFF,RETRACTED,AUTO
23:35:20,-80.4784,-19.84463,0,147,OFF,RETRACTED,AUTO
23:35:20,-80.53687,-20.32598,0,123,OFF,RETRACTED,AUTO
23:35:20,-80.29224,-20.80828,0,344,OFF,RETRACTED,AUTO
23:35:20,-80.30499,-19.29004,0,412,OFF,RETRACTED,AUTO
23:35:20,-80.2354,-19.61124,0,417,OFF,RETRACTED,AUTO
23:35:20,-80.5664,-20.30602,0,415,OFF,RETRACTED,AUTO
23:35:20,-80.76429,-19.91869,0,408,OFF,RETRACTED,AUTO
23:35:21,-80.4914,-20.77488,0,401,OFF,RETRACTED,AUTO
23:35:21,-80.662,-19.84872,0,396,OFF,RETRACTED,AUTO
23:35:21,-80.61289,-19.00945,0,396,OFF,RETRACTED,AUTO
23:35:21,-80.59355,-20.27754,0,402,OFF,RETRACTED,AUTO
23:35:21,-80.33234,-18.61171,0,408,OFF,RETRACTED,AUTO
23:35:21,-80.30188,-19.44446,0,415,OFF,RETRACTED,AUTO
23:35:21,-80.54125,-18.87389,0,424,OFF,RETRACTED,AUTO
23:35:21,-80.34168,-20.20122,0,426,OFF,RETRACTED,AUTO
23:35:21,-80.27247,-21.00322,0,422,OFF,RETRACTED,AUTO
23:35:21,-80.22549,-18.73466,0,413,OFF,RETRACTED,AUTO
23:35:22,-80.58866,-19.70914,0,403,OFF,RETRACTED,AUTO
23:35:22,-80.35788,-18.81438,0,397,OFF,RETRACTED,AUTO
23:35:22,-80.64695,-19.69284,0,396,OFF,RETRACTED,AUTO
23:35:22,-80.53117,-20.2892,0,401,OFF,RETRACTED,AUTO
23:35:22,-80.69308,-20.06104,0,406,OFF,RETRACTED,AUTO
23:35:22,-80.34472,-19.44446,0,414,OFF,RETRACTED,AUTO
23:35:22,-80.58352,-20.17222,0,423,OFF,RETRACTED,AUTO
23:35:22,-80.25376,-19.76019,0,426,OFF,RETRACTED,AUTO
23:35:22,-80.49017,-18.9728,0,423,OFF,RETRACTED,AUTO
23:35:22,-80.69269,-19.69284,0,414,OFF,RETRACTED,AUTO
23:35:23,-80.7861,-18.96545,0,404,OFF,RETRACTED,AUTO
23:35:23,-80.51817,-21.04337,0,393,OFF,RETRACTED,AUTO
23:35:23,-80.28974,-19.61124,0,387,OFF,RETRACTED,AUTO
23:35:23,-80.35542,-20.03101,0,388,OFF,RETRACTED,AUTO
23:35:23,-80.34418,-19.80491,0,393,OFF,RETRACTED,AUTO
23:35:23,-80.49705,-20.03181,0,401,OFF,RETRACTED,AUTO
23:35:23,-80.45956,-18.02534,0,406,OFF,RETRACTED,AUTO
23:35:23,-80.64014,-19.53164,0,410,OFF,RETRACTED,AUTO
23:35:23,-80.54041,-20.63258,0,409,OFF,RETRACTED,AUTO
23:35:23,-80.87832,-19.853,0,403,OFF,RETRACTED,AUTO
23:35:24,-80.50928,-19.46719,0,396,OFF,RETRACTED,AUTO
23:35:24,-80.9507,-20.81639,0,387,OFF,RETRACTED,AUTO
23:35:24,-80.33339,-18.86612,0,381,OFF,RETRACTED,AUTO
23:35:24,-80.5108,-20.23288,0,384,OFF,RETRACTED,AUTO
23:35:24,-80.61576,-19.06054,0,389,OFF,RETRACTED,AUTO
23:35:24,-80.62687,-19.68711,0,397,OFF,RETRACTED,AUTO
23:35:24,-80.64233,-20.13114,0,404,OFF,RETRACTED,AUTO
23:35:24,-80.87026,-18.70268,0,408,OFF,RETRACTED,AUTO
23:35:24,-80.64665,-20.08953,0,409,OFF,RETRACTED,AUTO
23:35:24,-80.56958,-19.29004,0,404,OFF,RETRACTED,AUTO
23:35:25,-80.83368,-21.04962,0,397,OFF,RETRACTED,AUTO
23:35:25,-80.65318,-20.45878,0,389,OFF,RETRACTED,AUTO
23:35:25,-80.2902,-18.83843,0,384,OFF,RETRACTED,AUTO
23:35:25,-80.94556,-20.24596,0,384,OFF,RETRACTED,AUTO
23:35:25,-81.15185,-20.86222,0,389,OFF,RETRACTED,AUTO
23:35:25,-80.43185,-18.92028,0,396,OFF,RETRACTED,AUTO
23:35:25,-80.30308,-19.49306,0,403,OFF,RETRACTED,AUTO
23:35:25,-80.39928,-27.8556,0,408,OFF,RETRACTED,AUTO
23:35:25,-80.26355,-18.96104,0,410,OFF,RETRACTED,AUTO
23:35:25,-80.36675,-21.50369,0,406,OFF,RETRACTED,AUTO
23:35:26,-80.50716,-17.86615,0,400,OFF,RETRACTED,AUTO
23:35:26,-80.41309,-19.12277,0,391,OFF,RETRACTED,AUTO
23:35:26,-80.25877,-18.88609,0,384,OFF,RETRACTED,AUTO
23:35:26,-80.59609,-19.21621,0,384,OFF,RETRACTED,AUTO
23:35:26,-80.99197,-18.27187,0,388,OFF,RETRACTED,AUTO
23:35:26,-80.40913,-20.44317,0,394,OFF,RETRACTED,AUTO
23:35:26,-80.39902,-20.20903,0,401,OFF,RETRACTED,AUTO
23:35:26,-80.51609,-17.68888,0,406,OFF,RETRACTED,AUTO
23:35:26,-80.47866,-18.5637,0,408,OFF,RETRACTED,AUTO
23:35:26,-80.23875,-19.51021,0,405,OFF,RETRACTED,AUTO
23:35:27,-80.4178,-19.86577,0,401,OFF,RETRACTED,AUTO
23:35:27,-80.26043,-19.11372,0,392,OFF,RETRACTED,AUTO
23:35:27,-80.20046,-18.68406,0,386,OFF,RETRACTED,AUTO
23:35:27,-80.53403,-18.97765,0,384,OFF,RETRACTED,AUTO
23:35:27,-80.66817,-21.73983,0,387,OFF,RETRACTED,AUTO
23:35:27,-80.13667,-17.91477,0,393,OFF,RETRACTED,AUTO
23:35:27,-80.51235,-20.8798,0,401,OFF,RETRACTED,AUTO
23:35:27,-80.33502,-19.7507,0,406,OFF,RETRACTED,AUTO
23:35:27,-80.83385,-20.00467,0,412,OFF,RETRACTED,AUTO
23:35:27,-80.70374,-19.53666,0,410,OFF,RETRACTED,AUTO
23:35:28,-80.7306,-20.06852,0,405,OFF,RETRACTED,AUTO
23:35:28,-80.58772,-20.24914,0,401,OFF,RETRACTED,AUTO
23:35:28,-80.75826,-20.92911,0,396,OFF,RETRACTED,AUTO
23:35:28,-80.33495,-18.40963,0,394,OFF,RETRACTED,AUTO
23:35:28,-80.60992,-19.34433,0,397,OFF,RETRACTED,AUTO
23:35:28,-80.5367,-18.79659,0,404,OFF,RETRACTED,AUTO
23:35:28,-80.51978,-21.45316,0,412,OFF,RETRACTED,AUTO
23:35:28,-80.86234,-20.54616,0,417,OFF,RETRACTED,AUTO
23:35:28,-80.26186,-18.78553,0,424,OFF,RETRACTED,AUTO
23:35:28,-80.67358,-20.55604,0,423,OFF,RETRACTED,AUTO
23:35:29,-80.20244,-19.45753,0,415,OFF,RETRACTED,AUTO
23:35:29,-80.42901,-19.6375,0,406,OFF,RETRACTED,AUTO
23:35:29,-80.12868,-19.20148,0,399,OFF,RETRACTED,AUTO
23:35:29,-80.48863,-20.92673,0,396,OFF,RETRACTED,AUTO
23:35:29,-80.25011,-19.51021,0,397,OFF,RETRACTED,AUTO
23:35:29,-80.49174,-19.76836,0,403,OFF,RETRACTED,AUTO
23:35:29,-79.98866,-19.16634,0,412,OFF,RETRACTED,AUTO
23:35:29,-80.47279,-20.86888,0,417,OFF,RETRACTED,AUTO
23:35:29,-80.19154,-20.1782,0,426,OFF,RETRACTED,AUTO
23:35:30,-80.37154,-18.89007,0,424,OFF,RETRACTED,AUTO
23:35:30,-80.67043,-20.372,0,413,OFF,RETRACTED,AUTO
23:35:30,-80.25593,-19.8138,0,198,OFF,RETRACTED,AUTO
23:35:30,-80.26693,-20.53752,0,175,OFF,RETRACTED,AUTO
23:35:30,-80.53824,-20.05974,0,276,OFF,RETRACTED,AUTO
23:35:30,-80.48478,-21.24207,0,351,OFF,RETRACTED,AUTO
23:35:30,-80.50464,-19.92749,0,176,OFF,RETRACTED,AUTO
23:35:30,-80.49223,-20.261,0,116,OFF,RETRACTED,AUTO
23:35:30,-80.84721,-19.71628,0,109,OFF,RETRACTED,AUTO
23:35:30,-80.19169,-19.33481,0,106,OFF,RETRACTED,AUTO
23:35:31,-80.45982,-18.17802,0,106,OFF,RETRACTED,AUTO
23:35:31,-80.52225,-21.11953,0,104,OFF,RETRACTED,AUTO
23:35:31,-80.17793,-18.75865,0,103,OFF,RETRACTED,AUTO
23:35:31,-80.42894,-19.48495,0,102,OFF,RETRACTED,AUTO
23:35:31,-80.44144,-20.46114,0,100,OFF,RETRACTED,AUTO
23:35:31,-80.31289,-20.67724,0,100,OFF,RETRACTED,AUTO
23:35:31,-80.39691,-19.45343,0,100,OFF,RETRACTED,AUTO
23:35:31,-80.37913,-19.90765,0,101,OFF,RETRACTED,AUTO
23:35:31,-80.39257,-19.68087,0,102,OFF,RETRACTED,AUTO
23:35:31,-80.44269,-21.17099,0,102,OFF,RETRACTED,AUTO
23:35:32,-80.47386,-18.99917,0,261,OFF,RETRACTED,AUTO
23:35:32,-80.60027,-19.44457,0,396,OFF,RETRACTED,AUTO
23:35:32,-80.42583,-18.81777,0,399,OFF,RETRACTED,AUTO
23:35:32,-80.36787,-19.68087,0,394,OFF,RETRACTED,AUTO
23:35:32,-80.39889,-19.47565,0,392,OFF,RETRACTED,AUTO
23:35:32,-80.46114,-20.88679,0,393,OFF,RETRACTED,AUTO
23:35:32,-80.52308,-20.75648,0,399,OFF,RETRACTED,AUTO
23:35:32,-80.20493,-20.30669,0,406,OFF,RETRACTED,AUTO
23:35:32,-80.48912,-20.2892,0,414,OFF,RETRACTED,AUTO
23:35:32,-80.89736,-19.75094,0,423,OFF,RETRACTED,AUTO
23:35:33,-80.51752,-19.17901,0,424,OFF,RETRACTED,AUTO
23:35:33,-80.34896,-18.79019,0,417,OFF,RETRACTED,AUTO
23:35:33,-80.62611,-19.08749,0,412,OFF,RETRACTED,AUTO
23:35:33,-80.43762,-20.16911,0,403,OFF,RETRACTED,AUTO
23:35:33,-80.734,-21.22894,0,397,OFF,RETRACTED,AUTO
23:35:33,-80.22327,-17.85926,0,396,OFF,RETRACTED,AUTO
23:35:33,-80.55028,-20.93795,0,401,OFF,RETRACTED,AUTO
23:35:33,-80.26532,-19.15954,0,408,OFF,RETRACTED,AUTO
23:35:33,-80.44505,-19.76836,0,415,OFF,RETRACTED,AUTO
23:35:33,-80.53804,-19.46719,0,423,OFF,RETRACTED,AUTO
23:35:34,-80.63671,-19.58699,0,426,OFF,RETRACTED,AUTO
23:35:34,-80.39812,-19.11973,0,417,OFF,RETRACTED,AUTO
23:35:34,-80.7164,-20.62437,0,410,OFF,RETRACTED,AUTO
23:35:34,-80.58386,-18.92686,0,394,OFF,RETRACTED,AUTO
23:35:34,-80.28194,-20.1189,0,309,OFF,RETRACTED,AUTO
23:35:34,-80.09558,-19.05101,0,108,OFF,RETRACTED,AUTO
23:35:34,-80.58747,-20.61363,0,90,OFF,RETRACTED,AUTO
23:35:34,-80.33047,-20.25646,0,86,OFF,RETRACTED,AUTO
23:35:34,-80.70952,-21.21615,0,84,OFF,RETRACTED,AUTO
23:35:34,-80.5273,-20.34582,0,81,OFF,RETRACTED,AUTO
23:35:35,-80.38651,-19.52448,0,81,OFF,RETRACTED,AUTO
23:35:35,-80.79823,-17.87611,0,380,OFF,RETRACTED,AUTO
23:35:35,-80.47727,-20.38513,0,400,OFF,RETRACTED,AUTO
23:35:35,-80.62193,-19.63715,0,396,OFF,RETRACTED,AUTO
23:35:35,-80.1527,-18.78099,0,388,OFF,RETRACTED,AUTO
23:35:35,-80.28584,-18.56032,0,369,OFF,RETRACTED,AUTO
23:35:35,-81.01476,-18.95259,0,393,OFF,RETRACTED,AUTO
23:35:35,-80.66679,-19.53666,0,402,OFF,RETRACTED,AUTO
23:35:35,-80.46512,-20.26923,0,410,OFF,RETRACTED,AUTO
23:35:35,-80.83311,-18.43495,0,415,OFF,RETRACTED,AUTO
23:35:36,-80.67238,-19.35687,0,417,OFF,RETRACTED,AUTO
23:35:36,-80.63851,-19.58175,0,415,OFF,RETRACTED,AUTO
23:35:36,-80.74472,-21.44496,0,408,OFF,RETRACTED,AUTO
23:35:36,-80.70224,-19.54172,0,399,OFF,RETRACTED,AUTO
23:35:36,-80.68111,-19.24704,0,392,OFF,RETRACTED,AUTO
23:35:36,-80.5824,-20.75648,0,389,OFF,RETRACTED,AUTO
23:35:36,-80.47311,-18.86997,0,393,OFF,RETRACTED,AUTO
23:35:36,-80.37776,-19.50245,0,399,OFF,RETRACTED,AUTO
23:35:36,-80.37328,-19.50245,0,406,OFF,RETRACTED,AUTO
23:35:36,-80.66498,-19.9831,0,413,OFF,RETRACTED,AUTO
23:35:37,-80.49895,-19.36315,0,416,OFF,RETRACTED,AUTO
23:35:37,-80.54405,-20.08775,0,415,OFF,RETRACTED,AUTO
23:35:37,-80.48402,-17.9211,0,408,OFF,RETRACTED,AUTO
23:35:37,-80.68417,-18.80155,0,401,OFF,RETRACTED,AUTO
23:35:37,-80.62244,-18.64368,0,393,OFF,RETRACTED,AUTO
23:35:37,-80.62526,-22.20035,0,390,OFF,RETRACTED,AUTO
23:35:37,-80.4773,-19.2786,0,393,OFF,RETRACTED,AUTO
23:35:37,-80.77309,-20.71286,0,399,OFF,RETRACTED,AUTO
23:35:37,-80.70109,-18.48742,0,406,OFF,RETRACTED,AUTO
23:35:37,-80.9875,-21.53047,0,414,OFF,RETRACTED,AUTO
23:35:38,-80.52786,-18.79659,0,416,OFF,RETRACTED,AUTO
23:35:38,-80.6478,-18.2519,0,416,OFF,RETRACTED,AUTO
23:35:38,-80.57477,-19.26677,0,411,OFF,RETRACTED,AUTO
23:35:38,-80.40685,-18.38416,0,402,OFF,RETRACTED,AUTO
23:35:38,-80.79662,-20.66406,0,394,OFF,RETRACTED,AUTO
23:35:38,-80.51413,-18.89825,0,391,OFF,RETRACTED,AUTO
23:35:38,-80.80842,-20.4282,0,391,OFF,RETRACTED,AUTO
23:35:38,-80.47005,-19.74684,0,394,OFF,RETRACTED,AUTO
23:35:38,-80.92654,-18.86695,0,403,OFF,RETRACTED,AUTO
23:35:38,-80.57096,-19.70338,0,413,OFF,RETRACTED,AUTO
23:35:39,-80.60417,-20.15174,0,416,OFF,RETRACTED,AUTO
23:35:39,-80.98098,-20.68654,0,415,OFF,RETRACTED,AUTO
23:35:39,-80.3063,-19.39147,0,408,OFF,RETRACTED,AUTO
23:35:39,-80.7804,-18.91108,0,400,OFF,RETRACTED,AUTO
23:35:39,-80.80894,-19.17901,0,392,OFF,RETRACTED,AUTO
23:35:39,-80.73409,-20.04737,0,389,OFF,RETRACTED,AUTO
23:35:39,-80.72877,-19.51389,0,392,OFF,RETRACTED,AUTO
23:35:39,-80.61412,-17.91409,0,398,OFF,RETRACTED,AUTO
23:35:39,-80.53427,-20.19257,0,405,OFF,RETRACTED,AUTO
23:35:40,-80.82828,-18.62158,0,412,OFF,RETRACTED,AUTO
23:35:40,-80.70596,-20.17544,0,416,OFF,RETRACTED,AUTO
23:35:40,-80.63544,-19.06054,0,415,OFF,RETRACTED,AUTO
23:35:40,-80.87229,-19.64241,0,412,OFF,RETRACTED,AUTO
23:35:40,-80.64829,-20.74021,0,403,OFF,RETRACTED,AUTO
23:35:40,-80.69697,-20.21667,0,394,OFF,RETRACTED,AUTO
23:35:40,-80.92334,-20.07768,0,391,OFF,RETRACTED,AUTO
23:35:40,-80.31782,-19.49773,0,392,OFF,RETRACTED,AUTO
23:35:40,-80.38696,-18.81438,0,397,OFF,RETRACTED,AUTO
23:35:40,-80.26019,-20.37005,0,403,OFF,RETRACTED,AUTO
23:35:41,-80.63034,-18.06901,0,412,OFF,RETRACTED,AUTO
23:35:41,-80.5618,-18.51269,0,415,OFF,RETRACTED,AUTO
23:35:41,-80.87695,-19.35031,0,416,OFF,RETRACTED,AUTO
23:35:41,-80.43494,-20.73577,0,413,OFF,RETRACTED,AUTO
23:35:41,-80.54015,-18.66691,0,404,OFF,RETRACTED,AUTO
23:35:41,-80.7626,-19.89019,0,396,OFF,RETRACTED,AUTO
23:35:41,-80.95627,-16.67464,0,391,OFF,RETRACTED,AUTO
23:35:41,-80.16201,-18.50965,0,391,OFF,RETRACTED,AUTO
23:35:41,-80.67012,-19.48133,0,396,OFF,RETRACTED,AUTO
23:35:41,-80.52724,-18.82121,0,403,OFF,RETRACTED,AUTO
23:35:42,-80.62647,-20.77756,0,410,OFF,RETRACTED,AUTO
23:35:42,-80.45572,-20.64149,0,415,OFF,RETRACTED,AUTO
23:35:42,-80.18565,-20.20539,0,415,OFF,RETRACTED,AUTO
23:35:42,-80.47984,-19.71939,0,412,OFF,RETRACTED,AUTO
23:35:42,-80.78686,-20.05484,0,404,OFF,RETRACTED,AUTO
23:35:42,-80.65631,-18.69657,0,396,OFF,RETRACTED,AUTO
23:35:42,-80.54536,-20.47025,0,389,OFF,RETRACTED,AUTO
23:35:42,-80.59389,-19.44916,0,389,OFF,RETRACTED,AUTO
23:35:42,-80.22371,-18.66082,0,394,OFF,RETRACTED,AUTO
23:35:42,-80.31757,-18.33408,0,402,OFF,RETRACTED,AUTO
23:35:43,-80.80936,-18.75414,0,408,OFF,RETRACTED,AUTO
23:35:43,-80.87373,-20.43748,0,414,OFF,RETRACTED,AUTO
23:35:43,-80.65533,-19.60941,0,415,OFF,RETRACTED,AUTO
23:35:43,-81.02897,-19.90236,0,413,OFF,RETRACTED,AUTO
23:35:43,-80.20388,-19.70687,0,405,OFF,RETRACTED,AUTO
23:35:43,-80.47987,-18.10228,0,396,OFF,RETRACTED,AUTO
23:35:43,-80.67751,-19.65936,0,391,OFF,RETRACTED,AUTO
23:35:43,-80.81529,-20.39891,0,389,OFF,RETRACTED,AUTO
23:35:43,-80.66961,-19.43084,0,393,OFF,RETRACTED,AUTO
23:35:43,-80.65123,-20.42068,0,401,OFF,RETRACTED,AUTO
23:35:44,-80.59374,-20.11583,0,408,OFF,RETRACTED,AUTO
23:35:44,-80.57701,-20.66142,0,414,OFF,RETRACTED,AUTO
23:35:44,-80.43357,-18.86803,0,415,OFF,RETRACTED,AUTO
23:35:44,-80.77409,-21.11583,0,413,OFF,RETRACTED,AUTO
23:35:44,-80.71327,-19.38452,0,405,OFF,RETRACTED,AUTO
23:35:44,-80.78963,-21.03751,0,397,OFF,RETRACTED,AUTO
23:35:44,-80.41841,-19.63215,0,391,OFF,RETRACTED,AUTO
23:35:44,-80.60191,-19.63169,0,389,OFF,RETRACTED,AUTO
23:35:44,-80.72932,-19.67629,0,393,OFF,RETRACTED,AUTO
23:35:44,-80.45165,-20.28091,0,401,OFF,RETRACTED,AUTO
23:35:45,-80.4566,-19.45798,0,406,OFF,RETRACTED,AUTO
23:35:45,-80.59078,-19.7865,0,413,OFF,RETRACTED,AUTO
23:35:45,-80.83852,-19.6652,0,415,OFF,RETRACTED,AUTO
23:35:45,-80.43713,-20.38513,0,413,OFF,RETRACTED,AUTO
23:35:45,-80.53802,-19.23246,0,406,OFF,RETRACTED,AUTO
23:35:45,-80.54492,-19.99011,0,397,OFF,RETRACTED,AUTO
23:35:45,-80.80142,-19.68204,0,391,OFF,RETRACTED,AUTO
23:35:45,-80.79278,-19.26217,0,389,OFF,RETRACTED,AUTO
23:35:45,-80.80061,-20.32022,0,393,OFF,RETRACTED,AUTO
23:35:45,-80.76581,-19.25834,0,401,OFF,RETRACTED,AUTO
23:35:46,-80.75111,-19.99741,0,406,OFF,RETRACTED,AUTO
23:35:46,-80.76711,-19.81148,0,413,OFF,RETRACTED,AUTO
23:35:46,-80.84295,-19.71628,0,415,OFF,RETRACTED,AUTO
23:35:46,-80.50481,-19.39022,0,413,OFF,RETRACTED,AUTO
23:35:46,-80.89697,-19.05332,0,406,OFF,RETRACTED,AUTO
23:35:46,-80.60159,-18.92909,0,399,OFF,RETRACTED,AUTO
23:35:46,-80.77964,-20.53636,0,392,OFF,RETRACTED,AUTO
23:35:46,-80.6354,-18.98259,0,389,OFF,RETRACTED,AUTO
23:35:46,-80.46313,-18.22977,0,393,OFF,RETRACTED,AUTO
23:35:46,-80.71824,-19.64266,0,400,OFF,RETRACTED,AUTO
23:35:47,-80.58057,-19.44457,0,406,OFF,RETRACTED,AUTO
23:35:47,-80.91981,-21.02526,0,413,OFF,RETRACTED,AUTO
23:35:47,-80.45792,-19.40858,0,415,OFF,RETRACTED,AUTO
23:35:47,-80.71738,-20.14673,0,414,OFF,RETRACTED,AUTO
23:35:47,-80.31791,-19.57312,0,408,OFF,RETRACTED,AUTO
23:35:47,-80.55662,-20.03902,0,400,OFF,RETRACTED,AUTO
23:35:47,-80.89664,-20.74488,0,392,OFF,RETRACTED,AUTO
23:35:47,-80.67165,-19.58699,0,391,OFF,RETRACTED,AUTO
23:35:47,-80.68928,-19.03915,0,393,OFF,RETRACTED,AUTO
23:35:47,-80.27657,-20.7697,0,401,OFF,RETRACTED,AUTO
23:35:48,-80.97001,-19.97581,0,406,OFF,RETRACTED,AUTO
23:35:48,-80.60832,-19.7865,0,414,OFF,RETRACTED,AUTO
23:35:48,-81.06125,-22.41314,0,416,OFF,RETRACTED,AUTO
23:35:48,-80.56144,-19.18573,0,415,OFF,RETRACTED,AUTO
23:35:48,-80.88062,-18.97041,0,410,OFF,RETRACTED,AUTO
23:35:48,-80.72192,-19.74884,0,401,OFF,RETRACTED,AUTO
23:35:48,-80.67999,-19.27056,0,393,OFF,RETRACTED,AUTO
23:35:48,-80.41074,-19.58326,0,391,OFF,RETRACTED,AUTO
23:35:48,-80.8649,-19.91063,0,394,OFF,RETRACTED,AUTO
23:35:48,-80.85424,-19.26604,0,401,OFF,RETRACTED,AUTO
23:35:49,-80.42601,-20.60324,0,408,OFF,RETRACTED,AUTO
23:35:49,-80.50088,-19.0549,0,414,OFF,RETRACTED,AUTO
23:35:49,-80.55855,-20.89083,0,416,OFF,RETRACTED,AUTO
23:35:49,-80.78133,-18.67446,0,415,OFF,RETRACTED,AUTO
23:35:49,-81.02899,-20.37412,0,410,OFF,RETRACTED,AUTO
23:35:49,-80.37801,-19.02036,0,401,OFF,RETRACTED,AUTO
23:35:49,-80.46288,-19.76836,0,393,OFF,RETRACTED,AUTO
23:35:49,-80.30425,-18.15767,0,389,OFF,RETRACTED,AUTO
23:35:49,-80.40479,-18.61328,0,393,OFF,RETRACTED,AUTO
23:35:50,-80.51228,-19.67024,0,399,OFF,RETRACTED,AUTO
23:35:50,-80.56496,-19.82961,0,405,OFF,RETRACTED,AUTO
23:35:50,-81.01463,-19.82153,0,413,OFF,RETRACTED,AUTO
23:35:50,-80.81621,-19.6312,0,416,OFF,RETRACTED,AUTO
23:35:50,-80.55565,-19.31715,0,416,OFF,RETRACTED,AUTO
23:35:50,-80.87878,-19.6937,0,413,OFF,RETRACTED,AUTO
23:35:50,-80.68808,-18.90672,0,405,OFF,RETRACTED,AUTO
23:35:50,-80.80797,-21.1461,0,399,OFF,RETRACTED,AUTO
23:35:50,-80.52625,-20.45085,0,396,OFF,RETRACTED,AUTO
23:35:50,-80.26508,-19.96281,0,397,OFF,RETRACTED,AUTO
23:35:51,-80.62991,-19.19258,0,403,OFF,RETRACTED,AUTO
23:35:51,-80.63653,-20.59456,0,412,OFF,RETRACTED,AUTO
23:35:51,-80.67882,-19.87687,0,418,OFF,RETRACTED,AUTO
23:35:51,-80.93555,-19.54446,0,425,OFF,RETRACTED,AUTO
23:35:51,-80.59894,-19.18914,0,424,OFF,RETRACTED,AUTO
23:35:51,-80.72941,-20.62437,0,415,OFF,RETRACTED,AUTO
23:35:51,-80.59825,-19.52666,0,406,OFF,RETRACTED,AUTO
23:35:51,-80.71751,-18.27711,0,399,OFF,RETRACTED,AUTO
23:35:51,-80.53927,-20.93795,0,396,OFF,RETRACTED,AUTO
23:35:51,-80.74815,-19.78315,0,397,OFF,RETRACTED,AUTO
23:35:52,-80.25359,-19.06179,0,403,OFF,RETRACTED,AUTO
23:35:52,-80.50122,-19.59358,0,410,OFF,RETRACTED,AUTO
23:35:52,-80.69964,-19.14487,0,416,OFF,RETRACTED,AUTO
23:35:52,-80.36586,-18.23159,0,424,OFF,RETRACTED,AUTO
23:35:52,-80.8723,-20.27911,0,424,OFF,RETRACTED,AUTO
23:35:52,-80.4015,-19.60513,0,416,OFF,RETRACTED,AUTO
23:35:52,-80.7306,-20.06852,0,406,OFF,RETRACTED,AUTO
23:35:52,-80.79135,-20.10483,0,398,OFF,RETRACTED,AUTO
23:35:52,-80.5873,-19.44916,0,393,OFF,RETRACTED,AUTO
23:35:52,-80.80592,-20.13368,0,394,OFF,RETRACTED,AUTO
23:35:53,-80.93511,-20.26693,0,401,OFF,RETRACTED,AUTO
23:35:53,-80.72121,-20.88785,0,406,OFF,RETRACTED,AUTO
23:35:53,-80.57069,-20.5848,0,414,OFF,RETRACTED,AUTO
23:35:53,-80.85742,-19.23437,0,417,OFF,RETRACTED,AUTO
23:35:53,-80.82317,-19.31389,0,417,OFF,RETRACTED,AUTO
23:35:53,-80.77312,-20.29111,0,412,OFF,RETRACTED,AUTO
23:35:53,-80.80401,-19.44469,0,403,OFF,RETRACTED,AUTO
23:35:53,-80.69603,-20.19613,0,394,OFF,RETRACTED,AUTO
23:35:53,-80.9249,-18.78447,0,389,OFF,RETRACTED,AUTO
23:35:53,-80.59291,-18.59107,0,391,OFF,RETRACTED,AUTO
23:35:54,-80.53981,-17.89371,0,396,OFF,RETRACTED,AUTO
23:35:54,-80.62658,-21.77082,0,403,OFF,RETRACTED,AUTO
23:35:54,-80.92325,-19.59093,0,410,OFF,RETRACTED,AUTO
23:35:54,-80.99994,-20.30528,0,414,OFF,RETRACTED,AUTO
23:35:54,-80.49884,-19.8998,0,414,OFF,RETRACTED,AUTO
23:35:54,-80.54841,-18.77183,0,408,OFF,RETRACTED,AUTO
23:35:54,-80.73979,-19.27825,0,401,OFF,RETRACTED,AUTO
23:35:54,-80.63945,-19.63715,0,393,OFF,RETRACTED,AUTO
23:35:54,-80.83099,-18.24674,0,388,OFF,RETRACTED,AUTO
23:35:54,-81.23918,-18.74134,0,390,OFF,RETRACTED,AUTO
23:35:55,-80.93854,-19.94665,0,396,OFF,RETRACTED,AUTO
23:35:55,-80.63293,-20.65258,0,403,OFF,RETRACTED,AUTO
23:35:55,-80.60233,-20.89083,0,412,OFF,RETRACTED,AUTO
23:35:55,-80.68081,-19.6706,0,415,OFF,RETRACTED,AUTO
23:35:55,-80.57755,-19.70338,0,415,OFF,RETRACTED,AUTO
23:35:55,-80.97311,-18.83938,0,410,OFF,RETRACTED,AUTO
23:35:55,-80.57229,-18.35749,0,402,OFF,RETRACTED,AUTO
23:35:55,-80.59368,-19.52173,0,393,OFF,RETRACTED,AUTO
23:35:55,-80.69052,-19.69284,0,389,OFF,RETRACTED,AUTO
23:35:55,-80.47263,-19.43553,0,392,OFF,RETRACTED,AUTO
23:35:56,-80.58349,-18.61734,0,397,OFF,RETRACTED,AUTO
23:35:56,-80.79977,-18.99535,0,405,OFF,RETRACTED,AUTO
23:35:56,-80.94987,-19.75713,0,412,OFF,RETRACTED,AUTO
23:35:56,-80.80063,-19.86837,0,415,OFF,RETRACTED,AUTO
23:35:56,-80.66257,-19.42631,0,415,OFF,RETRACTED,AUTO
23:35:56,-80.44836,-19.20226,0,410,OFF,RETRACTED,AUTO
23:35:56,-80.70351,-19.69284,0,401,OFF,RETRACTED,AUTO
23:35:56,-80.68273,-19.79266,0,393,OFF,RETRACTED,AUTO
23:35:56,-80.77586,-20.00467,0,390,OFF,RETRACTED,AUTO
23:35:56,-80.70119,-19.40775,0,393,OFF,RETRACTED,AUTO
23:35:57,-80.92813,-19.96857,0,399,OFF,RETRACTED,AUTO
23:35:57,-80.42113,-19.14919,0,406,OFF,RETRACTED,AUTO
23:35:57,-80.56429,-19.7804,0,414,OFF,RETRACTED,AUTO
23:35:57,-80.75471,-20.23312,0,416,OFF,RETRACTED,AUTO
23:35:57,-80.7099,-18.12043,0,414,OFF,RETRACTED,AUTO
23:35:57,-80.55862,-18.20236,0,408,OFF,RETRACTED,AUTO
23:35:57,-80.7441,-19.27825,0,399,OFF,RETRACTED,AUTO
23:35:57,-80.41763,-20.09338,0,393,OFF,RETRACTED,AUTO
23:35:57,-80.74779,-19.9403,0,393,OFF,RETRACTED,AUTO
23:35:57,-81.1924,-30.9336,0,398,OFF,RETRACTED,AUTO
23:35:58,-80.67929,-16.65159,0,405,OFF,RETRACTED,AUTO
23:35:58,-80.58018,-14.23375,0,414,OFF,RETRACTED,AUTO
23:35:58,-81.17423,-21.8503,0,423,OFF,RETRACTED,AUTO
23:35:58,-81.0721,-20.57636,0,426,OFF,RETRACTED,AUTO
23:35:58,-80.63046,-19.47657,0,422,OFF,RETRACTED,AUTO
23:35:58,-80.52119,-18.71795,0,412,OFF,RETRACTED,AUTO
23:35:58,-80.2801,-18.2847,0,403,OFF,RETRACTED,AUTO
23:35:58,-80.44816,-21.14183,0,397,OFF,RETRACTED,AUTO
23:35:58,-80.34436,-17.52557,0,397,OFF,RETRACTED,AUTO
23:35:58,-80.88689,-21.25051,0,403,OFF,RETRACTED,AUTO
23:35:59,-80.5413,-19.96213,0,411,OFF,RETRACTED,AUTO
23:35:59,-80.50179,-21.77128,0,416,OFF,RETRACTED,AUTO
23:35:59,-80.64285,-19.89839,0,426,OFF,RETRACTED,AUTO
23:35:59,-80.75629,-19.09653,0,426,OFF,RETRACTED,AUTO
23:35:59,-80.27549,-19.1855,0,417,OFF,RETRACTED,AUTO
23:35:59,-80.17704,-20.9869,0,410,OFF,RETRACTED,AUTO
23:35:59,-80.86876,-20.44685,0,401,OFF,RETRACTED,AUTO
23:35:59,-80.57673,-19.72518,0,396,OFF,RETRACTED,AUTO
23:35:59,-80.57594,-18.30503,0,399,OFF,RETRACTED,AUTO
23:36:00,-80.62014,-19.52666,0,404,OFF,RETRACTED,AUTO
23:36:00,-80.83888,-20.94071,0,412,OFF,RETRACTED,AUTO
23:36:00,-80.78323,-18.94056,0,417,OFF,RETRACTED,AUTO
23:36:00,-80.63374,-20.74841,0,424,OFF,RETRACTED,AUTO
23:36:00,-80.78988,-17.53398,0,418,OFF,RETRACTED,AUTO
23:36:00,-80.50095,-21.15394,0,410,OFF,RETRACTED,AUTO
23:36:00,-80.26729,-18.73598,0,399,OFF,RETRACTED,AUTO
23:36:00,-80.63531,-20.08198,0,391,OFF,RETRACTED,AUTO
23:36:00,-80.73846,-21.27634,0,389,OFF,RETRACTED,AUTO
23:36:00,-80.59792,-19.99717,0,393,OFF,RETRACTED,AUTO
23:36:01,-80.56425,-19.8638,0,400,OFF,RETRACTED,AUTO
23:36:01,-80.83643,-21.28539,0,406,OFF,RETRACTED,AUTO
23:36:01,-80.90464,-26.2627,0,413,OFF,RETRACTED,AUTO
23:36:01,-80.82333,-19.15477,0,413,OFF,RETRACTED,AUTO
23:36:01,-80.80009,-19.41676,0,410,OFF,RETRACTED,AUTO
23:36:01,-81.08109,-21.39872,0,401,OFF,RETRACTED,AUTO
23:36:01,-80.54922,-17.86615,0,393,OFF,RETRACTED,AUTO
23:36:01,-80.92468,-19.77967,0,388,OFF,RETRACTED,AUTO
23:36:01,-80.97018,-20.69724,0,390,OFF,RETRACTED,AUTO
23:36:01,-80.29988,-19.63783,0,397,OFF,RETRACTED,AUTO
23:36:02,-80.78265,-19.57488,0,405,OFF,RETRACTED,AUTO
23:36:02,-80.2939,-18.61171,0,414,OFF,RETRACTED,AUTO
23:36:02,-80.51523,-18.43495,0,423,OFF,RETRACTED,AUTO
23:36:02,-80.69747,-19.14487,0,416,OFF,RETRACTED,AUTO
23:36:02,-80.78209,-20.08368,0,406,OFF,RETRACTED,AUTO
23:36:02,-80.56355,-19.80812,0,379,OFF,RETRACTED,AUTO
23:36:02,-80.76063,-19.01742,0,309,OFF,RETRACTED,AUTO
23:36:02,-80.63789,-19.60941,0,388,OFF,RETRACTED,AUTO
23:36:02,-80.52834,-17.35886,0,399,OFF,RETRACTED,AUTO
23:36:02,-80.63524,-17.55434,0,408,OFF,RETRACTED,AUTO
23:36:03,-81.41143,-22.51653,0,415,OFF,RETRACTED,AUTO
23:36:03,-82.22578,-55.51191,0,423,OFF,RETRACTED,AUTO
23:36:03,-82.335,-82.73965,0,423,OFF,RETRACTED,AUTO
23:36:03,-81.35658,-25.16787,0,414,OFF,RETRACTED,AUTO
23:36:03,-81.78379,-16.58548,0,405,OFF,RETRACTED,AUTO
23:36:03,-81.6328,-22.10945,0,397,OFF,RETRACTED,AUTO
23:36:03,-81.31304,-22.29775,0,394,OFF,RETRACTED,AUTO
23:36:03,-81.22742,-20.8858,0,397,OFF,RETRACTED,AUTO
23:36:03,-80.87143,-21.32946,0,403,OFF,RETRACTED,AUTO
23:36:03,-81.03383,-18.9012,0,408,OFF,RETRACTED,AUTO
23:36:04,-81.02863,-19.359,0,415,OFF,RETRACTED,AUTO
23:36:04,-81.37289,-21.13982,0,422,OFF,RETRACTED,AUTO
23:36:04,-81.07893,-19.19667,0,416,OFF,RETRACTED,AUTO
23:36:04,-80.9063,-20.17878,0,410,OFF,RETRACTED,AUTO
23:36:04,-81.29076,-19.86215,0,397,OFF,RETRACTED,AUTO
23:36:04,-81.15533,-22.02851,0,391,OFF,RETRACTED,AUTO
23:36:04,-80.91409,-21.28127,0,389,OFF,RETRACTED,AUTO
23:36:04,-81.11226,-21.39872,0,393,OFF,RETRACTED,AUTO
23:36:04,-81.56839,-21.8524,0,399,OFF,RETRACTED,AUTO
23:36:04,-81.01985,-20.50563,0,406,OFF,RETRACTED,AUTO
23:36:05,-80.96699,-19.67679,0,412,OFF,RETRACTED,AUTO
23:36:05,-81.20926,-19.87814,0,412,OFF,RETRACTED,AUTO
23:36:05,-81.04371,-21.32182,0,406,OFF,RETRACTED,AUTO
23:36:05,-81.01918,-18.76173,0,399,OFF,RETRACTED,AUTO
23:36:05,-81.20957,-20.8035,0,391,OFF,RETRACTED,AUTO
23:36:05,-80.80941,-17.15837,0,382,OFF,RETRACTED,AUTO
23:36:05,-80.73972,-18.67116,0,113,OFF,RETRACTED,AUTO
23:36:05,-80.90349,-21.28127,0,385,OFF,RETRACTED,AUTO
23:36:05,-81.1783,-22.6468,0,401,OFF,RETRACTED,AUTO
23:36:05,-81.16011,-20.17735,0,406,OFF,RETRACTED,AUTO
23:36:06,-81.33263,-21.13982,0,389,OFF,RETRACTED,AUTO
23:36:06,-80.83224,-19.71628,0,402,OFF,RETRACTED,AUTO
23:36:06,-80.84763,-22.09966,0,397,OFF,RETRACTED,AUTO
23:36:06,-81.29259,-20.84657,0,386,OFF,RETRACTED,AUTO
23:36:06,-81.09599,-19.28595,0,118,OFF,RETRACTED,AUTO
23:36:06,-81.23918,-20.57663,0,381,OFF,RETRACTED,AUTO
23:36:06,-81.45001,-22.64073,0,396,OFF,RETRACTED,AUTO
23:36:06,-81.59026,-22.5846,0,404,OFF,RETRACTED,AUTO
23:36:06,-81.12161,-22.04391,0,413,OFF,RETRACTED,AUTO
23:36:06,-81.1271,-21.65599,0,416,OFF,RETRACTED,AUTO
23:36:07,-80.73075,-22.52247,0,415,OFF,RETRACTED,AUTO
23:36:07,-82.63193,-23.59373,0,408,OFF,RETRACTED,AUTO
23:36:07,-81.5893,-21.01775,0,400,OFF,RETRACTED,AUTO
23:36:07,-81.69587,-21.62789,0,392,OFF,RETRACTED,AUTO
23:36:07,-81.50799,-20.51389,0,391,OFF,RETRACTED,AUTO
23:36:07,-81.55964,-22.65523,0,396,OFF,RETRACTED,AUTO
23:36:07,-82.04885,-23.23616,0,403,OFF,RETRACTED,AUTO
23:36:07,-81.04417,-21.27284,0,413,OFF,RETRACTED,AUTO
23:36:07,-81.3587,-22.24902,0,416,OFF,RETRACTED,AUTO
23:36:07,-81.44905,-20.29177,0,417,OFF,RETRACTED,AUTO
23:36:08,-81.34224,-19.87623,0,413,OFF,RETRACTED,AUTO
23:36:08,-81.15451,-21.55607,0,402,OFF,RETRACTED,AUTO
23:36:08,-81.88089,-23.5858,0,394,OFF,RETRACTED,AUTO
23:36:08,-79.58183,-24.56135,0,392,OFF,RETRACTED,AUTO
23:36:08,-81.49709,-21.39981,0,394,OFF,RETRACTED,AUTO
23:36:08,-81.00971,-20.80029,0,402,OFF,RETRACTED,AUTO
23:36:08,-81.22796,-24.24776,0,410,OFF,RETRACTED,AUTO
23:36:08,-81.69147,-26.19085,0,415,OFF,RETRACTED,AUTO
23:36:08,-81.46359,-24.37647,0,416,OFF,RETRACTED,AUTO
23:36:08,-81.45592,-26.28241,0,413,OFF,RETRACTED,AUTO
23:36:09,-81.39176,-27.32788,0,405,OFF,RETRACTED,AUTO
23:36:09,-81.61022,-25.98716,0,396,OFF,RETRACTED,AUTO
23:36:09,-81.78319,-27.10911,0,391,OFF,RETRACTED,AUTO
23:36:09,-81.21301,-26.131,0,392,OFF,RETRACTED,AUTO
23:36:09,-81.31281,-27.31995,0,399,OFF,RETRACTED,AUTO
23:36:09,-81.1036,-23.75906,0,406,OFF,RETRACTED,AUTO
23:36:09,-81.47746,-26.4428,0,415,OFF,RETRACTED,AUTO
23:36:09,-80.84514,-40.1143,0,417,OFF,RETRACTED,AUTO
23:36:09,-80.99574,-25.52622,0,416,OFF,RETRACTED,AUTO
23:36:10,-81.11867,-28.24171,0,410,OFF,RETRACTED,AUTO
23:36:10,-81.50141,-26.72794,0,401,OFF,RETRACTED,AUTO
23:36:10,-80.47775,-1.720815,0,393,OFF,RETRACTED,AUTO
23:36:10,-81.27297,-21.29176,0,397,OFF,RETRACTED,AUTO
23:36:10,-81.06062,-22.46014,0,400,OFF,RETRACTED,AUTO
23:36:10,-81.11726,-20.30203,0,408,OFF,RETRACTED,AUTO
23:36:10,-81.22676,-21.52375,0,414,OFF,RETRACTED,AUTO
23:36:10,-81.45211,-22.0679,0,417,OFF,RETRACTED,AUTO
23:36:10,-80.89492,-21.76984,0,422,OFF,RETRACTED,AUTO
23:36:10,-81.42188,-19.74466,0,415,OFF,RETRACTED,AUTO
23:36:11,-81.2789,-20.03623,0,406,OFF,RETRACTED,AUTO
23:36:11,-80.94802,-21.4846,0,397,OFF,RETRACTED,AUTO
23:36:11,-80.80887,-20.39891,0,394,OFF,RETRACTED,AUTO
23:36:11,-81.18539,-21.73628,0,401,OFF,RETRACTED,AUTO
23:36:11,-81.46027,-21.3016,0,408,OFF,RETRACTED,AUTO
23:36:11,-81.61616,-23.02972,0,415,OFF,RETRACTED,AUTO
23:36:11,-81.42241,-23.03374,0,422,OFF,RETRACTED,AUTO
23:36:11,-81.31068,-21.58669,0,423,OFF,RETRACTED,AUTO
23:36:11,-81.82201,-22.9993,0,415,OFF,RETRACTED,AUTO
23:36:11,-81.93155,-24.86159,0,406,OFF,RETRACTED,AUTO
23:36:12,-81.54678,-27.86885,0,397,OFF,RETRACTED,AUTO
23:36:12,-81.68621,-28.97346,0,392,OFF,RETRACTED,AUTO
23:36:12,-81.62035,-27.8445,0,393,OFF,RETRACTED,AUTO
23:36:12,-81.47515,-28.01936,0,401,OFF,RETRACTED,AUTO
23:36:12,-81.52789,-30.63618,0,408,OFF,RETRACTED,AUTO
23:36:12,-82.37589,-27.61164,0,414,OFF,RETRACTED,AUTO
23:36:12,-81.99155,-29.49411,0,417,OFF,RETRACTED,AUTO
23:36:12,-82.37572,-30.32196,0,416,OFF,RETRACTED,AUTO
23:36:12,-81.69169,-27.23271,0,408,OFF,RETRACTED,AUTO
23:36:12,-81.57255,-28.46321,0,400,OFF,RETRACTED,AUTO
23:36:13,-81.30083,-25.29114,0,394,OFF,RETRACTED,AUTO
23:36:13,-81.83288,-24.74204,0,393,OFF,RETRACTED,AUTO
23:36:13,-81.55656,-17.94078,0,397,OFF,RETRACTED,AUTO
23:36:13,-81.77499,-21.92391,0,404,OFF,RETRACTED,AUTO
23:36:13,-81.69342,-21.64581,0,413,OFF,RETRACTED,AUTO
23:36:13,-81.73385,-22.58385,0,417,OFF,RETRACTED,AUTO
23:36:13,-81.65896,-23.91551,0,417,OFF,RETRACTED,AUTO
23:36:13,-81.69771,-24.11339,0,413,OFF,RETRACTED,AUTO
23:36:13,-77.64962,-25.91888,0,403,OFF,RETRACTED,AUTO
23:36:13,-81.30828,-21.15016,0,392,OFF,RETRACTED,AUTO
23:36:14,-81.65558,-21.04432,0,389,OFF,RETRACTED,AUTO
23:36:14,-82.45586,-20.60396,0,392,OFF,RETRACTED,AUTO
23:36:14,-83.02459,-21.34816,0,397,OFF,RETRACTED,AUTO
23:36:14,-82.6059,-19.9563,0,405,OFF,RETRACTED,AUTO
23:36:14,-83.04608,-19.06919,0,412,OFF,RETRACTED,AUTO
23:36:14,-83.49141,-22.37369,0,413,OFF,RETRACTED,AUTO
23:36:14,-82.72792,-23.46838,0,412,OFF,RETRACTED,AUTO
23:36:14,-82.32531,-21.59531,0,404,OFF,RETRACTED,AUTO
23:36:14,-81.43428,-19.91266,0,396,OFF,RETRACTED,AUTO
23:36:14,-82.6681,-20.99971,0,391,OFF,RETRACTED,AUTO
23:36:15,-83.21117,-21.98913,0,392,OFF,RETRACTED,AUTO
23:36:15,-80.79453,-22.23449,0,400,OFF,RETRACTED,AUTO
23:36:15,-80.79082,-13.32868,0,412,OFF,RETRACTED,AUTO
23:36:15,-70.71249,-1.880131,0,430,OFF,RETRACTED,AUTO
23:36:15,-68.26862,-9.418103,0,447,OFF,RETRACTED,AUTO
23:36:15,-71.07821,-9.646006,0,448,OFF,RETRACTED,AUTO
23:36:15,-75.92673,-13.10846,0,434,OFF,RETRACTED,AUTO
23:36:15,-79.18392,-19.95338,0,412,OFF,RETRACTED,AUTO
23:36:15,-80.04243,-18.92464,0,398,OFF,RETRACTED,AUTO
23:36:15,-79.66011,-16.82806,0,396,OFF,RETRACTED,AUTO
23:36:16,-82.56643,-16.09262,0,399,OFF,RETRACTED,AUTO
23:36:16,-79.68089,-15.05732,0,405,OFF,RETRACTED,AUTO
23:36:16,-80.66624,-17.488,0,413,OFF,RETRACTED,AUTO
23:36:16,-80.74644,-18.27638,0,417,OFF,RETRACTED,AUTO
23:36:16,-80.83252,-18.54165,0,313,OFF,RETRACTED,AUTO
23:36:16,-80.88012,-17.87087,0,402,OFF,RETRACTED,AUTO
23:36:16,-80.87511,-18.2749,0,403,OFF,RETRACTED,AUTO
23:36:16,-80.55994,-17.96914,0,394,OFF,RETRACTED,AUTO
23:36:16,-80.55531,-18.92909,0,392,OFF,RETRACTED,AUTO
23:36:16,-80.68999,-16.33329,0,392,OFF,RETRACTED,AUTO
23:36:17,-80.84302,-19.25834,0,396,OFF,RETRACTED,AUTO
23:36:17,-80.89072,-17.76407,0,403,OFF,RETRACTED,AUTO
23:36:17,-81.00879,-18.24496,0,409,OFF,RETRACTED,AUTO
23:36:17,-80.86115,-17.47477,0,412,OFF,RETRACTED,AUTO
23:36:17,-80.90381,-18.91777,0,408,OFF,RETRACTED,AUTO
23:36:17,-80.72861,-16.23033,0,401,OFF,RETRACTED,AUTO
23:36:17,-80.99004,-20.17395,0,391,OFF,RETRACTED,AUTO
23:36:17,-80.82658,-18.22215,0,386,OFF,RETRACTED,AUTO
23:36:17,-80.99685,-19.49235,0,387,OFF,RETRACTED,AUTO
23:36:17,-80.92258,-18.21914,0,393,OFF,RETRACTED,AUTO
23:36:18,-80.77676,-18.17091,0,401,OFF,RETRACTED,AUTO
23:36:18,-80.8176,-17.07799,0,408,OFF,RETRACTED,AUTO
23:36:18,-81.10343,-18.51755,0,412,OFF,RETRACTED,AUTO
23:36:18,-80.60173,-19.08453,0,412,OFF,RETRACTED,AUTO
23:36:18,-80.46893,-17.25745,0,404,OFF,RETRACTED,AUTO
23:36:18,-80.70422,-16.15063,0,394,OFF,RETRACTED,AUTO
23:36:18,-80.83036,-16.94846,0,387,OFF,RETRACTED,AUTO
23:36:18,-80.67617,-17.90932,0,386,OFF,RETRACTED,AUTO
23:36:18,-80.57361,-16.98211,0,393,ON,RETRACTED,AUTO
23:36:18,-80.92262,-18.81189,0,401,ON,RETRACTED,AUTO
23:36:19,-80.588,-17.52557,0,408,ON,RETRACTED,AUTO
23:36:19,-80.79926,-18.35533,0,413,ON,RETRACTED,AUTO
23:36:19,-80.63905,-17.51724,0,414,ON,RETRACTED,AUTO
23:36:19,-80.61742,-18.82471,0,411,ON,RETRACTED,AUTO
23:36:19,-80.83915,-18.24849,0,402,ON,RETRACTED,AUTO
23:36:19,-80.72598,-18.19808,0,394,ON,RETRACTED,AUTO
23:36:19,-80.73632,-18.40858,0,393,ON,RETRACTED,AUTO
23:36:19,-80.67107,-17.35897,0,397,ON,RETRACTED,AUTO
23:36:19,-81.0925,-18.68132,0,405,ON,RETRACTED,AUTO
23:36:20,-81.02122,-17.12805,0,414,ON,RETRACTED,AUTO
23:36:20,-80.56492,-17.47622,0,423,ON,RETRACTED,AUTO
23:36:20,-81.32676,-18.18548,0,424,ON,RETRACTED,AUTO
23:36:20,-80.91485,-20.71687,0,417,ON,RETRACTED,AUTO
23:36:20,-80.9064,-17.38451,0,410,ON,RETRACTED,AUTO
23:36:20,-80.93293,-16.15506,0,401,ON,RETRACTED,AUTO
23:36:20,-81.49871,-20.27884,0,393,ON,RETRACTED,AUTO
23:36:20,-81.20897,-17.49029,0,393,ON,RETRACTED,AUTO
23:36:20,-81.09862,-17.5782,0,396,ON,RETRACTED,AUTO
23:36:20,-81.52862,-17.19647,0,403,ON,RETRACTED,AUTO
23:36:21,-81.99777,-19.85272,0,412,ON,RETRACTED,AUTO
23:36:21,-81.53012,-18.4635,0,416,ON,RETRACTED,AUTO
23:36:21,-81.20554,-18.85113,0,416,ON,RETRACTED,AUTO
23:36:21,-81.04314,-16.82333,0,410,ON,RETRACTED,AUTO
23:36:21,-81.04828,-19.06515,0,401,ON,RETRACTED,AUTO
23:36:21,-81.12376,-16.53223,0,393,ON,RETRACTED,AUTO
23:36:21,-81.1239,-18.65468,0,392,ON,RETRACTED,AUTO
23:36:21,-81.35012,-17.87048,0,397,ON,RETRACTED,AUTO
23:36:21,-81.09447,-18.76329,0,403,ON,RETRACTED,AUTO
23:36:21,-81.36261,-18.06786,0,412,ON,RETRACTED,AUTO
23:36:22,-81.23913,-19.04861,0,417,ON,RETRACTED,AUTO
23:36:22,-81.08501,-17.36438,0,417,ON,RETRACTED,AUTO
23:36:22,-81.14983,-18.18548,0,413,ON,RETRACTED,AUTO
23:36:22,-81.4407,-17.89255,0,404,ON,RETRACTED,AUTO
23:36:22,-81.47592,-17.08942,0,396,ON,RETRACTED,AUTO
23:36:22,-81.58351,-17.82513,0,392,ON,RETRACTED,AUTO
23:36:22,-81.084,-16.5997,0,396,ON,RETRACTED,AUTO
23:36:22,-81.14999,-17.24434,0,402,ON,RETRACTED,AUTO
23:36:22,-81.27739,-18.57504,0,408,ON,RETRACTED,AUTO
23:36:22,-81.12121,-17.66519,0,414,ON,RETRACTED,AUTO
23:36:23,-81.42319,-18.00631,0,415,ON,RETRACTED,AUTO
23:36:23,-81.14243,-17.80111,0,411,ON,RETRACTED,AUTO
23:36:23,-80.94428,-17.27789,0,401,ON,RETRACTED,AUTO
23:36:23,-81.29223,-17.28526,0,389,ON,RETRACTED,AUTO
23:36:23,-81.71796,-17.81889,0,381,ON,RETRACTED,AUTO
23:36:23,-81.49523,-19.38451,0,381,ON,RETRACTED,AUTO
23:36:23,-81.2524,-18.63069,0,387,ON,RETRACTED,AUTO
23:36:23,-81.16157,-18.54524,0,394,ON,RETRACTED,AUTO
23:36:23,-81.41367,-16.84538,0,402,ON,RETRACTED,AUTO
23:36:23,-81.34481,-18.74588,0,405,ON,RETRACTED,AUTO
23:36:24,-81.05429,-17.72493,0,404,ON,RETRACTED,AUTO
23:36:24,-81.18806,-18.82096,0,399,ON,RETRACTED,AUTO
23:36:24,-81.58432,-17.97149,0,389,ON,RETRACTED,AUTO
23:36:24,-80.71789,-16.80288,0,386,ON,RETRACTED,AUTO
23:36:24,-81.3998,-16.93125,0,388,ON,RETRACTED,AUTO
23:36:24,-81.29128,-19.61788,0,394,ON,RETRACTED,AUTO
23:36:24,-81.31838,-19.49897,0,403,ON,RETRACTED,AUTO
23:36:24,-81.42162,-18.49213,0,412,ON,RETRACTED,AUTO
23:36:24,-81.4708,-19.58071,0,417,ON,RETRACTED,AUTO
23:36:24,-81.25477,-17.62723,0,422,ON,RETRACTED,AUTO
23:36:25,-80.8286,-16.78008,0,414,ON,RETRACTED,AUTO
23:36:25,-81.31806,-17.25895,0,405,ON,RETRACTED,AUTO
23:36:25,-81.31128,-18.57572,0,397,ON,RETRACTED,AUTO
23:36:25,-81.06079,-17.83358,0,393,ON,RETRACTED,AUTO
23:36:25,-81.06973,-18.51715,0,393,ON,RETRACTED,AUTO
23:36:25,-81.50813,-19.01077,0,399,ON,RETRACTED,AUTO
23:36:25,-81.32015,-16.80159,0,162,ON,RETRACTED,AUTO
23:36:25,-81.52301,-19.38451,0,392,ON,RETRACTED,AUTO
23:36:25,-81.17635,-18.40731,0,412,ON,RETRACTED,AUTO
23:36:25,-81.21547,-17.51674,0,412,ON,RETRACTED,AUTO
23:36:26,-81.1347,-18.26951,0,405,ON,RETRACTED,AUTO
23:36:26,-81.14471,-18.48993,0,396,ON,RETRACTED,AUTO
23:36:26,-81.34593,-18.68859,0,389,ON,RETRACTED,AUTO
23:36:26,-81.1806,-18.07495,0,388,ON,RETRACTED,AUTO
23:36:26,-81.46099,-19.26443,0,161,ON,RETRACTED,AUTO
23:36:26,-81.25335,-19.75541,0,377,ON,RETRACTED,AUTO
23:36:26,-81.68543,-17.64208,0,404,ON,RETRACTED,AUTO
23:36:26,-81.05525,-16.33604,0,390,ON,RETRACTED,AUTO
23:36:26,-80.67413,-16.25356,0,171,ON,RETRACTED,AUTO
23:36:26,-80.94372,-18.51599,0,391,ON,RETRACTED,AUTO
23:36:27,-81.27924,-17.76157,0,396,ON,RETRACTED,AUTO
23:36:27,-81.24951,-17.93286,0,392,ON,RETRACTED,AUTO
23:36:27,-81.1729,-17.46861,0,389,ON,RETRACTED,AUTO
23:36:27,-81.18476,-17.35923,0,389,ON,RETRACTED,AUTO
23:36:27,-81.38155,-18.29348,0,189,ON,RETRACTED,AUTO
23:36:27,-81.21951,-17.82485,0,272,ON,RETRACTED,AUTO
23:36:27,-81.4831,-18.46364,0,410,ON,RETRACTED,AUTO
23:36:27,-81.50181,-17.43487,0,423,ON,RETRACTED,AUTO
23:36:27,-81.7252,-16.67256,0,417,ON,RETRACTED,AUTO
23:36:27,-81.42434,-23.32916,0,410,ON,RETRACTED,AUTO
23:36:28,-81.48023,-20.89618,0,402,ON,RETRACTED,AUTO
23:36:28,-82.25699,-20.0606,0,396,ON,RETRACTED,AUTO
23:36:28,-79.80627,-17.22572,0,397,ON,RETRACTED,AUTO
23:36:28,-82.28908,-22.04285,0,402,ON,RETRACTED,AUTO
23:36:28,-82.02864,-17.79258,0,410,ON,RETRACTED,AUTO
23:36:28,-82.20947,-21.69115,0,415,ON,RETRACTED,AUTO
23:36:28,-81.88188,-21.57131,0,416,ON,RETRACTED,AUTO
23:36:28,-82.29641,-20.59125,0,415,ON,RETRACTED,AUTO
23:36:28,-82.33446,-20.79173,0,410,ON,RETRACTED,AUTO
23:36:28,-82.01834,-22.30621,0,401,ON,RETRACTED,AUTO
23:36:29,-81.86786,-20.75689,0,393,ON,RETRACTED,AUTO
23:36:29,-81.92526,-21.07191,0,392,ON,RETRACTED,AUTO
23:36:29,-82.2298,-21.54341,0,394,ON,RETRACTED,AUTO
23:36:29,-82.10722,-21.78321,0,402,ON,RETRACTED,AUTO
23:36:29,-82.17691,-20.77543,0,408,OFF,RETRACTED,AUTO
23:36:29,-82.24131,-21.19406,0,414,OFF,RETRACTED,AUTO
23:36:29,-82.31583,-19.13754,0,415,OFF,RETRACTED,AUTO
23:36:29,-82.19638,-21.83805,0,412,OFF,RETRACTED,AUTO
23:36:29,-82.03282,-19.84257,0,403,OFF,RETRACTED,AUTO
23:36:30,-82.28437,-22.09789,0,394,OFF,RETRACTED,AUTO
23:36:30,-82.22709,-21.20923,0,389,OFF,RETRACTED,AUTO
23:36:30,-82.20851,-22.97767,0,391,OFF,RETRACTED,AUTO
23:36:30,-82.3568,-21.12472,0,397,OFF,RETRACTED,AUTO
23:36:30,-82.58744,-23.89879,0,404,OFF,RETRACTED,AUTO
23:36:30,-82.16039,-20.61363,0,413,OFF,RETRACTED,AUTO
23:36:30,-82.04668,-20.06625,0,415,OFF,RETRACTED,AUTO
23:36:30,-82.20451,-21.67228,0,415,OFF,RETRACTED,AUTO
23:36:30,-82.29167,-20.18026,0,408,OFF,RETRACTED,AUTO
23:36:30,-81.98759,-19.95841,0,399,OFF,RETRACTED,AUTO
23:36:31,-81.85953,-21.69605,0,392,OFF,RETRACTED,AUTO
23:36:31,-82.30299,-21.1311,0,389,OFF,RETRACTED,AUTO
23:36:31,-82.03122,-21.71155,0,393,OFF,RETRACTED,AUTO
23:36:31,-82.22355,-22.74211,0,402,OFF,RETRACTED,AUTO
23:36:31,-81.97945,-20.32985,0,408,OFF,RETRACTED,AUTO
23:36:31,-81.72298,-21.22621,0,415,OFF,RETRACTED,AUTO
23:36:31,-82.22832,-21.3948,0,416,OFF,RETRACTED,AUTO
23:36:31,-82.25163,-21.43117,0,413,OFF,RETRACTED,AUTO
23:36:31,-82.28709,-22.21106,0,404,OFF,RETRACTED,AUTO
23:36:31,-81.69326,-20.5452,0,396,OFF,RETRACTED,AUTO
23:36:32,-82.00381,-20.79412,0,391,OFF,RETRACTED,AUTO
23:36:32,-82.04765,-20.98863,0,392,OFF,RETRACTED,AUTO
23:36:32,-81.48544,-18.75374,0,399,OFF,RETRACTED,AUTO
23:36:32,-81.78112,-19.59679,0,406,OFF,RETRACTED,AUTO
23:36:32,-81.62174,-10.81899,0,414,OFF,RETRACTED,AUTO
23:36:32,-81.69441,-20.31668,0,417,OFF,RETRACTED,AUTO
23:36:32,-81.91397,-19.69862,0,416,OFF,RETRACTED,AUTO
23:36:32,-81.87815,-18.85535,0,412,OFF,RETRACTED,AUTO
23:36:32,-81.1692,-16.47334,0,402,OFF,RETRACTED,AUTO
23:36:32,-81.6274,-19.39904,0,394,OFF,RETRACTED,AUTO
23:36:33,-81.58236,-19.2728,0,392,OFF,RETRACTED,AUTO
23:36:33,-81.31754,-18.49129,0,394,OFF,RETRACTED,AUTO
23:36:33,-81.61451,-18.34765,0,402,OFF,RETRACTED,AUTO
23:36:33,-81.41662,-18.83441,0,410,OFF,RETRACTED,AUTO
23:36:33,-81.45481,-17.72057,0,415,OFF,RETRACTED,AUTO
23:36:33,-81.39738,-18.01054,0,416,OFF,RETRACTED,AUTO
23:36:33,-81.40682,-17.72412,0,412,OFF,RETRACTED,AUTO
23:36:33,-81.78476,-18.25664,0,401,OFF,RETRACTED,AUTO
23:36:33,-81.57352,-17.91251,0,386,OFF,RETRACTED,AUTO
23:36:33,-81.37605,-17.18835,0,355,OFF,RETRACTED,AUTO
23:36:34,-81.37973,-18.49156,0,103,OFF,RETRACTED,AUTO
23:36:34,-81.45403,-20.60897,0,74,OFF,RETRACTED,AUTO
23:36:34,-81.18694,-18.35187,0,65,OFF,RETRACTED,AUTO
23:36:34,-81.62232,-18.8701,0,52,OFF,RETRACTED,AUTO
23:36:34,-81.4506,-18.63458,0,391,OFF,RETRACTED,AUTO
23:36:34,-81.25873,-18.18304,0,405,OFF,RETRACTED,AUTO
23:36:34,-81.54453,-17.59455,0,403,OFF,RETRACTED,AUTO
23:36:34,-81.45944,-17.32172,0,394,OFF,RETRACTED,AUTO
23:36:34,-81.46912,-19.06392,0,388,OFF,RETRACTED,AUTO
23:36:34,-81.23335,-18.29554,0,387,OFF,RETRACTED,AUTO
23:36:35,-81.24929,-17.51225,0,393,OFF,RETRACTED,AUTO
23:36:35,-81.61823,-18.087,0,401,OFF,RETRACTED,AUTO
23:36:35,-81.58095,-17.74119,0,408,OFF,RETRACTED,AUTO
23:36:35,-81.66372,-17.76229,0,414,OFF,RETRACTED,AUTO
23:36:35,-81.25047,-18.26709,0,414,OFF,RETRACTED,AUTO
23:36:35,-81.48035,-16.85577,0,132,OFF,RETRACTED,AUTO
23:36:35,-81.08041,-16.70755,0,381,OFF,RETRACTED,AUTO
23:36:35,-81.39613,-16.47567,0,388,OFF,RETRACTED,AUTO
23:36:35,-81.06628,-17.42121,0,382,OFF,RETRACTED,AUTO
23:36:35,-81.35929,-16.91268,0,382,OFF,RETRACTED,AUTO
23:36:36,-81.06714,-17.91583,0,199,OFF,RETRACTED,AUTO
23:36:36,-81.19471,-18.04782,0,85,OFF,RETRACTED,AUTO
23:36:36,-81.3998,-18.40648,0,68,OFF,RETRACTED,AUTO
23:36:36,-81.27551,-18.49101,0,57,OFF,RETRACTED,AUTO
23:36:36,-81.64318,-19.19418,0,49,OFF,RETRACTED,AUTO
23:36:36,-81.18056,-17.07696,0,43,OFF,RETRACTED,AUTO
23:36:36,-81.31941,-16.93865,0,41,OFF,RETRACTED,AUTO
23:36:36,-81.59342,-18.98669,0,40,OFF,RETRACTED,AUTO
23:36:36,-81.75996,-19.26355,0,40,OFF,RETRACTED,AUTO
23:36:36,-81.60209,-18.9895,0,38,OFF,RETRACTED,AUTO
23:36:37,-81.63168,-19.66003,0,40,OFF,RETRACTED,AUTO
23:36:37,-81.20218,-17.1545,0,303,OFF,RETRACTED,AUTO
23:36:37,-81.70597,-19.67263,0,392,OFF,RETRACTED,AUTO
23:36:37,-81.60041,-18.14411,0,405,OFF,RETRACTED,AUTO
23:36:37,-81.28175,-18.4069,0,405,OFF,RETRACTED,AUTO
23:36:37,-81.4013,-19.0577,0,399,OFF,RETRACTED,AUTO
23:36:37,-81.05483,-18.16212,0,392,OFF,RETRACTED,AUTO
23:36:37,-81.24415,-18.43495,0,389,OFF,RETRACTED,AUTO
23:36:37,-81.38726,-16.99082,0,393,OFF,RETRACTED,AUTO
23:36:37,-81.12991,-16.47334,0,401,OFF,RETRACTED,AUTO
23:36:38,-81.29851,-18.63165,0,408,OFF,RETRACTED,AUTO
23:36:38,-81.38148,-17.16192,0,415,OFF,RETRACTED,AUTO
23:36:38,-81.41952,-19.29004,0,416,OFF,RETRACTED,AUTO
23:36:38,-81.46471,-17.80661,0,414,OFF,RETRACTED,AUTO
23:36:38,-81.44083,-17.72057,0,415,OFF,RETRACTED,AUTO
23:36:38,-81.46224,-18.23451,0,627,OFF,DEPLOYED,AUTO
23:36:38,-81.44189,-18.40634,0,849,OFF,DEPLOYED,AUTO
23:36:38,-81.42742,-18.29207,0,921,OFF,DEPLOYED,AUTO
23:36:38,-81.60219,-18.52216,0,970,OFF,DEPLOYED,AUTO
23:36:38,-81.37973,-18.49156,0,1009,OFF,DEPLOYED,AUTO
23:36:39,-81.15489,-17.52117,0,1020,OFF,DEPLOYED,AUTO
23:36:39,-81.2146,-18.74134,0,1020,OFF,DEPLOYED,AUTO
23:36:39,-81.55807,-17.85622,0,1020,OFF,DEPLOYED,AUTO
23:36:39,-81.49843,-20.52427,0,1023,OFF,DEPLOYED,AUTO
23:36:39,-81.19939,-19.18623,0,1020,OFF,DEPLOYED,AUTO
23:36:39,-81.3277,-18.12494,0,1020,OFF,DEPLOYED,AUTO
23:36:39,-81.42181,-19.5148,0,1021,OFF,DEPLOYED,AUTO
23:36:39,-81.58202,-19.13011,0,1022,OFF,DEPLOYED,AUTO
23:36:39,-81.30724,-17.81889,0,1022,OFF,DEPLOYED,AUTO
23:36:40,-81.52547,-17.48443,0,1021,OFF,DEPLOYED,AUTO
23:36:40,-81.60778,-18.31873,0,1022,OFF,DEPLOYED,AUTO
23:36:40,-81.37504,-16.90516,0,1021,OFF,DEPLOYED,AUTO
23:36:40,-81.13231,-18.6825,0,1020,OFF,DEPLOYED,AUTO
23:36:40,-81.81279,-18.93987,0,1021,OFF,DEPLOYED,AUTO
23:36:40,-81.32262,-18.09559,0,1021,OFF,DEPLOYED,AUTO
23:36:40,-81.26284,-19.66572,0,1021,OFF,DEPLOYED,AUTO
23:36:40,-81.16798,-18.04782,0,1021,OFF,DEPLOYED,AUTO
23:36:40,-81.53202,-19.76448,0,1020,OFF,DEPLOYED,AUTO
23:36:40,-81.44688,-17.54827,0,1018,OFF,DEPLOYED,AUTO
23:36:41,-81.40343,-17.66573,0,1017,OFF,DEPLOYED,AUTO
23:36:41,-81.68919,-19.6663,0,1017,OFF,DEPLOYED,AUTO
23:36:41,-81.11843,-17.44719,0,1018,OFF,DEPLOYED,AUTO
23:36:41,-81.56708,-18.17412,0,1018,OFF,DEPLOYED,AUTO
23:36:41,-81.76877,-18.7923,0,1018,OFF,DEPLOYED,AUTO
23:36:41,-81.24023,-17.7681,0,1018,OFF,DEPLOYED,AUTO
23:36:41,-81.09939,-15.99305,0,1018,OFF,DEPLOYED,AUTO
23:36:41,-81.35455,-18.06786,0,1018,OFF,DEPLOYED,AUTO
23:36:41,-81.21118,-19.35227,0,1021,OFF,DEPLOYED,AUTO
23:36:41,-81.55952,-18.37696,0,1024,OFF,DEPLOYED,AUTO
23:36:42,-81.40884,-17.46682,0,507,OFF,DEPLOYED,AUTO
23:36:42,-81.67317,-18.64073,0,438,OFF,RETRACTED,AUTO
23:36:42,-81.05876,-17.6916,0,426,OFF,RETRACTED,AUTO
23:36:42,-81.25562,-18.85316,0,408,OFF,RETRACTED,AUTO
23:36:42,-81.40742,-17.75153,0,396,OFF,RETRACTED,AUTO
23:36:42,-81.24304,-16.74129,0,393,OFF,RETRACTED,AUTO
23:36:42,-81.18222,-17.71463,0,394,OFF,RETRACTED,AUTO
23:36:42,-81.25972,-17.36989,0,402,OFF,RETRACTED,AUTO
23:36:42,-81.35164,-17.75826,0,408,OFF,RETRACTED,AUTO
23:36:42,-81.11708,-16.94922,0,415,OFF,RETRACTED,AUTO
23:36:43,-81.16104,-17.88405,0,417,OFF,RETRACTED,AUTO
23:36:43,-81.47392,-18.69368,0,415,OFF,RETRACTED,AUTO
23:36:43,-81.36133,-17.75491,0,406,OFF,RETRACTED,AUTO
23:36:43,-81.37547,-17.66954,0,402,OFF,RETRACTED,AUTO
23:36:43,-81.12298,-17.69516,0,994,OFF,DEPLOYED,AUTO
23:36:43,-80.94009,-17.25265,0,999,OFF,DEPLOYED,AUTO
23:36:43,-81.54515,-16.73417,0,1005,OFF,DEPLOYED,AUTO
23:36:43,-80.80972,-17.79894,0,999,OFF,DEPLOYED,AUTO
23:36:43,-81.35572,-18.97041,0,994,OFF,DEPLOYED,AUTO
23:36:43,-81.50247,-18.34896,0,1001,OFF,DEPLOYED,AUTO
23:36:44,-81.03035,-16.36032,0,1001,OFF,DEPLOYED,AUTO
23:36:44,-81.23869,-19.45946,0,998,OFF,DEPLOYED,AUTO
23:36:44,-81.6309,-17.53932,0,999,OFF,DEPLOYED,AUTO
23:36:44,-80.65553,-22.03438,0,999,OFF,DEPLOYED,AUTO
23:36:44,-80.94616,-18.6767,0,1017,OFF,DEPLOYED,AUTO
23:36:44,-81.3562,-28.00414,0,528,OFF,DEPLOYED,AUTO
23:36:44,-80.83382,-19.52389,0,430,OFF,DEPLOYED,AUTO
23:36:44,-80.91965,-13.07079,0,423,OFF,DEPLOYED,AUTO
23:36:44,-81.20423,-22.0304,0,424,OFF,RETRACTED,AUTO
23:36:44,-80.97186,-14.95864,0,424,OFF,RETRACTED,AUTO
23:36:45,-81.78614,16.40529,0,417,OFF,RETRACTED,AUTO
23:36:45,-80.13126,-12.71456,0,408,OFF,RETRACTED,AUTO
23:36:45,-80.07842,-13.53448,0,401,OFF,RETRACTED,AUTO
23:36:45,-79.55861,-15.9762,0,396,OFF,RETRACTED,AUTO
23:36:45,-79.99615,-16.12668,0,394,OFF,RETRACTED,AUTO
23:36:45,-81.14275,-13.7625,0,399,OFF,RETRACTED,AUTO
23:36:45,-81.17496,-10.86232,0,403,OFF,RETRACTED,AUTO
23:36:45,-80.77255,-10.43311,0,410,OFF,RETRACTED,AUTO
23:36:45,-81.61781,-24.34508,0,413,OFF,RETRACTED,AUTO
23:36:45,-81.34306,-11.77913,0,413,OFF,RETRACTED,AUTO
23:36:46,-79.96326,-2.570737,0,408,OFF,RETRACTED,AUTO
23:36:46,-78.80254,-24.65798,0,402,OFF,RETRACTED,AUTO
23:36:46,-81.4837,-14.66608,0,399,OFF,RETRACTED,AUTO
23:36:46,-81.31937,-90.40925,0,402,OFF,RETRACTED,AUTO
23:36:46,-82.06939,-22.5908,0,405,OFF,RETRACTED,AUTO
23:36:46,-81.09986,-14.03624,0,410,OFF,RETRACTED,AUTO
23:36:46,-81.29626,-19.8022,0,416,OFF,RETRACTED,AUTO
23:36:46,-80.69654,-21.61478,0,424,OFF,RETRACTED,AUTO
23:36:46,-79.21178,-21.02701,0,426,OFF,RETRACTED,AUTO
23:36:46,-82.05128,-31.66344,0,417,OFF,RETRACTED,AUTO
23:36:47,-80.40447,-22.82976,0,406,OFF,RETRACTED,AUTO
23:36:47,-77.04649,-47.1433,0,401,OFF,RETRACTED,AUTO
23:36:47,-79.45272,-35.04036,0,397,OFF,RETRACTED,AUTO
23:36:47,-79.13992,-25.29202,0,399,OFF,RETRACTED,AUTO
23:36:47,-80.36192,-25.23949,0,403,OFF,RETRACTED,AUTO
23:36:47,-79.84714,-28.12604,0,411,OFF,RETRACTED,AUTO
23:36:47,-79.07787,-22.02527,0,417,OFF,RETRACTED,AUTO
23:36:47,-78.98038,-22.82001,0,423,OFF,RETRACTED,AUTO
23:36:47,-79.506,-24.45615,0,422,OFF,RETRACTED,AUTO
23:36:47,-74.30215,-21.45503,0,412,OFF,RETRACTED,AUTO
23:36:48,-79.68718,-21.77342,0,401,OFF,RETRACTED,AUTO
23:36:48,-79.96601,-21.8584,0,394,OFF,RETRACTED,AUTO
23:36:48,-80.1233,-28.37452,0,396,OFF,RETRACTED,AUTO
23:36:48,-80.98741,-21.58397,0,403,OFF,RETRACTED,AUTO
23:36:48,-80.16231,-26.66712,0,413,OFF,RETRACTED,AUTO
23:36:48,-79.70979,-30.47585,0,430,OFF,RETRACTED,AUTO
23:36:48,-75.30075,-13.81952,0,447,OFF,RETRACTED,AUTO
23:36:48,-59.8756,-8.015067,0,464,OFF,RETRACTED,AUTO
23:36:48,-50.12255,-7.098722,0,470,OFF,RETRACTED,AUTO
23:36:48,-39.60853,-6.885849,0,466,OFF,RETRACTED,AUTO
23:36:49,-43.21014,-2.905608,0,457,OFF,RETRACTED,AUTO
23:36:49,-38.54698,-3.024194,0,456,OFF,RETRACTED,AUTO
23:36:49,-38.50327,-5.500649,0,460,OFF,RETRACTED,AUTO
23:36:49,-37.33952,-5.919911,0,468,OFF,RETRACTED,AUTO
23:36:49,-35.15997,-6.182664,0,476,OFF,RETRACTED,AUTO
23:36:49,-36.52134,-5.949872,0,483,OFF,RETRACTED,AUTO
23:36:49,-33.57618,-5.484728,0,484,OFF,RETRACTED,AUTO
23:36:49,-38.14577,-5.569058,0,480,OFF,RETRACTED,AUTO
23:36:49,-37.08114,-6.17237,0,470,OFF,RETRACTED,AUTO
23:36:49,-35.57483,-5.742551,0,460,OFF,RETRACTED,AUTO
23:36:50,-37.71322,-5.504322,0,452,OFF,RETRACTED,AUTO
23:36:50,-37.91677,-6.186059,0,454,OFF,RETRACTED,AUTO
23:36:50,-35.1344,-5.968551,0,461,OFF,RETRACTED,AUTO
23:36:50,-35.5685,-6.179821,0,470,OFF,RETRACTED,AUTO
23:36:50,-35.78675,-6.138465,0,478,OFF,RETRACTED,AUTO
23:36:50,-38.64532,-6.294908,0,481,OFF,RETRACTED,AUTO
23:36:50,-36.89482,-5.991899,0,480,OFF,RETRACTED,AUTO
23:36:50,-33.81237,-6.518413,0,471,OFF,RETRACTED,AUTO
23:36:50,-33.99388,-7.8815,0,462,OFF,RETRACTED,AUTO
23:36:51,-69.58221,-10.52078,0,441,OFF,RETRACTED,AUTO
23:36:51,-73.26488,-17.92916,0,424,OFF,RETRACTED,AUTO
23:36:51,-74.19603,-19.16324,0,423,OFF,RETRACTED,AUTO
23:36:51,-74.85674,-20.72812,0,428,OFF,RETRACTED,AUTO
23:36:51,-73.95978,-18.11435,0,437,OFF,RETRACTED,AUTO
23:36:51,-74.45441,-20.56187,0,441,OFF,RETRACTED,AUTO
23:36:51,-74.5026,-20.48036,0,441,OFF,RETRACTED,AUTO
23:36:51,-74.82541,-21.73495,0,437,OFF,RETRACTED,AUTO
23:36:51,-74.91076,-20.90906,0,427,OFF,RETRACTED,AUTO
23:36:51,-74.28177,-21.35265,0,415,OFF,RETRACTED,AUTO
23:36:52,-74.45056,-20.7369,0,412,OFF,RETRACTED,AUTO
23:36:52,-74.931,-20.8338,0,415,OFF,RETRACTED,AUTO
23:36:52,-71.94198,-21.44326,0,424,OFF,RETRACTED,AUTO
23:36:52,-73.34827,-23.14062,0,430,OFF,RETRACTED,AUTO
23:36:52,-76.4659,-21.42127,0,437,OFF,RETRACTED,AUTO
23:36:52,-76.25864,-18.25701,0,437,OFF,RETRACTED,AUTO
23:36:52,-77.18594,-16.69351,0,433,OFF,RETRACTED,AUTO
23:36:52,-77.10139,-20.1626,0,423,OFF,RETRACTED,AUTO
23:36:52,-78.48668,-21.82629,0,408,OFF,RETRACTED,AUTO
23:36:52,-79.21387,-25.16321,0,401,OFF,RETRACTED,AUTO
23:36:53,-79.67271,-25.99845,0,399,OFF,RETRACTED,AUTO
23:36:53,-79.30365,-25.68814,0,403,OFF,RETRACTED,AUTO
23:36:53,-79.11527,-24.04222,0,412,OFF,RETRACTED,AUTO
23:36:53,-80.08112,-30.13698,0,415,OFF,RETRACTED,AUTO
23:36:53,-82.49763,-34.89854,0,412,OFF,RETRACTED,AUTO
23:36:53,-84.67055,-70.07777,0,396,OFF,RETRACTED,AUTO
23:36:53,-80.08789,-154.1722,0,354,OFF,RETRACTED,AUTO
23:36:53,-72.36231,-164.1381,0,307,OFF,RETRACTED,AUTO
23:36:53,-68.04482,-168.6467,0,268,OFF,RETRACTED,AUTO
23:36:53,-66.94907,-169.9054,0,233,OFF,RETRACTED,AUTO
23:36:54,-56.15445,-173.4991,0,180,OFF,RETRACTED,AUTO
23:36:54,-58.86114,-173.1326,0,168,OFF,RETRACTED,AUTO
23:36:54,-56.75253,-173.0995,0,150,OFF,RETRACTED,AUTO
23:36:54,-55.61255,-173.2744,0,150,OFF,RETRACTED,AUTO
23:36:54,-56.52363,-174.0792,0,151,OFF,RETRACTED,AUTO
23:36:54,-58.91712,-172.7584,0,152,OFF,RETRACTED,AUTO
23:36:54,-58.1939,-172.875,0,151,OFF,RETRACTED,AUTO
23:36:54,-58.51405,-172.4924,0,148,OFF,RETRACTED,AUTO
23:36:54,-59.21017,-172.7004,0,144,OFF,RETRACTED,AUTO
23:36:54,-59.15726,-172.5417,0,145,OFF,RETRACTED,AUTO
23:36:55,-57.47704,-172.3117,0,151,OFF,RETRACTED,AUTO
23:36:55,-64.10976,-171.9188,0,186,OFF,RETRACTED,AUTO
23:36:55,-61.34888,-171.8863,0,197,OFF,RETRACTED,AUTO
23:36:55,-60.99806,-171.8048,0,200,OFF,RETRACTED,AUTO
23:36:55,-61.35236,-172.0332,0,204,OFF,RETRACTED,AUTO
23:36:55,-61.8142,-171.1602,0,220,OFF,RETRACTED,AUTO
23:36:55,-79.97275,-147.9482,0,305,OFF,RETRACTED,AUTO
23:36:55,-81.51275,-37.08522,0,374,OFF,RETRACTED,AUTO
23:36:55,-81.5146,-36.53977,0,381,OFF,RETRACTED,AUTO
23:36:55,-81.80849,-38.64474,0,387,OFF,RETRACTED,AUTO
23:36:56,-82.15485,-39.03135,0,394,OFF,RETRACTED,AUTO
23:36:56,-81.90849,-22.67796,0,403,OFF,RETRACTED,AUTO
23:36:56,-82.61,-25.40066,0,406,OFF,RETRACTED,AUTO
23:36:56,-81.56453,-22.61286,0,402,OFF,RETRACTED,AUTO
23:36:56,-81.33351,-28.04617,0,396,OFF,RETRACTED,AUTO
23:36:56,-80.51309,-35.56681,0,392,OFF,RETRACTED,AUTO
23:36:56,-80.30254,-24.20588,0,386,OFF,RETRACTED,AUTO
23:36:56,-81.4568,-52.75926,0,381,OFF,RETRACTED,AUTO
23:36:56,-75.32593,-25.25908,0,388,OFF,RETRACTED,AUTO
23:36:56,-73.29441,-42.29253,0,402,OFF,RETRACTED,AUTO
23:36:57,-73.3489,-66.65509,0,416,OFF,RETRACTED,AUTO
23:36:57,-68.78387,-56.21261,0,436,OFF,RETRACTED,AUTO
23:36:57,-59.62986,-53.83364,0,449,OFF,RETRACTED,AUTO
23:36:57,-51.92898,-56.58277,0,452,OFF,RETRACTED,AUTO
23:36:57,-48.81963,-61.81428,0,448,OFF,RETRACTED,AUTO
23:36:57,-57.07519,-75.23493,0,438,OFF,RETRACTED,AUTO
23:36:57,-43.38536,-67.73715,0,429,OFF,RETRACTED,AUTO
23:36:57,-52.33763,-62.7702,0,427,OFF,RETRACTED,AUTO
23:36:57,-53.04191,-67.99576,0,430,OFF,RETRACTED,AUTO
23:36:57,-48.94009,-68.06372,0,439,OFF,RETRACTED,AUTO
23:36:58,-57.74376,-71.14897,0,449,OFF,RETRACTED,AUTO
23:36:58,-46.48158,-53.86566,0,466,OFF,RETRACTED,AUTO
23:36:58,-57.31234,-53.86852,0,480,OFF,RETRACTED,AUTO
23:36:58,-52.69868,-27.47607,0,476,OFF,RETRACTED,AUTO
23:36:58,-80.51302,-57.69029,0,448,OFF,RETRACTED,AUTO
23:36:58,-78.97048,-84.68382,0,410,OFF,RETRACTED,AUTO
23:36:58,-80.33062,-79.40266,0,389,OFF,RETRACTED,AUTO
23:36:58,-83.05989,-144.0122,0,173,OFF,RETRACTED,AUTO
23:36:58,-86.11663,-163.4742,0,100,OFF,RETRACTED,AUTO
23:36:58,-83.62355,-166.7151,0,90,OFF,RETRACTED,AUTO
23:36:59,-89.049,72.0506,0,362,OFF,RETRACTED,AUTO
23:36:59,-77.09547,-20.25646,0,445,OFF,RETRACTED,AUTO
23:36:59,-58.30885,-6.3006,0,477,OFF,RETRACTED,AUTO
23:36:59,-49.73085,-7.422023,0,481,OFF,RETRACTED,AUTO
23:36:59,-52.2507,-3.383105,0,471,OFF,RETRACTED,AUTO
23:36:59,-52.90393,-6.435352,0,465,OFF,RETRACTED,AUTO
23:36:59,-56.86947,-8.104068,0,466,OFF,RETRACTED,AUTO
23:36:59,-71.74263,-42.40071,0,475,OFF,RETRACTED,AUTO
23:36:59,-61.90851,-28.63594,0,487,OFF,RETRACTED,AUTO
23:36:59,-56.33224,-26.87138,0,494,OFF,RETRACTED,AUTO
23:37:00,-58.43674,-26.66314,0,495,OFF,RETRACTED,AUTO
23:37:00,-55.85603,-32.49048,0,489,OFF,RETRACTED,AUTO
23:37:00,-68.65231,-36.98119,0,476,OFF,RETRACTED,AUTO
23:37:00,-70.35375,-34.03342,0,464,OFF,RETRACTED,AUTO
23:37:00,-71.41144,-32.37503,0,450,OFF,RETRACTED,AUTO
23:37:00,-70.78241,-52.73502,0,441,OFF,RETRACTED,AUTO
23:37:00,-70.82703,-37.61638,0,438,OFF,RETRACTED,AUTO
23:37:00,-64.8602,-37.63389,0,220,OFF,RETRACTED,AUTO
23:37:00,-71.08494,-50.44033,0,85,OFF,RETRACTED,AUTO
23:37:01,-68.49008,-36.48434,0,64,OFF,RETRACTED,AUTO
23:37:01,-70.71233,-36.58704,0,56,OFF,RETRACTED,AUTO
23:37:01,-67.9734,-39.4984,0,51,OFF,RETRACTED,AUTO
23:37:01,-69.68987,-44.39108,0,50,OFF,RETRACTED,AUTO
23:37:01,-66.95317,-33.91971,0,63,OFF,RETRACTED,AUTO
23:37:01,-73.65501,-53.65322,0,375,OFF,RETRACTED,AUTO
23:37:01,-71.41958,-38.33933,0,417,OFF,RETRACTED,AUTO
23:37:01,-65.21123,-27.59799,0,446,OFF,RETRACTED,AUTO
23:37:01,-65.72472,-24.99246,0,461,OFF,RETRACTED,AUTO
23:37:01,-72.71676,-43.42705,0,457,OFF,RETRACTED,AUTO
23:37:02,-82.05125,-103.4486,0,434,OFF,RETRACTED,AUTO
23:37:02,-78.4011,-58.56742,0,427,OFF,RETRACTED,AUTO
23:37:02,-83.26151,-108.5047,0,410,OFF,RETRACTED,AUTO
23:37:02,-82.12544,-129.2361,0,388,OFF,RETRACTED,AUTO
23:37:02,-83.05997,-149.722,0,376,OFF,RETRACTED,AUTO
23:37:02,-62.33006,-7.74888,0,414,OFF,RETRACTED,AUTO
23:37:02,-57.71856,-3.441888,0,441,OFF,RETRACTED,AUTO
23:37:02,-48.48748,-4.029373,0,450,OFF,RETRACTED,AUTO
23:37:02,-83.04568,-13.82374,0,441,OFF,RETRACTED,AUTO
23:37:02,-73.27427,5.33632,0,440,OFF,RETRACTED,AUTO
23:37:03,-71.52239,-6.201357,0,440,OFF,RETRACTED,AUTO
23:37:03,-73.45702,-11.69393,0,426,OFF,RETRACTED,AUTO
23:37:03,-84.06658,-2.197906,0,404,OFF,RETRACTED,AUTO
23:37:03,-82.77899,-35.74373,0,394,OFF,RETRACTED,AUTO
23:37:03,-80.59499,-21.27564,0,388,OFF,RETRACTED,AUTO
23:37:03,-81.05608,-33.73777,0,388,OFF,RETRACTED,AUTO
23:37:03,-79.12542,-4.901142,0,393,OFF,RETRACTED,AUTO
23:37:03,-68.49915,-16.38745,0,402,OFF,RETRACTED,AUTO
23:37:03,-80.90385,-20.93384,0,416,OFF,RETRACTED,AUTO
23:37:03,-80.5601,-20.14399,0,426,OFF,RETRACTED,AUTO
23:37:04,-81.07976,-18.81728,0,428,OFF,RETRACTED,AUTO
23:37:04,-80.79678,-19.5008,0,426,OFF,RETRACTED,AUTO
23:37:04,-80.61016,-19.00426,0,414,OFF,RETRACTED,AUTO
23:37:04,-80.90353,-20.28775,0,404,OFF,RETRACTED,AUTO
23:37:04,-81.08525,-21.12472,0,399,OFF,RETRACTED,AUTO
23:37:04,-80.91902,-20.90353,0,401,OFF,RETRACTED,AUTO
23:37:04,-80.95535,-19.27389,0,406,OFF,RETRACTED,AUTO
23:37:04,-80.99867,-21.17935,0,414,OFF,RETRACTED,AUTO
23:37:04,-80.80807,-19.73269,0,424,OFF,RETRACTED,AUTO
23:37:04,-80.9113,-20.72556,0,428,OFF,RETRACTED,AUTO
23:37:05,-80.72021,-18.72579,0,428,OFF,RETRACTED,AUTO
23:37:05,-80.71601,-20.5366,0,417,OFF,RETRACTED,AUTO
23:37:05,-80.69692,-18.12043,0,409,OFF,RETRACTED,AUTO
23:37:05,-80.59004,-19.03366,0,402,OFF,RETRACTED,AUTO
23:37:05,-80.68111,-19.09048,0,399,OFF,RETRACTED,AUTO
23:37:05,-80.85759,-19.0751,0,403,OFF,RETRACTED,AUTO
23:37:05,-80.79857,-19.15144,0,412,OFF,RETRACTED,AUTO
23:37:05,-80.56882,-19.39022,0,422,OFF,RETRACTED,AUTO
23:37:05,-80.75152,-19.20308,0,428,OFF,RETRACTED,AUTO
23:37:05,-80.93707,-18.81367,0,429,OFF,RETRACTED,AUTO
23:37:06,-80.4138,-20.08603,0,424,OFF,RETRACTED,AUTO
23:37:06,-80.63625,-17.99242,0,413,OFF,RETRACTED,AUTO
23:37:06,-80.7753,-19.12395,0,404,OFF,RETRACTED,AUTO
23:37:06,-80.96896,-18.62422,0,399,OFF,RETRACTED,AUTO
23:37:06,-81.11002,-20.81975,0,401,OFF,RETRACTED,AUTO
23:37:06,-80.81928,-19.62568,0,406,OFF,RETRACTED,AUTO
23:37:06,-80.66875,-18.64463,0,415,OFF,RETRACTED,AUTO
23:37:06,-81.02316,-17.94711,0,426,OFF,RETRACTED,AUTO
23:37:06,-80.98144,-18.54367,0,429,OFF,RETRACTED,AUTO
23:37:06,-80.65694,-20.15957,0,428,OFF,RETRACTED,AUTO
23:37:07,-80.76823,-19.38891,0,417,OFF,RETRACTED,AUTO
23:37:07,-80.89439,-19.37414,0,408,OFF,RETRACTED,AUTO
23:37:07,-81.01854,-19.19667,0,401,OFF,RETRACTED,AUTO
23:37:07,-80.6637,-19.24704,0,401,OFF,RETRACTED,AUTO
23:37:07,-80.91688,-18.46176,0,404,OFF,RETRACTED,AUTO
23:37:07,-80.96062,-18.59695,0,410,OFF,RETRACTED,AUTO
23:37:07,-80.56056,-20.27754,0,413,OFF,RETRACTED,AUTO
23:37:07,-80.63146,-20.62353,0,399,OFF,RETRACTED,AUTO
23:37:07,-81.25836,-18.71444,0,210,OFF,RETRACTED,AUTO
23:37:07,-81.18872,-19.01703,0,394,OFF,RETRACTED,AUTO
23:37:08,-80.86563,-19.90375,0,404,OFF,RETRACTED,AUTO
23:37:08,-80.81848,-20.03349,0,398,OFF,RETRACTED,AUTO
23:37:08,-80.84445,-20.65502,0,394,OFF,RETRACTED,AUTO
23:37:08,-80.40725,-18.58828,0,399,OFF,RETRACTED,AUTO
23:37:08,-80.93856,-20.75575,0,404,OFF,RETRACTED,AUTO
23:37:08,-80.91725,-20.04849,0,218,OFF,RETRACTED,AUTO
23:37:08,-80.70013,-19.03915,0,416,OFF,RETRACTED,AUTO
23:37:08,-80.80428,-19.97593,0,427,OFF,RETRACTED,AUTO
23:37:08,-80.75165,-18.56666,0,426,OFF,RETRACTED,AUTO
23:37:08,-80.75916,-19.27825,0,415,OFF,RETRACTED,AUTO
23:37:09,-80.70554,-19.40775,0,406,OFF,RETRACTED,AUTO
23:37:09,-81.05704,-18.54419,0,400,OFF,RETRACTED,AUTO
23:37:09,-80.82142,-19.97593,0,399,OFF,RETRACTED,AUTO
23:37:09,-80.67703,-19.60941,0,403,OFF,RETRACTED,AUTO
23:37:09,-80.84974,-20.04095,0,412,OFF,RETRACTED,AUTO
23:37:09,-81.44335,-19.17531,0,422,OFF,RETRACTED,AUTO
23:37:09,-81.13293,-19.50757,0,427,OFF,RETRACTED,AUTO
23:37:09,-80.69682,-20.45878,0,428,OFF,RETRACTED,AUTO
23:37:09,-80.69562,-18.19808,0,423,OFF,RETRACTED,AUTO
23:37:09,-81.09849,-19.8054,0,412,OFF,RETRACTED,AUTO
23:37:10,-80.68203,-18.46115,0,402,OFF,RETRACTED,AUTO
23:37:10,-80.45873,-18.48624,0,398,OFF,RETRACTED,AUTO
23:37:10,-80.44124,-18.74134,0,401,OFF,RETRACTED,AUTO
23:37:10,-80.96989,-19.40689,0,406,OFF,RETRACTED,AUTO
23:37:10,-80.39705,-19.07013,0,415,OFF,RETRACTED,AUTO
23:37:10,-80.89307,-18.62333,0,424,OFF,RETRACTED,AUTO
23:37:10,-80.67124,-19.85522,0,427,OFF,RETRACTED,AUTO
23:37:10,-80.45624,-18.40929,0,426,OFF,RETRACTED,AUTO
23:37:10,-80.71483,-19.06628,0,415,OFF,RETRACTED,AUTO
23:37:11,-80.87427,-18.89031,0,405,OFF,RETRACTED,AUTO
23:37:11,-80.71394,-20.16747,0,399,OFF,RETRACTED,AUTO
23:37:11,-80.52209,-18.84751,0,398,OFF,RETRACTED,AUTO
23:37:11,-80.5994,-18.92909,0,586,OFF,DEPLOYED,AUTO
23:37:11,-80.70034,-17.70043,0,684,OFF,DEPLOYED,AUTO
23:37:11,-80.48856,-20.79316,0,457,OFF,DEPLOYED,AUTO
23:37:11,-80.67967,-19.69284,0,446,OFF,DEPLOYED,AUTO
23:37:11,-80.65509,-19.7208,0,440,OFF,DEPLOYED,AUTO
23:37:11,-80.92002,-19.16154,0,430,OFF,DEPLOYED,AUTO
23:37:11,-81.10896,-18.65363,0,423,OFF,DEPLOYED,AUTO
23:37:12,-80.89382,-18.59544,0,426,OFF,DEPLOYED,AUTO
23:37:12,-80.68855,-18.46115,0,598,OFF,DEPLOYED,AUTO
23:37:12,-80.81174,-19.83988,0,997,OFF,DEPLOYED,AUTO
23:37:12,-81.02957,-18.84323,0,1023,OFF,DEPLOYED,AUTO
23:37:12,-80.937,-19.02839,0,1024,OFF,DEPLOYED,AUTO
23:37:12,-80.70212,-19.90509,0,1024,OFF,DEPLOYED,AUTO
23:37:12,-81.06709,-19.03689,0,1024,OFF,DEPLOYED,AUTO
23:37:12,-80.54712,-20.35447,0,1024,OFF,DEPLOYED,AUTO
23:37:12,-81.11969,-18.18787,0,1024,OFF,DEPLOYED,AUTO
23:37:12,-81.02139,-18.5985,0,1024,OFF,DEPLOYED,AUTO
23:37:13,-80.65289,-18.30444,0,1024,OFF,DEPLOYED,AUTO
23:37:13,-81.05431,-20.31417,0,1024,OFF,DEPLOYED,AUTO
23:37:13,-80.56055,-18.12469,0,1024,OFF,DEPLOYED,AUTO
23:37:13,-80.92021,-20.31723,0,1024,OFF,DEPLOYED,AUTO
23:37:13,-81.15829,-20.59707,0,1024,OFF,DEPLOYED,AUTO
23:37:13,-80.86361,-18.89031,0,1024,OFF,DEPLOYED,AUTO
23:37:13,-80.61845,-19.89175,0,1005,OFF,DEPLOYED,AUTO
23:37:13,-80.5591,-19.03095,0,805,OFF,DEPLOYED,AUTO
23:37:13,-80.66678,-18.80155,0,524,OFF,DEPLOYED,AUTO
23:37:13,-80.86768,-19.853,0,460,OFF,DEPLOYED,AUTO
23:37:14,-80.85186,-19.55721,0,488,OFF,DEPLOYED,AUTO
23:37:14,-80.76569,-18.80494,0,404,OFF,DEPLOYED,AUTO
23:37:14,-80.87242,-18.35459,0,406,OFF,RETRACTED,AUTO
23:37:14,-81.07301,-20.31417,0,413,OFF,RETRACTED,AUTO
23:37:14,-80.43938,-18.40952,0,423,OFF,RETRACTED,AUTO
23:37:14,-80.68429,-18.95818,0,426,OFF,RETRACTED,AUTO
23:37:14,-81.14501,-15.20886,0,423,OFF,RETRACTED,AUTO
23:37:14,-81.05437,-19.8869,0,414,OFF,RETRACTED,AUTO
23:37:14,-80.63543,-18.30444,0,404,OFF,RETRACTED,AUTO
23:37:14,-81.02953,-17.97136,0,396,OFF,RETRACTED,AUTO
23:37:15,-80.72928,-20.91762,0,394,OFF,RETRACTED,AUTO
23:37:15,-80.60582,-20.10278,0,399,OFF,RETRACTED,AUTO
23:37:15,-80.97849,-17.6464,0,405,OFF,RETRACTED,AUTO
23:37:15,-80.4593,-16.59885,0,414,OFF,RETRACTED,AUTO
23:37:15,-80.6929,-19.53666,0,423,OFF,RETRACTED,AUTO
23:37:15,-80.55627,-18.38324,0,426,OFF,RETRACTED,AUTO
23:37:15,-81.25836,-18.71444,0,417,OFF,RETRACTED,AUTO
23:37:15,-81.0775,-14.94793,0,408,OFF,RETRACTED,AUTO
23:37:15,-80.58784,-19.03366,0,399,OFF,RETRACTED,AUTO
23:37:15,-80.54901,-18.40906,0,393,OFF,RETRACTED,AUTO
23:37:16,-80.62021,-19.37158,0,394,OFF,RETRACTED,AUTO
23:37:16,-80.67847,-18.33039,0,401,OFF,RETRACTED,AUTO
23:37:16,-81.14514,-18.65574,0,408,OFF,RETRACTED,AUTO
23:37:16,-80.58694,-18.30503,0,415,OFF,RETRACTED,AUTO
23:37:16,-80.92036,-17.14035,0,423,OFF,RETRACTED,AUTO
23:37:16,-80.75702,-18.01211,0,422,OFF,RETRACTED,AUTO
23:37:16,-80.72969,-19.72672,0,414,OFF,RETRACTED,AUTO
23:37:16,-80.91003,-18.86493,0,405,OFF,RETRACTED,AUTO
23:37:16,-81.01091,-18.51676,0,397,OFF,RETRACTED,AUTO
23:37:16,-80.68907,-20.47849,0,394,OFF,RETRACTED,AUTO
23:37:17,-81.00677,-18.46202,0,397,OFF,RETRACTED,AUTO
23:37:17,-80.68604,-18.56606,0,404,OFF,RETRACTED,AUTO
23:37:17,-80.767,-18.16969,0,413,OFF,RETRACTED,AUTO
23:37:17,-80.96236,-18.84129,0,422,OFF,RETRACTED,AUTO
23:37:17,-80.95238,-18.03241,0,426,OFF,RETRACTED,AUTO
23:37:17,-80.24715,-16.95716,0,424,OFF,RETRACTED,AUTO
23:37:17,-80.56398,-18.84938,0,414,OFF,RETRACTED,AUTO
23:37:17,-80.61838,-18.35714,0,401,OFF,RETRACTED,AUTO
23:37:17,-80.6391,-18.06901,0,388,OFF,RETRACTED,AUTO
23:37:17,-80.84344,-17.44488,0,187,OFF,RETRACTED,AUTO
23:37:18,-80.97042,-19.05918,0,70,OFF,RETRACTED,AUTO
23:37:18,-80.93695,-19.16154,0,45,OFF,RETRACTED,AUTO
23:37:18,-80.53654,-18.71923,0,36,OFF,RETRACTED,AUTO
23:37:18,-79.61629,-21.22707,0,29,OFF,RETRACTED,AUTO
23:37:18,-80.59764,-19.32116,0,27,OFF,RETRACTED,AUTO
23:37:18,-80.80795,-19.18248,0,24,OFF,RETRACTED,AUTO
23:37:18,-80.51061,-17.636,0,22,OFF,RETRACTED,AUTO
23:37:18,-80.30062,-18.33363,0,21,OFF,RETRACTED,AUTO
23:37:18,-79.68318,-18.43495,0,21,OFF,RETRACTED,AUTO
23:37:18,-80.09741,-24.87934,0,21,OFF,RETRACTED,AUTO
23:37:19,-79.99887,-27.26162,0,21,OFF,RETRACTED,AUTO
23:37:19,-80.11715,-24.6501,0,21,OFF,RETRACTED,AUTO
23:37:19,-80.03142,-25.07763,0,21,OFF,RETRACTED,AUTO
23:37:19,-80.236,-24.93556,0,21,OFF,RETRACTED,AUTO
23:37:19,-80.2466,-25.28966,0,21,OFF,RETRACTED,AUTO
23:37:19,-80.1487,-23.02369,0,21,OFF,RETRACTED,AUTO
23:37:19,-80.2019,-23.98654,0,21,OFF,RETRACTED,AUTO
23:37:19,-80.49497,-21.13679,0,21,OFF,RETRACTED,AUTO
23:37:19,-80.69695,-20.9245,0,30,OFF,RETRACTED,AUTO
23:37:19,-80.55033,-20.73797,0,330,OFF,RETRACTED,AUTO
23:37:20,-80.4715,-21.1075,0,374,OFF,RETRACTED,AUTO
23:37:20,-80.79865,-19.65948,0,392,OFF,RETRACTED,AUTO
23:37:20,-80.58311,-21.67954,0,404,OFF,RETRACTED,AUTO
23:37:20,-80.63988,-20.70059,0,412,OFF,RETRACTED,AUTO
23:37:20,-80.32756,-20.74381,0,412,OFF,RETRACTED,AUTO
23:37:20,-80.50909,-19.54911,0,405,OFF,RETRACTED,AUTO
23:37:20,-80.30248,-21.18042,0,396,OFF,RETRACTED,AUTO
23:37:20,-80.73154,-21.13358,0,389,OFF,RETRACTED,AUTO
23:37:20,-80.87863,-20.60563,0,387,OFF,RETRACTED,AUTO
23:37:21,-80.35663,-19.5072,0,391,OFF,RETRACTED,AUTO
23:37:21,-81.7553,-10.62545,0,399,OFF,RETRACTED,AUTO
23:37:21,-82.97436,-39.01634,0,408,OFF,RETRACTED,AUTO
23:37:21,-87.88644,-58.25471,0,415,OFF,RETRACTED,AUTO
23:37:21,-79.57278,-4.515897,0,415,OFF,RETRACTED,AUTO
23:37:21,-82.29861,-22.02728,0,409,OFF,RETRACTED,AUTO
23:37:21,-84.113,-25.06369,0,134,OFF,RETRACTED,AUTO
23:37:21,-81.77147,-19.4808,0,161,OFF,RETRACTED,AUTO
23:37:21,-79.65053,0.717955,0,111,OFF,RETRACTED,AUTO
23:37:21,-78.84077,5.00765,0,351,OFF,RETRACTED,AUTO
23:37:22,-68.0042,-17.13773,0,424,OFF,RETRACTED,AUTO
23:37:22,-59.08335,-12.3506,0,449,OFF,RETRACTED,AUTO
23:37:22,-53.19651,-11.40694,0,468,OFF,RETRACTED,AUTO
23:37:22,-48.37848,-11.21835,0,480,OFF,RETRACTED,AUTO
23:37:22,-45.90332,-10.85163,0,484,OFF,RETRACTED,AUTO
23:37:22,-44.92475,-14.60279,0,480,OFF,RETRACTED,AUTO
23:37:22,-42.62532,-13.73861,0,474,OFF,RETRACTED,AUTO
23:37:22,-37.78265,-16.02963,0,464,OFF,RETRACTED,AUTO
23:37:22,-41.5175,-16.8584,0,460,OFF,RETRACTED,AUTO
23:37:22,-35.87845,-17.66764,0,461,OFF,RETRACTED,AUTO
23:37:23,-34.98413,-18.53058,0,468,OFF,RETRACTED,AUTO
23:37:23,-32.4357,-21.82824,0,477,OFF,RETRACTED,AUTO
23:37:23,-33.62849,-21.76311,0,484,OFF,RETRACTED,AUTO
23:37:23,-32.30627,-21.56693,0,386,OFF,RETRACTED,AUTO
23:37:23,-31.40928,-21.95987,0,220,OFF,RETRACTED,AUTO
23:37:23,-31.37589,-22.59047,0,246,OFF,RETRACTED,AUTO
23:37:23,-30.14065,-21.71979,0,462,OFF,RETRACTED,AUTO
23:37:23,-29.19489,-22.83661,0,457,OFF,RETRACTED,AUTO
23:37:23,-27.90624,-23.09742,0,451,OFF,RETRACTED,AUTO
23:37:23,-28.51884,-23.9749,0,454,OFF,RETRACTED,AUTO
23:37:24,-29.18698,-24.90625,0,464,OFF,RETRACTED,AUTO
23:37:24,-27.32377,-24.6085,0,470,OFF,RETRACTED,AUTO
23:37:24,-25.46167,-24.64866,0,476,OFF,RETRACTED,AUTO
23:37:24,-23.31957,-23.55768,0,477,OFF,RETRACTED,AUTO
23:37:24,-22.98481,-24.66836,0,476,OFF,RETRACTED,AUTO
23:37:24,-21.297,-24.53999,0,232,OFF,RETRACTED,AUTO
23:37:24,-20.82102,-24.98284,0,360,OFF,RETRACTED,AUTO
23:37:24,-20.81963,-24.54464,0,391,OFF,RETRACTED,AUTO
23:37:24,-21.13599,-27.37567,0,433,OFF,RETRACTED,AUTO
23:37:24,-20.18775,-26.30317,0,281,OFF,RETRACTED,AUTO
23:37:25,-21.84194,-27.15032,0,201,OFF,RETRACTED,AUTO
23:37:25,-21.78571,-27.0139,0,181,OFF,RETRACTED,AUTO
23:37:25,-22.29601,-27.91286,0,457,OFF,RETRACTED,AUTO
23:37:25,-23.74767,-28.8487,0,460,OFF,RETRACTED,AUTO
23:37:25,-23.70459,-29.00391,0,476,OFF,RETRACTED,AUTO
23:37:25,-23.95605,-28.72529,0,469,OFF,RETRACTED,AUTO
23:37:25,-24.39644,-29.10276,0,464,OFF,RETRACTED,AUTO
23:37:25,-24.68021,-28.667,0,456,OFF,RETRACTED,AUTO
23:37:25,-24.44941,-28.67374,0,369,OFF,RETRACTED,AUTO
23:37:25,-24.71795,-29.13036,0,456,OFF,RETRACTED,AUTO
23:37:26,-24.65772,-28.70656,0,306,OFF,RETRACTED,AUTO
23:37:26,-24.97166,-28.68997,0,423,OFF,RETRACTED,AUTO
23:37:26,-24.56702,-28.75944,0,481,OFF,RETRACTED,AUTO
23:37:26,-25.05534,-28.81079,0,489,OFF,RETRACTED,AUTO
23:37:26,-25.09615,-29.10264,0,484,OFF,RETRACTED,AUTO
23:37:26,-24.63371,-28.50216,0,475,OFF,RETRACTED,AUTO
23:37:26,-24.41357,-27.90025,0,465,OFF,RETRACTED,AUTO
23:37:26,-24.64122,-28.51896,0,461,OFF,RETRACTED,AUTO
23:37:26,-23.87338,-28.3397,0,465,OFF,RETRACTED,AUTO
23:37:26,-24.8268,-28.14367,0,471,OFF,RETRACTED,AUTO
23:37:27,-23.91722,-27.78064,0,481,OFF,RETRACTED,AUTO
23:37:27,-24.04337,-28.34502,0,488,OFF,RETRACTED,AUTO
23:37:27,-25.13051,-29.53028,0,493,OFF,RETRACTED,AUTO
23:37:27,-25.39001,-29.76355,0,489,OFF,RETRACTED,AUTO
23:37:27,-27.30548,-28.52744,0,482,OFF,RETRACTED,AUTO
23:37:27,-24.53468,-21.88143,0,474,OFF,RETRACTED,AUTO
23:37:27,-27.89578,-27.44855,0,466,OFF,RETRACTED,AUTO
23:37:27,-35.11843,-29.00763,0,469,OFF,RETRACTED,AUTO
23:37:27,-31.1387,-27.50435,0,476,OFF,RETRACTED,AUTO
23:37:27,-35.29144,-29.4443,0,485,OFF,RETRACTED,AUTO
23:37:28,-35.62125,-31.11559,0,494,OFF,RETRACTED,AUTO
23:37:28,-36.82904,-30.87086,0,500,OFF,RETRACTED,AUTO
23:37:28,-37.90475,-30.7678,0,502,OFF,RETRACTED,AUTO
23:37:28,-37.47527,-30.80659,0,496,OFF,RETRACTED,AUTO
23:37:28,-38.36409,-31.56384,0,488,OFF,RETRACTED,AUTO
23:37:28,-36.46945,-30.55665,0,477,OFF,RETRACTED,AUTO
23:37:28,-37.36985,-30.927,0,471,OFF,RETRACTED,AUTO
23:37:28,-37.51582,-30.71031,0,475,OFF,RETRACTED,AUTO
23:37:28,-36.30693,-29.765,0,480,OFF,RETRACTED,AUTO
23:37:28,-35.87668,-30.53536,0,488,OFF,RETRACTED,AUTO
23:37:29,-34.41187,-29.34133,0,496,OFF,RETRACTED,AUTO
23:37:29,-34.85119,-30.71228,0,500,OFF,RETRACTED,AUTO
23:37:29,-35.52168,-30.4631,0,499,OFF,RETRACTED,AUTO
23:37:29,-33.43163,-29.1799,0,493,OFF,RETRACTED,AUTO
23:37:29,-36.07439,-31.38221,0,484,OFF,RETRACTED,AUTO
23:37:29,-38.15653,-31.33816,0,476,OFF,RETRACTED,AUTO
23:37:29,-40.20031,-35.15455,0,474,OFF,RETRACTED,AUTO
23:37:29,-40.44154,-30.84403,0,480,OFF,RETRACTED,AUTO
23:37:29,-38.75071,-25.59109,0,487,OFF,RETRACTED,AUTO
23:37:29,-38.35254,-24.53051,0,496,OFF,RETRACTED,AUTO
23:37:30,-38.03651,-26.61063,0,502,OFF,RETRACTED,AUTO
23:37:30,-36.96936,-27.61649,0,505,OFF,RETRACTED,AUTO
23:37:30,-37.67888,-29.17227,0,502,OFF,RETRACTED,AUTO
23:37:30,-37.49756,-29.03241,0,494,OFF,RETRACTED,AUTO
23:37:30,-36.80942,-26.59477,0,484,OFF,RETRACTED,AUTO
23:37:30,-38.15569,-25.4146,0,476,OFF,RETRACTED,AUTO
23:37:30,-38.89237,-28.08071,0,476,OFF,RETRACTED,AUTO
23:37:30,-38.84081,-31.6972,0,480,OFF,RETRACTED,AUTO
23:37:30,-42.2748,-35.0589,0,487,OFF,RETRACTED,AUTO
23:37:31,-42.6665,-32.04346,0,496,OFF,RETRACTED,AUTO
23:37:31,-41.26666,-32.27643,0,502,OFF,RETRACTED,AUTO
23:37:31,-40.36983,-31.86956,0,504,OFF,RETRACTED,AUTO
23:37:31,-42.15524,-33.5399,0,497,OFF,RETRACTED,AUTO
23:37:31,-37.79854,-32.2456,0,488,OFF,RETRACTED,AUTO
23:37:31,-45.16982,-32.22908,0,478,OFF,RETRACTED,AUTO
23:37:31,-43.79538,-27.88748,0,471,OFF,RETRACTED,AUTO
23:37:31,-48.78229,-27.19509,0,471,OFF,RETRACTED,AUTO
23:37:31,-55.64427,-25.2198,0,474,OFF,RETRACTED,AUTO
23:37:31,-73.30846,-30.5096,0,465,OFF,RETRACTED,AUTO
23:37:32,-79.08184,-16.71072,0,450,OFF,RETRACTED,AUTO
23:37:32,-78.07533,-35.96052,0,448,OFF,RETRACTED,AUTO
23:37:32,-78.72427,-24.57429,0,441,OFF,RETRACTED,AUTO
23:37:32,-81.50273,-19.94463,0,430,OFF,RETRACTED,AUTO
23:37:32,-83.11747,-26.11391,0,418,OFF,RETRACTED,AUTO
23:37:32,-83.36283,-11.94855,0,410,OFF,RETRACTED,AUTO
23:37:32,-81.0783,0.352043,0,410,OFF,RETRACTED,AUTO
23:37:32,-78.60837,5.750446,0,414,OFF,RETRACTED,AUTO
23:37:32,-76.4052,8.217358,0,428,OFF,RETRACTED,AUTO
23:37:32,-72.30063,12.24505,0,440,OFF,RETRACTED,AUTO
23:37:33,-70.21552,8.452446,0,452,OFF,RETRACTED,AUTO
23:37:33,-65.06818,3.052446,0,461,OFF,RETRACTED,AUTO
23:37:33,-59.62632,7.649078,0,460,OFF,RETRACTED,AUTO
23:37:33,-65.43939,7.280289,0,450,OFF,RETRACTED,AUTO
23:37:33,-67.17541,7.508882,0,439,OFF,RETRACTED,AUTO
23:37:33,-65.97878,6.845331,0,433,OFF,RETRACTED,AUTO
23:37:33,-62.00127,9.092471,0,435,OFF,RETRACTED,AUTO
23:37:33,-57.58229,7.604404,0,441,OFF,RETRACTED,AUTO
23:37:33,-54.4667,7.530715,0,450,OFF,RETRACTED,AUTO
23:37:33,-55.93814,7.97504,0,460,OFF,RETRACTED,AUTO
23:37:34,-55.59621,6.977247,0,470,OFF,RETRACTED,AUTO
23:37:34,-53.01517,-3.981585,0,478,OFF,RETRACTED,AUTO
23:37:34,-40.82333,-14.13114,0,481,OFF,RETRACTED,AUTO
23:37:34,-44.79991,-12.48207,0,478,OFF,RETRACTED,AUTO
23:37:34,-46.59352,-17.52839,0,471,OFF,RETRACTED,AUTO
23:37:34,-42.83946,-19.63592,0,470,OFF,RETRACTED,AUTO
23:37:34,-41.19461,-23.81132,0,475,OFF,RETRACTED,AUTO
23:37:34,-44.79899,-30.89697,0,484,OFF,RETRACTED,AUTO
23:37:34,-45.86724,-33.85876,0,492,OFF,RETRACTED,AUTO
23:37:34,-51.6213,-40.40381,0,496,OFF,RETRACTED,AUTO
23:37:35,-57.25928,-49.74389,0,493,OFF,RETRACTED,AUTO
23:37:35,-63.44589,-50.92643,0,483,OFF,RETRACTED,AUTO
23:37:35,-60.09276,-44.45803,0,474,OFF,RETRACTED,AUTO
23:37:35,-60.51013,-36.85902,0,463,OFF,RETRACTED,AUTO
23:37:35,-61.98131,-39.21513,0,457,OFF,RETRACTED,AUTO
23:37:35,-61.91256,-37.29881,0,459,OFF,RETRACTED,AUTO
23:37:35,-59.23802,-32.7187,0,468,OFF,RETRACTED,AUTO
23:37:35,-50.70548,-31.70565,0,480,OFF,RETRACTED,AUTO
23:37:35,-51.88473,-41.42757,0,490,OFF,RETRACTED,AUTO
23:37:35,-50.98733,-36.48126,0,500,OFF,RETRACTED,AUTO
23:37:36,-47.34978,-35.75451,0,505,OFF,RETRACTED,AUTO
23:37:36,-42.27121,-28.31788,0,500,OFF,RETRACTED,AUTO
23:37:36,-42.29965,-28.83731,0,490,OFF,RETRACTED,AUTO
23:37:36,-41.25068,-23.82932,0,480,OFF,RETRACTED,AUTO
23:37:36,-41.19663,-23.20793,0,474,OFF,RETRACTED,AUTO
23:37:36,-41.55266,-15.57861,0,474,OFF,RETRACTED,AUTO
23:37:36,-40.64215,-16.28736,0,478,OFF,RETRACTED,AUTO
23:37:36,-43.26371,-17.46895,0,488,OFF,RETRACTED,AUTO
23:37:36,-48.10631,-26.54742,0,497,OFF,RETRACTED,AUTO
23:37:36,-46.85475,-26.04694,0,502,OFF,RETRACTED,AUTO
23:37:37,-46.96464,-23.89734,0,502,OFF,RETRACTED,AUTO
23:37:37,-41.84295,-22.22579,0,495,OFF,RETRACTED,AUTO
23:37:37,-47.11742,-22.6229,0,484,OFF,RETRACTED,AUTO
23:37:37,-55.34157,-29.10066,0,474,OFF,RETRACTED,AUTO
23:37:37,-56.63191,-29.32741,0,469,OFF,RETRACTED,AUTO
23:37:37,-50.06982,-19.51341,0,471,OFF,RETRACTED,AUTO
23:37:37,-51.18867,-19.87194,0,480,OFF,RETRACTED,AUTO
23:37:37,-50.75245,-19.06258,0,488,OFF,RETRACTED,AUTO
23:37:37,-44.43987,-16.8627,0,497,OFF,RETRACTED,AUTO
23:37:37,-43.21814,-20.43972,0,502,OFF,RETRACTED,AUTO
23:37:38,-43.06785,-17.36438,0,499,OFF,RETRACTED,AUTO
23:37:38,-38.01305,-17.49039,0,490,OFF,RETRACTED,AUTO
23:37:38,-36.51509,-17.34808,0,480,OFF,RETRACTED,AUTO
23:37:38,-33.74717,-16.32858,0,470,OFF,RETRACTED,AUTO
23:37:38,-36.20573,-16.50663,0,469,OFF,RETRACTED,AUTO
23:37:38,-34.32703,-14.91454,0,475,OFF,RETRACTED,AUTO
23:37:38,-36.19805,-17.70998,0,483,OFF,RETRACTED,AUTO
23:37:38,-36.02416,-18.15144,0,492,OFF,RETRACTED,AUTO
23:37:38,-37.39063,-16.83233,0,499,OFF,RETRACTED,AUTO
23:37:38,-37.58807,-16.7544,0,500,OFF,RETRACTED,AUTO
23:37:39,-39.86109,-17.79699,0,495,OFF,RETRACTED,AUTO
23:37:39,-38.94388,-15.96584,0,486,OFF,RETRACTED,AUTO
23:37:39,-37.99176,-17.65656,0,476,OFF,RETRACTED,AUTO
23:37:39,-35.26051,-19.13583,0,470,OFF,RETRACTED,AUTO
23:37:39,-35.43863,-20.77828,0,473,OFF,RETRACTED,AUTO
23:37:39,-37.07325,-21.2361,0,480,OFF,RETRACTED,AUTO
23:37:39,-38.85495,-27.14431,0,489,OFF,RETRACTED,AUTO
23:37:39,-34.2228,-25.99913,0,497,OFF,RETRACTED,AUTO
23:37:39,-31.26504,-27.36184,0,502,OFF,RETRACTED,AUTO
23:37:39,-33.56889,-26.95682,0,501,OFF,RETRACTED,AUTO
23:37:40,-34.65718,-29.07312,0,495,OFF,RETRACTED,AUTO
23:37:40,-33.93796,-29.20428,0,485,OFF,RETRACTED,AUTO
23:37:40,-33.09861,-30.32589,0,476,OFF,RETRACTED,AUTO
23:37:40,-32.07727,-33.43987,0,474,OFF,RETRACTED,AUTO
23:37:40,-31.28024,-34.74708,0,476,OFF,RETRACTED,AUTO
23:37:40,-31.75657,-34.91486,0,484,OFF,RETRACTED,AUTO
23:37:40,-31.77527,-34.51964,0,493,OFF,RETRACTED,AUTO
23:37:40,-31.83939,-35.68487,0,499,OFF,RETRACTED,AUTO
23:37:40,-32.03537,-36.05635,0,502,OFF,RETRACTED,AUTO
23:37:41,-31.39887,-34.53779,0,497,OFF,RETRACTED,AUTO
23:37:41,-32.63238,-35.74025,0,489,OFF,RETRACTED,AUTO
23:37:41,-32.02898,-34.41789,0,478,OFF,RETRACTED,AUTO
23:37:41,-31.69922,-33.34138,0,470,OFF,RETRACTED,AUTO
23:37:41,-32.12661,-34.20235,0,470,OFF,RETRACTED,AUTO
23:37:41,-32.45546,-33.38852,0,476,OFF,RETRACTED,AUTO
23:37:41,-32.08231,-36.20151,0,484,OFF,RETRACTED,AUTO
23:37:41,-35.89214,-30.95286,0,494,OFF,RETRACTED,AUTO
23:37:41,-41.79045,-33.37256,0,499,OFF,RETRACTED,AUTO
23:37:41,-51.53376,-33.96572,0,499,OFF,RETRACTED,AUTO
23:37:42,-42.42437,-26.41172,0,493,OFF,RETRACTED,AUTO
23:37:42,-58.67523,-37.22593,0,477,OFF,RETRACTED,AUTO
23:37:42,-65.70325,-30.75392,0,457,OFF,RETRACTED,AUTO
23:37:42,-72.85537,-27.94669,0,436,OFF,RETRACTED,AUTO
23:37:42,-82.19939,-34.84385,0,416,OFF,RETRACTED,AUTO
23:37:42,-83.94323,-41.33008,0,413,OFF,RETRACTED,AUTO
23:37:42,-85.94956,-42.93353,0,414,OFF,RETRACTED,AUTO
23:37:42,-84.54156,-8.070232,0,423,OFF,RETRACTED,AUTO
23:37:42,-84.58642,-10.58471,0,427,OFF,RETRACTED,AUTO
23:37:42,-84.34985,-10.18242,0,426,OFF,RETRACTED,AUTO
23:37:43,-84.15587,-7.272223,0,416,OFF,RETRACTED,AUTO
23:37:43,-84.0034,-8.658075,0,406,OFF,RETRACTED,AUTO
23:37:43,-84.29008,-7.728637,0,399,OFF,RETRACTED,AUTO
23:37:43,-84.32152,-7.478171,0,397,OFF,RETRACTED,AUTO
23:37:43,-84.17176,-6.632515,0,401,OFF,RETRACTED,AUTO
23:37:43,-84.24104,-4.305911,0,406,OFF,RETRACTED,AUTO
23:37:43,-84.65078,-9.890605,0,415,OFF,RETRACTED,AUTO
23:37:43,-84.0508,-6.656581,0,424,OFF,RETRACTED,AUTO
23:37:43,-84.3532,-7.937188,0,427,OFF,RETRACTED,AUTO
23:37:43,-84.05438,-7.044317,0,424,OFF,RETRACTED,AUTO
23:37:44,-84.01299,-8.403371,0,415,OFF,RETRACTED,AUTO
23:37:44,-84.36076,-8.652542,0,406,OFF,RETRACTED,AUTO
23:37:44,-84.329,-8.611569,0,402,OFF,RETRACTED,AUTO
23:37:44,-84.00388,-8.038721,0,403,OFF,RETRACTED,AUTO
23:37:44,-84.26516,-9.063672,0,408,OFF,RETRACTED,AUTO
23:37:44,-84.33858,-6.280007,0,415,OFF,RETRACTED,AUTO
23:37:44,-84.05135,-8.607862,0,427,OFF,RETRACTED,AUTO
23:37:44,-84.16327,-8.373594,0,430,OFF,RETRACTED,AUTO
23:37:44,-84.43147,-8.071257,0,430,OFF,RETRACTED,AUTO
23:37:44,-84.30721,-8.130102,0,427,OFF,RETRACTED,AUTO
23:37:45,-83.97561,-7.713215,0,414,OFF,RETRACTED,AUTO
23:37:45,-84.54935,-4.834406,0,405,OFF,RETRACTED,AUTO
23:37:45,-84.11344,-8.9658,0,402,OFF,RETRACTED,AUTO
23:37:45,-84.49279,-7.576154,0,403,OFF,RETRACTED,AUTO
23:37:45,-84.25076,-7.844102,0,410,OFF,RETRACTED,AUTO
23:37:45,-84.39101,-7.467077,0,416,OFF,RETRACTED,AUTO
23:37:45,-84.23921,-9.572634,0,427,OFF,RETRACTED,AUTO
23:37:45,-84.23138,-6.592203,0,430,OFF,RETRACTED,AUTO
23:37:45,-83.8999,-6.368264,0,430,OFF,RETRACTED,AUTO
23:37:45,-84.03838,-7.817817,0,424,OFF,RETRACTED,AUTO
23:37:46,-84.46703,-8.288486,0,413,OFF,RETRACTED,AUTO
23:37:46,-84.4374,-8.208536,0,405,OFF,RETRACTED,AUTO
23:37:46,-84.40652,-8.599089,0,402,OFF,RETRACTED,AUTO
23:37:46,-84.27954,-6.519802,0,405,OFF,RETRACTED,AUTO
23:37:46,-84.60168,-5.881582,0,414,OFF,RETRACTED,AUTO
23:37:46,-84.26698,-5.523222,0,424,OFF,RETRACTED,AUTO
23:37:46,-84.2125,-9.132535,0,430,OFF,RETRACTED,AUTO
23:37:46,-84.55372,-8.150255,0,433,OFF,RETRACTED,AUTO
23:37:46,-83.89808,-6.101986,0,429,OFF,RETRACTED,AUTO
23:37:46,-84.30168,-8.168479,0,422,OFF,RETRACTED,AUTO
23:37:47,-83.98125,-7.713215,0,410,OFF,RETRACTED,AUTO
23:37:47,-83.84981,-5.897549,0,403,OFF,RETRACTED,AUTO
23:37:47,-84.23981,-6.32536,0,403,OFF,RETRACTED,AUTO
23:37:47,-84.34526,-7.956069,0,408,OFF,RETRACTED,AUTO
23:37:47,-84.28418,-7.024733,0,416,OFF,RETRACTED,AUTO
23:37:47,-84.0202,-8.804997,0,427,OFF,RETRACTED,AUTO
23:37:47,-84.26951,-6.072456,0,432,OFF,RETRACTED,AUTO
23:37:47,-84.36675,-8.285796,0,433,OFF,RETRACTED,AUTO
23:37:47,-84.48232,-9.554291,0,428,OFF,RETRACTED,AUTO
23:37:47,-84.46265,-9.117862,0,416,OFF,RETRACTED,AUTO
23:37:48,-84.23254,-8.979566,0,406,OFF,RETRACTED,AUTO
23:37:48,-84.52467,-6.792312,0,403,OFF,RETRACTED,AUTO
23:37:48,-84.31926,-7.343701,0,404,OFF,RETRACTED,AUTO
23:37:48,-84.26284,-5.938488,0,410,OFF,RETRACTED,AUTO
23:37:48,-84.40974,-8.735661,0,416,OFF,RETRACTED,AUTO
23:37:48,-84.37121,-8.944128,0,428,OFF,RETRACTED,AUTO
23:37:48,-84.51849,-8.070232,0,433,OFF,RETRACTED,AUTO
23:37:48,-84.22553,-6.030009,0,430,OFF,RETRACTED,AUTO
23:37:48,-84.40728,-4.016597,0,426,OFF,RETRACTED,AUTO
23:37:48,-84.64352,-9.107335,0,413,OFF,RETRACTED,AUTO
23:37:49,-84.16438,-8.111362,0,405,OFF,RETRACTED,AUTO
23:37:49,-84.19173,-7.71737,0,402,OFF,RETRACTED,AUTO
23:37:49,-84.40794,-9.712026,0,405,OFF,RETRACTED,AUTO
23:37:49,-84.45419,-6.864976,0,413,OFF,RETRACTED,AUTO
23:37:49,-84.61075,-7.745843,0,423,OFF,RETRACTED,AUTO
23:37:49,-84.25063,-6.32536,0,429,OFF,RETRACTED,AUTO
23:37:49,-84.34138,-9.036422,0,433,OFF,RETRACTED,AUTO
23:37:49,-84.45229,-7.557755,0,429,OFF,RETRACTED,AUTO
23:37:49,-84.29675,-7.728637,0,423,OFF,RETRACTED,AUTO
23:37:49,-83.96941,-7.696052,0,410,OFF,RETRACTED,AUTO
23:37:50,-84.35667,-8.922872,0,403,OFF,RETRACTED,AUTO
23:37:50,-84.26914,-7.057847,0,402,OFF,RETRACTED,AUTO
23:37:50,-84.44439,-7.383491,0,406,OFF,RETRACTED,AUTO
23:37:50,-84.77686,-6.519802,0,415,OFF,RETRACTED,AUTO
23:37:50,-84.34821,-8.497007,0,426,OFF,RETRACTED,AUTO
23:37:50,-84.48634,-7.576154,0,430,OFF,RETRACTED,AUTO
23:37:50,-84.30128,-7.074521,0,433,OFF,RETRACTED,AUTO
23:37:50,-84.13988,-7.255568,0,428,OFF,RETRACTED,AUTO
23:37:50,-84.2913,-7.746859,0,416,OFF,RETRACTED,AUTO
23:37:51,-84.37242,-6.886428,0,406,OFF,RETRACTED,AUTO
23:37:51,-84.69719,-6.275851,0,402,OFF,RETRACTED,AUTO
23:37:51,-84.52004,-6.915462,0,403,OFF,RETRACTED,AUTO
23:37:51,-84.47926,-8.703635,0,409,OFF,RETRACTED,AUTO
23:37:51,-84.7084,-6.598716,0,417,OFF,RETRACTED,AUTO
23:37:51,-84.21728,-6.66323,0,428,OFF,RETRACTED,AUTO
23:37:51,-83.83676,-5.772925,0,433,OFF,RETRACTED,AUTO
23:37:51,-84.35136,-6.717828,0,433,OFF,RETRACTED,AUTO
23:37:51,-84.07872,-7.222486,0,428,OFF,RETRACTED,AUTO
23:37:51,-84.45229,-7.557755,0,415,OFF,RETRACTED,AUTO
23:37:52,-84.08204,-6.801314,0,406,OFF,RETRACTED,AUTO
23:37:52,-84.24086,-6.709837,0,403,OFF,RETRACTED,AUTO
23:37:52,-84.15995,-5.974324,0,405,OFF,RETRACTED,AUTO
23:37:52,-84.02903,-7.654477,0,413,OFF,RETRACTED,AUTO
23:37:52,-84.35912,-10.18242,0,423,OFF,RETRACTED,AUTO
23:37:52,-84.35297,-6.597665,0,429,OFF,RETRACTED,AUTO
23:37:52,-84.35415,-7.648637,0,434,OFF,RETRACTED,AUTO
23:37:52,-84.46323,-7.677414,0,433,OFF,RETRACTED,AUTO
23:37:52,-84.55385,-9.69561,0,424,OFF,RETRACTED,AUTO
23:37:52,-84.14687,-7.420015,0,413,OFF,RETRACTED,AUTO
23:37:53,-84.46941,-6.016316,0,405,OFF,RETRACTED,AUTO
23:37:53,-84.45955,-8.979891,0,403,OFF,RETRACTED,AUTO
23:37:53,-84.39391,-6.766175,0,406,OFF,RETRACTED,AUTO
23:37:53,-84.55912,-8.110048,0,414,OFF,RETRACTED,AUTO
23:37:53,-84.41105,-8.735661,0,424,OFF,RETRACTED,AUTO
23:37:53,-84.00612,-6.340191,0,430,OFF,RETRACTED,AUTO
23:37:53,-84.55783,-8.390627,0,434,OFF,RETRACTED,AUTO
23:37:53,-83.94834,-8.075896,0,430,OFF,RETRACTED,AUTO
23:37:53,-84.43864,-7.107774,0,423,OFF,RETRACTED,AUTO
23:37:53,-84.63557,-8.96514,0,412,OFF,RETRACTED,AUTO
23:37:54,-84.09755,-6.832362,0,403,OFF,RETRACTED,AUTO
23:37:54,-84.15413,-8.354351,0,402,OFF,RETRACTED,AUTO
23:37:54,-84.34526,-7.956069,0,406,OFF,RETRACTED,AUTO
23:37:54,-84.39423,-10.9847,0,415,OFF,RETRACTED,AUTO
23:37:54,-84.51672,-7.613221,0,426,OFF,RETRACTED,AUTO
23:37:54,-83.98679,-7.204594,0,430,OFF,RETRACTED,AUTO
23:37:54,-84.22056,-10.10112,0,433,OFF,RETRACTED,AUTO
23:37:54,-84.05251,-8.350752,0,428,OFF,RETRACTED,AUTO
23:37:54,-84.41107,-10.68747,0,416,OFF,RETRACTED,AUTO
23:37:54,-84.12128,-8.297146,0,406,OFF,RETRACTED,AUTO
23:37:55,-84.2972,-7.594644,0,402,OFF,RETRACTED,AUTO
23:37:55,-84.5937,-7.142689,0,403,OFF,RETRACTED,AUTO
23:37:55,-83.96305,-10.00798,0,410,OFF,RETRACTED,AUTO
23:37:55,-84.60361,-9.509479,0,416,OFF,RETRACTED,AUTO
23:37:55,-84.19309,-8.280683,0,423,OFF,RETRACTED,AUTO
23:37:55,-84.3621,-7.666804,0,426,OFF,RETRACTED,AUTO
23:37:55,-84.26746,-8.909718,0,430,OFF,RETRACTED,AUTO
23:37:55,-84.41893,-9.439604,0,426,OFF,RETRACTED,AUTO
23:37:55,-84.38614,-7.330315,0,415,OFF,RETRACTED,AUTO
23:37:55,-84.27203,-7.559068,0,406,OFF,RETRACTED,AUTO
23:37:56,-84.22837,-4.408942,0,402,OFF,RETRACTED,AUTO
23:37:56,-83.70857,-8.512532,0,404,OFF,RETRACTED,AUTO
23:37:56,-84.2387,-9.021425,0,413,OFF,RETRACTED,AUTO
23:37:56,-84.20918,-9.418283,0,422,OFF,RETRACTED,AUTO
23:37:56,-84.01841,-6.724913,0,428,OFF,RETRACTED,AUTO
23:37:56,-84.35139,-8.901716,0,433,OFF,RETRACTED,AUTO
23:37:56,-84.31677,-6.670164,0,430,OFF,RETRACTED,AUTO
23:37:56,-83.70568,-6.093465,0,424,OFF,RETRACTED,AUTO
23:37:56,-84.35548,-6.566299,0,413,OFF,RETRACTED,AUTO
23:37:56,-83.74458,-3.599547,0,405,OFF,RETRACTED,AUTO
23:37:57,-84.09512,-6.946627,0,403,OFF,RETRACTED,AUTO
23:37:57,-83.73346,-6.137256,0,406,OFF,RETRACTED,AUTO
23:37:57,-83.8041,-8.25347,0,414,OFF,RETRACTED,AUTO
23:37:57,-84.06223,-6.899507,0,424,OFF,RETRACTED,AUTO
23:37:57,-84.78092,-7.584844,0,430,OFF,RETRACTED,AUTO
23:37:57,-83.91587,-6.717224,0,434,OFF,RETRACTED,AUTO
23:37:57,-83.94855,-6.283659,0,429,OFF,RETRACTED,AUTO
23:37:57,-84.17751,-6.36944,0,423,OFF,RETRACTED,AUTO
23:37:57,-84.37199,-8.266011,0,410,OFF,RETRACTED,AUTO
23:37:57,-84.60818,-8.59427,0,402,OFF,RETRACTED,AUTO
23:37:58,-83.81613,-6.367712,0,403,OFF,RETRACTED,AUTO
23:37:58,-84.2654,-5.952459,0,406,OFF,RETRACTED,AUTO
23:37:58,-84.60317,-7.745843,0,413,OFF,RETRACTED,AUTO
23:37:58,-84.21622,-4.018861,0,423,OFF,RETRACTED,AUTO
23:37:58,-84.23055,-6.310597,0,353,OFF,RETRACTED,AUTO
23:37:58,-84.32262,-6.280007,0,185,OFF,RETRACTED,AUTO
23:37:58,-84.2149,-6.842774,0,198,OFF,RETRACTED,AUTO
23:37:58,-84.41521,-7.347956,0,138,OFF,RETRACTED,AUTO
23:37:58,-84.62268,-7.642144,0,387,OFF,RETRACTED,AUTO
23:37:58,-84.32054,-6.788975,0,396,OFF,RETRACTED,AUTO
23:37:59,-84.24945,-6.310597,0,401,OFF,RETRACTED,AUTO
23:37:59,-84.39479,-6.886428,0,406,OFF,RETRACTED,AUTO
23:37:59,-84.33486,-6.972769,0,415,OFF,RETRACTED,AUTO
23:37:59,-83.91138,-8.399095,0,427,OFF,RETRACTED,AUTO
23:37:59,-84.34884,-7.277894,0,430,OFF,RETRACTED,AUTO
23:37:59,-84.16444,-5.829028,0,430,OFF,RETRACTED,AUTO
23:37:59,-84.41596,-7.073538,0,425,OFF,RETRACTED,AUTO
23:37:59,-84.58833,-5.866944,0,413,OFF,RETRACTED,AUTO
23:37:59,-84.54998,-7.989327,0,404,OFF,RETRACTED,AUTO
23:37:59,-84.19001,-6.546291,0,401,OFF,RETRACTED,AUTO
23:38:00,-84.45367,-8.34572,0,403,OFF,RETRACTED,AUTO
23:38:00,-84.26712,-7.825745,0,412,OFF,RETRACTED,AUTO
23:38:00,-84.19074,-8.261559,0,420,OFF,RETRACTED,AUTO
23:38:00,-84.17906,-8.50458,0,428,OFF,RETRACTED,AUTO
23:38:00,-84.20004,-7.488899,0,430,OFF,RETRACTED,AUTO
23:38:00,-84.3596,-6.597665,0,428,OFF,RETRACTED,AUTO
23:38:00,-84.31387,-6.805026,0,423,OFF,RETRACTED,AUTO
23:38:00,-84.46534,-5.585735,0,412,OFF,RETRACTED,AUTO
23:38:00,-84.30491,-8.034129,0,404,OFF,RETRACTED,AUTO
23:38:01,-84.38167,-7.449199,0,403,OFF,RETRACTED,AUTO
23:38:01,-84.04576,-6.801314,0,406,OFF,RETRACTED,AUTO
23:38:01,-84.03142,-6.211822,0,414,OFF,RETRACTED,AUTO
23:38:01,-84.50659,-5.626746,0,424,OFF,RETRACTED,AUTO
23:38:01,-84.28148,-5.83184,0,429,OFF,RETRACTED,AUTO
23:38:01,-84.20805,-8.280683,0,432,OFF,RETRACTED,AUTO
23:38:01,-84.26971,-6.890953,0,428,OFF,RETRACTED,AUTO
23:38:01,-84.30727,-8.417057,0,416,OFF,RETRACTED,AUTO
23:38:01,-84.31312,-7.612556,0,408,OFF,RETRACTED,AUTO
23:38:01,-84.05066,-7.671745,0,403,OFF,RETRACTED,AUTO
23:38:02,-84.29961,-6.535228,0,404,OFF,RETRACTED,AUTO
23:38:02,-84.12064,-7.420015,0,410,OFF,RETRACTED,AUTO
23:38:02,-84.23077,-6.295903,0,416,OFF,RETRACTED,AUTO
23:38:02,-84.14319,-6.994391,0,427,OFF,RETRACTED,AUTO
23:38:02,-84.15241,-6.209147,0,430,OFF,RETRACTED,AUTO
23:38:02,-84.4302,-7.228189,0,430,OFF,RETRACTED,AUTO
23:38:02,-84.23469,-7.108423,0,426,OFF,RETRACTED,AUTO
23:38:02,-84.35008,-6.733867,0,414,OFF,RETRACTED,AUTO
23:38:02,-84.32425,-5.751402,0,405,OFF,RETRACTED,AUTO
23:38:02,-84.13191,-6.586967,0,402,OFF,RETRACTED,AUTO
23:38:03,-83.96378,-7.603134,0,405,OFF,RETRACTED,AUTO
23:38:03,-84.43763,-7.365681,0,412,OFF,RETRACTED,AUTO
23:38:03,-83.87094,-5.446327,0,422,OFF,RETRACTED,AUTO
23:38:03,-84.17454,-6.252225,0,429,OFF,RETRACTED,AUTO
23:38:03,-84.23479,-5.085525,0,433,OFF,RETRACTED,AUTO
23:38:03,-84.06014,-6.254033,0,429,OFF,RETRACTED,AUTO
23:38:03,-84.16433,-6.223441,0,422,OFF,RETRACTED,AUTO
23:38:03,-84.00471,-6.340191,0,412,OFF,RETRACTED,AUTO
23:38:03,-83.89501,-6.606161,0,403,OFF,RETRACTED,AUTO
23:38:03,-84.20113,-8.655393,0,403,OFF,RETRACTED,AUTO
23:38:04,-84.04192,-6.225829,0,408,OFF,RETRACTED,AUTO
23:38:04,-84.41857,-6.386089,0,415,OFF,RETRACTED,AUTO
23:38:04,-84.3706,-5.343056,0,426,OFF,RETRACTED,AUTO
23:38:04,-84.43267,-9.622047,0,430,OFF,RETRACTED,AUTO
23:38:04,-84.19562,-6.413818,0,433,OFF,RETRACTED,AUTO
23:38:04,-84.48244,-5.877393,0,428,OFF,RETRACTED,AUTO
23:38:04,-84.50242,-6.479899,0,416,OFF,RETRACTED,AUTO
23:38:04,-84.06229,-5.194428,0,406,OFF,RETRACTED,AUTO
23:38:04,-83.99044,-6.694828,0,402,OFF,RETRACTED,AUTO
23:38:04,-84.51067,-6.060551,0,404,OFF,RETRACTED,AUTO
23:38:05,-84.01605,-6.083389,0,410,OFF,RETRACTED,AUTO
23:38:05,-83.99147,-6.425158,0,417,OFF,RETRACTED,AUTO
23:38:05,-84.23123,-8.358069,0,428,OFF,RETRACTED,AUTO
23:38:05,-83.98067,-4.869942,0,433,OFF,RETRACTED,AUTO
23:38:05,-84.20788,-6.030009,0,430,OFF,RETRACTED,AUTO
23:38:05,-84.00127,-8.002738,0,424,OFF,RETRACTED,AUTO
23:38:05,-84.24742,-6.607649,0,413,OFF,RETRACTED,AUTO
23:38:05,-84.23388,-9.153811,0,404,OFF,RETRACTED,AUTO
23:38:05,-83.79124,-5.74783,0,402,OFF,RETRACTED,AUTO
23:38:05,-84.43839,-7.090615,0,405,OFF,RETRACTED,AUTO
23:38:06,-84.19298,-5.351668,0,413,OFF,RETRACTED,AUTO
23:38:06,-84.16137,-6.486056,0,418,OFF,RETRACTED,AUTO
23:38:06,-84.21764,-6.842774,0,427,OFF,RETRACTED,AUTO
23:38:06,-84.25185,-7.656595,0,433,OFF,RETRACTED,AUTO
23:38:06,-84.09377,-6.022686,0,430,OFF,RETRACTED,AUTO
23:38:06,-84.48766,-5.321021,0,422,OFF,RETRACTED,AUTO
23:38:06,-84.06009,-6.542038,0,410,OFF,RETRACTED,AUTO
23:38:06,-84.08044,-6.770547,0,403,OFF,RETRACTED,AUTO
23:38:06,-84.24843,-4.573922,0,403,OFF,RETRACTED,AUTO
23:38:06,-84.20772,-6.295903,0,410,OFF,RETRACTED,AUTO
23:38:07,-84.20284,-6.266717,0,417,OFF,RETRACTED,AUTO
23:38:07,-84.38783,-5.355825,0,427,OFF,RETRACTED,AUTO
23:38:07,-84.11716,-5.933228,0,430,OFF,RETRACTED,AUTO
23:38:07,-84.16616,-5.946864,0,433,OFF,RETRACTED,AUTO
23:38:07,-84.12646,-8.037242,0,426,OFF,RETRACTED,AUTO
23:38:07,-84.25402,-3.618101,0,414,OFF,RETRACTED,AUTO
23:38:07,-84.39259,-6.766175,0,405,OFF,RETRACTED,AUTO
23:38:07,-84.19048,-6.398957,0,403,OFF,RETRACTED,AUTO
23:38:07,-84.0607,-5.594269,0,405,OFF,RETRACTED,AUTO
23:38:07,-84.05721,-5.477368,0,413,OFF,RETRACTED,AUTO
23:38:08,-84.13618,-6.456352,0,423,OFF,RETRACTED,AUTO
23:38:08,-84.46344,-5.613009,0,429,OFF,RETRACTED,AUTO
23:38:08,-84.26122,-6.576828,0,433,OFF,RETRACTED,AUTO
23:38:08,-84.20619,-7.224315,0,429,OFF,RETRACTED,AUTO
23:38:08,-84.24471,-6.725517,0,422,OFF,RETRACTED,AUTO
23:38:08,-84.49792,-7.316466,0,410,OFF,RETRACTED,AUTO
23:38:08,-84.35322,-7.956069,0,403,OFF,RETRACTED,AUTO
23:38:08,-84.31295,-6.550726,0,403,OFF,RETRACTED,AUTO
23:38:08,-84.0751,-6.801314,0,408,OFF,RETRACTED,AUTO
23:38:08,-84.14976,-7.699597,0,415,OFF,RETRACTED,AUTO
23:38:09,-84.14806,-6.89531,0,426,OFF,RETRACTED,AUTO
23:38:09,-84.38216,-6.613461,0,430,OFF,RETRACTED,AUTO
23:38:09,-84.42208,-6.508035,0,430,OFF,RETRACTED,AUTO
23:38:09,-84.22416,-6.858758,0,427,OFF,RETRACTED,AUTO
23:38:09,-84.31847,-6.415403,0,415,OFF,RETRACTED,AUTO
23:38:09,-84.59939,-7.125016,0,405,OFF,RETRACTED,AUTO
23:38:09,-84.19785,-7.753162,0,402,OFF,RETRACTED,AUTO
23:38:09,-84.01316,-5.697729,0,405,OFF,RETRACTED,AUTO
23:38:09,-84.25884,-5.389312,0,412,OFF,RETRACTED,AUTO
23:38:09,-84.55515,-8.27078,0,422,OFF,RETRACTED,AUTO
23:38:10,-84.36936,-6.037683,0,428,OFF,RETRACTED,AUTO
23:38:10,-83.89971,-5.205909,0,433,OFF,RETRACTED,AUTO
23:38:10,-84.39706,-7.19347,0,430,OFF,RETRACTED,AUTO
23:38:10,-84.07076,-3.657767,0,423,OFF,RETRACTED,AUTO
23:38:10,-84.48115,-8.746162,0,412,OFF,RETRACTED,AUTO
23:38:10,-84.21136,-4.675,0,403,OFF,RETRACTED,AUTO
23:38:10,-84.56718,-7.10743,0,403,OFF,RETRACTED,AUTO
23:38:10,-84.47483,-6.464074,0,406,OFF,RETRACTED,AUTO
23:38:10,-84.3308,-5.99477,0,415,OFF,RETRACTED,AUTO
23:38:11,-84.40036,-9.008504,0,426,OFF,RETRACTED,AUTO
23:38:11,-84.33715,-5.046442,0,432,OFF,RETRACTED,AUTO
23:38:11,-84.35555,-6.581944,0,433,OFF,RETRACTED,AUTO
23:38:11,-84.25938,-8.092083,0,428,OFF,RETRACTED,AUTO
23:38:11,-84.46876,-7.280899,0,416,OFF,RETRACTED,AUTO
23:38:11,-84.35767,-5.778933,0,408,OFF,RETRACTED,AUTO
23:38:11,-84.17419,-6.266717,0,403,OFF,RETRACTED,AUTO
23:38:11,-84.39075,-6.218351,0,404,OFF,RETRACTED,AUTO
23:38:11,-83.97686,-6.283659,0,412,OFF,RETRACTED,AUTO
23:38:11,-83.9453,-8.600322,0,422,OFF,RETRACTED,AUTO
23:38:12,-84.08369,-7.560288,0,429,OFF,RETRACTED,AUTO
23:38:12,-84.32078,-11.36328,0,433,OFF,RETRACTED,AUTO
23:38:12,-84.34935,-6.159163,0,430,OFF,RETRACTED,AUTO
23:38:12,-84.29656,-6.788975,0,424,OFF,RETRACTED,AUTO
23:38:12,-84.05513,-8.203511,0,413,OFF,RETRACTED,AUTO
23:38:12,-84.26024,-6.058241,0,404,OFF,RETRACTED,AUTO
23:38:12,-83.88719,-6.326248,0,402,OFF,RETRACTED,AUTO
23:38:12,-84.55901,-7.829077,0,406,OFF,RETRACTED,AUTO
23:38:12,-84.23309,-4.963937,0,414,OFF,RETRACTED,AUTO
23:38:12,-84.47542,-7.972372,0,424,OFF,RETRACTED,AUTO
23:38:13,-84.21702,-6.678694,0,430,OFF,RETRACTED,AUTO
23:38:13,-84.76168,-7.545898,0,433,OFF,RETRACTED,AUTO
23:38:13,-84.49266,-7.733599,0,428,OFF,RETRACTED,AUTO
23:38:13,-84.2701,-7.710501,0,417,OFF,RETRACTED,AUTO
23:38:13,-84.31622,-5.737735,0,408,OFF,RETRACTED,AUTO
23:38:13,-84.49561,-8.863353,0,403,OFF,RETRACTED,AUTO
23:38:13,-84.72398,-7.197703,0,404,OFF,RETRACTED,AUTO
23:38:13,-84.42566,-6.952958,0,410,OFF,RETRACTED,AUTO
23:38:13,-84.33362,-8.746162,0,416,OFF,RETRACTED,AUTO
23:38:13,-84.44112,-8.386149,0,428,OFF,RETRACTED,AUTO
23:38:14,-84.20616,-7.339607,0,433,OFF,RETRACTED,AUTO
23:38:14,-84.49554,-4.915063,0,433,OFF,RETRACTED,AUTO
23:38:14,-84.5144,-7.891703,0,426,OFF,RETRACTED,AUTO
23:38:14,-84.38493,-7.758945,0,414,OFF,RETRACTED,AUTO
23:38:14,-84.32812,-5.980599,0,405,OFF,RETRACTED,AUTO
23:38:14,-84.25806,-6.623168,0,402,OFF,RETRACTED,AUTO
23:38:14,-84.26823,-6.907163,0,405,OFF,RETRACTED,AUTO
23:38:14,-84.48793,-6.864976,0,413,OFF,RETRACTED,AUTO
23:38:14,-84.19276,-6.911227,0,423,OFF,RETRACTED,AUTO
23:38:14,-84.2222,-7.241134,0,430,OFF,RETRACTED,AUTO
23:38:15,-84.15516,-7.533681,0,433,OFF,RETRACTED,AUTO
23:38:15,-84.25649,-6.757098,0,429,OFF,RETRACTED,AUTO
23:38:15,-84.4533,-5.433737,0,422,OFF,RETRACTED,AUTO
23:38:15,-84.38837,-7.467077,0,409,OFF,RETRACTED,AUTO
23:38:15,-84.31608,-6.129988,0,403,OFF,RETRACTED,AUTO
23:38:15,-84.14291,-5.815627,0,403,OFF,RETRACTED,AUTO
23:38:15,-84.43085,-5.420595,0,408,OFF,RETRACTED,AUTO
23:38:15,-84.36023,-5.765134,0,415,OFF,RETRACTED,AUTO
23:38:15,-84.37973,-6.476863,0,426,OFF,RETRACTED,AUTO
23:38:15,-84.29272,-6.757098,0,430,OFF,RETRACTED,AUTO
23:38:16,-84.03422,-6.211822,0,432,OFF,RETRACTED,AUTO
23:38:16,-84.47825,-7.557755,0,427,OFF,RETRACTED,AUTO
23:38:16,-84.31297,-6.535228,0,415,OFF,RETRACTED,AUTO
23:38:16,-84.48671,-6.324702,0,405,OFF,RETRACTED,AUTO
23:38:16,-84.61452,-7.16045,0,402,OFF,RETRACTED,AUTO
23:38:16,-84.4721,-7.576154,0,404,OFF,RETRACTED,AUTO
23:38:16,-84.56852,-8.411355,0,412,OFF,RETRACTED,AUTO
23:38:16,-84.75713,-10.3575,0,422,OFF,RETRACTED,AUTO
23:38:16,-84.67818,-8.746161,0,429,OFF,RETRACTED,AUTO
23:38:16,-84.29365,-8.168479,0,433,OFF,RETRACTED,AUTO
23:38:17,-84.74976,-4.263521,0,430,OFF,RETRACTED,AUTO
23:38:17,-84.22005,-6.162989,0,424,OFF,RETRACTED,AUTO
23:38:17,-84.69038,-4.365258,0,412,OFF,RETRACTED,AUTO
23:38:17,-84.36121,-6.309956,0,404,OFF,RETRACTED,AUTO
23:38:17,-84.2763,-6.907163,0,402,OFF,RETRACTED,AUTO
23:38:17,-84.4864,-5.460213,0,406,OFF,RETRACTED,AUTO
23:38:17,-84.623,-6.19723,0,414,OFF,RETRACTED,AUTO
23:38:17,-84.22658,-7.108423,0,426,OFF,RETRACTED,AUTO
23:38:17,-84.59596,-7.018683,0,430,OFF,RETRACTED,AUTO
23:38:17,-84.22246,-4.95237,0,433,OFF,RETRACTED,AUTO
23:38:18,-84.31482,-7.495858,0,428,OFF,RETRACTED,AUTO
23:38:18,-84.59277,-7.462256,0,417,OFF,RETRACTED,AUTO
23:38:18,-84.15751,-6.60208,0,408,OFF,RETRACTED,AUTO
23:38:18,-84.23505,-5.763855,0,403,OFF,RETRACTED,AUTO
23:38:18,-84.03079,-6.883941,0,404,OFF,RETRACTED,AUTO
23:38:18,-84.24153,-2.687969,0,410,OFF,RETRACTED,AUTO
23:38:18,-84.03268,-6.497715,0,417,OFF,RETRACTED,AUTO
23:38:18,-84.30965,-6.923449,0,428,OFF,RETRACTED,AUTO
23:38:18,-84.42231,-6.523734,0,433,OFF,RETRACTED,AUTO
23:38:18,-84.31221,-7.478171,0,432,OFF,RETRACTED,AUTO
23:38:19,-84.35983,-5.07052,0,427,OFF,RETRACTED,AUTO
23:38:19,-84.1835,-4.929396,0,414,OFF,RETRACTED,AUTO
23:38:19,-84.12994,-5.123166,0,405,OFF,RETRACTED,AUTO
23:38:19,-84.43076,-6.263491,0,402,OFF,RETRACTED,AUTO
23:38:19,-84.2669,-7.008291,0,405,OFF,RETRACTED,AUTO
23:38:19,-84.47395,-7.280899,0,413,OFF,RETRACTED,AUTO
23:38:19,-84.29972,-8.591227,0,423,OFF,RETRACTED,AUTO
23:38:19,-84.08206,-5.111477,0,429,OFF,RETRACTED,AUTO
23:38:19,-84.41011,-6.492412,0,433,OFF,RETRACTED,AUTO
23:38:19,-83.93041,-5.875527,0,429,OFF,RETRACTED,AUTO
23:38:20,-84.3399,-6.280007,0,422,OFF,RETRACTED,AUTO
23:38:20,-84.20752,-8.583622,0,411,OFF,RETRACTED,AUTO
23:38:20,-83.99915,-5.51931,0,403,OFF,RETRACTED,AUTO
23:38:20,-84.23987,-7.125016,0,403,OFF,RETRACTED,AUTO
23:38:20,-84.67575,-7.250587,0,408,OFF,RETRACTED,AUTO
23:38:20,-84.42936,-7.330315,0,415,OFF,RETRACTED,AUTO
23:38:20,-84.23638,-5.896964,0,427,OFF,RETRACTED,AUTO
23:38:20,-84.51431,-5.626746,0,433,OFF,RETRACTED,AUTO
23:38:20,-83.68311,-6.98849,0,433,OFF,RETRACTED,AUTO
23:38:21,-84.01675,-6.197877,0,428,OFF,RETRACTED,AUTO
23:38:21,-84.1469,-6.763948,0,416,OFF,RETRACTED,AUTO
23:38:21,-84.39008,-4.568408,0,406,OFF,RETRACTED,AUTO
23:38:21,-84.41468,-5.531973,0,403,OFF,RETRACTED,AUTO
23:38:21,-84.65935,-4.919663,0,404,OFF,RETRACTED,AUTO
23:38:21,-84.56389,-7.707485,0,412,OFF,RETRACTED,AUTO
23:38:21,-84.4109,-7.91478,0,421,OFF,RETRACTED,AUTO
23:38:21,-84.82245,-6.753574,0,428,OFF,RETRACTED,AUTO
23:38:21,-84.1567,-6.879465,0,433,OFF,RETRACTED,AUTO
23:38:21,-84.33885,-8.207216,0,430,OFF,RETRACTED,AUTO
23:38:22,-84.51664,-6.045734,0,426,OFF,RETRACTED,AUTO
23:38:22,-84.34393,-10.58607,0,413,OFF,RETRACTED,AUTO
23:38:22,-84.46861,-6.417058,0,405,OFF,RETRACTED,AUTO
23:38:22,-83.87465,-6.340192,0,403,OFF,RETRACTED,AUTO
23:38:22,-83.87709,-5.535607,0,406,OFF,RETRACTED,AUTO
23:38:22,-84.21413,-6.443748,0,414,OFF,RETRACTED,AUTO
23:38:22,-84.2988,-6.101087,0,426,OFF,RETRACTED,AUTO
23:38:22,-84.19236,-5.591558,0,430,OFF,RETRACTED,AUTO
23:38:22,-84.32658,-7.091273,0,434,OFF,RETRACTED,AUTO
23:38:22,-84.20188,-6.811025,0,430,OFF,RETRACTED,AUTO
23:38:23,-84.20455,-3.07602,0,422,OFF,RETRACTED,AUTO
23:38:23,-84.38553,-7.858008,0,411,OFF,RETRACTED,AUTO
23:38:23,-84.62386,-7.518427,0,403,OFF,RETRACTED,AUTO
23:38:23,-84.3655,-7.022794,0,404,OFF,RETRACTED,AUTO
23:38:23,-84.64285,-6.785569,0,410,OFF,RETRACTED,AUTO
23:38:23,-84.26437,-8.130102,0,416,OFF,RETRACTED,AUTO
23:38:23,-84.28903,-8.302738,0,428,OFF,RETRACTED,AUTO
23:38:23,-84.25076,-7.008291,0,433,OFF,RETRACTED,AUTO
23:38:23,-84.4266,-6.248372,0,433,OFF,RETRACTED,AUTO
23:38:23,-84.66988,-6.981057,0,428,OFF,RETRACTED,AUTO
23:38:24,-84.65749,-7.82371,0,415,OFF,RETRACTED,AUTO
23:38:24,-84.2803,-5.938488,0,406,OFF,RETRACTED,AUTO
23:38:24,-84.22484,-6.576828,0,403,OFF,RETRACTED,AUTO
23:38:24,-84.42555,-7.107774,0,405,OFF,RETRACTED,AUTO
23:38:24,-84.61465,-8.069172,0,413,OFF,RETRACTED,AUTO
23:38:24,-84.43874,-6.125372,0,423,OFF,RETRACTED,AUTO
23:38:24,-84.3869,-5.518694,0,429,OFF,RETRACTED,AUTO
23:38:24,-84.40195,-6.782445,0,434,OFF,RETRACTED,AUTO
23:38:24,-84.3926,-7.721826,0,432,OFF,RETRACTED,AUTO
23:38:24,-84.44163,-8.799047,0,426,OFF,RETRACTED,AUTO
23:38:25,-84.12576,-6.311211,0,413,OFF,RETRACTED,AUTO
23:38:25,-84.25935,-6.741271,0,405,OFF,RETRACTED,AUTO
23:38:25,-84.55958,-4.834406,0,403,OFF,RETRACTED,AUTO
23:38:25,-84.2292,-6.310597,0,408,OFF,RETRACTED,AUTO
23:38:25,-84.30611,-4.752378,0,415,OFF,RETRACTED,AUTO
23:38:25,-84.55192,-6.105438,0,426,OFF,RETRACTED,AUTO
23:38:25,-84.17754,-7.568398,0,433,OFF,RETRACTED,AUTO
23:38:25,-84.66859,-5.667286,0,434,OFF,RETRACTED,AUTO
23:38:25,-84.21813,-7.241134,0,429,OFF,RETRACTED,AUTO
23:38:25,-84.21358,-6.015991,0,418,OFF,RETRACTED,AUTO
23:38:26,-84.4893,-5.194429,0,409,OFF,RETRACTED,AUTO
23:38:26,-84.13378,-7.10873,0,403,OFF,RETRACTED,AUTO
23:38:26,-84.19501,-4.531453,0,404,OFF,RETRACTED,AUTO
23:38:26,-84.40472,-7.347956,0,411,OFF,RETRACTED,AUTO
23:38:26,-84.64575,-3.468229,0,420,OFF,RETRACTED,AUTO
23:38:26,-84.34206,-8.091441,0,428,OFF,RETRACTED,AUTO
23:38:26,-84.23026,-8.868263,0,433,OFF,RETRACTED,AUTO
23:38:26,-83.95779,-9.399104,0,433,OFF,RETRACTED,AUTO
23:38:26,-84.3455,-5.602002,0,428,OFF,RETRACTED,AUTO
23:38:26,-84.13878,-5.815627,0,415,OFF,RETRACTED,AUTO
23:38:27,-84.57789,-9.438917,0,406,OFF,RETRACTED,AUTO
23:38:27,-84.36598,-6.733867,0,403,OFF,RETRACTED,AUTO
23:38:27,-84.48031,-5.752405,0,406,OFF,RETRACTED,AUTO
23:38:27,-84.45187,-5.987182,0,413,OFF,RETRACTED,AUTO
23:38:27,-84.35658,-6.701865,0,423,OFF,RETRACTED,AUTO
23:38:27,-84.76671,-8.318505,0,430,OFF,RETRACTED,AUTO
23:38:27,-84.37396,-7.277894,0,434,OFF,RETRACTED,AUTO
23:38:27,-84.45939,-6.709837,0,432,OFF,RETRACTED,AUTO
23:38:27,-84.45566,-5.01798,0,424,OFF,RETRACTED,AUTO
23:38:27,-84.02052,-5.299602,0,413,OFF,RETRACTED,AUTO
23:38:28,-84.33321,-7.091273,0,405,OFF,RETRACTED,AUTO
23:38:28,-84.43833,-5.269653,0,404,OFF,RETRACTED,AUTO
23:38:28,-84.51239,-10.15427,0,408,OFF,RETRACTED,AUTO
23:38:28,-84.75249,-12.43324,0,415,OFF,RETRACTED,AUTO
23:38:28,-84.39899,-8.14957,0,426,OFF,RETRACTED,AUTO
23:38:28,-84.16753,-5.815627,0,430,OFF,RETRACTED,AUTO
23:38:28,-84.43426,-3.749459,0,434,OFF,RETRACTED,AUTO
23:38:28,-84.63486,-7.946789,0,429,OFF,RETRACTED,AUTO
23:38:28,-84.39546,-6.629331,0,422,OFF,RETRACTED,AUTO
23:38:28,-84.00201,-8.511704,0,408,OFF,RETRACTED,AUTO
23:38:29,-84.17227,-5.974324,0,403,OFF,RETRACTED,AUTO
23:38:29,-84.41176,-8.599089,0,403,OFF,RETRACTED,AUTO
23:38:29,-84.13715,-5.015418,0,408,OFF,RETRACTED,AUTO
23:38:29,-84.29276,-7.309193,0,416,OFF,RETRACTED,AUTO
23:38:29,-84.60155,-9.60304,0,427,OFF,RETRACTED,AUTO
23:38:29,-84.53736,-8.390627,0,432,OFF,RETRACTED,AUTO
23:38:29,-84.079,-6.26823,0,433,OFF,RETRACTED,AUTO
23:38:29,-84.39104,-4.672443,0,427,OFF,RETRACTED,AUTO
23:38:29,-84.22664,-7.921893,0,415,OFF,RETRACTED,AUTO
23:38:29,-84.51079,-5.92062,0,406,OFF,RETRACTED,AUTO
23:38:30,-84.63262,-7.053775,0,405,OFF,RETRACTED,AUTO
23:38:30,-82.14725,8.648286,0,405,OFF,RETRACTED,AUTO
23:38:30,-84.11664,-5.146702,0,412,OFF,RETRACTED,AUTO
23:38:30,-84.2896,-5.818115,0,423,OFF,RETRACTED,AUTO
23:38:30,-84.31094,-6.939812,0,429,OFF,RETRACTED,AUTO
23:38:30,-84.24708,-4.573922,0,434,OFF,RETRACTED,AUTO
23:38:30,-84.58294,-4.289153,0,433,OFF,RETRACTED,AUTO
23:38:30,-84.32684,-5.453238,0,426,OFF,RETRACTED,AUTO
23:38:30,-84.63853,-5.767889,0,414,OFF,RETRACTED,AUTO
23:38:31,-84.14787,-7.551001,0,405,OFF,RETRACTED,AUTO
23:38:31,-84.33087,-6.956252,0,403,OFF,RETRACTED,AUTO
23:38:31,-84.43841,-5.683054,0,406,OFF,RETRACTED,AUTO
23:38:31,-84.55003,-8.670801,0,414,OFF,RETRACTED,AUTO
23:38:31,-84.40561,-6.919534,0,424,OFF,RETRACTED,AUTO
23:38:31,-84.22759,-6.69423,0,430,OFF,RETRACTED,AUTO
23:38:31,-83.99088,-6.837661,0,434,OFF,RETRACTED,AUTO
23:38:31,-84.26536,-8.24439,0,430,OFF,RETRACTED,AUTO
23:38:31,-84.24699,-5.910741,0,423,OFF,RETRACTED,AUTO
23:38:31,-84.20515,-6.413818,0,412,OFF,RETRACTED,AUTO
23:38:32,-84.25341,-7.541403,0,404,OFF,RETRACTED,AUTO
23:38:32,-84.36516,-7.97504,0,403,OFF,RETRACTED,AUTO
23:38:32,-84.71734,-7.758593,0,408,OFF,RETRACTED,AUTO
23:38:32,-84.38036,-7.876842,0,415,OFF,RETRACTED,AUTO
23:38:32,-84.36036,-6.853635,0,426,OFF,RETRACTED,AUTO
23:38:32,-84.10822,-5.384386,0,430,OFF,RETRACTED,AUTO
23:38:32,-84.10591,-7.076378,0,433,OFF,RETRACTED,AUTO
23:38:32,-84.2496,-6.991926,0,429,OFF,RETRACTED,AUTO
23:38:32,-84.65176,-7.804098,0,417,OFF,RETRACTED,AUTO
23:38:32,-84.21561,-6.310597,0,408,OFF,RETRACTED,AUTO
23:38:33,-84.16209,-7.81273,0,403,OFF,RETRACTED,AUTO
23:38:33,-84.2616,-5.523222,0,403,OFF,RETRACTED,AUTO
23:38:33,-84.15218,-6.89531,0,408,OFF,RETRACTED,AUTO
23:38:33,-84.57278,-7.547725,0,415,OFF,RETRACTED,AUTO
23:38:33,-84.13881,-7.125016,0,426,OFF,RETRACTED,AUTO
23:38:33,-84.50486,-4.246842,0,430,OFF,RETRACTED,AUTO
23:38:33,-84.43248,-6.140234,0,430,OFF,RETRACTED,AUTO
23:38:33,-84.1213,-5.802288,0,427,OFF,RETRACTED,AUTO
23:38:33,-84.47309,-5.724463,0,415,OFF,RETRACTED,AUTO
23:38:33,-84.08693,-3.666114,0,405,OFF,RETRACTED,AUTO
23:38:34,-84.09959,-5.123166,0,402,OFF,RETRACTED,AUTO
23:38:34,-83.93684,-5.609274,0,402,OFF,RETRACTED,AUTO
23:38:34,-83.94208,-6.6502,0,408,OFF,RETRACTED,AUTO
23:38:34,-84.60423,-6.734893,0,415,OFF,RETRACTED,AUTO
23:38:34,-84.45325,-7.125016,0,423,OFF,RETRACTED,AUTO
23:38:34,-84.41597,-6.539507,0,424,OFF,RETRACTED,AUTO
23:38:34,-84.43636,-6.96979,0,423,OFF,RETRACTED,AUTO
23:38:34,-84.00469,-3.9939,0,415,OFF,RETRACTED,AUTO
23:38:34,-84.40919,-6.370717,0,406,OFF,RETRACTED,AUTO
23:38:34,-88.57922,-27.95097,0,400,OFF,RETRACTED,AUTO
23:38:35,-84.26743,-9.750349,0,397,OFF,RETRACTED,AUTO
23:38:35,-84.55036,-5.2457,0,401,OFF,RETRACTED,AUTO
23:38:35,-84.57064,-6.983937,0,406,OFF,RETRACTED,AUTO
23:38:35,-84.25221,-5.924582,0,414,OFF,RETRACTED,AUTO
23:38:35,-84.29703,-7.192166,0,420,OFF,RETRACTED,AUTO
23:38:35,-84.83234,-9.757026,0,429,OFF,RETRACTED,AUTO
23:38:35,-84.45987,-6.140234,0,427,OFF,RETRACTED,AUTO
23:38:35,-84.5956,-7.125016,0,415,OFF,RETRACTED,AUTO
23:38:35,-84.32557,-6.939812,0,183,OFF,RETRACTED,AUTO
23:38:35,-84.32949,-9.015058,0,123,OFF,RETRACTED,AUTO
23:38:36,-84.22983,-6.842774,0,374,OFF,RETRACTED,AUTO
23:38:36,-84.5941,-8.757035,0,396,OFF,RETRACTED,AUTO
23:38:36,-84.3409,-4.22132,0,405,OFF,RETRACTED,AUTO
23:38:36,-84.4978,-7.212491,0,416,OFF,RETRACTED,AUTO
23:38:36,-84.31962,-6.550726,0,426,OFF,RETRACTED,AUTO
23:38:36,-84.09029,-8.000684,0,429,OFF,RETRACTED,AUTO
23:38:36,-84.18923,-6.266717,0,428,OFF,RETRACTED,AUTO
23:38:36,-84.43929,-6.677402,0,416,OFF,RETRACTED,AUTO
23:38:36,-84.30662,-6.265138,0,406,OFF,RETRACTED,AUTO
23:38:36,-84.66325,-6.372111,0,401,OFF,RETRACTED,AUTO
23:38:37,-84.34686,-6.037683,0,397,OFF,RETRACTED,AUTO
23:38:37,-84.24565,-5.777325,0,402,OFF,RETRACTED,AUTO
23:38:37,-84.51505,-5.194429,0,409,OFF,RETRACTED,AUTO
23:38:37,-84.52588,-5.949793,0,416,OFF,RETRACTED,AUTO
23:38:37,-84.61346,-6.181741,0,427,OFF,RETRACTED,AUTO
23:38:37,-84.67184,-4.919663,0,429,OFF,RETRACTED,AUTO
23:38:37,-84.5361,-7.248082,0,426,OFF,RETRACTED,AUTO
23:38:37,-84.76718,-5.475354,0,416,OFF,RETRACTED,AUTO
23:38:37,-84.43954,-8.640607,0,406,OFF,RETRACTED,AUTO
23:38:37,-84.6582,-5.638776,0,401,OFF,RETRACTED,AUTO
23:38:38,-84.71341,-5.579315,0,399,OFF,RETRACTED,AUTO
23:38:38,-84.27762,-5.938488,0,403,OFF,RETRACTED,AUTO
23:38:38,-84.54985,-5.513942,0,410,OFF,RETRACTED,AUTO
23:38:38,-84.35575,-6.445988,0,416,OFF,RETRACTED,AUTO
23:38:38,-84.74996,-4.568052,0,426,OFF,RETRACTED,AUTO
23:38:38,-84.76807,-6.536633,0,428,OFF,RETRACTED,AUTO
23:38:38,-84.38313,-8.130102,0,426,OFF,RETRACTED,AUTO
23:38:38,-84.84307,-6.158091,0,415,OFF,RETRACTED,AUTO
23:38:38,-84.47611,-7.419371,0,405,OFF,RETRACTED,AUTO
23:38:38,-84.51678,-6.340192,0,399,OFF,RETRACTED,AUTO
23:38:39,-84.41447,-3.333851,0,398,OFF,RETRACTED,AUTO
23:38:39,-84.49831,-6.61953,0,402,OFF,RETRACTED,AUTO
23:38:39,-84.58198,-6.418787,0,408,OFF,RETRACTED,AUTO
23:38:39,-84.28204,-6.757098,0,415,OFF,RETRACTED,AUTO
23:38:39,-84.53509,-6.949532,0,424,OFF,RETRACTED,AUTO
23:38:39,-84.55579,-8.994802,0,427,OFF,RETRACTED,AUTO
23:38:39,-84.5033,-6.915462,0,423,OFF,RETRACTED,AUTO
23:38:39,-84.56621,-6.292905,0,413,OFF,RETRACTED,AUTO
23:38:39,-84.41074,-7.895765,0,404,OFF,RETRACTED,AUTO
23:38:39,-84.31698,-6.535228,0,397,OFF,RETRACTED,AUTO
23:38:40,-84.42704,-6.798793,0,397,OFF,RETRACTED,AUTO
23:38:40,-84.52962,-6.090403,0,401,OFF,RETRACTED,AUTO
23:38:40,-84.58937,-8.432185,0,405,OFF,RETRACTED,AUTO
23:38:40,-84.71272,-4.969741,0,195,OFF,RETRACTED,AUTO
23:38:40,-84.53345,-8.050469,0,125,OFF,RETRACTED,AUTO
23:38:40,-84.33487,-5.873404,0,113,OFF,RETRACTED,AUTO
23:38:40,-84.53453,-4.246842,0,100,OFF,RETRACTED,AUTO
23:38:40,-84.39626,-4.546484,0,302,OFF,RETRACTED,AUTO
23:38:40,-84.80601,-8.508704,0,382,OFF,RETRACTED,AUTO
23:38:40,-84.40273,-7.876842,0,387,OFF,RETRACTED,AUTO
23:38:41,-84.61977,-6.625875,0,389,OFF,RETRACTED,AUTO
23:38:41,-84.58774,-7.001267,0,390,OFF,RETRACTED,AUTO
23:38:41,-84.71329,-8.068072,0,393,OFF,RETRACTED,AUTO
23:38:41,-84.76399,-6.340192,0,97,OFF,RETRACTED,AUTO
23:38:41,-84.21987,-6.044092,0,67,OFF,RETRACTED,AUTO
23:38:41,-84.6922,-6.275851,0,58,OFF,RETRACTED,AUTO
23:38:41,-84.56017,-8.551829,0,55,OFF,RETRACTED,AUTO
23:38:41,-84.69039,-5.115145,0,56,OFF,RETRACTED,AUTO
23:38:41,-84.63783,-7.089218,0,57,OFF,RETRACTED,AUTO
23:38:42,-84.19193,-7.885169,0,57,OFF,RETRACTED,AUTO
23:38:42,-84.64281,-7.642144,0,60,OFF,RETRACTED,AUTO
23:38:42,-84.54099,-6.230938,0,60,OFF,RETRACTED,AUTO
23:38:42,-84.86787,-8.769062,0,60,OFF,RETRACTED,AUTO
23:38:42,-84.77722,-6.241914,0,60,OFF,RETRACTED,AUTO
23:38:42,-84.81842,-8.2143,0,52,OFF,RETRACTED,AUTO
23:38:42,-84.57098,-6.842773,0,51,OFF,RETRACTED,AUTO
23:38:42,-84.35214,-6.188616,0,55,OFF,RETRACTED,AUTO
23:38:42,-84.40101,-4.969741,0,58,OFF,RETRACTED,AUTO
23:38:42,-84.617,-5.596543,0,60,OFF,RETRACTED,AUTO
23:38:43,-84.29462,-6.25034,0,61,OFF,RETRACTED,AUTO
23:38:43,-84.32182,-6.837355,0,61,OFF,RETRACTED,AUTO
23:38:43,-84.68736,-6.981057,0,62,OFF,RETRACTED,AUTO
23:38:43,-84.31656,-6.788975,0,62,OFF,RETRACTED,AUTO
23:38:43,-84.24373,-6.458817,0,64,OFF,RETRACTED,AUTO
23:38:43,-84.64223,-4.464918,0,65,OFF,RETRACTED,AUTO
23:38:43,-84.4334,-5.282402,0,64,OFF,RETRACTED,AUTO
23:38:43,-84.27483,-5.952459,0,62,OFF,RETRACTED,AUTO
23:38:43,-84.74232,-7.81815,0,56,OFF,RETRACTED,AUTO
23:38:43,-84.67394,-6.659207,0,52,OFF,RETRACTED,AUTO
23:38:44,-84.7586,-8.275893,0,51,OFF,RETRACTED,AUTO
23:38:44,-84.55543,-6.684965,0,51,OFF,RETRACTED,AUTO
23:38:44,-84.31827,-6.566299,0,52,OFF,RETRACTED,AUTO
23:38:44,-84.51875,-6.915462,0,51,OFF,RETRACTED,AUTO
23:38:44,-84.4088,-6.492412,0,51,OFF,RETRACTED,AUTO
23:38:44,-84.43437,-8.365886,0,51,OFF,RETRACTED,AUTO
23:38:44,-84.40284,-5.3945,0,51,OFF,RETRACTED,AUTO
23:38:44,-84.84262,-7.981502,0,52,OFF,RETRACTED,AUTO
23:38:44,-84.35036,-4.241444,0,55,OFF,RETRACTED,AUTO
23:38:44,-84.28261,-7.057847,0,56,OFF,RETRACTED,AUTO
23:38:45,-84.25298,-7.67448,0,55,OFF,RETRACTED,AUTO
23:38:45,-84.28509,-6.385107,0,56,OFF,RETRACTED,AUTO
23:38:45,-84.51498,-7.072516,0,56,OFF,RETRACTED,AUTO
23:38:45,-84.46092,-7.696052,0,56,OFF,RETRACTED,AUTO
23:38:45,-84.30103,-4.864514,0,57,OFF,RETRACTED,AUTO
23:38:45,-84.96875,-8.325649,0,57,OFF,RETRACTED,AUTO
23:38:45,-84.43303,-9.758834,0,57,OFF,RETRACTED,AUTO
23:38:45,-84.38795,-6.853635,0,57,OFF,RETRACTED,AUTO
23:38:45,-84.23913,-4.56323,0,57,OFF,RETRACTED,AUTO
23:38:45,-84.69193,-5.681648,0,56,OFF,RETRACTED,AUTO
23:38:46,-84.39439,-6.340192,0,56,OFF,RETRACTED,AUTO
23:38:46,-84.14468,-8.615648,0,56,OFF,RETRACTED,AUTO
23:38:46,-84.61726,-7.320322,0,56,OFF,RETRACTED,AUTO
23:38:46,-84.56259,-7.547725,0,57,OFF,RETRACTED,AUTO
23:38:46,-84.10014,-6.586967,0,57,OFF,RETRACTED,AUTO
23:38:46,-84.27226,-6.907163,0,57,OFF,RETRACTED,AUTO
23:38:46,-84.59314,-6.150993,0,57,OFF,RETRACTED,AUTO
23:38:46,-84.46674,-7.401389,0,57,OFF,RETRACTED,AUTO
23:38:46,-84.13083,-6.994391,0,57,OFF,RETRACTED,AUTO
23:38:46,-84.39179,-7.19347,0,57,OFF,RETRACTED,AUTO
23:38:47,-84.6944,-7.125016,0,57,OFF,RETRACTED,AUTO
23:38:47,-84.32188,-7.361078,0,57,OFF,RETRACTED,AUTO
23:38:47,-84.26647,-6.473957,0,57,OFF,RETRACTED,AUTO
23:38:47,-84.59203,-9.321488,0,57,OFF,RETRACTED,AUTO
23:38:47,-84.55966,-5.852379,0,58,OFF,RETRACTED,AUTO
23:38:47,-84.67183,-6.692875,0,58,OFF,RETRACTED,AUTO
23:38:47,-84.34948,-6.989366,0,58,OFF,RETRACTED,AUTO
23:38:47,-84.53596,-4.822467,0,58,OFF,RETRACTED,AUTO
23:38:47,-84.97952,-6.186767,0,56,OFF,RETRACTED,AUTO
23:38:47,-84.49017,-7.316466,0,55,OFF,RETRACTED,AUTO
23:38:48,-84.45869,-6.001714,0,55,OFF,RETRACTED,AUTO
23:38:48,-84.59536,-6.734893,0,53,OFF,RETRACTED,AUTO
23:38:48,-84.2841,-7.881075,0,54,OFF,RETRACTED,AUTO
23:38:48,-84.98267,-7.869075,0,55,OFF,RETRACTED,AUTO
23:38:48,-84.73934,-9.293309,0,56,OFF,RETRACTED,AUTO
23:38:48,-84.0929,-6.138649,0,57,OFF,RETRACTED,AUTO
23:38:48,-84.49661,-6.60337,0,57,OFF,RETRACTED,AUTO
23:38:48,-84.57455,-6.277298,0,55,OFF,RETRACTED,AUTO
23:38:48,-84.55315,-7.10743,0,52,OFF,RETRACTED,AUTO
23:38:48,-84.51601,-5.78062,0,51,OFF,RETRACTED,AUTO
23:38:49,-84.6374,-5.337896,0,50,OFF,RETRACTED,AUTO
23:38:49,-84.6394,-7.250587,0,55,OFF,RETRACTED,AUTO
23:38:49,-83.99666,-8.275892,0,331,OFF,RETRACTED,AUTO
23:38:49,-84.48628,-7.316466,0,379,OFF,RETRACTED,AUTO
23:38:49,-84.31883,-5.440332,0,403,OFF,RETRACTED,AUTO
23:38:49,-84.65939,-9.176204,0,416,OFF,RETRACTED,AUTO
23:38:49,-84.59711,-4.870581,0,424,OFF,RETRACTED,AUTO
23:38:49,-84.59164,-5.426812,0,417,OFF,RETRACTED,AUTO
23:38:49,-84.26555,-5.0974,0,411,OFF,RETRACTED,AUTO
23:38:49,-84.51065,-8.447527,0,401,OFF,RETRACTED,AUTO
23:38:50,-84.60661,-10.04935,0,396,OFF,RETRACTED,AUTO
23:38:50,-85.42123,-17.79599,0,396,OFF,RETRACTED,AUTO
23:38:50,-84.90397,-11.13163,0,401,OFF,RETRACTED,AUTO
23:38:50,-85.03061,-18.68085,0,406,OFF,RETRACTED,AUTO
23:38:50,-85.63446,-22.59255,0,413,OFF,RETRACTED,AUTO
23:38:50,-85.41384,-23.7064,0,416,OFF,RETRACTED,AUTO
23:38:50,-85.42513,-28.90698,0,416,OFF,RETRACTED,AUTO
23:38:50,-85.0769,-31.47411,0,412,OFF,RETRACTED,AUTO
23:38:50,-85.15626,-22.6938,0,402,OFF,RETRACTED,AUTO
23:38:50,-85.55656,-21.89819,0,393,OFF,RETRACTED,AUTO
23:38:51,-85.43527,-20.09912,0,388,OFF,RETRACTED,AUTO
23:38:51,-85.14843,-17.73258,0,388,OFF,RETRACTED,AUTO
23:38:51,-85.25286,-16.63702,0,392,OFF,RETRACTED,AUTO
23:38:51,-85.30857,-16.5102,0,401,OFF,RETRACTED,AUTO
23:38:51,-85.20912,-17.9234,0,406,OFF,RETRACTED,AUTO
23:38:51,-85.09129,-19.4313,0,413,OFF,RETRACTED,AUTO
23:38:51,-84.82568,-18.10376,0,414,OFF,RETRACTED,AUTO
23:38:51,-84.91788,-17.47209,0,410,OFF,RETRACTED,AUTO
23:38:51,-85.19626,-22.96628,0,402,OFF,RETRACTED,AUTO
23:38:52,-84.98067,-18.53255,0,393,OFF,RETRACTED,AUTO
23:38:52,-85.17343,-15.8347,0,389,OFF,RETRACTED,AUTO
23:38:52,-85.05421,-21.94654,0,389,OFF,RETRACTED,AUTO
23:38:52,-85.14741,-21.86054,0,394,OFF,RETRACTED,AUTO
23:38:52,-85.15569,-18.18255,0,402,OFF,RETRACTED,AUTO
23:38:52,-85.21341,-22.66946,0,408,OFF,RETRACTED,AUTO
23:38:52,-85.13484,-21.86054,0,413,OFF,RETRACTED,AUTO
23:38:52,-85.14808,-20.94631,0,414,OFF,RETRACTED,AUTO
23:38:52,-85.21669,-19.81715,0,412,OFF,RETRACTED,AUTO
23:38:52,-84.81634,-20.69545,0,399,OFF,RETRACTED,AUTO
23:38:53,-85.15892,-19.49306,0,367,OFF,RETRACTED,AUTO
23:38:53,-85.36875,-21.12119,0,354,OFF,RETRACTED,AUTO
23:38:53,-85.41208,-20.83198,0,374,OFF,RETRACTED,AUTO
23:38:53,-85.48499,-19.73444,0,393,OFF,RETRACTED,AUTO
23:38:53,-85.2937,-19.47657,0,400,OFF,RETRACTED,AUTO
23:38:53,-85.41275,-23.55227,0,408,OFF,RETRACTED,AUTO
23:38:53,-85.20679,-19.19885,0,414,OFF,RETRACTED,AUTO
23:38:53,-85.01015,-19.90375,0,415,OFF,RETRACTED,AUTO
23:38:53,-85.43717,-20.95241,0,412,OFF,RETRACTED,AUTO
23:38:53,-85.14754,-22.50982,0,403,OFF,RETRACTED,AUTO
23:38:54,-85.29323,-22.2283,0,394,OFF,RETRACTED,AUTO
23:38:54,-85.6104,-23.17546,0,390,OFF,RETRACTED,AUTO
23:38:54,-85.05921,-21.80141,0,391,OFF,RETRACTED,AUTO
23:38:54,-85.09574,-21.42159,0,396,OFF,RETRACTED,AUTO
23:38:54,-85.18098,-19.65382,0,403,OFF,RETRACTED,AUTO
23:38:54,-84.93532,-19.4485,0,412,OFF,RETRACTED,AUTO
23:38:54,-85.28742,-20.82522,0,415,OFF,RETRACTED,AUTO
23:38:54,-85.23335,-22.28313,0,415,OFF,RETRACTED,AUTO
23:38:54,-85.33212,-20.84708,0,412,OFF,RETRACTED,AUTO
23:38:54,-85.33457,-23.96249,0,403,OFF,RETRACTED,AUTO
23:38:55,-85.06503,-20.02333,0,394,OFF,RETRACTED,AUTO
23:38:55,-85.10793,-17.93674,0,389,OFF,RETRACTED,AUTO
23:38:55,-85.32506,-23.61047,0,390,OFF,RETRACTED,AUTO
23:38:55,-85.42819,-21.32946,0,396,OFF,RETRACTED,AUTO
23:38:55,-84.99483,-22.28793,0,403,OFF,RETRACTED,AUTO
23:38:55,-85.20913,-21.44238,0,411,OFF,RETRACTED,AUTO
23:38:55,-85.28477,-21.70988,0,415,OFF,RETRACTED,AUTO
23:38:55,-85.19777,-20.72556,0,408,OFF,RETRACTED,AUTO
23:38:55,-85.14945,-20.85446,0,377,OFF,RETRACTED,AUTO
23:38:55,-84.98283,-20.08819,0,356,OFF,RETRACTED,AUTO
23:38:56,-85.31653,-21.92364,0,346,OFF,RETRACTED,AUTO
23:38:56,-85.18498,-20.81878,0,351,OFF,RETRACTED,AUTO
23:38:56,-85.10182,-19.78108,0,365,OFF,RETRACTED,AUTO
23:38:56,-85.25365,-19.2057,0,375,OFF,RETRACTED,AUTO
23:38:56,-85.21595,-20.78266,0,377,OFF,RETRACTED,AUTO
23:38:56,-84.91251,-19.15411,0,373,OFF,RETRACTED,AUTO
23:38:56,-85.15816,-18.73863,0,366,OFF,RETRACTED,AUTO
23:38:56,-85.26297,-22.53164,0,351,OFF,RETRACTED,AUTO
23:38:56,-85.51001,-22.3144,0,328,OFF,RETRACTED,AUTO
23:38:56,-84.99515,-21.80141,0,307,OFF,RETRACTED,AUTO
23:38:57,-85.04162,-19.0256,0,297,OFF,RETRACTED,AUTO
23:38:57,-85.3356,-22.26297,0,296,OFF,RETRACTED,AUTO
23:38:57,-84.89807,-21.10237,0,301,OFF,RETRACTED,AUTO
23:38:57,-85.38296,-22.89055,0,321,OFF,RETRACTED,AUTO
23:38:57,-84.94685,-21.29011,0,353,OFF,RETRACTED,AUTO
23:38:57,-85.3049,-19.99717,0,378,OFF,RETRACTED,AUTO
23:38:57,-84.966,-22.85599,0,399,OFF,RETRACTED,AUTO
23:38:57,-85.38884,-22.95591,0,410,OFF,RETRACTED,AUTO
23:38:57,-85.1886,-23.8319,0,408,OFF,RETRACTED,AUTO
23:38:57,-85.12215,-20.62988,0,402,OFF,RETRACTED,AUTO
23:38:58,-85.18359,-20.96851,0,394,OFF,RETRACTED,AUTO
23:38:58,-85.31252,-20.1104,0,389,OFF,RETRACTED,AUTO
23:38:58,-84.89659,-18.62625,0,391,OFF,RETRACTED,AUTO
23:38:58,-85.30334,-24.57998,0,396,OFF,RETRACTED,AUTO
23:38:58,-85.24953,-20.23288,0,402,OFF,RETRACTED,AUTO
23:38:58,-85.11665,-18.68515,0,408,OFF,RETRACTED,AUTO
23:38:58,-85.73748,-24.1284,0,414,OFF,RETRACTED,AUTO
23:38:58,-85.18346,-22.75575,0,415,OFF,RETRACTED,AUTO
23:38:58,-85.43056,-21.80141,0,413,OFF,RETRACTED,AUTO
23:38:58,-84.72843,-20.24662,0,404,OFF,RETRACTED,AUTO
23:38:59,-85.23955,-22.13294,0,396,OFF,RETRACTED,AUTO
23:38:59,-85.3613,-22.51679,0,391,OFF,RETRACTED,AUTO
23:38:59,-85.33007,-25.60529,0,392,OFF,RETRACTED,AUTO
23:38:59,-85.08546,-13.61775,0,397,OFF,RETRACTED,AUTO
23:38:59,-85.05166,-14.33879,0,402,OFF,RETRACTED,AUTO
23:38:59,-84.92412,-15.40193,0,256,OFF,RETRACTED,AUTO
23:38:59,-84.83352,-10.95879,0,67,OFF,RETRACTED,AUTO
23:38:59,-84.84612,-14.18111,0,43,OFF,RETRACTED,AUTO
23:38:59,-84.9339,-13.25802,0,36,OFF,RETRACTED,AUTO
23:38:59,-84.69278,-12.7978,0,31,OFF,RETRACTED,AUTO
23:39:00,-84.896,-12.8244,0,29,OFF,RETRACTED,AUTO
23:39:00,-85.07685,-11.40249,0,28,OFF,RETRACTED,AUTO
23:39:00,-85.07267,-10.41716,0,27,OFF,RETRACTED,AUTO
23:39:00,-84.67207,-10.91284,0,24,OFF,RETRACTED,AUTO
23:39:00,-84.68271,-11.67958,0,24,OFF,RETRACTED,AUTO
23:39:00,-84.79999,-12.44811,0,22,OFF,RETRACTED,AUTO
23:39:00,-84.77026,-14.42892,0,22,OFF,RETRACTED,AUTO
23:39:00,-85.07091,-9.307399,0,21,OFF,RETRACTED,AUTO
23:39:00,-84.48483,-11.11794,0,21,OFF,RETRACTED,AUTO
23:39:00,-84.74557,-11.71423,0,21,OFF,RETRACTED,AUTO
23:39:01,-84.43172,-9.758834,0,21,OFF,RETRACTED,AUTO
23:39:01,-84.75072,-13.82205,0,21,OFF,RETRACTED,AUTO
23:39:01,-85.14711,-11.37235,0,21,OFF,RETRACTED,AUTO
23:39:01,-84.79858,-7.437803,0,22,OFF,RETRACTED,AUTO
23:39:01,-85.38405,-9.462322,0,22,OFF,RETRACTED,AUTO
23:39:01,-84.335,-8.725512,0,24,OFF,RETRACTED,AUTO
23:39:01,-84.61538,-13.47898,0,24,OFF,RETRACTED,AUTO
23:39:01,-84.9393,-9.714614,0,25,OFF,RETRACTED,AUTO
23:39:01,-84.71551,-17.00631,0,26,OFF,RETRACTED,AUTO
23:39:02,-84.70393,-11.13856,0,27,OFF,RETRACTED,AUTO
23:39:02,-84.70328,-10.96787,0,27,OFF,RETRACTED,AUTO
23:39:02,-84.70464,-12.83019,0,28,OFF,RETRACTED,AUTO
23:39:02,-84.50077,-7.752508,0,28,OFF,RETRACTED,AUTO
23:39:02,-84.52312,-15.23044,0,29,OFF,RETRACTED,AUTO
23:39:02,-85.07452,-10.82745,0,30,OFF,RETRACTED,AUTO
23:39:02,-84.74129,-12.0023,0,33,OFF,RETRACTED,AUTO
