timestamp,pitch,roll,yaw,light,led_status,solar_status,mode
21:15:32,-11.43158562,40.8417161,0,441,OFF,RETRACTED,MANUAL
21:15:32,-10.39410448,41.74335162,0,434,OFF,RETRACTED,MANUAL
21:15:32,-9.25068318,42.53855378,0,429,OFF,RETRACTED,MANUAL
21:15:32,-8.012975857,43.22529504,0,430,OFF,RETRACTED,MANUAL
21:15:33,-6.693597629,43.80182443,0,437,OFF,RETRACTED,MANUAL
21:15:33,-5.305996038,44.26667194,0,442,OFF,RETRACTED,MANUAL
21:15:33,-3.864313977,44.61865237,0,450,OFF,RETRACTED,MANUAL
21:15:33,-2.383245548,44.85686826,0,454,OFF,RETRACTED,MANUAL
21:15:33,-0.877886291,44.98071223,0,452,OFF,RETRACTED,MANUAL
21:15:33,0.636420673,44.98986852,0,450,OFF,RETRACTED,MANUAL
21:15:33,2.144241028,44.88431377,0,442,OFF,RETRACTED,MANUAL
21:15:33,3.630206568,44.66431713,0,434,OFF,RETRACTED,MANUAL
21:15:33,5.079171839,44.33043952,0,427,OFF,RETRACTED,MANUAL
21:15:34,6.476368509,43.88353223,0,426,OFF,RETRACTED,MANUAL
21:15:34,7.807555886,43.32473474,0,428,OFF,RETRACTED,MANUAL
21:15:34,9.059166067,42.65547183,0,434,OFF,RETRACTED,MANUAL
21:15:34,10.21844223,41.87744992,0,441,OFF,RETRACTED,MANUAL
21:15:34,11.27356864,40.99265273,0,448,OFF,RETRACTED,MANUAL
21:15:34,12.2137911,40.00333625,0,451,OFF,RETRACTED,MANUAL
21:15:34,13.02952657,38.91202294,0,451,OFF,RETRACTED,MANUAL
21:15:34,13.71246078,37.72149533,0,448,OFF,RETRACTED,MANUAL
21:15:34,14.25563304,36.43478892,0,439,OFF,RETRACTED,MANUAL
21:15:34,14.65350718,35.05518443,0,430,OFF,RETRACTED,MANUAL
21:15:35,14.90202791,33.58619946,0,426,OFF,RETRACTED,MANUAL
21:15:35,14.99866224,32.03157949,0,424,OFF,RETRACTED,MANUAL
21:15:35,14.94242524,30.39528834,0,428,OFF,RETRACTED,MANUAL
21:15:35,14.73389009,28.68149807,0,436,OFF,RETRACTED,MANUAL
21:15:35,14.37518225,26.89457836,0,442,OFF,RETRACTED,MANUAL
21:15:35,13.86995779,25.03908533,0,449,OFF,RETRACTED,MANUAL
21:15:35,13.22336612,23.11974993,0,451,OFF,RETRACTED,MANUAL
21:15:35,12.44199753,21.14146593,0,450,OFF,RETRACTED,MANUAL
21:15:35,11.53381598,19.10927736,0,446,OFF,RETRACTED,MANUAL
21:15:35,10.50807796,17.02836571,0,437,OFF,RETRACTED,MANUAL
21:15:36,9.37523812,14.9040367,0,429,OFF,RETRACTED,MANUAL
21:15:36,8.146842752,12.74170674,0,426,OFF,RETRACTED,MANUAL
21:15:36,6.835412064,10.54688916,0,426,OFF,RETRACTED,MANUAL
21:15:36,5.454312592,8.325180084,0,430,OFF,RETRACTED,MANUAL
21:15:36,4.017620959,6.082244231,0,437,OFF,RETRACTED,MANUAL
21:15:36,2.539980403,3.82380043,0,444,OFF,RETRACTED,MANUAL
21:15:36,1.036451525,1.555607055,0,449,OFF,RETRACTED,MANUAL
21:15:36,-0.47764121,-0.716552664,0,451,OFF,RETRACTED,MANUAL
21:15:36,-1.986865668,-2.986885383,0,449,OFF,RETRACTED,MANUAL
21:15:36,-3.475839333,-5.249602416,0,442,OFF,RETRACTED,MANUAL
21:15:37,-4.929386092,-7.498934495,0,435,OFF,RETRACTED,MANUAL
21:15:37,-6.332690915,-9.729146481,0,427,OFF,RETRACTED,MANUAL
21:15:37,-7.671450854,-11.93455198,0,424,OFF,RETRACTED,MANUAL
21:15:37,-8.932020826,-14.10952786,0,426,OFF,RETRACTED,MANUAL
21:15:37,-10.10155268,-16.24852856,0,430,OFF,RETRACTED,MANUAL
21:15:37,-11.16812617,-18.34610026,0,439,OFF,RETRACTED,MANUAL
21:15:37,-12.12087041,-20.39689476,0,447,OFF,RETRACTED,MANUAL
21:15:37,-12.95007473,-22.39568313,0,450,OFF,RETRACTED,MANUAL
21:15:37,-13.6472876,-24.33736905,0,451,OFF,RETRACTED,MANUAL
21:15:37,-14.20540279,-26.21700178,0,448,OFF,RETRACTED,MANUAL
21:15:38,-14.61873181,-28.02978881,0,440,OFF,RETRACTED,MANUAL
21:15:38,-14.88306187,-29.77110806,0,433,OFF,RETRACTED,MANUAL
21:15:38,-14.99569883,-31.43651968,0,426,OFF,RETRACTED,MANUAL
21:15:38,-14.95549467,-33.02177735,0,424,OFF,RETRACTED,MANUAL
21:15:38,-14.76285915,-34.52283912,0,428,OFF,RETRACTED,MANUAL
21:15:38,-14.41975568,-35.93587774,0,434,OFF,RETRACTED,MANUAL
21:15:38,-13.92968129,-37.25729036,0,440,OFF,RETRACTED,MANUAL
21:15:38,-13.29763096,-38.48370776,0,447,OFF,RETRACTED,MANUAL
21:15:38,-12.53004678,-39.61200295,0,451,OFF,RETRACTED,MANUAL
21:15:38,-11.63475221,-40.63929909,0,451,OFF,RETRACTED,MANUAL
21:15:39,-10.6208724,-41.56297688,0,447,OFF,RETRACTED,MANUAL
21:15:39,-9.498741129,-42.38068122,0,439,OFF,RETRACTED,MANUAL
21:15:39,-8.279795545,-43.09032719,0,430,OFF,RETRACTED,MANUAL
21:15:39,-6.976459543,-43.69010541,0,426,OFF,RETRACTED,MANUAL
21:15:39,-5.602017155,-44.17848661,0,425,OFF,RETRACTED,MANUAL
21:15:39,-4.170477151,-44.55422557,0,428,OFF,RETRACTED,MANUAL
21:15:39,-2.696430264,-44.81636426,0,436,OFF,RETRACTED,MANUAL
21:15:39,-1.194900465,-44.9642343,0,442,OFF,RETRACTED,MANUAL
21:15:39,0.318808154,-44.99745868,0,449,OFF,RETRACTED,MANUAL
21:15:39,1.829267375,-44.91595267,0,451,OFF,RETRACTED,MANUAL
21:15:40,3.321082098,-44.71992409,0,450,OFF,RETRACTED,MANUAL
21:15:40,4.779047251,-44.40987276,0,446,OFF,RETRACTED,MANUAL
21:15:40,6.188302772,-43.98658922,0,437,OFF,RETRACTED,MANUAL
21:15:40,7.534485061,-43.45115273,0,429,OFF,RETRACTED,MANUAL
21:15:40,8.803873382,-42.80492847,0,425,OFF,RETRACTED,MANUAL
21:15:40,9.98352971,-42.04956415,0,426,OFF,RETRACTED,MANUAL
21:15:40,11.0614306,-41.18698571,0,430,OFF,RETRACTED,MANUAL
21:15:40,12.02658972,-40.21939248,0,438,OFF,RETRACTED,MANUAL
21:15:40,12.86916985,-39.14925154,0,446,OFF,RETRACTED,MANUAL
21:15:40,13.58058315,-37.97929145,0,450,OFF,RETRACTED,MANUAL
21:15:41,14.15357864,-36.71249524,0,451,OFF,RETRACTED,MANUAL
21:15:41,14.58231617,-35.35209289,0,449,OFF,RETRACTED,MANUAL
21:15:41,14.8624259,-33.90155302,0,442,OFF,RETRACTED,MANUAL
21:15:41,14.99105286,-32.36457409,0,436,OFF,RETRACTED,MANUAL
21:15:41,14.96688605,-30.74507495,0,428,OFF,RETRACTED,MANUAL
21:15:41,14.79017178,-29.04718484,0,424,OFF,RETRACTED,MANUAL
21:15:41,14.46271118,-27.27523289,0,427,OFF,RETRACTED,MANUAL
21:15:41,13.98784183,-25.43373705,0,430,OFF,RETRACTED,MANUAL
21:15:41,13.37040377,-23.52739261,0,439,OFF,RETRACTED,MANUAL
21:15:41,12.61669012,-21.56106019,0,447,OFF,RETRACTED,MANUAL
21:15:42,11.73438299,-19.53975336,0,450,OFF,RETRACTED,MANUAL
21:15:42,10.73247514,-17.46862587,0,451,OFF,RETRACTED,MANUAL
21:15:42,9.621178347,-15.35295847,0,449,OFF,RETRACTED,MANUAL
21:15:42,8.411819318,-13.19814552,0,441,OFF,RETRACTED,MANUAL
21:15:42,7.116724241,-11.00968115,0,434,OFF,RETRACTED,MANUAL
21:15:42,5.749093152,-8.793145301,0,427,OFF,RETRACTED,MANUAL
21:15:42,4.322865402,-6.554189502,0,424,OFF,RETRACTED,MANUAL
21:15:42,2.852577576,-4.298522433,0,427,OFF,RETRACTED,MANUAL
21:15:42,1.353215334,-2.031895386,0,434,OFF,RETRACTED,MANUAL
21:15:42,-0.159939327,0.2399124,0,440,OFF,RETRACTED,MANUAL
21:15:43,-1.671463833,2.51110848,0,447,OFF,RETRACTED,MANUAL
21:15:43,-3.165952226,4.775901966,0,450,OFF,RETRACTED,MANUAL
21:15:43,-4.628172186,7.028518296,0,451,OFF,RETRACTED,MANUAL
21:15:43,-6.043220281,9.263213957,0,448,OFF,RETRACTED,MANUAL
21:15:43,-7.396673873,11.47429113,0,440,OFF,RETRACTED,MANUAL
21:15:43,-8.674738116,13.6561122,0,433,OFF,RETRACTED,MANUAL
21:15:43,-9.864386554,15.80311418,0,426,OFF,RETRACTED,MANUAL
21:15:43,-10.9534939,17.90982283,0,426,OFF,RETRACTED,MANUAL
21:15:43,-11.9309596,19.97086666,0,428,OFF,RETRACTED,MANUAL
21:15:44,-12.78682101,21.98099061,0,435,OFF,RETRACTED,MANUAL
21:15:44,-13.51235491,23.93506945,0,441,OFF,RETRACTED,MANUAL
21:15:44,-14.10016641,25.82812085,0,448,OFF,RETRACTED,MANUAL
21:15:44,-14.54426434,27.65531809,0,451,OFF,RETRACTED,MANUAL
21:15:44,-14.84012231,29.41200233,0,451,OFF,RETRACTED,MANUAL
21:15:44,-14.98472485,31.09369456,0,447,OFF,RETRACTED,MANUAL
21:15:44,-14.9765981,32.69610694,0,439,OFF,RETRACTED,MANUAL
21:15:44,-14.8158249,34.2151538,0,430,OFF,RETRACTED,MANUAL
21:15:44,-14.50404391,35.646962,0,426,OFF,RETRACTED,MANUAL
21:15:44,-14.04443289,36.98788085,0,426,OFF,RETRACTED,MANUAL
21:15:45,-13.44167637,38.23449141,0,429,OFF,RETRACTED,MANUAL
21:15:45,-12.70191783,39.38361517,0,436,OFF,RETRACTED,MANUAL
21:15:45,-11.83269713,40.43232222,0,442,OFF,RETRACTED,MANUAL
21:15:45,-10.84287366,41.37793865,0,449,OFF,RETRACTED,MANUAL
21:15:45,-9.742536038,42.21805341,0,451,OFF,RETRACTED,MANUAL
21:15:45,-8.542899258,42.95052446,0,451,OFF,RETRACTED,MANUAL
21:15:45,-7.256190419,43.57348421,0,447,OFF,RETRACTED,MANUAL
21:15:45,-5.895524083,44.0853443,0,438,OFF,RETRACTED,MANUAL
21:15:45,-4.474768613,44.48479963,0,430,OFF,RETRACTED,MANUAL
21:15:45,-3.00840482,44.77083171,0,426,OFF,RETRACTED,MANUAL
21:15:46,-1.511378367,44.94271124,0,426,OFF,RETRACTED,MANUAL
21:15:46,0.001052554,44.99999997,0,429,OFF,RETRACTED,MANUAL
21:15:46,1.513472747,44.94255184,0,437,OFF,RETRACTED,MANUAL
21:15:46,3.010467125,44.77051333,0,445,OFF,RETRACTED,MANUAL
21:15:46,4.476777824,44.48432307,0,449,OFF,RETRACTED,MANUAL
21:15:46,5.897459721,44.08471078,0,452,OFF,RETRACTED,MANUAL
21:15:46,7.258032755,43.57269535,0,450,OFF,RETRACTED,MANUAL
21:15:46,8.544629515,42.94958226,0,446,OFF,RETRACTED,MANUAL
21:15:46,9.744136581,42.21696028,0,438,OFF,RETRACTED,MANUAL
21:15:46,10.84432818,41.37669737,0,429,OFF,RETRACTED,MANUAL
21:15:47,11.83399079,40.43093596,0,426,OFF,RETRACTED,MANUAL
21:15:47,12.70303745,39.38208747,0,426,OFF,RETRACTED,MANUAL
21:15:47,13.44261054,38.23282616,0,430,OFF,RETRACTED,MANUAL
21:15:47,14.0451721,36.9860823,0,438,OFF,RETRACTED,MANUAL
21:15:47,14.5045806,35.64503472,0,446,OFF,RETRACTED,MANUAL
21:15:47,14.81615362,34.21310272,0,452,OFF,RETRACTED,MANUAL
21:15:47,14.97671549,32.69393729,0,456,OFF,RETRACTED,MANUAL
21:15:47,14.98462972,31.09141186,0,454,OFF,RETRACTED,MANUAL
21:15:47,14.83981564,29.40961241,0,449,OFF,RETRACTED,MANUAL
21:15:47,14.54374924,27.65282704,0,439,OFF,RETRACTED,MANUAL
21:15:48,14.09944813,25.82553503,0,429,OFF,RETRACTED,MANUAL
21:15:48,13.51144077,23.93239544,0,426,OFF,RETRACTED,MANUAL
21:15:48,12.78572033,21.97823524,0,425,OFF,RETRACTED,MANUAL
21:15:48,11.9296836,19.96803694,0,430,OFF,RETRACTED,MANUAL
21:15:48,10.95205558,17.90692599,0,441,OFF,RETRACTED,MANUAL
21:15:48,9.862800585,15.8001576,0,449,OFF,RETRACTED,MANUAL
21:15:48,8.673020656,13.65310342,0,456,OFF,RETRACTED,MANUAL
21:15:48,7.394842428,11.47123781,0,457,OFF,RETRACTED,MANUAL
21:15:48,6.041293517,9.260123898,0,454,OFF,RETRACTED,MANUAL
21:15:48,4.626169741,7.025399371,0,448,OFF,RETRACTED,MANUAL
21:15:49,3.163894511,4.772762127,0,440,OFF,RETRACTED,MANUAL
21:15:49,1.669371819,2.507955732,0,433,OFF,RETRACTED,MANUAL
21:15:49,0.157834337,0.236754783,0,429,OFF,RETRACTED,MANUAL
21:15:49,-1.355311844,-2.035049822,0,430,OFF,RETRACTED,MANUAL
21:15:49,-2.854644239,-4.301665644,0,437,OFF,RETRACTED,MANUAL
21:15:49,-4.324881154,-6.557313475,0,442,OFF,RETRACTED,MANUAL
21:15:49,-5.751037447,-8.79624207,0,450,OFF,RETRACTED,MANUAL
21:15:49,-7.118577262,-11.01274282,0,456,OFF,RETRACTED,MANUAL
21:15:49,-8.413562179,-13.20116428,0,457,OFF,RETRACTED,MANUAL
21:15:49,-9.622793284,-15.35592664,0,453,OFF,RETRACTED,MANUAL
21:15:50,-10.73394569,-17.47153586,0,447,OFF,RETRACTED,MANUAL
21:15:50,-11.73569417,-19.54259776,0,438,OFF,RETRACTED,MANUAL
21:15:50,-12.61782857,-21.56383175,0,430,OFF,RETRACTED,MANUAL
21:15:50,-13.37135787,-23.53008426,0,428,OFF,RETRACTED,MANUAL
21:15:50,-13.98860187,-25.43634193,0,433,OFF,RETRACTED,MANUAL
21:15:50,-14.46326941,-27.27774435,0,439,OFF,RETRACTED,MANUAL
21:15:50,-14.79052251,-29.04959648,0,447,OFF,RETRACTED,MANUAL
21:15:50,-14.9670257,-30.74738063,0,452,OFF,RETRACTED,MANUAL
21:15:50,-14.99098002,-32.36676793,0,458,OFF,RETRACTED,MANUAL
21:15:50,-14.8621413,-33.90362942,0,460,OFF,RETRACTED,MANUAL
21:15:51,-14.58182271,-35.35404655,0,456,OFF,RETRACTED,MANUAL
21:15:51,-14.15288135,-36.71432119,0,450,OFF,RETRACTED,MANUAL
21:15:51,-13.57968914,-37.98098502,0,441,OFF,RETRACTED,MANUAL
21:15:51,-12.86808824,-39.15080843,0,436,OFF,RETRACTED,MANUAL
21:15:51,-12.02533153,-40.22080871,0,434,OFF,RETRACTED,MANUAL
21:15:51,-11.06000864,-41.18825767,0,437,OFF,RETRACTED,MANUAL
21:15:51,-9.981958493,-42.05068859,0,441,OFF,RETRACTED,MANUAL
21:15:51,-8.802168913,-42.80590254,0,449,OFF,RETRACTED,MANUAL
21:15:51,-7.532664713,-43.45197393,0,456,OFF,RETRACTED,MANUAL
21:15:51,-6.186385098,-43.98725548,0,460,OFF,RETRACTED,MANUAL
21:15:52,-4.777051797,-44.41038236,0,461,OFF,RETRACTED,MANUAL
21:15:52,-3.319029202,-44.72027573,0,458,OFF,RETRACTED,MANUAL
21:15:52,-1.827177962,-44.91614546,0,450,OFF,RETRACTED,MANUAL
21:15:52,-0.316703519,-44.99749212,0,442,OFF,RETRACTED,MANUAL
21:15:52,1.196998871,-44.96410832,0,437,OFF,RETRACTED,MANUAL
21:15:52,2.698501053,-44.81607917,0,435,OFF,RETRACTED,MANUAL
21:15:52,4.172499217,-44.5537821,0,438,OFF,RETRACTED,MANUAL
21:15:52,5.603969888,-44.17788589,0,442,OFF,RETRACTED,MANUAL
21:15:52,6.978323041,-43.68934897,0,450,OFF,RETRACTED,MANUAL
21:15:52,8.281550814,-43.08941697,0,457,OFF,RETRACTED,MANUAL
21:15:53,9.500370278,-42.37961953,0,461,OFF,RETRACTED,MANUAL
21:15:53,10.62235882,-41.56176643,0,461,OFF,RETRACTED,MANUAL
21:15:53,11.63608077,-40.63794297,0,457,OFF,RETRACTED,MANUAL
21:15:53,12.53120392,-39.61050461,0,450,OFF,RETRACTED,MANUAL
21:15:53,13.29860489,-38.48207103,0,441,OFF,RETRACTED,MANUAL
21:15:53,13.93046208,-37.2555194,0,437,OFF,RETRACTED,MANUAL
21:15:53,14.42033538,-35.93397707,0,435,OFF,RETRACTED,MANUAL
21:15:53,14.76323185,-34.52081359,0,438,OFF,RETRACTED,MANUAL
21:15:53,14.95565657,-33.01963212,0,442,OFF,RETRACTED,MANUAL
21:15:54,14.99564828,-31.43426022,0,450,OFF,RETRACTED,MANUAL
21:15:54,14.88279938,-29.76874014,0,457,OFF,RETRACTED,MANUAL
21:15:54,14.61826005,-28.02731846,0,461,OFF,RETRACTED,MANUAL
21:15:54,14.20472658,-26.2144353,0,461,OFF,RETRACTED,MANUAL
21:15:54,13.64641383,-24.33471298,0,457,OFF,RETRACTED,MANUAL
21:15:54,12.94901231,-22.39294425,0,450,OFF,RETRACTED,MANUAL
21:15:54,12.11963017,-20.39408005,0,441,OFF,RETRACTED,MANUAL
21:15:54,11.16672074,-18.34321689,0,436,OFF,RETRACTED,MANUAL
21:15:54,10.09999639,-16.24558389,0,435,OFF,RETRACTED,MANUAL
21:15:54,8.930329539,-14.1065294,0,438,OFF,RETRACTED,MANUAL
21:15:55,7.669641807,-11.93150737,0,446,OFF,RETRACTED,MANUAL
21:15:55,6.330782547,-9.726063479,0,451,OFF,RETRACTED,MANUAL
21:15:55,4.927397853,-7.495820968,0,457,OFF,RETRACTED,MANUAL
21:15:55,3.473791488,-5.246466301,0,461,OFF,RETRACTED,MANUAL
21:15:55,1.98477909,-2.983734677,0,461,OFF,RETRACTED,MANUAL
21:15:55,0.475537165,-0.713395401,0,457,OFF,RETRACTED,MANUAL
21:15:55,-1.038551591,1.558762826,0,446,OFF,RETRACTED,MANUAL
21:15:55,-2.542055086,3.826946662,0,437,OFF,RETRACTED,MANUAL
21:15:55,-4.019649113,6.085372901,0,430,OFF,RETRACTED,MANUAL
21:15:55,-5.456273545,8.328283217,0,429,OFF,RETRACTED,MANUAL
21:15:56,-6.83728583,10.54995884,0,434,OFF,RETRACTED,MANUAL
21:15:56,-8.148610232,12.74473515,0,440,OFF,RETRACTED,MANUAL
21:15:56,-9.3768813,14.90701611,0,447,OFF,RETRACTED,MANUAL
21:15:56,-10.50958009,17.03128852,0,452,OFF,RETRACTED,MANUAL
21:15:56,-11.53516175,19.11213612,0,457,OFF,RETRACTED,MANUAL
21:15:56,-12.44317323,21.14425336,0,457,OFF,RETRACTED,MANUAL
21:15:56,-13.22435976,23.12245892,0,451,OFF,RETRACTED,MANUAL
21:15:56,-13.87075924,25.04170896,0,444,OFF,RETRACTED,MANUAL
21:15:56,-14.37578335,26.89710995,0,436,OFF,RETRACTED,MANUAL
21:15:56,-14.73428471,28.68393117,0,430,OFF,RETRACTED,MANUAL
21:15:57,-14.94260935,30.39761674,0,429,OFF,RETRACTED,MANUAL
21:15:57,-14.99863398,32.03379725,0,434,OFF,RETRACTED,MANUAL
21:15:57,-14.90178756,33.58830094,0,440,OFF,RETRACTED,MANUAL
21:15:57,-14.65305718,35.05716426,0,448,OFF,RETRACTED,MANUAL
21:15:57,-14.25497799,36.43664205,0,452,OFF,RETRACTED,MANUAL
21:15:57,-13.71160735,37.72321704,0,457,OFF,RETRACTED,MANUAL
21:15:57,-13.02848346,38.91360884,0,456,OFF,RETRACTED,MANUAL
21:15:57,-12.21256895,40.00478229,0,450,OFF,RETRACTED,MANUAL
21:15:57,-11.27217989,40.99395524,0,442,OFF,RETRACTED,MANUAL
21:15:57,-10.21690104,41.87860556,0,436,OFF,RETRACTED,MANUAL
21:15:58,-9.057488152,42.65647766,0,430,OFF,RETRACTED,MANUAL
21:15:58,-7.805758343,43.3255882,0,430,OFF,RETRACTED,MANUAL
21:15:58,-6.474469661,43.88423114,0,434,OFF,RETRACTED,MANUAL
21:15:58,-5.077191038,44.33098209,0,440,OFF,RETRACTED,MANUAL
21:15:58,-3.628164003,44.66470199,0,448,OFF,RETRACTED,MANUAL
21:15:58,-2.142157519,44.88453994,0,454,OFF,RETRACTED,MANUAL
21:15:58,-0.634317455,44.98993541,0,457,OFF,RETRACTED,MANUAL
21:15:58,0.879987782,44.98061968,0,456,OFF,RETRACTED,MANUAL
21:15:58,2.385323892,44.8566165,0,450,OFF,RETRACTED,MANUAL
21:15:58,3.866347991,44.61824205,0,442,OFF,RETRACTED,MANUAL
21:15:59,5.307964991,44.2661041,0,436,OFF,RETRACTED,MANUAL
21:15:59,6.695481453,43.80110051,0,430,OFF,RETRACTED,MANUAL
21:15:59,8.01475535,43.2244169,0,430,OFF,RETRACTED,MANUAL
21:15:59,9.252340206,42.53752365,0,436,OFF,RETRACTED,MANUAL
21:15:59,10.39562215,41.74217213,0,441,OFF,RETRACTED,MANUAL
21:15:59,11.43294846,40.84039026,0,449,OFF,RETRACTED,MANUAL
21:15:59,12.35374638,39.83447731,0,454,OFF,RETRACTED,MANUAL
21:15:59,13.14863082,38.72699808,0,457,OFF,RETRACTED,MANUAL
21:15:59,13.80950006,37.52077631,0,456,OFF,RETRACTED,MANUAL
21:15:59,14.3296183,36.21888751,0,450,OFF,RETRACTED,MANUAL
21:16:00,14.70368433,34.82465112,0,442,OFF,RETRACTED,MANUAL
21:16:00,14.92788553,33.34162204,0,436,OFF,RETRACTED,MANUAL
21:16:00,14.99993678,31.77358155,0,430,OFF,RETRACTED,MANUAL
21:16:00,14.91910371,30.12452771,0,430,OFF,RETRACTED,MANUAL
21:16:00,14.68621019,28.39866512,0,436,OFF,RETRACTED,MANUAL
21:16:00,14.30362995,26.60039422,0,441,OFF,RETRACTED,MANUAL
21:16:00,13.77526238,24.73430008,0,449,OFF,RETRACTED,MANUAL
21:16:00,13.10649276,22.8051407,0,454,OFF,RETRACTED,MANUAL
21:16:00,12.30413744,20.81783487,0,457,OFF,RETRACTED,MANUAL
21:16:00,11.37637426,18.77744963,0,456,OFF,RETRACTED,MANUAL
21:16:01,10.33265932,16.68918738,0,450,OFF,RETRACTED,MANUAL
21:16:01,9.183630485,14.55837258,0,441,OFF,RETRACTED,MANUAL
21:16:01,7.940999048,12.39043817,0,434,OFF,RETRACTED,MANUAL
21:16:01,6.617430318,10.19091176,0,429,OFF,RETRACTED,MANUAL
21:16:01,5.226414546,7.965401509,0,430,OFF,RETRACTED,MANUAL
21:16:01,3.782129426,5.719581805,0,436,OFF,RETRACTED,MANUAL
21:16:01,2.29929559,3.459178838,0,441,OFF,RETRACTED,MANUAL
21:16:01,0.793026572,1.189955974,0,449,OFF,RETRACTED,MANUAL
21:16:01,-0.721325235,-1.082300931,0,454,OFF,RETRACTED,MANUAL
21:16:01,-2.228325057,-3.351798283,0,457,OFF,RETRACTED,MANUAL
21:16:02,-3.712613052,-5.612749529,0,456,OFF,RETRACTED,MANUAL
21:16:02,-5.159060865,-7.859389902,0,450,OFF,RETRACTED,MANUAL
21:16:02,-6.552925821,-10.08599113,0,441,OFF,RETRACTED,MANUAL
21:16:02,-7.880001185,-12.28687602,0,434,OFF,RETRACTED,MANUAL
21:16:02,-9.126760968,-14.45643296,0,429,OFF,RETRACTED,MANUAL
21:16:02,-10.28049778,-16.58913022,0,430,OFF,RETRACTED,MANUAL
21:16:02,-11.32945235,-18.67953004,0,436,OFF,RETRACTED,MANUAL
21:16:02,-12.26293339,-20.72230251,0,441,OFF,RETRACTED,MANUAL
21:16:02,-13.07142656,-22.71223916,0,449,OFF,RETRACTED,MANUAL
21:16:02,-13.74669141,-24.64426623,0,454,OFF,RETRACTED,MANUAL
21:16:03,-14.28184543,-26.51345762,0,457,OFF,RETRACTED,MANUAL
21:16:03,-14.67143415,-28.31504743,0,456,OFF,RETRACTED,MANUAL
21:16:03,-14.91148676,-30.04444213,0,450,OFF,RETRACTED,MANUAL
21:16:03,-14.99955655,-31.69723228,0,441,OFF,RETRACTED,MANUAL
21:16:03,-14.93474589,-33.26920374,0,434,OFF,RETRACTED,MANUAL
21:16:03,-14.71771536,-34.75634845,0,430,OFF,RETRACTED,MANUAL
21:16:03,-14.35067699,-36.15487461,0,430,OFF,RETRACTED,MANUAL
21:16:03,-13.83737177,-37.46121639,0,436,OFF,RETRACTED,MANUAL
21:16:03,-13.18303148,-38.67204301,0,441,OFF,RETRACTED,MANUAL
21:16:04,-12.39432536,-39.78426721,0,449,OFF,RETRACTED,MANUAL
21:16:04,-11.47929217,-40.79505315,0,454,OFF,RETRACTED,MANUAL
21:16:04,-10.44725824,-41.7018236,0,457,OFF,RETRACTED,MANUAL
21:16:04,-9.308742385,-42.50226658,0,456,OFF,RETRACTED,MANUAL
21:16:04,-8.075348746,-43.19434119,0,450,OFF,RETRACTED,MANUAL
21:16:04,-6.759648478,-43.77628284,0,442,OFF,RETRACTED,MANUAL
21:16:04,-5.375051634,-44.24660775,0,434,OFF,RETRACTED,MANUAL
21:16:04,-3.935670482,-44.60411672,0,429,OFF,RETRACTED,MANUAL
21:16:04,-2.456175674,-44.84789822,0,430,OFF,RETRACTED,MANUAL
21:16:04,-0.951646709,-44.97733068,0,436,OFF,RETRACTED,MANUAL
21:16:05,0.562581754,-44.99208406,0,441,OFF,RETRACTED,MANUAL
21:16:05,2.071076197,-44.89212077,0,449,OFF,RETRACTED,MANUAL
21:16:05,3.558461546,-44.67769568,0,454,OFF,RETRACTED,MANUAL
21:16:05,5.009577876,-44.3493555,0,457,OFF,RETRACTED,MANUAL
21:16:05,6.409634929,-43.90793742,0,456,OFF,RETRACTED,MANUAL
21:16:05,7.744362859,-43.35456691,0,450,OFF,RETRACTED,MANUAL
21:16:05,9.000157678,-42.69065492,0,442,OFF,RETRACTED,MANUAL
21:16:05,10.16421991,-41.91789422,0,436,OFF,RETRACTED,MANUAL
21:16:05,11.22468504,-41.03825512,0,430,OFF,RETRACTED,MANUAL
21:16:05,12.17074447,-40.05398046,0,430,OFF,RETRACTED,MANUAL
21:16:06,12.99275564,-38.96757983,0,436,OFF,RETRACTED,MANUAL
21:16:06,13.68234033,-37.78182326,0,440,OFF,RETRACTED,MANUAL
21:16:06,14.23247009,-36.49973407,0,448,OFF,RETRACTED,MANUAL
21:16:06,14.63753779,-35.12458121,0,454,OFF,RETRACTED,MANUAL
21:16:06,14.89341486,-33.65987092,0,457,OFF,RETRACTED,MANUAL
21:16:06,14.99749331,-32.10933778,0,456,OFF,RETRACTED,MANUAL
21:16:06,14.94871234,-30.47693521,0,451,OFF,RETRACTED,MANUAL
21:16:06,14.74756915,-28.76682536,0,442,OFF,RETRACTED,MANUAL
21:16:06,14.39611384,-26.98336849,0,436,OFF,RETRACTED,MANUAL
21:16:06,13.89792858,-25.13111191,0,429,OFF,RETRACTED,MANUAL
21:16:07,13.25809102,-23.21477834,0,429,OFF,RETRACTED,MANUAL
21:16:07,12.4831226,-21.23925386,0,436,OFF,RETRACTED,MANUAL
21:16:07,11.58092207,-19.20957548,0,440,OFF,RETRACTED,MANUAL
21:16:07,10.56068494,-17.13091829,0,448,OFF,RETRACTED,MANUAL
21:16:07,9.432809814,-15.00858226,0,454,OFF,RETRACTED,MANUAL
21:16:07,8.208792364,-12.84797872,0,457,OFF,RETRACTED,MANUAL
21:16:07,6.901108184,-10.6546166,0,456,OFF,RETRACTED,MANUAL
21:16:07,5.523085622,-8.434088306,0,450,OFF,RETRACTED,MANUAL
21:16:07,4.088769943,-6.192055554,0,442,OFF,RETRACTED,MANUAL
21:16:07,2.612780166,-3.934234867,0,436,OFF,RETRACTED,MANUAL
21:16:08,1.110160068,-1.66638303,0,430,OFF,RETRACTED,MANUAL
21:16:08,-0.403775149,0.605717598,0,429,OFF,RETRACTED,MANUAL
21:16:08,-1.913594956,2.876273822,0,434,OFF,RETRACTED,MANUAL
21:16:08,-3.403910769,5.139496388,0,440,OFF,RETRACTED,MANUAL
21:16:08,-4.859532796,7.389614739,0,447,OFF,RETRACTED,MANUAL
21:16:08,-6.265624855,9.620891729,0,453,OFF,RETRACTED,MANUAL
21:16:08,-7.60785559,11.82763825,0,457,OFF,RETRACTED,MANUAL
21:16:08,-8.872544541,14.00422775,0,457,OFF,RETRACTED,MANUAL
21:16:08,-10.04680158,16.14511056,0,456,OFF,RETRACTED,MANUAL
21:16:08,-11.11865829,18.24482805,0,449,OFF,RETRACTED,MANUAL
21:16:09,-12.07718995,20.29802656,0,440,OFF,RETRACTED,MANUAL
21:16:09,-12.91262689,22.29947102,0,430,OFF,RETRACTED,MANUAL
21:16:09,-13.61645406,24.24405834,0,429,OFF,RETRACTED,MANUAL
21:16:09,-14.18149782,26.12683039,0,434,OFF,RETRACTED,MANUAL
21:16:09,-14.60199905,27.94298665,0,439,OFF,RETRACTED,MANUAL
21:16:09,-14.87367187,29.68789645,0,447,OFF,RETRACTED,MANUAL
21:16:09,-14.99374731,31.35711078,0,452,OFF,RETRACTED,MANUAL
21:16:09,-14.9610015,32.94637364,0,457,OFF,RETRACTED,MANUAL
21:16:09,-14.77576821,34.45163285,0,457,OFF,RETRACTED,MANUAL
21:16:09,-14.4399354,35.86905047,0,452,OFF,RETRACTED,MANUAL
21:16:10,-13.95692598,37.19501247,0,446,OFF,RETRACTED,MANUAL
21:16:10,-13.33166295,38.42613806,0,437,OFF,RETRACTED,MANUAL
21:16:10,-12.5705192,39.55928821,0,430,OFF,RETRACTED,MANUAL
21:16:10,-11.68125255,40.59157372,0,429,OFF,RETRACTED,MANUAL
21:16:10,-10.6729267,41.52036257,0,433,OFF,RETRACTED,MANUAL
21:16:10,-9.55581885,42.34328661,0,439,OFF,RETRACTED,MANUAL
21:16:10,-8.341314929,43.05824764,0,447,OFF,RETRACTED,MANUAL
21:16:10,-7.041793562,43.66342271,0,452,OFF,RETRACTED,MANUAL
21:16:10,-5.670499903,44.15726879,0,457,OFF,RETRACTED,MANUAL
21:16:10,-4.241410631,44.53852673,0,457,OFF,RETRACTED,MANUAL
21:16:11,-2.769091496,44.80622443,0,452,OFF,RETRACTED,MANUAL
21:16:11,-1.268548864,44.95967934,0,447,OFF,RETRACTED,MANUAL
21:16:11,0.244923239,44.99850019,0,438,OFF,RETRACTED,MANUAL
21:16:11,1.755899002,44.922588,0,432,OFF,RETRACTED,MANUAL
21:16:11,3.248978062,44.73213633,0,429,OFF,RETRACTED,MANUAL
21:16:11,4.708942461,44.42763077,0,433,OFF,RETRACTED,MANUAL
21:16:11,6.120911758,44.00984772,0,438,OFF,RETRACTED,MANUAL
21:16:11,7.470494695,43.4798524,0,446,OFF,RETRACTED,MANUAL
21:16:11,8.743935876,42.83899616,0,451,OFF,RETRACTED,MANUAL
21:16:11,9.928255966,42.08891298,0,456,OFF,RETRACTED,MANUAL
21:16:12,11.01138398,41.23151536,0,457,OFF,RETRACTED,MANUAL
21:16:12,11.98228033,40.26898942,0,454,OFF,RETRACTED,MANUAL
21:16:12,12.8310493,39.2037893,0,448,OFF,RETRACTED,MANUAL
21:16:12,13.54903997,38.03863097,0,439,OFF,RETRACTED,MANUAL
21:16:12,14.12893433,36.77648524,0,433,OFF,RETRACTED,MANUAL
21:16:12,14.56482192,35.4205702,0,429,OFF,RETRACTED,MANUAL
21:16:12,14.85226001,33.97434305,0,430,OFF,RETRACTED,MANUAL
21:16:12,14.98831896,32.44149124,0,437,OFF,RETRACTED,MANUAL
21:16:12,14.97161199,30.82592311,0,444,OFF,RETRACTED,MANUAL
21:16:13,14.80230939,29.13175786,0,450,OFF,RETRACTED,MANUAL
21:16:13,14.48213675,27.36331514,0,456,OFF,RETRACTED,MANUAL
21:16:13,14.01435738,25.52510396,0,457,OFF,RETRACTED,MANUAL
21:16:13,13.40373903,23.62181121,0,454,OFF,RETRACTED,MANUAL
21:16:13,12.65650534,21.65828973,0,448,OFF,RETRACTED,MANUAL
21:16:13,11.78027235,19.63954595,0,440,OFF,RETRACTED,MANUAL
21:16:13,10.78397092,17.57072705,0,433,OFF,RETRACTED,MANUAL
21:16:13,9.677755693,15.45710793,0,429,OFF,RETRACTED,MANUAL
21:16:13,8.472901571,13.30407769,0,430,OFF,RETRACTED,MANUAL
21:16:13,7.181688829,11.11712595,0,437,OFF,RETRACTED,MANUAL
21:16:13,5.817277935,8.901828771,0,442,OFF,RETRACTED,MANUAL
21:16:14,4.393575418,6.663834533,0,450,OFF,RETRACTED,MANUAL
21:16:14,2.925092125,4.408849462,0,456,OFF,RETRACTED,MANUAL
21:16:14,1.426795324,2.142623112,0,459,OFF,RETRACTED,MANUAL
21:16:14,-0.086043847,-0.129066302,0,456,OFF,RETRACTED,MANUAL
21:16:14,-1.598006031,-2.400426634,0,450,OFF,RETRACTED,MANUAL
21:16:14,-3.093680809,-4.665666579,0,441,OFF,RETRACTED,MANUAL
21:16:14,-4.557823767,-6.919010436,0,434,OFF,RETRACTED,MANUAL
21:16:14,-5.975511875,-9.154712837,0,429,OFF,RETRACTED,MANUAL
21:16:14,-7.332295586,-11.36707339,0,430,OFF,RETRACTED,MANUAL
21:16:15,-8.614346113,-13.55045123,0,436,OFF,RETRACTED,MANUAL
21:16:15,-9.80859637,-15.69927937,0,440,OFF,RETRACTED,MANUAL
21:16:15,-10.90287416,-17.80807893,0,448,OFF,RETRACTED,MANUAL
21:16:15,-11.88602625,-19.87147309,0,452,OFF,RETRACTED,MANUAL
21:16:15,-12.74803203,-21.8842008,0,456,OFF,RETRACTED,MANUAL
21:16:15,-13.48010563,-23.84113018,0,452,OFF,RETRACTED,MANUAL
21:16:15,-14.07478554,-25.73727164,0,448,OFF,RETRACTED,MANUAL
21:16:15,-14.52601057,-27.56779057,0,440,OFF,RETRACTED,MANUAL
21:16:15,-14.82918168,-29.32801968,0,433,OFF,RETRACTED,MANUAL
21:16:15,-14.98120887,-31.01347091,0,428,OFF,RETRACTED,MANUAL
21:16:16,-14.98054261,-32.61984684,0,428,OFF,RETRACTED,MANUAL
21:16:16,-14.8271897,-34.14305168,0,433,OFF,RETRACTED,MANUAL
21:16:16,-14.52271316,-35.5792017,0,439,OFF,RETRACTED,MANUAL
21:16:16,-14.07021632,-36.92463515,0,447,OFF,RETRACTED,MANUAL
21:16:16,-13.47431117,-38.17592156,0,452,OFF,RETRACTED,MANUAL
21:16:16,-12.74107138,-39.32987052,0,456,OFF,RETRACTED,MANUAL
21:16:16,-11.87797037,-40.38353978,0,454,OFF,RETRACTED,MANUAL
21:16:16,-10.89380515,-41.33424281,0,449,OFF,RETRACTED,MANUAL
21:16:16,-9.79860666,-42.17955559,0,440,OFF,RETRACTED,MANUAL
21:16:16,-8.603537525,-42.91732281,0,433,OFF,RETRACTED,MANUAL
21:16:17,-7.320778286,-43.54566339,0,428,OFF,RETRACTED,MANUAL
21:16:17,-5.96340325,-44.06297524,0,428,OFF,RETRACTED,MANUAL
21:16:17,-4.545247232,-44.46793937,0,433,OFF,RETRACTED,MANUAL
21:16:17,-3.080764549,-44.75952323,0,439,OFF,RETRACTED,MANUAL
21:16:17,-1.584881693,-44.93698338,0,447,OFF,RETRACTED,MANUAL
21:16:17,-0.072845198,-44.99986734,0,451,OFF,RETRACTED,MANUAL
21:16:17,1.439933759,-44.94801477,0,456,OFF,RETRACTED,MANUAL
21:16:17,2.938036435,-44.78155789,0,454,OFF,RETRACTED,MANUAL
21:16:17,4.40619367,-44.50092111,0,449,OFF,RETRACTED,MANUAL
21:16:17,5.829441519,-44.10681997,0,441,OFF,RETRACTED,MANUAL
21:16:18,7.19327377,-43.60025931,0,434,OFF,RETRACTED,MANUAL
21:16:18,8.483789792,-42.98253072,0,428,OFF,RETRACTED,MANUAL
21:16:18,9.687836217,-42.25520923,0,428,OFF,RETRACTED,MANUAL
21:16:18,10.79314101,-41.42014929,0,433,OFF,RETRACTED,MANUAL
21:16:18,11.78843853,-40.47948006,0,438,OFF,RETRACTED,MANUAL
21:16:18,12.66358438,-39.43559998,0,446,OFF,RETRACTED,MANUAL
21:16:18,13.40965878,-38.29117062,0,451,OFF,RETRACTED,MANUAL
21:16:18,14.01905751,-37.04910996,0,456,OFF,RETRACTED,MANUAL
21:16:18,14.48556935,-35.71258489,0,454,OFF,RETRACTED,MANUAL
21:16:18,14.80443947,-34.28500315,0,450,OFF,RETRACTED,MANUAL
21:16:19,14.97241784,-32.77000466,0,442,OFF,RETRACTED,MANUAL
21:16:19,14.98779237,-31.17145223,0,436,OFF,RETRACTED,MANUAL
21:16:19,14.85040635,-29.49342169,0,429,OFF,RETRACTED,MANUAL
21:16:19,14.56166007,-27.74019154,0,428,OFF,RETRACTED,MANUAL
21:16:19,14.12449653,-25.916232,0,433,OFF,RETRACTED,MANUAL
21:16:19,13.54337145,-24.02619363,0,438,OFF,RETRACTED,MANUAL
21:16:19,12.82420783,-22.07489548,0,446,OFF,RETRACTED,MANUAL
21:16:19,11.97433564,-20.06731279,0,451,OFF,RETRACTED,MANUAL
21:16:19,11.00241706,-18.00856432,0,456,OFF,RETRACTED,MANUAL
21:16:19,9.918358191,-15.90389926,0,456,OFF,RETRACTED,MANUAL
21:16:20,8.733208135,-13.7586839,0,451,OFF,RETRACTED,MANUAL
21:16:20,7.459046329,-11.57838792,0,446,OFF,RETRACTED,MANUAL
21:16:20,6.108859451,-9.368570422,0,437,OFF,RETRACTED,MANUAL
21:16:20,4.696409055,-7.134865808,0,429,OFF,RETRACTED,MANUAL
21:16:20,3.236091301,-4.88296937,0,428,OFF,RETRACTED,MANUAL
21:16:20,1.742790234,-2.618622785,0,433,OFF,RETRACTED,MANUAL
21:16:20,0.23172607,-0.347599476,0,438,OFF,RETRACTED,MANUAL
21:16:20,-1.281699922,1.92431011,0,447,OFF,RETRACTED,MANUAL
21:16:20,-2.782062403,4.191313267,0,451,OFF,RETRACTED,MANUAL
21:16:20,-4.254069184,6.447629798,0,457,OFF,RETRACTED,MANUAL
21:16:21,-5.682717082,8.687506756,0,457,OFF,RETRACTED,MANUAL
21:16:21,-7.053444845,10.90523311,0,453,OFF,RETRACTED,MANUAL
21:16:21,-8.352281562,13.0951543,0,447,OFF,RETRACTED,MANUAL
21:16:21,-9.565989058,15.25168667,0,438,OFF,RETRACTED,MANUAL
21:16:21,-10.68219683,17.36933169,0,433,OFF,RETRACTED,MANUAL
21:16:21,-11.6895281,19.44268999,0,429,OFF,RETRACTED,MANUAL
21:16:21,-12.57771584,21.4664751,0,433,OFF,RETRACTED,MANUAL
21:16:21,-13.33770733,23.43552697,0,438,OFF,RETRACTED,MANUAL
21:16:21,-13.96175649,25.34482509,0,446,OFF,RETRACTED,MANUAL
21:16:21,-14.4435028,27.1895013,0,451,OFF,RETRACTED,MANUAL
21:16:22,-14.77803615,28.96485222,0,456,OFF,RETRACTED,MANUAL
21:16:22,-14.96194686,30.66635122,0,457,OFF,RETRACTED,MANUAL
21:16:22,-14.99336044,32.28965999,0,454,OFF,RETRACTED,MANUAL
21:16:22,-14.87195674,33.83063954,0,448,OFF,RETRACTED,MANUAL
21:16:22,-14.59897312,35.28536084,0,439,OFF,RETRACTED,MANUAL
21:16:22,-14.17719193,36.65011477,0,433,OFF,RETRACTED,MANUAL
21:16:22,-13.61091211,37.92142161,0,429,OFF,RETRACTED,MANUAL
21:16:22,-12.90590536,39.09603989,0,430,OFF,RETRACTED,MANUAL
21:16:22,-12.06935735,40.17097468,0,437,OFF,RETRACTED,MANUAL
21:16:22,-11.10979445,41.14348522,0,442,OFF,RETRACTED,MANUAL
21:16:23,-10.03699685,42.01109188,0,449,OFF,RETRACTED,MANUAL
21:16:23,-8.86189885,42.77158252,0,454,OFF,RETRACTED,MANUAL
21:16:23,-7.596477442,43.42301811,0,456,OFF,RETRACTED,MANUAL
21:16:23,-6.253630219,43.96373769,0,452,OFF,RETRACTED,MANUAL
21:16:23,-4.847043925,44.39236256,0,448,OFF,RETRACTED,MANUAL
21:16:23,-3.391054954,44.70779987,0,440,OFF,RETRACTED,MANUAL
21:16:23,-1.900503227,44.90924535,0,433,OFF,RETRACTED,MANUAL
21:16:23,-0.390580942,44.99618535,0,428,OFF,RETRACTED,MANUAL
21:16:23,1.123322273,44.96839823,0,430,OFF,RETRACTED,MANUAL
21:16:23,2.625776216,44.82595481,0,436,OFF,RETRACTED,MANUAL
21:16:24,4.101467377,44.5692183,0,441,OFF,RETRACTED,MANUAL
21:16:24,5.535355025,44.19884328,0,448,OFF,RETRACTED,MANUAL
21:16:24,6.9128245,43.71577413,0,454,OFF,RETRACTED,MANUAL
21:16:24,8.219836178,43.12124251,0,457,OFF,RETRACTED,MANUAL
21:16:24,9.443068563,42.41676431,0,454,OFF,RETRACTED,MANUAL
21:16:24,10.57005407,41.60413574,0,449,OFF,RETRACTED,MANUAL
21:16:24,11.58930608,40.68542878,0,440,OFF,RETRACTED,MANUAL
21:16:24,12.49043604,39.66298585,0,433,OFF,RETRACTED,MANUAL
21:16:24,13.26425934,38.53941388,0,428,OFF,RETRACTED,MANUAL
21:16:25,13.90288892,37.31757766,0,429,OFF,RETRACTED,MANUAL
21:16:25,14.39981565,36.00059251,0,434,OFF,RETRACTED,MANUAL
21:16:25,14.74997468,34.59181636,0,440,OFF,RETRACTED,MANUAL
21:16:25,14.94979709,33.09484118,0,447,OFF,RETRACTED,MANUAL
21:16:25,14.99724622,31.51348381,0,451,OFF,RETRACTED,MANUAL
21:16:25,14.89183844,29.85177626,0,454,OFF,RETRACTED,MANUAL
21:16:25,14.63464811,28.11395539,0,452,OFF,RETRACTED,MANUAL
21:16:25,14.22829661,26.30445215,0,448,OFF,RETRACTED,MANUAL
21:16:25,13.67692559,24.42788023,0,440,OFF,RETRACTED,MANUAL
21:16:25,12.98615481,22.48902435,0,433,OFF,RETRACTED,MANUAL
21:16:26,12.16302484,20.49282802,0,428,OFF,RETRACTED,MANUAL
21:16:26,11.2159253,18.44438097,0,427,OFF,RETRACTED,MANUAL
21:16:26,10.15450933,16.34890612,0,430,OFF,RETRACTED,MANUAL
21:16:26,8.989595232,14.21174634,0,437,OFF,RETRACTED,MANUAL
21:16:26,7.733056205,12.03835075,0,445,OFF,RETRACTED,MANUAL
21:16:26,6.397699308,9.834260889,0,450,OFF,RETRACTED,MANUAL
21:16:26,4.997134941,7.605096529,0,454,OFF,RETRACTED,MANUAL
21:16:26,3.545638118,5.356541393,0,454,OFF,RETRACTED,MANUAL
21:16:26,2.058002978,3.09432864,0,450,OFF,RETRACTED,MANUAL
21:16:26,0.54939199,0.824226252,0,442,OFF,RETRACTED,MANUAL
21:16:27,-0.964818584,-1.447977672,0,436,OFF,RETRACTED,MANUAL
21:16:27,-2.469195407,-3.716489676,0,429,OFF,RETRACTED,MANUAL
21:16:27,-3.948405373,-5.975525715,0,427,OFF,RETRACTED,MANUAL
21:16:27,-5.387371883,-8.219325909,0,429,OFF,RETRACTED,MANUAL
21:16:27,-6.771428514,-10.44216922,0,436,OFF,RETRACTED,MANUAL
21:16:27,-8.086468503,-12.63838805,0,441,OFF,RETRACTED,MANUAL
21:16:27,-9.319088526,-14.80238268,0,449,OFF,RETRACTED,MANUAL
21:16:27,-10.45672531,-16.92863555,0,452,OFF,RETRACTED,MANUAL
21:16:27,-11.48778369,-19.01172535,0,454,OFF,RETRACTED,MANUAL
21:16:27,-12.40175477,-21.0463408,0,450,OFF,RETRACTED,MANUAL
21:16:28,-13.18932306,-23.02729422,0,446,OFF,RETRACTED,MANUAL
21:16:28,-13.8424614,-24.94953476,0,437,OFF,RETRACTED,MANUAL
21:16:28,-14.35451279,-26.80816128,0,429,OFF,RETRACTED,MANUAL
21:16:28,-14.72025822,-28.59843481,0,427,OFF,RETRACTED,MANUAL
21:16:28,-14.93596991,-30.31579068,0,428,OFF,RETRACTED,MANUAL
21:16:28,-14.99944925,-31.95585013,0,434,OFF,RETRACTED,MANUAL
21:16:28,-14.91004923,-33.51443149,0,440,OFF,RETRACTED,MANUAL
21:16:28,-14.66868105,-34.98756084,0,448,OFF,RETRACTED,MANUAL
21:16:28,-14.27780482,-36.37148212,0,452,OFF,RETRACTED,MANUAL
21:16:28,-13.74140447,-37.66266674,0,454,OFF,RETRACTED,MANUAL
21:16:29,-13.06494717,-38.85782256,0,452,OFF,RETRACTED,MANUAL
21:16:29,-12.2553276,-39.95390227,0,447,OFF,RETRACTED,MANUAL
21:16:29,-11.32079768,-40.9481112,0,438,OFF,RETRACTED,MANUAL
21:16:29,-10.27088243,-41.83791439,0,432,OFF,RETRACTED,MANUAL
21:16:29,-9.116282951,-42.62104312,0,427,OFF,RETRACTED,MANUAL
21:16:29,-7.868767295,-43.29550063,0,428,OFF,RETRACTED,MANUAL
21:16:29,-6.541050555,-43.85956726,0,433,OFF,RETRACTED,MANUAL
21:16:29,-5.146665262,-44.31180479,0,439,OFF,RETRACTED,MANUAL
21:16:29,-3.699823451,-44.65106015,0,446,OFF,RETRACTED,MANUAL
21:16:29,-2.215271814,-44.87646835,0,451,OFF,RETRACTED,MANUAL
21:16:30,-0.708141393,-44.98745465,0,454,OFF,RETRACTED,MANUAL
21:16:30,0.806206639,-44.98373608,0,452,OFF,RETRACTED,MANUAL
21:16:30,2.312337547,-44.86532211,0,449,OFF,RETRACTED,MANUAL
21:16:30,3.794900344,-44.63251467,0,441,OFF,RETRACTED,MANUAL
21:16:30,5.23878426,-44.28590735,0,433,OFF,RETRACTED,MANUAL
21:16:30,6.629272751,-43.82638389,0,428,OFF,RETRACTED,MANUAL
21:16:30,7.952193499,-43.25511595,0,427,OFF,RETRACTED,MANUAL
21:16:30,9.194062856,-42.57356009,0,430,OFF,RETRACTED,MANUAL
21:16:30,10.34222328,-41.78345408,0,437,OFF,RETRACTED,MANUAL
21:16:30,11.38497234,-40.88681246,0,442,OFF,RETRACTED,MANUAL
21:16:31,12.31168199,-39.8859214,0,449,OFF,RETRACTED,MANUAL
21:16:31,13.11290689,-38.78333289,0,452,OFF,RETRACTED,MANUAL
21:16:31,13.78048071,-37.5818582,0,452,OFF,RETRACTED,MANUAL
21:16:31,14.3075993,-36.28456075,0,449,OFF,RETRACTED,MANUAL
21:16:31,14.6888901,-34.89474826,0,442,OFF,RETRACTED,MANUAL
21:16:31,14.92046687,-33.41596435,0,434,OFF,RETRACTED,MANUAL
21:16:31,14.9999693,-31.85197948,0,428,OFF,RETRACTED,MANUAL
21:16:31,14.92658707,-30.20678136,0,426,OFF,RETRACTED,MANUAL
21:16:31,14.70106812,-28.48456477,0,428,OFF,RETRACTED,MANUAL
21:16:31,14.32571101,-26.68972086,0,434,OFF,RETRACTED,MANUAL
21:16:32,13.80434152,-24.82682595,0,440,OFF,RETRACTED,MANUAL
21:16:32,13.1422736,-22.90062988,0,448,OFF,RETRACTED,MANUAL
21:16:32,12.34625527,-20.91604389,0,451,OFF,RETRACTED,MANUAL
21:16:32,11.42439983,-18.8781281,0,452,OFF,RETRACTED,MANUAL
21:16:32,10.38610311,-16.79207858,0,450,OFF,RETRACTED,MANUAL
21:16:32,9.241947794,-14.66321418,0,444,OFF,RETRACTED,MANUAL
21:16:32,8.003595483,-12.49696285,0,437,OFF,RETRACTED,MANUAL
21:16:32,6.683667875,-10.29884792,0,428,OFF,RETRACTED,MANUAL
21:16:32,5.29561811,-8.074473932,0,426,OFF,RETRACTED,MANUAL
21:16:32,3.853593651,-5.829512394,0,427,OFF,RETRACTED,MANUAL
21:16:33,2.37229209,-3.569687301,0,433,OFF,RETRACTED,MANUAL
21:16:33,0.866811341,-1.300760547,0,439,OFF,RETRACTED,MANUAL
21:16:33,-0.647504236,0.971482766,0,447,OFF,RETRACTED,MANUAL
21:16:33,-2.155220235,3.241249082,0,450,OFF,RETRACTED,MANUAL
21:16:33,-3.640969515,5.502751159,0,452,OFF,RETRACTED,MANUAL
21:16:33,-5.089608829,7.750222827,0,451,OFF,RETRACTED,MANUAL
21:16:33,-6.486373163,9.977933689,0,447,OFF,RETRACTED,MANUAL
21:16:33,-7.817026233,12.18020373,0,438,OFF,RETRACTED,MANUAL
21:16:33,-9.068005583,14.35141781,0,430,OFF,RETRACTED,MANUAL
21:16:33,-10.22656082,16.48603997,0,426,OFF,RETRACTED,MANUAL
21:16:34,-11.28088355,18.57862753,0,427,OFF,RETRACTED,MANUAL
21:16:34,-12.22022779,20.62384502,0,430,OFF,RETRACTED,MANUAL
21:16:34,-13.03501941,22.61647773,0,438,OFF,RETRACTED,MANUAL
21:16:34,-13.7169538,24.55144502,0,445,OFF,RETRACTED,MANUAL
21:16:34,-14.25908046,26.42381329,0,450,OFF,RETRACTED,MANUAL
21:16:34,-14.65587384,28.22880855,0,452,OFF,RETRACTED,MANUAL
21:16:34,-14.9032897,29.9618286,0,452,OFF,RETRACTED,MANUAL
21:16:34,-14.9988063,31.61845472,0,448,OFF,RETRACTED,MANUAL
21:16:34,-14.94145009,33.19446302,0,440,OFF,RETRACTED,MANUAL
21:16:35,-14.73180568,34.68583512,0,433,OFF,RETRACTED,MANUAL
21:16:35,-14.37200982,36.08876848,0,427,OFF,RETRACTED,MANUAL
21:16:35,-13.86572968,37.39968601,0,427,OFF,RETRACTED,MANUAL
21:16:35,-13.21812542,38.61524525,0,429,OFF,RETRACTED,MANUAL
21:16:35,-12.43579766,39.7323469,0,436,OFF,RETRACTED,MANUAL
21:16:35,-11.52672012,40.74814266,0,441,OFF,RETRACTED,MANUAL
21:16:35,-10.50015844,41.66004255,0,449,OFF,RETRACTED,MANUAL
21:16:35,-9.36657566,42.4657215,0,452,OFF,RETRACTED,MANUAL
21:16:35,-8.137525641,43.16312525,0,453,OFF,RETRACTED,MANUAL
21:16:35,-6.825535265,43.75047564,0,450,OFF,RETRACTED,MANUAL
21:16:36,-5.443976773,44.22627508,0,442,OFF,RETRACTED,MANUAL
21:16:36,-4.006931466,44.58931043,0,436,OFF,RETRACTED,MANUAL
21:16:36,-2.529046186,44.83865606,0,428,OFF,RETRACTED,MANUAL
21:16:36,-1.02538403,44.97367621,0,426,OFF,RETRACTED,MANUAL
21:16:36,0.48872918,44.99402661,0,428,OFF,RETRACTED,MANUAL
21:16:36,1.9978611,44.89965538,0,434,OFF,RETRACTED,MANUAL
21:16:36,3.486630158,44.69080314,0,440,OFF,RETRACTED,MANUAL
21:16:36,4.939862327,44.36800239,0,447,OFF,RETRACTED,MANUAL
21:16:36,6.342745782,43.93207619,0,451,OFF,RETRACTED,MANUAL
21:16:36,7.680981871,43.38413602,0,452,OFF,RETRACTED,MANUAL
21:16:37,8.940930849,42.72557898,0,450,OFF,RETRACTED,MANUAL
21:16:37,10.1097509,41.95808417,0,446,OFF,RETRACTED,MANUAL
21:16:37,11.17552902,41.0836085,0,437,OFF,RETRACTED,MANUAL
21:16:37,12.12740244,40.10438163,0,429,OFF,RETRACTED,MANUAL
21:16:37,12.95566936,39.02290029,0,427,OFF,RETRACTED,MANUAL
21:16:37,13.65188781,37.84192194,0,427,OFF,RETRACTED,MANUAL
21:16:37,14.2089617,36.56445774,0,433,OFF,RETRACTED,MANUAL
21:16:37,14.62121314,35.19376485,0,438,OFF,RETRACTED,MANUAL
21:16:37,14.88444034,33.73333813,0,446,OFF,RETRACTED,MANUAL
21:16:37,14.99596038,32.18690125,0,451,OFF,RETRACTED,MANUAL
21:16:38,14.95463664,30.55839717,0,454,OFF,RETRACTED,MANUAL
21:16:38,14.76089028,28.85197809,0,452,OFF,RETRACTED,MANUAL
21:16:38,14.41669604,27.0719949,0,448,OFF,RETRACTED,MANUAL
21:16:38,13.92556205,25.22298602,0,440,OFF,RETRACTED,MANUAL
21:16:38,13.29249413,23.30966588,0,433,OFF,RETRACTED,MANUAL
21:16:38,12.5239447,21.33691291,0,428,OFF,RETRACTED,MANUAL
21:16:38,11.62774708,19.30975704,0,427,OFF,RETRACTED,MANUAL
21:16:38,10.61303561,17.23336692,0,430,OFF,RETRACTED,MANUAL
21:16:38,9.490152566,15.11303675,0,437,OFF,RETRACTED,MANUAL
21:16:38,8.270542743,12.95417275,0,444,OFF,RETRACTED,MANUAL
21:16:39,6.966636808,10.76227939,0,450,OFF,RETRACTED,MANUAL
21:16:39,5.591724604,8.542945354,0,454,OFF,RETRACTED,MANUAL
21:16:39,4.15981969,6.301829305,0,454,OFF,RETRACTED,MANUAL
21:16:39,2.685516516,4.044645431,0,450,OFF,RETRACTED,MANUAL
21:16:39,1.183841668,1.777148893,0,442,OFF,RETRACTED,MANUAL
21:16:39,-0.329899287,-0.494878857,0,436,OFF,RETRACTED,MANUAL
21:16:39,-1.840277799,-2.76564481,0,428,OFF,RETRACTED,MANUAL
21:16:39,-3.331899589,-5.029359176,0,427,OFF,RETRACTED,MANUAL
21:16:39,-4.789561556,-7.280250144,0,429,OFF,RETRACTED,MANUAL
21:16:39,-6.198406724,-9.5125786,0,436,OFF,RETRACTED,MANUAL
21:16:40,-7.544075678,-11.72065276,0,441,OFF,RETRACTED,MANUAL
21:16:40,-8.812852914,-13.89884267,0,448,OFF,RETRACTED,MANUAL
21:16:40,-9.991806634,-16.0415946,0,452,OFF,RETRACTED,MANUAL
21:16:40,-11.06892055,-18.14344514,0,454,OFF,RETRACTED,MANUAL
21:16:40,-12.03321636,-20.19903519,0,451,OFF,RETRACTED,MANUAL
21:16:40,-12.87486565,-22.2031236,0,446,OFF,RETRACTED,MANUAL
21:16:40,-13.58529004,-24.15060052,0,440,OFF,RETRACTED,MANUAL
21:16:40,-14.15724865,-26.03650047,0,433,OFF,RETRACTED,MANUAL
21:16:40,-14.58491189,-27.85601494,0,428,OFF,RETRACTED,MANUAL
21:16:40,-14.86392089,-29.6045047,0,429,OFF,RETRACTED,MANUAL
21:16:41,-14.99143187,-31.27751162,0,435,OFF,RETRACTED,MANUAL
21:16:41,-14.96614522,-32.87077002,0,440,OFF,RETRACTED,MANUAL
21:16:41,-14.78831866,-34.38021754,0,448,OFF,RETRACTED,MANUAL
21:16:41,-14.45976465,-35.80200555,0,452,OFF,RETRACTED,MANUAL
21:16:41,-13.98383194,-37.1325089,0,456,OFF,RETRACTED,MANUAL
21:16:41,-13.36537137,-38.36833519,0,454,OFF,RETRACTED,MANUAL
21:16:41,-12.61068652,-39.50633343,0,449,OFF,RETRACTED,MANUAL
21:16:41,-11.72746937,-40.54360205,0,441,OFF,RETRACTED,MANUAL
21:16:41,-10.72472197,-41.47749632,0,434,OFF,RETRACTED,MANUAL
21:16:41,-9.612664646,-42.30563508,0,429,OFF,RETRACTED,MANUAL
21:16:42,-8.402631863,-43.02590683,0,428,OFF,RETRACTED,MANUAL
21:16:42,-7.106956672,-43.63647507,0,434,OFF,RETRACTED,MANUAL
21:16:42,-5.738845025,-44.13578304,0,439,OFF,RETRACTED,MANUAL
21:16:42,-4.312241168,-44.52255765,0,446,OFF,RETRACTED,MANUAL
21:16:42,-2.841685521,-44.79581274,0,451,OFF,RETRACTED,MANUAL
21:16:42,-1.342166474,-44.95485158,0,456,OFF,RETRACTED,MANUAL
21:16:42,0.171032378,-44.99926867,0,456,OFF,RETRACTED,MANUAL
21:16:42,1.682488012,-44.92895076,0,451,OFF,RETRACTED,MANUAL
21:16:42,3.176795171,-44.74407715,0,446,OFF,RETRACTED,MANUAL
21:16:42,4.638723381,-44.4451192,0,437,OFF,RETRACTED,MANUAL
21:16:43,6.053372185,-44.03283917,0,430,OFF,RETRACTED,MANUAL
21:16:43,7.406323016,-43.50828826,0,428,OFF,RETRACTED,MANUAL
21:16:43,8.683786148,-42.87280391,0,430,OFF,RETRACTED,MANUAL
21:16:43,9.872741256,-42.12800643,0,437,OFF,RETRACTED,MANUAL
21:16:43,10.96107011,-41.27579483,0,442,OFF,RETRACTED,MANUAL
21:16:43,11.93768012,-40.31834201,0,450,OFF,RETRACTED,MANUAL
21:16:43,12.79261733,-39.25808918,0,454,OFF,RETRACTED,MANUAL
21:16:43,13.51716794,-38.09773969,0,456,OFF,RETRACTED,MANUAL
21:16:43,14.10394711,-36.84025208,0,452,OFF,RETRACTED,MANUAL
21:16:43,14.54697417,-35.48883259,0,447,OFF,RETRACTED,MANUAL
21:16:44,14.84173366,-34.04692693,0,439,OFF,RETRACTED,MANUAL
21:16:44,14.98522128,-32.51821155,0,432,OFF,RETRACTED,MANUAL
21:16:44,14.97597456,-30.90658422,0,428,OFF,RETRACTED,MANUAL
21:16:44,14.81408774,-29.21615412,0,430,OFF,RETRACTED,MANUAL
21:16:44,14.50121084,-27.45123137,0,436,OFF,RETRACTED,MANUAL
21:16:44,14.04053279,-25.61631598,0,441,OFF,RETRACTED,MANUAL
21:16:44,13.43674898,-23.71608647,0,449,OFF,RETRACTED,MANUAL
21:16:44,12.69601338,-21.75538786,0,454,OFF,RETRACTED,MANUAL
21:16:44,11.8258758,-19.73921936,0,456,OFF,RETRACTED,MANUAL
21:16:45,10.83520497,-17.67272162,0,453,OFF,RETRACTED,MANUAL
21:16:45,9.734098153,-15.56116359,0,448,OFF,RETRACTED,MANUAL
21:16:45,8.53377818,-13.40992914,0,440,OFF,RETRACTED,MANUAL
21:16:45,7.246479112,-11.22450329,0,433,OFF,RETRACTED,MANUAL
21:16:45,5.885321529,-9.010458229,0,428,OFF,RETRACTED,MANUAL
21:16:45,4.464178799,-6.77343913,0,429,OFF,RETRACTED,MANUAL
21:16:45,2.99753568,-4.51914974,0,434,OFF,RETRACTED,MANUAL
21:16:45,1.500340685,-2.253337836,0,440,OFF,RETRACTED,MANUAL
21:16:45,-0.012146279,0.018219421,0,447,OFF,RETRACTED,MANUAL
21:16:45,-1.524509445,2.289730223,0,452,OFF,RETRACTED,MANUAL
21:16:46,-3.021334305,4.555402882,0,456,OFF,RETRACTED,MANUAL
21:16:46,-4.487364726,6.809460594,0,456,OFF,RETRACTED,MANUAL
21:16:46,-5.907658438,9.046156169,0,450,OFF,RETRACTED,MANUAL
21:16:46,-7.267739339,11.25978669,0,442,OFF,RETRACTED,MANUAL
21:16:46,-8.553745033,13.44470804,0,436,OFF,RETRACTED,MANUAL
21:16:46,-9.752568125,15.5953493,0,429,OFF,RETRACTED,MANUAL
21:16:46,-10.85198981,17.70622698,0,429,OFF,RETRACTED,MANUAL
21:16:46,-11.84080442,19.77195895,0,433,OFF,RETRACTED,MANUAL
21:16:46,-12.70893363,21.7872782,0,439,OFF,RETRACTED,MANUAL
21:16:46,-13.44752918,23.74704625,0,447,OFF,RETRACTED,MANUAL
21:16:47,-14.04906306,25.64626626,0,452,OFF,RETRACTED,MANUAL
21:16:47,-14.50740423,27.48009578,0,456,OFF,RETRACTED,MANUAL
21:16:47,-14.81788114,29.24385908,0,454,OFF,RETRACTED,MANUAL
21:16:47,-14.97732929,30.93305908,0,450,OFF,RETRACTED,MANUAL
21:16:47,-14.98412354,32.54338881,0,442,OFF,RETRACTED,MANUAL
21:16:47,-14.83819464,34.07074239,0,436,OFF,RETRACTED,MANUAL
21:16:47,-14.54102994,35.51122553,0,429,OFF,RETRACTED,MANUAL
21:16:47,-14.09565825,36.86116541,0,428,OFF,RETRACTED,MANUAL
21:16:47,-13.50661894,38.11712008,0,430,OFF,RETRACTED,MANUAL
21:16:47,-12.7799157,39.27588722,0,438,OFF,RETRACTED,MANUAL
21:16:48,-11.92295532,40.33451231,0,446,OFF,RETRACTED,MANUAL
21:16:48,-10.94447224,41.29029618,0,450,OFF,RETRACTED,MANUAL
21:16:48,-9.854439463,42.14080184,0,454,OFF,RETRACTED,MANUAL
21:16:48,-8.663966979,42.88386076,0,454,OFF,RETRACTED,MANUAL
21:16:48,-7.385188473,43.51757835,0,451,OFF,RETRACTED,MANUAL
21:16:48,-6.031137681,44.04033883,0,445,OFF,RETRACTED,MANUAL
21:16:48,-4.615615535,44.45080929,0,436,OFF,RETRACTED,MANUAL
21:16:48,-3.153049506,44.74794317,0,429,OFF,RETRACTED,MANUAL
21:16:48,-1.658346553,44.93098286,0,428,OFF,RETRACTED,MANUAL
21:16:48,-0.146741182,44.99946166,0,430,OFF,RETRACTED,MANUAL
21:16:49,1.366359823,44.95320497,0,437,OFF,RETRACTED,MANUAL
21:16:49,2.865534436,44.79233073,0,442,OFF,RETRACTED,MANUAL
21:16:49,4.335502574,44.51724912,0,450,OFF,RETRACTED,MANUAL
21:16:49,5.761281833,44.12866152,0,454,OFF,RETRACTED,MANUAL
21:16:49,7.128340199,43.62755872,0,456,OFF,RETRACTED,MANUAL
21:16:49,8.42274416,43.01521838,0,451,OFF,RETRACTED,MANUAL
21:16:49,9.631300723,42.29320179,0,445,OFF,RETRACTED,MANUAL
21:16:49,10.74169188,41.46334989,0,436,OFF,RETRACTED,MANUAL
21:16:49,11.74260015,40.52777854,0,429,OFF,RETRACTED,MANUAL
21:16:49,12.62382396,39.4888732,0,427,OFF,RETRACTED,MANUAL
21:16:50,13.37638156,38.34928275,0,430,OFF,RETRACTED,MANUAL
21:16:50,13.99260266,37.11191283,0,437,OFF,RETRACTED,MANUAL
21:16:50,14.46620652,35.77991836,0,442,OFF,RETRACTED,MANUAL
21:16:50,14.792366,34.35669555,0,449,OFF,RETRACTED,MANUAL
21:16:50,14.96775679,32.8458732,0,454,OFF,RETRACTED,MANUAL
21:16:50,14.99059125,31.25130345,0,456,OFF,RETRACTED,MANUAL
21:16:50,14.86063664,29.57705201,0,451,OFF,RETRACTED,MANUAL
21:16:50,14.57921749,27.82738772,0,447,OFF,RETRACTED,MANUAL
21:16:50,14.14920213,26.00677171,0,438,OFF,RETRACTED,MANUAL
21:16:50,13.57497341,24.11984603,0,430,OFF,RETRACTED,MANUAL
21:16:51,12.86238407,22.17142178,0,428,OFF,RETRACTED,MANUAL
21:16:51,12.01869705,20.16646688,0,430,OFF,RETRACTED,MANUAL
21:16:51,11.05251149,18.11009338,0,437,OFF,RETRACTED,MANUAL
21:16:51,9.973675073,16.00754442,0,446,OFF,RETRACTED,MANUAL
21:16:51,8.793183653,13.8641809,0,451,OFF,RETRACTED,MANUAL
21:16:51,7.523069193,11.68546777,0,457,OFF,RETRACTED,MANUAL
21:16:51,6.176277119,9.476960101,0,460,OFF,RETRACTED,MANUAL
21:16:51,4.766534383,7.244288954,0,457,OFF,RETRACTED,MANUAL
21:16:51,3.30820955,4.993146984,0,450,OFF,RETRACTED,MANUAL
21:16:51,1.816166349,2.729273948,0,441,OFF,RETRACTED,MANUAL
21:16:52,0.305612179,0.45844206,0,436,OFF,RETRACTED,MANUAL
21:16:52,-1.208056891,-1.813558721,0,432,OFF,RETRACTED,MANUAL
21:16:52,-2.709413045,-4.080935458,0,434,OFF,RETRACTED,MANUAL
21:16:52,-4.183153964,-6.337907,0,439,OFF,RETRACTED,MANUAL
21:16:52,-5.614258793,-8.578718729,0,447,OFF,RETRACTED,MANUAL
21:16:52,-6.988141235,-10.79765723,0,452,OFF,RETRACTED,MANUAL
21:16:52,-8.290798228,-12.98906486,0,459,OFF,RETRACTED,MANUAL
21:16:52,-9.508952659,-15.14735416,0,460,OFF,RETRACTED,MANUAL
21:16:52,-10.63018869,-17.26702214,0,457,OFF,RETRACTED,MANUAL
21:16:52,-11.64307833,-19.34266424,0,450,OFF,RETRACTED,MANUAL
21:16:53,-12.53729785,-21.3689882,0,442,OFF,RETRACTED,MANUAL
21:16:53,-13.30373307,-23.34082748,0,436,OFF,RETRACTED,MANUAL
21:16:53,-13.93457225,-25.25315446,0,433,OFF,RETRACTED,MANUAL
21:16:53,-14.42338564,-27.10109328,0,434,OFF,RETRACTED,MANUAL
21:16:53,-14.76519112,-28.87993221,0,440,OFF,RETRACTED,MANUAL
21:16:53,-14.95650487,-30.58513575,0,447,OFF,RETRACTED,MANUAL
21:16:53,-14.99537697,-32.21235612,0,452,OFF,RETRACTED,MANUAL
21:16:53,-14.88141122,-33.75744439,0,459,OFF,RETRACTED,MANUAL
21:16:53,-14.6157692,-35.21646103,0,460,OFF,RETRACTED,MANUAL
21:16:53,-14.20115842,-36.58568597,0,457,OFF,RETRACTED,MANUAL
21:16:54,-13.64180473,-37.8616281,0,450,OFF,RETRACTED,MANUAL
21:16:54,-12.94340925,-39.04103413,0,442,OFF,RETRACTED,MANUAL
21:16:54,-12.11309025,-40.12089691,0,436,OFF,RETRACTED,MANUAL
21:16:54,-11.15931062,-41.09846313,0,433,OFF,RETRACTED,MANUAL
21:16:54,-10.0917916,-41.97124026,0,434,OFF,RETRACTED,MANUAL
21:16:54,-8.921413703,-42.73700298,0,440,OFF,RETRACTED,MANUAL
21:16:54,-7.660105799,-43.39379882,0,447,OFF,RETRACTED,MANUAL
21:16:54,-6.320723559,-43.93995314,0,452,OFF,RETRACTED,MANUAL
21:16:54,-4.916918411,-44.37407341,0,459,OFF,RETRACTED,MANUAL
21:16:55,-3.462998402,-44.69505274,0,460,OFF,RETRACTED,MANUAL
21:16:55,-1.973782366,-44.90207274,0,457,OFF,RETRACTED,MANUAL
21:16:55,-0.464448886,-44.99460556,0,450,OFF,RETRACTED,MANUAL
21:16:55,1.049618411,-44.97241528,0,442,OFF,RETRACTED,MANUAL
21:16:55,2.552987649,-44.83555846,0,434,OFF,RETRACTED,MANUAL
21:16:55,4.030335991,-44.58438406,0,430,OFF,RETRACTED,MANUAL
21:16:55,5.466605814,-44.21953249,0,433,OFF,RETRACTED,MANUAL
21:16:55,6.84715818,-43.74193403,0,438,OFF,RETRACTED,MANUAL
21:16:55,8.157922041,-43.1528064,0,446,OFF,RETRACTED,MANUAL
21:16:55,9.385537659,-42.45365172,0,451,OFF,RETRACTED,MANUAL
21:16:56,10.51749277,-41.64625262,0,457,OFF,RETRACTED,MANUAL
21:16:56,11.54225011,-40.73266773,0,459,OFF,RETRACTED,MANUAL
21:16:56,12.44936501,-39.71522643,0,456,OFF,RETRACTED,MANUAL
21:16:56,13.22959186,-38.59652289,0,449,OFF,RETRACTED,MANUAL
21:16:56,13.87497833,-37.37940949,0,441,OFF,RETRACTED,MANUAL
21:16:56,14.37894642,-36.06698951,0,434,OFF,RETRACTED,MANUAL
21:16:56,14.73635953,-34.66260924,0,430,OFF,RETRACTED,MANUAL
21:16:56,14.94357478,-33.16984943,0,433,OFF,RETRACTED,MANUAL
21:16:56,14.99848016,-31.59251619,0,438,OFF,RETRACTED,MANUAL
21:16:56,14.90051607,-29.93463125,0,446,OFF,RETRACTED,MANUAL
21:16:57,14.65068098,-28.20042175,0,451,OFF,RETRACTED,MANUAL
21:16:57,14.2515213,-26.3943094,0,457,OFF,RETRACTED,MANUAL
21:16:57,13.70710539,-24.52089926,0,459,OFF,RETRACTED,MANUAL
21:16:57,13.02298213,-22.584968,0,456,OFF,RETRACTED,MANUAL
21:16:57,12.20612431,-20.59145166,0,449,OFF,RETRACTED,MANUAL
21:16:57,11.26485764,-18.54543312,0,440,OFF,RETRACTED,MANUAL
21:16:57,10.2087758,-16.45212915,0,434,OFF,RETRACTED,MANUAL
21:16:57,9.048642741,-14.31687705,0,430,OFF,RETRACTED,MANUAL
21:16:57,7.796282916,-12.1451211,0,433,OFF,RETRACTED,MANUAL
21:16:57,6.464460793,-9.942398627,0,438,OFF,RETRACTED,MANUAL
21:16:58,5.066750744,-7.714325944,0,446,OFF,RETRACTED,MANUAL
21:16:58,3.617398694,-5.466583982,0,451,OFF,RETRACTED,MANUAL
21:16:58,2.131176917,-3.204903826,0,457,OFF,RETRACTED,MANUAL
21:16:58,0.623233479,-0.935052102,0,459,OFF,RETRACTED,MANUAL
21:16:58,-0.89106216,1.337183732,0,456,OFF,RETRACTED,MANUAL
21:16:58,-2.396275799,3.606010139,0,449,OFF,RETRACTED,MANUAL
21:16:58,-3.877065801,5.865642272,0,440,OFF,RETRACTED,MANUAL
21:16:58,-5.318339465,8.11031873,0,434,OFF,RETRACTED,MANUAL
21:16:58,-6.705406851,10.33431624,0,430,OFF,RETRACTED,MANUAL
21:16:58,-8.024130509,12.53196427,0,434,OFF,RETRACTED,MANUAL
21:16:59,-9.261069571,14.69765944,0,439,OFF,RETRACTED,MANUAL
21:16:59,-10.40361674,16.82587987,0,447,OFF,RETRACTED,MANUAL
21:16:59,-11.44012681,18.91119922,0,451,OFF,RETRACTED,MANUAL
21:16:59,-12.36003531,20.94830053,0,457,OFF,RETRACTED,MANUAL
21:16:59,-13.15396624,22.9319898,0,459,OFF,RETRACTED,MANUAL
21:16:59,-13.81382759,24.85720918,0,456,OFF,RETRACTED,MANUAL
21:16:59,-14.33289383,26.71904994,0,449,OFF,RETRACTED,MANUAL
21:16:59,-14.70587447,28.51276492,0,441,OFF,RETRACTED,MANUAL
21:16:59,-14.92896797,30.23378067,0,434,OFF,RETRACTED,MANUAL
21:16:59,-14.99990047,31.87770911,0,430,OFF,RETRACTED,MANUAL
21:17:00,-14.91794903,33.44035869,0,433,OFF,RETRACTED,MANUAL
21:17:00,-14.68394891,34.91774513,0,439,OFF,RETRACTED,MANUAL
21:17:00,-14.30028511,36.3061015,0,446,OFF,RETRACTED,MANUAL
21:17:00,-13.77086807,37.60188792,0,452,OFF,RETRACTED,MANUAL
21:17:00,-13.10109379,38.8018005,0,457,OFF,RETRACTED,MANUAL
21:17:00,-12.29778881,39.90277982,0,459,OFF,RETRACTED,MANUAL
21:17:00,-11.3691407,40.9020187,0,456,OFF,RETRACTED,MANUAL
21:17:00,-10.32461454,41.79696937,0,449,OFF,RETRACTED,MANUAL
21:17:00,-9.174856492,42.58534997,0,441,OFF,RETRACTED,MANUAL
21:17:00,-7.931585265,43.26515036,0,434,OFF,RETRACTED,MANUAL
21:17:01,-6.607472694,43.83463725,0,430,OFF,RETRACTED,MANUAL
21:17:01,-5.216014572,44.29235861,0,434,OFF,RETRACTED,MANUAL
21:17:01,-3.771393102,44.63714738,0,439,OFF,RETRACTED,MANUAL
21:17:01,-2.288332344,44.86812447,0,447,OFF,RETRACTED,MANUAL
21:17:01,-0.781948144,44.98470093,0,452,OFF,RETRACTED,MANUAL
21:17:01,0.73240593,44.98657954,0,457,OFF,RETRACTED,MANUAL
21:17:01,2.239295079,44.8737555,0,459,OFF,RETRACTED,AUTO
21:17:01,3.723360592,44.64651648,0,456,OFF,RETRACTED,AUTO
21:17:01,5.16947638,44.30544189,0,449,OFF,RETRACTED,AUTO
21:17:01,6.562903153,43.85140135,0,441,OFF,RETRACTED,AUTO
21:17:02,7.889438643,43.28555254,0,434,OFF,RETRACTED,AUTO
21:17:02,9.13556236,42.60933821,0,430,OFF,RETRACTED,AUTO
21:17:02,10.2885734,41.8244825,0,434,OFF,RETRACTED,AUTO
21:17:02,11.33671989,40.93298657,0,439,OFF,RETRACTED,AUTO
21:17:02,12.26931878,39.93712348,0,446,OFF,RETRACTED,AUTO
21:17:02,13.07686471,38.83943238,0,452,OFF,RETRACTED,AUTO
21:17:02,13.7511269,37.64271207,0,458,OFF,RETRACTED,AUTO
21:17:02,14.28523304,36.35001383,0,459,OFF,RETRACTED,AUTO
21:17:02,14.67373937,34.96463367,0,456,OFF,RETRACTED,AUTO
21:17:02,14.91268608,33.4901039,0,450,OFF,RETRACTED,AUTO
21:17:03,14.99963775,31.93018414,0,440,OFF,RETRACTED,AUTO
21:17:03,14.93370815,30.28885173,0,434,OFF,RETRACTED,AUTO
21:17:03,14.71556924,28.57029159,0,430,OFF,RETRACTED,AUTO
21:17:03,14.34744438,26.77888556,0,434,OFF,RETRACTED,AUTO
21:17:03,13.83308562,24.91920118,0,439,OFF,RETRACTED,AUTO
21:17:03,13.17773546,22.99598011,0,446,OFF,RETRACTED,AUTO
21:17:03,12.38807346,21.014126,0,452,OFF,RETRACTED,AUTO
21:17:03,11.47214811,18.97869201,0,458,OFF,RETRACTED,AUTO
21:17:03,10.43929483,16.8948679,0,460,OFF,RETRACTED,AUTO
21:17:03,9.300040795,14.7679668,0,456,OFF,RETRACTED,AUTO
21:17:04,8.065997665,12.6034117,0,449,OFF,RETRACTED,AUTO
21:17:04,6.749743214,10.40672158,0,441,OFF,RETRACTED,AUTO
21:17:04,5.364693145,8.183497362,0,434,OFF,RETRACTED,AUTO
21:17:04,3.924964347,5.939407611,0,430,OFF,RETRACTED,AUTO
21:17:04,2.445231012,3.680174104,0,433,OFF,RETRACTED,AUTO
21:17:04,0.940575072,1.411557228,0,439,OFF,RETRACTED,AUTO
21:17:04,-0.57366752,-0.860658707,0,447,OFF,RETRACTED,AUTO
21:17:04,-2.082063103,-3.130680214,0,452,OFF,RETRACTED,AUTO
21:17:04,-3.56923761,-5.3927194,0,458,OFF,RETRACTED,AUTO
21:17:05,-5.020033264,-7.641008726,0,464,ON,RETRACTED,AUTO
21:17:05,-6.419663076,-9.86981571,0,461,ON,RETRACTED,AUTO
21:17:05,-7.753861556,-12.07345755,0,456,ON,RETRACTED,AUTO
21:17:05,-9.00903011,-14.24631559,0,448,ON,RETRACTED,AUTO
21:17:05,-10.17237565,-16.38284969,0,440,ON,RETRACTED,AUTO
21:17:05,-11.23204096,-18.4776123,0,438,ON,RETRACTED,AUTO
21:17:05,-12.17722559,-20.5252624,0,440,ON,RETRACTED,AUTO
21:17:05,-12.9982959,-22.52057907,0,446,ON,RETRACTED,AUTO
21:17:05,-13.68688328,-24.45847483,0,451,ON,RETRACTED,AUTO
21:17:05,-14.23596941,-26.33400863,0,459,ON,RETRACTED,AUTO
21:17:06,-14.63995782,-28.14239839,0,464,ON,RETRACTED,AUTO
21:17:06,-14.89473093,-29.87903326,0,465,ON,RETRACTED,AUTO
21:17:06,-14.99769202,-31.53948531,0,461,ON,RETRACTED,AUTO
21:17:06,-14.94779165,-33.11952088,0,456,ON,RETRACTED,AUTO
21:17:06,-14.74553844,-34.61511134,0,448,ON,RETRACTED,AUTO
21:17:06,-14.39299382,-36.02244337,0,441,ON,RETRACTED,AUTO
21:17:06,-13.89375104,-37.33792869,0,440,ON,RETRACTED,AUTO
21:17:06,-13.25289855,-38.55821319,0,442,ON,RETRACTED,AUTO
21:17:06,-12.47696813,-39.6801855,0,448,ON,RETRACTED,AUTO
21:17:06,-11.57386831,-40.70098493,0,454,ON,RETRACTED,AUTO
21:17:07,-10.55280379,-41.61800872,0,461,ON,RETRACTED,AUTO
21:17:07,-9.424181602,-42.42891874,0,465,ON,RETRACTED,AUTO
21:17:07,-8.199505033,-43.13164741,0,466,ON,RETRACTED,AUTO
21:17:07,-6.891256392,-43.72440297,0,464,ON,RETRACTED,AUTO
21:17:07,-5.512769783,-44.20567406,0,457,ON,RETRACTED,AUTO
21:17:07,-4.078095199,-44.57423359,0,449,ON,RETRACTED,AUTO
21:17:07,-2.601855317,-44.82914184,0,441,ON,RETRACTED,AUTO
21:17:07,-1.099096464,-44.96974886,0,440,ON,RETRACTED,AUTO
21:17:07,0.414864744,-44.99569615,0,441,ON,RETRACTED,AUTO
21:17:07,1.924597513,-44.90691755,0,448,ON,RETRACTED,AUTO
21:17:08,3.414714147,-44.70363943,0,454,ON,RETRACTED,AUTO
21:17:08,4.870026883,-44.38638007,0,461,ON,RETRACTED,AUTO
21:17:08,6.275702692,-43.9559484,0,465,ON,RETRACTED,AUTO
21:17:08,7.61741446,-43.41344189,0,466,ON,RETRACTED,AUTO
21:17:08,8.881487017,-42.76024379,0,463,ON,RETRACTED,AUTO
21:17:08,10.05503652,-41.99801954,0,457,ON,RETRACTED,AUTO
21:17:08,11.12610175,-41.1287126,0,448,ON,RETRACTED,AUTO
21:17:08,12.08376607,-40.15453946,0,441,ON,RETRACTED,AUTO
21:17:08,12.91826865,-39.07798396,0,440,ON,RETRACTED,AUTO
21:17:08,13.62110395,-37.90179101,0,442,ON,RETRACTED,AUTO
21:17:09,14.18510845,-36.62895956,0,447,ON,RETRACTED,AUTO
21:17:09,14.60453362,-35.26273495,0,457,ON,RETRACTED,AUTO
21:17:09,14.87510455,-33.80660067,0,464,ON,RETRACTED,AUTO
21:17:09,14.99406349,-32.26426942,0,468,ON,RETRACTED,AUTO
21:17:09,14.96019797,-30.6396737,0,469,ON,RETRACTED,AUTO
21:17:09,14.77385315,-28.93695576,0,465,ON,RETRACTED,AUTO
21:17:09,14.43692833,-27.16045704,0,459,ON,RETRACTED,AUTO
21:17:09,13.95285755,-25.31470707,0,450,ON,RETRACTED,AUTO
21:17:09,13.32657462,-23.40441199,0,445,ON,RETRACTED,AUTO
21:17:09,12.56446283,-21.4344425,0,442,ON,RETRACTED,AUTO
21:17:10,11.67428988,-19.40982143,0,446,ON,RETRACTED,AUTO
21:17:10,10.66512869,-17.33571099,0,451,ON,RETRACTED,AUTO
21:17:10,9.547264986,-15.21739954,0,459,ON,RETRACTED,AUTO
21:17:10,8.33209239,-13.06028817,0,465,ON,RETRACTED,AUTO
21:17:10,7.031996348,-10.86987687,0,469,ON,RETRACTED,AUTO
21:17:10,5.66022787,-8.651750565,0,469,ON,RETRACTED,AUTO
21:17:10,4.230768475,-6.411564819,0,465,ON,RETRACTED,AUTO
21:17:10,2.758187685,-4.155031454,0,459,ON,RETRACTED,AUTO
21:17:10,1.257494534,-1.887903973,0,450,ON,RETRACTED,AUTO
21:17:10,-0.256015418,0.384037113,0,446,ON,RETRACTED,AUTO
21:17:11,-1.766915977,2.654999016,0,445,ON,RETRACTED,AUTO
21:17:11,-3.259807542,4.919191447,0,449,ON,RETRACTED,AUTO
21:17:11,-4.71947407,7.170841376,0,454,ON,RETRACTED,AUTO
21:17:11,-6.131038154,9.404207752,0,461,ON,RETRACTED,AUTO
21:17:11,-7.480112666,11.61359614,0,468,ON,RETRACTED,AUTO
21:17:11,-8.752947393,13.79337326,0,470,ON,RETRACTED,AUTO
21:17:11,-9.93656918,15.93798129,0,470,ON,RETRACTED,AUTO
21:17:11,-11.01891416,18.04195213,0,466,ON,RETRACTED,AUTO
21:17:11,-11.98895072,20.09992126,0,459,ON,RETRACTED,AUTO
21:17:11,-12.83679192,22.10664146,0,450,ON,RETRACTED,AUTO
21:17:12,-13.55379629,24.05699617,0,446,ON,RETRACTED,AUTO
21:17:12,-14.13265588,25.94601257,0,445,ON,RETRACTED,AUTO
21:17:12,-14.56747075,27.76887421,0,448,ON,RETRACTED,AUTO
21:17:12,-14.85380914,29.52093332,0,454,ON,RETRACTED,AUTO
21:17:12,-14.98875259,31.19772268,0,461,ON,RETRACTED,AUTO
21:17:12,-14.9709257,32.79496695,0,466,ON,RETRACTED,AUTO
21:17:12,-14.80051018,34.30859362,0,469,ON,RETRACTED,AUTO
21:17:12,-14.47924296,35.7347434,0,468,ON,RETRACTED,AUTO
21:17:12,-14.01039849,37.06978002,0,462,ON,RETRACTED,AUTO
21:17:12,-13.39875541,38.31029952,0,454,ON,RETRACTED,AUTO
21:17:13,-12.65054777,39.45313894,0,448,ON,RETRACTED,AUTO
21:17:13,-11.77340156,40.49538437,0,442,ON,RETRACTED,AUTO
21:17:13,-10.77625694,41.4343784,0,442,ON,RETRACTED,AUTO
21:17:13,-9.669277135,42.26772686,0,449,ON,RETRACTED,AUTO
21:17:13,-8.463744859,42.99330495,0,454,ON,RETRACTED,AUTO
21:17:13,-7.171947291,43.60926267,0,461,ON,RETRACTED,AUTO
21:17:13,-5.807050861,44.11402949,0,466,ON,RETRACTED,AUTO
21:17:13,-4.382967045,44.50631842,0,469,ON,RETRACTED,AUTO
21:17:13,-2.914210576,44.78512923,0,466,ON,RETRACTED,AUTO
21:17:14,-1.415751509,44.94975104,0,461,ON,RETRACTED,AUTO
21:17:14,0.097137367,44.99976411,0,453,ON,RETRACTED,AUTO
21:17:14,1.609036187,44.93504091,0,447,ON,RETRACTED,AUTO
21:17:14,3.104535177,44.75574647,0,442,ON,RETRACTED,AUTO
21:17:14,4.568391716,44.46233795,0,446,ON,RETRACTED,AUTO
21:17:14,5.985685693,44.05556345,0,449,ON,RETRACTED,AUTO
21:17:14,7.341971579,43.53646012,0,456,ON,RETRACTED,AUTO
21:17:14,8.623425659,42.90635153,0,463,ON,RETRACTED,AUTO
21:17:14,9.816986928,42.16684426,0,468,ON,RETRACTED,AUTO
21:17:14,10.91049021,41.31982386,0,469,ON,RETRACTED,AUTO
21:17:15,11.89279017,40.36744997,0,466,ON,RETRACTED,AUTO
21:17:15,12.75387487,39.31215086,0,460,ON,RETRACTED,AUTO
21:17:15,13.48496785,38.15661724,0,451,ON,RETRACTED,AUTO
21:17:15,14.07861757,36.9037954,0,446,ON,RETRACTED,AUTO
21:17:15,14.52877336,35.55687964,0,442,ON,RETRACTED,AUTO
21:17:15,14.83084708,34.11930422,0,446,ON,RETRACTED,AUTO
21:17:15,14.98175989,32.59473454,0,450,ON,RETRACTED,AUTO
21:17:15,14.97997364,30.9870578,0,457,ON,RETRACTED,AUTO
21:17:15,14.82550654,29.30037311,0,464,ON,RETRACTED,AUTO
21:17:15,14.51993297,27.53898102,0,468,ON,RETRACTED,AUTO
21:17:16,14.06636743,25.70737257,0,469,ON,RETRACTED,AUTO
21:17:16,13.46943281,23.81021783,0,465,ON,RETRACTED,AUTO
21:17:16,12.73521327,21.85235398,0,459,ON,RETRACTED,AUTO
21:17:16,11.87119222,19.83877301,0,450,ON,RETRACTED,AUTO
21:17:16,10.88617605,17.77460895,0,446,ON,RETRACTED,AUTO
21:17:16,9.79020436,15.66512484,0,442,ON,RETRACTED,AUTO
21:17:16,8.594447668,13.51569922,0,447,ON,RETRACTED,AUTO
21:17:16,7.311093518,11.33181253,0,451,ON,RETRACTED,AUTO
21:17:16,5.953222281,9.119033013,0,459,ON,RETRACTED,AUTO
21:17:16,4.534673831,6.883002628,0,465,ON,RETRACTED,AUTO
21:17:17,3.069906483,4.629422596,0,469,ON,RETRACTED,AUTO
21:17:17,1.573849632,2.364038888,0,469,ON,RETRACTED,AUTO
21:17:17,0.061751583,0.092627571,0,466,ON,RETRACTED,AUTO
21:17:17,-1.450975858,-2.179019919,0,460,ON,RETRACTED,AUTO
21:17:17,-2.948914472,-4.445111545,0,451,ON,RETRACTED,AUTO
21:17:17,-4.416796773,-6.699869434,0,447,ON,RETRACTED,AUTO
21:17:17,-5.839661619,-8.937544612,0,446,ON,RETRACTED,AUTO
21:17:17,-7.203006699,-11.15243166,0,449,ON,RETRACTED,AUTO
21:17:17,-8.492936349,-13.33888326,0,456,ON,RETRACTED,AUTO
21:17:17,-9.696303178,-15.49132461,0,461,ON,RETRACTED,AUTO
21:17:18,-10.80084207,-17.6042676,0,466,ON,RETRACTED,AUTO
21:17:18,-11.79529521,-19.67232484,0,466,ON,RETRACTED,AUTO
21:17:18,-12.66952679,-21.69022341,0,465,ON,RETRACTED,AUTO
21:17:18,-13.41462635,-23.65281823,0,460,ON,RETRACTED,AUTO
21:17:18,-14.0229996,-25.55510527,0,452,ON,RETRACTED,AUTO
21:17:18,-14.4884458,-27.39223426,0,446,ON,RETRACTED,AUTO
21:17:18,-14.80622095,-29.15952104,0,440,ON,RETRACTED,AUTO
21:17:18,-14.9730862,-30.85245956,0,440,ON,RETRACTED,AUTO
21:17:18,-14.98734079,-32.46673331,0,447,ON,RETRACTED,AUTO
21:17:18,-14.84883944,-33.99822637,0,451,ON,RETRACTED,AUTO
21:17:19,-14.5589938,-35.44303388,0,459,ON,RETRACTED,AUTO
21:17:19,-14.12075807,-36.797472,0,465,ON,RETRACTED,AUTO
21:17:19,-13.5385989,-38.05808731,0,466,ON,RETRACTED,AUTO
21:17:19,-12.81844984,-39.22166561,0,464,ON,RETRACTED,AUTO
21:17:19,-11.9676509,-40.28524011,0,459,ON,RETRACTED,AUTO
21:17:19,-10.99487369,-41.246099,0,450,ON,RETRACTED,AUTO
21:17:19,-9.910033092,-42.10179239,0,442,ON,RETRACTED,AUTO
21:17:19,-8.724186152,-42.8501385,0,434,OFF,RETRACTED,AUTO
21:17:19,-7.449419417,-43.48922926,0,436,OFF,RETRACTED,AUTO
21:17:19,-6.098725731,-44.01743519,0,440,OFF,RETRACTED,AUTO
21:17:20,-4.685871813,-44.4334095,0,448,OFF,RETRACTED,AUTO
21:17:20,-3.225257937,-44.73609159,0,454,OFF,RETRACTED,AUTO
21:17:20,-1.731771164,-44.92470971,0,460,OFF,RETRACTED,AUTO
21:17:20,-0.220633605,-44.99878294,0,461,OFF,RETRACTED,AUTO
21:17:20,1.292752724,-44.9581224,0,459,OFF,RETRACTED,AUTO
21:17:20,2.79296289,-44.80283178,0,450,OFF,RETRACTED,AUTO
21:17:20,4.264706252,-44.53330702,0,442,OFF,RETRACTED,AUTO
21:17:20,5.692982316,-44.15023532,0,437,OFF,RETRACTED,AUTO
21:17:20,7.063233618,-43.65459341,0,434,OFF,RETRACTED,AUTO
21:17:20,8.361494103,-43.04764504,0,436,OFF,RETRACTED,AUTO
21:17:21,9.574531471,-42.33093773,0,441,OFF,RETRACTED,AUTO
21:17:21,10.68998204,-41.5062989,0,449,OFF,RETRACTED,AUTO
21:17:21,11.69647678,-40.57583111,0,456,OFF,RETRACTED,AUTO
21:17:21,12.58375714,-39.54190681,0,460,OFF,RETRACTED,AUTO
21:17:21,13.34277969,-38.40716218,0,461,OFF,RETRACTED,AUTO
21:17:21,13.96580821,-37.17449051,0,457,OFF,RETRACTED,AUTO
21:17:21,14.44649258,-35.84703473,0,449,OFF,RETRACTED,AUTO
21:17:21,14.77993351,-34.42817949,0,441,OFF,RETRACTED,AUTO
21:17:21,14.96273247,-32.92154243,0,436,OFF,RETRACTED,AUTO
21:17:21,14.9930263,-31.33096505,0,434,OFF,RETRACTED,AUTO
21:17:22,14.87050624,-29.66050286,0,437,OFF,RETRACTED,AUTO
21:17:22,14.59642106,-27.91441505,0,442,OFF,RETRACTED,AUTO
21:17:22,14.17356431,-26.09715363,0,456,ON,RETRACTED,AUTO
21:17:22,13.60624591,-24.21335208,0,462,ON,RETRACTED,AUTO
21:17:22,12.90024814,-22.26781355,0,466,ON,RETRACTED,AUTO
21:17:22,12.06276676,-20.2654986,0,466,ON,RETRACTED,AUTO
21:17:22,11.10233768,-18.21151255,0,461,ON,RETRACTED,AUTO
21:17:22,10.02874989,-16.11109245,0,454,ON,RETRACTED,AUTO
21:17:22,8.852945754,-13.96959378,0,447,ON,RETRACTED,AUTO
21:17:22,7.586909466,-11.79247671,0,440,ON,RETRACTED,AUTO
21:17:23,6.243544884,-9.585292276,0,440,ON,RETRACTED,AUTO
21:17:23,4.836544024,-7.353668143,0,446,ON,RETRACTED,AUTO
21:17:23,3.380247506,-5.103294302,0,450,ON,RETRACTED,AUTO
21:17:23,1.889498385,-2.839908551,0,458,ON,RETRACTED,AUTO
21:17:23,0.379490871,-0.569281862,0,464,ON,RETRACTED,AUTO
21:17:23,-1.13438454,1.702796329,0,466,ON,RETRACTED,AUTO
21:17:23,-2.636697928,3.970532887,0,465,ON,RETRACTED,AUTO
21:17:23,-4.112137217,6.228145745,0,460,ON,RETRACTED,AUTO
21:17:23,-5.545664241,8.469878649,0,448,OFF,RETRACTED,AUTO
21:17:23,-6.922668019,10.69001584,0,439,OFF,RETRACTED,AUTO
21:17:24,-8.229113671,12.8828966,0,434,OFF,RETRACTED,AUTO
21:17:24,-9.451685471,15.04292975,0,435,OFF,RETRACTED,AUTO
21:17:24,-10.57792256,17.16460781,0,439,OFF,RETRACTED,AUTO
21:17:24,-11.59634596,19.24252113,0,447,OFF,RETRACTED,AUTO
21:17:24,-12.49657556,21.27137164,0,452,OFF,RETRACTED,AUTO
21:17:24,-13.26943592,23.24598637,0,459,OFF,RETRACTED,AUTO
21:17:24,-13.9070498,25.16133061,0,461,OFF,RETRACTED,AUTO
21:17:24,-14.40291842,27.01252081,0,460,OFF,RETRACTED,AUTO
21:17:24,-14.75198772,28.79483697,0,452,OFF,RETRACTED,AUTO
21:17:25,-14.95069988,30.50373469,0,446,OFF,RETRACTED,AUTO
21:17:25,-14.99702955,32.1348568,0,438,OFF,RETRACTED,AUTO
21:17:25,-14.89050453,33.68404441,0,434,OFF,RETRACTED,AUTO
21:17:25,-14.63221055,35.14734754,0,436,OFF,RETRACTED,AUTO
21:17:25,-14.22478024,36.52103519,0,440,OFF,RETRACTED,AUTO
21:17:25,-13.67236626,37.80160486,0,448,OFF,RETRACTED,AUTO
21:17:25,-12.98059899,38.98579148,0,454,OFF,RETRACTED,AUTO
21:17:25,-12.15652915,40.0705757,0,460,OFF,RETRACTED,AUTO
21:17:25,-11.20855594,41.05319166,0,461,OFF,RETRACTED,AUTO
21:17:25,-10.14634142,41.93113397,0,459,OFF,RETRACTED,AUTO
21:17:26,-8.980712026,42.70216412,0,451,OFF,RETRACTED,AUTO
21:17:26,-7.72354824,43.36431622,0,442,OFF,RETRACTED,AUTO
21:17:26,-6.387663491,43.91590198,0,437,OFF,RETRACTED,AUTO
21:17:26,-4.98667356,44.35551501,0,434,OFF,RETRACTED,AUTO
21:17:26,-3.5348578,44.68203442,0,437,OFF,RETRACTED,AUTO
21:17:26,-2.047013599,44.89462769,0,441,OFF,RETRACTED,AUTO
21:17:26,-0.538305557,44.99275276,0,449,OFF,RETRACTED,AUTO
21:17:26,0.975889074,44.97615945,0,456,OFF,RETRACTED,AUTO
21:17:26,2.48013712,44.84489006,0,460,OFF,RETRACTED,AUTO
21:17:26,3.959106786,44.5992793,0,461,OFF,RETRACTED,AUTO
21:17:27,5.397723925,44.23995339,0,457,OFF,RETRACTED,AUTO
21:17:27,6.781325674,43.76782852,0,450,OFF,RETRACTED,AUTO
21:17:27,8.095809905,43.18410846,0,441,OFF,RETRACTED,AUTO
21:17:27,9.32777896,42.49028153,0,436,OFF,RETRACTED,AUTO
21:17:27,10.4646762,41.68811679,0,434,OFF,RETRACTED,AUTO
21:17:27,11.494914,40.77965952,0,437,OFF,RETRACTED,AUTO
21:17:27,12.40799182,39.76722603,0,442,OFF,RETRACTED,AUTO
21:17:27,13.19460328,38.65339771,0,450,OFF,RETRACTED,AUTO
21:17:27,13.84673098,37.44101452,0,457,OFF,RETRACTED,AUTO
21:17:27,14.3577282,36.13316767,0,461,OFF,RETRACTED,AUTO
21:17:28,14.72238671,34.73319179,0,460,OFF,RETRACTED,AUTO
21:17:28,14.93698977,33.24465642,0,456,OFF,RETRACTED,AUTO
21:17:28,14.99935008,31.67135687,0,448,OFF,RETRACTED,AUTO
21:17:28,14.90883205,30.01730461,0,440,OFF,RETRACTED,AUTO
21:17:28,14.66635827,28.28671699,0,435,OFF,RETRACTED,AUTO
21:17:28,14.2744001,26.48400649,0,433,OFF,RETRACTED,AUTO
21:17:28,13.73695252,24.61376951,0,429,OFF,RETRACTED,AUTO
21:17:28,13.05949337,22.68077461,0,440,OFF,RETRACTED,AUTO
21:17:28,12.24892753,20.68995035,0,451,OFF,RETRACTED,AUTO
21:17:28,11.31351657,18.64637275,0,459,OFF,RETRACTED,AUTO
21:17:29,10.2627945,16.55525235,0,463,OFF,RETRACTED,AUTO
21:17:29,9.107470634,14.42192089,0,462,OFF,RETRACTED,AUTO
21:17:29,7.859320406,12.25181774,0,457,OFF,RETRACTED,AUTO
21:17:29,6.531065381,10.05047604,0,448,OFF,RETRACTED,AUTO
21:17:29,5.136243574,7.823508551,0,440,OFF,RETRACTED,AUTO
21:17:29,3.689071472,5.576593402,0,436,OFF,RETRACTED,AUTO
21:17:29,2.204299131,3.315459567,0,437,OFF,RETRACTED,AUTO
21:17:29,0.697059843,1.045872278,0,440,OFF,RETRACTED,AUTO
21:17:29,-0.81728411,-1.226381679,0,447,OFF,RETRACTED,AUTO
21:17:29,-2.323298032,-3.495508722,0,454,OFF,RETRACTED,AUTO
21:17:30,-3.805632131,-5.755723238,0,460,OFF,RETRACTED,AUTO
21:17:30,-5.249177967,-8.001262339,0,462,OFF,RETRACTED,AUTO
21:17:30,-6.639222442,-10.22640056,0,461,OFF,RETRACTED,AUTO
21:17:30,-7.961597763,-12.42546444,0,454,OFF,RETRACTED,AUTO
21:17:30,-9.202825843,-14.59284702,0,447,OFF,RETRACTED,AUTO
21:17:30,-10.35025567,-16.72302209,0,439,OFF,RETRACTED,AUTO
21:17:30,-11.39219227,-18.81055834,0,436,OFF,RETRACTED,AUTO
21:17:30,-12.31801587,-20.85013316,0,437,OFF,RETRACTED,AUTO
21:17:30,-13.11829017,-22.83654623,0,441,OFF,RETRACTED,AUTO
21:17:30,-13.78485851,-24.76473277,0,448,OFF,RETRACTED,AUTO
21:17:31,-14.31092701,-26.62977647,0,456,OFF,RETRACTED,AUTO
21:17:31,-14.69113379,-28.42692202,0,461,OFF,RETRACTED,AUTO
21:17:31,-14.92160368,-30.15158721,0,462,OFF,RETRACTED,AUTO
21:17:31,-14.99998764,-31.79937466,0,460,OFF,RETRACTED,AUTO
21:17:31,-14.92548676,-33.36608299,0,452,OFF,RETRACTED,AUTO
21:17:31,-14.69886037,-34.84771754,0,446,OFF,RETRACTED,AUTO
21:17:31,-14.32241833,-36.24050059,0,437,OFF,RETRACTED,AUTO
21:17:31,-13.79999745,-37.54088094,0,434,OFF,RETRACTED,AUTO
21:17:31,-13.13692243,-38.74554301,0,437,OFF,RETRACTED,AUTO
21:17:31,-12.33995155,-39.85141525,0,442,OFF,RETRACTED,AUTO
21:17:32,-11.41720779,-40.85567802,0,449,OFF,RETRACTED,AUTO
21:17:32,-10.37809607,-41.75577073,0,457,OFF,RETRACTED,AUTO
21:17:32,-9.233207353,-42.54939842,0,461,OFF,RETRACTED,AUTO
21:17:32,-7.994210731,-43.23453757,0,462,OFF,RETRACTED,AUTO
21:17:32,-6.673734464,-43.80944127,0,459,OFF,RETRACTED,AUTO
21:17:32,-5.285237286,-44.27264368,0,452,OFF,RETRACTED,AUTO
21:17:32,-3.842871218,-44.62296377,0,442,OFF,RETRACTED,AUTO
21:17:32,-2.361337333,-44.85950834,0,437,OFF,RETRACTED,AUTO
21:17:32,-0.855735917,-44.98167425,0,436,OFF,RETRACTED,AUTO
21:17:33,0.658587444,-44.98915003,0,438,OFF,RETRACTED,AUTO
21:17:33,2.166198263,-44.8819166,0,446,OFF,RETRACTED,AUTO
21:17:33,3.651730472,-44.6602474,0,451,OFF,RETRACTED,AUTO
21:17:33,5.100043034,-44.3247076,0,458,OFF,RETRACTED,AUTO
21:17:33,6.496374268,-43.87615273,0,461,OFF,RETRACTED,AUTO
21:17:33,7.826492304,-43.31572648,0,462,OFF,RETRACTED,AUTO
21:17:33,9.076840138,-42.64485778,0,459,OFF,RETRACTED,AUTO
21:17:33,10.23467381,-41.86525714,0,450,OFF,RETRACTED,AUTO
21:17:33,11.2881923,-40.97891232,0,442,OFF,RETRACTED,AUTO
21:17:33,12.22665779,-39.98808323,0,437,OFF,RETRACTED,AUTO
21:17:33,13.04050513,-38.89529621,0,436,OFF,RETRACTED,AUTO
21:17:34,13.72143933,-37.70333753,0,439,OFF,RETRACTED,AUTO
21:17:34,14.26252007,-36.41524635,0,447,OFF,RETRACTED,AUTO
21:17:34,14.65823249,-35.03430692,0,452,OFF,RETRACTED,AUTO
21:17:34,14.90454334,-33.56404024,0,460,OFF,RETRACTED,AUTO
21:17:34,14.99894215,-32.00819505,0,462,OFF,RETRACTED,AUTO
21:17:34,14.94046677,-30.37073832,0,462,OFF,RETRACTED,AUTO
21:17:34,14.72971321,-28.65584506,0,458,OFF,RETRACTED,AUTO
21:17:34,14.36882953,-26.86788777,0,450,OFF,RETRACTED,AUTO
21:17:34,13.86149398,-25.0114252,0,441,OFF,RETRACTED,AUTO
21:17:35,13.21287749,-23.0911908,0,437,OFF,RETRACTED,AUTO
21:17:35,12.42959098,-21.11208061,0,437,OFF,RETRACTED,AUTO
21:17:35,11.51961796,-19.07914077,0,440,OFF,RETRACTED,AUTO
21:17:35,10.49223318,-16.9975547,0,447,OFF,RETRACTED,AUTO
21:17:35,9.357908077,-14.87262982,0,453,OFF,RETRACTED,AUTO
21:17:35,8.128204079,-12.70978408,0,460,OFF,RETRACTED,AUTO
21:17:35,6.815654733,-10.5145321,0,462,OFF,RETRACTED,AUTO
21:17:35,5.433637976,-8.292471137,0,462,OFF,RETRACTED,AUTO
21:17:35,3.996239781,-6.049266789,0,457,OFF,RETRACTED,AUTO
21:17:35,2.518110586,-3.790638577,0,449,OFF,RETRACTED,AUTO
21:17:36,1.014315974,-1.522345344,0,441,OFF,RETRACTED,AUTO
21:17:36,-0.499816882,0.749829426,0,437,OFF,RETRACTED,AUTO
21:17:36,-2.008855439,3.020092349,0,437,OFF,RETRACTED,AUTO
21:17:36,-3.497419076,5.282654919,0,440,OFF,RETRACTED,AUTO
21:17:36,-4.950335859,7.531748261,0,447,OFF,RETRACTED,AUTO
21:17:36,-6.35279718,9.761637844,0,454,OFF,RETRACTED,AUTO
21:17:36,-7.690508687,11.9666381,0,460,OFF,RETRACTED,AUTO
21:17:36,-8.949835982,14.14112692,0,462,OFF,RETRACTED,AUTO
21:17:36,-10.11794358,16.27956,0,461,OFF,RETRACTED,AUTO
21:17:36,-11.18292575,18.37648495,0,456,OFF,RETRACTED,AUTO
21:17:37,-12.13392784,20.42655523,0,448,OFF,DEPLOYED,MANUAL
21:17:37,-12.96125691,22.42454376,0,440,OFF,DEPLOYED,MANUAL
21:17:37,-13.65648056,24.36535624,0,436,OFF,DEPLOYED,MANUAL
21:17:37,-14.21251284,26.24404419,0,437,OFF,DEPLOYED,MANUAL
21:17:37,-14.62368648,28.05581748,0,440,OFF,DEPLOYED,MANUAL
21:17:37,-14.88581066,29.79605662,0,447,OFF,DEPLOYED,MANUAL
21:17:37,-14.99621373,31.46032452,0,453,OFF,DEPLOYED,MANUAL
21:17:37,-14.95377042,33.04437778,0,460,OFF,DEPLOYED,MANUAL
21:17:37,-14.75891333,34.54417752,0,462,OFF,DEPLOYED,MANUAL
21:17:37,-14.4136285,35.95589969,0,461,OFF,DEPLOYED,MANUAL
21:17:38,-13.9214352,37.27594482,0,456,OFF,DEPLOYED,MANUAL
21:17:38,-13.28735002,38.50094717,0,447,OFF,DEPLOYED,MANUAL
21:17:38,-12.51783577,39.62778334,0,440,OFF,DEPLOYED,MANUAL
21:17:38,-11.62073559,40.65358023,0,436,OFF,DEPLOYED,MANUAL
21:17:38,-10.60519302,41.57572237,0,437,OFF,DEPLOYED,MANUAL
21:17:38,-9.481558813,42.39185855,0,440,OFF,DEPLOYED,MANUAL
21:17:38,-8.261285416,43.09990786,0,448,OFF,DEPLOYED,MANUAL
21:17:38,-6.956810263,43.69806499,0,456,OFF,DEPLOYED,MANUAL
21:17:38,-5.581428994,44.18480481,0,461,OFF,DEPLOYED,MANUAL
21:17:38,-4.149159953,44.55888628,0,463,OFF,DEPLOYED,MANUAL
21:17:39,-2.674601299,44.8193556,0,461,OFF,DEPLOYED,MANUAL
21:17:39,-1.172782222,44.96554865,0,457,OFF,DEPLOYED,AUTO
21:17:39,0.340990239,44.99709267,0,448,OFF,DEPLOYED,AUTO
21:17:39,1.851287215,44.91390725,0,497,OFF,DEPLOYED,AUTO
21:17:39,3.342715259,44.71620447,0,814,OFF,DEPLOYED,AUTO
21:17:39,4.800073241,44.40448842,0,838,OFF,DEPLOYED,AUTO
21:17:39,6.208507287,43.97955389,0,859,OFF,DEPLOYED,AUTO
21:17:39,7.55366217,43.44248434,0,880,OFF,DEPLOYED,AUTO
21:17:39,8.821827626,42.79464914,0,896,OFF,DEPLOYED,AUTO
21:17:39,10.00007809,42.03770008,0,905,OFF,DEPLOYED,AUTO
21:17:40,11.07640445,41.17356715,0,905,OFF,DEPLOYED,AUTO
21:17:40,12.03983643,40.20445364,0,933,OFF,DEPLOYED,AUTO
21:17:40,12.8805544,39.13283052,0,950,OFF,DEPLOYED,AUTO
21:17:40,13.5899895,37.9614301,0,954,OFF,DEPLOYED,AUTO
21:17:40,14.16091092,36.69323912,0,955,OFF,DEPLOYED,AUTO
21:17:40,14.58749965,35.33149109,0,956,OFF,DEPLOYED,AUTO
21:17:40,14.86540774,33.87965807,0,954,OFF,DEPLOYED,AUTO
21:17:40,14.99180268,32.34144182,0,950,OFF,DEPLOYED,AUTO
21:17:40,14.9653962,30.72076433,0,944,OFF,DEPLOYED,AUTO
21:17:40,14.78645745,29.02175786,0,945,OFF,DEPLOYED,AUTO
21:17:41,14.45681022,27.24875437,0,954,OFF,DEPLOYED,AUTO
21:17:41,13.97981439,25.40627452,0,955,OFF,DEPLOYED,AUTO
21:17:41,13.36033167,23.49901609,0,954,OFF,DEPLOYED,AUTO
21:17:41,12.60467602,21.53184203,0,948,OFF,DEPLOYED,AUTO
21:17:41,11.72054933,19.50976805,0,946,OFF,DEPLOYED,AUTO
21:17:41,10.71696293,17.43794987,0,953,OFF,DEPLOYED,AUTO
21:17:41,9.604145687,15.32167,0,955,OFF,DEPLOYED,AUTO
21:17:41,8.393439811,13.16632434,0,943,OFF,DEPLOYED,AUTO
21:17:41,7.097185216,10.9774084,0,920,OFF,DEPLOYED,AUTO
21:17:41,5.728593758,8.76050328,0,879,OFF,DEPLOYED,AUTO
21:17:42,4.301614576,6.521261429,0,822,OFF,DEPLOYED,AUTO
21:17:42,2.830791912,4.265392266,0,907,OFF,DEPLOYED,AUTO
21:17:42,1.33111688,1.998647597,0,936,OFF,DEPLOYED,AUTO
21:17:42,-0.182125336,-0.273193039,0,952,OFF,DEPLOYED,AUTO
21:17:42,-1.693511271,-2.544337113,0,945,OFF,DEPLOYED,AUTO
21:17:42,-3.187636378,-4.80899387,0,951,OFF,DEPLOYED,AUTO
21:17:42,-4.649272039,-7.061389097,0,973,OFF,DEPLOYED,AUTO
21:17:42,-6.063520779,-9.295779842,0,832,OFF,DEPLOYED,AUTO
21:17:42,-7.415968107,-11.50646906,0,645,OFF,DEPLOYED,AUTO
21:17:42,-8.692829431,-13.68782015,0,474,OFF,DEPLOYED,AUTO
21:17:43,-9.881090559,-15.83427129,0,457,OFF,DEPLOYED,AUTO
21:17:43,-10.96864034,-17.94034966,0,460,OFF,DEPLOYED,AUTO
21:17:43,-11.9443941,-20.00068537,0,462,OFF,DEPLOYED,AUTO
21:17:43,-12.79840664,-22.01002518,0,462,OFF,DEPLOYED,AUTO
21:17:43,-13.52197359,-23.96324585,0,459,OFF,DEPLOYED,AUTO
21:17:43,-14.1077201,-25.85536723,0,452,OFF,DEPLOYED,AUTO
21:17:43,-14.54967605,-27.68156498,0,445,OFF,DEPLOYED,AUTO
21:17:43,-14.84333688,-29.43718282,0,437,OFF,DEPLOYED,AUTO
21:17:43,-14.98570951,-31.11774444,0,433,OFF,DEPLOYED,AUTO
21:17:43,-14.97534282,-32.71896489,0,435,OFF,DEPLOYED,AUTO
21:17:44,-14.81234248,-34.23676153,0,440,OFF,DEPLOYED,AUTO
21:17:44,-14.49836984,-35.66726443,0,447,OFF,DEPLOYED,AUTO
21:17:44,-14.03662501,-37.00682621,0,452,OFF,DEPLOYED,AUTO
21:17:44,-13.43181424,-38.25203139,0,459,OFF,DEPLOYED,AUTO
21:17:44,-12.69010198,-39.39970506,0,460,OFF,DEPLOYED,AUTO
21:17:44,-11.819048,-40.44692099,0,458,OFF,DEPLOYED,AUTO
21:17:44,-10.82753036,-41.39100907,0,451,OFF,DEPLOYED,AUTO
21:17:44,-9.725654944,-42.22956216,0,442,OFF,DEPLOYED,AUTO
21:17:44,-8.524652433,-42.9604422,0,255,OFF,RETRACTED,AUTO
21:17:45,-7.236763841,-43.58178565,0,100,OFF,RETRACTED,AUTO
21:17:45,-5.875115755,-44.09200827,0,62,OFF,RETRACTED,AUTO
21:17:45,-4.453586543,-44.48980914,0,45,OFF,RETRACTED,AUTO
21:17:45,-2.986664902,-44.77417399,0,38,OFF,RETRACTED,AUTO
21:17:45,-1.489302182,-44.94437777,0,33,OFF,RETRACTED,AUTO
21:17:45,0.023239998,-44.9999865,0,31,OFF,RETRACTED,AUTO
21:17:45,1.535545309,-44.9408584,0,29,OFF,RETRACTED,AUTO
21:17:45,3.032199834,-44.76714424,0,29,OFF,RETRACTED,AUTO
21:17:45,4.497949173,-44.47928692,0,29,OFF,RETRACTED,AUTO
21:17:45,5.917853924,-44.07802041,0,28,OFF,RETRACTED,AUTO
21:17:46,7.277441948,-43.56436782,0,29,OFF,RETRACTED,AUTO
21:17:46,8.562855873,-42.9396388,0,28,OFF,RETRACTED,AUTO
21:17:46,9.760994334,-42.20542624,0,28,OFF,RETRACTED,AUTO
21:17:46,10.85964551,-41.36360217,0,28,OFF,RETRACTED,AUTO
21:17:46,11.84761158,-40.41631298,0,28,OFF,RETRACTED,AUTO
21:17:46,12.71482287,-39.365974,0,28,OFF,RETRACTED,AUTO
21:17:46,13.45244047,-38.21526328,0,28,OFF,RETRACTED,AUTO
21:17:46,14.05294634,-36.96711479,0,28,OFF,RETRACTED,AUTO
21:17:46,14.51021993,-35.62471095,0,28,OFF,RETRACTED,AUTO
21:17:46,14.81960055,-34.19147449,0,343,OFF,RETRACTED,AUTO
21:17:47,14.97793489,-32.67105976,0,409,OFF,RETRACTED,AUTO
21:17:47,14.98360916,-31.06734337,0,417,OFF,RETRACTED,AUTO
21:17:47,14.83656552,-29.38441431,0,424,OFF,RETRACTED,AUTO
21:17:47,14.53830269,-27.62656358,0,429,OFF,RETRACTED,AUTO
21:17:47,14.09186066,-25.79827318,0,438,OFF,RETRACTED,AUTO
21:17:47,13.50178972,-23.90420472,0,445,OFF,RETRACTED,AUTO
21:17:47,12.77410407,-21.9491875,0,451,OFF,RETRACTED,AUTO
21:17:47,11.91622052,-19.93820627,0,457,OFF,RETRACTED,AUTO
21:17:47,10.9368829,-17.87638844,0,457,OFF,RETRACTED,AUTO
21:17:47,9.846072951,-15.76899103,0,453,OFF,RETRACTED,AUTO
21:17:48,8.654908562,-13.6213873,0,447,OFF,RETRACTED,AUTO
21:17:48,7.375530479,-11.439053,0,439,OFF,RETRACTED,AUTO
21:17:48,6.020978545,-9.227552466,0,433,OFF,RETRACTED,AUTO
21:17:48,4.605058804,-6.992524363,0,430,OFF,RETRACTED,AUTO
21:17:48,3.142202778,-4.739667363,0,434,OFF,RETRACTED,AUTO
21:17:48,1.64732038,-2.474725596,0,440,OFF,RETRACTED,AUTO
21:17:48,0.135647947,-0.203474001,0,447,OFF,RETRACTED,AUTO
21:17:48,-1.377407054,2.068296393,0,453,OFF,RETRACTED,AUTO
21:17:48,-2.876423067,4.334793236,0,459,OFF,RETRACTED,AUTO
21:17:48,-4.346121622,6.590237621,0,459,OFF,RETRACTED,AUTO
21:17:49,-5.771523067,8.828878824,0,454,OFF,RETRACTED,AUTO
21:17:49,-7.138099237,11.04500896,0,447,OFF,RETRACTED,AUTO
21:17:49,-8.431921534,13.23297756,0,439,OFF,RETRACTED,AUTO
21:17:49,-9.639802895,15.38720592,0,433,OFF,RETRACTED,AUTO
21:17:49,-10.74943219,17.5022014,0,430,OFF,RETRACTED,AUTO
21:17:49,-11.74949971,19.57257137,0,436,OFF,RETRACTED,AUTO
21:17:49,-12.62981244,21.593037,0,441,OFF,RETRACTED,AUTO
21:17:49,-13.38139794,23.55844669,0,449,OFF,RETRACTED,AUTO
21:17:49,-13.9965958,25.46378922,0,456,OFF,RETRACTED,AUTO
21:17:49,-14.46913571,27.30420652,0,459,OFF,RETRACTED,AUTO
21:17:50,-14.79420141,29.07500607,0,459,OFF,RETRACTED,AUTO
21:17:50,-14.9684797,30.77167283,0,456,OFF,RETRACTED,AUTO
21:17:50,-14.99019428,32.38988082,0,448,OFF,RETRACTED,AUTO
21:17:50,-14.85912385,33.92550406,0,440,OFF,RETRACTED,AUTO
21:17:50,-14.5766043,35.37462718,0,434,OFF,RETRACTED,AUTO
21:17:50,-14.14551517,36.73355532,0,433,OFF,RETRACTED,AUTO
21:17:50,-13.57025026,37.99882362,0,437,OFF,RETRACTED,AUTO
21:17:50,-12.85667287,39.16720601,0,442,OFF,RETRACTED,AUTO
21:17:50,-12.01205601,40.23572346,0,450,OFF,RETRACTED,AUTO
21:17:50,-11.04500829,41.20165156,0,457,OFF,RETRACTED,AUTO
21:17:51,-9.965386197,42.06252748,0,460,OFF,RETRACTED,AUTO
21:17:51,-8.784193583,42.81615624,0,460,OFF,RETRACTED,AUTO
21:17:51,-7.513469557,43.46061629,0,456,OFF,RETRACTED,AUTO
21:17:51,-6.166165761,43.99426446,0,448,OFF,RETRACTED,AUTO
21:17:51,-4.756014362,44.4157401,0,439,OFF,RETRACTED,AUTO
21:17:51,-3.297388088,44.72396857,0,434,OFF,RETRACTED,AUTO
21:17:51,-1.805153743,44.91816398,0,433,OFF,RETRACTED,AUTO
21:17:51,-0.294520673,44.99783118,0,437,OFF,RETRACTED,AUTO
21:17:51,1.21911425,44.96276705,0,442,OFF,RETRACTED,AUTO
21:17:51,2.720323556,44.81306098,0,450,OFF,RETRACTED,AUTO
21:17:52,4.193806423,44.5490947,0,457,OFF,RETRACTED,AUTO
21:17:52,5.624544626,44.17154123,0,460,OFF,RETRACTED,AUTO
21:17:52,6.997955607,43.68136322,0,460,OFF,RETRACTED,AUTO
21:17:52,8.300041107,43.07981049,0,454,OFF,RETRACTED,AUTO
21:17:52,9.517529838,42.36841682,0,447,OFF,RETRACTED,AUTO
21:17:52,10.63801275,41.54899606,0,438,OFF,RETRACTED,AUTO
21:17:52,11.65006952,40.62363748,0,433,OFF,RETRACTED,AUTO
21:17:52,12.54338491,39.59470049,0,430,OFF,RETRACTED,AUTO
21:17:52,13.30885398,38.46480857,0,436,OFF,RETRACTED,AUTO
21:17:52,13.93867479,37.23684262,0,441,OFF,RETRACTED,AUTO
21:17:53,14.42642802,35.9139336,0,449,OFF,RETRACTED,AUTO
21:17:53,14.76714231,34.49945452,0,456,OFF,RETRACTED,AUTO
21:17:53,14.95734499,32.99701191,0,459,OFF,RETRACTED,AUTO
21:17:53,14.99509746,31.41043655,0,459,OFF,RETRACTED,AUTO
21:17:53,14.88001493,29.74377375,0,452,OFF,RETRACTED,AUTO
21:17:53,14.61327036,28.001273,0,446,OFF,RETRACTED,AUTO
21:17:53,14.1975825,26.18737719,0,437,OFF,RETRACTED,AUTO
21:17:53,13.63718817,24.30671121,0,433,OFF,RETRACTED,AUTO
21:17:53,12.9377991,22.36407021,0,433,OFF,RETRACTED,AUTO
21:17:53,12.1065437,20.36440736,0,437,OFF,RETRACTED,AUTO
21:17:54,11.1518944,18.31282122,0,441,OFF,RETRACTED,AUTO
21:17:54,10.08358129,16.21454273,0,448,OFF,RETRACTED,AUTO
21:17:54,8.912492987,14.07492189,0,454,OFF,RETRACTED,AUTO
21:17:54,7.6505656,11.89941411,0,458,OFF,RETRACTED,AUTO
21:17:54,6.310661114,9.693566291,0,457,OFF,RETRACTED,AUTO
21:17:54,4.906436279,7.463002712,0,452,OFF,RETRACTED,AUTO
21:17:54,3.452203421,5.213410655,0,446,OFF,RETRACTED,AUTO
21:17:54,1.962784562,2.950525923,0,437,OFF,RETRACTED,AUTO
21:17:54,0.453360352,0.680118211,0,430,OFF,RETRACTED,AUTO
21:17:54,-1.060684656,-1.592023604,0,430,OFF,RETRACTED,AUTO
21:17:55,-2.563918816,-3.860106224,0,436,OFF,RETRACTED,AUTO
21:17:55,-4.041020665,-6.118346699,0,441,OFF,RETRACTED,AUTO
21:17:55,-5.476935093,-8.360987177,0,449,OFF,RETRACTED,AUTO
21:17:55,-6.857026784,-10.58230958,0,456,OFF,RETRACTED,AUTO
21:17:55,-8.167229388,-12.77665018,0,459,OFF,RETRACTED,AUTO
21:17:55,-9.394188883,-14.93841405,0,457,OFF,RETRACTED,AUTO
21:17:55,-10.52539969,-17.06208933,0,451,OFF,RETRACTED,AUTO
21:17:55,-11.54933214,-19.14226126,0,446,OFF,RETRACTED,AUTO
21:17:55,-12.45554998,-21.17362602,0,436,OFF,RETRACTED,AUTO
21:17:56,-13.23481672,-23.1510042,0,430,OFF,RETRACTED,AUTO
21:17:56,-13.87918982,-25.06935409,0,430,OFF,RETRACTED,AUTO
21:17:56,-14.38210163,-26.92378444,0,436,OFF,RETRACTED,AUTO
21:17:56,-14.73842629,-28.709567,0,441,OFF,RETRACTED,AUTO
21:17:56,-14.94453202,-30.42214855,0,449,OFF,RETRACTED,AUTO
21:17:56,-14.99831814,-32.0571625,0,456,OFF,RETRACTED,AUTO
21:17:56,-14.89923643,-33.61044005,0,459,OFF,RETRACTED,AUTO
21:17:56,-14.64829677,-35.07802078,0,457,OFF,RETRACTED,AUTO
21:17:56,-14.24805681,-36.4561628,0,451,OFF,RETRACTED,AUTO
21:17:56,-13.70259594,-37.74135225,0,445,OFF,RETRACTED,AUTO
21:17:57,-13.01747368,-38.93031227,0,437,OFF,RETRACTED,AUTO
21:17:57,-12.19967301,-40.02001136,0,430,OFF,RETRACTED,AUTO
21:17:57,-11.25752923,-41.0076711,0,430,OFF,RETRACTED,AUTO
21:17:57,-10.20064498,-41.89077325,0,436,OFF,RETRACTED,AUTO
21:17:57,-9.039792382,-42.66706616,0,441,OFF,RETRACTED,AUTO
21:17:57,-7.786803225,-43.33457051,0,449,OFF,RETRACTED,AUTO
21:17:57,-6.45444839,-43.89158435,0,456,OFF,RETRACTED,AUTO
21:17:57,-5.056307679,-44.33668747,0,459,OFF,RETRACTED,AUTO
21:17:57,-3.606631405,-44.66874498,0,457,OFF,RETRACTED,AUTO
21:17:57,-2.12019515,-44.88691022,0,451,OFF,RETRACTED,AUTO
21:17:58,-0.612149163,-44.99062696,0,442,OFF,RETRACTED,AUTO
21:17:58,0.902136051,-44.97963072,0,436,OFF,RETRACTED,AUTO
21:17:58,2.407226396,-44.85394956,0,430,OFF,RETRACTED,AUTO
21:17:58,3.887781491,-44.61390392,0,430,OFF,RETRACTED,AUTO
21:17:58,5.32871103,-44.26010585,0,437,OFF,RETRACTED,AUTO
21:17:58,6.715328581,-43.79345744,0,442,OFF,RETRACTED,AUTO
21:17:58,8.033501278,-43.21514849,0,449,OFF,RETRACTED,AUTO
21:17:58,9.26979387,-42.52665353,0,456,OFF,RETRACTED,AUTO
21:17:58,10.41160565,-41.72972801,0,459,OFF,RETRACTED,AUTO
21:17:58,11.4472989,-40.82640388,0,457,OFF,RETRACTED,AUTO
21:17:59,12.36631749,-39.81898433,0,450,OFF,RETRACTED,AUTO
21:17:59,13.15929447,-38.710038,0,442,OFF,RETRACTED,AUTO
21:17:59,13.81814756,-37.50239237,0,436,OFF,RETRACTED,AUTO
21:17:59,14.33616152,-36.19912658,0,430,OFF,RETRACTED,AUTO
21:17:59,14.70805657,-34.8035636,0,430,OFF,RETRACTED,AUTO
21:17:59,14.93004223,-33.31926168,0,437,OFF,RETRACTED,AUTO
21:17:59,14.99985596,-31.75000538,0,442,OFF,RETRACTED,AUTO
21:17:59,14.91678619,-30.09979583,0,450,OFF,RETRACTED,AUTO
21:17:59,14.68167959,-28.37284059,0,456,OFF,RETRACTED,AUTO
21:17:59,14.29693245,-26.57354289,0,459,OFF,RETRACTED,AUTO
21:18:00,13.76646624,-24.70649041,0,457,OFF,RETRACTED,AUTO
21:18:00,13.09568765,-22.77644359,0,450,OFF,RETRACTED,AUTO
21:18:00,12.29143346,-20.7883235,0,442,OFF,RETRACTED,AUTO
21:18:00,11.36190092,-18.74719924,0,436,OFF,RETRACTED,AUTO
21:18:00,10.31656412,-16.6582751,0,430,OFF,RETRACTED,AUTO
21:18:00,9.166077482,-14.52687723,0,430,OFF,RETRACTED,AUTO
21:18:00,7.922167144,-12.35844005,0,437,OFF,RETRACTED,AUTO
21:18:00,6.597511455,-10.15849247,0,442,OFF,RETRACTED,AUTO
21:18:00,5.205611744,-7.932643688,0,450,OFF,RETRACTED,AUTO
21:18:00,3.760654714,-5.686568985,0,456,OFF,RETRACTED,AUTO
21:18:01,2.277367845,-3.42599519,0,459,OFF,RETRACTED,AUTO
21:18:01,0.770869288,-1.156686109,0,457,OFF,RETRACTED,AUTO
21:18:01,-0.743486223,1.115572185,0,450,OFF,RETRACTED,AUTO
21:18:01,-2.250263877,3.384986095,0,442,OFF,RETRACTED,AUTO
21:18:01,-3.734106096,5.645769279,0,436,OFF,RETRACTED,AUTO
21:18:01,-5.179889068,7.8921574,0,430,OFF,RETRACTED,AUTO
21:18:01,-6.572876896,10.11842282,0,433,OFF,RETRACTED,AUTO
21:18:01,-7.898871784,12.31888922,0,435,OFF,RETRACTED,AUTO
21:18:01,-9.144358755,14.48794605,0,120,OFF,RETRACTED,AUTO
21:18:01,-10.29664339,16.62006284,0,104,OFF,RETRACTED,AUTO
21:18:02,-11.34398123,18.70980333,0,356,OFF,RETRACTED,AUTO
21:18:02,-12.27569745,20.75183928,0,375,OFF,RETRACTED,AUTO
21:18:02,-13.0822957,22.7409641,0,145,OFF,RETRACTED,AUTO
21:18:02,-13.75555486,24.6721061,0,117,OFF,RETRACTED,AUTO
21:18:02,-14.28861284,26.54034143,0,421,OFF,RETRACTED,AUTO
21:18:02,-14.67603655,28.34090664,0,429,OFF,RETRACTED,AUTO
21:18:02,-14.91387724,30.06921081,0,429,OFF,RETRACTED,AUTO
21:18:02,-14.99971075,31.72084727,0,430,OFF,RETRACTED,AUTO
21:18:02,-14.93266223,33.29160483,0,428,OFF,RETRACTED,AUTO
21:18:02,-14.71341508,34.77747851,0,113,OFF,RETRACTED,AUTO
21:18:03,-14.34420393,36.17467978,0,113,OFF,RETRACTED,AUTO
21:18:03,-13.82879189,37.47964618,0,103,OFF,RETRACTED,AUTO
21:18:03,-13.17243224,38.68905042,0,440,OFF,RETRACTED,AUTO
21:18:03,-12.38181478,39.79980888,0,451,OFF,RETRACTED,AUTO
21:18:03,-11.46499777,40.80908944,0,448,OFF,RETRACTED,AUTO
21:18:03,-10.43132571,41.71431874,0,441,OFF,RETRACTED,AUTO
21:18:03,-9.291334118,42.5131887,0,434,OFF,RETRACTED,AUTO
21:18:03,-8.056642171,43.20366245,0,430,OFF,RETRACTED,AUTO
21:18:03,-6.739834259,43.78397946,0,433,OFF,RETRACTED,AUTO
21:18:03,-5.354331723,44.25266012,0,438,OFF,RETRACTED,AUTO
21:18:04,-3.914256065,44.6085094,0,446,OFF,RETRACTED,AUTO
21:18:04,-2.434285012,44.85062001,0,451,OFF,RETRACTED,AUTO
21:18:04,-0.92950292,44.97837464,0,457,OFF,RETRACTED,AUTO
21:18:04,0.584752973,44.99144754,0,459,OFF,RETRACTED,AUTO
21:18:04,2.093048871,44.88980538,0,457,OFF,RETRACTED,AUTO
21:18:04,3.580011721,44.67370732,0,450,OFF,RETRACTED,AUTO
21:18:04,5.030485906,44.34370435,0,441,OFF,RETRACTED,AUTO
21:18:04,6.429687712,43.90063788,0,436,OFF,RETRACTED,AUTO
21:18:04,7.763356011,43.3456376,0,430,OFF,RETRACTED,AUTO
21:18:04,9.017897614,42.6801186,0,434,OFF,RETRACTED,AUTO
21:18:05,10.18052582,41.90577776,0,440,OFF,RETRACTED,AUTO
21:18:05,11.23939073,41.02458942,0,446,OFF,RETRACTED,AUTO
21:18:05,12.18370005,40.03880035,0,452,OFF,RETRACTED,AUTO
21:18:05,13.00382906,38.95092402,0,459,OFF,RETRACTED,AUTO
21:18:05,13.69141874,37.76373422,0,460,OFF,RETRACTED,AUTO
21:18:05,14.23946094,36.48025791,0,457,OFF,RETRACTED,AUTO
21:18:05,14.64236984,35.1037676,0,450,OFF,RETRACTED,AUTO
21:18:05,14.89603886,33.63777293,0,441,OFF,RETRACTED,AUTO
21:18:05,14.99788252,32.08601176,0,435,OFF,RETRACTED,AUTO
21:18:06,14.94686278,30.45244062,0,430,OFF,RETRACTED,AUTO
21:18:06,14.74349968,28.74122465,0,433,OFF,RETRACTED,AUTO
21:18:06,14.38986593,26.95672695,0,438,OFF,RETRACTED,AUTO
21:18:06,13.88956591,25.10349746,0,446,OFF,RETRACTED,AUTO
21:18:06,13.24769884,23.18626139,0,451,OFF,RETRACTED,AUTO
21:18:06,12.47080682,21.20990711,0,457,OFF,RETRACTED,AUTO
21:18:06,11.56680822,19.17947377,0,459,OFF,RETRACTED,AUTO
21:18:06,10.54491687,17.10013837,0,457,OFF,RETRACTED,AUTO
21:18:06,9.415548236,14.9772026,0,450,OFF,RETRACTED,AUTO
21:18:06,8.190213216,12.81607934,0,441,OFF,RETRACTED,AUTO
21:18:07,6.881400831,10.62227882,0,434,OFF,RETRACTED,AUTO
21:18:07,5.502450928,8.401394595,0,430,OFF,RETRACTED,AUTO
21:18:07,4.067418223,6.159089263,0,433,OFF,RETRACTED,AUTO
21:18:07,2.590929044,3.90108005,0,438,OFF,RETRACTED,AUTO
21:18:07,1.088032258,1.633124223,0,445,OFF,RETRACTED,AUTO
21:18:07,-0.425954113,-0.638995595,0,451,OFF,RETRACTED,AUTO
21:18:07,-1.935599018,-2.90948616,0,457,OFF,RETRACTED,AUTO
21:18:07,-3.425515658,-5.172558385,0,459,OFF,RETRACTED,AUTO
21:18:07,-4.880518307,-7.422442097,0,457,OFF,RETRACTED,AUTO
21:18:07,-6.285777096,-9.653400747,0,450,OFF,RETRACTED,AUTO
21:18:08,-7.626969164,-11.85974604,0,441,OFF,RETRACTED,AUTO
21:18:08,-8.890424635,-14.03585245,0,435,OFF,RETRACTED,AUTO
21:18:08,-10.06326595,-16.17617153,0,430,OFF,RETRACTED,AUTO
21:18:08,-11.13353913,-18.2752461,0,433,OFF,RETRACTED,AUTO
21:18:08,-12.09033559,-20.32772412,0,438,OFF,RETRACTED,AUTO
21:18:08,-12.92390335,-22.32837238,0,445,OFF,RETRACTED,AUTO
21:18:08,-13.6257464,-24.27208981,0,451,OFF,RETRACTED,AUTO
21:18:08,-14.18871133,-26.1539205,0,457,OFF,RETRACTED,AUTO
21:18:08,-14.60706021,-27.96906632,0,459,OFF,RETRACTED,AUTO
21:18:08,-14.8765291,-29.71289919,0,456,OFF,RETRACTED,AUTO
21:18:09,-14.99437147,-31.38097285,0,450,OFF,RETRACTED,AUTO
21:18:09,-14.95938625,-32.96903418,0,441,OFF,RETRACTED,AUTO
21:18:09,-14.77193,-34.4730341,0,434,OFF,RETRACTED,AUTO
21:18:09,-14.43391335,-35.88913785,0,430,OFF,RETRACTED,AUTO
21:18:09,-13.94878148,-37.21373477,0,433,OFF,RETRACTED,AUTO
21:18:09,-13.321479,-38.44344753,0,438,OFF,RETRACTED,AUTO
21:18:09,-12.5583996,-39.57514073,0,446,OFF,RETRACTED,AUTO
21:18:09,-11.66732083,-40.60592887,0,450,OFF,RETRACTED,AUTO
21:18:09,-10.65732485,-41.53318374,0,457,OFF,RETRACTED,AUTO
21:18:09,-9.538705899,-42.35454113,0,459,OFF,RETRACTED,AUTO
21:18:10,-8.322865293,-43.06790679,0,457,OFF,RETRACTED,AUTO
21:18:10,-7.022195287,-43.67146187,0,450,OFF,RETRACTED,AUTO
21:18:10,-5.64995274,-44.16366747,0,442,OFF,RETRACTED,AUTO
21:18:10,-4.220124004,-44.54326861,0,435,OFF,RETRACTED,AUTO
21:18:10,-2.747282366,-44.80929742,0,430,OFF,RETRACTED,AUTO
21:18:10,-1.246439516,-44.9610756,0,433,OFF,RETRACTED,AUTO
21:18:10,0.267107458,-44.99821616,0,437,OFF,RETRACTED,AUTO
21:18:10,1.777931985,-44.92062441,0,442,OFF,RETRACTED,AUTO
21:18:10,3.27063524,-44.72849818,0,450,OFF,RETRACTED,AUTO
21:18:10,4.730003097,-44.42232734,0,457,OFF,RETRACTED,AUTO
21:18:11,6.141161196,-44.00289254,0,459,OFF,RETRACTED,AUTO
21:18:11,7.489726546,-43.4712632,0,457,OFF,RETRACTED,AUTO
21:18:11,8.761954122,-42.82879483,0,450,OFF,RETRACTED,AUTO
21:18:11,9.944876959,-42.07712554,0,442,OFF,RETRACTED,AUTO
21:18:11,11.02643832,-41.21817186,0,436,OFF,RETRACTED,AUTO
21:18:11,11.99561456,-40.25412388,0,430,OFF,RETRACTED,AUTO
21:18:11,12.84252753,-39.18743963,0,433,OFF,RETRACTED,AUTO
21:18:11,13.5585452,-38.02083885,0,437,OFF,RETRACTED,AUTO
21:18:11,14.13636969,-36.75729604,0,444,OFF,RETRACTED,AUTO
21:18:11,14.57011162,-35.40003285,0,450,OFF,RETRACTED,AUTO
21:18:12,14.85535014,-33.95250991,0,457,OFF,RETRACTED,AUTO
21:18:12,14.98917801,-32.41841798,0,459,OFF,RETRACTED,AUTO
21:18:12,14.97023122,-30.80166855,0,457,OFF,RETRACTED,AUTO
21:18:12,14.79870287,-29.10638385,0,451,OFF,RETRACTED,AUTO
21:18:12,14.47634124,-27.33688638,0,442,OFF,RETRACTED,AUTO
21:18:12,14.00643194,-25.49768782,0,436,OFF,RETRACTED,AUTO
21:18:12,13.39376445,-23.59347761,0,430,OFF,RETRACTED,AUTO
21:18:12,12.64458328,-21.62911091,0,433,OFF,RETRACTED,AUTO
21:18:12,11.76652432,-19.6095963,0,437,OFF,RETRACTED,AUTO
21:18:12,10.76853705,-17.54008294,0,442,OFF,RETRACTED,AUTO
21:18:13,9.660793288,-15.42584749,0,450,OFF,RETRACTED,AUTO
21:18:13,8.454583517,-13.27228063,0,456,OFF,RETRACTED,AUTO
21:18:13,7.16220183,-11.08487333,0,459,OFF,RETRACTED,AUTO
21:18:13,5.79682061,-8.869202839,0,457,OFF,RETRACTED,AUTO
21:18:13,4.372356273,-6.630918471,0,451,OFF,RETRACTED,AUTO
21:18:13,2.903327434,-4.375727196,0,442,OFF,RETRACTED,AUTO
21:18:13,1.404706919,-2.109379095,0,436,OFF,RETRACTED,AUTO
21:18:13,-0.108230834,0.162347307,0,430,OFF,RETRACTED,AUTO
21:18:13,-1.620065462,2.433659771,0,432,OFF,RETRACTED,AUTO
21:18:13,-3.115387847,4.698767114,0,437,OFF,RETRACTED,AUTO
21:18:14,-4.578957166,6.951893971,0,442,OFF,RETRACTED,AUTO
21:18:14,-5.995856238,9.187295529,0,450,OFF,RETRACTED,AUTO
21:18:14,-7.351643556,11.39927216,0,456,OFF,RETRACTED,AUTO
21:18:14,-8.632500488,13.58218398,0,459,OFF,RETRACTED,AUTO
21:18:14,-9.825372116,15.7304652,0,457,OFF,RETRACTED,AUTO
21:18:14,-10.9181003,17.83863832,0,451,OFF,RETRACTED,AUTO
21:18:14,-11.89954758,19.90132812,0,442,OFF,RETRACTED,AUTO
21:18:14,-12.75971074,21.91327535,0,436,OFF,RETRACTED,AUTO
21:18:14,-13.48982269,23.86935012,0,430,OFF,RETRACTED,AUTO
21:18:14,-14.08244191,25.76456502,0,432,OFF,RETRACTED,AUTO
21:18:15,-14.53152821,27.59408779,0,437,OFF,RETRACTED,AUTO
21:18:15,-14.83250436,29.3532537,0,442,OFF,RETRACTED,AUTO
21:18:15,-14.98230272,31.03757738,0,449,OFF,RETRACTED,AUTO
21:18:15,-14.97939648,32.6427643,0,456,OFF,RETRACTED,AUTO
21:18:15,-14.82381528,34.1647217,0,459,OFF,RETRACTED,AUTO
21:18:15,-14.51714483,35.59956903,0,457,OFF,RETRACTED,AUTO
21:18:15,-14.06251084,36.94364786,0,451,OFF,RETRACTED,AUTO
21:18:15,-13.46454708,38.19353117,0,445,OFF,RETRACTED,AUTO
21:18:15,-12.7293482,39.34603212,0,436,OFF,RETRACTED,AUTO
21:18:16,-11.86440758,40.39821218,0,430,OFF,RETRACTED,AUTO
21:18:16,-10.87854099,41.34738859,0,430,OFF,RETRACTED,AUTO
21:18:16,-9.781796705,42.19114123,0,436,OFF,RETRACTED,AUTO
21:18:16,-8.585353109,42.92731878,0,441,OFF,RETRACTED,AUTO
21:18:16,-7.301404751,43.5540442,0,449,OFF,RETRACTED,AUTO
21:18:16,-5.943038057,44.06971951,0,456,OFF,RETRACTED,AUTO
21:18:16,-4.52409795,44.47302991,0,459,OFF,RETRACTED,AUTO
21:18:16,-3.059046738,44.76294707,0,457,OFF,RETRACTED,AUTO
21:18:16,-1.562816709,44.93873178,0,452,OFF,RETRACTED,AUTO
21:18:16,-0.050657935,44.99993584,0,446,OFF,RETRACTED,AUTO
21:18:17,1.462017163,44.94640321,0,437,OFF,RETRACTED,AUTO
21:18:17,2.959790897,44.77827036,0,430,OFF,RETRACTED,AUTO
21:18:17,4.427397461,44.495966,0,430,OFF,RETRACTED,AUTO
21:18:17,5.849878525,44.10020992,0,436,OFF,RETRACTED,AUTO
21:18:17,7.212735688,43.59201118,0,441,OFF,RETRACTED,AUTO
21:18:17,8.50207826,42.97266553,0,448,OFF,RETRACTED,AUTO
21:18:17,9.704764835,42.24375213,0,454,OFF,RETRACTED,AUTO
21:18:17,10.80853723,41.4071295,0,459,OFF,RETRACTED,AUTO
21:18:17,11.80214544,40.46493077,0,458,OFF,RETRACTED,AUTO
21:18:17,12.67546226,39.41955828,0,452,OFF,RETRACTED,AUTO
21:18:18,13.41958658,38.27367743,0,446,OFF,RETRACTED,AUTO
21:18:18,14.02693403,37.03020987,0,437,OFF,RETRACTED,AUTO
21:18:18,14.49131432,35.69232609,0,432,OFF,RETRACTED,AUTO
21:18:18,14.80799433,34.2634373,0,430,OFF,RETRACTED,AUTO
21:18:18,14.97374636,32.74718674,0,435,OFF,RETRACTED,AUTO
21:18:18,14.98688101,31.14744042,0,440,OFF,RETRACTED,AUTO
21:18:18,14.8472644,29.46827722,0,448,OFF,RETRACTED,AUTO
21:18:18,14.55631956,27.71397852,0,454,OFF,RETRACTED,AUTO
21:18:18,14.11701188,25.88901726,0,458,OFF,RETRACTED,AUTO
21:18:18,13.53381894,23.99804656,0,458,OFF,RETRACTED,AUTO
21:18:19,12.81268484,22.04588785,0,454,OFF,RETRACTED,AUTO
21:18:19,11.96095961,20.03751856,0,447,OFF,RETRACTED,AUTO
21:18:19,10.98732431,17.97805945,0,438,OFF,RETRACTED,AUTO
21:18:19,9.901702572,15.87276154,0,433,OFF,RETRACTED,AUTO
21:18:19,8.715159397,13.72699272,0,430,OFF,RETRACTED,AUTO
21:18:19,7.43978843,11.54622408,0,434,OFF,RETRACTED,AUTO
21:18:19,6.088588675,9.336015929,0,440,OFF,RETRACTED,AUTO
21:18:19,4.675332008,7.102003668,0,447,OFF,RETRACTED,AUTO
21:18:19,3.214422808,4.849883372,0,452,OFF,RETRACTED,AUTO
21:18:19,1.720751146,2.585397288,0,458,OFF,RETRACTED,AUTO
21:18:20,0.209541019,0.314319196,0,459,OFF,RETRACTED,AUTO
21:18:20,-1.30380482,-1.957560318,0,454,OFF,RETRACTED,AUTO
21:18:20,-2.803861848,-4.224448625,0,448,OFF,RETRACTED,AUTO
21:18:20,-4.275340988,-6.480565821,0,440,OFF,RETRACTED,AUTO
21:18:20,-5.703244436,-8.720159466,0,433,OFF,RETRACTED,AUTO
21:18:20,-7.073018528,-10.93751925,0,430,OFF,RETRACTED,AUTO
21:18:20,-8.370702071,-13.12699155,0,433,OFF,RETRACTED,AUTO
21:18:20,-9.583068647,-15.28299386,0,439,OFF,RETRACTED,AUTO
21:18:20,-10.69776141,-17.40002899,0,447,OFF,RETRACTED,AUTO
21:18:20,-11.70341905,-19.47269913,0,452,OFF,RETRACTED,AUTO
21:18:21,-12.58979156,-21.49571958,0,457,OFF,RETRACTED,AUTO
21:18:21,-13.34784475,-23.46393221,0,459,OFF,RETRACTED,AUTO
21:18:21,-13.96985228,-25.37231866,0,456,OFF,RETRACTED,AUTO
21:18:21,-14.44947446,-27.21601311,0,449,OFF,RETRACTED,AUTO
21:18:21,-14.7818228,-28.99031468,0,440,OFF,RETRACTED,AUTO
21:18:21,-14.9635099,-30.6906994,0,434,OFF,RETRACTED,AUTO
21:18:21,-14.99268396,-32.3128318,0,430,OFF,RETRACTED,AUTO
21:18:21,-14.86904762,-33.85257591,0,433,OFF,RETRACTED,AUTO
21:18:21,-14.59386101,-35.30600583,0,438,OFF,RETRACTED,AUTO
21:18:21,-14.16992894,-36.66941575,0,446,OFF,RETRACTED,AUTO
21:18:22,-13.60157227,-37.93932936,0,451,OFF,RETRACTED,AUTO
21:18:22,-12.89458386,-39.11250876,0,457,OFF,RETRACTED,AUTO
21:18:22,-12.05616958,-40.18596268,0,459,OFF,RETRACTED,AUTO
21:18:22,-11.09487483,-41.15695412,0,457,OFF,RETRACTED,AUTO
21:18:22,-10.02049744,-42.02300735,0,450,OFF,RETRACTED,AUTO
21:18:22,-8.843987815,-42.78191418,0,441,OFF,RETRACTED,AUTO
21:18:22,-7.577337341,-43.43173962,0,436,OFF,RETRACTED,AUTO
21:18:22,-6.233456135,-43.97082679,0,430,OFF,RETRACTED,AUTO
21:18:22,-4.826041479,-44.3978012,0,433,OFF,RETRACTED,AUTO
21:18:22,-3.369438209,-44.71157418,0,438,OFF,RETRACTED,AUTO
21:18:23,-1.87849251,-44.91134569,0,444,OFF,RETRACTED,AUTO
21:18:23,-0.368400592,-44.99660639,0,450,OFF,RETRACTED,AUTO
21:18:23,1.145446186,-44.96713887,0,457,OFF,RETRACTED,AUTO
21:18:23,2.647618198,-44.82301828,0,459,OFF,RETRACTED,AUTO
21:18:23,4.122804807,-44.56461207,0,457,OFF,RETRACTED,AUTO
21:18:23,5.555970425,-44.19257912,0,451,OFF,RETRACTED,AUTO
21:18:23,6.932507751,-43.70786799,0,442,OFF,RETRACTED,AUTO
21:18:23,8.238386662,-43.11171455,0,436,OFF,RETRACTED,AUTO
21:18:23,9.460297208,-42.40563883,0,430,OFF,RETRACTED,AUTO
21:18:23,10.58578527,-41.59144111,0,433,OFF,RETRACTED,AUTO
21:18:24,11.6033795,-40.67119736,0,437,OFF,RETRACTED,AUTO
21:18:24,12.50270825,-39.64725393,0,442,OFF,RETRACTED,AUTO
21:18:24,13.27460525,-38.52222157,0,450,OFF,RETRACTED,AUTO
21:18:24,13.91120308,-37.2989688,0,457,OFF,RETRACTED,AUTO
21:18:24,14.40601331,-35.98061454,0,459,OFF,RETRACTED,AUTO
21:18:24,14.75399269,-34.57052022,0,457,OFF,RETRACTED,AUTO
21:18:24,14.95159449,-33.07228117,0,451,OFF,RETRACTED,AUTO
21:18:24,14.99680468,-31.48971746,0,445,OFF,RETRACTED,AUTO
21:18:24,14.88916247,-29.82686415,0,437,OFF,RETRACTED,AUTO
21:18:24,14.62976499,-28.08796106,0,430,OFF,RETRACTED,AUTO
21:18:25,14.2212561,-26.27744186,0,331,OFF,RETRACTED,AUTO
21:18:25,13.66779945,-24.39992285,0,322,OFF,RETRACTED,AUTO
21:18:25,12.97503606,-22.46019117,0,433,OFF,RETRACTED,AUTO
21:18:25,12.15002681,-20.46319256,0,446,OFF,RETRACTED,AUTO
21:18:25,11.20118046,-18.41401877,0,454,OFF,RETRACTED,AUTO
21:18:25,10.13816797,-16.31789462,0,459,OFF,RETRACTED,AUTO
21:18:25,8.971823909,-14.1801646,0,457,OFF,RETRACTED,AUTO
21:18:25,7.714036049,-12.0062793,0,452,OFF,RETRACTED,AUTO
21:18:25,6.37762418,-9.801781488,0,446,OFF,RETRACTED,AUTO
21:18:26,4.976209452,-7.572291998,0,437,OFF,RETRACTED,AUTO
21:18:26,3.524075549,-5.323495374,0,432,OFF,RETRACTED,AUTO
21:18:26,2.0360231,-3.061125391,0,432,OFF,RETRACTED,AUTO
21:18:26,0.52721883,-0.790950432,0,436,OFF,RETRACTED,AUTO
21:18:26,-0.98695903,1.48124122,0,440,OFF,RETRACTED,AUTO
21:18:26,-2.491077475,3.749656139,0,449,OFF,RETRACTED,AUTO
21:18:26,-3.969806035,6.00851053,0,456,OFF,RETRACTED,AUTO
21:18:26,-5.408073016,8.252044973,0,459,OFF,RETRACTED,AUTO
21:18:26,-6.791219125,10.47453911,0,459,OFF,RETRACTED,AUTO
21:18:26,-8.10514688,12.67032623,0,452,OFF,RETRACTED,AUTO
21:18:27,-9.336464292,14.83380772,0,446,OFF,RETRACTED,AUTO
21:18:27,-10.47262137,16.95946733,0,438,OFF,RETRACTED,AUTO
21:18:27,-11.50203802,19.04188524,0,433,OFF,RETRACTED,AUTO
21:18:27,-12.41422209,21.07575191,0,433,OFF,RETRACTED,AUTO
21:18:27,-13.19987629,23.05588157,0,437,OFF,RETRACTED,AUTO
21:18:27,-13.85099298,24.97722546,0,442,OFF,RETRACTED,AUTO
21:18:27,-14.36093577,26.83488471,0,450,OFF,RETRACTED,AUTO
21:18:27,-14.72450714,28.62412284,0,457,OFF,RETRACTED,AUTO
21:18:27,-14.93800146,30.34037782,0,460,OFF,RETRACTED,AUTO
21:18:27,-14.99924271,31.97927369,0,460,OFF,RETRACTED,AUTO
21:18:28,-14.90760672,33.53663174,0,456,OFF,RETRACTED,AUTO
21:18:28,-14.66402746,35.00848118,0,448,OFF,RETRACTED,AUTO
21:18:28,-14.27098758,36.39106921,0,439,OFF,RETRACTED,AUTO
21:18:28,-13.73249306,37.68087064,0,434,OFF,RETRACTED,AUTO
21:18:28,-13.05403242,38.87459685,0,433,OFF,RETRACTED,AUTO
21:18:28,-12.24252077,39.96920418,0,437,OFF,RETRACTED,AUTO
21:18:28,-11.30622928,40.96190171,0,442,OFF,RETRACTED,AUTO
21:18:28,-10.25470096,41.85015836,0,450,OFF,RETRACTED,AUTO
21:18:28,-9.098653335,42.63170931,0,457,OFF,RETRACTED,AUTO
21:18:28,-7.849869218,43.30456185,0,460,OFF,RETRACTED,AUTO
21:18:29,-6.521076635,43.8670004,0,460,OFF,RETRACTED,AUTO
21:18:29,-5.125819078,44.31759091,0,456,OFF,RETRACTED,AUTO
21:18:29,-3.678317475,44.6551845,0,448,OFF,RETRACTED,AUTO
21:18:29,-2.193325242,44.8789204,0,440,OFF,RETRACTED,AUTO
21:18:29,-0.685977912,44.98822816,0,434,OFF,RETRACTED,AUTO
21:18:29,0.828361133,44.98282907,0,433,OFF,RETRACTED,AUTO
21:18:29,2.334257246,44.8627369,0,437,OFF,RETRACTED,AUTO
21:18:29,3.816361837,44.62825785,0,441,OFF,RETRACTED,AUTO
21:18:29,5.259568803,44.27998976,0,449,OFF,RETRACTED,AUTO
21:18:29,6.649168502,43.81882063,0,456,OFF,RETRACTED,AUTO
21:18:30,7.970997673,43.2459263,0,459,OFF,RETRACTED,AUTO
21:18:30,9.211583795,42.56276748,0,460,OFF,RETRACTED,AUTO
21:18:30,10.3582824,41.77108604,0,457,OFF,RETRACTED,AUTO
21:18:30,11.39940597,40.87290051,0,449,OFF,RETRACTED,AUTO
21:18:30,12.32434301,39.87050102,0,440,OFF,RETRACTED,AUTO
21:18:30,13.12366627,38.7664434,0,434,OFF,RETRACTED,AUTO
21:18:30,13.78922877,37.56354266,0,433,OFF,RETRACTED,AUTO
21:18:30,14.31424688,36.26486585,0,437,OFF,RETRACTED,AUTO
21:18:30,14.69336945,34.87372422,0,441,OFF,RETRACTED,AUTO
21:18:30,14.92273233,33.39366478,0,448,OFF,RETRACTED,AUTO
21:18:31,14.99999778,31.82846124,0,456,OFF,RETRACTED,AUTO
21:18:31,14.92437828,30.18210442,0,459,OFF,RETRACTED,AUTO
21:18:31,14.69664458,28.45879204,0,460,OFF,RETRACTED,AUTO
21:18:31,14.3191178,26.66291805,0,457,OFF,RETRACTED,AUTO
21:18:31,13.79564584,24.7990614,0,450,OFF,RETRACTED,AUTO
21:18:31,13.13156408,22.87197438,0,441,OFF,RETRACTED,AUTO
21:18:31,12.33364107,20.88657051,0,436,OFF,RETRACTED,AUTO
21:18:31,11.41000951,18.84791198,0,433,OFF,RETRACTED,AUTO
21:18:31,10.37008335,16.76119678,0,436,OFF,RETRACTED,AUTO
21:18:31,9.224461862,14.63174542,0,440,OFF,RETRACTED,AUTO
21:18:32,7.984821606,12.46498737,0,448,OFF,RETRACTED,AUTO
21:18:32,6.663797403,10.26644725,0,454,OFF,RETRACTED,AUTO
21:18:32,5.27485357,8.041730692,0,459,OFF,RETRACTED,AUTO
21:18:32,3.832146682,5.796510063,0,460,OFF,RETRACTED,AUTO
21:18:32,2.350381286,3.536510026,0,457,OFF,RETRACTED,AUTO
21:18:32,0.844660024,1.267492921,0,450,OFF,RETRACTED,AUTO
21:18:32,-0.669670291,-1.004755922,0,441,OFF,RETRACTED,AUTO
21:18:32,-2.177175106,-3.27444293,0,436,OFF,RETRACTED,AUTO
21:18:32,-3.662489431,-5.535781064,0,433,OFF,RETRACTED,AUTO
21:18:32,-5.11047445,-7.783004573,0,435,OFF,RETRACTED,AUTO
21:18:33,-6.50637182,-10.01038369,0,440,OFF,RETRACTED,AUTO
21:18:33,-7.835954094,-12.21223926,0,447,OFF,RETRACTED,AUTO
21:18:33,-9.085669728,-14.38295717,0,452,OFF,RETRACTED,AUTO
21:18:33,-10.24278121,-16.51700275,0,459,OFF,RETRACTED,AUTO
21:18:33,-11.29549487,-18.60893479,0,460,OFF,RETRACTED,AUTO
21:18:33,-12.2330811,-20.65341948,0,458,OFF,RETRACTED,AUTO
21:18:33,-13.04598372,-22.64524398,0,451,OFF,RETRACTED,AUTO
21:18:33,-13.72591735,-24.57932972,0,442,OFF,RETRACTED,AUTO
21:18:33,-14.26595189,-26.45074534,0,437,OFF,RETRACTED,AUTO
21:18:33,-14.66058312,-28.25471929,0,433,OFF,RETRACTED,AUTO
21:18:34,-14.90578883,-29.98665195,0,436,OFF,RETRACTED,AUTO
21:18:34,-14.9990698,-31.6421274,0,440,OFF,RETRACTED,AUTO
21:18:34,-14.93947528,-33.21692466,0,448,OFF,RETRACTED,AUTO
21:18:34,-14.72761269,-34.70702847,0,454,OFF,RETRACTED,AUTO
21:18:34,-14.36564138,-36.10863948,0,460,OFF,RETRACTED,AUTO
21:18:34,-13.8572507,-37.418184,0,461,OFF,RETRACTED,AUTO
21:18:34,-13.20762233,-38.63232308,0,459,OFF,RETRACTED,AUTO
21:18:34,-12.4233775,-39.74796101,0,452,OFF,RETRACTED,AUTO
21:18:34,-11.51250949,-40.76225325,0,446,OFF,RETRACTED,AUTO
21:18:34,-10.48430217,-41.67261363,0,438,OFF,RETRACTED,AUTO
21:18:35,-9.349235375,-42.47672102,0,434,OFF,RETRACTED,AUTO
21:18:35,-8.118878071,-43.17252518,0,436,OFF,RETRACTED,AUTO
21:18:35,-6.805770472,-43.75825199,0,440,OFF,RETRACTED,AUTO
21:18:35,-5.423296207,-44.23240804,0,448,OFF,RETRACTED,AUTO
21:18:35,-3.98554591,-44.59378436,0,454,OFF,RETRACTED,AUTO
21:18:35,-2.507173609,-44.84145955,0,461,OFF,RETRACTED,AUTO
21:18:35,-1.003247364,-44.97480211,0,462,OFF,RETRACTED,AUTO
21:18:35,0.510904311,-44.99347205,0,460,OFF,RETRACTED,AUTO
21:18:35,2.019848679,-44.89742178,0,454,OFF,RETRACTED,AUTO
21:18:36,3.508206081,-44.68689618,0,447,OFF,RETRACTED,AUTO
21:18:36,4.960806684,-44.36243205,0,439,OFF,RETRACTED,AUTO
21:18:36,6.362845103,-43.92485666,0,436,OFF,RETRACTED,AUTO
21:18:36,7.700031296,-43.37528572,0,437,OFF,RETRACTED,AUTO
21:18:36,8.95873622,-42.71512046,0,441,OFF,RETRACTED,AUTO
21:18:36,10.12613074,-41.94604411,0,448,OFF,RETRACTED,AUTO
21:18:36,11.19031637,-41.07001759,0,456,OFF,RETRACTED,AUTO
21:18:36,12.1404466,-40.08927452,0,461,OFF,RETRACTED,AUTO
21:18:36,12.96683737,-39.0063155,0,462,OFF,RETRACTED,AUTO
21:18:36,13.66106585,-37.82390177,0,460,OFF,RETRACTED,AUTO
21:18:37,14.21605621,-36.54504813,0,454,OFF,RETRACTED,AUTO
21:18:37,14.62615182,-35.17301528,0,447,OFF,RETRACTED,AUTO
21:18:37,14.88717284,-33.71130151,0,439,OFF,RETRACTED,AUTO
21:18:37,14.99645887,-32.16363377,0,436,OFF,RETRACTED,AUTO
21:18:37,14.95289602,-30.53395815,0,437,OFF,RETRACTED,AUTO
21:18:37,14.75692831,-28.82642985,0,441,OFF,RETRACTED,AUTO
21:18:37,14.41055309,-27.04540257,0,448,OFF,RETRACTED,AUTO
21:18:37,13.91730074,-25.19541741,0,456,OFF,RETRACTED,AUTO
21:18:37,13.28219865,-23.28119129,0,461,OFF,RETRACTED,AUTO
21:18:37,12.51171999,-21.30760492,0,462,OFF,RETRACTED,AUTO
21:18:38,11.61371774,-19.27969039,0,460,OFF,RETRACTED,AUTO
21:18:38,10.59734463,-17.20261827,0,454,OFF,RETRACTED,AUTO
21:18:38,9.472959873,-15.0816845,0,447,OFF,RETRACTED,AUTO
21:18:38,8.252023571,-12.92229684,0,439,OFF,RETRACTED,AUTO
21:18:38,6.946979912,-10.72996109,0,436,OFF,RETRACTED,AUTO
21:18:38,5.571130332,-8.510267077,0,437,OFF,RETRACTED,AUTO
21:18:38,4.138497946,-6.268874365,0,441,OFF,RETRACTED,AUTO
21:18:38,2.663684619,-4.011497853,0,449,OFF,RETRACTED,AUTO
21:18:38,1.161722135,-1.743893192,0,456,OFF,RETRACTED,AUTO
21:18:38,-0.352081005,0.528157887,0,461,OFF,RETRACTED,AUTO
21:18:39,-1.862295619,2.798862317,0,462,OFF,RETRACTED,AUTO
21:18:39,-3.353529099,5.062430466,0,460,OFF,RETRACTED,AUTO
21:18:39,-4.8105823,7.313090895,0,454,OFF,RETRACTED,AUTO
21:18:39,-6.218604453,9.545105077,0,447,OFF,RETRACTED,AUTO
21:18:39,-7.563244529,11.75278203,0,438,OFF,RETRACTED,AUTO
21:18:39,-8.830797512,13.93049282,0,436,OFF,RETRACTED,AUTO
21:18:39,-10.00834408,16.07268491,0,438,OFF,RETRACTED,AUTO
21:18:39,-11.08388229,18.17389636,0,442,OFF,RETRACTED,AUTO
21:18:39,-12.0464499,20.22876967,0,450,OFF,RETRACTED,AUTO
21:18:39,-12.88623611,22.23206553,0,457,OFF,RETRACTED,AUTO
21:18:40,-13.59468152,24.1786761,0,461,OFF,RETRACTED,AUTO
21:18:40,-14.16456544,26.06363812,0,462,OFF,RETRACTED,AUTO
21:18:40,-14.59007942,27.88214546,0,460,OFF,RETRACTED,AUTO
21:18:40,-14.86688647,29.62956148,0,451,OFF,RETRACTED,AUTO
21:18:40,-14.99216529,31.30143076,0,444,OFF,RETRACTED,AUTO
21:18:40,-14.964639,32.89349053,0,437,OFF,RETRACTED,AUTO
21:18:40,-14.78458815,34.40168151,0,436,OFF,RETRACTED,AUTO
21:18:40,-14.45384788,35.82215824,0,438,OFF,RETRACTED,AUTO
21:18:40,-13.97578921,37.15129892,0,444,OFF,RETRACTED,AUTO
21:18:40,-13.35528466,38.38571464,0,450,OFF,RETRACTED,AUTO
21:18:41,-12.59865862,39.52225799,0,457,OFF,RETRACTED,AUTO
21:18:41,-11.71362289,40.55803112,0,462,OFF,RETRACTED,AUTO
21:18:41,-10.70919803,41.49039311,0,462,OFF,RETRACTED,AUTO
21:18:41,-9.595621474,42.31696671,0,459,OFF,RETRACTED,AUTO
21:18:41,-8.384243168,43.0356444,0,450,OFF,RETRACTED,AUTO
21:18:41,-7.087409877,43.64459376,0,442,OFF,RETRACTED,AUTO
21:18:41,-5.718339358,44.14226215,0,437,OFF,RETRACTED,AUTO
21:18:41,-4.29098563,44.52738066,0,436,OFF,RETRACTED,AUTO
21:18:41,-2.819896755,44.79896734,0,439,OFF,RETRACTED,AUTO
21:18:41,-1.320066558,44.95632974,0,446,OFF,RETRACTED,AUTO
21:18:42,0.193218195,44.99906662,0,451,OFF,RETRACTED,AUTO
21:18:42,1.704533603,44.92706902,0,459,OFF,RETRACTED,AUTO
21:18:42,3.198475841,44.7405205,0,462,OFF,RETRACTED,AUTO
21:18:42,4.659818153,44.43989672,0,461,OFF,RETRACTED,AUTO
21:18:42,6.073666056,44.02596418,0,457,OFF,RETRACTED,AUTO
21:18:42,7.425609141,43.49977828,0,449,OFF,RETRACTED,AUTO
21:18:42,8.701867959,42.86268065,0,440,OFF,RETRACTED,AUTO
21:18:42,9.889434456,42.11629569,0,436,OFF,RETRACTED,AUTO
21:18:42,10.97620456,41.26252648,0,436,OFF,RETRACTED,AUTO
21:18:42,11.95110155,40.30354987,0,440,OFF,RETRACTED,AUTO
21:18:43,12.80418896,39.24181097,0,447,OFF,RETRACTED,AUTO
21:18:43,13.52677183,38.08001691,0,454,OFF,RETRACTED,AUTO
21:18:43,14.11148536,36.82112992,0,460,OFF,RETRACTED,AUTO
21:18:43,14.55236996,35.46835981,0,462,OFF,RETRACTED,AUTO
21:18:43,14.84493199,34.02515573,0,461,OFF,RETRACTED,AUTO
21:18:43,14.98618955,32.49519743,0,456,OFF,RETRACTED,AUTO
21:18:43,14.9747029,30.88238587,0,447,OFF,RETRACTED,AUTO
21:18:43,14.81058912,29.19083324,0,439,OFF,RETRACTED,AUTO
21:18:43,14.49552091,27.42485251,0,436,OFF,RETRACTED,AUTO
21:18:43,14.03270955,25.58894641,0,437,OFF,RETRACTED,AUTO
21:18:44,13.42687216,23.68779596,0,441,OFF,RETRACTED,AUTO
21:18:44,12.68418365,21.72624855,0,449,OFF,RETRACTED,AUTO
21:18:44,11.81221373,19.70930556,0,456,OFF,RETRACTED,AUTO
21:18:44,10.81984982,17.64210958,0,461,OFF,RETRACTED,AUTO
21:18:44,9.717206415,15.52993138,0,462,OFF,RETRACTED,AUTO
21:18:44,8.515522024,13.37815638,0,460,OFF,RETRACTED,AUTO
21:18:44,7.227044613,11.19227099,0,452,OFF,RETRACTED,AUTO
21:18:44,5.864906768,8.977848583,0,444,OFF,RETRACTED,AUTO
21:18:44,4.442991851,6.740535278,0,437,OFF,RETRACTED,AUTO
21:18:44,2.975792489,4.486035576,0,435,OFF,RETRACTED,AUTO
21:18:45,1.478262865,2.220097794,0,438,OFF,RETRACTED,AUTO
21:18:45,-0.034333705,-0.051500591,0,445,OFF,RETRACTED,AUTO
21:18:45,-1.546580333,-2.322967663,0,451,OFF,RETRACTED,AUTO
21:18:45,-3.043063703,-4.588511846,0,459,OFF,RETRACTED,AUTO
21:18:45,-4.50853116,-6.842356664,0,462,OFF,RETRACTED,AUTO
21:18:45,-5.928046173,-9.07875547,0,462,OFF,RETRACTED,AUTO
21:18:45,-7.287140576,-11.2920061,0,457,OFF,RETRACTED,AUTO
21:18:45,-8.571962029,-13.47646541,0,449,OFF,RETRACTED,AUTO
21:18:45,-9.769415205,-15.62656367,0,440,OFF,RETRACTED,AUTO
21:18:46,-10.86729527,-17.73681875,0,436,OFF,RETRACTED,AUTO
21:18:46,-11.85441225,-19.80185012,0,436,OFF,RETRACTED,AUTO
21:18:46,-12.72070514,-21.81639256,0,440,OFF,RETRACTED,AUTO
21:18:46,-13.45734439,-23.77530956,0,447,OFF,RETRACTED,AUTO
21:18:46,-14.05682193,-25.67360647,0,453,OFF,RETRACTED,AUTO
21:18:46,-14.51302768,-27.50644317,0,460,OFF,RETRACTED,AUTO
21:18:46,-14.82131185,-29.26914648,0,462,OFF,RETRACTED,AUTO
21:18:46,-14.9785323,-30.957222,0,461,OFF,RETRACTED,AUTO
21:18:46,-14.98308658,-32.56636565,0,454,OFF,RETRACTED,AUTO
21:18:46,-14.83492829,-34.09247457,0,447,OFF,RETRACTED,AUTO
21:18:47,-14.53556749,-35.53165763,0,438,OFF,RETRACTED,AUTO
21:18:47,-14.08805537,-36.88024534,0,435,OFF,RETRACTED,AUTO
21:18:47,-13.49695312,-38.13479919,0,437,OFF,RETRACTED,AUTO
21:18:47,-12.76828546,-39.29212044,0,441,OFF,RETRACTED,AUTO
21:18:47,-11.9094792,-40.34925825,0,449,OFF,RETRACTED,AUTO
21:18:47,-10.92928759,-41.30351723,0,456,OFF,RETRACTED,AUTO
21:18:47,-9.837701054,-42.1524643,0,461,OFF,RETRACTED,AUTO
21:18:47,-8.645845412,-42.89393489,0,461,OFF,RETRACTED,AUTO
21:18:47,-7.36586845,-43.52603847,0,458,OFF,RETRACTED,AUTO
21:18:47,-6.010816116,-44.04716336,0,450,OFF,RETRACTED,AUTO
21:18:48,-4.594499554,-44.45598084,0,441,OFF,RETRACTED,AUTO
21:18:48,-3.13135433,-44.75144854,0,434,OFF,RETRACTED,AUTO
21:18:48,-1.636293306,-44.93281312,0,433,OFF,RETRACTED,AUTO
21:18:48,-0.124554638,-44.99961215,0,437,OFF,RETRACTED,AUTO
21:18:48,1.388453532,-44.95167529,0,442,OFF,RETRACTED,AUTO
21:18:48,2.887310124,-44.78912479,0,450,OFF,RETRACTED,AUTO
21:18:48,4.356738294,-44.5123751,0,457,OFF,RETRACTED,AUTO
21:18:48,5.781761144,-44.12213184,0,460,OFF,RETRACTED,AUTO
21:18:48,7.14785437,-43.61939003,0,459,OFF,RETRACTED,AUTO
21:18:48,8.441094296,-43.00543151,0,452,OFF,RETRACTED,AUTO
21:18:49,9.648299793,-42.2818217,0,446,OFF,RETRACTED,AUTO
21:18:49,10.75716662,-41.45040558,0,437,OFF,RETRACTED,AUTO
21:18:49,11.75639285,-40.51330303,0,433,OFF,RETRACTED,AUTO
21:18:49,12.63579402,-39.47290338,0,434,OFF,RETRACTED,AUTO
21:18:49,13.386407,-38.33185935,0,440,OFF,RETRACTED,AUTO
21:18:49,14.00058128,-37.09308027,0,447,OFF,RETRACTED,AUTO
21:18:49,14.472057,-35.75972467,0,454,OFF,RETRACTED,AUTO
21:18:49,14.79602872,-34.33519221,0,462,OFF,RETRACTED,AUTO
21:18:49,14.96919441,-32.82311503,0,462,OFF,RETRACTED,AUTO
21:18:49,14.98978912,-31.22734849,0,460,OFF,RETRACTED,AUTO
21:18:50,14.85760293,-29.55196132,0,451,OFF,RETRACTED,AUTO
21:18:50,14.57398313,-27.80122529,0,442,OFF,RETRACTED,AUTO
21:18:50,14.14182047,-25.97960424,0,437,OFF,RETRACTED,AUTO
21:18:50,13.56551968,-24.09174279,0,437,OFF,RETRACTED,AUTO
21:18:50,12.85095463,-22.14245443,0,440,OFF,RETRACTED,AUTO
21:18:50,12.00540839,-20.13670927,0,447,OFF,RETRACTED,AUTO
21:18:50,11.03749906,-18.07962139,0,453,OFF,RETRACTED,AUTO
21:18:50,9.957091871,-15.97643574,0,460,OFF,RETRACTED,AUTO
21:18:50,8.775198707,-13.83251485,0,462,OFF,RETRACTED,AUTO
21:18:50,7.503865812,-11.65332509,0,461,OFF,RETRACTED,AUTO
21:18:51,6.156051031,-9.444422744,0,456,OFF,RETRACTED,AUTO
21:18:51,4.745491739,-7.211439882,0,448,OFF,RETRACTED,AUTO
21:18:51,3.286564823,-4.960069952,0,439,OFF,RETRACTED,AUTO
21:18:51,1.794140149,-2.696053293,0,436,OFF,RETRACTED,AUTO
21:18:51,0.283429005,-0.425162484,0,438,OFF,RETRACTED,AUTO
21:18:51,-1.230170942,1.846812365,0,442,OFF,RETRACTED,AUTO
21:18:51,-2.731232578,4.114078381,0,450,OFF,RETRACTED,AUTO
21:18:51,-4.204456588,6.370854698,0,457,OFF,RETRACTED,AUTO
21:18:51,-5.634827383,8.611387196,0,462,OFF,RETRACTED,AUTO
21:18:51,-7.007766151,10.82996317,0,462,OFF,RETRACTED,AUTO
21:18:52,-8.309279446,13.0209259,0,460,OFF,RETRACTED,AUTO
21:18:52,-9.526101811,15.17868907,0,451,OFF,RETRACTED,AUTO
21:18:52,-10.64583099,17.29775102,0,442,OFF,RETRACTED,AUTO
21:18:52,-11.65705434,19.37270874,0,437,OFF,RETRACTED,AUTO
21:18:52,-12.54946512,21.39827172,0,437,OFF,RETRACTED,AUTO
21:18:52,-13.3139676,23.36927535,0,440,OFF,RETRACTED,AUTO
21:18:52,-13.94276971,25.28069416,0,448,OFF,RETRACTED,AUTO
21:18:52,-14.4294625,27.12765457,0,454,OFF,RETRACTED,AUTO
21:18:52,-14.76908542,28.90544738,0,460,OFF,RETRACTED,AUTO
21:18:52,-14.95817693,30.60953974,0,464,OFF,RETRACTED,AUTO
21:18:53,-14.99480975,32.23558671,0,461,OFF,RETRACTED,AUTO
21:18:53,-14.8786105,33.77944234,0,456,OFF,RETRACTED,AUTO
21:18:53,-14.61076352,35.23717026,0,448,OFF,RETRACTED,AUTO
21:18:53,-14.19399881,36.60505368,0,439,OFF,RETRACTED,AUTO
21:18:53,-13.63256415,37.8796049,0,437,OFF,RETRACTED,AUTO
21:18:53,-12.93218188,39.05757419,0,438,OFF,RETRACTED,AUTO
21:18:53,-12.09999054,40.13595806,0,442,OFF,RETRACTED,AUTO
21:18:53,-11.14447208,41.11200696,0,450,OFF,RETRACTED,AUTO
21:18:53,-10.07536547,41.98323224,0,459,OFF,RETRACTED,AUTO
21:18:53,-8.903567397,42.74741254,0,462,OFF,RETRACTED,AUTO
21:18:54,-7.641021217,43.40259941,0,463,OFF,RETRACTED,AUTO
21:18:54,-6.300595217,43.94712233,0,459,OFF,RETRACTED,AUTO
21:18:54,-4.895951464,44.37959291,0,450,OFF,RETRACTED,AUTO
21:18:54,-3.441406552,44.69890849,0,442,OFF,RETRACTED,AUTO
21:18:54,-1.951785684,44.9042549,0,437,OFF,RETRACTED,AUTO
21:18:54,-0.44227157,44.99510857,0,437,OFF,RETRACTED,AUTO
21:18:54,1.071750322,44.97123785,0,440,OFF,RETRACTED,AUTO
21:18:54,2.57484858,44.8327036,0,448,OFF,RETRACTED,AUTO
21:18:54,4.051703128,44.57985904,0,456,OFF,RETRACTED,AUTO
21:18:54,5.487261376,44.21334886,0,461,OFF,RETRACTED,AUTO
21:18:55,6.866891639,43.73410755,0,464,OFF,RETRACTED,AUTO
21:18:55,8.176532267,43.14335703,0,461,OFF,RETRACTED,AUTO
21:18:55,9.402834969,42.44260354,0,456,OFF,RETRACTED,AUTO
21:18:55,10.53330086,41.63363381,0,447,OFF,RETRACTED,AUTO
21:18:55,11.55640787,40.71851046,0,439,OFF,RETRACTED,AUTO
21:18:55,12.46172813,39.6995668,0,437,OFF,RETRACTED,AUTO
21:18:55,13.24003434,38.57940083,0,438,OFF,RETRACTED,AUTO
21:18:55,13.88339373,37.36086866,0,445,OFF,RETRACTED,AUTO
21:18:55,14.38524897,36.04707717,0,451,OFF,RETRACTED,AUTO
21:18:56,14.74048498,34.64137617,0,459,OFF,RETRACTED,AUTO
21:18:56,14.9454811,33.14734976,0,462,OFF,RETRACTED,AUTO
21:18:56,14.99814792,31.56880729,0,463,OFF,RETRACTED,AUTO
21:18:56,14.89794864,29.90977358,0,459,OFF,RETRACTED,AUTO
21:18:56,14.64590454,28.17447868,0,451,OFF,RETRACTED,AUTO
21:18:56,14.24458453,26.36734708,0,442,OFF,RETRACTED,AUTO
21:18:56,13.698079,24.49298645,0,437,OFF,RETRACTED,AUTO
21:18:56,13.0119581,22.55617585,0,437,OFF,RETRACTED,AUTO
21:18:56,12.19321502,20.56185358,0,440,OFF,RETRACTED,AUTO
21:18:56,11.25019466,18.5151046,0,448,OFF,RETRACTED,AUTO
21:18:57,10.19250858,16.4211475,0,456,OFF,RETRACTED,AUTO
21:18:57,9.030937077,14.28532127,0,461,OFF,RETRACTED,AUTO
21:18:57,7.777319274,12.11307164,0,463,OFF,RETRACTED,AUTO
21:18:57,6.444432456,9.909937211,0,461,OFF,RETRACTED,AUTO
21:18:57,5.045861848,7.681535338,0,456,OFF,RETRACTED,AUTO
21:18:57,3.595862144,5.433547792,0,447,OFF,RETRACTED,AUTO
21:18:57,2.109212223,3.171706286,0,439,OFF,RETRACTED,AUTO
21:18:57,0.601064511,0.901777854,0,436,OFF,RETRACTED,AUTO
21:18:57,-0.913209448,-1.370449848,0,438,OFF,RETRACTED,AUTO
21:18:57,-2.418175675,-3.639183302,0,445,OFF,RETRACTED,AUTO
21:18:58,-3.898495054,-5.898637902,0,451,OFF,RETRACTED,AUTO
21:18:58,-5.33907968,-8.143052697,0,459,OFF,RETRACTED,AUTO
21:18:58,-6.725246638,-10.36670509,0,462,OFF,RETRACTED,AUTO
21:18:58,-8.042867654,-12.5639254,0,462,OFF,RETRACTED,AUTO
21:18:58,-9.278513099,-14.72911138,0,459,OFF,RETRACTED,AUTO
21:18:58,-10.41958886,-16.85674242,0,450,OFF,RETRACTED,AUTO
21:18:58,-11.45446473,-18.94139369,0,441,OFF,RETRACTED,AUTO
21:18:58,-12.3725929,-20.97774993,0,437,OFF,RETRACTED,AUTO
21:18:58,-13.1646155,-22.96061904,0,437,OFF,RETRACTED,AUTO
21:18:58,-13.82245997,-24.88494527,0,440,OFF,RETRACTED,AUTO
21:18:59,-14.33942136,-26.74582215,0,448,OFF,RETRACTED,AUTO
21:18:59,-14.71023062,-28.538505,0,456,OFF,RETRACTED,AUTO
21:18:59,-14.93110833,-30.25842299,0,461,OFF,RETRACTED,AUTO
21:18:59,-14.99980324,-31.90119083,0,464,OFF,RETRACTED,AUTO
21:18:59,-14.91561519,-33.46261995,0,461,OFF,RETRACTED,AUTO
21:18:59,-14.67940224,-34.93872916,0,456,OFF,RETRACTED,AUTO
21:18:59,-14.29357197,-36.32575481,0,447,OFF,RETRACTED,AUTO
21:18:59,-13.76205688,-37.62016039,0,439,OFF,RETRACTED,AUTO
21:18:59,-13.09027434,-38.81864555,0,436,OFF,RETRACTED,AUTO
21:18:59,-12.28507139,-39.91815449,0,438,OFF,RETRACTED,AUTO
21:19:00,-11.35465493,-40.91588379,0,442,OFF,RETRACTED,AUTO
21:19:00,-10.30850806,-41.80928953,0,450,OFF,RETRACTED,AUTO
21:19:00,-9.157293457,-42.59609378,0,458,OFF,RETRACTED,AUTO
21:19:00,-7.91274469,-43.27429044,0,462,OFF,RETRACTED,AUTO
21:19:00,-6.587546608,-43.84215028,0,463,OFF,RETRACTED,AUTO
21:19:00,-5.195206069,-44.29822545,0,460,OFF,RETRACTED,AUTO
21:19:00,-3.749914269,-44.64135307,0,451,OFF,RETRACTED,AUTO
21:19:00,-2.266402101,-44.87065827,0,442,OFF,RETRACTED,AUTO
21:19:00,-0.759790011,-44.98555639,0,438,OFF,RETRACTED,AUTO
21:19:00,0.75456611,-44.98575448,0,437,OFF,RETRACTED,AUTO
21:19:01,2.261231443,-44.87125202,0,440,OFF,RETRACTED,AUTO
21:19:01,3.744849556,-44.64234098,0,447,OFF,RETRACTED,AUTO
21:19:01,5.190298923,-44.29960499,0,454,OFF,RETRACTED,AUTO
21:19:01,6.582847043,-43.84391795,0,460,OFF,RETRACTED,AUTO
21:19:01,7.908300606,-43.27644171,0,464,OFF,RETRACTED,AUTO
21:19:01,9.153150149,-42.59862318,0,462,OFF,RETRACTED,AUTO
21:19:01,10.30470775,-41.8121906,0,457,OFF,RETRACTED,AUTO
21:19:01,11.35123636,-40.91914914,0,448,OFF,RETRACTED,AUTO
21:19:01,12.28206941,-39.9217758,0,440,OFF,RETRACTED,AUTO
21:19:01,13.08771954,-38.82261358,0,437,OFF,RETRACTED,AUTO
21:19:02,13.7599753,-37.62446503,0,438,OFF,RETRACTED,AUTO
21:19:02,14.29198483,-36.33038508,0,442,OFF,RETRACTED,AUTO
21:19:02,14.67832572,-34.94367325,0,449,OFF,RETRACTED,AUTO
21:19:02,14.91506024,-33.46786526,0,457,OFF,RETRACTED,AUTO
21:19:02,14.99977554,-31.90672398,0,461,OFF,RETRACTED,AUTO
21:19:02,14.93160815,-30.26422987,0,464,OFF,RETRACTED,AUTO
21:19:02,14.71125287,-28.54457081,0,461,OFF,RETRACTED,AUTO
21:19:02,14.34095562,-26.75213142,0,454,OFF,RETRACTED,AUTO
21:19:02,13.82449061,-24.89148191,0,447,OFF,RETRACTED,AUTO
21:19:02,13.1671218,-22.96736639,0,438,OFF,RETRACTED,AUTO
21:19:03,12.37554933,-20.98469079,0,437,OFF,RETRACTED,AUTO
21:19:03,11.45784117,-18.94851035,0,439,OFF,RETRACTED,AUTO
21:19:03,10.42335088,-16.86401675,0,446,OFF,RETRACTED,AUTO
21:19:03,9.282622359,-14.73652482,0,451,OFF,RETRACTED,AUTO
21:19:03,8.047282271,-12.57145906,0,459,OFF,RETRACTED,AUTO
21:19:03,6.729921616,-10.37433975,0,462,OFF,RETRACTED,AUTO
21:19:03,5.343967372,-8.150768901,0,462,OFF,RETRACTED,AUTO
21:19:03,3.903545641,-5.90641597,0,459,OFF,RETRACTED,AUTO
21:19:03,2.423337681,-3.647003403,0,450,OFF,RETRACTED,AUTO
21:19:03,0.91843026,-1.378292042,0,442,OFF,RETRACTED,AUTO
21:19:04,-0.595838107,0.893933562,0,437,OFF,RETRACTED,AUTO
21:19:04,-2.104033494,3.163879896,0,437,OFF,RETRACTED,AUTO
21:19:04,-3.590783874,5.42575926,0,440,OFF,RETRACTED,AUTO
21:19:04,-5.040935796,7.673804521,0,447,OFF,RETRACTED,AUTO
21:19:04,-6.439708831,9.902283822,0,454,OFF,RETRACTED,AUTO
21:19:04,-7.77284622,12.10551519,0,460,OFF,RETRACTED,AUTO
21:19:04,-9.026760186,14.27788103,0,462,OFF,RETRACTED,AUTO
21:19:04,-10.18867042,16.41384244,0,462,OFF,RETRACTED,AUTO
21:19:04,-11.24673435,18.50795334,0,457,OFF,RETRACTED,AUTO
21:19:04,-12.19016784,20.55487436,0,448,OFF,RETRACTED,AUTO
21:19:05,-13.0093551,22.54938646,0,440,OFF,RETRACTED,AUTO
21:19:05,-13.69594671,24.4864042,0,437,OFF,RETRACTED,AUTO
21:19:05,-14.24294469,26.36098877,0,437,OFF,RETRACTED,AUTO
21:19:05,-14.64477386,28.1683605,0,441,OFF,RETRACTED,AUTO
21:19:05,-14.89733864,29.90391114,0,448,OFF,RETRACTED,AUTO
21:19:05,-14.99806481,31.56321554,0,456,OFF,RETRACTED,AUTO
21:19:05,-14.94592574,33.14204295,0,461,OFF,RETRACTED,AUTO
21:19:05,-14.74145284,34.63636783,0,463,OFF,RETRACTED,AUTO
21:19:05,-14.38673017,36.04238008,0,461,OFF,RETRACTED,AUTO
21:19:06,-13.88537318,37.35649478,0,454,OFF,RETRACTED,AUTO
21:19:06,-13.24249187,38.57536133,0,447,OFF,RETRACTED,AUTO
21:19:06,-12.4646387,39.69587196,0,439,OFF,RETRACTED,AUTO
21:19:06,-11.5597418,40.71516972,0,436,OFF,RETRACTED,AUTO
21:19:06,-10.53702418,41.63065567,0,438,OFF,RETRACTED,AUTO
21:19:06,-9.40690972,42.43999561,0,445,OFF,RETRACTED,AUTO
21:19:06,-8.18091692,43.14112595,0,450,OFF,RETRACTED,AUTO
21:19:06,-6.871541505,43.73225901,0,458,OFF,RETRACTED,AUTO
21:19:06,-5.492129064,44.21188758,0,462,OFF,RETRACTED,AUTO
21:19:06,-4.056739023,44.57878874,0,462,OFF,RETRACTED,AUTO
21:19:07,-2.580001355,44.83202701,0,459,OFF,RETRACTED,AUTO
21:19:07,-1.076967458,44.97095669,0,452,OFF,RETRACTED,AUTO
21:19:07,0.437043248,44.99522356,0,442,OFF,RETRACTED,AUTO
21:19:07,1.946599465,44.90476575,0,437,OFF,RETRACTED,AUTO
21:19:07,3.436315294,44.6998139,0,437,OFF,RETRACTED,AUTO
21:19:07,4.891007061,44.38089057,0,439,OFF,RETRACTED,AUTO
21:19:07,6.295848062,43.94880892,0,446,OFF,RETRACTED,AUTO
21:19:07,7.636519696,43.40467064,0,452,OFF,RETRACTED,AUTO
21:19:07,8.89935739,42.74986313,0,460,OFF,RETRACTED,AUTO
21:19:07,10.07148989,41.98605594,0,462,OFF,RETRACTED,AUTO
21:19:08,11.14097042,41.11519656,0,462,OFF,RETRACTED,AUTO
21:19:08,12.0968985,40.13950544,0,457,OFF,RETRACTED,AUTO
21:19:08,12.92953097,39.0614703,0,449,OFF,RETRACTED,AUTO
21:19:08,13.63038139,37.88383981,0,441,OFF,RETRACTED,AUTO
21:19:08,14.19230644,36.60961659,0,437,OFF,RETRACTED,AUTO
21:19:08,14.60957881,35.24204954,0,437,OFF,RETRACTED,AUTO
21:19:08,14.8779455,33.78462555,0,440,OFF,RETRACTED,AUTO
21:19:08,14.99467125,32.24106062,0,448,OFF,RETRACTED,AUTO
21:19:08,14.95856635,30.61529041,0,454,OFF,RETRACTED,AUTO
21:19:08,14.76999878,28.91146014,0,460,OFF,RETRACTED,AUTO
21:19:09,14.43089049,27.13391408,0,462,OFF,RETRACTED,AUTO
21:19:09,13.94469778,25.28718447,0,461,OFF,RETRACTED,AUTO
21:19:09,13.31637609,23.37597992,0,456,OFF,RETRACTED,AUTO
21:19:09,12.55232949,21.40517345,0,448,OFF,RETRACTED,AUTO
21:19:09,11.66034539,19.37979003,0,440,OFF,RETRACTED,AUTO
21:19:09,10.64951519,17.3049938,0,437,OFF,RETRACTED,AUTO
21:19:09,9.530141595,15.18607489,0,438,OFF,RETRACTED,AUTO
21:19:09,8.313633644,13.02843593,0,442,OFF,RETRACTED,AUTO
21:19:09,7.012390385,10.83757826,0,449,OFF,RETRACTED,AUTO
21:19:09,5.639674521,8.619087921,0,457,OFF,RETRACTED,AUTO
21:19:10,4.209477225,6.378621429,0,461,OFF,RETRACTED,AUTO
21:19:10,2.736375544,4.121891315,0,464,OFF,RETRACTED,AUTO
21:19:10,1.235383816,1.85465158,0,461,OFF,RETRACTED,AUTO
21:19:10,-0.278199352,-0.417316974,0,454,OFF,RETRACTED,AUTO
21:19:10,-1.788947021,-2.688221491,0,446,OFF,RETRACTED,AUTO
21:19:10,-3.281461149,-4.952271829,0,438,OFF,RETRACTED,AUTO
21:19:10,-4.740529538,-7.203695319,0,436,OFF,RETRACTED,AUTO
21:19:10,-6.151280879,-9.43675149,0,439,OFF,RETRACTED,AUTO
21:19:10,-7.499336329,-11.6457467,0,445,OFF,RETRACTED,AUTO
21:19:10,-8.770956058,-13.82504865,0,451,OFF,RETRACTED,AUTO
21:19:11,-9.953179298,-15.96910077,0,459,OFF,RETRACTED,AUTO
21:19:11,-11.03395644,-18.07243634,0,462,OFF,RETRACTED,AUTO
21:19:11,-12.00227184,-20.12969248,0,462,OFF,RETRACTED,AUTO
21:19:11,-12.84825611,-22.13562377,0,459,OFF,RETRACTED,AUTO
21:19:11,-13.5632867,-24.08511569,0,450,OFF,RETRACTED,AUTO
21:19:11,-14.14007577,-25.97319759,0,442,OFF,RETRACTED,AUTO
21:19:11,-14.57274451,-27.79505542,0,437,OFF,RETRACTED,AUTO
21:19:11,-14.85688302,-29.54604398,0,437,OFF,RETRACTED,AUTO
21:19:11,-14.98959524,-31.22169875,0,440,OFF,RETRACTED,AUTO
21:19:11,-14.96952855,-32.8177473,0,447,OFF,RETRACTED,AUTO
21:19:12,-14.79688747,-34.33012018,0,453,OFF,RETRACTED,AUTO
21:19:12,-14.4734316,-35.75496127,0,460,OFF,RETRACTED,AUTO
21:19:12,-14.00245773,-37.08863765,0,464,OFF,RETRACTED,AUTO
21:19:12,-13.38876617,-38.32774883,0,462,OFF,RETRACTED,AUTO
21:19:12,-12.63861187,-39.46913544,0,457,OFF,RETRACTED,AUTO
21:19:12,-11.75964065,-40.50988727,0,449,OFF,RETRACTED,AUTO
21:19:12,-10.76081128,-41.44735073,0,440,OFF,RETRACTED,AUTO
21:19:12,-9.652304157,-42.27913553,0,437,OFF,RETRACTED,AUTO
21:19:12,-8.445417551,-43.00312089,0,437,OFF,RETRACTED,AUTO
21:19:12,-7.152452452,-43.61746084,0,441,OFF,RETRACTED,AUTO
21:19:13,-5.786587188,-44.12058899,0,449,OFF,RETRACTED,AUTO
21:19:13,-4.361743111,-44.51122253,0,457,OFF,RETRACTED,AUTO
21:19:13,-2.892442703,-44.78836544,0,461,OFF,RETRACTED,AUTO
21:19:13,-1.393661561,-44.9513111,0,463,OFF,RETRACTED,AUTO
21:19:13,0.119324241,-44.99964404,0,461,OFF,RETRACTED,AUTO
21:19:13,1.631093851,-44.93324102,0,454,OFF,RETRACTED,AUTO
21:19:13,3.126238813,-44.75227135,0,447,OFF,RETRACTED,AUTO
21:19:13,4.589520112,-44.45719646,0,438,OFF,RETRACTED,AUTO
21:19:13,6.006023503,-44.04876869,0,437,OFF,RETRACTED,AUTO
21:19:13,7.361311512,-43.52802943,0,439,OFF,RETRACTED,AUTO
21:19:14,8.641570596,-42.89630639,0,446,OFF,RETRACTED,AUTO
21:19:14,9.83375193,-42.1552103,0,451,OFF,RETRACTED,AUTO
21:19:14,10.92570441,-41.30663073,0,459,OFF,RETRACTED,AUTO
21:19:14,11.90629849,-40.35273131,0,463,OFF,RETRACTED,AUTO
21:19:14,12.76553963,-39.2959442,0,464,OFF,RETRACTED,AUTO
21:19:14,13.49467016,-38.13896391,0,459,OFF,RETRACTED,AUTO
21:19:14,14.08625854,-36.88474039,0,451,OFF,RETRACTED,AUTO
21:19:14,14.53427511,-35.53647156,0,442,OFF,RETRACTED,AUTO
21:19:14,14.83415354,-34.09759509,0,438,OFF,RETRACTED,AUTO
21:19:14,14.98283735,-32.57177972,0,437,OFF,RETRACTED,AUTO
21:19:15,14.97881113,-30.96291581,0,441,OFF,RETRACTED,AUTO
21:19:15,14.8221159,-29.27510551,0,448,OFF,RETRACTED,AUTO
21:19:15,14.51434876,-27.51265223,0,456,OFF,RETRACTED,AUTO
21:19:15,14.05864656,-25.68004972,0,461,OFF,RETRACTED,AUTO
21:19:15,13.45965399,-23.78197059,0,464,OFF,RETRACTED,AUTO
21:19:15,12.72347616,-21.82325437,0,462,OFF,RETRACTED,AUTO
21:19:15,11.85761645,-19.80889522,0,457,OFF,RETRACTED,AUTO
21:19:15,10.87089998,-17.74402918,0,448,OFF,RETRACTED,AUTO
21:19:15,9.773383699,-15.63392104,0,440,OFF,RETRACTED,AUTO
21:19:16,8.576253854,-13.48395096,0,437,OFF,RETRACTED,AUTO
21:19:16,7.29171199,-11.29960075,0,438,OFF,RETRACTED,AUTO
21:19:16,5.932850581,-9.086439852,0,444,OFF,RETRACTED,AUTO
21:19:16,4.513519594,-6.850111186,0,450,OFF,RETRACTED,AUTO
21:19:16,3.04818532,-4.596316737,0,458,OFF,RETRACTED,AUTO
21:19:16,1.551782932,-2.330803021,0,462,OFF,RETRACTED,AUTO
21:19:16,0.039564258,-0.059346439,0,464,OFF,RETRACTED,AUTO
21:19:16,-1.473057668,2.21226146,0,460,OFF,RETRACTED,AUTO
21:19:16,-2.970665702,4.478228738,0,452,OFF,RETRACTED,AUTO
21:19:16,-4.437995728,6.732777839,0,446,OFF,RETRACTED,AUTO
21:19:17,-5.86009223,8.970160323,0,438,OFF,RETRACTED,AUTO
21:19:17,-7.222460732,11.18467152,0,437,OFF,RETRACTED,AUTO
21:19:17,-8.511215522,13.37066506,0,440,OFF,RETRACTED,AUTO
21:19:17,-9.713221183,15.52256732,0,447,OFF,RETRACTED,AUTO
21:19:17,-10.81622648,17.63489156,0,452,OFF,RETRACTED,AUTO
21:19:17,-11.80898921,19.70225197,0,460,OFF,RETRACTED,AUTO
21:19:17,-12.68139081,21.71937739,0,463,OFF,RETRACTED,AUTO
21:19:17,-13.42453947,23.68112474,0,462,OFF,RETRACTED,AUTO
21:19:17,-14.03086079,25.58249214,0,459,OFF,RETRACTED,AUTO
21:19:17,-14.49417492,27.41863165,0,450,OFF,RETRACTED,AUTO
21:19:18,-14.80975962,29.18486165,0,441,OFF,RETRACTED,AUTO
21:19:18,-14.97439834,30.87667878,0,437,OFF,RETRACTED,AUTO
21:19:18,-14.98641304,32.48976939,0,438,OFF,RETRACTED,AUTO
21:19:18,-14.84568124,34.02002057,0,442,OFF,RETRACTED,AUTO
21:19:18,-14.55363735,35.46353064,0,449,OFF,RETRACTED,AUTO
21:19:18,-14.11325797,36.81661905,0,457,OFF,RETRACTED,AUTO
21:19:18,-13.52903159,38.07583583,0,462,OFF,RETRACTED,AUTO
21:19:18,-12.80691283,39.23797034,0,464,OFF,RETRACTED,AUTO
21:19:18,-11.95426178,40.30005949,0,461,OFF,RETRACTED,AUTO
21:19:18,-10.97976893,41.25939525,0,456,OFF,RETRACTED,AUTO
21:19:19,-9.893366635,42.1135316,0,447,OFF,RETRACTED,AUTO
21:19:19,-8.706127874,42.86029073,0,440,OFF,RETRACTED,AUTO
21:19:19,-7.430153374,43.49776864,0,437,OFF,RETRACTED,AUTO
21:19:19,-6.078448289,44.02433993,0,439,OFF,RETRACTED,AUTO
21:19:19,-4.664789646,44.43866201,0,446,OFF,RETRACTED,AUTO
21:19:19,-3.203585921,44.73967848,0,451,OFF,RETRACTED,AUTO
21:19:19,-1.709730188,44.92662183,0,459,OFF,RETRACTED,AUTO
21:19:19,-0.198448318,44.9990154,0,463,OFF,RETRACTED,AUTO
21:19:19,1.314856203,44.95667463,0,464,OFF,RETRACTED,AUTO
21:19:19,2.814759273,44.79970745,0,460,OFF,RETRACTED,AUTO
21:19:20,4.285973385,44.52851411,0,452,OFF,RETRACTED,AUTO
21:19:20,5.713503437,44.14378605,0,442,OFF,RETRACTED,AUTO
21:19:20,7.082799569,43.64650422,0,438,OFF,RETRACTED,AUTO
21:19:20,8.379905461,43.03793655,0,437,OFF,RETRACTED,AUTO
21:19:20,9.591600581,42.31963471,0,440,OFF,RETRACTED,AUTO
21:19:20,10.70553493,41.49343015,0,448,OFF,RETRACTED,AUTO
21:19:20,11.71035492,40.56142946,0,454,OFF,RETRACTED,AUTO
21:19:20,12.5958191,39.52600897,0,461,OFF,RETRACTED,AUTO
21:19:20,13.35290251,38.38980869,0,464,OFF,RETRACTED,AUTO
21:19:20,13.97388872,37.1557256,0,462,OFF,RETRACTED,AUTO
21:19:21,14.45244843,35.82690627,0,457,OFF,RETRACTED,AUTO
21:19:21,14.78370399,34.40673878,0,449,OFF,RETRACTED,AUTO
21:19:21,14.96427915,32.89884415,0,441,OFF,RETRACTED,AUTO
21:19:21,14.99233342,31.30706707,0,437,OFF,RETRACTED,AUTO
21:19:21,14.86758085,29.63546611,0,438,OFF,RETRACTED,AUTO
21:19:21,14.59129298,27.88830337,0,442,OFF,RETRACTED,AUTO
21:19:21,14.16628582,26.07003359,0,450,OFF,RETRACTED,AUTO
21:19:21,13.59689118,24.18529284,0,457,OFF,RETRACTED,AUTO
21:19:21,12.88891252,22.23888665,0,462,OFF,RETRACTED,AUTO
21:19:21,12.0495658,20.2357778,0,464,OFF,RETRACTED,AUTO
21:19:22,11.08740591,18.18107362,0,461,OFF,RETRACTED,AUTO
21:19:22,10.0122395,16.080013,0,454,OFF,RETRACTED,AUTO
21:19:22,8.835025038,13.93795305,0,446,OFF,RETRACTED,AUTO
21:19:22,7.567761071,11.76035539,0,439,OFF,RETRACTED,AUTO
21:19:22,6.223363975,9.552772254,0,437,OFF,RETRACTED,AUTO
21:19:22,4.815536293,7.320832338,0,439,OFF,RETRACTED,AUTO
21:19:22,3.35862707,5.070226437,0,447,OFF,RETRACTED,AUTO
21:19:22,1.867485607,2.806692938,0,452,OFF,RETRACTED,AUTO
21:19:22,0.357310112,0.536003192,0,460,OFF,RETRACTED,AUTO
21:19:22,-1.156507206,-1.736053205,0,462,OFF,RETRACTED,AUTO
21:19:23,-2.658537019,-4.003683174,0,463,OFF,RETRACTED,AUTO
21:19:23,-4.133470143,-6.26110492,0,459,OFF,RETRACTED,AUTO
21:19:23,-5.566273569,-8.502562676,0,450,OFF,RETRACTED,AUTO
21:19:23,-6.942343692,-10.72234138,0,442,OFF,RETRACTED,AUTO
21:19:23,-8.247655148,-12.91478124,0,437,OFF,RETRACTED,AUTO
21:19:23,-9.46890377,-15.07429218,0,437,OFF,RETRACTED,AUTO
21:19:23,-10.59364219,-17.19536808,0,441,OFF,RETRACTED,AUTO
21:19:23,-11.6104067,-19.27260081,0,448,OFF,RETRACTED,AUTO
21:19:23,-12.5088341,-21.30069403,0,456,OFF,RETRACTED,AUTO
21:19:23,-13.27976731,-23.2744767,0,461,OFF,RETRACTED,AUTO
21:19:24,-13.91534874,-25.18891625,0,464,OFF,RETRACTED,AUTO
21:19:24,-14.40910033,-27.03913142,0,461,OFF,RETRACTED,AUTO
21:19:24,-14.75598959,-28.82040469,0,456,OFF,RETRACTED,AUTO
21:19:24,-14.95248092,-30.52819435,0,448,OFF,RETRACTED,AUTO
21:19:24,-14.99657161,-32.15814603,0,440,OFF,RETRACTED,AUTO
21:19:24,-14.88781227,-33.70610381,0,437,OFF,RETRACTED,AUTO
21:19:24,-14.62731142,-35.16812088,0,438,OFF,RETRACTED,AUTO
21:19:24,-14.21772417,-36.5404695,0,444,OFF,RETRACTED,AUTO
21:19:24,-13.66322516,-37.8196506,0,450,OFF,RETRACTED,AUTO
21:19:24,-12.96946604,-39.00240262,0,458,OFF,RETRACTED,AUTO
21:19:25,-12.14351782,-40.08570991,0,462,OFF,RETRACTED,AUTO
21:19:25,-11.19379885,-41.06681034,0,463,OFF,RETRACTED,AUTO
21:19:25,-10.12998897,-41.94320239,0,460,OFF,RETRACTED,AUTO
21:19:25,-8.962930883,-42.71265151,0,452,OFF,RETRACTED,AUTO
21:19:25,-7.70451964,-43.37319585,0,444,OFF,RETRACTED,AUTO
21:19:25,-6.36758138,-43.9231512,0,438,OFF,RETRACTED,AUTO
21:19:25,-4.965742621,-44.36111534,0,434,OFF,RETRACTED,AUTO
21:19:25,-3.513291369,-44.68597158,0,437,OFF,RETRACTED,AUTO
21:19:25,-2.025031488,-44.89689164,0,442,OFF,RETRACTED,AUTO
21:19:26,-0.516131814,-44.99333773,0,450,OFF,RETRACTED,AUTO
21:19:26,0.998028446,-44.97506395,0,457,OFF,RETRACTED,AUTO
21:19:26,2.502016469,-44.84211689,0,461,OFF,RETRACTED,AUTO
21:19:26,3.980503111,-44.59483551,0,460,OFF,RETRACTED,AUTO
21:19:26,5.418419148,-44.23385033,0,456,OFF,RETRACTED,AUTO
21:19:26,6.801108861,-43.76008174,0,448,OFF,RETRACTED,AUTO
21:19:26,8.114479421,-43.17473772,0,439,OFF,RETRACTED,AUTO
21:19:26,9.345144518,-42.47931072,0,434,OFF,RETRACTED,AUTO
21:19:26,10.48056081,-41.67557388,0,436,OFF,RETRACTED,AUTO
21:19:26,11.50915575,-40.76557649,0,440,OFF,RETRACTED,AUTO
21:19:27,12.42044556,-39.75163878,0,448,OFF,RETRACTED,AUTO
21:19:27,13.20514208,-38.636346,0,454,OFF,RETRACTED,AUTO
21:19:27,13.85524741,-37.42254182,0,460,OFF,RETRACTED,AUTO
21:19:27,14.36413548,-36.11332108,0,461,OFF,RETRACTED,AUTO
21:19:27,14.72661952,-34.71202191,0,459,OFF,RETRACTED,AUTO
21:19:27,14.93900497,-33.22221722,0,451,OFF,RETRACTED,AUTO
21:19:27,14.99912714,-31.64770558,0,442,OFF,RETRACTED,AUTO
21:19:27,14.90637323,-29.99250153,0,436,OFF,RETRACTED,AUTO
21:19:27,14.66168863,-28.26082535,0,433,OFF,RETRACTED,AUTO
21:19:27,14.26756724,-26.45709232,0,436,OFF,RETRACTED,AUTO
21:19:28,13.72802609,-24.58590143,0,440,OFF,RETRACTED,AUTO
21:19:28,13.04856434,-22.65202366,0,448,OFF,RETRACTED,AUTO
21:19:28,12.2361073,-20.66038985,0,456,OFF,RETRACTED,AUTO
21:19:28,11.2989358,-18.61607808,0,460,OFF,RETRACTED,AUTO
21:19:28,10.24660181,-16.52430074,0,460,OFF,RETRACTED,AUTO
21:19:28,9.089831059,-14.39039126,0,456,OFF,RETRACTED,AUTO
21:19:28,7.840413737,-12.21979048,0,448,OFF,RETRACTED,AUTO
21:19:28,6.511084321,-10.0180328,0,439,OFF,RETRACTED,AUTO
21:19:28,5.115391777,-7.790732069,0,434,OFF,RETRACTED,AUTO
21:19:28,3.667561466,-5.543567241,0,433,OFF,RETRACTED,AUTO
21:19:29,2.182350153,-3.282267935,0,438,OFF,RETRACTED,AUTO
21:19:29,0.674895605,-1.012599805,0,445,OFF,RETRACTED,AUTO
21:19:29,-0.839437703,1.25965016,0,451,OFF,RETRACTED,AUTO
21:19:29,-2.345215184,3.528688385,0,458,OFF,RETRACTED,AUTO
21:19:29,-3.827089455,5.788729484,0,461,OFF,RETRACTED,AUTO
21:19:29,-5.269956762,8.034011013,0,460,OFF,RETRACTED,AUTO
21:19:29,-6.659110924,10.25880816,0,452,OFF,RETRACTED,AUTO
21:19:29,-7.980393222,12.45744834,0,446,OFF,RETRACTED,AUTO
21:19:29,-9.220336709,14.62432566,0,437,OFF,RETRACTED,AUTO
21:19:29,-10.36630347,16.75391523,0,434,OFF,RETRACTED,AUTO
21:19:30,-11.40661343,18.8407872,0,436,OFF,RETRACTED,AUTO
21:19:30,-12.33066341,20.87962066,0,440,OFF,RETRACTED,AUTO
21:19:30,-13.12903519,22.86521719,0,448,OFF,RETRACTED,AUTO
21:19:30,-13.79359148,24.79251408,0,454,OFF,RETRACTED,AUTO
21:19:30,-14.31755893,26.65659731,0,460,OFF,RETRACTED,AUTO
21:19:30,-14.69559707,28.45271399,0,461,OFF,RETRACTED,AUTO
21:19:30,-14.92385282,30.17628456,0,459,OFF,RETRACTED,AUTO
21:19:30,-14.99999971,31.82291441,0,450,OFF,RETRACTED,AUTO
21:19:30,-14.92326164,33.38840512,0,442,OFF,RETRACTED,AUTO
21:19:30,-14.69442075,34.86876515,0,436,OFF,RETRACTED,AUTO
21:19:31,-14.31580945,36.26022,0,434,OFF,RETRACTED,AUTO
21:19:31,-13.79128668,37.55922188,0,438,OFF,RETRACTED,AUTO
21:19:31,-13.12619855,38.76245871,0,442,OFF,RETRACTED,AUTO
21:19:31,-12.32732385,39.86686258,0,450,OFF,RETRACTED,AUTO
21:19:31,-11.40280498,40.86961759,0,457,OFF,RETRACTED,AUTO
21:19:31,-10.36206495,41.76816701,0,461,OFF,RETRACTED,AUTO
21:19:31,-9.215711325,42.5602198,0,461,OFF,RETRACTED,AUTO
21:19:31,-7.975428114,43.24375645,0,456,OFF,RETRACTED,AUTO
21:19:31,-6.653856698,43.81703414,0,447,OFF,RETRACTED,AUTO
21:19:31,-5.264466969,44.2785912,0,438,OFF,RETRACTED,AUTO
21:19:32,-3.82142005,44.62725077,0,434,OFF,RETRACTED,AUTO
21:19:32,-2.339423952,44.86212387,0,434,OFF,RETRACTED,AUTO
21:19:32,-0.83358367,44.98261166,0,439,OFF,RETRACTED,AUTO
21:19:32,0.680752773,44.98840693,0,446,OFF,RETRACTED,AUTO
21:19:32,2.188150758,44.87949488,0,452,OFF,RETRACTED,AUTO
21:19:32,3.673246386,44.65615323,0,459,OFF,RETRACTED,AUTO
21:19:32,5.12090307,44.31895143,0,461,OFF,RETRACTED,AUTO
21:19:32,6.516365814,43.86874923,0,459,OFF,RETRACTED,AUTO
21:19:32,7.845411598,43.30669454,0,452,OFF,RETRACTED,AUTO
21:19:32,9.094494349,42.63422041,0,442,OFF,RETRACTED,AUTO
21:19:33,10.250883,41.85304147,0,437,OFF,RETRACTED,AUTO
21:19:33,11.30279126,40.96514949,0,434,OFF,RETRACTED,AUTO
21:19:33,12.23949772,39.97280834,0,436,OFF,RETRACTED,AUTO
21:19:33,13.05145517,38.8785482,0,441,OFF,RETRACTED,AUTO
21:19:33,13.73038787,37.68515911,0,449,OFF,RETRACTED,AUTO
21:19:33,14.2693759,36.39568386,0,456,OFF,RETRACTED,AUTO
21:19:33,14.66292573,35.01341025,0,460,OFF,RETRACTED,AUTO
21:19:33,14.90702616,33.54186266,0,460,OFF,RETRACTED,AUTO
21:19:33,14.99918924,31.98479311,0,457,OFF,RETRACTED,AUTO
21:19:33,14.93847562,30.34617168,0,449,OFF,RETRACTED,AUTO
21:19:34,14.72550411,28.63017637,0,440,OFF,RETRACTED,AUTO
21:19:34,14.36244538,26.84118247,0,434,OFF,RETRACTED,AUTO
21:19:34,13.85299985,24.98375139,0,433,OFF,RETRACTED,AUTO
21:19:34,13.20235995,23.06261904,0,437,OFF,RETRACTED,AUTO
21:19:34,12.41715723,21.08268374,0,444,OFF,RETRACTED,AUTO
21:19:34,11.50539473,19.04899376,0,451,OFF,RETRACTED,AUTO
21:19:34,10.47636544,16.96673439,0,459,OFF,RETRACTED,AUTO
21:19:34,9.340557559,14.84121482,0,461,OFF,RETRACTED,AUTO
21:19:34,8.109547622,12.67785447,0,460,OFF,RETRACTED,AUTO
21:19:34,6.795882489,10.4821693,0,454,OFF,RETRACTED,AUTO
21:19:35,5.412951471,8.259757654,0,447,OFF,RETRACTED,AUTO
21:19:35,3.974849859,6.016286039,0,438,OFF,RETRACTED,AUTO
21:19:35,2.49623526,3.757474651,0,434,OFF,RETRACTED,AUTO
21:19:35,0.992178204,1.4890828,0,436,OFF,RETRACTED,AUTO
21:19:35,-0.52199146,-0.783105778,0,440,OFF,RETRACTED,AUTO
21:19:35,-2.030840815,-3.053297664,0,448,OFF,RETRACTED,AUTO
21:19:35,-3.518991167,-5.315704533,0,454,OFF,RETRACTED,AUTO
21:19:35,-4.971274796,-7.564557908,0,461,OFF,RETRACTED,AUTO
21:19:35,-6.372889545,-9.794123868,0,462,OFF,RETRACTED,AUTO
21:19:36,-7.709549693,-11.99871767,0,460,OFF,RETRACTED,AUTO
21:19:36,-8.967631557,-14.17271825,0,452,OFF,RETRACTED,AUTO
21:19:36,-10.13431235,-16.31058253,0,446,OFF,RETRACTED,AUTO
21:19:36,-11.19770087,-18.40685959,0,438,OFF,RETRACTED,AUTO
21:19:36,-12.14695872,-20.45620453,0,436,OFF,RETRACTED,AUTO
21:19:36,-12.97241074,-22.45339212,0,439,OFF,RETRACTED,AUTO
21:19:36,-13.66564365,-24.39333011,0,446,OFF,RETRACTED,AUTO
21:19:36,-14.2195918,-26.27107224,0,451,OFF,RETRACTED,AUTO
21:19:36,-14.62860916,-28.0818308,0,459,OFF,RETRACTED,AUTO
21:19:36,-14.88852688,-29.82098889,0,462,OFF,RETRACTED,AUTO
21:19:37,-14.99669581,-31.48411216,0,462,OFF,RETRACTED,AUTO
21:19:37,-14.95201345,-33.06696014,0,458,OFF,RETRACTED,AUTO
21:19:37,-14.75493521,-34.56549702,0,449,OFF,RETRACTED,AUTO
21:19:37,-14.40746979,-35.97590198,0,441,OFF,RETRACTED,AUTO
21:19:37,-13.91315866,-37.29457889,0,437,OFF,RETRACTED,AUTO
21:19:37,-13.27704001,-38.51816551,0,436,OFF,RETRACTED,AUTO
21:19:37,-12.50559737,-39.64354206,0,440,OFF,RETRACTED,AUTO
21:19:37,-11.60669354,-40.66783914,0,447,OFF,RETRACTED,AUTO
21:19:37,-10.58949044,-41.58844511,0,454,OFF,RETRACTED,AUTO
21:19:37,-9.464355752,-42.40301268,0,460,OFF,RETRACTED,AUTO
21:19:38,-8.242757212,-43.10946496,0,462,OFF,RETRACTED,AUTO
21:19:38,-6.937145761,-43.70600068,0,461,OFF,RETRACTED,AUTO
21:19:38,-5.560828622,-44.19109885,0,456,OFF,RETRACTED,AUTO
21:19:38,-4.127833676,-44.56352263,0,447,OFF,RETRACTED,AUTO
21:19:38,-2.652766482,-44.82232243,0,439,OFF,RETRACTED,AUTO
21:19:38,-1.150661413,-44.9668384,0,436,OFF,RETRACTED,AUTO
21:19:38,0.363171578,-44.99670206,0,437,OFF,RETRACTED,AUTO
21:19:38,1.873303005,-44.91183726,0,442,OFF,RETRACTED,AUTO
21:19:38,3.364341106,-44.71246039,0,449,OFF,RETRACTED,AUTO
21:19:38,4.821088729,-44.39907979,0,457,OFF,RETRACTED,AUTO
21:19:39,6.228698218,-43.97249451,0,461,OFF,RETRACTED,AUTO
21:19:39,7.572822751,-43.4337922,0,462,OFF,RETRACTED,AUTO
21:19:39,8.839762567,-42.7843464,0,460,OFF,RETRACTED,AUTO
21:19:39,10.01660459,-42.02581301,0,452,OFF,RETRACTED,AUTO
21:19:39,11.09135407,-41.16012606,0,446,OFF,RETRACTED,AUTO
21:19:39,12.05305679,-40.18949281,0,438,OFF,RETRACTED,AUTO
21:19:39,12.89191076,-39.11638809,0,436,OFF,RETRACTED,AUTO
21:19:39,13.59936611,-37.94354799,0,438,OFF,RETRACTED,AUTO
21:19:39,14.16821222,-36.67396293,0,446,OFF,RETRACTED,AUTO
21:19:39,14.59265121,-35.31086996,0,451,OFF,RETRACTED,AUTO
21:19:40,14.86835707,-33.85774459,0,459,OFF,RETRACTED,AUTO
21:19:40,14.9925197,-32.31829185,0,462,OFF,RETRACTED,AUTO
21:19:40,14.96387361,-30.6964369,0,462,OFF,RETRACTED,AUTO
21:19:40,14.78271077,-28.996315,0,459,OFF,RETRACTED,AUTO
21:19:40,14.45087764,-27.22226096,0,450,OFF,RETRACTED,AUTO
21:19:40,13.97175637,-25.3787981,0,441,OFF,RETRACTED,AUTO
21:19:40,13.35023034,-23.47062672,0,437,OFF,RETRACTED,AUTO
21:19:40,12.59263434,-21.50261209,0,436,OFF,RETRACTED,AUTO
21:19:40,11.70669004,-19.47977207,0,440,OFF,RETRACTED,AUTO
21:19:40,10.70142727,-17.40726433,0,447,OFF,RETRACTED,AUTO
21:19:41,9.587092013,-15.29037314,0,454,OFF,RETRACTED,AUTO
21:19:41,8.375041939,-13.13449596,0,460,OFF,RETRACTED,AUTO
21:19:41,7.077630662,-10.94512966,0,462,OFF,RETRACTED,AUTO
21:19:41,5.70808183,-8.727856467,0,461,OFF,RETRACTED,AUTO
21:19:41,4.280354337,-6.48832979,0,456,OFF,RETRACTED,AUTO
21:19:41,2.809000055,-4.232259766,0,448,OFF,RETRACTED,AUTO
21:19:41,1.309015514,-1.965398715,0,440,OFF,RETRACTED,AUTO
21:19:41,-0.204310947,0.306473529,0,436,OFF,RETRACTED,AUTO
21:19:41,-1.715555003,2.577564354,0,437,OFF,RETRACTED,AUTO
21:19:41,-3.209313555,4.842083144,0,441,OFF,RETRACTED,AUTO
21:19:42,-4.670361719,7.094256034,0,449,OFF,RETRACTED,AUTO
21:19:42,-6.08380801,9.328340643,0,456,OFF,RETRACTED,AUTO
21:19:42,-7.435246114,11.53864071,0,461,OFF,RETRACTED,AUTO
21:19:42,-8.710901727,13.71952061,0,463,OFF,RETRACTED,AUTO
21:19:42,-9.897772944,15.86541973,0,460,OFF,RETRACTED,AUTO
21:19:42,-10.98376278,17.97086667,0,453,OFF,RETRACTED,AUTO
21:19:42,-11.95780247,20.03049314,0,446,OFF,RETRACTED,AUTO
21:19:42,-12.80996427,22.03904771,0,438,OFF,RETRACTED,AUTO
21:19:42,-13.53156268,23.99140913,0,436,OFF,RETRACTED,AUTO
21:19:42,-14.11524291,25.88259947,0,438,OFF,RETRACTED,AUTO
21:19:43,-14.55505592,27.70779673,0,446,OFF,RETRACTED,AUTO
21:19:43,-14.84651897,29.4623472,0,450,OFF,RETRACTED,AUTO
21:19:43,-14.98666139,31.14177729,0,457,OFF,RETRACTED,AUTO
21:19:43,-14.97405478,32.74180494,0,462,OFF,RETRACTED,AUTO
21:19:43,-14.80882765,34.25835054,0,462,OFF,RETRACTED,AUTO
21:19:43,-14.49266405,35.68754735,0,459,OFF,RETRACTED,AUTO
21:19:43,-14.02878641,37.02575133,0,451,OFF,RETRACTED,AUTO
21:19:43,-13.42192273,38.26955046,0,442,OFF,RETRACTED,AUTO
21:19:43,-12.67825837,39.4157734,0,437,OFF,RETRACTED,AUTO
21:19:44,-11.805373,40.46149763,0,436,OFF,RETRACTED,AUTO
21:19:44,-10.81216336,41.40405685,0,439,OFF,RETRACTED,AUTO
21:19:44,-9.708752571,42.24104782,0,446,OFF,RETRACTED,AUTO
21:19:44,-8.506386958,42.97033644,0,452,OFF,RETRACTED,AUTO
21:19:44,-7.217321431,43.59006325,0,460,OFF,RETRACTED,AUTO
21:19:44,-5.854694573,44.09864813,0,462,OFF,RETRACTED,AUTO
21:19:44,-4.432394729,44.49479432,0,461,OFF,RETRACTED,AUTO
21:19:44,-2.964918449,44.77749178,0,457,OFF,RETRACTED,AUTO
21:19:44,-1.467222739,44.94601971,0,449,OFF,RETRACTED,AUTO
21:19:44,0.045427392,44.99994841,0,440,OFF,RETRACTED,AUTO
21:19:44,1.557614512,44.93914038,0,436,OFF,RETRACTED,AUTO
21:19:45,3.053925908,44.76375066,0,437,OFF,RETRACTED,AUTO
21:19:45,4.51911068,44.47422644,0,441,OFF,RETRACTED,AUTO
21:19:45,5.938235179,44.07130593,0,448,OFF,RETRACTED,AUTO
21:19:45,7.296835218,43.55601645,0,456,OFF,RETRACTED,AUTO
21:19:45,8.581063496,42.92967185,0,461,OFF,RETRACTED,AUTO
21:19:45,9.777830732,42.19386912,0,462,OFF,RETRACTED,AUTO
21:19:45,10.87493908,41.35048434,0,461,OFF,RETRACTED,AUTO
21:19:45,11.86120644,40.4016679,0,454,OFF,RETRACTED,AUTO
21:19:45,12.72658046,39.34983899,0,447,OFF,RETRACTED,AUTO
21:19:46,13.46224096,38.19767949,0,439,OFF,RETRACTED,AUTO
21:19:46,14.06068984,36.94812706,0,433,OFF,RETRACTED,AUTO
21:19:46,14.5158275,35.60436768,0,436,OFF,RETRACTED,AUTO
21:19:46,14.82301505,34.16982757,0,440,OFF,RETRACTED,AUTO
21:19:46,14.97912152,32.64816437,0,448,OFF,RETRACTED,AUTO
21:19:46,14.98255582,31.04325788,0,454,OFF,RETRACTED,AUTO
21:19:46,14.83328294,29.35920014,0,460,OFF,RETRACTED,AUTO
21:19:46,14.53282433,27.60028502,0,461,OFF,RETRACTED,AUTO
21:19:46,14.08424237,25.77099723,0,457,OFF,RETRACTED,AUTO
21:19:46,13.49210914,23.87600091,0,450,OFF,RETRACTED,AUTO
21:19:47,12.76245986,21.92012777,0,440,OFF,RETRACTED,AUTO
21:19:47,11.90273137,19.9083647,0,434,OFF,RETRACTED,AUTO
21:19:47,10.92168629,17.84584111,0,433,OFF,RETRACTED,AUTO
21:19:47,9.829323775,15.73781583,0,437,OFF,RETRACTED,AUTO
21:19:47,8.636777532,13.58966372,0,442,OFF,RETRACTED,AUTO
21:19:47,7.356202392,11.40686194,0,450,OFF,RETRACTED,AUTO
21:19:47,6.0006504,9.194975987,0,457,OFF,RETRACTED,AUTO
21:19:47,4.583937791,6.959645529,0,460,OFF,RETRACTED,AUTO
21:19:47,3.12050417,4.706570008,0,460,OFF,RETRACTED,AUTO
21:19:47,1.625265336,2.441494106,0,454,OFF,RETRACTED,AUTO
21:19:48,0.11346126,0.170193108,0,448,OFF,RETRACTED,AUTO
21:19:48,-1.39949925,-2.101541833,0,439,OFF,RETRACTED,AUTO
21:19:48,-2.898195601,-4.367918456,0,434,OFF,RETRACTED,AUTO
21:19:48,-4.367352582,-6.623158163,0,434,OFF,RETRACTED,AUTO
21:19:48,-5.791996059,-8.861510749,0,438,OFF,RETRACTED,AUTO
21:19:48,-7.157605594,-11.07726907,0,445,OFF,RETRACTED,AUTO
21:19:48,-8.450262441,-13.26478359,0,451,OFF,RETRACTED,AUTO
21:19:48,-9.656791415,-15.41847678,0,458,OFF,RETRACTED,AUTO
21:19:48,-10.76489517,-17.53285736,0,460,OFF,RETRACTED,AUTO
21:19:48,-11.76327955,-19.60253427,0,459,OFF,RETRACTED,AUTO
21:19:49,-12.64176869,-21.62223044,0,452,OFF,RETRACTED,AUTO
21:19:49,-13.39140873,-23.58679624,0,446,OFF,RETRACTED,AUTO
21:19:49,-14.0045591,-25.49122259,0,437,OFF,RETRACTED,AUTO
21:19:49,-14.47497037,-27.33065376,0,433,OFF,RETRACTED,AUTO
21:19:49,-14.79784794,-29.10039975,0,434,OFF,RETRACTED,AUTO
21:19:49,-14.96990094,-30.79594821,0,439,OFF,RETRACTED,AUTO
21:19:49,-14.98937576,-32.412976,0,447,OFF,RETRACTED,AUTO
21:19:49,-14.85607389,-33.94736016,0,452,OFF,RETRACTED,AUTO
21:19:49,-14.57135399,-35.39518846,0,459,OFF,RETRACTED,AUTO
21:19:49,-14.13811803,-36.75276936,0,460,OFF,RETRACTED,AUTO
21:19:50,-13.56078169,-38.01664143,0,458,OFF,RETRACTED,AUTO
21:19:50,-12.84522937,-39.18358217,0,451,OFF,RETRACTED,AUTO
21:19:50,-11.99875421,-40.2506162,0,442,OFF,RETRACTED,AUTO
21:19:50,-11.02998378,-41.21502292,0,436,OFF,RETRACTED,AUTO
21:19:50,-9.948792098,-42.07434336,0,433,OFF,RETRACTED,AUTO
21:19:50,-8.766199032,-42.82638651,0,436,OFF,RETRACTED,AUTO
21:19:50,-7.494257963,-43.46923488,0,440,OFF,RETRACTED,AUTO
21:19:50,-6.145932934,-44.00124939,0,448,OFF,RETRACTED,AUTO
21:19:50,-4.73496652,-44.42107355,0,454,OFF,RETRACTED,AUTO
21:19:50,-3.275739759,-44.72763695,0,460,OFF,RETRACTED,AUTO
21:19:51,-1.783125574,-44.92015793,0,460,OFF,RETRACTED,AUTO
21:19:51,-0.272337182,-44.99814562,0,457,OFF,RETRACTED,AUTO
21:19:51,1.241226961,-44.96140118,0,450,OFF,RETRACTED,AUTO
21:19:51,2.742140107,-44.81001829,0,440,OFF,RETRACTED,AUTO
21:19:51,4.215104453,-44.54438293,0,434,OFF,RETRACTED,AUTO
21:19:51,5.645107058,-44.1651724,0,433,OFF,RETRACTED,AUTO
21:19:51,7.017572862,-43.67335358,0,436,OFF,RETRACTED,AUTO
21:19:51,8.318513239,-43.07018045,0,441,OFF,RETRACTED,AUTO
21:19:51,9.534668574,-42.35719094,0,449,OFF,RETRACTED,AUTO
21:19:51,10.65364341,-41.53620296,0,456,OFF,RETRACTED,AUTO
21:19:52,11.66403278,-40.60930978,0,460,OFF,RETRACTED,AUTO
21:19:52,12.55553847,-39.57887472,0,460,OFF,RETRACTED,AUTO
21:19:52,13.31907394,-38.44752508,0,456,OFF,RETRACTED,AUTO
21:19:52,13.94685701,-37.21814548,0,449,OFF,RETRACTED,AUTO
21:19:52,14.43248909,-35.89387048,0,440,OFF,RETRACTED,AUTO
21:19:52,14.77102046,-34.47807658,0,434,OFF,RETRACTED,AUTO
21:19:52,14.95900069,-32.97437365,0,433,OFF,RETRACTED,AUTO
21:19:52,14.99451384,-31.3865957,0,437,OFF,RETRACTED,AUTO
21:19:52,14.87719793,-29.71879109,0,442,OFF,RETRACTED,AUTO
21:19:52,14.6082487,-27.97521224,0,450,OFF,RETRACTED,AUTO
21:19:53,14.19040735,-26.16030476,0,457,OFF,RETRACTED,AUTO
21:19:53,13.62793267,-24.27869614,0,460,OFF,RETRACTED,AUTO
21:19:53,12.92655759,-22.33518394,0,460,OFF,RETRACTED,AUTO
21:19:53,12.09343075,-20.33472354,0,456,OFF,RETRACTED,AUTO
21:19:53,11.13704366,-18.28241553,0,448,OFF,RETRACTED,AUTO
21:19:53,10.06714413,-16.1834927,0,439,OFF,RETRACTED,AUTO
21:19:53,8.894636937,-14.04330668,0,434,OFF,RETRACTED,AUTO
21:19:53,7.631472654,-11.86731433,0,433,OFF,RETRACTED,AUTO
21:19:53,6.290525874,-9.6610638,0,438,OFF,RETRACTED,AUTO
21:19:53,4.885463971,-7.430180374,0,445,OFF,RETRACTED,AUTO
21:19:54,3.430607801,-5.180352157,0,450,OFF,RETRACTED,AUTO
21:19:54,1.940785739,-2.917315554,0,457,OFF,RETRACTED,AUTO
21:19:54,0.431182547,-0.646840648,0,460,OFF,RETRACTED,AUTO
21:19:54,-1.082815401,1.625283512,0,460,OFF,RETRACTED,AUTO
21:19:54,-2.585776936,3.893263674,0,454,OFF,RETRACTED,AUTO
21:19:54,-4.062383375,6.151317151,0,447,OFF,RETRACTED,AUTO
21:19:54,-5.497584658,8.393686564,0,438,OFF,RETRACTED,AUTO
21:19:54,-6.876752737,10.61465453,0,433,OFF,RETRACTED,AUTO
21:19:54,-8.185830673,12.80855822,0,434,OFF,RETRACTED,AUTO
21:19:54,-9.411475912,14.96980383,0,438,OFF,RETRACTED,AUTO
21:19:55,-10.54119627,17.09288081,0,446,OFF,RETRACTED,AUTO
21:19:55,-11.56347727,19.17237593,0,451,OFF,RETRACTED,AUTO
21:19:55,-12.46789947,21.20298709,0,459,OFF,RETRACTED,AUTO
21:19:55,-13.24524471,23.17953683,0,461,OFF,RETRACTED,AUTO
21:19:55,-13.88759003,25.09698551,0,459,OFF,RETRACTED,AUTO
21:19:55,-14.38838844,26.9504442,0,452,OFF,RETRACTED,AUTO
21:19:55,-14.74253562,28.73518714,0,446,OFF,RETRACTED,AUTO
21:19:55,-14.946422,30.44666373,0,438,OFF,RETRACTED,AUTO
21:19:55,-14.99796949,32.08051022,0,433,OFF,RETRACTED,AUTO
21:19:55,-14.89665271,33.63256077,0,434,OFF,RETRACTED,AUTO
21:19:56,-14.64350431,35.09885811,0,439,OFF,RETRACTED,AUTO
21:19:56,-14.24110446,36.47566361,0,446,OFF,RETRACTED,AUTO
21:19:56,-13.69355456,37.75946682,0,451,OFF,RETRACTED,AUTO
21:19:56,-13.00643542,38.94699441,0,458,OFF,RETRACTED,AUTO
21:19:56,-12.18675037,40.03521853,0,460,OFF,RETRACTED,AUTO
21:19:56,-11.24285393,41.02136453,0,459,OFF,RETRACTED,AUTO
21:19:56,-10.1843666,41.90291803,0,452,OFF,RETRACTED,AUTO
21:19:56,-9.022076833,42.67763133,0,446,OFF,RETRACTED,AUTO
21:19:56,-7.767831069,43.34352912,0,437,OFF,RETRACTED,AUTO
21:19:57,-6.434412997,43.89891356,0,433,OFF,RETRACTED,AUTO
21:19:57,-5.035413257,44.34236859,0,434,OFF,RETRACTED,AUTO
21:19:57,-3.585090916,44.67276353,0,438,OFF,RETRACTED,AUTO
21:19:57,-2.098228142,44.88925596,0,446,OFF,RETRACTED,AUTO
21:19:57,-0.589979531,44.99129389,0,451,OFF,RETRACTED,AUTO
21:19:57,0.924282346,44.97861716,0,459,OFF,RETRACTED,AUTO
21:19:57,2.429123632,44.85125809,0,460,OFF,RETRACTED,AUTO
21:19:57,3.909206485,44.6095414,0,459,OFF,RETRACTED,AUTO
21:19:57,5.349445411,44.2540834,0,452,OFF,RETRACTED,AUTO
21:19:57,6.735161017,43.78579041,0,446,OFF,RETRACTED,AUTO
21:19:58,8.05222963,43.20585644,0,437,OFF,RETRACTED,AUTO
21:19:58,9.287227253,42.51576015,0,433,OFF,RETRACTED,AUTO
21:19:58,10.42756638,41.71726108,0,434,OFF,RETRACTED,AUTO
21:19:58,11.46162429,40.81239517,0,438,OFF,RETRACTED,AUTO
21:19:58,12.37886154,39.80346957,0,446,OFF,RETRACTED,AUTO
21:19:58,13.16992932,38.69305674,0,451,OFF,RETRACTED,AUTO
21:19:58,13.82676483,37.48398791,0,457,OFF,RETRACTED,AUTO
21:19:58,14.34267336,36.17934586,0,460,OFF,RETRACTED,AUTO
21:19:58,14.71239662,34.78245704,0,459,OFF,RETRACTED,AUTO
21:19:58,14.93216626,33.29688311,0,452,OFF,RETRACTED,AUTO
21:19:59,14.99974232,31.72641184,0,447,OFF,RETRACTED,AUTO
21:19:59,14.91443603,30.07504749,0,438,OFF,RETRACTED,AUTO
21:19:59,14.67711687,28.34700054,0,433,OFF,RETRACTED,AUTO
21:19:59,14.29020367,26.54667702,0,433,OFF,RETRACTED,AUTO
21:19:59,13.75763998,24.67866723,0,438,OFF,RETRACTED,AUTO
21:19:59,13.08485387,22.74773403,0,445,OFF,RETRACTED,AUTO
21:19:59,12.2787026,20.75880076,0,451,OFF,RETRACTED,AUTO
21:19:59,11.34740272,18.7169386,0,457,OFF,RETRACTED,AUTO
21:19:59,10.30044635,16.62735372,0,460,OFF,RETRACTED,AUTO
21:19:59,9.148504424,14.49537393,0,460,OFF,RETRACTED,AUTO
21:20:00,7.903317908,12.32643518,0,454,OFF,RETRACTED,AUTO
21:20:00,6.577578158,10.12606761,0,447,OFF,RETRACTED,AUTO
21:20:00,5.184797553,7.899881528,0,439,OFF,RETRACTED,AUTO
21:20:00,3.739171773,5.653553053,0,433,OFF,RETRACTED,AUTO
21:20:00,2.255435117,3.392809669,0,433,OFF,RETRACTED,AUTO
21:20:00,0.748710318,1.123415611,0,437,OFF,RETRACTED,AUTO
21:20:00,-0.765645584,-1.148842829,0,442,OFF,RETRACTED,AUTO
21:20:00,-2.272197773,-3.418172056,0,450,OFF,RETRACTED,AUTO
21:20:00,-3.755590969,-5.678785941,0,457,OFF,RETRACTED,AUTO
21:20:00,-5.200705938,-7.92492058,0,460,OFF,RETRACTED,AUTO
21:20:01,-6.59281359,-10.15084899,0,460,OFF,RETRACTED,AUTO
21:20:01,-7.917725101,-12.35089569,0,457,OFF,RETRACTED,AUTO
21:20:01,-9.161936536,-14.51945121,0,449,OFF,RETRACTED,AUTO
21:20:01,-10.31276648,-16.65098638,0,441,OFF,RETRACTED,AUTO
21:20:01,-11.35848529,-18.74006639,0,437,OFF,RETRACTED,AUTO
21:20:01,-12.28843465,-20.7813647,0,435,OFF,RETRACTED,AUTO
21:20:01,-13.09313622,-22.7696766,0,438,OFF,RETRACTED,AUTO
21:20:01,-13.76438821,-24.69993247,0,444,OFF,RETRACTED,AUTO
21:20:01,-14.295349,-26.56721072,0,450,OFF,RETRACTED,AUTO
21:20:01,-14.68060685,-28.36675034,0,457,OFF,RETRACTED,AUTO
21:20:02,-14.91623509,-30.09396303,0,461,OFF,RETRACTED,AUTO
21:20:02,-14.99983213,-31.7444449,0,462,OFF,RETRACTED,AUTO
21:20:02,-14.9305459,-33.3139877,0,459,OFF,RETRACTED,AUTO
21:20:02,-14.70908261,-34.79858956,0,452,OFF,RETRACTED,AUTO
21:20:02,-14.33769948,-36.19446517,0,444,OFF,RETRACTED,AUTO
21:20:02,-13.82018176,-37.49805547,0,437,OFF,RETRACTED,AUTO
21:20:02,-13.16180417,-38.70603667,0,436,OFF,RETRACTED,AUTO
21:20:02,-12.36927711,-39.81532877,0,438,OFF,RETRACTED,AUTO
21:20:02,-11.45067829,-40.82310341,0,442,OFF,RETRACTED,AUTO
21:20:02,-10.41537036,-41.72679106,0,449,OFF,RETRACTED,AUTO
21:20:03,-9.273905522,-42.52408757,0,456,OFF,RETRACTED,AUTO
21:20:03,-8.037917969,-43.21296007,0,461,OFF,RETRACTED,AUTO
21:20:03,-6.720005293,-43.79165214,0,462,OFF,RETRACTED,AUTO
21:20:03,-5.333600097,-44.25868828,0,460,OFF,RETRACTED,AUTO
21:20:03,-3.892833083,-44.61287768,0,454,OFF,RETRACTED,AUTO
21:20:03,-2.412389024,-44.85331727,0,447,OFF,RETRACTED,AUTO
21:20:03,-0.907357097,-44.979394,0,439,OFF,RETRACTED,AUTO
21:20:03,0.606922914,-44.9907864,0,436,OFF,RETRACTED,AUTO
21:20:03,2.115016965,-44.88746543,0,436,OFF,RETRACTED,AUTO
21:20:03,3.601554063,-44.66969453,0,440,OFF,RETRACTED,AUTO
21:20:04,5.051382929,-44.33802895,0,448,OFF,RETRACTED,AUTO
21:20:04,6.449726427,-43.89331434,0,454,OFF,RETRACTED,AUTO
21:20:04,7.782332177,-43.33668459,0,460,OFF,RETRACTED,AUTO
21:20:04,9.035617819,-42.66955894,0,462,OFF,RETRACTED,AUTO
21:20:04,10.19680945,-41.89363838,0,461,OFF,RETRACTED,AUTO
21:20:04,11.25407182,-41.01090127,0,456,OFF,RETRACTED,AUTO
21:20:04,12.19662897,-40.02359834,0,448,OFF,RETRACTED,AUTO
21:20:04,13.01487403,-38.93424691,0,440,OFF,RETRACTED,AUTO
21:20:04,13.70046719,-37.74562452,0,436,OFF,RETRACTED,AUTO
21:20:04,14.24642064,-36.46076181,0,436,OFF,RETRACTED,AUTO
21:20:05,14.64716986,-35.08293479,0,439,OFF,RETRACTED,AUTO
21:20:05,14.89863027,-33.61565654,0,446,OFF,RETRACTED,AUTO
21:20:05,14.9982389,-32.06266818,0,451,OFF,RETRACTED,AUTO
21:20:05,14.94498052,-30.42792937,0,459,OFF,RETRACTED,AUTO
21:20:05,14.73939794,-28.71560822,0,462,OFF,RETRACTED,AUTO
21:20:05,14.38358654,-26.93007066,0,462,OFF,RETRACTED,AUTO
21:20:05,13.88117286,-25.07586928,0,459,OFF,RETRACTED,AUTO
21:20:05,13.23727767,-23.15773175,0,450,OFF,RETRACTED,AUTO
21:20:05,12.45846376,-21.18054877,0,442,OFF,RETRACTED,AUTO
21:20:06,11.55266906,-19.14936157,0,437,OFF,RETRACTED,AUTO
21:20:06,10.52912573,-17.06934909,0,436,OFF,RETRACTED,AUTO
21:20:06,9.398266058,-14.94581475,0,438,OFF,RETRACTED,AUTO
21:20:06,8.171616149,-12.78417295,0,442,OFF,RETRACTED,AUTO
21:20:06,6.861678422,-10.58993524,0,450,OFF,RETRACTED,AUTO
21:20:06,5.481804195,-8.368696289,0,457,OFF,RETRACTED,AUTO
21:20:06,4.046057604,-6.126119603,0,461,OFF,RETRACTED,AUTO
21:20:06,2.569072254,-3.8679231,0,462,OFF,RETRACTED,AUTO
21:20:06,1.065902068,-1.599864523,0,460,OFF,RETRACTED,AUTO
21:20:06,-0.448132145,0.672273242,0,452,OFF,RETRACTED,AUTO
21:20:07,-1.957598846,2.942696907,0,446,OFF,RETRACTED,AUTO
21:20:07,-3.447113052,5.205617553,0,438,OFF,RETRACTED,AUTO
21:20:07,-4.901493139,7.455265394,0,436,OFF,RETRACTED,AUTO
21:20:07,-6.305915585,9.685904486,0,437,OFF,RETRACTED,AUTO
21:20:07,-7.64606605,11.89184735,0,441,OFF,RETRACTED,AUTO
21:20:07,-8.908285277,14.06746947,0,448,OFF,RETRACTED,AUTO
21:20:07,-10.07970831,16.20722365,0,456,OFF,RETRACTED,AUTO
21:20:07,-11.14839562,18.30565415,0,460,OFF,RETRACTED,AUTO
21:20:07,-12.10345478,20.35741057,0,462,OFF,RETRACTED,AUTO
21:20:07,-12.93515153,22.35726153,0,461,OFF,RETRACTED,AUTO
21:20:08,-13.63500893,24.30010801,0,456,OFF,RETRACTED,AUTO
21:20:08,-14.19589379,26.1809963,0,448,OFF,RETRACTED,AUTO
21:20:08,-14.61208941,27.9951307,0,440,OFF,RETRACTED,AUTO
21:20:08,-14.87935377,29.73788569,0,436,OFF,RETRACTED,AUTO
21:20:08,-14.99496283,31.40481775,0,436,OFF,RETRACTED,AUTO
21:20:08,-14.95773826,32.99167669,0,439,OFF,RETRACTED,AUTO
21:20:08,-14.76805947,34.49441649,0,446,OFF,RETRACTED,AUTO
21:20:08,-14.42785972,35.9092056,0,451,OFF,RETRACTED,AUTO
21:20:08,-13.94060645,37.23243671,0,459,OFF,RETRACTED,AUTO
21:20:08,-13.3112659,38.46073598,0,461,OFF,RETRACTED,AUTO
21:20:09,-12.54625252,39.59097161,0,462,OFF,RETRACTED,AUTO
21:20:09,-11.65336358,40.62026181,0,458,OFF,RETRACTED,AUTO
21:20:09,-10.64169969,41.5459822,0,449,OFF,RETRACTED,AUTO
21:20:09,-9.521572077,42.36577247,0,440,OFF,RETRACTED,AUTO
21:20:09,-8.304397447,43.07754239,0,435,OFF,RETRACTED,AUTO
21:20:09,-7.002581647,43.67947715,0,433,OFF,RETRACTED,AUTO
21:20:09,-5.629393216,44.17004199,0,436,OFF,RETRACTED,AUTO
21:20:09,-4.198828144,44.54798612,0,441,OFF,RETRACTED,AUTO
21:20:09,-2.725467225,44.81234589,0,448,OFF,RETRACTED,AUTO
21:20:09,-1.224327441,44.96244727,0,454,OFF,RETRACTED,AUTO
21:20:10,0.289291094,44.99790752,0,459,OFF,RETRACTED,AUTO
21:20:10,1.799961078,44.91863625,0,460,OFF,RETRACTED,AUTO
21:20:10,3.292285263,44.72483557,0,459,OFF,RETRACTED,AUTO
21:20:10,4.751053385,44.41699962,0,451,OFF,RETRACTED,AUTO
21:20:10,6.161397198,43.99591329,0,444,OFF,RETRACTED,AUTO
21:20:10,7.50894201,43.46265022,0,437,OFF,RETRACTED,AUTO
21:20:10,8.779953197,42.81857008,0,441,ON,RETRACTED,AUTO
21:20:10,9.961476193,42.06531508,0,442,ON,RETRACTED,AUTO
21:20:10,11.04146852,41.20480582,0,448,ON,RETRACTED,AUTO
21:20:10,12.00892255,40.23923633,0,454,ON,RETRACTED,AUTO
21:20:11,12.85397766,39.17106853,0,460,ON,RETRACTED,AUTO
21:20:11,13.56802077,38.00302594,0,466,ON,RETRACTED,AUTO
21:20:11,14.14377412,36.73808673,0,469,ON,RETRACTED,AUTO
21:20:11,14.57536944,35.37947613,0,466,ON,RETRACTED,AUTO
21:20:11,14.85840776,33.93065819,0,462,ON,RETRACTED,AUTO
21:20:11,14.99000428,32.39532698,0,456,ON,RETRACTED,AUTO
21:20:11,14.9688177,30.77739714,0,448,ON,RETRACTED,AUTO
21:20:11,14.79506397,29.08099392,0,442,ON,RETRACTED,AUTO
21:20:11,14.47051405,27.31044266,0,441,ON,RETRACTED,AUTO
21:20:11,13.99847586,25.47025774,0,447,ON,RETRACTED,AUTO
21:20:12,13.38376057,23.5651311,0,451,ON,RETRACTED,AUTO
21:20:12,12.63263355,21.59992026,0,459,ON,RETRACTED,AUTO
21:20:12,11.75275055,19.57963592,0,457,OFF,RETRACTED,AUTO
21:20:12,10.75307962,17.50942923,0,460,OFF,RETRACTED,AUTO
21:20:12,9.643809746,15.39457861,0,460,OFF,RETRACTED,AUTO
21:20:12,8.436246965,13.2404763,0,456,OFF,RETRACTED,AUTO
21:20:12,7.142699161,11.05261465,0,449,OFF,RETRACTED,AUTO
21:20:12,5.776350601,8.836572056,0,441,OFF,RETRACTED,AUTO
21:20:12,4.351127562,6.597998782,0,436,OFF,RETRACTED,AUTO
21:20:12,2.88155639,4.342602538,0,433,OFF,RETRACTED,AUTO
21:20:13,1.38261544,2.076133924,0,436,OFF,RETRACTED,AUTO
21:20:13,-0.130417584,-0.195628224,0,441,OFF,RETRACTED,AUTO
21:20:13,-1.642121348,-2.466891578,0,449,OFF,RETRACTED,AUTO
21:20:13,-3.137088068,-4.731865078,0,160,OFF,RETRACTED,AUTO
21:20:13,-4.600080548,-6.984773704,0,138,OFF,RETRACTED,AUTO
21:20:13,-6.016187482,-9.219873195,0,118,OFF,RETRACTED,AUTO
21:20:13,-7.370975441,-11.4314647,0,108,OFF,RETRACTED,AUTO
21:20:13,-8.650635977,-13.61390931,0,102,OFF,RETRACTED,AUTO
21:20:13,-9.842126365,-15.76164243,0,97,OFF,RETRACTED,AUTO
21:20:13,-10.93330254,-17.86918795,0,94,OFF,RETRACTED,AUTO
21:20:14,-11.91304288,-19.93117227,0,94,OFF,RETRACTED,AUTO
21:20:14,-12.77136153,-21.94233791,0,96,OFF,RETRACTED,AUTO
21:20:14,-13.49951024,-23.897557,0,96,OFF,RETRACTED,AUTO
21:20:14,-14.09006747,-25.7918443,0,97,OFF,RETRACTED,AUTO
21:20:14,-14.53701406,-27.62036992,0,98,OFF,RETRACTED,AUTO
21:20:14,-14.83579459,-29.37847166,0,98,OFF,RETRACTED,AUTO
21:20:14,-14.98336379,-31.06166688,0,99,OFF,RETRACTED,AUTO
21:20:14,-14.97821758,-32.66566391,0,99,OFF,RETRACTED,AUTO
21:20:14,-14.82040842,-34.18637303,0,98,OFF,RETRACTED,AUTO
21:20:14,-14.51154474,-35.61991689,0,97,OFF,RETRACTED,AUTO
21:20:15,-14.0547746,-36.96264036,0,97,OFF,RETRACTED,AUTO
21:20:15,-13.45475353,-38.21111988,0,99,OFF,RETRACTED,AUTO
21:20:15,-12.71759716,-39.3621722,0,104,OFF,RETRACTED,AUTO
21:20:15,-11.85081883,-40.41286248,0,373,OFF,RETRACTED,AUTO
21:20:15,-10.86325302,-41.36051175,0,403,OFF,RETRACTED,AUTO
21:20:15,-9.764965347,-42.20270379,0,124,OFF,RETRACTED,AUTO
21:20:15,-8.567149909,-42.93729126,0,426,OFF,RETRACTED,AUTO
21:20:15,-7.28201524,-43.56240117,0,451,OFF,RETRACTED,AUTO
21:20:15,-5.92265986,-44.07643968,0,462,ON,RETRACTED,AUTO
21:20:15,-4.502938769,-44.47809613,0,460,ON,RETRACTED,AUTO
21:20:16,-3.037322235,-44.76634642,0,452,ON,RETRACTED,AUTO
21:20:16,-1.540748306,-44.9404556,0,447,ON,RETRACTED,AUTO
21:20:16,-0.02847056,-44.99997974,0,441,ON,RETRACTED,AUTO
21:20:16,1.484097367,-44.94476706,0,440,ON,RETRACTED,AUTO
21:20:16,2.981538883,-44.77495835,0,446,ON,RETRACTED,AUTO
21:20:16,4.448591566,-44.49098656,0,450,ON,RETRACTED,AUTO
21:20:16,5.870302731,-44.09357575,0,457,ON,RETRACTED,AUTO
21:20:16,7.232181825,-43.5837392,0,464,ON,RETRACTED,AUTO
21:20:16,8.520348127,-42.96277683,0,468,ON,RETRACTED,AUTO
21:20:17,9.721672219,-42.23227192,0,468,ON,RETRACTED,AUTO
21:20:17,10.82390981,-41.39408705,0,464,ON,RETRACTED,AUTO
21:20:17,11.81582652,-40.45035934,0,458,ON,RETRACTED,AUTO
21:20:17,12.68731242,-39.40349503,0,450,ON,RETRACTED,AUTO
21:20:17,13.42948502,-38.2561633,0,442,ON,RETRACTED,AUTO
21:20:17,14.03477987,-37.01128953,0,441,ON,RETRACTED,AUTO
21:20:17,14.49702759,-35.67204777,0,436,OFF,RETRACTED,AUTO
21:20:17,14.8115168,-34.24185271,0,440,OFF,RETRACTED,AUTO
21:20:17,14.97504213,-32.72435092,0,448,OFF,RETRACTED,AUTO
21:20:17,14.98593686,-31.12341158,0,454,OFF,RETRACTED,AUTO
21:20:18,14.84408997,-29.44311663,0,459,OFF,RETRACTED,AUTO
21:20:18,14.55094719,-27.68775034,0,460,OFF,RETRACTED,AUTO
21:20:18,14.10949634,-25.86178836,0,459,OFF,RETRACTED,AUTO
21:20:18,13.52423683,-23.96988637,0,450,OFF,RETRACTED,AUTO
21:20:18,12.80113381,-22.01686816,0,444,OFF,RETRACTED,AUTO
21:20:18,11.94755741,-20.00771337,0,437,OFF,RETRACTED,AUTO
21:20:18,10.97220753,-17.94754476,0,433,OFF,RETRACTED,AUTO
21:20:18,9.885025288,-15.84161514,0,434,OFF,RETRACTED,AUTO
21:20:18,8.69709159,-13.69529403,0,439,OFF,RETRACTED,AUTO
21:20:18,7.420514254,-11.51405392,0,446,OFF,RETRACTED,AUTO
21:20:19,6.068304578,-9.30345633,0,452,OFF,RETRACTED,AUTO
21:20:19,4.654244732,-7.069137644,0,459,OFF,RETRACTED,AUTO
21:20:19,3.192747282,-4.816794721,0,460,OFF,RETRACTED,AUTO
21:20:19,1.698708294,-2.552170377,0,459,OFF,RETRACTED,AUTO
21:20:19,0.187355509,-0.281038744,0,453,OFF,RETRACTED,AUTO
21:20:19,-1.325906866,1.990809455,0,447,OFF,RETRACTED,AUTO
21:20:19,-2.825655159,4.257581672,0,438,OFF,RETRACTED,AUTO
21:20:19,-4.296603438,6.513498298,0,433,OFF,RETRACTED,AUTO
21:20:19,-5.723759312,8.752807406,0,434,OFF,RETRACTED,AUTO
21:20:19,-7.092576735,10.96979941,0,438,OFF,RETRACTED,AUTO
21:20:20,-8.389104267,13.15882163,0,446,OFF,RETRACTED,AUTO
21:20:20,-9.600127269,15.31429269,0,451,OFF,RETRACTED,AUTO
21:20:20,-10.71330259,17.43071678,0,457,OFF,RETRACTED,AUTO
21:20:20,-11.71728439,19.50269763,0,460,OFF,RETRACTED,AUTO
21:20:20,-12.60183974,21.52495229,0,460,OFF,RETRACTED,AUTO
21:20:20,-13.35795297,23.49232461,0,456,OFF,RETRACTED,AUTO
21:20:20,-13.97791752,25.39979836,0,448,OFF,RETRACTED,AUTO
21:20:20,-14.4554145,27.24251004,0,439,OFF,RETRACTED,AUTO
21:20:20,-14.7855771,29.01576127,0,434,OFF,RETRACTED,AUTO
21:20:20,-14.96504021,30.71503078,0,433,OFF,RETRACTED,AUTO
21:20:21,-14.99197467,32.33598593,0,437,OFF,RETRACTED,AUTO
21:20:21,-14.86610596,33.87449376,0,442,OFF,RETRACTED,AUTO
21:20:21,-14.58871697,35.32663151,0,449,OFF,RETRACTED,AUTO
21:20:21,-14.16263495,36.68869667,0,456,OFF,RETRACTED,AUTO
21:20:21,-13.59220266,37.95721636,0,460,OFF,RETRACTED,AUTO
21:20:21,-12.88323414,39.12895623,0,460,OFF,RETRACTED,AUTO
21:20:21,-12.04295543,40.20092869,0,456,OFF,RETRACTED,AUTO
21:20:21,-11.07993092,41.17040052,0,449,OFF,RETRACTED,AUTO
21:20:21,-10.0039761,42.03489984,0,201,OFF,RETRACTED,AUTO
21:20:21,-8.826057429,42.79222244,0,94,OFF,RETRACTED,AUTO
21:20:22,-7.558180661,43.44043736,0,62,OFF,RETRACTED,AUTO
21:20:22,-6.213268412,43.97789185,0,48,OFF,RETRACTED,AUTO
21:20:22,-4.805028474,44.40321556,0,41,OFF,RETRACTED,AUTO
21:20:22,-3.347814093,44.71532402,0,36,OFF,RETRACTED,AUTO
21:20:22,-1.856477682,44.91342147,0,31,OFF,RETRACTED,AUTO
21:20:22,-0.346219436,44.9970028,0,30,OFF,RETRACTED,AUTO
21:20:22,1.167567593,44.96585492,0,28,OFF,RETRACTED,AUTO
21:20:22,2.669454387,44.82005722,0,28,OFF,RETRACTED,AUTO
21:20:22,4.144133217,44.55998147,0,27,OFF,RETRACTED,AUTO
21:20:22,5.576573669,44.18629078,0,27,OFF,RETRACTED,AUTO
21:20:23,6.952175835,43.69993794,0,25,OFF,RETRACTED,AUTO
21:20:23,8.256919122,43.10216302,0,24,OFF,RETRACTED,AUTO
21:20:23,9.477505154,42.39449016,0,24,OFF,RETRACTED,AUTO
21:20:23,10.60149331,41.57872373,0,22,OFF,RETRACTED,AUTO
21:20:23,11.61742754,40.6569437,0,22,OFF,RETRACTED,AUTO
21:20:23,12.5149531,39.63150032,0,22,OFF,RETRACTED,AUTO
21:20:23,13.28492211,38.50500819,0,22,OFF,RETRACTED,AUTO
21:20:23,13.9194868,37.28033954,0,24,OFF,RETRACTED,AUTO
21:20:23,14.41217946,35.96061689,0,27,OFF,RETRACTED,AUTO
21:20:23,14.75797842,34.54920518,0,26,OFF,RETRACTED,AUTO
21:20:24,14.95335917,33.04970308,0,24,OFF,RETRACTED,AUTO
21:20:24,14.99633033,31.46593388,0,24,OFF,RETRACTED,AUTO
21:20:24,14.88645393,29.80193573,0,22,OFF,RETRACTED,AUTO
21:20:24,14.62484986,28.06195136,0,22,OFF,RETRACTED,AUTO
21:20:24,14.21418447,26.25041719,0,22,OFF,RETRACTED,AUTO
21:20:24,13.6586434,24.37195213,0,22,OFF,RETRACTED,AUTO
21:20:24,12.96388892,22.4313457,0,22,OFF,RETRACTED,AUTO
21:20:24,12.13700219,20.43354589,0,22,OFF,RETRACTED,AUTO
21:20:24,11.18641111,18.38364651,0,33,OFF,RETRACTED,AUTO
21:20:24,10.12180443,16.28687419,0,341,OFF,RETRACTED,AUTO
21:20:25,8.954032956,14.1485751,0,412,OFF,RETRACTED,AUTO
21:20:25,7.694999016,11.97420127,0,423,OFF,RETRACTED,AUTO
21:20:25,6.357535097,9.769296726,0,423,OFF,RETRACTED,AUTO
21:20:25,4.955273075,7.539483326,0,424,OFF,RETRACTED,AUTO
21:20:25,3.502505268,5.290446444,0,428,OFF,RETRACTED,AUTO
21:20:25,2.014038767,3.027920468,0,437,OFF,RETRACTED,AUTO
21:20:25,0.505044516,0.757674179,0,444,OFF,RETRACTED,AUTO
21:20:25,-1.009097316,-1.514503958,0,451,OFF,RETRACTED,AUTO
21:20:25,-2.512954094,-3.782820552,0,456,OFF,RETRACTED,AUTO
21:20:25,-3.991198011,-6.041492057,0,457,OFF,RETRACTED,AUTO
21:20:26,-5.428762316,-8.284759522,0,454,OFF,RETRACTED,AUTO
21:20:26,-6.810994878,-10.50690327,0,448,OFF,RETRACTED,AUTO
21:20:26,-8.123807523,-12.70225748,0,439,OFF,RETRACTED,AUTO
21:20:26,-9.353819631,-14.86522464,0,433,OFF,RETRACTED,AUTO
21:20:26,-10.48849451,-16.99028982,0,430,OFF,RETRACTED,AUTO
21:20:26,-11.51626718,-19.07203472,0,434,OFF,RETRACTED,AUTO
21:20:26,-12.42666224,-21.1051515,0,440,OFF,RETRACTED,AUTO
21:20:26,-13.21040064,-23.08445631,0,447,OFF,RETRACTED,AUTO
21:20:26,-13.85949427,-25.00490249,0,452,OFF,RETRACTED,AUTO
21:20:27,-14.36732733,-26.86159346,0,458,OFF,RETRACTED,AUTO
21:20:27,-14.72872384,-28.64979522,0,459,OFF,RETRACTED,AUTO
21:20:27,-14.94000031,-30.36494836,0,456,OFF,RETRACTED,AUTO
21:20:27,-14.99900336,-32.00267975,0,496,OFF,RETRACTED,AUTO
21:20:27,-14.90513159,-33.55881365,0,598,OFF,DEPLOYED,AUTO
21:20:27,-14.65934178,-35.02938237,0,776,OFF,DEPLOYED,AUTO
21:20:27,-14.26413911,-36.41063639,0,886,OFF,DEPLOYED,AUTO
21:20:27,-13.7235516,-37.69905392,0,932,OFF,DEPLOYED,AUTO
21:20:27,-13.04308912,-38.89134987,0,796,OFF,DEPLOYED,AUTO
21:20:27,-12.22968714,-39.98448423,0,849,OFF,DEPLOYED,AUTO
21:20:28,-11.29163615,-40.97566983,0,842,OFF,DEPLOYED,AUTO
21:20:28,-10.23849706,-41.86237943,0,961,OFF,DEPLOYED,AUTO
21:20:28,-9.081003811,-42.64235218,0,966,OFF,DEPLOYED,AUTO
21:20:28,-7.830953967,-43.31359939,0,1024,OFF,DEPLOYED,AUTO
21:20:28,-6.501088446,-43.87440956,0,1024,OFF,DEPLOYED,AUTO
21:20:28,-5.104961679,-44.32335279,0,1024,OFF,DEPLOYED,AUTO
21:20:28,-3.656803451,-44.65928442,0,1024,OFF,DEPLOYED,AUTO
21:20:28,-2.171373871,-44.88134791,0,1024,OFF,DEPLOYED,AUTO
21:20:28,-0.663812929,-44.98897706,0,1024,OFF,DEPLOYED,AUTO
21:20:28,0.850513814,-44.98189746,0,1024,OFF,DEPLOYED,AUTO
21:20:29,2.356171839,-44.86012715,0,1024,OFF,DEPLOYED,AUTO
21:20:29,3.837814979,-44.62397661,0,1024,OFF,DEPLOYED,AUTO
21:20:29,5.280341839,-44.27404795,0,1024,OFF,DEPLOYED,AUTO
21:20:29,6.669049705,-43.8112334,0,1024,OFF,DEPLOYED,AUTO
21:20:29,7.989784407,-43.236713,0,1024,OFF,DEPLOYED,AUTO
21:20:29,9.22908458,-42.5519516,0,1024,OFF,DEPLOYED,AUTO
21:20:29,10.37431887,-41.75869515,0,1024,OFF,DEPLOYED,AUTO
21:20:29,11.41381466,-40.85896621,0,1024,OFF,DEPLOYED,AUTO
21:20:29,12.33697707,-39.85505884,0,1024,OFF,DEPLOYED,AUTO
21:20:29,13.13439692,-38.7495327,0,1024,OFF,DEPLOYED,AUTO
21:20:30,13.79794665,-37.54520657,0,1024,OFF,DEPLOYED,AUTO
21:20:30,14.32086314,-36.24515112,0,1024,OFF,DEPLOYED,AUTO
21:20:30,14.69781665,-34.85268112,0,1024,OFF,DEPLOYED,AUTO
21:20:30,14.92496514,-33.37134695,0,1024,OFF,DEPLOYED,AUTO
21:20:30,14.99999344,-31.80492559,0,1024,OFF,DEPLOYED,AUTO
21:20:30,14.92213684,-30.15741096,0,1024,OFF,DEPLOYED,AUTO
21:20:30,14.69218888,-28.43300373,0,1024,OFF,DEPLOYED,AUTO
21:20:30,14.31249327,-26.63610065,0,1024,OFF,DEPLOYED,AUTO
21:20:30,13.78691998,-24.77128328,0,1024,OFF,DEPLOYED,AUTO
21:20:30,13.12082583,-22.84330637,0,1024,OFF,DEPLOYED,AUTO
21:20:31,12.32099988,-20.85708571,0,1024,OFF,DEPLOYED,AUTO
21:20:31,11.39559422,-18.81768556,0,1024,OFF,DEPLOYED,AUTO
21:20:31,10.35404089,-16.7303058,0,1024,OFF,DEPLOYED,AUTO
21:20:31,9.206955748,-14.60026865,0,1024,OFF,DEPLOYED,AUTO
21:20:31,7.966030259,-12.43300508,0,1024,OFF,DEPLOYED,AUTO
21:20:31,6.643912352,-10.23404097,0,1024,OFF,DEPLOYED,AUTO
21:20:31,5.254077489,-8.008983053,0,1024,OFF,DEPLOYED,AUTO
21:20:31,3.810691328,-5.763504562,0,953,OFF,DEPLOYED,AUTO
21:20:31,2.328465339,-3.503330817,0,792,OFF,DEPLOYED,AUTO
21:20:31,0.82250686,-1.234224601,0,788,OFF,DEPLOYED,AUTO
21:20:32,-0.691834882,1.038028528,0,668,OFF,DEPLOYED,AUTO
21:20:32,-2.199125214,3.307634986,0,619,OFF,DEPLOYED,AUTO
21:20:32,-3.684001332,5.568807941,0,448,OFF,DEPLOYED,AUTO
21:20:32,-5.131328889,7.815782062,0,447,OFF,DEPLOYED,AUTO
21:20:32,-6.526356242,10.04282822,0,449,OFF,DEPLOYED,AUTO
21:20:32,-7.854864811,12.2442681,0,451,OFF,DEPLOYED,AUTO
21:20:32,-9.103313995,14.41448867,0,450,OFF,DEPLOYED,AUTO
21:20:32,-10.25897919,16.5479565,0,444,OFF,DEPLOYED,AUTO
21:20:32,-11.31008147,18.63923187,0,436,OFF,DEPLOYED,AUTO
21:20:32,-12.24590765,20.68298264,0,427,OFF,DEPLOYED,AUTO
21:20:33,-13.05691948,22.67399785,0,422,OFF,DEPLOYED,AUTO
21:20:33,-13.73485087,24.60720098,0,423,OFF,DEPLOYED,AUTO
21:20:33,-14.27279211,26.47766293,0,427,OFF,DEPLOYED,AUTO
21:20:33,-14.66526032,28.28061457,0,434,OFF,DEPLOYED,AUTO
21:20:33,-14.90825534,30.0114589,0,441,OFF,DEPLOYED,AUTO
21:20:33,-14.99930048,31.66578277,0,448,OFF,DEPLOYED,AUTO
21:20:33,-14.93746779,33.23936814,0,450,OFF,DEPLOYED,AUTO
21:20:33,-14.72338747,34.72820282,0,449,OFF,DEPLOYED,AUTO
21:20:33,-14.35924151,36.12849073,0,442,OFF,DEPLOYED,AUTO
21:20:33,-13.84874141,37.43666153,0,435,OFF,DEPLOYED,AUTO
21:20:34,-13.19709035,38.64937977,0,427,OFF,DEPLOYED,AUTO
21:20:34,-12.41093017,39.76355338,0,422,OFF,DEPLOYED,AUTO
21:20:34,-11.49827368,40.77634153,0,423,OFF,DEPLOYED,AUTO
21:20:34,-10.46842297,41.68516192,0,427,OFF,DEPLOYED,AUTO
21:20:34,-9.331874634,42.48769732,0,436,OFF,DEPLOYED,AUTO
21:20:34,-8.100212737,43.18190149,0,441,OFF,DEPLOYED,AUTO
21:20:34,-6.785990789,43.76600441,0,448,OFF,DEPLOYED,AUTO
21:20:34,-5.402603775,44.23851681,0,450,OFF,DEPLOYED,AUTO
21:20:34,-3.964151634,44.5982339,0,448,OFF,DEPLOYED,AUTO
21:20:34,-2.485295546,44.84423851,0,441,OFF,DEPLOYED,AUTO
21:20:35,-0.981108502,44.97590341,0,434,OFF,DEPLOYED,AUTO
21:20:35,0.533078324,44.99289288,0,426,OFF,DEPLOYED,AUTO
21:20:35,2.041831839,44.89516361,0,422,OFF,DEPLOYED,AUTO
21:20:35,3.529774328,44.68296478,0,423,OFF,DEPLOYED,AUTO
21:20:35,4.981740188,44.35683744,0,429,OFF,DEPLOYED,AUTO
21:20:35,6.382930502,43.91761311,0,436,OFF,DEPLOYED,AUTO
21:20:35,7.719063873,43.36641168,0,442,OFF,DEPLOYED,AUTO
21:20:35,8.976521989,42.70463857,0,449,OFF,DEPLOYED,AUTO
21:20:35,10.14248842,41.9339811,0,451,OFF,DEPLOYED,AUTO
21:20:35,11.20507925,41.05640421,0,449,OFF,DEPLOYED,AUTO
21:20:36,12.1534642,40.07414548,0,441,OFF,DEPLOYED,AUTO
21:20:36,12.97797701,38.98970938,0,434,OFF,DEPLOYED,AUTO
21:20:36,13.67021399,37.80586091,0,426,OFF,DEPLOYED,AUTO
21:20:36,14.22311961,36.52561852,0,422,OFF,DEPLOYED,AUTO
21:20:36,14.63105849,35.15224647,0,424,OFF,DEPLOYED,AUTO
21:20:36,14.88987278,33.68924645,0,429,OFF,DEPLOYED,AUTO
21:20:36,14.99692455,32.14034869,0,437,OFF,DEPLOYED,AUTO
21:20:36,14.9511227,30.50950243,0,446,OFF,DEPLOYED,AUTO
21:20:36,14.75293405,28.80086584,0,450,OFF,DEPLOYED,AUTO
21:20:37,14.40437861,27.01879545,0,451,OFF,DEPLOYED,AUTO
21:20:37,13.90900897,25.16783502,0,448,OFF,DEPLOYED,AUTO
21:20:37,13.27187411,23.25270395,0,441,OFF,DEPLOYED,AUTO
21:20:37,12.49946791,21.27828528,0,433,OFF,DEPLOYED,AUTO
21:20:37,11.59966299,19.2496132,0,426,OFF,DEPLOYED,AUTO
21:20:37,10.58163046,17.17186022,0,423,OFF,DEPLOYED,AUTO
21:20:37,9.455746454,15.05032401,0,424,OFF,DEPLOYED,AUTO
21:20:37,8.233486345,12.89041387,0,430,OFF,DEPLOYED,AUTO
21:20:37,6.927307816,10.69763693,0,438,OFF,DEPLOYED,AUTO
21:20:37,5.550523871,8.477584146,0,446,OFF,DEPLOYED,AUTO
21:20:38,4.117167148,6.235915995,0,450,OFF,DEPLOYED,AUTO
21:20:38,2.641846894,3.97834808,0,451,OFF,DEPLOYED,AUTO
21:20:38,1.139600061,1.710636538,0,449,OFF,DEPLOYED,AUTO
21:20:38,-0.374261953,-0.561436628,0,441,OFF,DEPLOYED,AUTO
21:20:38,-1.884309365,-2.832078294,0,434,OFF,DEPLOYED,AUTO
21:20:38,-3.375151272,-5.095498987,0,426,OFF,DEPLOYED,AUTO
21:20:38,-4.83159252,-7.345927645,0,423,OFF,DEPLOYED,AUTO
21:20:38,-6.238788576,-9.577626332,0,426,OFF,DEPLOYED,AUTO
21:20:38,-7.582396832,-11.78490487,0,430,OFF,DEPLOYED,AUTO
21:20:38,-8.848722788,-13.96213534,0,438,OFF,DEPLOYED,AUTO
21:20:39,-10.02485963,-16.10376644,0,446,OFF,DEPLOYED,AUTO
21:20:39,-11.09881978,-18.20433764,0,450,OFF,DEPLOYED,AUTO
21:20:39,-12.05965709,-20.25849309,0,451,OFF,DEPLOYED,AUTO
21:20:39,-12.89757837,-22.26099529,0,448,OFF,DEPLOYED,AUTO
21:20:39,-13.60404326,-24.20673846,0,441,OFF,DEPLOYED,AUTO
21:20:39,-14.17185124,-26.09076151,0,433,OFF,DEPLOYED,AUTO
21:20:39,-14.59521502,-27.90826074,0,426,OFF,DEPLOYED,AUTO
21:20:39,-14.86981953,-29.65460205,0,423,OFF,DEPLOYED,AUTO
21:20:39,-14.99286591,-31.32533278,0,427,OFF,DEPLOYED,AUTO
21:20:39,-14.96310004,-32.91619306,0,433,OFF,DEPLOYED,AUTO
21:20:40,-14.7808253,-34.42312665,0,439,OFF,DEPLOYED,AUTO
21:20:40,-14.44789949,-35.84229132,0,447,OFF,DEPLOYED,AUTO
21:20:40,-13.9677159,-37.17006862,0,451,OFF,DEPLOYED,AUTO
21:20:40,-13.34516872,-38.40307308,0,452,OFF,DEPLOYED,AUTO
21:20:40,-12.58660316,-39.53816093,0,449,OFF,DEPLOYED,AUTO
21:20:40,-11.69975078,-40.572438,0,442,OFF,DEPLOYED,AUTO
21:20:40,-10.69365066,-41.50326721,0,434,OFF,DEPLOYED,AUTO
21:20:40,-9.578557308,-42.32827519,0,427,OFF,DEPLOYED,AUTO
21:20:40,-8.365836129,-43.04535844,0,424,OFF,DEPLOYED,AUTO
21:20:40,-7.067847576,-43.65268858,0,427,OFF,DEPLOYED,AUTO
21:20:41,-5.69782118,-44.14871712,0,432,OFF,DEPLOYED,AUTO
21:20:41,-4.269720703,-44.53217931,0,439,OFF,DEPLOYED,AUTO
21:20:41,-2.798101819,-44.80209745,0,447,OFF,DEPLOYED,AUTO
21:20:41,-1.297963754,-44.95778331,0,450,OFF,DEPLOYED,AUTO
21:20:41,0.215403588,-44.99883996,0,451,OFF,DEPLOYED,AUTO
21:20:41,1.726575465,-44.9251627,0,449,OFF,DEPLOYED,AUTO
21:20:41,3.220149513,-44.73693939,0,441,OFF,DEPLOYED,AUTO
21:20:41,4.680902731,-44.43464994,0,433,OFF,DEPLOYED,AUTO
21:20:41,6.093946637,-44.01906511,0,426,OFF,DEPLOYED,AUTO
21:20:41,7.44487902,-43.49124452,0,423,OFF,DEPLOYED,AUTO
21:20:42,8.719930731,-42.85253394,0,426,OFF,DEPLOYED,AUTO
21:20:42,9.906106019,-42.10456192,0,430,OFF,DEPLOYED,AUTO
21:20:42,10.99131499,-41.24923555,0,438,OFF,DEPLOYED,AUTO
21:20:42,11.96449684,-40.28873568,0,446,OFF,DEPLOYED,AUTO
21:20:42,12.81573258,-39.22551129,0,450,OFF,DEPLOYED,AUTO
21:20:42,13.53634612,-38.0622733,0,451,OFF,DEPLOYED,AUTO
21:20:42,14.11899274,-36.80198763,0,449,OFF,DEPLOYED,AUTO
21:20:42,14.55773391,-35.44786763,0,441,OFF,DEPLOYED,AUTO
21:20:42,14.84809784,-34.00336591,0,434,OFF,DEPLOYED,AUTO
21:20:42,14.98712503,-32.47216554,0,427,OFF,DEPLOYED,AUTO
21:20:43,14.97339848,-30.85817063,0,423,OFF,DEPLOYED,AUTO
21:20:43,14.80705809,-29.16549639,0,426,OFF,DEPLOYED,AUTO
21:20:43,14.48979926,-27.39845865,0,430,OFF,DEPLOYED,AUTO
21:20:43,14.0248556,-25.56156284,0,438,OFF,DEPLOYED,AUTO
21:20:43,13.41696596,-23.6594925,0,446,OFF,DEPLOYED,AUTO
21:20:43,12.67232616,-21.69709737,0,450,OFF,DEPLOYED,AUTO
21:20:43,11.79852582,-19.67938097,0,451,OFF,DEPLOYED,AUTO
21:20:43,10.80447099,-17.61148789,0,449,OFF,DEPLOYED,AUTO
21:20:43,9.700293416,-15.49869067,0,441,OFF,DEPLOYED,AUTO
21:20:43,8.497247238,-13.3463763,0,434,OFF,DEPLOYED,AUTO
21:20:44,7.207594301,-11.16003258,0,427,OFF,DEPLOYED,AUTO
21:20:44,5.844479175,-8.945234026,0,423,OFF,DEPLOYED,AUTO
21:20:44,4.421795182,-6.707627739,0,426,OFF,DEPLOYED,AUTO
21:20:44,2.954042787,-4.452918959,0,430,OFF,DEPLOYED,AUTO
21:20:44,1.45618181,-2.186856536,0,438,OFF,DEPLOYED,AUTO
21:20:44,-0.056521055,0.084781732,0,447,OFF,DEPLOYED,AUTO
21:20:44,-1.568647838,2.356203832,0,450,OFF,DEPLOYED,AUTO
21:20:44,-3.064786443,4.621618301,0,451,OFF,DEPLOYED,AUTO
21:20:44,-4.529687729,6.875248991,0,449,OFF,DEPLOYED,AUTO
21:20:44,-5.948420938,9.111349804,0,441,OFF,DEPLOYED,AUTO
21:20:45,-7.306525869,11.32421934,0,434,OFF,DEPLOYED,AUTO
21:20:45,-8.590160269,13.50821541,0,426,OFF,DEPLOYED,AUTO
21:20:45,-9.78624091,15.65776948,0,423,OFF,DEPLOYED,AUTO
21:20:45,-10.88257694,17.76740082,0,426,OFF,DEPLOYED,AUTO
21:20:45,-11.86799415,19.83173046,0,432,OFF,DEPLOYED,AUTO
21:20:45,-12.73244882,21.84549498,0,439,OFF,DEPLOYED,AUTO
21:20:45,-13.46713016,23.80355987,0,447,OFF,DEPLOYED,AUTO
21:20:45,-14.06455005,25.70093263,0,450,OFF,DEPLOYED,AUTO
21:20:45,-14.51861938,27.53277551,0,452,OFF,DEPLOYED,AUTO
21:20:45,-14.82471014,29.29441786,0,449,OFF,DEPLOYED,AUTO
21:20:46,-14.97970254,30.98136799,0,441,OFF,DEPLOYED,AUTO
21:20:46,-14.98201685,32.58932467,0,434,OFF,DEPLOYED,AUTO
21:20:46,-14.83162948,34.1141881,0,427,OFF,DEPLOYED,AUTO
21:20:46,-14.53007323,35.5520703,0,424,OFF,DEPLOYED,AUTO
21:20:46,-14.08042166,36.8993051,0,427,OFF,DEPLOYED,AUTO
21:20:46,-13.48725777,38.15245745,0,433,OFF,DEPLOYED,AUTO
21:20:46,-12.75662729,39.30833217,0,439,OFF,DEPLOYED,AUTO
21:20:46,-11.89597703,40.36398211,0,447,OFF,DEPLOYED,AUTO
21:20:46,-10.91407903,41.31671569,0,451,OFF,DEPLOYED,AUTO
21:20:47,-9.820941121,42.1641037,0,452,OFF,DEPLOYED,AUTO
21:20:47,-8.627704929,42.90398556,0,449,OFF,DEPLOYED,AUTO
21:20:47,-7.34653231,43.53447478,0,442,OFF,DEPLOYED,AUTO
21:20:47,-5.990481401,44.05396379,0,434,OFF,DEPLOYED,AUTO
21:20:47,-4.57337352,44.46112806,0,427,OFF,DEPLOYED,AUTO
21:20:47,-3.109652302,44.75492944,0,424,OFF,DEPLOYED,AUTO
21:20:47,-1.614236478,44.93461881,0,427,OFF,DEPLOYED,AUTO
21:20:47,-0.102367821,44.99973802,0,433,OFF,DEPLOYED,AUTO
21:20:47,1.410544203,44.95012103,0,440,OFF,DEPLOYED,AUTO
21:20:47,2.909079493,44.78589436,0,447,OFF,DEPLOYED,AUTO
21:20:48,4.377964482,44.50747673,0,451,OFF,DEPLOYED,AUTO
21:20:48,5.802227806,44.11557803,0,452,OFF,DEPLOYED,AUTO
21:20:48,7.167352902,43.61119749,0,450,OFF,DEPLOYED,AUTO
21:20:48,8.459425964,42.99562112,0,442,OFF,DEPLOYED,AUTO
21:20:48,9.665277754,42.27041847,0,434,OFF,DEPLOYED,AUTO
21:20:48,10.77261783,41.4374386,0,427,OFF,DEPLOYED,AUTO
21:20:48,11.77015982,40.49880535,0,424,OFF,DEPLOYED,AUTO
21:20:48,12.64773644,39.45691197,0,427,OFF,DEPLOYED,AUTO
21:20:48,13.39640314,38.31441499,0,433,OFF,DEPLOYED,AUTO
21:20:48,14.00852926,37.07422743,0,440,OFF,DEPLOYED,AUTO
21:20:49,14.47787582,35.73951142,0,448,OFF,DEPLOYED,AUTO
21:20:49,14.79965906,34.31367008,0,451,OFF,DEPLOYED,AUTO
21:20:49,14.97059928,32.8003389,0,452,OFF,DEPLOYED,AUTO
21:20:49,14.98895419,31.20337644,0,449,OFF,DEPLOYED,AUTO
21:20:49,14.85453672,29.52685448,0,441,OFF,DEPLOYED,AUTO
21:20:49,14.56871688,27.77504765,0,433,OFF,DEPLOYED,AUTO
21:20:49,14.13440786,25.95242256,0,427,OFF,DEPLOYED,AUTO
21:20:49,13.55603627,24.06362638,0,424,OFF,DEPLOYED,AUTO
21:20:49,12.83949707,22.11347497,0,428,OFF,DEPLOYED,AUTO
21:20:49,11.99209347,20.10694065,0,434,OFF,DEPLOYED,AUTO
21:20:50,11.02246247,18.04913951,0,440,OFF,DEPLOYED,AUTO
21:20:50,9.940486883,15.94531832,0,448,OFF,DEPLOYED,AUTO
21:20:50,8.757194563,13.80084124,0,451,OFF,DEPLOYED,AUTO
21:20:50,7.484646014,11.62117603,0,452,OFF,DEPLOYED,AUTO
21:20:50,6.135811474,9.411880222,0,449,OFF,DEPLOYED,AUTO
21:20:50,4.724438712,7.178586865,0,441,OFF,DEPLOYED,AUTO
21:20:50,3.264912905,4.926990207,0,433,OFF,DEPLOYED,AUTO
21:20:50,1.772110024,2.662831162,0,426,OFF,DEPLOYED,AUTO
21:20:50,0.26124521,0.391882676,0,424,OFF,DEPLOYED,AUTO
21:20:50,-1.252282301,-1.880064998,0,428,OFF,DEPLOYED,AUTO
21:20:51,-2.753046136,-4.147219054,0,434,OFF,DEPLOYED,AUTO
21:20:51,-4.225750013,-6.403798912,0,441,OFF,DEPLOYED,AUTO
21:20:51,-5.655383645,-8.644050953,0,449,OFF,DEPLOYED,AUTO
21:20:51,-7.027375735,-10.86226319,0,452,OFF,DEPLOYED,AUTO
21:20:51,-8.327742483,-13.05277982,0,452,OFF,DEPLOYED,AUTO
21:20:51,-9.543230121,-15.21001568,0,448,OFF,DEPLOYED,AUTO
21:20:51,-10.66145,-17.32847043,0,440,OFF,DEPLOYED,AUTO
21:20:51,-11.67100484,-19.40274265,0,433,OFF,DEPLOYED,AUTO
21:20:51,-12.56160494,-21.42754354,0,426,OFF,DEPLOYED,AUTO
21:20:51,-13.324173,-23.39771044,0,425,OFF,DEPLOYED,AUTO
21:20:52,-13.95093668,-25.30822002,0,429,OFF,DEPLOYED,AUTO
21:20:52,-14.43550778,-27.15420102,0,436,OFF,DEPLOYED,AUTO
21:20:52,-14.77294741,-28.93094674,0,442,OFF,DEPLOYED,AUTO
21:20:52,-14.95981627,-30.63392698,0,449,OFF,DEPLOYED,AUTO
21:20:52,-14.99420972,-32.25879966,0,452,OFF,DEPLOYED,AUTO
21:20:52,-14.87577722,-33.80142182,0,452,OFF,DEPLOYED,AUTO
21:20:52,-14.60572588,-35.25786022,0,448,OFF,DEPLOYED,AUTO
21:20:52,-14.18680813,-36.62440137,0,440,OFF,DEPLOYED,AUTO
21:20:52,-13.62329374,-37.89756098,0,430,OFF,DEPLOYED,AUTO
21:20:52,-12.92092623,-39.07409288,0,426,OFF,DEPLOYED,AUTO
21:20:53,-12.08686435,-40.15099725,0,426,OFF,DEPLOYED,AUTO
21:20:53,-11.12960915,-41.1255283,0,429,OFF,DEPLOYED,AUTO
21:20:53,-10.05891729,-41.99520126,0,437,OFF,DEPLOYED,AUTO
21:20:53,-8.885701611,-42.75779871,0,442,OFF,DEPLOYED,AUTO
21:20:53,-7.621919917,-43.41137626,0,450,OFF,DEPLOYED,AUTO
21:20:53,-6.28045309,-43.95426747,0,452,OFF,DEPLOYED,AUTO
21:20:53,-4.874973805,-44.38508814,0,452,OFF,DEPLOYED,AUTO
21:20:53,-3.419807173,-44.70273978,0,448,OFF,DEPLOYED,AUTO
21:20:53,-1.929784733,-44.90641249,0,439,OFF,DEPLOYED,AUTO
21:20:53,-0.420093287,-44.99558696,0,430,OFF,DEPLOYED,AUTO
21:20:54,1.093879888,-44.97003582,0,426,OFF,DEPLOYED,AUTO
21:20:54,2.596703877,-44.82982421,0,426,OFF,DEPLOYED,AUTO
21:20:54,4.0730614,-44.57530964,0,430,OFF,DEPLOYED,AUTO
21:20:54,5.507904933,-44.20714104,0,437,OFF,DEPLOYED,AUTO
21:20:54,6.886610073,-43.72625714,0,445,OFF,DEPLOYED,AUTO
21:20:54,8.195124603,-43.13388405,0,450,OFF,DEPLOYED,AUTO
21:20:54,9.420111708,-42.43153215,0,452,OFF,DEPLOYED,AUTO
21:20:54,10.54908591,-41.62099222,0,452,OFF,DEPLOYED,AUTO
21:20:54,11.57054034,-40.70433092,0,447,OFF,DEPLOYED,AUTO
21:20:54,12.47406399,-39.68388546,0,439,OFF,DEPLOYED,AUTO
21:20:55,13.25044785,-38.56225767,0,430,OFF,DEPLOYED,AUTO
21:20:55,13.89177875,-37.34230738,0,426,OFF,DEPLOYED,AUTO
21:20:55,14.39152004,-36.02714512,0,426,OFF,DEPLOYED,AUTO
21:20:55,14.74457819,-34.62012414,0,430,OFF,DEPLOYED,AUTO
21:20:55,14.94735472,-33.12483196,0,437,OFF,DEPLOYED,AUTO
21:20:55,14.99778286,-31.54508113,0,446,OFF,DEPLOYED,AUTO
21:20:55,14.89534862,-29.88489955,0,450,OFF,DEPLOYED,AUTO
21:20:55,14.64109606,-28.1485202,0,453,OFF,DEPLOYED,AUTO
21:20:55,14.2376166,-26.34037035,0,451,OFF,DEPLOYED,AUTO
21:20:55,13.68902263,-24.46506023,0,447,OFF,DEPLOYED,AUTO
21:20:56,13.00090561,-22.52737136,0,438,OFF,DEPLOYED,AUTO
21:20:56,12.18027906,-20.53224427,0,429,OFF,DEPLOYED,AUTO
21:20:56,11.23550706,-18.48476594,0,426,OFF,DEPLOYED,AUTO
21:20:56,10.17621905,-16.39015686,0,426,OFF,DEPLOYED,AUTO
21:20:56,9.013211654,-14.25375767,0,430,OFF,DEPLOYED,AUTO
21:20:56,7.758338615,-12.08101555,0,438,OFF,DEPLOYED,AUTO
21:20:56,6.424390019,-9.877470375,0,446,OFF,DEPLOYED,AUTO
21:20:56,5.024961911,-7.64874053,0,450,OFF,DEPLOYED,AUTO
21:20:56,3.574317728,-5.40050863,0,453,OFF,DEPLOYED,AUTO
21:20:57,2.087242913,-3.13850701,0,451,OFF,DEPLOYED,AUTO
21:20:57,0.578894228,-0.868503113,0,447,OFF,DEPLOYED,AUTO
21:20:57,-0.935354739,1.403715213,0,438,OFF,DEPLOYED,AUTO
21:20:57,-2.44007026,3.672354476,0,429,OFF,DEPLOYED,AUTO
21:20:57,-3.919915778,5.931630306,0,426,OFF,DEPLOYED,AUTO
21:20:57,-5.359808215,8.175782211,0,427,OFF,DEPLOYED,AUTO
21:20:57,-6.745071711,10.39908826,0,430,OFF,DEPLOYED,AUTO
21:20:57,-8.061587202,12.59587967,0,438,OFF,DEPLOYED,AUTO
21:20:57,-9.295936326,14.76055526,0,446,OFF,DEPLOYED,AUTO
21:20:57,-10.43553819,16.88759574,0,451,OFF,DEPLOYED,AUTO
21:20:58,-11.46877759,18.97157779,0,453,OFF,DEPLOYED,AUTO
21:20:58,-12.38512341,21.00718785,0,451,OFF,DEPLOYED,AUTO
21:20:58,-13.17523595,22.98923571,0,447,OFF,DEPLOYED,AUTO
21:20:58,-13.83106212,24.91266774,0,438,OFF,DEPLOYED,AUTO
21:20:58,-14.34591752,26.77257974,0,429,OFF,DEPLOYED,AUTO
21:20:58,-14.71455458,28.56422947,0,426,OFF,DEPLOYED,AUTO
21:20:58,-14.93321603,30.28304875,0,427,OFF,DEPLOYED,AUTO
21:20:58,-14.99967319,31.92465511,0,432,OFF,DEPLOYED,AUTO
21:20:58,-14.91324871,33.48486291,0,438,OFF,DEPLOYED,AUTO
21:20:58,-14.67482347,34.95969409,0,446,OFF,DEPLOYED,AUTO
21:20:59,-14.28682756,36.34538825,0,451,OFF,DEPLOYED,AUTO
21:20:59,-13.75321557,37.63841228,0,454,OFF,DEPLOYED,AUTO
21:20:59,-13.07942625,38.83546936,0,451,OFF,DEPLOYED,AUTO
21:20:59,-12.27232709,39.93350732,0,447,OFF,DEPLOYED,AUTO
21:20:59,-11.34014431,40.92972649,0,438,OFF,DEPLOYED,AUTO
21:20:59,-10.29237901,41.82158681,0,429,OFF,DEPLOYED,AUTO
21:20:59,-9.139710386,42.6068143,0,426,OFF,DEPLOYED,AUTO
21:20:59,-7.893886802,43.28340684,0,427,OFF,DEPLOYED,AUTO
21:20:59,-6.56760611,43.84963934,0,430,OFF,DEPLOYED,AUTO
21:20:59,-5.1743862,44.30406806,0,438,OFF,DEPLOYED,AUTO
21:21:00,-3.728427232,44.64553433,0,446,OFF,DEPLOYED,AUTO
21:21:00,-2.244466899,44.87316753,0,451,OFF,DEPLOYED,AUTO
21:21:00,-0.737630216,44.98638725,0,454,OFF,DEPLOYED,AUTO
21:21:00,0.776724639,44.98490482,0,452,OFF,DEPLOYED,AUTO
21:21:00,2.283162859,44.86872401,0,447,OFF,DEPLOYED,AUTO
21:21:00,3.766330327,44.63814105,0,438,OFF,DEPLOYED,AUTO
21:21:00,5.211110109,44.29374387,0,430,OFF,DEPLOYED,AUTO
21:21:00,6.60277653,43.83641057,0,426,OFF,DEPLOYED,AUTO
21:21:00,7.927145266,43.26730722,0,427,OFF,DEPLOYED,AUTO
21:21:00,9.170717911,42.58788486,0,430,OFF,DEPLOYED,AUTO
21:21:01,10.32081956,41.79987584,0,438,OFF,DEPLOYED,AUTO
21:21:01,11.365728,40.90528933,0,446,OFF,DEPLOYED,AUTO
21:21:01,12.29479317,39.90640628,0,450,OFF,DEPLOYED,AUTO
21:21:01,13.09854574,38.80577354,0,454,OFF,DEPLOYED,AUTO
21:21:01,13.7687936,37.60619741,0,452,OFF,DEPLOYED,AUTO
21:21:01,14.29870534,36.31073645,0,447,OFF,DEPLOYED,AUTO
21:21:01,14.68287995,34.92269372,0,439,OFF,DEPLOYED,AUTO
21:21:01,14.91740178,33.44560831,0,430,OFF,DEPLOYED,AUTO
21:21:01,14.99988051,31.88324636,0,388,OFF,RETRACTED,AUTO
21:21:01,14.92947549,30.23959145,0,423,OFF,RETRACTED,AUTO
21:21:02,14.70690431,28.5188344,0,427,OFF,RETRACTED,AUTO
21:21:02,14.33443549,26.72536265,0,433,OFF,RETRACTED,AUTO
21:21:02,13.81586535,24.86374903,0,439,OFF,RETRACTED,AUTO
21:21:02,13.15647934,22.93874011,0,450,OFF,RETRACTED,AUTO
21:21:02,12.36299813,20.9552441,0,454,OFF,RETRACTED,AUTO
21:21:02,11.44350915,18.91831833,0,452,OFF,RETRACTED,AUTO
21:21:02,10.40738413,16.83315637,0,448,OFF,RETRACTED,AUTO
21:21:02,9.265183613,14.70507478,0,439,OFF,RETRACTED,AUTO
21:21:02,8.02854927,12.53949954,0,430,OFF,RETRACTED,AUTO
21:21:02,6.710085294,10.34195224,0,426,OFF,RETRACTED,AUTO
21:21:03,5.323229906,8.118035982,0,427,OFF,RETRACTED,AUTO
21:21:03,3.882118395,5.873421099,0,430,OFF,RETRACTED,AUTO
21:21:03,2.401439048,3.613830707,0,438,OFF,RETRACTED,AUTO
21:21:03,0.896283438,1.345026102,0,446,OFF,RETRACTED,AUTO
21:21:03,-0.618007389,-0.927207928,0,450,OFF,RETRACTED,AUTO
21:21:03,-2.12599928,-3.197077847,0,454,OFF,RETRACTED,AUTO
21:21:03,-3.612322282,-5.458796152,0,452,OFF,RETRACTED,AUTO
21:21:03,-5.0618273,-7.70659612,0,448,OFF,RETRACTED,AUTO
21:21:03,-6.459740496,-9.934746517,0,439,OFF,RETRACTED,AUTO
21:21:03,-7.791813878,-12.13756621,0,430,OFF,RETRACTED,AUTO
21:21:04,-9.044470511,-14.30943866,0,427,OFF,RETRACTED,AUTO
21:21:04,-10.20494291,-16.44482621,0,427,OFF,RETRACTED,AUTO
21:21:04,-11.26140314,-18.53828425,0,430,OFF,RETRACTED,AUTO
21:21:04,-12.20308343,-20.58447509,0,438,OFF,RETRACTED,AUTO
21:21:04,-13.02038584,-22.57818152,0,446,OFF,RETRACTED,AUTO
21:21:04,-13.70498017,-24.51432018,0,450,OFF,RETRACTED,AUTO
21:21:04,-14.2498888,-26.38795448,0,454,OFF,RETRACTED,AUTO
21:21:04,-14.64955785,-28.1943072,0,452,OFF,RETRACTED,AUTO
21:21:04,-14.89991375,-29.92877267,0,448,OFF,RETRACTED,AUTO
21:21:04,-14.99840479,-31.5869285,0,439,OFF,RETRACTED,AUTO
21:21:05,-14.94402713,-33.16454689,0,430,OFF,RETRACTED,AUTO
21:21:05,-14.73733499,-34.65760537,0,427,OFF,RETRACTED,AUTO
21:21:05,-14.38043504,-36.06229707,0,427,OFF,RETRACTED,AUTO
21:21:05,-13.87696495,-37.37504044,0,430,OFF,RETRACTED,AUTO
21:21:05,-13.23205622,-38.59248836,0,438,OFF,RETRACTED,AUTO
21:21:05,-12.452282,-39.71153671,0,446,OFF,RETRACTED,AUTO
21:21:05,-11.54559,-40.72933224,0,450,OFF,RETRACTED,AUTO
21:21:05,-10.52122151,-41.64327985,0,454,OFF,RETRACTED,AUTO
21:21:05,-9.389617255,-42.45104926,0,452,OFF,RETRACTED,AUTO
21:21:05,-8.162310908,-43.15058089,0,448,OFF,RETRACTED,AUTO
21:21:06,-6.851811585,-43.74009113,0,439,OFF,RETRACTED,AUTO
21:21:06,-5.471476328,-44.21807691,0,430,OFF,RETRACTED,AUTO
21:21:06,-4.035373972,-44.58331951,0,426,OFF,RETRACTED,AUTO
21:21:06,-2.558141747,-44.83488765,0,427,OFF,RETRACTED,AUTO
21:21:06,-1.054836095,-44.97213992,0,432,OFF,RETRACTED,AUTO
21:21:06,0.459220796,-44.99472636,0,439,OFF,RETRACTED,AUTO
21:21:06,1.968597157,-44.90258939,0,447,OFF,RETRACTED,AUTO
21:21:06,3.457908923,-44.69596392,0,451,OFF,RETRACTED,AUTO
21:21:06,4.911976537,-44.37537679,0,454,OFF,RETRACTED,AUTO
21:21:07,6.315979658,-43.9416454,0,451,OFF,RETRACTED,AUTO
21:21:07,7.655608222,-43.39587565,0,447,OFF,RETRACTED,AUTO
21:21:07,8.917208292,-42.73945908,0,438,OFF,RETRACTED,AUTO
21:21:07,10.08792122,-41.97406937,0,429,OFF,RETRACTED,AUTO
21:21:07,11.15581472,-41.10165804,0,426,OFF,RETRACTED,AUTO
21:21:07,12.11000445,-40.12444947,0,427,OFF,RETRACTED,AUTO
21:21:07,12.94076501,-39.04493528,0,433,OFF,RETRACTED,AUTO
21:21:07,13.639629,-37.8658679,0,440,OFF,RETRACTED,AUTO
21:21:07,14.19947338,-36.59025361,0,447,OFF,RETRACTED,AUTO
21:21:07,14.61459202,-35.22134485,0,451,OFF,RETRACTED,AUTO
21:21:08,14.8807539,-33.76263195,0,454,OFF,RETRACTED,AUTO
21:21:08,14.99524621,-32.21783419,0,451,OFF,RETRACTED,AUTO
21:21:08,14.956902,-30.59089036,0,446,OFF,RETRACTED,AUTO
21:21:08,14.76611209,-28.88594869,0,437,OFF,RETRACTED,AUTO
21:21:08,14.42482107,-27.10735629,0,428,OFF,RETRACTED,AUTO
21:21:08,13.9365075,-25.25964804,0,426,OFF,RETRACTED,AUTO
21:21:08,13.30614843,-23.34753506,0,428,OFF,RETRACTED,AUTO
21:21:08,12.54016869,-21.37589268,0,434,OFF,RETRACTED,AUTO
21:21:08,11.64637539,-19.34974802,0,440,OFF,RETRACTED,AUTO
21:21:08,10.63387838,-17.27426715,0,448,OFF,RETRACTED,AUTO
21:21:09,9.512997352,-15.15474194,0,452,OFF,RETRACTED,AUTO
21:21:09,8.295156708,-12.99657656,0,454,OFF,RETRACTED,AUTO
21:21:09,6.99276908,-10.80527371,0,450,OFF,RETRACTED,AUTO
21:21:09,5.619108832,-8.586420563,0,442,OFF,RETRACTED,AUTO
21:21:09,4.188176766,-6.34567455,0,436,OFF,RETRACTED,AUTO
21:21:09,2.714557415,-4.08874892,0,428,OFF,RETRACTED,AUTO
21:21:09,1.213270396,-1.821398174,0,426,OFF,RETRACTED,AUTO
21:21:09,-0.300382677,0.450596606,0,429,OFF,RETRACTED,AUTO
21:21:09,-1.810974151,2.721442496,0,436,OFF,RETRACTED,AUTO
21:21:09,-3.303107576,4.985349503,0,442,OFF,RETRACTED,AUTO
21:21:10,-4.761574634,7.236545323,0,449,OFF,RETRACTED,AUTO
21:21:10,-6.171510146,9.469290065,0,453,OFF,RETRACTED,AUTO
21:21:10,-7.518543583,11.67789088,0,454,OFF,RETRACTED,AUTO
21:21:10,-8.788945533,13.85671649,0,449,OFF,RETRACTED,AUTO
21:21:10,-9.969767639,16.00021151,0,441,OFF,RETRACTED,AUTO
21:21:10,-11.04897457,18.10291066,0,433,OFF,RETRACTED,AUTO
21:21:10,-12.01556669,20.15945268,0,427,OFF,RETRACTED,AUTO
21:21:10,-12.85969218,22.16459398,0,427,OFF,RETRACTED,AUTO
21:21:10,-13.57274742,24.11322203,0,430,OFF,RETRACTED,AUTO
21:21:10,-14.14746473,26.00036841,0,437,OFF,RETRACTED,AUTO
21:21:11,-14.57798639,27.82122144,0,446,OFF,RETRACTED,AUTO
21:21:11,-14.85992439,29.57113848,0,451,OFF,RETRACTED,AUTO
21:21:11,-14.99040511,31.24565774,0,454,OFF,RETRACTED,AUTO
21:21:11,-14.96809865,32.8405097,0,452,OFF,RETRACTED,AUTO
21:21:11,-14.79323238,34.35162795,0,448,OFF,RETRACTED,AUTO
21:21:11,-14.46758859,35.77515957,0,439,OFF,RETRACTED,AUTO
21:21:11,-13.99448633,37.10747499,0,430,OFF,RETRACTED,AUTO
21:21:11,-13.37874764,38.34517717,0,427,OFF,RETRACTED,AUTO
21:21:11,-12.62664832,39.48511034,0,427,OFF,RETRACTED,AUTO
21:21:11,-11.74585402,40.52436802,0,433,OFF,RETRACTED,AUTO
21:21:12,-10.74534208,41.46030038,0,440,OFF,RETRACTED,AUTO
21:21:12,-9.63531006,42.29052108,0,447,OFF,RETRACTED,AUTO
21:21:12,-8.427071765,43.0129133,0,452,OFF,RETRACTED,AUTO
21:21:12,-7.132941963,43.62563515,0,454,OFF,RETRACTED,AUTO
21:21:12,-5.766110854,44.12712436,0,451,OFF,RETRACTED,AUTO
21:21:12,-4.340509633,44.51610229,0,446,OFF,RETRACTED,AUTO
21:21:12,-2.870668501,44.79157715,0,437,OFF,RETRACTED,AUTO
21:21:12,-1.371568564,44.95284657,0,428,OFF,RETRACTED,AUTO
21:21:12,0.141510855,44.99949935,0,426,OFF,RETRACTED,AUTO
21:21:12,1.653147947,44.93141655,0,428,OFF,RETRACTED,AUTO
21:21:13,3.147935608,44.74877175,0,434,OFF,RETRACTED,AUTO
21:21:13,4.610638467,44.45203065,0,441,OFF,RETRACTED,AUTO
21:21:13,6.026348171,44.04194984,0,449,OFF,RETRACTED,AUTO
21:21:13,7.380635339,43.51957492,0,453,OFF,RETRACTED,AUTO
21:21:13,8.659696626,42.88623779,0,454,OFF,RETRACTED,AUTO
21:21:13,9.850495417,42.14355328,0,450,OFF,RETRACTED,AUTO
21:21:13,10.9408947,41.293415,0,441,OFF,RETRACTED,AUTO
21:21:13,11.91978075,40.33799057,0,434,OFF,RETRACTED,AUTO
21:21:13,12.77717645,39.27971605,0,427,OFF,RETRACTED,AUTO
21:21:13,13.50434294,38.12128971,0,427,OFF,RETRACTED,AUTO
21:21:14,14.09386869,36.86566521,0,430,OFF,RETRACTED,AUTO
21:21:14,14.53974506,35.51604403,0,437,OFF,RETRACTED,AUTO
21:21:14,14.83742754,34.07586731,0,446,OFF,RETRACTED,AUTO
21:21:14,14.98388203,32.54880707,0,450,OFF,RETRACTED,AUTO
21:21:14,14.97761584,30.93875688,0,454,OFF,RETRACTED,AUTO
21:21:14,14.81869283,29.24982189,0,452,OFF,RETRACTED,AUTO
21:21:14,14.50873279,27.48630839,0,448,OFF,RETRACTED,AUTO
21:21:14,14.05089494,25.65271283,0,439,OFF,RETRACTED,AUTO
21:21:14,13.44984572,23.75371034,0,430,OFF,RETRACTED,AUTO
21:21:14,12.71171121,21.79414282,0,427,OFF,RETRACTED,AUTO
21:21:15,11.84401473,19.77900661,0,427,OFF,RETRACTED,AUTO
21:21:15,10.85560013,17.7134397,0,433,OFF,RETRACTED,AUTO
21:21:15,9.756541654,15.60270869,0,440,OFF,RETRACTED,AUTO
21:21:15,8.558041277,13.45219532,0,447,OFF,RETRACTED,AUTO
21:21:15,7.272314508,11.26738279,0,452,OFF,RETRACTED,AUTO
21:21:15,5.9124659,9.05384172,0,454,OFF,RETRACTED,AUTO
21:21:15,4.492355482,6.817215997,0,451,OFF,RETRACTED,AUTO
21:21:15,3.026457488,4.563208362,0,446,OFF,RETRACTED,AUTO
21:21:15,1.529712837,2.297565879,0,437,OFF,RETRACTED,AUTO
21:21:15,0.017376846,0.026065274,0,428,OFF,RETRACTED,AUTO
21:21:16,-1.495136255,-2.245501791,0,426,OFF,RETRACTED,AUTO
21:21:16,-2.992410433,-4.511343481,0,429,OFF,RETRACTED,AUTO
21:21:16,-4.459184972,-6.765682562,0,436,OFF,RETRACTED,AUTO
21:21:16,-5.88051002,-9.002771128,0,442,OFF,RETRACTED,AUTO
21:21:16,-7.241898963,-11.21690526,0,450,OFF,RETRACTED,AUTO
21:21:16,-8.529476073,-13.40243955,0,454,OFF,RETRACTED,AUTO
21:21:16,-9.730117937,-15.55380154,0,454,OFF,RETRACTED,AUTO
21:21:16,-10.83158722,-17.66550587,0,449,OFF,RETRACTED,AUTO
21:21:16,-11.82265737,-19.73216832,0,441,OFF,RETRACTED,AUTO
21:21:17,-12.69322708,-21.7485195,0,433,OFF,RETRACTED,AUTO
21:21:17,-13.43442322,-23.70941831,0,427,OFF,RETRACTED,AUTO
21:21:17,-14.03869127,-25.60986502,0,427,OFF,RETRACTED,AUTO
21:21:17,-14.49987233,-27.44501405,0,432,OFF,RETRACTED,AUTO
21:21:17,-14.81326588,-29.21018631,0,439,OFF,RETRACTED,AUTO
21:21:17,-14.97567772,-30.90088112,0,447,OFF,RETRACTED,AUTO
21:21:17,-14.98545249,-32.5127877,0,452,OFF,RETRACTED,AUTO
21:21:17,-14.84249057,-34.04179617,0,454,OFF,RETRACTED,AUTO
21:21:17,-14.54824907,-35.48400799,0,452,OFF,RETRACTED,AUTO
21:21:17,-14.10572699,-36.83574595,0,447,OFF,RETRACTED,AUTO
21:21:18,-13.51943467,-38.09356352,0,437,OFF,RETRACTED,AUTO
21:21:18,-12.7953478,-39.25425362,0,429,OFF,RETRACTED,AUTO
21:21:18,-11.9408465,-40.31485683,0,426,OFF,RETRACTED,AUTO
21:21:18,-10.96464014,-41.27266893,0,428,OFF,RETRACTED,AUTO
21:21:18,-9.876678533,-42.12524777,0,436,OFF,RETRACTED,AUTO
21:21:18,-8.688050548,-42.87041952,0,442,OFF,RETRACTED,AUTO
21:21:18,-7.410871074,-43.50628422,0,449,OFF,RETRACTED,AUTO
21:21:18,-6.058157548,-44.0312206,0,454,OFF,RETRACTED,AUTO
21:21:18,-4.643697273,-44.44389022,0,454,OFF,RETRACTED,AUTO
21:21:18,-3.181906897,-44.74324089,0,450,OFF,RETRACTED,AUTO
21:21:19,-1.687685472,-44.92850936,0,441,OFF,RETRACTED,AUTO
21:21:19,-0.176262597,-44.99922325,0,433,OFF,RETRACTED,AUTO
21:21:19,1.336956804,-44.95520226,0,427,OFF,RETRACTED,AUTO
21:21:19,2.836549498,-44.79655863,0,427,OFF,RETRACTED,AUTO
21:21:19,4.307231141,-44.52369684,0,432,OFF,RETRACTED,AUTO
21:21:19,5.734012057,-44.13731263,0,439,OFF,RETRACTED,AUTO
21:21:19,7.102350023,-43.63839116,0,447,OFF,RETRACTED,AUTO
21:21:19,8.398298484,-43.02820453,0,451,OFF,RETRACTED,AUTO
21:21:19,9.608648706,-42.30830854,0,454,OFF,RETRACTED,AUTO
21:21:19,10.7210644,-41.48053871,0,452,OFF,RETRACTED,AUTO
21:21:20,11.72420745,-40.54700562,0,447,OFF,RETRACTED,AUTO
21:21:20,12.60785349,-39.5100895,0,438,OFF,RETRACTED,AUTO
21:21:20,13.36299612,-38.37243419,0,429,OFF,RETRACTED,AUTO
21:21:20,13.98193866,-37.13694037,0,427,OFF,RETRACTED,AUTO
21:21:20,14.45837266,-35.8067582,0,428,OFF,RETRACTED,AUTO
21:21:20,14.78744213,-34.38527925,0,436,OFF,RETRACTED,AUTO
21:21:20,14.96579309,-32.87612787,0,441,OFF,RETRACTED,AUTO
21:21:20,14.99160773,-31.28315197,0,449,OFF,RETRACTED,AUTO
21:21:20,14.86462294,-29.61041316,0,454,OFF,RETRACTED,AUTO
21:21:20,14.58613298,-27.86217644,0,454,OFF,RETRACTED,AUTO
21:21:21,14.15897633,-26.0428993,0,449,OFF,RETRACTED,AUTO
21:21:21,13.58750671,-24.15722038,0,441,OFF,RETRACTED,AUTO
21:21:21,12.87754871,-22.20994759,0,433,OFF,RETRACTED,AUTO
21:21:21,12.03633847,-20.20604592,0,427,OFF,RETRACTED,AUTO
21:21:21,11.07244988,-18.15062474,0,427,OFF,RETRACTED,AUTO
21:21:21,9.995707216,-16.04892476,0,433,OFF,RETRACTED,AUTO
21:21:21,8.817084992,-13.9063047,0,439,OFF,RETRACTED,AUTO
21:21:21,7.548596117,-11.72822763,0,447,OFF,RETRACTED,AUTO
21:21:21,6.20316945,-9.520247006,0,452,OFF,RETRACTED,AUTO
21:21:21,4.794518026,-7.287992529,0,454,OFF,RETRACTED,AUTO
21:21:22,3.336999285,-5.037155798,0,452,OFF,RETRACTED,AUTO
21:21:22,1.845468742,-2.77347579,0,446,OFF,RETRACTED,AUTO
21:21:22,0.335128571,-0.502724229,0,437,OFF,RETRACTED,AUTO
21:21:22,-1.178627342,1.769309132,0,429,OFF,RETRACTED,AUTO
21:21:22,-2.680370294,4.036831272,0,427,OFF,RETRACTED,AUTO
21:21:22,-4.154794025,6.29406067,0,429,OFF,RETRACTED,AUTO
21:21:22,-5.586870719,8.535242051,0,436,OFF,RETRACTED,AUTO
21:21:22,-6.962004175,10.75466106,0,442,OFF,RETRACTED,AUTO
21:21:22,-8.266178579,12.94665882,0,450,OFF,RETRACTED,AUTO
21:21:22,-9.486101353,15.10564638,0,454,OFF,RETRACTED,AUTO
21:21:23,-10.60933864,17.22611895,0,454,OFF,RETRACTED,AUTO
21:21:23,-11.62444203,19.30266994,0,448,OFF,RETRACTED,AUTO
21:21:23,-12.52106526,21.33000477,0,440,OFF,RETRACTED,AUTO
21:21:23,-13.29006965,23.3029543,0,433,OFF,RETRACTED,AUTO
21:21:23,-13.92361724,25.21648811,0,427,OFF,RETRACTED,AUTO
21:21:23,-14.41525071,27.06572723,0,427,OFF,RETRACTED,AUTO
21:21:23,-14.75995917,28.84595666,0,433,OFF,RETRACTED,AUTO
21:21:23,-14.95422924,30.55263731,0,440,OFF,RETRACTED,AUTO
21:21:23,-14.99608085,32.18141766,0,448,OFF,RETRACTED,AUTO
21:21:23,-14.88508744,33.72814478,0,452,OFF,RETRACTED,AUTO
21:21:24,-14.62238029,35.18887499,0,454,OFF,RETRACTED,AUTO
21:21:24,-14.21063699,36.55988383,0,451,OFF,RETRACTED,AUTO
21:21:24,-13.65405418,37.83767565,0,442,OFF,RETRACTED,AUTO
21:21:24,-12.95830472,39.01899244,0,436,OFF,RETRACTED,AUTO
21:21:24,-12.13047992,40.10082219,0,428,OFF,RETRACTED,AUTO
21:21:24,-11.17901726,41.08040655,0,427,OFF,RETRACTED,AUTO
21:21:24,-10.11361435,41.95524786,0,430,OFF,RETRACTED,AUTO
21:21:24,-8.94513013,42.72311554,0,438,OFF,RETRACTED,AUTO
21:21:24,-7.685474183,43.38205175,0,446,OFF,RETRACTED,AUTO
21:21:24,-6.347485337,43.93037639,0,451,OFF,RETRACTED,AUTO
21:21:25,-4.944800818,44.3666914,0,456,OFF,RETRACTED,AUTO
21:21:25,-3.491717251,44.6898843,0,453,OFF,RETRACTED,AUTO
21:21:25,-2.003044946,44.89913103,0,448,OFF,RETRACTED,AUTO
21:21:25,-0.493956942,44.9938981,0,438,OFF,RETRACTED,AUTO
21:21:25,1.020165634,44.97394385,0,429,OFF,RETRACTED,AUTO
21:21:25,2.523890344,44.83931918,0,427,OFF,RETRACTED,AUTO
21:21:25,4.001890727,44.59036734,0,429,OFF,RETRACTED,AUTO
21:21:25,5.439102515,44.22772307,0,436,OFF,RETRACTED,AUTO
21:21:25,6.820877168,43.75231103,0,442,OFF,RETRACTED,AUTO
21:21:25,8.133131182,43.16534336,0,450,OFF,RETRACTED,AUTO
21:21:26,9.362489629,42.46831667,0,454,OFF,RETRACTED,AUTO
21:21:26,10.49642248,41.66300817,0,454,OFF,RETRACTED,AUTO
21:21:26,11.52337232,40.75147116,0,449,OFF,RETRACTED,AUTO
21:21:26,12.43287212,39.7360298,0,440,OFF,RETRACTED,AUTO
21:21:26,13.21565198,38.61927316,0,432,OFF,RETRACTED,AUTO
21:21:26,13.86373354,37.40404865,0,427,OFF,RETRACTED,AUTO
21:21:26,14.37051133,36.09345473,0,428,OFF,RETRACTED,AUTO
21:21:26,14.73082011,34.69083305,0,434,OFF,RETRACTED,AUTO
21:21:26,14.94098749,33.19975986,0,440,OFF,RETRACTED,AUTO
21:21:27,14.99887137,31.62403698,0,448,OFF,RETRACTED,AUTO
21:21:27,14.90388179,29.96768204,0,452,OFF,RETRACTED,AUTO
21:21:27,14.65698692,28.23491826,0,454,OFF,RETRACTED,AUTO
21:21:27,14.26070317,26.43016368,0,450,OFF,RETRACTED,AUTO
21:21:27,13.71906962,24.55801989,0,442,OFF,RETRACTED,AUTO
21:21:27,13.03760676,22.62326033,0,434,OFF,RETRACTED,AUTO
21:21:27,12.2232603,20.63081806,0,428,OFF,RETRACTED,AUTO
21:21:27,11.28433031,18.58577322,0,427,OFF,RETRACTED,AUTO
21:21:27,10.2303867,16.49334009,0,430,OFF,RETRACTED,AUTO
21:21:27,9.072171596,14.35885375,0,438,OFF,RETRACTED,AUTO
21:21:28,7.821489914,12.18775653,0,447,OFF,RETRACTED,AUTO
21:21:28,6.491089016,9.98558409,0,451,OFF,RETRACTED,AUTO
21:21:28,5.094528788,7.757951325,0,454,OFF,RETRACTED,AUTO
21:21:28,3.646043436,5.510538048,0,452,OFF,RETRACTED,AUTO
21:21:28,2.160396401,3.249074508,0,447,OFF,RETRACTED,AUTO
21:21:28,0.65272989,0.979326777,0,437,OFF,RETRACTED,AUTO
21:21:28,-0.86158946,-1.292917952,0,429,OFF,RETRACTED,AUTO
21:21:28,-2.367127205,-3.561866117,0,427,OFF,RETRACTED,AUTO
21:21:28,-3.848538405,-5.821732564,0,429,OFF,RETRACTED,AUTO
21:21:28,-5.290724027,-8.066755292,0,437,OFF,RETRACTED,AUTO
21:21:29,-6.678984837,-10.29121015,0,442,OFF,RETRACTED,AUTO
21:21:29,-7.999171221,-12.48942542,0,450,OFF,RETRACTED,AUTO
21:21:29,-9.237827403,-14.65579631,0,454,OFF,RETRACTED,AUTO
21:21:29,-10.38232859,-16.7847992,0,453,OFF,RETRACTED,AUTO
21:21:29,-11.42100964,-18.87100574,0,448,OFF,RETRACTED,AUTO
21:21:29,-12.34328398,-20.90909673,0,440,OFF,RETRACTED,AUTO
21:21:29,-13.13975148,-22.89387563,0,430,OFF,RETRACTED,AUTO
21:21:29,-13.80229428,-24.82028183,0,427,OFF,RETRACTED,AUTO
21:21:29,-14.32415952,-26.68340356,0,428,OFF,RETRACTED,AUTO
21:21:29,-14.70002819,-28.4784904,0,434,OFF,RETRACTED,AUTO
21:21:30,-14.9260693,-30.2009654,0,440,OFF,RETRACTED,AUTO
21:21:30,-14.99997897,-31.84643675,0,449,OFF,RETRACTED,AUTO
21:21:30,-14.92100388,-33.41070899,0,454,OFF,RETRACTED,AUTO
21:21:30,-14.68994898,-34.88979368,0,454,OFF,RETRACTED,AUTO
21:21:30,-14.30916925,-36.27991957,0,450,OFF,RETRACTED,AUTO
21:21:30,-13.78254573,-37.57754227,0,442,OFF,RETRACTED,AUTO
21:21:30,-13.11544594,-38.7793532,0,434,OFF,RETRACTED,AUTO
21:21:30,-12.31466918,-39.8822881,0,428,OFF,RETRACTED,AUTO
21:21:30,-11.38837723,-40.88353481,0,427,OFF,RETRACTED,AUTO
21:21:30,-10.34601117,-41.78054044,0,430,OFF,RETRACTED,AUTO
21:21:31,-9.198195134,-42.57101789,0,438,OFF,RETRACTED,AUTO
21:21:31,-7.956628048,-43.25295167,0,447,OFF,RETRACTED,AUTO
21:21:31,-6.633964373,-43.82460305,0,452,OFF,RETRACTED,AUTO
21:21:31,-5.243685135,-44.28451449,0,454,OFF,RETRACTED,AUTO
21:21:31,-3.799960522,-44.63151335,0,451,OFF,RETRACTED,AUTO
21:21:31,-2.317505452,-44.86471487,0,446,OFF,RETRACTED,AUTO
21:21:31,-0.811429599,-44.98352447,0,437,OFF,RETRACTED,AUTO
21:21:31,0.702916613,-44.98763922,0,429,OFF,RETRACTED,AUTO
21:21:31,2.210098466,-44.87704862,0,427,OFF,RETRACTED,AUTO
21:21:31,3.694754264,-44.65203464,0,429,OFF,RETRACTED,AUTO
21:21:32,5.141751902,-44.31317102,0,437,OFF,RETRACTED,AUTO
21:21:32,6.536343102,-43.86132174,0,444,OFF,RETRACTED,AUTO
21:21:32,7.864313727,-43.2976389,0,450,OFF,RETRACTED,AUTO
21:21:32,9.112128662,-42.62355972,0,454,OFF,RETRACTED,AUTO
21:21:32,10.26706976,-41.8408029,0,454,OFF,RETRACTED,AUTO
21:21:32,11.31736549,-40.95136425,0,448,OFF,RETRACTED,AUTO
21:21:32,12.25231088,-39.95751158,0,439,OFF,RETRACTED,AUTO
21:21:32,13.06237665,-38.86177892,0,430,OFF,RETRACTED,AUTO
21:21:32,13.73930636,-37.66696007,0,427,OFF,RETRACTED,AUTO
21:21:32,14.2762005,-36.37610146,0,428,OFF,RETRACTED,AUTO
21:21:33,14.66758689,-34.99249442,0,434,OFF,RETRACTED,AUTO
21:21:33,14.90947636,-33.51966673,0,441,OFF,RETRACTED,AUTO
21:21:33,14.99940352,-31.96137368,0,449,OFF,RETRACTED,AUTO
21:21:33,14.93645178,-30.32158845,0,454,OFF,RETRACTED,AUTO
21:21:33,14.72126278,-28.60449203,0,454,OFF,RETRACTED,AUTO
21:21:33,14.3560298,-26.8144625,0,450,OFF,RETRACTED,AUTO
21:21:33,13.8444754,-24.95606392,0,442,OFF,RETRACTED,AUTO
21:21:33,13.19181353,-23.03403466,0,434,OFF,RETRACTED,AUTO
21:21:33,12.40469632,-21.05327534,0,428,OFF,RETRACTED,AUTO
21:21:33,11.49114633,-19.01883632,0,427,OFF,RETRACTED,AUTO
21:21:34,10.46047478,-16.93590481,0,433,OFF,RETRACTED,AUTO
21:21:34,9.323186605,-14.80979169,0,439,OFF,RETRACTED,AUTO
21:21:34,8.090873422,-12.64591792,0,447,OFF,RETRACTED,AUTO
21:21:34,6.776095377,-10.44980076,0,452,OFF,RETRACTED,AUTO
21:21:34,5.392253124,-8.227039653,0,456,OFF,RETRACTED,AUTO
21:21:34,3.95345124,-5.983301998,0,452,OFF,RETRACTED,AUTO
21:21:34,2.474354472,-3.72430867,0,447,OFF,RETRACTED,AUTO
21:21:34,0.970038263,-1.455819441,0,438,OFF,RETRACTED,AUTO
21:21:34,-0.544164896,0.816381702,0,429,OFF,RETRACTED,AUTO
21:21:34,-2.052821747,3.086501309,0,427,OFF,RETRACTED,AUTO
21:21:35,-3.540555559,5.34875124,0,429,OFF,RETRACTED,AUTO
21:21:35,-4.992202856,7.597363416,0,437,OFF,RETRACTED,AUTO
21:21:35,-6.392967967,9.826604534,0,442,OFF,RETRACTED,AUTO
21:21:35,-7.728573831,12.03079068,0,450,OFF,RETRACTED,AUTO
21:21:35,-8.985407511,14.20430182,0,454,OFF,RETRACTED,AUTO
21:21:35,-10.15065894,16.34159614,0,454,OFF,RETRACTED,AUTO
21:21:35,-11.21245149,18.43722416,0,449,OFF,RETRACTED,AUTO
21:21:35,-12.15996302,20.48584263,0,440,OFF,RETRACTED,AUTO
21:21:35,-12.98353619,22.4822282,0,433,OFF,RETRACTED,AUTO
21:21:35,-13.67477684,24.42129064,0,427,OFF,RETRACTED,AUTO
21:21:36,-14.22663965,26.29808592,0,428,OFF,RETRACTED,AUTO
21:21:36,-14.63349983,28.10782876,0,433,OFF,RETRACTED,AUTO
21:21:36,-14.89121053,29.84590484,0,440,OFF,RETRACTED,AUTO
21:21:36,-14.99714508,31.50788258,0,448,OFF,RETRACTED,AUTO
21:21:36,-14.95022377,33.08952441,0,452,OFF,RETRACTED,AUTO
21:21:36,-14.75092481,34.58679762,0,456,OFF,RETRACTED,AUTO
21:21:36,-14.40127955,35.99588459,0,451,OFF,RETRACTED,AUTO
21:21:36,-13.90485168,37.31319256,0,446,OFF,RETRACTED,AUTO
21:21:36,-13.26670095,38.53536279,0,436,OFF,RETRACTED,AUTO
21:21:37,-12.49333161,39.65927909,0,428,OFF,RETRACTED,AUTO
21:21:37,-11.59262609,40.68207581,0,427,OFF,RETRACTED,AUTO
21:21:37,-10.57376469,41.60114511,0,430,OFF,RETRACTED,AUTO
21:21:37,-9.447131984,42.41414363,0,438,OFF,RETRACTED,AUTO
21:21:37,-8.224210974,43.11899847,0,446,OFF,RETRACTED,AUTO
21:21:37,-6.917466082,43.71391245,0,451,OFF,RETRACTED,AUTO
21:21:37,-5.540216084,44.19736872,0,456,OFF,RETRACTED,AUTO
21:21:37,-4.106498368,44.5681346,0,454,OFF,RETRACTED,AUTO
21:21:37,-2.630925861,44.82526475,0,448,OFF,RETRACTED,AUTO
21:21:37,-1.128538086,44.96810356,0,440,OFF,RETRACTED,AUTO
21:21:38,0.385352123,44.99628683,0,430,OFF,RETRACTED,AUTO
21:21:38,1.895314695,44.9097427,0,428,OFF,RETRACTED,AUTO
21:21:38,3.385959592,44.70869185,0,429,OFF,RETRACTED,AUTO
21:21:38,4.842093668,44.39364688,0,436,OFF,RETRACTED,AUTO
21:21:38,6.248875521,43.96541107,0,442,OFF,RETRACTED,AUTO
21:21:38,7.591966765,43.4250763,0,450,OFF,RETRACTED,AUTO
21:21:38,8.857678168,42.77402026,0,456,OFF,RETRACTED,AUTO
21:21:38,10.03310918,42.01390296,0,456,OFF,RETRACTED,AUTO
21:21:38,11.10627942,41.14666247,0,450,OFF,RETRACTED,AUTO
21:21:38,12.06625079,40.17451,0,442,OFF,RETRACTED,AUTO
21:21:39,12.90323892,39.09992426,0,436,OFF,RETRACTED,AUTO
21:21:39,13.60871298,37.92564513,0,428,OFF,RETRACTED,AUTO
21:21:39,14.17548252,36.65466668,0,428,OFF,RETRACTED,AUTO
21:21:39,14.59777085,35.29022952,0,433,OFF,RETRACTED,AUTO
21:21:39,14.87127386,33.83581258,0,439,OFF,RETRACTED,AUTO
21:21:39,14.99320392,32.2951242,0,447,OFF,RETRACTED,AUTO
21:21:39,14.96231828,30.67209268,0,452,OFF,RETRACTED,AUTO
21:21:39,14.77893174,28.97085628,0,456,OFF,RETRACTED,AUTO
21:21:39,14.44491343,27.19575265,0,454,OFF,RETRACTED,AUTO
21:21:39,13.96366778,25.3513078,0,448,OFF,RETRACTED,AUTO
21:21:40,13.3400998,23.4422245,0,439,OFF,RETRACTED,AUTO
21:21:40,12.58056511,21.47337038,0,430,OFF,RETRACTED,AUTO
21:21:40,11.69280512,19.44976544,0,428,OFF,RETRACTED,AUTO
21:21:40,10.6858682,17.37656927,0,429,OFF,RETRACTED,AUTO
21:21:40,9.570017363,15.25906792,0,436,OFF,RETRACTED,AUTO
21:21:40,8.356625743,13.1026604,0,442,OFF,RETRACTED,AUTO
21:21:40,7.058060624,10.91284493,0,450,OFF,RETRACTED,AUTO
21:21:40,5.687557414,8.695204881,0,456,OFF,RETRACTED,AUTO
21:21:40,4.259084734,6.455394602,0,456,OFF,RETRACTED,AUTO
21:21:40,2.787202052,4.199124951,0,450,OFF,RETRACTED,AUTO
21:21:41,1.286911283,1.932148758,0,442,OFF,RETRACTED,AUTO
21:21:41,-0.226496111,-0.339753851,0,434,OFF,RETRACTED,AUTO
21:21:41,-1.737594983,-2.610790186,0,428,OFF,RETRACTED,AUTO
21:21:41,-3.23098371,-4.875169769,0,428,OFF,RETRACTED,AUTO
21:21:41,-4.691441182,-7.127119092,0,433,OFF,RETRACTED,AUTO
21:21:41,-6.10408193,-9.360896342,0,440,OFF,RETRACTED,AUTO
21:21:41,-7.454507854,-11.57080604,0,448,OFF,RETRACTED,AUTO
21:21:41,-8.728954965,-13.75121356,0,452,OFF,RETRACTED,AUTO
21:21:41,-9.914433675,-15.8965595,0,456,OFF,RETRACTED,AUTO
21:21:41,-10.99886119,-18.00137385,0,454,OFF,RETRACTED,AUTO
21:21:42,-11.97118467,-20.06028996,0,448,OFF,RETRACTED,AUTO
21:21:42,-12.82149388,-22.06805818,0,439,OFF,RETRACTED,AUTO
21:21:42,-13.54112216,-24.0195593,0,430,OFF,RETRACTED,AUTO
21:21:42,-14.12273485,-25.90981755,0,428,OFF,RETRACTED,AUTO
21:21:42,-14.56040395,-27.73401333,0,429,OFF,RETRACTED,AUTO
21:21:42,-14.84966858,-29.48749547,0,436,OFF,RETRACTED,AUTO
21:21:42,-14.98758047,-31.16579311,0,442,OFF,RETRACTED,AUTO
21:21:42,-14.97273398,-32.76462708,0,450,OFF,RETRACTED,AUTO
21:21:42,-14.80528043,-34.27992081,0,456,OFF,RETRACTED,AUTO
21:21:42,-14.48692655,-35.70781075,0,456,OFF,RETRACTED,AUTO
21:21:43,-14.02091712,-37.0446562,0,451,OFF,RETRACTED,AUTO
21:21:43,-13.41200185,-38.28704859,0,442,OFF,RETRACTED,AUTO
21:21:43,-12.66638702,-39.43182018,0,435,OFF,RETRACTED,AUTO
21:21:43,-11.79167218,-40.47605214,0,428,OFF,RETRACTED,AUTO
21:21:43,-10.79677271,-41.41708199,0,428,OFF,RETRACTED,AUTO
21:21:43,-9.691828956,-42.25251036,0,433,OFF,RETRACTED,AUTO
21:21:43,-8.48810287,-42.98020718,0,439,OFF,RETRACTED,AUTO
21:21:43,-7.197863229,-43.59831701,0,447,OFF,RETRACTED,AUTO
21:21:43,-5.834260581,-44.10526386,0,452,OFF,RETRACTED,AUTO
21:21:43,-4.411193216,-44.49975516,0,456,OFF,RETRACTED,AUTO
21:21:44,-2.94316551,-44.78078508,0,454,OFF,RETRACTED,AUTO
21:21:44,-1.445140085,-44.94763707,0,448,OFF,RETRACTED,AUTO
21:21:44,0.067614686,-44.99988571,0,440,OFF,RETRACTED,AUTO
21:21:44,1.579680306,-44.93739777,0,430,OFF,RETRACTED,AUTO
21:21:44,3.075645301,-44.76033259,0,428,OFF,RETRACTED,AUTO
21:21:44,4.5402623,-44.46914163,0,429,OFF,RETRACTED,AUTO
21:21:44,5.958603442,-44.06456734,0,436,OFF,RETRACTED,AUTO
21:21:44,7.316212524,-43.54764127,0,441,OFF,RETRACTED,AUTO
21:21:44,8.599252344,-42.91968142,0,449,OFF,RETRACTED,AUTO
21:21:44,9.794645736,-42.18228892,0,454,OFF,RETRACTED,AUTO
21:21:45,10.89020885,-41.33734389,0,456,OFF,RETRACTED,AUTO
21:21:45,11.87477536,-40.38700071,0,451,OFF,RETRACTED,AUTO
21:21:45,12.73831021,-39.33368246,0,446,OFF,RETRACTED,AUTO
21:21:45,13.472012,-38.18007481,0,437,OFF,RETRACTED,AUTO
21:21:45,14.06840257,-36.92911911,0,429,OFF,RETRACTED,AUTO
21:21:45,14.52140332,-35.58400494,0,427,OFF,RETRACTED,AUTO
21:21:45,14.82639712,-34.14816195,0,430,OFF,RETRACTED,AUTO
21:21:45,14.98027537,-32.62525111,0,438,OFF,RETRACTED,AUTO
21:21:45,14.98146969,-31.01915541,0,446,OFF,RETRACTED,AUTO
21:21:45,14.82996791,-29.33396991,0,451,OFF,RETRACTED,AUTO
21:21:46,14.52731418,-27.57399135,0,456,OFF,RETRACTED,AUTO
21:21:46,14.07659326,-25.74370717,0,454,OFF,RETRACTED,AUTO
21:21:46,13.48239903,-23.84778405,0,449,OFF,RETRACTED,AUTO
21:21:46,12.75078773,-21.89105604,0,440,OFF,RETRACTED,AUTO
21:21:46,11.88921618,-19.87851223,0,433,OFF,RETRACTED,AUTO
21:21:46,10.90646579,-17.81528402,0,428,OFF,RETRACTED,AUTO
21:21:46,9.812553094,-15.70663203,0,428,OFF,RETRACTED,AUTO
21:21:46,8.618627606,-13.55793272,0,434,OFF,RETRACTED,AUTO
21:21:46,7.33685821,-11.37466464,0,440,OFF,RETRACTED,AUTO
21:21:46,5.980309125,-9.162394478,0,448,OFF,RETRACTED,AUTO
21:21:47,4.562806749,-6.926762889,0,454,OFF,RETRACTED,AUTO
21:21:47,3.098798734,-4.673470077,0,456,OFF,RETRACTED,AUTO
21:21:47,1.603206737,-2.408261281,0,452,OFF,RETRACTED,AUTO
21:21:47,0.091274325,-0.136912122,0,447,OFF,RETRACTED,AUTO
21:21:47,-1.421588384,2.134786124,0,437,OFF,RETRACTED,AUTO
21:21:47,-2.919961794,4.401041288,0,429,OFF,RETRACTED,AUTO
21:21:47,-4.388573987,6.656075081,0,427,OFF,RETRACTED,AUTO
21:21:47,-5.812456379,8.894137826,0,430,OFF,RETRACTED,AUTO
21:21:47,-7.177096291,11.10952312,0,437,OFF,RETRACTED,AUTO
21:21:48,-8.468584859,13.29658237,0,446,OFF,RETRACTED,AUTO
21:21:48,-9.673758806,15.44973921,0,451,OFF,RETRACTED,AUTO
21:21:48,-10.7803346,17.56350373,0,456,OFF,RETRACTED,AUTO
21:21:48,-11.77703365,19.63248645,0,456,OFF,RETRACTED,AUTO
21:21:48,-12.65369727,21.65141205,0,450,OFF,RETRACTED,AUTO
21:21:48,-13.40139022,23.61513288,0,441,OFF,RETRACTED,AUTO
21:21:48,-14.01249176,25.51864201,0,434,OFF,RETRACTED,AUTO
21:21:48,-14.48077335,27.35708605,0,428,OFF,RETRACTED,AUTO
21:21:48,-14.80146209,29.12577751,0,428,OFF,RETRACTED,AUTO
21:21:48,-14.97128943,30.82020675,0,434,OFF,RETRACTED,AUTO
21:21:49,-14.98852443,32.43605345,0,440,OFF,RETRACTED,AUTO
21:21:49,-14.85299142,33.96919768,0,448,OFF,RETRACTED,AUTO
21:21:49,-14.56607181,35.41573038,0,453,OFF,RETRACTED,AUTO
21:21:49,-14.13068996,36.7719633,0,456,OFF,RETRACTED,AUTO
21:21:49,-13.55128344,38.03443845,0,452,OFF,RETRACTED,AUTO
21:21:49,-12.83375776,39.19993689,0,447,OFF,RETRACTED,AUTO
21:21:49,-11.98542616,40.26548693,0,438,OFF,RETRACTED,AUTO
21:21:49,-11.01493513,41.22837174,0,430,OFF,RETRACTED,AUTO
21:21:49,-9.932176231,42.08613623,0,428,OFF,RETRACTED,AUTO
21:21:49,-8.748185303,42.83659336,0,429,OFF,RETRACTED,AUTO
21:21:50,-7.475029972,43.47782969,0,437,OFF,RETRACTED,AUTO
21:21:50,-6.125686659,44.00821024,0,442,OFF,RETRACTED,AUTO
21:21:50,-4.713908319,44.4263827,0,450,OFF,RETRACTED,AUTO
21:21:50,-3.254084264,44.73128086,0,456,OFF,RETRACTED,AUTO
21:21:50,-1.761093504,44.92212731,0,456,OFF,RETRACTED,AUTO
21:21:50,-0.250153096,44.99843545,0,450,OFF,RETRACTED,AUTO
21:21:50,1.263336956,44.96001072,0,441,OFF,RETRACTED,AUTO
21:21:50,2.763950659,44.80695108,0,434,OFF,RETRACTED,AUTO
21:21:50,4.236393261,44.5396468,0,428,OFF,RETRACTED,AUTO
21:21:50,5.665657139,44.15877942,0,428,OFF,RETRACTED,AUTO
21:21:51,7.037174764,43.66532005,0,434,OFF,RETRACTED,AUTO
21:21:51,8.336967172,43.06052685,0,440,OFF,RETRACTED,AUTO
21:21:51,9.551786449,42.34594189,0,448,OFF,RETRACTED,AUTO
21:21:51,10.66925075,41.52338714,0,453,OFF,RETRACTED,AUTO
21:21:51,11.67797052,40.59495987,0,456,OFF,RETRACTED,AUTO
21:21:51,12.56766455,39.5630273,0,454,OFF,RETRACTED,AUTO
21:21:51,13.32926477,38.43022056,0,448,OFF,RETRACTED,AUTO
21:21:51,13.95500871,37.19942799,0,438,OFF,RETRACTED,AUTO
21:21:51,14.43851858,35.87378772,0,430,OFF,RETRACTED,AUTO
21:21:51,14.77486629,34.45667978,0,428,OFF,RETRACTED,AUTO
21:21:52,14.96062366,32.95171736,0,430,OFF,RETRACTED,AUTO
21:21:52,14.99389741,31.36273768,0,437,OFF,RETRACTED,AUTO
21:21:52,14.87434838,29.69379217,0,442,OFF,RETRACTED,AUTO
21:21:52,14.60319507,27.94913616,0,450,OFF,RETRACTED,AUTO
21:21:52,14.18320116,26.13321802,0,456,OFF,RETRACTED,AUTO
21:21:52,13.61864736,24.2506678,0,456,OFF,RETRACTED,AUTO
21:21:52,12.9152878,22.30628545,0,450,OFF,RETRACTED,AUTO
21:21:52,12.08029134,20.30502859,0,442,OFF,RETRACTED,AUTO
21:21:52,11.12216856,18.25199984,0,434,OFF,RETRACTED,AUTO
21:21:52,10.05068495,16.15243381,0,428,OFF,RETRACTED,AUTO
21:21:53,8.876761425,14.01168379,0,428,OFF,RETRACTED,AUTO
21:21:53,7.612363011,11.83520807,0,433,OFF,RETRACTED,AUTO
21:21:53,6.270376871,9.628556025,0,440,OFF,RETRACTED,AUTO
21:21:53,4.864480973,7.397353971,0,448,OFF,RETRACTED,AUTO
21:21:53,3.409004674,5.147290825,0,453,OFF,RETRACTED,AUTO
21:21:53,1.91878267,2.88410359,0,456,OFF,RETRACTED,AUTO
21:21:53,0.409003798,0.613562732,0,454,OFF,RETRACTED,AUTO
21:21:53,-1.104943777,-1.658542531,0,448,OFF,RETRACTED,AUTO
21:21:53,-2.607629398,-3.926418995,0,439,OFF,RETRACTED,AUTO
21:21:53,-4.083737198,-6.184284237,0,430,OFF,RETRACTED,AUTO
21:21:54,-5.518222194,-8.42638136,0,428,OFF,RETRACTED,AUTO
21:21:54,-6.896463643,-10.64699367,0,429,OFF,RETRACTED,AUTO
21:21:54,-8.204414049,-12.84045925,0,437,OFF,RETRACTED,AUTO
21:21:54,-9.42874235,-15.00118542,0,442,OFF,RETRACTED,AUTO
21:21:54,-10.55696979,-17.12366293,0,450,OFF,RETRACTED,AUTO
21:21:54,-11.57759709,-19.20248011,0,456,OFF,RETRACTED,AUTO
21:21:54,-12.48022169,-21.23233657,0,456,OFF,RETRACTED,AUTO
21:21:54,-13.25564373,-23.20805677,0,450,OFF,RETRACTED,AUTO
21:21:54,-13.89595986,-25.1246032,0,442,OFF,RETRACTED,AUTO
21:21:54,-14.39464377,-26.97708922,0,436,OFF,RETRACTED,AUTO
21:21:55,-14.7466127,-28.76079155,0,428,OFF,RETRACTED,AUTO
21:21:55,-14.94827927,-30.47116225,0,428,OFF,RETRACTED,AUTO
21:21:55,-14.99758802,-32.10384038,0,433,OFF,RETRACTED,AUTO
21:21:55,-14.89403639,-33.6546631,0,439,OFF,RETRACTED,AUTO
21:21:55,-14.63867981,-35.11967624,0,447,OFF,RETRACTED,AUTO
21:21:55,-14.23412095,-36.49514447,0,452,OFF,RETRACTED,AUTO
21:21:55,-13.68448322,-37.77756073,0,456,OFF,RETRACTED,AUTO
21:21:55,-12.9953687,-38.96365524,0,454,OFF,RETRACTED,AUTO
21:21:55,-12.17380108,-40.0504038,0,448,OFF,RETRACTED,AUTO
21:21:55,-11.22815404,-41.03503553,0,440,OFF,RETRACTED,AUTO
21:21:56,-10.16806594,-41.91503989,0,430,OFF,RETRACTED,AUTO
21:21:56,-9.004341545,-42.68817314,0,428,OFF,RETRACTED,AUTO
21:21:56,-7.748841918,-43.35246402,0,429,OFF,RETRACTED,AUTO
21:21:56,-6.414363526,-43.90621876,0,437,OFF,RETRACTED,AUTO
21:21:56,-5.014507817,-44.34802546,0,442,OFF,RETRACTED,AUTO
21:21:56,-3.563542584,-44.67675765,0,450,OFF,RETRACTED,AUTO
21:21:56,-2.076256543,-44.89157714,0,456,OFF,RETRACTED,AUTO
21:21:56,-0.567808609,-44.99193622,0,456,OFF,RETRACTED,AUTO
21:21:56,0.946426619,-44.977579,0,451,OFF,RETRACTED,AUTO
21:21:56,2.451015554,-44.84854208,0,445,OFF,RETRACTED,AUTO
21:21:57,3.930622926,-44.60515447,0,436,OFF,RETRACTED,AUTO
21:21:57,5.370168087,-44.24803674,0,428,OFF,RETRACTED,AUTO
21:21:57,6.754978716,-43.77809944,0,428,OFF,RETRACTED,AUTO
21:21:57,8.070940365,-43.19654076,0,433,OFF,RETRACTED,AUTO
21:21:57,9.304640316,-42.50484351,0,439,OFF,RETRACTED,AUTO
21:21:57,10.44350429,-41.70477132,0,447,OFF,RETRACTED,AUTO
21:21:57,11.47592461,-40.79836413,0,452,OFF,RETRACTED,AUTO
21:21:57,12.3913785,-39.78793303,0,456,OFF,RETRACTED,AUTO
21:21:57,13.18053536,-38.67605432,0,454,OFF,RETRACTED,AUTO
21:21:58,13.83535184,-37.46556296,0,448,OFF,RETRACTED,AUTO
21:21:58,14.34915383,-36.15954535,0,439,OFF,RETRACTED,AUTO
21:21:58,14.71670449,-34.76133146,0,430,OFF,RETRACTED,AUTO
21:21:58,14.93425762,-33.27448631,0,428,OFF,RETRACTED,AUTO
21:21:58,14.99959586,-31.70280095,0,430,OFF,RETRACTED,AUTO
21:21:58,14.91205324,-30.05028269,0,437,OFF,RETRACTED,AUTO
21:21:58,14.67252203,-28.32114499,0,444,OFF,RETRACTED,AUTO
21:21:58,14.28344363,-26.51979664,0,450,OFF,RETRACTED,AUTO
21:21:58,13.74878363,-24.65083054,0,456,OFF,RETRACTED,AUTO
21:21:58,13.07399147,-22.71901203,0,457,OFF,RETRACTED,AUTO
21:21:59,12.26594487,-20.72926666,0,452,OFF,RETRACTED,AUTO
21:21:59,11.33287969,-18.68666772,0,447,OFF,RETRACTED,AUTO
21:21:59,10.28430605,-16.59642323,0,437,OFF,RETRACTED,AUTO
21:21:59,9.130911349,-14.46386271,0,424,OFF,RETRACTED,AUTO
21:21:59,7.884451379,-12.29442356,0,163,OFF,RETRACTED,AUTO
21:21:59,6.557630469,-10.09363722,0,113,OFF,RETRACTED,AUTO
21:21:59,5.163972017,-7.867115046,0,88,OFF,RETRACTED,AUTO
21:21:59,3.717680652,-5.62053403,0,69,OFF,RETRACTED,AUTO
21:21:59,2.233497454,-3.359622292,0,62,OFF,RETRACTED,AUTO
21:21:59,0.72654971,-1.090144499,0,57,OFF,RETRACTED,AUTO
21:22:00,-0.78780327,1.182112845,0,75,OFF,RETRACTED,AUTO
21:22:00,-2.294126697,3.451356146,0,205,OFF,RETRACTED,AUTO
21:22:00,-3.777067625,5.711799497,0,396,OFF,RETRACTED,AUTO
21:22:00,-5.221511429,7.957679426,0,405,OFF,RETRACTED,AUTO
21:22:00,-6.612735859,10.1832696,0,351,OFF,RETRACTED,AUTO
21:22:00,-7.936561094,12.3828954,0,414,OFF,RETRACTED,AUTO
21:22:00,-9.17949427,14.55094844,0,427,OFF,RETRACTED,AUTO
21:22:00,-10.328867,16.6819008,0,438,OFF,RETRACTED,AUTO
21:22:00,-11.3729645,18.77031919,0,440,OFF,RETRACTED,AUTO
21:22:00,-12.30114497,20.81087875,0,158,OFF,RETRACTED,AUTO
21:22:01,-13.1039481,22.79837664,0,85,OFF,RETRACTED,AUTO
21:22:01,-13.77319145,24.72774532,0,64,OFF,RETRACTED,AUTO
21:22:01,-14.30205387,26.59406548,0,52,OFF,RETRACTED,AUTO
21:22:01,-14.68514502,28.39257853,0,52,OFF,RETRACTED,AUTO
21:22:01,-14.91856031,30.11869879,0,50,OFF,RETRACTED,AUTO
21:22:01,-14.99992069,31.76802517,0,50,OFF,RETRACTED,AUTO
21:22:01,-14.92839691,33.33635235,0,43,OFF,RETRACTED,AUTO
21:22:01,-14.70471796,34.81968157,0,50,OFF,RETRACTED,AUTO
21:22:01,-14.33116365,36.21423076,0,385,OFF,RETRACTED,AUTO
21:22:01,-13.81154138,37.51644424,0,422,OFF,RETRACTED,AUTO
21:22:02,-13.15114731,38.72300174,0,424,OFF,RETRACTED,AUTO
21:22:02,-12.35671238,39.83082689,0,423,OFF,RETRACTED,AUTO
21:22:02,-11.43633375,40.83709506,0,415,OFF,RETRACTED,AUTO
21:22:02,-10.39939222,41.73924055,0,403,OFF,RETRACTED,AUTO
21:22:02,-9.256456635,42.53496317,0,396,OFF,RETRACTED,AUTO
21:22:02,-8.01917618,43.22223405,0,392,OFF,RETRACTED,AUTO
21:22:02,-6.700161624,43.79930086,0,396,OFF,RETRACTED,AUTO
21:22:02,-5.312856802,44.26469223,0,396,OFF,RETRACTED,AUTO
21:22:02,-3.871401584,44.61722156,0,122,OFF,RETRACTED,AUTO
21:22:02,-2.390487758,44.85598999,0,75,OFF,RETRACTED,AUTO
21:22:03,-0.885209289,44.98038875,0,60,OFF,RETRACTED,AUTO
21:22:03,0.629091526,44.99010065,0,103,OFF,RETRACTED,AUTO
21:22:03,2.136980432,44.88510093,0,280,OFF,RETRACTED,AUTO
21:22:03,3.623088526,44.6656573,0,340,OFF,RETRACTED,AUTO
21:22:03,5.072268901,44.33232929,0,356,OFF,RETRACTED,AUTO
21:22:03,6.469751031,43.88596678,0,389,OFF,RETRACTED,AUTO
21:22:03,7.801291316,43.32770786,0,404,OFF,RETRACTED,AUTO
21:22:03,9.053318256,42.65897594,0,413,OFF,RETRACTED,AUTO
21:22:03,10.21307078,41.88147609,0,422,OFF,RETRACTED,AUTO
21:22:03,11.2687283,40.99719069,0,429,OFF,RETRACTED,AUTO
21:22:04,12.20953121,40.00837443,0,434,OFF,RETRACTED,AUTO
21:22:04,13.02589053,38.9175485,0,436,OFF,RETRACTED,AUTO
21:22:04,13.70948566,37.72749417,0,432,OFF,RETRACTED,AUTO
21:22:04,14.25334917,36.44124576,0,424,OFF,RETRACTED,AUTO
21:22:04,14.65193783,35.0620828,0,413,OFF,RETRACTED,AUTO
21:22:04,14.90118908,33.59352177,0,406,OFF,RETRACTED,AUTO
21:22:04,14.99856248,32.03930706,0,405,OFF,RETRACTED,AUTO
21:22:04,14.94306556,30.40340147,0,410,OFF,RETRACTED,AUTO
21:22:04,14.73526397,28.68997609,0,416,OFF,RETRACTED,AUTO
21:22:04,14.37727568,26.90339964,0,427,OFF,RETRACTED,AUTO
21:22:05,13.87274944,25.04822738,0,433,OFF,RETRACTED,AUTO
21:22:05,13.22682754,23.12918945,0,436,OFF,RETRACTED,AUTO
21:22:05,12.44609343,21.15117884,0,434,OFF,RETRACTED,AUTO
21:22:05,11.53850462,19.1192389,0,428,OFF,RETRACTED,AUTO
21:22:05,10.51331155,17.03855048,0,416,OFF,RETRACTED,AUTO
21:22:05,9.380963317,14.91441873,0,408,OFF,RETRACTED,AUTO
21:22:05,8.153001203,12.75225957,0,405,OFF,RETRACTED,AUTO
21:22:05,6.841941,10.55758587,0,408,OFF,RETRACTED,AUTO
21:22:05,5.461145468,8.335993405,0,414,OFF,RETRACTED,AUTO
21:22:05,4.024688132,6.093146592,0,424,OFF,RETRACTED,AUTO
21:22:06,2.547209842,3.834764034,0,430,OFF,RETRACTED,AUTO
21:22:06,1.043769545,1.566603948,0,436,OFF,RETRACTED,AUTO
21:22:06,-0.470309196,-0.705550522,0,436,OFF,RETRACTED,AUTO
21:22:06,-1.979594391,-2.975906044,0,430,OFF,RETRACTED,AUTO
21:22:06,-3.468702904,-5.238673874,0,423,OFF,RETRACTED,AUTO
21:22:06,-4.922457247,-7.488084614,0,412,OFF,RETRACTED,AUTO
21:22:06,-6.326040276,-9.718402926,0,406,OFF,RETRACTED,AUTO
21:22:06,-7.665146207,-11.92394215,0,406,OFF,RETRACTED,AUTO
21:22:06,-8.926126429,-14.0990788,0,412,OFF,RETRACTED,AUTO
21:22:06,-10.09612861,-16.23826691,0,417,OFF,RETRACTED,AUTO
21:22:07,-11.16322771,-18.33605219,0,428,OFF,RETRACTED,AUTO
21:22:07,-12.11654749,-20.38708588,0,434,OFF,RETRACTED,AUTO
21:22:07,-12.94637141,-22.38613846,0,437,OFF,RETRACTED,AUTO
21:22:07,-13.64424162,-24.32811292,0,433,OFF,RETRACTED,AUTO
21:22:07,-14.2030452,-26.20805779,0,427,OFF,RETRACTED,AUTO
21:22:07,-14.61708664,-28.02117977,0,415,OFF,RETRACTED,AUTO
21:22:07,-14.88214589,-29.76285592,0,408,OFF,RETRACTED,AUTO
21:22:07,-14.99552138,-31.42864547,0,405,OFF,RETRACTED,AUTO
21:22:07,-14.95605755,-33.01430116,0,409,OFF,RETRACTED,AUTO
21:22:08,-14.76415663,-34.51578001,0,415,OFF,RETRACTED,AUTO
21:22:08,-14.42177453,-35.9292537,0,426,OFF,RETRACTED,AUTO
21:22:08,-13.93240093,-37.25111829,0,432,OFF,RETRACTED,AUTO
21:22:08,-13.30102368,-38.47800339,0,436,OFF,RETRACTED,AUTO
21:22:08,-12.53407799,-39.60678083,0,434,OFF,RETRACTED,AUTO
21:22:08,-11.63938083,-40.63457253,0,428,OFF,RETRACTED,AUTO
21:22:08,-10.62605124,-41.55875794,0,417,OFF,RETRACTED,AUTO
21:22:08,-9.504417423,-42.37698064,0,410,OFF,RETRACTED,AUTO
21:22:08,-8.285911432,-43.08715442,0,405,OFF,RETRACTED,AUTO
21:22:08,-6.982952687,-43.68746853,0,405,OFF,RETRACTED,AUTO
21:22:09,-5.608821375,-44.17639235,0,412,OFF,RETRACTED,AUTO
21:22:09,-4.177523097,-44.55267927,0,417,OFF,RETRACTED,AUTO
21:22:09,-2.703646121,-44.81536986,0,428,OFF,RETRACTED,AUTO
21:22:09,-1.202212687,-44.96379434,0,433,OFF,RETRACTED,AUTO
21:22:09,0.311474096,-44.99757427,0,434,OFF,RETRACTED,AUTO
21:22:09,1.821986233,-44.91662352,0,430,OFF,RETRACTED,AUTO
21:22:09,3.313928082,-44.7211485,0,423,OFF,RETRACTED,AUTO
21:22:09,4.772093278,-44.4116476,0,412,OFF,RETRACTED,AUTO
21:22:09,6.181619719,-43.98890997,0,405,OFF,RETRACTED,AUTO
21:22:09,7.528141044,-43.45401346,0,404,OFF,RETRACTED,AUTO
21:22:10,8.797933062,-42.8083219,0,408,OFF,RETRACTED,AUTO
21:22:10,9.978053632,-42.05348162,0,415,OFF,RETRACTED,AUTO
21:22:10,11.05647457,-41.19141724,0,426,OFF,RETRACTED,AUTO
21:22:10,12.02220426,-40.22432676,0,430,OFF,RETRACTED,AUTO
21:22:10,12.86539967,-39.154676,0,434,OFF,RETRACTED,AUTO
21:22:10,13.57746665,-37.98519224,0,433,OFF,RETRACTED,AUTO
21:22:10,14.1511476,-36.71885734,0,426,OFF,RETRACTED,AUTO
21:22:10,14.58059537,-35.35890006,0,415,OFF,RETRACTED,AUTO
21:22:10,14.86143288,-33.90878791,0,406,OFF,RETRACTED,AUTO
21:22:10,14.99079774,-32.37221826,0,404,OFF,RETRACTED,AUTO
21:22:11,14.96737142,-30.75310889,0,406,OFF,RETRACTED,AUTO
21:22:11,14.7913927,-29.05558808,0,412,OFF,RETRACTED,AUTO
21:22:11,14.46465521,-27.283984,0,422,OFF,RETRACTED,AUTO
21:22:11,13.99048915,-25.44281373,0,428,OFF,RETRACTED,AUTO
21:22:11,13.3737274,-23.53677171,0,434,OFF,RETRACTED,AUTO
21:22:11,12.62065619,-21.57071779,0,434,OFF,RETRACTED,AUTO
21:22:11,11.73895106,-19.54966484,0,428,OFF,RETRACTED,AUTO
21:22:11,10.73759867,-17.47876595,0,418,OFF,RETRACTED,AUTO
21:22:11,9.626805104,-15.36330131,0,410,OFF,RETRACTED,AUTO
21:22:11,8.417891955,-13.20866474,0,404,OFF,RETRACTED,AUTO
21:22:12,7.123180864,-11.02034993,0,404,OFF,RETRACTED,AUTO
21:22:12,5.755867954,-8.803936438,0,410,OFF,RETRACTED,AUTO
21:22:12,4.329889331,-6.565075484,0,416,OFF,RETRACTED,AUTO
21:22:12,2.859779041,-4.309475503,0,427,OFF,RETRACTED,AUTO
21:22:12,1.360520937,-2.042887618,0,433,OFF,RETRACTED,AUTO
21:22:12,-0.152604048,0.228909034,0,434,OFF,RETRACTED,AUTO
21:22:12,-1.664173642,2.500122035,0,430,OFF,RETRACTED,AUTO
21:22:12,-3.158781426,4.764960454,0,424,OFF,RETRACTED,AUTO
21:22:12,-4.621193865,7.017649615,0,413,OFF,RETRACTED,AUTO
21:22:12,-6.036505564,9.252445819,0,405,OFF,RETRACTED,AUTO
21:22:13,-7.390291199,11.46365099,0,404,OFF,RETRACTED,AUTO
21:22:13,-8.668752538,13.64562719,0,406,OFF,RETRACTED,AUTO
21:22:13,-9.85885908,15.79281103,0,414,OFF,RETRACTED,AUTO
21:22:13,-10.94848086,17.89972781,0,423,OFF,RETRACTED,AUTO
21:22:13,-11.92651211,19.96100551,0,429,OFF,RETRACTED,AUTO
21:22:13,-12.78298438,21.97138848,0,433,OFF,RETRACTED,AUTO
21:22:13,-13.50916825,23.92575081,0,433,OFF,RETRACTED,AUTO
21:22:13,-14.0976622,25.81910947,0,427,OFF,RETRACTED,AUTO
21:22:13,-14.54246811,27.64663694,0,415,OFF,RETRACTED,AUTO
21:22:13,-14.83905236,29.40367355,0,406,OFF,RETRACTED,AUTO
21:22:14,-14.98439208,31.08573938,0,403,OFF,RETRACTED,AUTO
21:22:14,-14.97700591,32.68854565,0,404,OFF,RETRACTED,AUTO
21:22:14,-14.81696914,34.20800567,0,410,OFF,RETRACTED,AUTO
21:22:14,-14.5059129,35.64024526,0,416,OFF,RETRACTED,AUTO
21:22:14,-14.0470076,36.98161263,0,427,OFF,RETRACTED,AUTO
21:22:14,-13.44493054,38.22868769,0,432,OFF,RETRACTED,AUTO
21:22:14,-12.7058183,39.37829075,0,433,OFF,RETRACTED,AUTO
21:22:14,-11.83720415,40.42749067,0,428,OFF,RETRACTED,AUTO
21:22:14,-10.84794129,41.37361229,0,417,OFF,RETRACTED,AUTO
21:22:14,-9.748112625,42.21424327,0,408,OFF,RETRACTED,AUTO
21:22:15,-8.548927964,42.94724026,0,402,OFF,RETRACTED,AUTO
21:22:15,-7.262609797,43.57073433,0,402,OFF,RETRACTED,AUTO
21:22:15,-5.902268706,44.08313574,0,405,OFF,RETRACTED,AUTO
21:22:15,-4.481769737,44.48313802,0,413,OFF,RETRACTED,AUTO
21:22:15,-3.015591086,44.76972129,0,423,OFF,RETRACTED,AUTO
21:22:15,-1.518676531,44.94215484,0,428,OFF,RETRACTED,AUTO
21:22:15,-0.006283123,44.99999901,0,430,OFF,RETRACTED,AUTO
21:22:15,1.506174325,44.94310633,0,428,OFF,RETRACTED,AUTO
21:22:15,3.003280346,44.77162184,0,422,OFF,RETRACTED,AUTO
21:22:15,4.469775938,44.48598279,0,411,OFF,RETRACTED,AUTO
21:22:16,5.890714093,44.08691747,0,404,OFF,RETRACTED,AUTO
21:22:16,7.251612139,43.57544338,0,402,OFF,RETRACTED,AUTO
21:22:16,8.538599352,42.95286463,0,404,OFF,RETRACTED,AUTO
21:22:16,9.738558332,42.22076861,0,410,OFF,RETRACTED,AUTO
21:22:16,10.8392587,41.38102196,0,416,OFF,RETRACTED,AUTO
21:22:16,11.82948175,40.43576579,0,427,OFF,RETRACTED,AUTO
21:22:16,12.69913481,39.38741022,0,430,OFF,RETRACTED,AUTO
21:22:16,13.43935408,38.23862825,0,430,OFF,RETRACTED,AUTO
21:22:16,14.04259499,36.99234894,0,426,OFF,RETRACTED,AUTO
21:22:16,14.50270913,35.65174994,0,414,OFF,RETRACTED,AUTO
21:22:17,14.81500686,34.22024939,0,405,OFF,RETRACTED,AUTO
21:22:17,14.97630512,32.70149719,0,402,OFF,RETRACTED,AUTO
21:22:17,14.98495993,31.09936572,0,402,OFF,RETRACTED,AUTO
21:22:17,14.84088306,29.41793994,0,406,OFF,RETRACTED,AUTO
21:22:17,14.54554299,27.66150701,0,414,OFF,RETRACTED,AUTO
21:22:17,14.10194993,25.83454531,0,424,OFF,RETRACTED,AUTO
21:22:17,13.51462512,23.94171306,0,429,OFF,RETRACTED,AUTO
21:22:17,12.78955478,21.98783643,0,430,OFF,RETRACTED,AUTO
21:22:17,11.93412906,19.97789724,0,428,OFF,RETRACTED,AUTO
21:22:18,10.95706675,17.91702024,0,417,OFF,RETRACTED,AUTO
21:22:18,9.868326376,15.81046007,0,410,OFF,RETRACTED,AUTO
21:22:18,8.679004754,13.66358785,0,403,OFF,RETRACTED,AUTO
21:22:18,7.401223842,11.48187746,0,402,OFF,RETRACTED,AUTO
21:22:18,6.048007204,9.270891641,0,404,OFF,RETRACTED,AUTO
21:22:18,4.633147273,7.036267753,0,412,OFF,RETRACTED,AUTO
21:22:18,3.171064771,4.783703435,0,418,OFF,RETRACTED,AUTO
21:22:18,1.676661726,2.51894207,0,427,OFF,RETRACTED,AUTO
21:22:18,0.165169589,0.247758139,0,430,OFF,RETRACTED,AUTO
21:22:18,-1.348006011,-2.024057504,0,429,OFF,RETRACTED,AUTO
21:22:19,-2.847442287,-4.29071239,0,424,OFF,RETRACTED,AUTO
21:22:19,-4.317856488,-6.546427213,0,413,OFF,RETRACTED,AUTO
21:22:19,-5.744261665,-8.785450558,0,405,OFF,RETRACTED,AUTO
21:22:19,-7.112119425,-11.00207357,0,402,OFF,RETRACTED,AUTO
21:22:19,-8.407488108,-13.1906445,0,403,OFF,RETRACTED,AUTO
21:22:19,-9.617164887,-15.34558314,0,408,OFF,RETRACTED,AUTO
21:22:19,-10.72882034,-17.46139503,0,415,OFF,RETRACTED,AUTO
21:22:19,-11.73112409,-19.53268545,0,426,OFF,RETRACTED,AUTO
21:22:19,-12.61386035,-21.55417323,0,429,OFF,RETRACTED,AUTO
21:22:19,-13.36803196,-23.52070416,0,430,OFF,RETRACTED,AUTO
21:22:20,-13.98595216,-25.42726417,0,427,OFF,RETRACTED,AUTO
21:22:20,-14.46132291,-27.26899207,0,416,OFF,RETRACTED,AUTO
21:22:20,-14.78929906,-29.041192,0,408,OFF,RETRACTED,AUTO
21:22:20,-14.96653778,-30.73934537,0,402,OFF,RETRACTED,AUTO
21:22:20,-14.99123258,-32.35912238,0,402,OFF,RETRACTED,AUTO
21:22:20,-14.86313178,-33.89639308,0,405,OFF,RETRACTED,AUTO
21:22:20,-14.58354102,-35.34723787,0,412,OFF,RETRACTED,AUTO
21:22:20,-14.15530997,-36.70795752,0,421,OFF,RETRACTED,AUTO
21:22:20,-13.58280332,-37.9750826,0,427,OFF,RETRACTED,AUTO
21:22:20,-12.87185623,-39.14538231,0,430,OFF,RETRACTED,AUTO
21:22:21,-12.02971493,-40.21587271,0,429,OFF,RETRACTED,AUTO
21:22:21,-11.06496278,-41.18382439,0,423,OFF,RETRACTED,AUTO
21:22:21,-9.987432869,-42.04676933,0,413,OFF,RETRACTED,AUTO
21:22:21,-8.808107732,-42.80250729,0,404,OFF,RETRACTED,AUTO
21:22:21,-7.539007445,-43.44911134,0,401,OFF,RETRACTED,AUTO
21:22:21,-6.193067096,-43.98493285,0,402,OFF,RETRACTED,AUTO
21:22:21,-4.784004955,-44.40860562,0,406,OFF,RETRACTED,AUTO
21:22:21,-3.326182652,-44.71904941,0,415,OFF,RETRACTED,AUTO
21:22:21,-1.834458793,-44.91547268,0,424,OFF,RETRACTED,AUTO
21:22:21,-0.324037523,-44.99737461,0,429,OFF,RETRACTED,AUTO
21:22:22,1.189686446,-44.96454637,0,429,OFF,RETRACTED,AUTO
21:22:22,2.691284736,-44.81707166,0,426,OFF,RETRACTED,AUTO
21:22:22,4.16545256,-44.5553265,0,416,OFF,RETRACTED,AUTO
21:22:22,5.597164712,-44.17997827,0,360,OFF,RETRACTED,AUTO
21:22:22,6.971828708,-43.69198399,0,272,OFF,RETRACTED,AUTO
21:22:22,8.275433515,-43.0925879,0,256,OFF,RETRACTED,AUTO
21:22:22,9.494692363,-42.3833183,0,256,OFF,RETRACTED,AUTO
21:22:22,10.61717816,-41.56598361,0,258,OFF,RETRACTED,AUTO
21:22:22,11.63145016,-40.64266779,0,262,OFF,RETRACTED,AUTO
21:22:22,12.52717057,-39.61572504,0,266,OFF,RETRACTED,AUTO
21:22:23,13.29520991,-38.48777375,0,270,OFF,RETRACTED,AUTO
21:22:23,13.92774006,-37.26168988,0,267,OFF,RETRACTED,AUTO
21:22:23,14.41831408,-35.94059958,0,293,OFF,RETRACTED,AUTO
21:22:23,14.76193186,-34.52787123,0,386,OFF,RETRACTED,AUTO
21:22:23,14.95509114,-33.0271069,0,389,OFF,RETRACTED,AUTO
21:22:23,14.99582317,-31.44213309,0,391,OFF,RETRACTED,AUTO
21:22:23,14.88371281,-29.77699101,0,394,OFF,RETRACTED,AUTO
21:22:23,14.61990272,-28.0359263,0,402,OFF,RETRACTED,AUTO
21:22:23,14.20708174,-26.22337817,0,411,OFF,RETRACTED,AUTO
21:22:23,13.64945748,-24.34396807,0,421,OFF,RETRACTED,AUTO
21:22:24,12.95271342,-22.40248797,0,427,OFF,RETRACTED,AUTO
21:22:24,12.12395102,-20.40388806,0,428,OFF,RETRACTED,AUTO
21:22:24,11.17161729,-18.35326419,0,426,OFF,RETRACTED,AUTO
21:22:24,10.10541874,-16.25584485,0,416,OFF,RETRACTED,AUTO
21:22:24,8.936222412,-14.11697786,0,408,OFF,RETRACTED,AUTO
21:22:24,7.675945147,-11.9421167,0,403,OFF,RETRACTED,AUTO
21:22:24,6.337432105,-9.73680662,0,403,OFF,RETRACTED,AUTO
21:22:24,4.934325857,-7.506670529,0,406,OFF,RETRACTED,AUTO
21:22:24,3.480927325,-5.25739462,0,414,OFF,RETRACTED,AUTO
21:22:24,1.992050028,-2.994713889,0,424,OFF,RETRACTED,AUTO
21:22:25,0.482869098,-0.724397512,0,430,OFF,RETRACTED,AUTO
21:22:25,-1.031233394,1.547765867,0,434,OFF,RETRACTED,AUTO
21:22:25,-2.534825214,3.815982895,0,433,OFF,RETRACTED,AUTO
21:22:25,-4.012581255,6.074470281,0,428,OFF,RETRACTED,AUTO
21:22:25,-5.449439739,8.31746954,0,416,OFF,RETRACTED,AUTO
21:22:25,-6.830755728,10.53926168,0,410,OFF,RETRACTED,AUTO
21:22:25,-8.142450392,12.73418178,0,405,OFF,RETRACTED,AUTO
21:22:25,-9.371154505,14.89663343,0,406,OFF,RETRACTED,AUTO
21:22:25,-10.50434471,17.02110302,0,413,OFF,RETRACTED,AUTO
21:22:25,-11.53047115,19.10217377,0,422,OFF,RETRACTED,AUTO
21:22:26,-12.43907521,21.13453954,0,429,OFF,RETRACTED,AUTO
21:22:26,-13.22089609,23.11301842,0,436,OFF,RETRACTED,AUTO
21:22:26,-13.86796522,25.03256584,0,437,OFF,RETRACTED,AUTO
21:22:26,-14.37368746,26.88828753,0,434,OFF,RETRACTED,AUTO
21:22:26,-14.73290831,28.67545193,0,428,OFF,RETRACTED,AUTO
21:22:26,-14.94196648,30.3895023,0,417,OFF,RETRACTED,AUTO
21:22:26,-14.99873118,32.02606831,0,413,OFF,RETRACTED,AUTO
21:22:26,-14.90262385,33.5809772,0,411,OFF,RETRACTED,AUTO
21:22:26,-14.65462403,35.0502644,0,414,OFF,RETRACTED,AUTO
21:22:27,-14.25725943,36.43018366,0,423,OFF,RETRACTED,AUTO
21:22:27,-13.71458012,37.71721659,0,429,OFF,RETRACTED,AUTO
21:22:27,-13.03211727,38.90808162,0,437,OFF,RETRACTED,AUTO
21:22:27,-12.21682676,39.99974241,0,440,OFF,RETRACTED,AUTO
21:22:27,-11.27701831,40.98941553,0,440,OFF,RETRACTED,AUTO
21:22:27,-10.22227075,41.8745776,0,435,OFF,RETRACTED,AUTO
21:22:27,-9.063334419,42.65297173,0,427,OFF,RETRACTED,AUTO
21:22:27,-7.812021582,43.32261323,0,416,OFF,RETRACTED,AUTO
21:22:27,-6.481086034,43.88179471,0,412,OFF,RETRACTED,AUTO
21:22:27,-5.084093111,44.32909043,0,412,OFF,RETRACTED,AUTO
21:22:28,-3.635281426,44.66335991,0,415,OFF,RETRACTED,AUTO
21:22:28,-2.149417749,44.88375086,0,426,OFF,RETRACTED,AUTO
21:22:28,-0.641646494,44.98970135,0,433,OFF,RETRACTED,AUTO
21:22:28,0.872664634,44.98094124,0,438,OFF,RETRACTED,AUTO
21:22:28,2.378081276,44.85749285,0,440,OFF,RETRACTED,AUTO
21:22:28,3.859259725,44.61967096,0,439,OFF,RETRACTED,AUTO
21:22:28,5.301103321,44.26808193,0,433,OFF,RETRACTED,AUTO
21:22:28,6.688916316,43.80362221,0,425,OFF,RETRACTED,AUTO
21:22:28,8.00855366,43.22747605,0,415,OFF,RETRACTED,AUTO
21:22:28,9.246565172,42.54111244,0,412,OFF,RETRACTED,AUTO
21:22:29,10.39033263,41.74628141,0,413,OFF,RETRACTED,AUTO
21:22:29,11.42819837,40.84500956,0,420,OFF,RETRACTED,AUTO
21:22:29,12.34958414,39.83959485,0,428,OFF,RETRACTED,AUTO
21:22:29,13.14509885,38.73260081,0,436,OFF,RETRACTED,AUTO
21:22:29,13.80663435,37.52684994,0,440,OFF,RETRACTED,AUTO
21:22:29,14.32744807,36.22541656,0,440,OFF,RETRACTED,AUTO
21:22:29,14.70223169,34.83161894,0,437,OFF,RETRACTED,AUTO
21:22:29,14.9271653,33.34901087,0,430,OFF,RETRACTED,AUTO
21:22:29,14.99995629,31.78137255,0,422,OFF,RETRACTED,AUTO
21:22:29,14.91986276,30.13270101,0,413,OFF,RETRACTED,AUTO
21:22:30,14.68770104,28.40719988,0,412,OFF,RETRACTED,AUTO
21:22:30,14.30583741,26.60926868,0,415,OFF,RETRACTED,AUTO
21:22:30,13.77816395,24.74349162,0,424,OFF,RETRACTED,AUTO
21:22:30,13.11005888,22.81462587,0,430,OFF,RETRACTED,AUTO
21:22:30,12.30833174,20.82758949,0,438,OFF,RETRACTED,AUTO
21:22:30,11.38115401,18.78744884,0,441,OFF,RETRACTED,AUTO
21:22:30,10.33797579,16.69940568,0,441,OFF,RETRACTED,AUTO
21:22:30,9.189429489,14.5687839,0,437,OFF,RETRACTED,AUTO
21:22:30,7.947221484,12.40101599,0,428,OFF,RETRACTED,AUTO
21:22:30,6.624012764,10.2016291,0,417,OFF,RETRACTED,AUTO
21:22:31,5.233289913,7.976231033,0,413,OFF,RETRACTED,AUTO
21:22:31,3.789227637,5.730495908,0,413,OFF,RETRACTED,AUTO
21:22:31,2.306544298,3.470149691,0,416,OFF,RETRACTED,AUTO
21:22:31,0.800351895,1.200955606,0,426,OFF,RETRACTED,AUTO
21:22:31,-0.713997959,-1.071300566,0,433,OFF,RETRACTED,AUTO
21:22:31,-2.22107051,-3.340825234,0,439,OFF,RETRACTED,AUTO
21:22:31,-3.705505174,-5.601831772,0,441,OFF,RETRACTED,AUTO
21:22:31,-5.152172102,-7.848555276,0,440,OFF,RETRACTED,AUTO
21:22:31,-6.546326385,-10.07526725,0,435,OFF,RETRACTED,AUTO
21:22:31,-7.873758342,-12.27629024,0,427,OFF,RETRACTED,AUTO
21:22:32,-9.120938345,-14.44601227,0,415,OFF,RETRACTED,AUTO
21:22:32,-10.27515472,-16.57890119,0,413,OFF,RETRACTED,AUTO
21:22:32,-11.32464332,-18.66951875,0,413,OFF,RETRACTED,AUTO
21:22:32,-12.2587074,-20.71253449,0,417,OFF,RETRACTED,AUTO
21:22:32,-13.06782668,-22.70273931,0,428,OFF,RETRACTED,AUTO
21:22:32,-13.74375433,-24.63505877,0,435,OFF,RETRACTED,AUTO
21:22:32,-14.2796011,-26.50456603,0,440,OFF,RETRACTED,AUTO
21:22:32,-14.66990543,-28.30649438,0,441,OFF,RETRACTED,AUTO
21:22:32,-14.91068923,-30.03624943,0,439,OFF,RETRACTED,AUTO
21:22:32,-14.99949835,-31.68942082,0,433,OFF,RETRACTED,AUTO
21:22:33,-14.93542761,-33.26179343,0,426,OFF,RETRACTED,AUTO
21:22:33,-14.71913004,-34.74935818,0,415,OFF,RETRACTED,AUTO
21:22:33,-14.35281023,-36.14832221,0,413,OFF,RETRACTED,AUTO
21:22:33,-13.84020182,-37.45511858,0,414,OFF,RETRACTED,AUTO
21:22:33,-13.18652949,-38.66641532,0,423,OFF,RETRACTED,AUTO
21:22:33,-12.39845568,-39.779124,0,429,OFF,RETRACTED,AUTO
21:22:33,-11.4840127,-40.79040752,0,437,OFF,RETRACTED,AUTO
21:22:33,-10.45252087,-41.69768741,0,441,OFF,RETRACTED,AUTO
21:22:33,-9.314493476,-42.49865037,0,441,OFF,RETRACTED,AUTO
21:22:33,-8.081529681,-43.19125418,0,438,OFF,RETRACTED,AUTO
21:22:34,-6.766196259,-43.7737329,0,430,OFF,RETRACTED,AUTO
21:22:34,-5.381899523,-44.24460138,0,423,OFF,RETRACTED,AUTO
21:22:34,-3.942748684,-44.60265904,0,414,OFF,RETRACTED,AUTO
21:22:34,-2.463412045,-44.84699294,0,413,OFF,RETRACTED,AUTO
21:22:34,-0.958967494,-44.97698011,0,415,OFF,RETRACTED,AUTO
21:22:34,0.555251171,-44.9922891,0,424,OFF,RETRACTED,AUTO
21:22:34,2.063810532,-44.89288089,0,430,OFF,RETRACTED,AUTO
21:22:34,3.551334853,-44.67900894,0,438,OFF,RETRACTED,AUTO
21:22:34,5.002662792,-44.35121857,0,441,OFF,RETRACTED,AUTO
21:22:34,6.403001936,-43.91034553,0,441,OFF,RETRACTED,AUTO
21:22:35,7.738079562,-43.35751393,0,437,OFF,RETRACTED,AUTO
21:22:35,8.994288118,-42.69413333,0,429,OFF,RETRACTED,AUTO
21:22:35,10.15882391,-41.92189515,0,422,OFF,RETRACTED,AUTO
21:22:35,11.21981761,-41.04276838,0,414,OFF,RETRACTED,AUTO
21:22:35,12.1664552,-40.05899453,0,413,OFF,RETRACTED,AUTO
21:22:35,12.98908826,-38.97308194,0,416,OFF,RETRACTED,AUTO
21:22:35,13.67933222,-37.78779936,0,426,OFF,RETRACTED,AUTO
21:22:35,14.2301519,-36.50616893,0,433,OFF,RETRACTED,AUTO
21:22:35,14.63593316,-35.13145843,0,439,OFF,RETRACTED,AUTO
21:22:35,14.89254014,-33.66717297,0,441,OFF,RETRACTED,AUTO
21:22:36,14.99735741,-32.11704604,0,441,OFF,RETRACTED,AUTO
21:22:36,14.94931666,-30.48503002,0,437,OFF,RETRACTED,AUTO
21:22:36,14.74890751,-28.77528607,0,428,OFF,RETRACTED,AUTO
21:22:36,14.39817262,-26.99217355,0,417,OFF,RETRACTED,AUTO
21:22:36,13.90068677,-25.14023886,0,410,OFF,RETRACTED,AUTO
21:22:36,13.26152053,-23.2242039,0,412,OFF,RETRACTED,AUTO
21:22:36,12.48718847,-21.248954,0,415,OFF,RETRACTED,AUTO
21:22:36,11.58558286,-19.21952548,0,424,OFF,RETRACTED,AUTO
21:22:36,10.56589314,-17.14109277,0,430,OFF,RETRACTED,AUTO
21:22:36,9.438512346,-15.01895528,0,437,OFF,RETRACTED,AUTO
21:22:37,8.214931104,-12.85852384,0,438,OFF,RETRACTED,AUTO
21:22:37,6.907620564,-10.66530692,0,437,OFF,RETRACTED,AUTO
21:22:37,5.529905266,-8.444896577,0,429,OFF,RETRACTED,AUTO
21:22:37,4.095827342,-6.202954215,0,422,OFF,RETRACTED,AUTO
21:22:37,2.620003389,-3.945196131,0,412,OFF,RETRACTED,AUTO
21:22:37,1.117475494,-1.677378948,0,408,OFF,RETRACTED,AUTO
21:22:40,-0.396442082,0.594715061,0,410,OFF,RETRACTED,AUTO
21:22:40,-1.906318988,2.865292721,0,415,OFF,RETRACTED,AUTO
21:22:40,-3.396766061,5.128564721,0,426,OFF,RETRACTED,AUTO
21:22:40,-4.852592168,7.378760377,0,433,OFF,RETRACTED,AUTO
21:22:40,-6.258959048,9.610142349,0,437,OFF,RETRACTED,AUTO
21:22:40,-7.601532545,11.81702126,0,438,OFF,RETRACTED,AUTO
21:22:40,-8.866628704,13.99377022,0,436,OFF,RETRACTED,AUTO
21:22:40,-10.04135325,16.13483916,0,428,OFF,RETRACTED,AUTO
21:22:40,-11.11373299,18.23476896,0,416,OFF,RETRACTED,AUTO
21:22:40,-12.07283788,20.28820542,0,411,OFF,RETRACTED,AUTO
21:22:40,-12.90889242,22.28991288,0,408,OFF,RETRACTED,AUTO
21:22:40,-13.61337524,24.23478758,0,412,OFF,RETRACTED,AUTO
21:22:40,-14.17910604,26.11787064,0,416,OFF,RETRACTED,AUTO
21:22:40,-14.60031869,27.93436075,0,427,OFF,RETRACTED,AUTO
21:22:40,-14.87272005,29.6796264,0,434,OFF,RETRACTED,AUTO
21:22:40,-14.99353373,31.34921767,0,438,OFF,RETRACTED,AUTO
21:22:40,-14.96152834,32.93887758,0,438,OFF,RETRACTED,AUTO
21:22:40,-14.7770301,34.44455297,0,434,OFF,RETRACTED,AUTO
21:22:40,-14.44191948,35.86240481,0,427,OFF,RETRACTED,AUTO
21:22:40,-13.95961203,37.18881798,0,415,OFF,RETRACTED,AUTO
21:22:40,-13.33502358,38.42041053,0,410,OFF,RETRACTED,AUTO
21:22:40,-12.57452017,39.55404224,0,408,OFF,RETRACTED,AUTO
21:22:40,-11.68585307,40.58682269,0,413,OFF,RETRACTED,AUTO
21:22:40,-10.67807989,41.5161186,0,422,OFF,RETRACTED,AUTO
21:22:40,-9.561472184,42.33956052,0,428,OFF,RETRACTED,AUTO
21:22:40,-8.347410786,43.05504893,0,438,OFF,RETRACTED,AUTO
21:22:40,-7.048269811,43.66075952,0,446,OFF,RETRACTED,AUTO
21:22:40,-5.677290536,44.15514793,0,442,OFF,RETRACTED,AUTO
21:22:40,-4.248446435,44.5369536,0,437,OFF,RETRACTED,AUTO
21:22:40,-2.776300761,44.80520304,0,429,OFF,RETRACTED,AUTO
21:22:40,-1.275858109,44.95921229,0,422,OFF,RETRACTED,AUTO
21:22:40,0.23758851,44.99858868,0,414,OFF,RETRACTED,AUTO
21:22:40,1.748613549,44.9232318,0,414,OFF,RETRACTED,AUTO
21:22:41,3.24181614,44.7333338,0,422,OFF,RETRACTED,AUTO
21:22:41,4.701977066,44.42937885,0,428,OFF,RETRACTED,AUTO
21:22:41,6.114213885,44.01214196,0,436,OFF,RETRACTED,AUTO
21:22:41,7.464132611,43.48268696,0,441,OFF,RETRACTED,AUTO
21:22:41,8.737974424,42.8423638,0,442,OFF,RETRACTED,AUTO
21:22:41,9.922755908,42.09280511,0,441,OFF,RETRACTED,AUTO
21:22:41,11.00640138,41.23592207,0,436,OFF,RETRACTED,AUTO
21:22:41,11.97786596,40.27389945,0,427,OFF,RETRACTED,AUTO
21:22:41,12.82724816,39.20919016,0,416,OFF,RETRACTED,AUTO
21:22:41,13.5458908,38.04450887,0,413,OFF,RETRACTED,AUTO
21:22:42,14.12646923,36.7828252,0,415,OFF,RETRACTED,AUTO
21:22:42,14.56306601,35.42735605,0,423,OFF,RETRACTED,AUTO
21:22:42,14.8512312,33.9815575,0,430,OFF,RETRACTED,AUTO
21:22:42,14.98802772,32.44911589,0,438,OFF,RETRACTED,AUTO
21:22:42,14.9720613,30.83393851,0,441,OFF,RETRACTED,AUTO
21:22:42,14.80349467,29.14014358,0,442,OFF,RETRACTED,AUTO
21:22:42,14.48404591,27.3720498,0,440,OFF,RETRACTED,AUTO
21:22:42,14.01697097,25.53416528,0,433,OFF,RETRACTED,AUTO
21:22:42,13.40703041,23.6311761,0,424,OFF,RETRACTED,AUTO
21:22:42,12.66044095,21.66793431,0,415,OFF,RETRACTED,AUTO
21:22:43,11.78481209,19.64944562,0,413,OFF,RETRACTED,AUTO
21:22:43,10.78906852,17.58085658,0,416,OFF,RETRACTED,AUTO
21:22:43,9.683359194,15.46744148,0,426,OFF,RETRACTED,AUTO
21:22:43,8.47895386,13.31458893,0,433,OFF,RETRACTED,AUTO
21:22:43,7.18812822,11.12778806,0,439,OFF,RETRACTED,AUTO
21:22:43,5.824038795,8.912614577,0,442,OFF,RETRACTED,AUTO
21:22:43,4.400588838,6.674716531,0,441,OFF,RETRACTED,AUTO
21:22:43,2.932286622,4.419799907,0,438,OFF,RETRACTED,AUTO
21:22:43,1.434097569,2.153614083,0,429,OFF,RETRACTED,AUTO
21:22:43,-0.078708281,-0.118062828,0,422,OFF,RETRACTED,AUTO
21:22:44,-1.59071191,-2.389438713,0,414,OFF,RETRACTED,AUTO
21:22:44,-3.086502477,-4.654722227,0,414,OFF,RETRACTED,AUTO
21:22:44,-4.550834388,-6.908137558,0,418,OFF,RETRACTED,AUTO
21:22:44,-5.968782687,-9.143939155,0,428,OFF,RETRACTED,AUTO
21:22:44,-7.325895176,-11.35642638,0,436,OFF,RETRACTED,AUTO
21:22:44,-8.608339715,-13.53995803,0,441,OFF,RETRACTED,AUTO
21:22:44,-9.803045204,-15.68896674,0,442,OFF,RETRACTED,AUTO
21:22:44,-10.89783481,-17.79797316,0,441,OFF,RETRACTED,AUTO
21:22:44,-11.88155007,-19.86159995,0,436,OFF,RETRACTED,AUTO
21:22:44,-12.74416464,-21.87458546,0,427,OFF,RETRACTED,AUTO
21:22:45,-13.47688646,-23.83179716,0,415,OFF,RETRACTED,AUTO
21:22:45,-14.07224739,-25.72824473,0,413,OFF,RETRACTED,AUTO
21:22:45,-14.52417932,-27.55909279,0,415,OFF,RETRACTED,AUTO
21:22:45,-14.82807599,-29.31967322,0,424,OFF,RETRACTED,AUTO
21:22:45,-14.98084001,-31.00549703,0,430,OFF,RETRACTED,AUTO
21:22:45,-14.98091434,-32.61226588,0,438,OFF,RETRACTED,AUTO
21:22:45,-14.82829823,-34.13588297,0,442,OFF,RETRACTED,AUTO
21:22:45,-14.52454719,-35.57246352,0,442,OFF,RETRACTED,AUTO
21:22:45,-14.07275715,-36.91834468,0,439,OFF,RETRACTED,AUTO
21:22:45,-13.47753292,-38.17009483,0,432,OFF,RETRACTED,AUTO
21:22:46,-12.7449412,-39.32452239,0,423,OFF,RETRACTED,AUTO
21:22:46,-11.88244882,-40.3786839,0,414,OFF,RETRACTED,AUTO
21:22:46,-10.89884659,-41.32989155,0,414,OFF,RETRACTED,AUTO
21:22:46,-9.8041597,-42.17572004,0,417,OFF,RETRACTED,AUTO
21:22:46,-8.609545568,-42.91401276,0,427,OFF,RETRACTED,AUTO
21:22:46,-7.327180097,-43.54288727,0,434,OFF,RETRACTED,AUTO
21:22:46,-5.970133578,-44.06074013,0,440,OFF,RETRACTED,AUTO
21:22:46,-4.552237481,-44.46625097,0,442,OFF,RETRACTED,AUTO
21:22:46,-3.087943471,-44.75838585,0,441,OFF,RETRACTED,AUTO
21:22:46,-1.592176119,-44.93639991,0,437,OFF,RETRACTED,AUTO
21:22:47,-0.08018078,-44.99983927,0,428,OFF,RETRACTED,AUTO
21:22:47,1.432631788,-44.94854218,0,417,OFF,RETRACTED,AUTO
21:22:47,2.930842498,-44.78263943,0,414,OFF,RETRACTED,AUTO
21:22:47,4.399181091,-44.50255402,0,415,OFF,RETRACTED,AUTO
21:22:47,5.822681773,-44.10900009,0,423,OFF,RETRACTED,AUTO
21:22:47,7.186835753,-43.60298109,0,429,OFF,RETRACTED,AUTO
21:22:47,8.477739123,-42.98578721,0,437,OFF,RETRACTED,AUTO
21:22:47,9.682234567,-42.25899213,0,441,OFF,RETRACTED,AUTO
21:22:47,10.78804547,-41.42444895,0,442,OFF,RETRACTED,AUTO
21:22:48,11.78390104,-40.48428552,0,440,OFF,RETRACTED,AUTO
21:22:48,12.65965119,-39.44089898,0,433,OFF,RETRACTED,AUTO
21:22:48,13.40636997,-38.29694966,0,424,OFF,RETRACTED,AUTO
21:22:48,14.0164466,-37.05535431,0,415,OFF,RETRACTED,AUTO
21:22:48,14.48366296,-35.71927861,0,414,OFF,RETRACTED,AUTO
21:22:48,14.80325702,-34.29212919,0,416,OFF,RETRACTED,AUTO
21:22:48,14.97197139,-32.77754484,0,426,OFF,RETRACTED,AUTO
21:22:48,14.98808647,-31.17938733,0,434,OFF,RETRACTED,AUTO
21:22:48,14.851438,-29.50173148,0,440,OFF,RETRACTED,AUTO
21:22:48,14.56341876,-27.74885482,0,444,OFF,RETRACTED,AUTO
21:22:49,14.12696433,-25.92522669,0,442,OFF,RETRACTED,AUTO
21:22:49,13.5465232,-24.0354968,0,438,OFF,RETRACTED,AUTO
21:22:49,12.82801142,-22.08448341,0,430,OFF,RETRACTED,AUTO
21:22:49,11.9787523,-20.07716103,0,421,OFF,RETRACTED,AUTO
21:22:49,11.00740177,-18.01864775,0,414,OFF,RETRACTED,AUTO
21:22:49,9.923860147,-15.91419219,0,414,OFF,RETRACTED,AUTO
21:22:49,8.739171258,-13.76916007,0,423,OFF,RETRACTED,AUTO
21:22:49,7.46540984,-11.58902062,0,429,OFF,RETRACTED,AUTO
21:22:49,6.115558493,-9.379332552,0,437,OFF,RETRACTED,AUTO
21:22:49,4.703375348,-7.145729922,0,441,OFF,RETRACTED,AUTO
21:22:50,3.243253843,-4.893907767,0,444,OFF,RETRACTED,AUTO
21:22:50,1.750076021,-2.629607576,0,441,OFF,RETRACTED,AUTO
21:22:50,0.239060844,-0.358602653,0,435,OFF,RETRACTED,AUTO
21:22:50,-1.27439092,1.913316602,0,426,OFF,RETRACTED,AUTO
21:22:50,-2.77485367,4.180357458,0,416,OFF,RETRACTED,AUTO
21:22:50,-4.247034192,6.436739623,0,414,OFF,RETRACTED,AUTO
21:22:50,-5.675927534,8.676709982,0,416,OFF,RETRACTED,AUTO
21:22:50,-7.046969943,10.89455726,0,425,OFF,RETRACTED,AUTO
21:22:50,-8.3461873,13.0846266,0,433,OFF,RETRACTED,AUTO
21:22:50,-9.560337552,15.24133396,0,439,OFF,RETRACTED,AUTO
21:22:51,-10.67704568,17.35918037,0,442,OFF,RETRACTED,AUTO
21:22:51,-11.68492981,19.43276594,0,442,OFF,RETRACTED,AUTO
21:22:51,-12.57371728,21.45680363,0,439,OFF,RETRACTED,AUTO
21:22:51,-13.33434925,23.42613273,0,430,OFF,RETRACTED,AUTO
21:22:51,-13.95907311,25.33573204,0,422,OFF,RETRACTED,AUTO
21:22:51,-14.44152148,27.18073262,0,414,OFF,RETRACTED,AUTO
21:22:51,-14.77677708,28.95643027,0,414,OFF,RETRACTED,AUTO
21:22:51,-14.96142288,30.65829747,0,422,OFF,RETRACTED,AUTO
21:22:51,-14.99357689,32.28199497,0,428,OFF,RETRACTED,AUTO
21:22:51,-14.8729114,33.82338281,0,436,OFF,RETRACTED,AUTO
21:22:52,-14.60065627,35.27853089,0,441,OFF,RETRACTED,AUTO
21:22:52,-14.17958642,36.64372902,0,444,OFF,RETRACTED,AUTO
21:22:52,-13.61399353,37.91549633,0,441,OFF,RETRACTED,AUTO
21:22:52,-12.9096423,39.0905902,0,436,OFF,RETRACTED,AUTO
21:22:52,-12.07371172,40.16601448,0,427,OFF,RETRACTED,AUTO
21:22:52,-11.11472188,41.13902715,0,416,OFF,RETRACTED,AUTO
21:22:52,-10.0424471,42.0071473,0,414,OFF,RETRACTED,AUTO
21:22:52,-8.867816383,42.7681615,0,415,OFF,RETRACTED,AUTO
21:22:52,-7.602801941,43.42012936,0,424,OFF,RETRACTED,AUTO
21:22:52,-6.260297222,43.96138858,0,430,OFF,RETRACTED,AUTO
21:22:53,-4.853985481,44.39055908,0,438,OFF,RETRACTED,AUTO
21:22:53,-3.398200311,44.70654662,0,442,OFF,RETRACTED,AUTO
21:22:53,-1.907779559,44.90854552,0,442,OFF,RETRACTED,AUTO
21:22:53,-0.397914085,44.99604074,0,439,OFF,RETRACTED,AUTO
21:22:53,1.116007061,44.96880919,0,432,OFF,RETRACTED,AUTO
21:22:53,2.618553493,44.8269203,0,423,OFF,RETRACTED,AUTO
21:22:53,4.094410761,44.57073585,0,415,OFF,RETRACTED,AUTO
21:22:53,5.528536438,44.20090904,0,414,OFF,RETRACTED,AUTO
21:22:53,6.90631344,43.71838282,0,417,OFF,RETRACTED,AUTO
21:22:53,8.213699008,43.12438748,0,427,OFF,RETRACTED,AUTO
21:22:54,9.437367835,42.42043754,0,435,OFF,RETRACTED,AUTO
21:22:54,10.56484788,41.60832787,0,440,OFF,RETRACTED,AUTO
21:22:54,11.5846475,40.69012911,0,442,OFF,RETRACTED,AUTO
21:22:54,12.48637256,39.66818241,0,441,OFF,RETRACTED,AUTO
21:22:54,13.26083236,38.54509341,0,437,OFF,RETRACTED,AUTO
21:22:54,13.90013338,37.32372568,0,428,OFF,RETRACTED,AUTO
21:22:54,14.39775963,36.00719335,0,417,OFF,RETRACTED,AUTO
21:22:54,14.74863914,34.59885319,0,414,OFF,RETRACTED,AUTO
21:22:54,14.94919564,33.10229605,0,415,OFF,RETRACTED,AUTO
21:22:54,14.99738498,31.52133772,0,423,OFF,RETRACTED,AUTO
21:22:55,14.89271601,29.86000918,0,430,OFF,RETRACTED,AUTO
21:22:55,14.63625554,28.12254633,0,438,OFF,RETRACTED,AUTO
21:22:55,14.23061751,26.3133792,0,442,OFF,RETRACTED,AUTO
21:22:55,13.67993631,24.43712064,0,442,OFF,RETRACTED,AUTO
21:22:55,12.98982467,22.49855455,0,440,OFF,RETRACTED,AUTO
21:22:55,12.16731644,20.50262372,0,433,OFF,RETRACTED,AUTO
21:22:55,11.22079488,18.45441718,0,424,OFF,RETRACTED,AUTO
21:22:55,10.15990727,16.35915726,0,415,OFF,RETRACTED,AUTO
21:22:55,8.995466511,14.22218627,0,414,OFF,RETRACTED,AUTO
21:22:55,7.739340982,12.04895286,0,417,OFF,RETRACTED,AUTO
21:22:56,6.404333526,9.844998135,0,427,OFF,RETRACTED,AUTO
21:22:56,5.004050981,7.615941539,0,434,OFF,RETRACTED,AUTO
21:22:56,3.55276549,5.367466514,0,440,OFF,RETRACTED,AUTO
21:22:56,2.065269038,3.105306018,0,442,OFF,RETRACTED,AUTO
21:22:56,0.556722679,0.835227897,0,442,OFF,RETRACTED,AUTO
21:22:56,-0.957497982,-1.436979811,0,437,OFF,RETRACTED,AUTO
21:22:56,-2.461959507,-3.70552364,0,428,OFF,RETRACTED,AUTO
21:22:56,-3.941327924,-5.964619466,0,417,OFF,RETRACTED,AUTO
21:22:56,-5.380525022,-8.208507253,0,414,OFF,RETRACTED,AUTO
21:22:56,-6.764882026,-10.43146574,0,415,OFF,RETRACTED,AUTO
21:22:57,-8.080289112,-12.62782704,0,423,OFF,RETRACTED,AUTO
21:22:57,-9.313339215,-14.79199107,0,430,OFF,RETRACTED,AUTO
21:22:57,-10.45146468,-16.91843983,0,438,OFF,RETRACTED,AUTO
21:22:57,-11.48306535,-19.00175152,0,442,OFF,RETRACTED,AUTO
21:22:57,-12.39762682,-21.03661428,0,444,OFF,RETRACTED,AUTO
21:22:57,-13.18582757,-23.01783982,0,440,OFF,RETRACTED,AUTO
21:22:57,-13.839634,-24.94037659,0,433,OFF,RETRACTED,AUTO
21:22:57,-14.35238229,-26.79932268,0,424,OFF,RETRACTED,AUTO
21:22:57,-14.71884635,-28.58993832,0,415,OFF,RETRACTED,AUTO
21:22:58,-14.93529105,-30.30765796,0,414,OFF,RETRACTED,AUTO
21:22:58,-14.99951032,-31.94810192,0,417,OFF,RETRACTED,AUTO
21:22:58,-14.91084961,-33.50708755,0,427,OFF,RETRACTED,AUTO
21:22:58,-14.67021258,-34.98063989,0,435,OFF,RETRACTED,AUTO
21:22:58,-14.28005188,-36.36500181,0,440,OFF,RETRACTED,AUTO
21:22:58,-13.74434417,-37.65664359,0,442,OFF,RETRACTED,AUTO
21:22:58,-13.06854955,-38.85227192,0,442,OFF,RETRACTED,AUTO
21:22:58,-12.25955594,-39.9488383,0,437,OFF,RETRACTED,AUTO
21:22:58,-11.32560887,-40.94354681,0,428,OFF,RETRACTED,AUTO
21:22:58,-10.27622745,-41.83386123,0,417,OFF,RETRACTED,AUTO
21:22:59,-9.122107318,-42.61751151,0,414,OFF,RETRACTED,AUTO
21:22:59,-7.875011644,-43.29249958,0,415,OFF,RETRACTED,AUTO
21:22:59,-6.547651242,-43.85710441,0,424,OFF,RETRACTED,AUTO
21:22:59,-5.15355501,-44.30988643,0,430,OFF,RETRACTED,AUTO
21:22:59,-3.706932038,-44.64969118,0,438,OFF,RETRACTED,AUTO
21:22:59,-2.222526786,-44.87565224,0,442,OFF,RETRACTED,AUTO
21:22:59,-0.715468806,-44.9871935,0,444,OFF,RETRACTED,AUTO
21:22:59,0.798881469,-44.98403055,0,440,OFF,RETRACTED,AUTO
21:22:59,2.30508928,-44.86617145,0,433,OFF,RETRACTED,AUTO
21:22:59,3.787802858,-44.63391671,0,423,OFF,RETRACTED,AUTO
21:23:00,5.231909894,-44.28785851,0,415,OFF,RETRACTED,AUTO
21:23:00,6.622691571,-43.8288792,0,414,OFF,RETRACTED,AUTO
21:23:00,7.945972582,-43.25814905,0,417,OFF,RETRACTED,AUTO
21:23:00,9.188265608,-42.57712325,0,428,OFF,RETRACTED,AUTO
21:23:00,10.33690879,-41.78753821,0,436,OFF,RETRACTED,AUTO
21:23:00,11.38019477,-40.89140715,0,440,OFF,RETRACTED,AUTO
21:23:00,12.30749004,-39.89101493,0,444,OFF,RETRACTED,AUTO
21:23:00,13.10934329,-38.78891228,0,441,OFF,RETRACTED,AUTO
21:23:00,13.77758177,-37.58790922,0,436,OFF,RETRACTED,AUTO
21:23:00,14.30539457,-36.29106797,0,427,OFF,RETRACTED,AUTO
21:23:01,14.68740206,-34.90169508,0,416,OFF,RETRACTED,AUTO
21:23:01,14.91971068,-33.42333307,0,414,OFF,RETRACTED,AUTO
21:23:01,14.99995266,-31.85975131,0,416,OFF,RETRACTED,AUTO
21:23:01,14.92731016,-30.21493649,0,424,OFF,RETRACTED,AUTO
21:23:01,14.70252357,-28.4930824,0,430,OFF,RETRACTED,AUTO
21:23:01,14.32788399,-26.69857927,0,439,OFF,RETRACTED,AUTO
21:23:01,13.80720986,-24.83600256,0,442,OFF,RETRACTED,AUTO
21:23:01,13.14580809,-22.91010129,0,442,OFF,RETRACTED,AUTO
21:23:01,12.35041988,-20.92578595,0,439,OFF,RETRACTED,AUTO
21:23:01,11.4291521,-18.88811596,0,430,OFF,RETRACTED,AUTO
21:23:02,10.39139461,-16.80228679,0,423,OFF,RETRACTED,AUTO
21:23:02,9.247724595,-14.6736167,0,414,OFF,RETRACTED,AUTO
21:23:02,8.009798703,-12.50753317,0,414,OFF,RETRACTED,AUTO
21:23:02,6.69023429,-10.30955908,0,422,OFF,RETRACTED,AUTO
21:23:02,5.302480793,-8.085298622,0,428,OFF,RETRACTED,AUTO
21:23:02,3.860682655,-5.840423015,0,436,OFF,RETRACTED,AUTO
21:23:02,2.379535161,-3.580656034,0,441,OFF,RETRACTED,AUTO
21:23:02,0.874134656,-1.311759426,0,444,OFF,RETRACTED,AUTO
21:23:02,-0.640175319,0.960481786,0,441,OFF,RETRACTED,AUTO
21:23:02,-2.147960415,3.23027405,0,436,OFF,RETRACTED,AUTO
21:23:03,-3.633852787,5.491830058,0,427,OFF,RETRACTED,AUTO
21:23:03,-5.082707728,7.739383503,0,416,OFF,RETRACTED,AUTO
21:23:03,-6.479758028,9.967203779,0,414,OFF,RETRACTED,AUTO
21:23:03,-7.810764487,12.16961059,0,416,OFF,RETRACTED,AUTO
21:23:03,-9.062161048,14.34098846,0,426,OFF,RETRACTED,AUTO
21:23:03,-10.22119306,16.47580098,0,433,OFF,RETRACTED,AUTO
21:23:03,-11.27604729,18.56860503,0,439,OFF,RETRACTED,AUTO
21:23:03,-12.21597231,20.61406455,0,442,OFF,RETRACTED,AUTO
21:23:03,-13.03138809,22.60696423,0,442,OFF,RETRACTED,AUTO
21:23:03,-13.71398365,24.54222275,0,438,OFF,RETRACTED,AUTO
21:23:04,-14.25680174,26.41490576,0,429,OFF,RETRACTED,AUTO
21:23:04,-14.65430979,28.22023848,0,422,OFF,RETRACTED,AUTO
21:23:04,-14.90245626,29.95361782,0,414,OFF,RETRACTED,AUTO
21:23:04,-14.99871196,31.61062419,0,414,OFF,RETRACTED,AUTO
21:23:04,-14.94209582,33.18703269,0,423,OFF,RETRACTED,AUTO
21:23:04,-14.73318488,34.67882395,0,429,OFF,RETRACTED,AUTO
21:23:04,-14.37410845,36.08219433,0,437,OFF,RETRACTED,AUTO
21:23:04,-13.86852634,37.39356565,0,441,OFF,RETRACTED,AUTO
21:23:04,-13.22159162,38.60959429,0,442,OFF,RETRACTED,AUTO
21:23:04,-12.43989806,39.72717974,0,440,OFF,RETRACTED,AUTO
21:23:05,-11.53141293,40.74347248,0,434,OFF,RETRACTED,AUTO
21:23:05,-10.50539583,41.65588125,0,424,OFF,RETRACTED,AUTO
21:23:05,-9.372304247,42.4620797,0,415,OFF,RETRACTED,AUTO
21:23:05,-8.143687038,43.16001223,0,414,OFF,RETRACTED,AUTO
21:23:05,-6.832066673,43.74789933,0,416,OFF,RETRACTED,AUTO
21:23:05,-5.450811621,44.22424206,0,427,OFF,RETRACTED,AUTO
21:23:05,-4.014000091,44.58782589,0,434,OFF,RETRACTED,AUTO
21:23:05,-2.536276543,44.83772377,0,440,OFF,RETRACTED,AUTO
21:23:05,-1.032702424,44.97329855,0,442,OFF,RETRACTED,AUTO
21:23:05,0.481397339,44.99420455,0,441,OFF,RETRACTED,AUTO
21:23:06,1.990590542,44.90038846,0,437,OFF,RETRACTED,AUTO
21:23:06,3.479494987,44.69208949,0,428,OFF,RETRACTED,AUTO
21:23:06,4.932935266,44.36983874,0,416,OFF,RETRACTED,AUTO
21:23:06,6.336097435,43.93445785,0,413,OFF,RETRACTED,AUTO
21:23:06,7.67468,43.38705692,0,415,OFF,RETRACTED,AUTO
21:23:06,8.935039684,42.72903166,0,424,OFF,RETRACTED,AUTO
21:23:06,10.10433048,41.96205984,0,430,OFF,RETRACTED,AUTO
21:23:06,11.1706346,41.08809703,0,438,OFF,RETRACTED,AUTO
21:23:06,12.12308391,40.10937156,0,442,OFF,RETRACTED,AUTO
21:23:06,12.95197073,39.0283789,0,442,OFF,RETRACTED,AUTO
21:23:07,13.64884678,37.84787527,0,439,OFF,RETRACTED,AUTO
21:23:07,14.20660925,36.5708706,0,430,OFF,RETRACTED,AUTO
21:23:07,14.61957326,35.2006209,0,422,OFF,RETRACTED,AUTO
21:23:07,14.88352974,33.74061988,0,414,OFF,RETRACTED,AUTO
21:23:07,14.99578835,32.19459014,0,414,OFF,RETRACTED,AUTO
21:23:07,14.95520492,30.56647359,0,422,OFF,RETRACTED,AUTO
21:23:07,14.76219309,28.86042145,0,429,OFF,RETRACTED,AUTO
21:23:07,14.4187201,27.08078367,0,437,OFF,RETRACTED,AUTO
21:23:07,13.92828673,25.23209779,0,441,OFF,RETRACTED,AUTO
21:23:08,13.29589165,23.31907743,0,442,OFF,RETRACTED,AUTO
21:23:08,12.52798044,21.34660023,0,440,OFF,RETRACTED,AUTO
21:23:08,11.63237991,19.31969543,0,434,OFF,RETRACTED,AUTO
21:23:08,10.6182183,17.24353105,0,424,OFF,RETRACTED,AUTO
21:23:08,9.495832296,15.1234007,0,415,OFF,RETRACTED,AUTO
21:23:08,8.276661624,12.96471009,0,414,OFF,RETRACTED,AUTO
21:23:08,6.973132475,10.77296325,0,417,OFF,RETRACTED,AUTO
21:23:08,5.59853085,8.553748508,0,427,OFF,RETRACTED,AUTO
21:23:08,4.166867143,6.312724201,0,435,OFF,RETRACTED,AUTO
21:23:08,2.692733347,4.055604289,0,440,OFF,RETRACTED,AUTO
21:23:09,1.191154321,1.788143771,0,444,OFF,RETRACTED,AUTO
21:23:09,-0.322565345,-0.483875992,0,441,OFF,RETRACTED,AUTO
21:23:09,-1.832997318,-2.754662013,0,436,OFF,RETRACTED,AUTO
21:23:09,-3.324746775,-5.018424449,0,427,OFF,RETRACTED,AUTO
21:23:09,-4.782609312,-7.269391368,0,416,OFF,RETRACTED,AUTO
21:23:09,-6.191725911,-9.501823462,0,413,OFF,RETRACTED,AUTO
21:23:09,-7.537734388,-11.71002868,0,416,OFF,RETRACTED,AUTO
21:23:09,-8.806915779,-13.88837674,0,426,OFF,RETRACTED,AUTO
21:23:09,-9.986334167,-16.0313135,0,433,OFF,RETRACTED,AUTO
21:23:09,-11.06396853,-18.13337509,0,439,OFF,RETRACTED,AUTO
21:23:10,-12.02883526,-20.18920186,0,442,OFF,RETRACTED,AUTO
21:23:10,-12.87110012,-22.19355206,0,442,OFF,RETRACTED,AUTO
21:23:10,-13.58217846,-24.14131519,0,438,OFF,RETRACTED,AUTO
21:23:10,-14.15482274,-26.02752501,0,429,OFF,RETRACTED,AUTO
21:23:10,-14.58319637,-27.84737224,0,417,OFF,RETRACTED,AUTO
21:23:10,-14.86293324,-29.5962168,0,414,OFF,RETRACTED,AUTO
21:23:10,-14.99118217,-31.26959964,0,415,OFF,RETRACTED,AUTO
21:23:10,-14.96663601,-32.86325414,0,423,OFF,RETRACTED,AUTO
21:23:10,-14.78954493,-34.37311693,0,430,OFF,RETRACTED,AUTO
21:23:10,-14.46171391,-35.79533831,0,438,OFF,RETRACTED,AUTO
21:23:11,-13.98648432,-37.12629203,0,442,OFF,RETRACTED,AUTO
21:23:11,-13.36869984,-38.36258454,0,442,OFF,RETRACTED,AUTO
21:23:11,-12.61465715,-39.50106365,0,439,OFF,RETRACTED,AUTO
21:23:11,-11.73204169,-40.53882659,0,430,OFF,RETRACTED,AUTO
21:23:11,-10.72984937,-41.47322736,0,423,OFF,RETRACTED,AUTO
21:23:11,-9.618294882,-42.3018835,0,414,OFF,RETRACTED,AUTO
21:23:11,-8.408707541,-43.02268219,0,414,OFF,RETRACTED,AUTO
21:23:11,-7.113415869,-43.6337856,0,422,OFF,RETRACTED,AUTO
21:23:11,-5.745621905,-44.13363559,0,429,OFF,RETRACTED,AUTO
21:23:11,-4.31926666,-44.5209577,0,437,OFF,RETRACTED,AUTO
21:23:12,-2.848888018,-44.79476436,0,441,OFF,RETRACTED,AUTO
21:23:12,-1.349472566,-44.95435745,0,444,OFF,RETRACTED,AUTO
21:23:12,0.163697158,-44.99933006,0,440,OFF,RETRACTED,AUTO
21:23:12,1.675198426,-44.9295675,0,433,OFF,RETRACTED,AUTO
21:23:12,3.169625517,-44.74524767,0,424,OFF,RETRACTED,AUTO
21:23:12,4.631746734,-44.44684052,0,415,OFF,RETRACTED,AUTO
21:23:12,6.046659655,-44.0351069,0,414,OFF,RETRACTED,AUTO
21:23:12,7.399943017,-43.51109662,0,417,OFF,RETRACTED,AUTO
21:23:12,8.677803709,-42.87614574,0,428,OFF,RETRACTED,AUTO
21:23:12,9.867217351,-42.1318732,0,436,OFF,RETRACTED,AUTO
21:23:13,10.95606105,-41.28017669,0,441,OFF,RETRACTED,AUTO
21:23:13,11.93323694,-40.32322778,0,445,OFF,RETRACTED,AUTO
21:23:13,12.78878532,-39.26346641,0,441,OFF,RETRACTED,AUTO
21:23:13,13.51398617,-38.10359466,0,436,OFF,RETRACTED,AUTO
21:23:13,14.101448,-36.84656987,0,427,OFF,RETRACTED,AUTO
21:23:13,14.5451832,-35.49559709,0,415,OFF,RETRACTED,AUTO
21:23:13,14.84066907,-34.05412089,0,414,OFF,RETRACTED,AUTO
21:23:13,14.98489393,-32.52581663,0,416,OFF,RETRACTED,AUTO
21:23:13,14.97638779,-30.91458103,0,426,OFF,RETRACTED,AUTO
21:23:13,14.81523734,-29.22452227,0,434,OFF,RETRACTED,AUTO
21:23:14,14.50308508,-27.45994951,0,440,OFF,RETRACTED,AUTO
21:23:14,14.04311258,-25.6253619,0,444,OFF,RETRACTED,AUTO
21:23:14,13.44000802,-23.7254371,0,442,OFF,RETRACTED,AUTO
21:23:14,12.69991844,-21.76501936,0,437,OFF,RETRACTED,AUTO
21:23:14,11.8303871,-19.74910717,0,428,OFF,RETRACTED,AUTO
21:23:14,10.84027652,-17.68284053,0,417,OFF,RETRACTED,AUTO
21:23:14,9.739678263,-15.5714878,0,414,OFF,RETRACTED,AUTO
21:23:14,8.539809975,-13.42043233,0,416,OFF,RETRACTED,AUTO
21:23:14,7.252901114,-11.23515867,0,426,OFF,RETRACTED,AUTO
21:23:14,5.892068283,-9.021238636,0,433,OFF,RETRACTED,AUTO
21:23:15,4.47118154,-6.784317078,0,439,OFF,RETRACTED,AUTO
21:23:15,3.004723034,-4.530097492,0,442,OFF,RETRACTED,AUTO
21:23:15,1.507639395,-2.26432748,0,442,OFF,RETRACTED,AUTO
21:23:15,-0.004810604,0.007215906,0,438,OFF,RETRACTED,AUTO
21:23:15,-1.517211571,2.278740893,0,429,OFF,RETRACTED,AUTO
21:23:15,-3.014148616,4.544455757,0,418,OFF,RETRACTED,AUTO
21:23:15,-4.480364459,6.798583585,0,414,OFF,RETRACTED,AUTO
21:23:15,-5.900914944,9.035377009,0,415,OFF,RETRACTED,AUTO
21:23:15,-7.261321349,11.24913286,0,423,OFF,RETRACTED,AUTO
21:23:15,-8.547717962,13.43420671,0,430,OFF,RETRACTED,AUTO
21:23:16,-9.746993401,15.58502725,0,438,OFF,RETRACTED,AUTO
21:23:16,-10.84692426,17.69611052,0,442,OFF,RETRACTED,AUTO
21:23:16,-11.83629966,19.76207387,0,442,OFF,RETRACTED,AUTO
21:23:16,-12.70503559,21.77764971,0,439,OFF,RETRACTED,AUTO
21:23:16,-13.44427758,23.7376989,0,430,OFF,RETRACTED,AUTO
21:23:16,-14.04649104,25.63722388,0,422,OFF,RETRACTED,AUTO
21:23:16,-14.50553801,27.47138143,0,414,OFF,RETRACTED,AUTO
21:23:16,-14.81673973,29.23549498,0,414,OFF,RETRACTED,AUTO
21:23:16,-14.97692434,30.92506655,0,423,OFF,RETRACTED,AUTO
21:23:16,-14.98445917,32.53578822,0,429,OFF,RETRACTED,AUTO
21:23:17,-14.83926742,34.06355314,0,437,OFF,RETRACTED,AUTO
21:23:17,-14.54282895,35.50446594,0,441,OFF,RETRACTED,AUTO
21:23:17,-14.09816515,36.85485271,0,442,OFF,RETRACTED,AUTO
21:23:17,-13.50980818,38.11127037,0,440,OFF,RETRACTED,AUTO
21:23:17,-12.78375477,39.27051542,0,433,OFF,RETRACTED,AUTO
21:23:17,-11.9274051,40.32963212,0,423,OFF,RETRACTED,AUTO
21:23:17,-10.94948736,41.28592003,0,415,OFF,RETRACTED,AUTO
21:23:17,-9.859968821,42.13694089,0,414,OFF,RETRACTED,AUTO
21:23:17,-8.669954213,42.88052486,0,422,OFF,RETRACTED,AUTO
21:23:18,-7.391572561,43.51477601,0,428,OFF,RETRACTED,AUTO
21:23:18,-6.037853552,44.03807718,0,436,OFF,RETRACTED,AUTO
21:23:18,-4.622594739,44.44909411,0,441,OFF,RETRACTED,AUTO
21:23:18,-3.16022091,44.74677883,0,444,OFF,RETRACTED,AUTO
21:23:18,-1.665637063,44.93037233,0,441,OFF,RETRACTED,AUTO
21:23:18,-0.154076491,44.99940649,0,434,OFF,RETRACTED,AUTO
21:23:18,1.35905448,44.9537053,0,426,OFF,RETRACTED,AUTO
21:23:18,2.858333517,44.79338529,0,415,OFF,RETRACTED,AUTO
21:23:18,4.328479473,44.51885522,0,414,OFF,RETRACTED,AUTO
21:23:18,5.754508131,44.13081507,0,416,OFF,RETRACTED,AUTO
21:23:19,7.121884937,43.63025423,0,427,OFF,RETRACTED,AUTO
21:23:19,8.416673132,43.01844897,0,436,OFF,RETRACTED,AUTO
21:23:19,9.625675807,42.29695922,0,441,OFF,RETRACTED,AUTO
21:23:19,10.73657041,41.46762458,0,444,OFF,RETRACTED,AUTO
21:23:19,11.73803432,40.5325596,0,441,OFF,RETRACTED,AUTO
21:23:19,12.6198603,39.49414843,0,436,OFF,RETRACTED,AUTO
21:23:19,13.37306049,38.35503871,0,426,OFF,RETRACTED,AUTO
21:23:19,13.98995801,37.11813483,0,415,OFF,RETRACTED,AUTO
21:23:19,14.46426525,35.78659055,0,414,OFF,RETRACTED,AUTO
21:23:19,14.79114791,34.36380091,0,416,OFF,RETRACTED,AUTO
21:23:20,14.96727428,32.85339361,0,427,OFF,RETRACTED,AUTO
21:23:20,14.99084924,31.25921975,0,434,OFF,RETRACTED,AUTO
21:23:20,14.8616325,29.585344,0,440,OFF,RETRACTED,AUTO
21:23:20,14.58094107,27.83603426,0,444,OFF,RETRACTED,AUTO
21:23:20,14.15163587,26.01575077,0,441,OFF,RETRACTED,AUTO
21:23:20,13.5780925,24.1291347,0,437,OFF,RETRACTED,AUTO
21:23:20,12.86615672,22.18099638,0,427,OFF,RETRACTED,AUTO
21:23:20,12.0230848,20.176303,0,416,OFF,RETRACTED,AUTO
21:23:20,11.05746963,18.12016593,0,414,OFF,RETRACTED,AUTO
21:23:20,9.979153058,16.01782773,0,416,OFF,RETRACTED,AUTO
21:23:21,8.799125655,13.87464875,0,426,OFF,RETRACTED,AUTO
21:23:21,7.529414648,11.69609346,0,433,OFF,RETRACTED,AUTO
21:23:21,6.182961353,9.487716552,0,440,OFF,RETRACTED,AUTO
21:23:21,4.773489268,7.255148733,0,442,OFF,RETRACTED,AUTO
21:23:21,3.315364199,5.004082404,0,442,OFF,RETRACTED,AUTO
21:23:21,1.82344784,2.740257125,0,437,OFF,RETRACTED,AUTO
21:23:21,0.312946297,0.469444991,0,428,OFF,RETRACTED,AUTO
21:23:21,-1.200744899,-1.802564091,0,416,OFF,RETRACTED,AUTO
21:23:21,-2.702197705,-4.069977161,0,414,OFF,RETRACTED,AUTO
21:23:21,-4.176108817,-6.327012978,0,415,OFF,RETRACTED,AUTO
21:23:22,-5.607455644,-8.567916758,0,425,OFF,RETRACTED,AUTO
21:23:22,-6.981649426,-10.78697485,0,433,OFF,RETRACTED,AUTO
21:23:22,-8.284683925,-12.97852931,0,439,OFF,RETRACTED,AUTO
21:23:22,-9.503278181,-15.13699231,0,442,OFF,RETRACTED,AUTO
21:23:22,-10.62501188,-17.25686039,0,442,OFF,RETRACTED,AUTO
21:23:22,-11.63845193,-19.33272852,0,438,OFF,RETRACTED,AUTO
21:23:22,-12.53326903,-21.35930383,0,429,OFF,RETRACTED,AUTO
21:23:22,-13.3003429,-23.33141916,0,421,OFF,RETRACTED,AUTO
21:23:22,-13.93185527,-25.24404618,0,414,OFF,RETRACTED,AUTO
21:23:22,-14.42136955,-27.09230825,0,415,OFF,RETRACTED,AUTO
21:23:23,-14.76389646,-28.87149284,0,423,OFF,RETRACTED,AUTO
21:23:23,-14.95594485,-30.57706356,0,430,OFF,RETRACTED,AUTO
21:23:23,-14.99555729,-32.20467169,0,438,OFF,RETRACTED,AUTO
21:23:23,-14.88233005,-33.7501673,0,442,OFF,RETRACTED,AUTO
21:23:23,-14.61741716,-35.20960985,0,442,OFF,RETRACTED,AUTO
21:23:23,-14.20351872,-36.57927817,0,439,OFF,RETRACTED,AUTO
21:23:23,-13.64485331,-37.85568,0,430,OFF,RETRACTED,AUTO
21:23:23,-12.94711504,-39.03556091,0,422,OFF,RETRACTED,AUTO
21:23:23,-12.11741548,-40.11591253,0,414,OFF,RETRACTED,AUTO
21:23:23,-11.16421121,-41.09398029,0,414,OFF,RETRACTED,AUTO
21:23:24,-10.0972176,-41.96727039,0,423,OFF,RETRACTED,AUTO
21:23:24,-8.927309806,-42.7335562,0,429,OFF,RETRACTED,AUTO
21:23:24,-7.666411911,-43.39088392,0,437,OFF,RETRACTED,AUTO
21:23:24,-6.327375407,-43.93757756,0,442,OFF,RETRACTED,AUTO
21:23:24,-4.923848196,-44.3722432,0,444,OFF,RETRACTED,AUTO
21:23:24,-3.470135494,-44.69377257,0,440,OFF,RETRACTED,AUTO
21:23:24,-1.981054021,-44.90134587,0,433,OFF,RETRACTED,AUTO
21:23:24,-0.47178099,-44.99443385,0,424,OFF,RETRACTED,AUTO
21:23:24,1.04230059,-44.97279915,0,415,OFF,RETRACTED,AUTO
21:23:24,2.545758697,-44.83649695,0,414,OFF,RETRACTED,AUTO
21:23:25,4.023269588,-44.58587477,0,421,OFF,RETRACTED,AUTO
21:23:25,5.459773982,-44.22157162,0,428,OFF,RETRACTED,AUTO
21:23:25,6.840630552,-43.74451638,0,436,OFF,RETRACTED,AUTO
21:23:25,8.151765149,-43.15592539,0,441,OFF,RETRACTED,AUTO
21:23:25,9.379814255,-42.45729939,0,444,OFF,RETRACTED,AUTO
21:23:25,10.51226119,-41.65041967,0,441,OFF,RETRACTED,AUTO
21:23:25,11.53756367,-40.73734354,0,434,OFF,RETRACTED,AUTO
21:23:25,12.44527149,-39.72039908,0,426,OFF,RETRACTED,AUTO
21:23:25,13.22613297,-38.60217919,0,415,OFF,RETRACTED,AUTO
21:23:25,13.87218933,-37.38553502,0,414,OFF,RETRACTED,AUTO
21:23:26,14.37685573,-36.07356865,0,417,OFF,RETRACTED,AUTO
21:23:26,14.73498846,-34.6696252,0,427,OFF,RETRACTED,AUTO
21:23:26,14.94293731,-33.17728434,0,436,OFF,RETRACTED,AUTO
21:23:26,14.99858279,-31.60035109,0,441,OFF,RETRACTED,AUTO
21:23:26,14.90135775,-29.94284616,0,445,OFF,RETRACTED,AUTO
21:23:26,14.65225313,-28.20899572,0,441,OFF,RETRACTED,AUTO
21:23:26,14.2538079,-26.40322058,0,436,OFF,RETRACTED,AUTO
21:23:26,13.71008313,-24.53012493,0,427,OFF,RETRACTED,AUTO
21:23:26,13.02662065,-22.59448462,0,416,OFF,RETRACTED,AUTO
21:23:26,12.21038655,-20.60123498,0,414,OFF,RETRACTED,AUTO
21:23:27,11.26970013,-18.55545819,0,416,OFF,RETRACTED,AUTO
21:23:27,10.2141492,-16.46237041,0,426,OFF,RETRACTED,AUTO
21:23:27,9.054492284,-14.32730839,0,434,OFF,RETRACTED,AUTO
21:23:27,7.802548978,-12.15571592,0,440,OFF,RETRACTED,AUTO
21:23:27,6.471079508,-9.953129914,0,442,OFF,RETRACTED,AUTO
21:23:27,5.073654652,-7.725166337,0,442,OFF,RETRACTED,AUTO
21:23:27,3.624517428,-5.477505841,0,437,OFF,RETRACTED,AUTO
21:23:27,2.138437921,-3.215879304,0,428,OFF,RETRACTED,AUTO
21:23:27,0.630562747,-0.946053214,0,416,OFF,RETRACTED,AUTO
21:23:28,-0.883739332,1.326185036,0,414,OFF,RETRACTED,AUTO
21:23:28,-2.389034046,3.595041901,0,416,OFF,RETRACTED,AUTO
21:23:28,-3.869978935,5.854732459,0,426,OFF,RETRACTED,AUTO
21:23:28,-5.311479716,8.099495159,0,433,OFF,RETRACTED,AUTO
21:23:28,-6.698844136,10.32360651,0,439,OFF,RETRACTED,AUTO
21:23:28,-8.017931718,12.52139568,0,444,OFF,RETRACTED,AUTO
21:23:28,-9.255297884,14.68725894,0,442,OFF,RETRACTED,AUTO
21:23:28,-10.39833099,16.81567399,0,438,OFF,RETRACTED,AUTO
21:23:28,-11.43538086,18.90121397,0,429,OFF,RETRACTED,AUTO
21:23:28,-12.35587754,20.93856137,0,417,OFF,RETRACTED,AUTO
21:23:29,-13.15043902,22.92252156,0,414,OFF,RETRACTED,AUTO
21:23:29,-13.81096688,24.84803601,0,415,OFF,RETRACTED,AUTO
21:23:29,-14.33072878,26.71019522,0,424,OFF,RETRACTED,AUTO
21:23:29,-14.70442715,28.50425123,0,430,OFF,RETRACTED,AUTO
21:23:29,-14.92825313,30.22562972,0,439,OFF,RETRACTED,AUTO
21:23:29,-14.9999254,31.86994168,0,442,OFF,RETRACTED,AUTO
21:23:29,-14.91871347,33.43299459,0,442,OFF,RETRACTED,AUTO
21:23:29,-14.68544507,34.91080313,0,439,OFF,RETRACTED,AUTO
21:23:29,-14.30249775,36.2995993,0,430,OFF,RETRACTED,AUTO
21:23:29,-13.77377463,37.5958421,0,422,OFF,RETRACTED,AUTO
21:23:30,-13.10466464,38.79622648,0,414,OFF,RETRACTED,AUTO
21:23:30,-12.30198757,39.8976918,0,415,OFF,RETRACTED,AUTO
21:23:30,-11.37392456,40.89742966,0,423,OFF,RETRACTED,AUTO
21:23:30,-10.32993475,41.79289102,0,429,OFF,RETRACTED,AUTO
21:23:30,-9.180658818,42.5817927,0,438,OFF,RETRACTED,AUTO
21:23:30,-7.937810573,43.26212324,0,442,OFF,RETRACTED,AUTO
21:23:30,-6.614057533,43.83214799,0,442,OFF,RETRACTED,AUTO
21:23:30,-5.222891828,44.29041357,0,439,OFF,RETRACTED,AUTO
21:23:30,-3.778492679,44.63575152,0,433,OFF,RETRACTED,AUTO
21:23:30,-2.295581882,44.86728133,0,423,OFF,RETRACTED,AUTO
21:23:31,-0.789273753,44.98441268,0,414,OFF,RETRACTED,AUTO
21:23:31,0.725078915,44.98684691,0,414,OFF,RETRACTED,AUTO
21:23:31,2.232041338,44.8745778,0,422,OFF,RETRACTED,AUTO
21:23:31,3.716254057,44.64789163,0,428,OFF,RETRACTED,AUTO
21:23:31,5.162589484,44.30736637,0,437,OFF,RETRACTED,AUTO
21:23:31,6.556306088,43.85387026,0,441,OFF,RETRACTED,AUTO
21:23:31,7.88319865,43.28855958,0,445,OFF,RETRACTED,AUTO
21:23:31,9.129743039,42.61287571,0,440,OFF,RETRACTED,AUTO
21:23:31,10.28323406,41.82854145,0,433,OFF,RETRACTED,AUTO
21:23:31,11.33191496,40.93755662,0,424,OFF,RETRACTED,AUTO
21:23:32,12.26509722,39.94219297,0,415,OFF,RETRACTED,AUTO
21:23:32,13.07326955,38.84498839,0,414,OFF,RETRACTED,AUTO
21:23:32,13.74819479,37.64874043,0,421,OFF,RETRACTED,AUTO
21:23:32,14.28299387,36.35649917,0,428,OFF,RETRACTED,AUTO
21:23:32,14.67221595,34.97155945,0,437,OFF,RETRACTED,AUTO
21:23:32,14.91189394,33.49745247,0,441,OFF,RETRACTED,AUTO
21:23:32,14.99958497,31.93793676,0,445,OFF,RETRACTED,AUTO
21:23:32,14.93439527,30.29698864,0,441,OFF,RETRACTED,AUTO
21:23:32,14.71698925,28.57879204,0,434,OFF,RETRACTED,AUTO
21:23:32,14.34958281,26.78772786,0,426,OFF,RETRACTED,AUTO
21:23:33,13.83592067,24.9283628,0,415,OFF,RETRACTED,AUTO
21:23:33,13.18123824,23.00543769,0,414,OFF,RETRACTED,AUTO
21:23:33,12.39220826,21.02385543,0,417,OFF,RETRACTED,AUTO
21:23:33,11.47687279,18.98866847,0,427,OFF,RETRACTED,AUTO
21:23:33,10.44456124,16.90506596,0,436,OFF,RETRACTED,AUTO
21:23:33,9.305795252,14.77836046,0,441,OFF,RETRACTED,AUTO
21:23:33,8.07218152,12.61397446,0,445,OFF,RETRACTED,AUTO
21:23:33,6.756293439,10.4174265,0,441,OFF,RETRACTED,AUTO
21:23:33,5.371542978,8.194317152,0,436,OFF,RETRACTED,AUTO
21:23:33,3.932043972,5.950314684,0,427,OFF,RETRACTED,AUTO
21:23:34,2.45246827,3.691140651,0,416,OFF,RETRACTED,AUTO
21:23:34,0.9478962,1.422555286,0,414,OFF,RETRACTED,AUTO
21:23:34,-0.566337142,-0.849657179,0,416,OFF,RETRACTED,AUTO
21:23:34,-2.074798188,-3.119703266,0,427,OFF,RETRACTED,AUTO
21:23:34,-3.562112204,-5.381795021,0,434,OFF,RETRACTED,AUTO
21:23:34,-5.013119993,-7.630164769,0,440,OFF,RETRACTED,AUTO
21:23:34,-6.413032402,-9.859079825,0,445,OFF,RETRACTED,AUTO
21:23:34,-7.74758106,-12.06285711,0,442,OFF,RETRACTED,AUTO
21:23:34,-9.003163806,-14.23587762,0,437,OFF,RETRACTED,AUTO
21:23:34,-10.16698332,-16.37260081,0,428,OFF,RETRACTED,AUTO
21:23:35,-11.22717758,-18.46757864,0,416,OFF,RETRACTED,AUTO
21:23:35,-12.17294072,-20.51546954,0,414,OFF,RETRACTED,AUTO
21:23:35,-12.99463322,-22.51105198,0,416,OFF,RETRACTED,AUTO
21:23:35,-13.68388012,-24.44923781,0,426,OFF,RETRACTED,AUTO
21:23:35,-14.23365637,-26.32508522,0,434,OFF,RETRACTED,AUTO
21:23:35,-14.63835848,-28.13381134,0,440,OFF,RETRACTED,AUTO
21:23:35,-14.8938616,-29.87080447,0,446,OFF,RETRACTED,AUTO
21:23:35,-14.99756154,-31.53163576,0,442,OFF,RETRACTED,AUTO
21:23:35,-14.94840137,-33.11207058,0,438,OFF,RETRACTED,AUTO
21:23:35,-14.74688214,-34.6080793,0,429,OFF,RETRACTED,AUTO
21:23:36,-14.3950578,-36.01584751,0,417,OFF,RETRACTED,AUTO
21:23:36,-13.89651427,-37.33178583,0,414,OFF,RETRACTED,AUTO
21:23:36,-13.25633286,-38.55253899,0,415,OFF,RETRACTED,AUTO
21:23:36,-12.48103851,-39.67499443,0,425,OFF,RETRACTED,AUTO
21:23:36,-11.57853329,-40.69629022,0,433,OFF,RETRACTED,AUTO
21:23:36,-10.55801581,-41.61382235,0,439,OFF,RETRACTED,AUTO
21:23:36,-9.429887546,-42.42525138,0,444,OFF,RETRACTED,AUTO
21:23:36,-8.205646741,-43.1285084,0,442,OFF,RETRACTED,AUTO
21:23:36,-6.897771267,-43.72180032,0,438,OFF,RETRACTED,AUTO
21:23:36,-5.519591424,-44.20361441,0,429,OFF,RETRACTED,AUTO
21:23:37,-4.085154076,-44.57272219,0,418,OFF,RETRACTED,AUTO
21:23:37,-2.609079484,-44.82818254,0,414,OFF,RETRACTED,AUTO
21:23:37,-1.10641229,-44.96934411,0,415,OFF,RETRACTED,AUTO
21:23:37,0.407531824,-44.99584699,0,424,OFF,RETRACTED,AUTO
21:23:37,1.917322239,-44.90762359,0,432,OFF,RETRACTED,AUTO
21:23:37,3.407570671,-44.70489885,0,439,OFF,RETRACTED,AUTO
21:23:37,4.863088013,-44.38818968,0,442,OFF,RETRACTED,AUTO
21:23:37,6.269039152,-43.95830359,0,445,OFF,RETRACTED,AUTO
21:23:37,7.611094167,-43.41633665,0,439,OFF,RETRACTED,AUTO
21:23:37,8.875574389,-42.76367072,0,430,OFF,RETRACTED,AUTO
21:23:38,10.04959182,-42.00196993,0,422,OFF,RETRACTED,AUTO
21:23:38,11.12118048,-41.13317637,0,414,OFF,RETRACTED,AUTO
21:23:38,12.07941838,-40.15950521,0,415,OFF,RETRACTED,AUTO
21:23:38,12.91453885,-39.08343905,0,423,OFF,RETRACTED,AUTO
21:23:38,13.61803006,-37.90772152,0,430,OFF,RETRACTED,AUTO
21:23:38,14.1827218,-36.63535037,0,438,OFF,RETRACTED,AUTO
21:23:38,14.60285854,-35.26956978,0,442,OFF,RETRACTED,AUTO
21:23:38,14.87415811,-33.81386207,0,442,OFF,RETRACTED,AUTO
21:23:38,14.99385534,-32.27193889,0,439,OFF,RETRACTED,AUTO
21:23:39,14.96073022,-30.64773169,0,432,OFF,RETRACTED,AUTO
21:23:39,14.77512038,-28.94538172,0,423,OFF,RETRACTED,AUTO
21:23:39,14.43891763,-27.16922947,0,414,OFF,RETRACTED,AUTO
21:23:39,13.95554864,-25.32380362,0,414,OFF,RETRACTED,AUTO
21:23:39,13.32994007,-23.41380947,0,422,OFF,RETRACTED,AUTO
21:23:39,12.56846835,-21.44411693,0,429,OFF,RETRACTED,AUTO
21:23:39,11.67889463,-19.41974816,0,437,OFF,RETRACTED,AUTO
21:23:39,10.67028574,-17.3458647,0,442,OFF,RETRACTED,AUTO
21:23:39,9.552921775,-15.22775435,0,445,OFF,RETRACTED,AUTO
21:23:39,8.338191263,-13.07081767,0,440,OFF,RETRACTED,AUTO
21:23:40,7.038475143,-10.88055422,0,433,OFF,RETRACTED,AUTO
21:23:40,5.667020553,-8.662548538,0,424,OFF,RETRACTED,AUTO
21:23:40,4.237805812,-6.422455882,0,415,OFF,RETRACTED,AUTO
21:23:40,2.765397951,-4.16598784,0,414,OFF,RETRACTED,AUTO
21:23:40,1.264804237,-1.898897744,0,422,OFF,RETRACTED,AUTO
21:23:40,-0.24868078,0.373033987,0,428,OFF,RETRACTED,AUTO
21:23:40,-1.75963116,2.64401459,0,437,OFF,RETRACTED,AUTO
21:23:40,-3.252646796,4.908253727,0,441,OFF,RETRACTED,AUTO
21:23:40,-4.712510379,7.159978251,0,445,OFF,RETRACTED,AUTO
21:23:40,-6.124342495,9.39344692,0,440,OFF,RETRACTED,AUTO
21:23:41,-7.473753284,11.60296504,0,434,OFF,RETRACTED,AUTO
21:23:41,-8.746989104,13.78289899,0,426,OFF,RETRACTED,AUTO
21:23:41,-9.931072713,15.92769057,0,415,OFF,RETRACTED,AUTO
21:23:41,-11.01393554,18.03187119,0,414,OFF,RETRACTED,AUTO
21:23:41,-11.98454069,20.0900758,0,417,OFF,RETRACTED,AUTO
21:23:41,-12.83299543,22.09705658,0,428,OFF,RETRACTED,AUTO
21:23:41,-13.55065202,24.04769632,0,436,OFF,RETRACTED,AUTO
21:23:41,-14.13019589,25.93702146,0,441,OFF,RETRACTED,AUTO
21:23:41,-14.56572012,27.76021476,0,445,OFF,RETRACTED,AUTO
21:23:41,-14.8527857,29.51262761,0,441,OFF,RETRACTED,AUTO
21:23:42,-14.98846677,31.18979189,0,436,OFF,RETRACTED,AUTO
21:23:42,-14.97138042,32.7874313,0,427,OFF,RETRACTED,AUTO
21:23:42,-14.80170081,34.30147233,0,416,OFF,RETRACTED,AUTO
21:23:42,-14.48115735,35.72805462,0,414,OFF,RETRACTED,AUTO
21:23:42,-14.01301715,37.0635408,0,416,OFF,RETRACTED,AUTO
21:23:42,-13.40205163,38.30452577,0,427,OFF,RETRACTED,AUTO
21:23:42,-12.65448796,39.44784539,0,434,OFF,RETRACTED,AUTO
21:23:42,-11.77794556,40.49058451,0,440,OFF,RETRACTED,AUTO
21:23:42,-10.78135844,41.43008447,0,445,OFF,RETRACTED,AUTO
21:23:42,-9.674884136,42.2639498,0,442,OFF,RETRACTED,AUTO
21:23:43,-8.469800212,42.9900544,0,437,OFF,RETRACTED,AUTO
21:23:43,-7.178389279,43.60654692,0,428,OFF,RETRACTED,AUTO
21:23:43,-5.813813824,44.11185546,0,416,OFF,RETRACTED,AUTO
21:23:43,-4.389982053,44.50469166,0,414,OFF,RETRACTED,AUTO
21:23:43,-2.92140613,44.78405388,0,416,OFF,RETRACTED,AUTO
21:23:43,-1.423054269,44.94922984,0,426,OFF,RETRACTED,AUTO
21:23:43,0.089801833,44.99979839,0,433,OFF,RETRACTED,AUTO
21:23:43,1.601742644,44.93563059,0,440,OFF,RETRACTED,AUTO
21:23:43,3.097357965,44.75689004,0,444,OFF,RETRACTED,AUTO
21:23:43,4.561403986,44.4640325,0,442,OFF,RETRACTED,AUTO
21:23:44,5.978958668,44.05780465,0,438,OFF,RETRACTED,AUTO
21:23:44,7.335573822,43.53924226,0,429,OFF,RETRACTED,AUTO
21:23:44,8.617422378,42.90966752,0,422,OFF,RETRACTED,AUTO
21:23:44,9.81143931,42.17068565,0,414,OFF,RETRACTED,AUTO
21:23:44,10.9054548,41.32418084,0,415,OFF,RETRACTED,AUTO
21:23:44,11.88831829,40.37231143,0,423,OFF,RETRACTED,AUTO
21:23:44,12.7500121,39.31750442,0,430,OFF,RETRACTED,AUTO
21:23:44,13.48175356,38.16244925,0,439,OFF,RETRACTED,AUTO
21:23:44,14.07608452,36.91009097,0,442,OFF,RETRACTED,AUTO
21:23:44,14.52694737,35.56362274,0,444,OFF,RETRACTED,AUTO
21:23:45,14.82974675,34.12647765,0,440,OFF,RETRACTED,AUTO
21:23:45,14.98139645,32.60232001,0,432,OFF,RETRACTED,AUTO
21:23:45,14.98035079,30.99503597,0,423,OFF,RETRACTED,AUTO
21:23:45,14.82662043,29.30872363,0,415,OFF,RETRACTED,AUTO
21:23:45,14.52177225,27.54768261,0,415,OFF,RETRACTED,AUTO
21:23:45,14.06891335,25.71640304,0,423,OFF,RETRACTED,AUTO
21:23:45,13.47265943,23.81955414,0,429,OFF,RETRACTED,AUTO
21:23:45,12.7390877,21.86197234,0,437,OFF,RETRACTED,AUTO
21:23:45,11.87567497,19.84864889,0,442,OFF,RETRACTED,AUTO
21:23:45,10.89122142,17.78471718,0,446,OFF,RETRACTED,AUTO
21:23:46,9.795760943,15.67543964,0,441,OFF,RETRACTED,AUTO
21:23:46,8.600458822,13.5261943,0,434,OFF,RETRACTED,AUTO
21:23:46,7.317497976,11.34246111,0,426,OFF,RETRACTED,AUTO
21:23:46,5.959954766,9.129807957,0,415,OFF,RETRACTED,AUTO
21:23:46,4.541665723,6.89387646,0,414,OFF,RETRACTED,AUTO
21:23:46,3.077086519,4.640367591,0,417,OFF,RETRACTED,AUTO
21:23:46,1.58114463,2.375027139,0,427,OFF,RETRACTED,AUTO
21:23:46,0.069087191,0.103631061,0,435,OFF,RETRACTED,AUTO
21:23:46,-1.443674408,-2.168029246,0,441,OFF,RETRACTED,AUTO
21:23:46,-2.941721599,-4.434161712,0,445,OFF,RETRACTED,AUTO
21:23:47,-4.409785789,-6.688988359,0,442,OFF,RETRACTED,AUTO
21:23:47,-5.832903981,-8.926760039,0,437,OFF,RETRACTED,AUTO
21:23:47,-7.196571284,-11.14177109,0,428,OFF,RETRACTED,AUTO
21:23:47,-8.486888749,-13.32837387,0,417,OFF,RETRACTED,AUTO
21:23:47,-9.690705032,-15.48099319,0,414,OFF,RETRACTED,AUTO
21:23:47,-10.79575044,-17.5941405,0,416,OFF,RETRACTED,AUTO
21:23:47,-11.79076198,-19.66242789,0,425,OFF,RETRACTED,AUTO
21:23:47,-12.66559817,-21.68058182,0,433,OFF,RETRACTED,AUTO
21:23:47,-13.41134239,-23.64345661,0,439,OFF,RETRACTED,AUTO
21:23:47,-14.02039377,-25.54604748,0,442,OFF,RETRACTED,AUTO
21:23:48,-14.48654464,-27.38350338,0,444,OFF,RETRACTED,AUTO
21:23:48,-14.80504386,-29.15113935,0,440,OFF,RETRACTED,AUTO
21:23:48,-14.97264517,-30.84444842,0,432,OFF,RETRACTED,AUTO
21:23:48,-14.98764031,-32.45911315,0,423,OFF,RETRACTED,AUTO
21:23:48,-14.84987646,-33.99101662,0,415,OFF,RETRACTED,AUTO
21:23:48,-14.56075775,-35.43625292,0,415,OFF,RETRACTED,AUTO
21:23:48,-14.12323098,-36.79113713,0,422,OFF,RETRACTED,AUTO
21:23:48,-13.54175555,-38.05221467,0,428,OFF,RETRACTED,AUTO
21:23:48,-12.82225807,-39.21627017,0,437,OFF,RETRACTED,AUTO
21:23:49,-11.97207189,-40.28033563,0,441,OFF,RETRACTED,AUTO
21:23:49,-10.99986238,-41.241698,0,446,OFF,RETRACTED,AUTO
21:23:49,-9.915538634,-42.09790608,0,441,OFF,RETRACTED,AUTO
21:23:49,-8.730152432,-42.84677678,0,436,OFF,RETRACTED,AUTO
21:23:49,-7.455785626,-43.48640072,0,427,OFF,RETRACTED,AUTO
21:23:49,-6.105426982,-44.01514702,0,416,OFF,RETRACTED,AUTO
21:23:49,-4.692839804,-44.43166756,0,414,OFF,RETRACTED,AUTO
21:23:49,-3.232421648,-44.73490031,0,416,OFF,RETRACTED,AUTO
21:23:49,-1.739057581,-44.92407212,0,426,OFF,RETRACTED,AUTO
21:23:49,-0.227968462,-44.99870067,0,433,OFF,RETRACTED,AUTO
21:23:50,1.285444187,-44.95859566,0,440,OFF,RETRACTED,AUTO
21:23:50,2.785755163,-44.80385936,0,442,OFF,RETRACTED,AUTO
21:23:50,4.257672799,-44.5348863,0,442,OFF,RETRACTED,AUTO
21:23:50,5.686194824,-44.15236228,0,439,OFF,RETRACTED,AUTO
21:23:50,7.056761268,-43.65726263,0,430,OFF,RETRACTED,AUTO
21:23:50,8.355402863,-43.0508497,0,423,OFF,RETRACTED,AUTO
21:23:50,9.568883425,-42.33466968,0,415,OFF,RETRACTED,AUTO
21:23:50,10.68483476,-41.5105486,0,415,OFF,RETRACTED,AUTO
21:23:50,11.69188271,-40.58058775,0,423,OFF,RETRACTED,AUTO
21:23:50,12.57976313,-39.54715824,0,429,OFF,RETRACTED,AUTO
21:23:51,13.33942643,-38.41289502,0,437,OFF,RETRACTED,AUTO
21:23:51,13.96312988,-37.18069014,0,442,OFF,RETRACTED,AUTO
21:23:51,14.44451649,-35.85368535,0,446,OFF,RETRACTED,AUTO
21:23:51,14.77867979,-34.43526413,0,441,OFF,RETRACTED,AUTO
21:23:51,14.9622139,-32.92904304,0,436,OFF,RETRACTED,AUTO
21:23:51,14.99324817,-31.3388625,0,427,OFF,RETRACTED,AUTO
21:23:51,14.87146629,-29.66877701,0,416,OFF,RETRACTED,AUTO
21:23:51,14.59810949,-27.92304481,0,414,OFF,RETRACTED,AUTO
21:23:51,14.17596393,-26.10611699,0,416,OFF,RETRACTED,AUTO
21:23:51,13.60933225,-24.22262619,0,426,OFF,RETRACTED,AUTO
21:23:52,12.90398974,-22.27737477,0,433,OFF,RETRACTED,AUTO
21:23:52,12.0671255,-20.27532254,0,439,OFF,RETRACTED,AUTO
21:23:52,11.10726912,-18.22157416,0,442,OFF,RETRACTED,AUTO
21:23:52,10.03420377,-16.12136609,0,444,OFF,RETRACTED,AUTO
21:23:52,8.858866491,-13.98005324,0,439,OFF,RETRACTED,AUTO
21:23:52,7.593236712,-11.80309533,0,432,OFF,RETRACTED,AUTO
21:23:52,6.250214149,-9.596042983,0,423,OFF,RETRACTED,AUTO
21:23:52,4.843487333,-7.364523523,0,415,OFF,RETRACTED,AUTO
21:23:52,3.38739409,-5.114226678,0,415,OFF,RETRACTED,AUTO
21:23:52,1.896775404,-2.850890048,0,422,OFF,RETRACTED,AUTO
21:23:53,0.386824154,-0.58028448,0,428,OFF,RETRACTED,AUTO
21:23:53,-1.127069735,1.691800643,0,436,OFF,RETRACTED,AUTO
21:23:53,-2.629476156,3.959572169,0,441,OFF,RETRACTED,AUTO
21:23:53,-4.105082085,6.217247941,0,446,OFF,RETRACTED,AUTO
21:23:53,-5.538847658,8.459071547,0,441,OFF,RETRACTED,AUTO
21:23:53,-6.91615946,10.67932699,0,437,OFF,RETRACTED,AUTO
21:23:53,-8.222979475,12.87235327,0,428,OFF,RETRACTED,AUTO
21:23:53,-9.445988158,15.0325588,0,417,OFF,RETRACTED,AUTO
21:23:53,-10.5727202,17.1544357,0,414,OFF,RETRACTED,AUTO
21:23:53,-11.59169158,19.23257379,0,416,OFF,RETRACTED,AUTO
21:23:54,-12.4925166,21.26167444,0,424,OFF,RETRACTED,AUTO
21:23:54,-13.26601374,23.23656402,0,430,OFF,RETRACTED,AUTO
21:23:54,-13.90429929,25.15220715,0,438,OFF,RETRACTED,AUTO
21:23:54,-14.40086761,27.00371949,0,442,OFF,RETRACTED,AUTO
21:23:54,-14.75065751,28.78638023,0,446,OFF,RETRACTED,AUTO
21:23:54,-14.95010383,30.4956441,0,440,OFF,RETRACTED,AUTO
21:23:54,-14.99717374,32.12715299,0,434,OFF,RETRACTED,AUTO
21:23:54,-14.89138748,33.67674702,0,426,OFF,RETRACTED,AUTO
21:23:54,-14.63382328,35.14047517,0,415,OFF,RETRACTED,AUTO
21:23:54,-14.22710629,36.51460536,0,414,OFF,RETRACTED,AUTO
21:23:55,-13.67538193,37.79563398,0,417,OFF,RETRACTED,AUTO
21:23:55,-12.98427355,38.98029476,0,427,OFF,RETRACTED,AUTO
21:23:55,-12.16082514,40.06556717,0,434,OFF,RETRACTED,AUTO
21:23:55,-11.21342958,41.04868408,0,440,OFF,RETRACTED,AUTO
21:23:55,-10.15174303,41.92713883,0,445,OFF,RETRACTED,AUTO
21:23:55,-8.986586557,42.69869161,0,444,OFF,RETRACTED,AUTO
21:23:55,-7.729835813,43.3613752,0,439,OFF,RETRACTED,AUTO
21:23:55,-6.394300022,43.91349994,0,430,OFF,RETRACTED,AUTO
21:23:55,-4.993591407,44.35365807,0,423,OFF,RETRACTED,AUTO
21:23:55,-3.541986454,44.68072733,0,415,OFF,RETRACTED,AUTO
21:23:56,-2.054280402,44.89387377,0,415,OFF,RETRACTED,AUTO
21:23:56,-0.545636444,44.99255394,0,423,OFF,RETRACTED,AUTO
21:23:56,0.968568822,44.97651624,0,429,OFF,RETRACTED,AUTO
21:23:56,2.472902113,44.84580154,0,437,OFF,RETRACTED,AUTO
21:23:56,3.952030767,44.60074315,0,441,OFF,RETRACTED,AUTO
21:23:56,5.390879014,44.24196588,0,446,OFF,RETRACTED,AUTO
21:23:56,6.774781637,43.77038451,0,442,OFF,RETRACTED,AUTO
21:23:56,8.08963344,43.18720144,0,437,OFF,RETRACTED,AUTO
21:23:56,9.322033021,42.49390362,0,428,OFF,RETRACTED,AUTO
21:23:56,10.45941935,41.69225875,0,417,OFF,RETRACTED,AUTO
21:23:57,11.49019982,40.78431079,0,414,OFF,RETRACTED,AUTO
21:23:57,12.40386836,39.77237474,0,415,OFF,RETRACTED,AUTO
21:23:57,13.19111257,38.65903075,0,424,OFF,RETRACTED,AUTO
21:23:57,13.84390859,37.44711751,0,430,OFF,RETRACTED,AUTO
21:23:57,14.3556029,36.13972506,0,438,OFF,RETRACTED,AUTO
21:23:57,14.72098016,34.74018686,0,442,OFF,RETRACTED,AUTO
21:23:57,14.93631631,33.25207132,0,446,OFF,RETRACTED,AUTO
21:23:57,14.99941658,31.67917271,0,440,OFF,RETRACTED,AUTO
21:23:57,14.90963782,30.02550146,0,434,OFF,RETRACTED,AUTO
21:23:57,14.6678951,28.29527395,0,426,OFF,RETRACTED,AUTO
21:23:58,14.27665233,26.49290174,0,416,OFF,RETRACTED,AUTO
21:23:58,13.73989719,24.62298037,0,414,OFF,RETRACTED,AUTO
21:23:58,13.06310047,22.69027759,0,417,OFF,RETRACTED,AUTO
21:23:58,12.2531603,20.69972123,0,427,OFF,RETRACTED,AUTO
21:23:58,11.31833186,18.65638662,0,434,OFF,RETRACTED,AUTO
21:23:58,10.26814324,16.56548367,0,440,OFF,RETRACTED,AUTO
21:23:58,9.113298297,14.43234357,0,445,OFF,RETRACTED,AUTO
21:23:58,7.8655676,12.26240521,0,442,OFF,RETRACTED,AUTO
21:23:58,6.537668433,10.0612013,0,439,OFF,RETRACTED,AUTO
21:23:59,5.143135183,7.834344262,0,430,OFF,RETRACTED,AUTO
21:23:59,3.696181396,5.587511932,0,423,OFF,RETRACTED,AUTO
21:23:59,2.211554904,3.326433078,0,415,OFF,RETRACTED,AUTO
21:23:59,0.704387511,1.05687279,0,415,OFF,RETRACTED,AUTO
21:23:59,-0.809959232,-1.215382214,0,422,OFF,RETRACTED,AUTO
21:23:59,-2.316050602,-3.484538349,0,428,OFF,RETRACTED,AUTO
21:23:59,-3.798536018,-5.744809928,0,436,OFF,RETRACTED,AUTO
21:23:59,-5.242305496,-7.990433919,0,441,OFF,RETRACTED,AUTO
21:23:59,-6.63264366,-10.21568464,0,445,OFF,RETRACTED,AUTO
21:23:59,-7.955379723,-12.41488834,0,442,OFF,RETRACTED,AUTO
21:24:00,-9.197031921,-14.5824377,0,437,OFF,RETRACTED,AUTO
21:24:00,-10.34494492,-16.71280611,0,428,OFF,RETRACTED,AUTO
21:24:00,-11.38741882,-18.80056173,0,417,OFF,RETRACTED,AUTO
21:24:00,-12.31382837,-20.84038142,0,414,OFF,RETRACTED,AUTO
21:24:00,-13.1147313,-22.82706421,0,415,OFF,RETRACTED,AUTO
21:24:00,-13.78196455,-24.75554466,0,424,OFF,RETRACTED,AUTO
21:24:00,-14.30872745,-26.62090569,0,430,OFF,RETRACTED,AUTO
21:24:00,-14.68965106,-28.41839118,0,438,OFF,RETRACTED,AUTO
21:24:00,-14.92085288,-30.14341808,0,442,OFF,RETRACTED,AUTO
21:24:00,-14.99997643,-31.79158806,0,446,OFF,RETRACTED,AUTO
21:24:01,-14.92621525,-33.35869877,0,441,OFF,RETRACTED,AUTO
21:24:01,-14.70032113,-34.84075453,0,434,OFF,RETRACTED,AUTO
21:24:01,-14.32459648,-36.23397655,0,426,OFF,RETRACTED,AUTO
21:24:01,-13.80287079,-37.5348125,0,416,OFF,RETRACTED,AUTO
21:24:01,-13.14046167,-38.73994563,0,415,OFF,RETRACTED,AUTO
21:24:01,-12.34412062,-39.84630322,0,417,OFF,RETRACTED,AUTO
21:24:01,-11.42196419,-40.85106436,0,427,OFF,RETRACTED,AUTO
21:24:01,-10.38339133,-41.75166722,0,434,OFF,RETRACTED,AUTO
21:24:01,-9.238987496,-42.54581551,0,440,OFF,RETRACTED,AUTO
21:24:01,-8.000416846,-43.2314844,0,446,OFF,RETRACTED,AUTO
21:24:02,-6.680303297,-43.80692562,0,442,OFF,RETRACTED,AUTO
21:24:02,-5.292101883,-44.27067197,0,439,OFF,RETRACTED,AUTO
21:24:02,-3.849961615,-44.62154103,0,430,OFF,RETRACTED,AUTO
21:24:02,-2.368581262,-44.85863818,0,423,OFF,RETRACTED,AUTO
21:24:02,-0.863059544,-44.98135891,0,415,OFF,RETRACTED,AUTO
21:24:02,0.651258762,-44.9893903,0,415,OFF,RETRACTED,AUTO
21:24:02,2.158939223,-44.88271188,0,422,OFF,RETRACTED,AUTO
21:24:02,3.644615061,-44.66159565,0,429,OFF,RETRACTED,AUTO
21:24:02,5.093143775,-44.32660538,0,437,OFF,RETRACTED,AUTO
21:24:02,6.48976148,-43.87859522,0,441,OFF,RETRACTED,AUTO
21:24:03,7.820233386,-43.31870744,0,446,OFF,RETRACTED,AUTO
21:24:03,9.070998884,-42.64836961,0,441,OFF,RETRACTED,AUTO
21:24:03,10.22930976,-41.86929089,0,437,OFF,RETRACTED,AUTO
21:24:03,11.28336011,-40.98345769,0,428,OFF,RETRACTED,AUTO
21:24:03,12.22240673,-39.99312865,0,417,OFF,RETRACTED,AUTO
21:24:03,13.03687853,-38.9008288,0,414,OFF,RETRACTED,AUTO
21:24:03,13.71847414,-37.70934319,0,416,OFF,RETRACTED,AUTO
21:24:03,14.26024652,-36.42170977,0,426,OFF,RETRACTED,AUTO
21:24:03,14.65667374,-35.04121162,0,433,OFF,RETRACTED,AUTO
21:24:03,14.90371529,-33.57136862,0,439,OFF,RETRACTED,AUTO
21:24:04,14.99885324,-32.01592842,0,445,OFF,RETRACTED,AUTO
21:24:04,14.9411179,-30.37885695,0,445,OFF,RETRACTED,AUTO
21:24:04,14.73109775,-28.66432826,0,440,OFF,RETRACTED,AUTO
21:24:04,14.37093336,-26.87671391,0,433,OFF,RETRACTED,AUTO
21:24:04,13.86429566,-25.02057178,0,424,OFF,RETRACTED,AUTO
21:24:04,13.21634847,-23.1006345,0,415,OFF,RETRACTED,AUTO
21:24:04,12.43369588,-21.12179734,0,414,OFF,RETRACTED,AUTO
21:24:04,11.52431494,-19.08910577,0,420,OFF,RETRACTED,AUTO
21:24:04,10.49747436,-17.00774255,0,428,OFF,RETRACTED,AUTO
21:24:04,9.363640051,-14.88301455,0,436,OFF,RETRACTED,AUTO
21:24:05,8.134368418,-12.72033921,0,441,OFF,RETRACTED,AUTO
21:24:05,6.822188608,-10.52523072,0,445,OFF,RETRACTED,AUTO
21:24:05,5.440474792,-8.303285962,0,442,OFF,RETRACTED,AUTO
21:24:05,4.003309855,-6.060170249,0,437,OFF,RETRACTED,AUTO
21:24:05,2.525341857,-3.801602871,0,429,OFF,RETRACTED,AUTO
21:24:05,1.021634739,-1.533342515,0,417,OFF,RETRACTED,AUTO
21:24:05,-0.492485219,0.738827416,0,414,OFF,RETRACTED,AUTO
21:24:05,-2.001585604,3.009113553,0,415,OFF,RETRACTED,AUTO
21:24:05,-3.490285166,5.271727329,0,424,OFF,RETRACTED,AUTO
21:24:05,-4.943410586,7.520899739,0,430,OFF,RETRACTED,AUTO
21:24:06,-6.346151127,9.75089605,0,438,OFF,RETRACTED,AUTO
21:24:06,-7.684209594,11.95603042,0,442,OFF,RETRACTED,AUTO
21:24:06,-8.943948051,14.13068041,0,444,OFF,RETRACTED,AUTO
21:24:06,-10.11252683,16.26930129,0,440,OFF,RETRACTED,AUTO
21:24:06,-11.17803538,18.36644019,0,434,OFF,RETRACTED,AUTO
21:24:06,-12.12961369,20.41675004,0,426,OFF,RETRACTED,AUTO
21:24:06,-12.95756297,22.41500313,0,415,OFF,RETRACTED,AUTO
21:24:06,-13.65344447,24.35610451,0,414,OFF,RETRACTED,AUTO
21:24:06,-14.21016554,26.23510494,0,416,OFF,RETRACTED,AUTO
21:24:06,-14.62205189,28.0472135,0,426,OFF,RETRACTED,AUTO
21:24:07,-14.88490545,29.78780986,0,434,OFF,RETRACTED,AUTO
21:24:07,-14.99604712,31.452456,0,440,OFF,RETRACTED,AUTO
21:24:07,-14.95434412,33.03690756,0,445,OFF,RETRACTED,AUTO
21:24:07,-14.76022148,34.53712465,0,442,OFF,RETRACTED,AUTO
21:24:07,-14.41565778,35.94928216,0,439,OFF,RETRACTED,AUTO
21:24:07,-13.92416492,37.26977949,0,430,OFF,RETRACTED,AUTO
21:24:07,-13.29075235,38.49524976,0,423,OFF,RETRACTED,AUTO
21:24:07,-12.52187604,39.62256838,0,415,OFF,RETRACTED,AUTO
21:24:07,-11.62537262,40.64886102,0,415,OFF,RETRACTED,AUTO
21:24:07,-10.61037955,41.57151094,0,423,OFF,RETRACTED,AUTO
21:24:08,-9.487241975,42.38816563,0,429,OFF,RETRACTED,AUTO
21:24:08,-8.267407288,43.09674288,0,437,OFF,RETRACTED,AUTO
21:24:08,-6.963308448,43.69543602,0,442,OFF,RETRACTED,AUTO
21:24:08,-5.588237262,44.18271855,0,446,OFF,RETRACTED,AUTO
21:24:08,-4.15620891,44.55734804,0,441,OFF,RETRACTED,AUTO
21:24:08,-2.681819101,44.81836931,0,436,OFF,RETRACTED,AUTO
21:24:08,-1.180095303,44.96511682,0,427,OFF,RETRACTED,AUTO
21:24:08,0.333656417,44.9972164,0,416,OFF,RETRACTED,AUTO
21:24:08,1.844007401,44.91458623,0,414,OFF,RETRACTED,AUTO
21:24:09,3.33556365,44.71743697,0,416,OFF,RETRACTED,AUTO
21:24:09,4.79312273,44.4062713,0,426,OFF,RETRACTED,AUTO
21:24:09,6.201828715,43.9818826,0,433,OFF,RETRACTED,AUTO
21:24:09,7.547323608,43.44535294,0,440,OFF,RETRACTED,AUTO
21:24:09,8.815893678,42.79805031,0,444,OFF,RETRACTED,AUTO
21:24:09,9.99460924,42.04162515,0,446,OFF,RETRACTED,AUTO
21:24:09,11.07145643,41.17800612,0,440,OFF,RETRACTED,AUTO
21:24:09,12.03545968,40.2093952,0,432,OFF,RETRACTED,AUTO
21:24:09,12.87679353,39.13826205,0,422,OFF,RETRACTED,AUTO
21:24:09,13.58688283,37.96733777,0,363,OFF,RETRACTED,AUTO
21:24:10,14.15849013,36.69960785,0,138,OFF,RETRACTED,AUTO
21:24:10,14.5857894,35.33830465,0,402,OFF,RETRACTED,AUTO
21:24:10,14.86442548,33.88689909,0,424,OFF,RETRACTED,AUTO
21:24:10,14.99155841,32.34909183,0,434,OFF,RETRACTED,AUTO
21:24:10,14.9658924,30.72880383,0,440,OFF,RETRACTED,AUTO
21:24:10,14.78768907,29.03016635,0,445,OFF,RETRACTED,AUTO
21:24:10,14.45876471,27.25751042,0,442,OFF,RETRACTED,AUTO
21:24:10,13.98247183,25.4153558,0,438,OFF,RETRACTED,AUTO
21:24:10,13.36366497,23.50839944,0,429,OFF,RETRACTED,AUTO
21:24:10,12.60865121,21.54150352,0,420,OFF,RETRACTED,AUTO
21:24:11,11.72512589,19.51968306,0,414,OFF,RETRACTED,AUTO
21:24:11,10.72209421,17.44809311,0,415,OFF,RETRACTED,AUTO
21:24:11,9.609779399,15.33201561,0,423,OFF,RETRACTED,AUTO
21:24:11,8.399518528,13.17684595,0,430,OFF,RETRACTED,AUTO
21:24:11,7.103646982,10.98807917,0,438,OFF,RETRACTED,AUTO
21:24:11,5.735372713,8.771296006,0,442,OFF,RETRACTED,AUTO
21:24:11,4.308641626,6.532148595,0,445,OFF,RETRACTED,AUTO
21:24:11,2.837995436,4.276346112,0,441,OFF,RETRACTED,AUTO
21:24:11,1.338423456,2.009640195,0,436,OFF,RETRACTED,AUTO
21:24:11,-0.174790179,-0.262189718,0,427,OFF,RETRACTED,AUTO
21:24:12,-1.686222294,-2.533351124,0,416,OFF,RETRACTED,AUTO
21:24:12,-3.180467873,-4.798053224,0,414,OFF,RETRACTED,AUTO
21:24:12,-4.642297071,-7.050521689,0,416,OFF,RETRACTED,AUTO
21:24:12,-6.056810438,-9.285013382,0,426,OFF,RETRACTED,AUTO
21:24:12,-7.409590788,-11.495831,0,433,OFF,RETRACTED,AUTO
21:24:12,-8.686850133,-13.67733761,0,440,OFF,RETRACTED,AUTO
21:24:12,-9.875570225,-15.823971,0,442,OFF,RETRACTED,AUTO
21:24:12,-10.96363523,-17.93025788,0,444,OFF,RETRACTED,AUTO
21:24:12,-11.93995524,-19.99082784,0,440,OFF,RETRACTED,AUTO
21:24:12,-12.79457927,-22.00042702,0,433,OFF,RETRACTED,AUTO
21:24:13,-13.51879671,-23.95393154,0,423,OFF,RETRACTED,AUTO
21:24:13,-14.10522609,-25.84636052,0,415,OFF,RETRACTED,AUTO
21:24:13,-14.54789034,-27.67288883,0,415,OFF,RETRACTED,AUTO
21:24:13,-14.84227767,-29.42885936,0,422,OFF,RETRACTED,AUTO
21:24:13,-14.98538759,-31.10979488,0,428,OFF,RETRACTED,AUTO
21:24:13,-14.97576147,-32.71140951,0,437,OFF,RETRACTED,AUTO
21:24:13,-14.81349743,-34.22961959,0,442,OFF,RETRACTED,AUTO
21:24:13,-14.50024932,-35.66055414,0,446,OFF,RETRACTED,AUTO
21:24:13,-14.03920987,-37.00056469,0,442,OFF,RETRACTED,AUTO
21:24:13,-13.43507814,-38.24623459,0,438,OFF,RETRACTED,AUTO
21:24:14,-12.69401164,-39.39438776,0,429,OFF,RETRACTED,AUTO
21:24:14,-11.82356357,-40.44209675,0,422,OFF,RETRACTED,AUTO
21:24:14,-10.83260583,-41.38669019,0,415,OFF,RETRACTED,AUTO
21:24:14,-9.731238574,-42.22575966,0,416,OFF,RETRACTED,AUTO
21:24:14,-8.530687315,-42.95716577,0,424,OFF,RETRACTED,AUTO
21:24:14,-7.243188464,-43.57904364,0,430,OFF,RETRACTED,AUTO
21:24:14,-5.881864637,-44.08980768,0,438,OFF,RETRACTED,AUTO
21:24:14,-4.460590898,-44.48815558,0,442,OFF,RETRACTED,AUTO
21:24:14,-2.993853339,-44.77307167,0,446,OFF,RETRACTED,AUTO
21:24:14,-1.496601434,-44.94382949,0,441,OFF,RETRACTED,AUTO
21:24:15,0.015904328,-44.99999368,0,436,OFF,RETRACTED,AUTO
21:24:15,1.528247987,-44.94142101,0,426,OFF,RETRACTED,AUTO
21:24:15,3.025015237,-44.76826084,0,416,OFF,RETRACTED,AUTO
21:24:15,4.49095053,-44.48095468,0,414,OFF,RETRACTED,AUTO
21:24:15,5.911112567,-44.08023507,0,416,OFF,RETRACTED,AUTO
21:24:15,7.271026587,-43.56712372,0,426,OFF,RETRACTED,AUTO
21:24:15,8.556831896,-42.94292893,0,433,OFF,RETRACTED,AUTO
21:24:15,9.755423139,-42.20924221,0,440,OFF,RETRACTED,AUTO
21:24:15,10.85458388,-41.36793424,0,444,OFF,RETRACTED,AUTO
21:24:15,11.8431111,-40.42115012,0,445,OFF,RETRACTED,AUTO
21:24:16,12.71092942,-39.37130387,0,439,OFF,RETRACTED,AUTO
21:24:16,13.44919373,-38.22107228,0,432,OFF,RETRACTED,AUTO
21:24:16,14.0503794,-36.97338812,0,423,OFF,RETRACTED,AUTO
21:24:16,14.50835895,-35.63143261,0,415,OFF,RETRACTED,AUTO
21:24:16,14.8184645,-34.19862735,0,414,OFF,RETRACTED,AUTO
21:24:16,14.97753536,-32.67862557,0,421,OFF,RETRACTED,AUTO
21:24:16,14.98395021,-31.07530284,0,428,OFF,RETRACTED,AUTO
21:24:16,14.83764367,-29.39274716,0,436,OFF,RETRACTED,AUTO
21:24:16,14.54010696,-27.63524855,0,441,OFF,RETRACTED,AUTO
21:24:16,14.09437266,-25.80728813,0,445,OFF,RETRACTED,AUTO
21:24:17,13.50498385,-23.91352666,0,442,OFF,RETRACTED,AUTO
21:24:17,12.77794777,-21.95879267,0,438,OFF,RETRACTED,AUTO
21:24:17,11.92067461,-19.94807018,0,429,OFF,RETRACTED,AUTO
21:24:17,10.94190199,-17.88648593,0,421,OFF,RETRACTED,AUTO
21:24:17,9.851605873,-15.77929636,0,414,OFF,RETRACTED,AUTO
21:24:17,8.66089893,-13.63187419,0,415,OFF,RETRACTED,AUTO
21:24:17,7.381917236,-11.44969473,0,423,OFF,RETRACTED,AUTO
21:24:17,6.027696597,-9.238321882,0,429,OFF,RETRACTED,AUTO
21:24:17,4.612039677,-7.003394013,0,437,OFF,RETRACTED,AUTO
21:24:17,3.149375321,-4.750609533,0,441,OFF,RETRACTED,AUTO
21:24:18,1.654611489,-2.485712386,0,446,OFF,RETRACTED,AUTO
21:24:18,0.142983308,-0.214477398,0,441,OFF,RETRACTED,AUTO
21:24:18,-1.370102206,2.057304445,0,436,OFF,RETRACTED,AUTO
21:24:18,-2.869223185,4.323840762,0,427,OFF,RETRACTED,AUTO
21:24:18,-4.33910009,6.579352547,0,416,OFF,RETRACTED,AUTO
21:24:18,-5.76475145,8.818088904,0,414,OFF,RETRACTED,AUTO
21:24:18,-7.131646554,11.03434171,0,416,OFF,RETRACTED,AUTO
21:24:18,-8.425853553,13.22246016,0,424,OFF,RETRACTED,AUTO
21:24:18,-9.634181463,15.37686521,0,430,OFF,RETRACTED,AUTO
21:24:19,-10.7443146,17.49206373,0,438,OFF,RETRACTED,AUTO
21:24:19,-11.74493813,19.5626626,0,442,OFF,RETRACTED,AUTO
21:24:19,-12.62585336,21.58338239,0,445,OFF,RETRACTED,AUTO
21:24:19,-13.3780817,23.54907085,0,440,OFF,RETRACTED,AUTO
21:24:19,-13.99395621,25.45471606,0,434,OFF,RETRACTED,AUTO
21:24:19,-14.46719968,27.29545918,0,426,OFF,RETRACTED,AUTO
21:24:19,-14.79298866,29.06660684,0,415,OFF,RETRACTED,AUTO
21:24:19,-14.9680026,30.76364314,0,414,OFF,RETRACTED,AUTO
21:24:19,-14.9904577,32.38224113,0,416,OFF,RETRACTED,AUTO
21:24:19,-14.86012508,33.91827386,0,427,OFF,RETRACTED,AUTO
21:24:20,-14.57833315,35.36782489,0,434,OFF,RETRACTED,AUTO
21:24:20,-14.14795402,36.7271983,0,440,OFF,RETRACTED,AUTO
21:24:20,-13.57337426,37.99292807,0,445,OFF,RETRACTED,AUTO
21:24:20,-12.86045017,39.16178697,0,445,OFF,RETRACTED,AUTO
21:24:20,-12.01644811,40.23079474,0,440,OFF,RETRACTED,AUTO
21:24:20,-11.04997043,41.19722573,0,432,OFF,RETRACTED,AUTO
21:24:20,-9.97086779,42.05861582,0,424,OFF,RETRACTED,AUTO
21:24:20,-8.790138765,42.81276872,0,415,OFF,RETRACTED,AUTO
21:24:20,-7.519817734,43.45776156,0,415,OFF,RETRACTED,AUTO
21:24:20,-6.172852229,43.99194979,0,422,OFF,RETRACTED,AUTO
21:24:21,-4.76297097,44.4139714,0,428,OFF,RETRACTED,AUTO
21:24:21,-3.304543933,44.72275034,0,436,OFF,RETRACTED,AUTO
21:24:21,-1.81243589,44.91749933,0,441,OFF,RETRACTED,AUTO
21:24:21,-0.3018549,44.9977218,0,446,OFF,RETRACTED,AUTO
21:24:21,1.211802695,44.96321322,0,442,OFF,RETRACTED,AUTO
21:24:21,2.713109196,44.81406158,0,438,OFF,RETRACTED,AUTO
21:24:21,4.186762789,44.55064716,0,429,OFF,RETRACTED,AUTO
21:24:21,5.617743509,44.17364159,0,422,OFF,RETRACTED,AUTO
21:24:21,6.991466326,43.68400614,0,415,OFF,RETRACTED,AUTO
21:24:21,8.293929803,43.08298922,0,415,OFF,RETRACTED,AUTO
21:24:22,9.5118588,42.37212326,0,423,OFF,RETRACTED,AUTO
21:24:22,10.63283978,41.55322075,0,429,OFF,RETRACTED,AUTO
21:24:22,11.64544734,40.62836966,0,437,OFF,RETRACTED,AUTO
21:24:22,12.53936064,39.59992809,0,442,OFF,RETRACTED,AUTO
21:24:22,13.30546862,38.47051826,0,446,OFF,RETRACTED,AUTO
21:24:22,13.93596286,37.24301984,0,441,OFF,RETRACTED,AUTO
21:24:22,14.42441714,35.9205626,0,436,OFF,RETRACTED,AUTO
21:24:22,14.765853,34.5065184,0,427,OFF,RETRACTED,AUTO
21:24:22,14.95679038,33.00449266,0,417,OFF,RETRACTED,AUTO
21:24:22,14.99528321,31.4183151,0,414,OFF,RETRACTED,AUTO
21:24:23,14.88093914,29.75203,0,416,OFF,RETRACTED,AUTO
21:24:23,14.61492361,28.00988592,0,426,OFF,RETRACTED,AUTO
21:24:23,14.19994793,26.1963248,0,433,OFF,RETRACTED,AUTO
21:24:23,13.64024169,24.3159707,0,439,OFF,RETRACTED,AUTO
21:24:23,12.94150958,22.37361798,0,442,OFF,RETRACTED,AUTO
21:24:23,12.11087332,20.37421906,0,446,OFF,RETRACTED,AUTO
21:24:23,11.15679903,18.32287183,0,440,OFF,RETRACTED,AUTO
21:24:23,10.08901094,16.22480663,0,434,OFF,RETRACTED,AUTO
21:24:23,8.918392317,14.0853729,0,426,OFF,RETRACTED,AUTO
21:24:23,7.656874483,11.91002559,0,415,OFF,RETRACTED,AUTO
21:24:24,6.317315247,9.704311188,0,415,OFF,RETRACTED,AUTO
21:24:24,4.913367843,7.473853627,0,417,OFF,RETRACTED,AUTO
21:24:24,3.459341765,5.22433992,0,427,OFF,RETRACTED,AUTO
21:24:24,1.970056931,2.961505672,0,434,OFF,RETRACTED,AUTO
21:24:24,0.460692623,0.691120449,0,440,OFF,RETRACTED,AUTO
21:24:24,-1.053367216,-1.58102693,0,446,OFF,RETRACTED,AUTO
21:24:24,-2.556690788,-3.849143151,0,444,OFF,RETRACTED,AUTO
21:24:24,-4.03395572,-6.107445181,0,439,OFF,RETRACTED,AUTO
21:24:24,-5.470105239,-8.350175009,0,430,OFF,RETRACTED,AUTO
21:24:24,-6.850501634,-10.57161433,0,423,OFF,RETRACTED,AUTO
21:24:25,-8.161075447,-12.76609912,0,415,OFF,RETRACTED,AUTO
21:24:25,-9.388468875,-14.92803408,0,415,OFF,RETRACTED,AUTO
21:24:25,-10.52017192,-17.05190691,0,423,OFF,RETRACTED,AUTO
21:24:25,-11.54464989,-19.13230236,0,429,OFF,RETRACTED,AUTO
21:24:25,-12.45146096,-21.16391603,0,436,OFF,RETRACTED,AUTO
21:24:25,-13.23136261,-23.14156788,0,442,OFF,RETRACTED,AUTO
21:24:25,-13.87640584,-25.0602155,0,446,OFF,RETRACTED,AUTO
21:24:25,-14.38001614,-26.91496688,0,442,OFF,RETRACTED,AUTO
21:24:25,-14.73706055,-28.70109295,0,437,OFF,RETRACTED,AUTO
21:24:25,-14.94389996,-30.41403962,0,428,OFF,RETRACTED,AUTO
21:24:26,-14.9984262,-32.04943936,0,417,OFF,RETRACTED,AUTO
21:24:26,-14.9000835,-33.60312239,0,415,OFF,RETRACTED,AUTO
21:24:26,-14.64987422,-35.07112726,0,416,OFF,RETRACTED,AUTO
21:24:26,-14.25034856,-36.449711,0,424,OFF,RETRACTED,AUTO
21:24:26,-13.70557864,-37.73535862,0,430,OFF,RETRACTED,AUTO
21:24:26,-13.02111691,-38.92479209,0,438,OFF,RETRACTED,AUTO
21:24:26,-12.20393965,-40.0149787,0,442,OFF,RETRACTED,AUTO
21:24:26,-11.2623758,-41.0031388,0,446,OFF,RETRACTED,AUTO
21:24:26,-10.20602207,-41.88675287,0,441,OFF,RETRACTED,AUTO
21:24:26,-9.045645196,-42.66356794,0,435,OFF,RETRACTED,AUTO
21:24:27,-7.793072105,-43.33160338,0,427,OFF,RETRACTED,AUTO
21:24:27,-6.461069442,-43.88915587,0,416,OFF,RETRACTED,AUTO
21:24:27,-5.063213419,-44.33480383,0,415,OFF,RETRACTED,AUTO
21:24:27,-3.613751448,-44.66741098,0,417,OFF,RETRACTED,AUTO
21:24:27,-2.127456924,-44.88612927,0,427,OFF,RETRACTED,AUTO
21:24:27,-0.619478655,-44.99040104,0,434,OFF,RETRACTED,AUTO
21:24:27,0.894813545,-44.97996042,0,440,OFF,RETRACTED,AUTO
21:24:27,2.39998551,-44.85483403,0,446,OFF,RETRACTED,AUTO
21:24:27,3.880696027,-44.61534091,0,445,OFF,RETRACTED,AUTO
21:24:27,5.321853205,-44.26209169,0,440,OFF,RETRACTED,AUTO
21:24:28,6.708768292,-43.79598706,0,433,OFF,RETRACTED,AUTO
21:24:28,8.027305391,-43.21821545,0,424,OFF,RETRACTED,AUTO
21:24:28,9.264025534,-42.53025001,0,415,OFF,RETRACTED,AUTO
21:24:28,10.40632366,-41.73384485,0,415,OFF,RETRACTED,AUTO
21:24:28,11.44255709,-40.83103056,0,422,OFF,RETRACTED,AUTO
21:24:28,12.36216418,-39.82410907,0,428,OFF,RETRACTED,AUTO
21:24:28,13.15577201,-38.71564773,0,436,OFF,RETRACTED,AUTO
21:24:28,13.81529185,-37.50847279,0,441,OFF,RETRACTED,AUTO
21:24:28,14.33400165,-36.20566219,0,446,OFF,RETRACTED,AUTO
21:24:29,14.70661457,-34.81053772,0,442,OFF,RETRACTED,AUTO
21:24:29,14.92933279,-33.32665654,0,438,OFF,RETRACTED,AUTO
21:24:29,14.99988631,-31.75780212,0,430,OFF,RETRACTED,AUTO
21:24:29,14.91755603,-30.10797458,0,422,OFF,RETRACTED,AUTO
21:24:29,14.68318106,-28.38138048,0,415,OFF,RETRACTED,AUTO
21:24:29,14.29915026,-26.58242216,0,415,OFF,RETRACTED,AUTO
21:24:29,13.76937778,-24.71568642,0,423,OFF,RETRACTED,AUTO
21:24:29,13.09926323,-22.78593289,0,430,OFF,RETRACTED,AUTO
21:24:29,12.29563666,-20.79808189,0,437,OFF,RETRACTED,AUTO
21:24:29,11.36668889,-18.75720184,0,442,OFF,RETRACTED,AUTO
21:24:30,10.32188806,-16.66849642,0,446,OFF,RETRACTED,AUTO
21:24:30,9.171883125,-14.53729119,0,441,OFF,RETRACTED,AUTO
21:24:30,7.92839532,-12.36902011,0,437,OFF,RETRACTED,AUTO
21:24:30,6.604098684,-10.16921164,0,428,OFF,RETRACTED,AUTO
21:24:30,5.212490886,-7.94347465,0,417,OFF,RETRACTED,AUTO
21:24:30,3.767755655,-5.697484119,0,415,OFF,RETRACTED,AUTO
21:24:30,2.28461821,-3.436966667,0,416,OFF,RETRACTED,AUTO
21:24:30,0.77819518,-1.167685954,0,424,OFF,RETRACTED,AUTO
21:24:30,-0.736159474,1.104572018,0,432,OFF,RETRACTED,AUTO
21:24:30,-2.243010946,3.374013654,0,439,OFF,RETRACTED,AUTO
21:24:31,-3.727000908,5.634852539,0,444,OFF,RETRACTED,AUTO
21:24:31,-5.173004042,7.881324196,0,446,OFF,RETRACTED,AUTO
21:24:31,-6.566282205,10.10770078,0,441,OFF,RETRACTED,AUTO
21:24:31,-7.892634645,12.30830567,0,435,OFF,RETRACTED,AUTO
21:24:31,-9.138542739,14.47752798,0,426,OFF,RETRACTED,AUTO
21:24:31,-10.29130778,16.60983682,0,416,OFF,RETRACTED,AUTO
21:24:31,-11.3391804,18.69979542,0,415,OFF,RETRACTED,AUTO
21:24:31,-12.27148034,20.74207501,0,417,OFF,RETRACTED,AUTO
21:24:31,-13.07870528,22.73146836,0,427,OFF,RETRACTED,AUTO
21:24:31,-13.75262773,24.6629031,0,434,OFF,RETRACTED,AUTO
21:24:32,-14.28637884,26.53145463,0,440,OFF,RETRACTED,AUTO
21:24:32,-14.67451845,28.33235871,0,446,OFF,RETRACTED,AUTO
21:24:32,-14.9130905,30.06102354,0,446,OFF,RETRACTED,AUTO
21:24:32,-14.9996634,31.71304153,0,440,OFF,RETRACTED,AUTO
21:24:32,-14.93335475,33.28420053,0,433,OFF,RETRACTED,AUTO
21:24:32,-14.71484041,34.77049454,0,424,OFF,RETRACTED,AUTO
21:24:32,-14.34634754,36.16813393,0,415,OFF,RETRACTED,AUTO
21:24:32,-13.83163195,37.47355514,0,415,OFF,RETRACTED,AUTO
21:24:32,-13.17593978,38.68342973,0,421,OFF,RETRACTED,AUTO
21:24:32,-12.38595406,39.79467286,0,428,OFF,RETRACTED,AUTO
21:24:33,-11.46972661,40.80445119,0,436,OFF,RETRACTED,AUTO
21:24:33,-10.43659589,41.71019009,0,441,OFF,RETRACTED,AUTO
21:24:33,-9.297091938,42.50958017,0,446,OFF,RETRACTED,AUTO
21:24:33,-8.062828943,43.20058324,0,444,OFF,RETRACTED,AUTO
21:24:33,-6.746386924,43.78143744,0,439,OFF,RETRACTED,AUTO
21:24:33,-5.361183495,44.25066174,0,430,OFF,RETRACTED,AUTO
21:24:33,-3.921337108,44.60705978,0,423,OFF,RETRACTED,AUTO
21:24:33,-2.441523155,44.84972284,0,415,OFF,RETRACTED,AUTO
21:24:33,-0.936824388,44.9780322,0,415,OFF,RETRACTED,AUTO
21:24:33,0.577422803,44.99166071,0,423,OFF,RETRACTED,AUTO
21:24:34,2.085784709,44.89057362,0,429,OFF,RETRACTED,AUTO
21:24:34,3.572887607,44.67502867,0,437,OFF,RETRACTED,AUTO
21:24:34,5.023574451,44.34557544,0,442,OFF,RETRACTED,AUTO
21:24:34,6.42305936,43.90305393,0,446,OFF,RETRACTED,AUTO
21:24:34,7.757078321,43.34859246,0,442,OFF,RETRACTED,AUTO
21:24:34,9.012034569,42.68360473,0,437,OFF,RETRACTED,AUTO
21:24:34,10.17513718,41.90978627,0,429,OFF,RETRACTED,AUTO
21:24:34,11.23453141,41.02911009,0,422,OFF,RETRACTED,AUTO
21:24:34,12.17941959,40.04382166,0,415,OFF,RETRACTED,AUTO
21:24:34,13.00017108,38.95643317,0,415,OFF,RETRACTED,AUTO
21:24:35,13.68842053,37.76971715,0,424,OFF,RETRACTED,AUTO
21:24:35,14.23715305,36.48669938,0,430,OFF,RETRACTED,AUTO
21:24:35,14.6407758,35.11065118,0,438,OFF,RETRACTED,AUTO
21:24:35,14.89517491,33.64508106,0,442,OFF,RETRACTED,AUTO
21:24:35,14.99775747,32.09372581,0,446,OFF,RETRACTED,AUTO
21:24:35,14.94747791,30.46054093,0,441,OFF,RETRACTED,AUTO
21:24:35,14.74484871,28.74969057,0,436,OFF,RETRACTED,AUTO
21:24:35,14.39193512,26.96553688,0,427,OFF,RETRACTED,AUTO
21:24:35,13.89233416,25.11262895,0,417,OFF,RETRACTED,AUTO
21:24:35,13.25113794,23.19569114,0,415,OFF,RETRACTED,AUTO
21:24:36,12.47488172,21.2196111,0,416,OFF,RETRACTED,AUTO
21:24:36,11.57147738,19.18942724,0,426,OFF,RETRACTED,AUTO
21:24:36,10.55013271,17.11031594,0,433,OFF,RETRACTED,AUTO
21:24:36,9.421257588,14.98757834,0,439,OFF,RETRACTED,AUTO
21:24:36,8.19635789,12.82662678,0,444,OFF,RETRACTED,AUTO
21:24:36,6.887918198,10.63297107,0,446,OFF,RETRACTED,AUTO
21:24:36,5.509274562,8.41220439,0,440,OFF,RETRACTED,AUTO
21:24:36,4.074478575,6.169989042,0,434,OFF,RETRACTED,AUTO
21:24:36,2.598154152,3.912042024,0,426,OFF,RETRACTED,AUTO
21:24:36,1.095348482,1.644120441,0,416,OFF,RETRACTED,AUTO
21:24:37,-0.418621343,-0.62799317,0,415,OFF,RETRACTED,AUTO
21:24:37,-1.928324441,-2.898505581,0,418,OFF,RETRACTED,AUTO
21:24:37,-3.418373417,-5.161627649,0,427,OFF,RETRACTED,AUTO
21:24:37,-4.873581199,-7.411589074,0,434,OFF,RETRACTED,AUTO
21:24:37,-6.279115827,-9.64265311,0,440,OFF,RETRACTED,AUTO
21:24:37,-7.620651626,-11.8491312,0,446,OFF,RETRACTED,AUTO
21:24:37,-8.88451522,-14.02539746,0,445,OFF,RETRACTED,AUTO
21:24:37,-10.05782489,-16.16590305,0,440,OFF,RETRACTED,AUTO
21:24:37,-11.12862188,-18.2651903,0,433,OFF,RETRACTED,AUTO
21:24:37,-12.08599227,-20.31790666,0,424,OFF,RETRACTED,AUTO
21:24:38,-12.92017822,-22.31881828,0,415,OFF,RETRACTED,AUTO
21:24:38,-13.62267744,-24.26282344,0,415,OFF,RETRACTED,AUTO
21:24:38,-14.18632981,-26.14496547,0,422,OFF,RETRACTED,AUTO
21:24:38,-14.60539041,-27.96044548,0,428,OFF,RETRACTED,AUTO
21:24:38,-14.87558804,-29.70463452,0,436,OFF,RETRACTED,AUTO
21:24:38,-14.99416874,-31.3730854,0,441,OFF,RETRACTED,AUTO
21:24:38,-14.95992391,-32.96154408,0,446,OFF,RETRACTED,AUTO
21:24:38,-14.77320258,-34.46596045,0,444,OFF,RETRACTED,AUTO
21:24:38,-14.43590787,-35.88249867,0,439,OFF,RETRACTED,AUTO
21:24:39,-13.95147761,-37.20754701,0,430,OFF,RETRACTED,AUTO
21:24:39,-13.32484927,-38.43772695,0,423,OFF,RETRACTED,AUTO
21:24:39,-12.56240965,-39.56990192,0,415,OFF,RETRACTED,AUTO
21:24:39,-11.6719298,-40.60118519,0,415,OFF,RETRACTED,AUTO
21:24:39,-10.66248576,-41.52894729,0,423,OFF,RETRACTED,AUTO
21:24:39,-9.544366141,-42.35082269,0,429,OFF,RETRACTED,AUTO
21:24:39,-8.328967179,-43.06471586,0,437,OFF,RETRACTED,AUTO
21:24:39,-7.028676625,-43.66880658,0,442,OFF,RETRACTED,AUTO
21:24:39,-5.65674747,-44.16155459,0,446,OFF,RETRACTED,AUTO
21:24:39,-4.227162871,-44.54170353,0,442,OFF,RETRACTED,AUTO
21:24:40,-2.754493628,-44.80828413,0,437,OFF,RETRACTED,AUTO
21:24:40,-1.253749674,-44.96061669,0,428,OFF,RETRACTED,AUTO
21:24:40,0.259772913,-44.99831279,0,418,OFF,RETRACTED,AUTO
21:24:40,1.770647808,-44.92127634,0,415,OFF,RETRACTED,AUTO
21:24:40,3.263475674,-44.72970375,0,416,OFF,RETRACTED,AUTO
21:24:40,4.723041115,-44.42408347,0,424,OFF,RETRACTED,AUTO
21:24:40,6.134467756,-44.00519474,0,430,OFF,RETRACTED,AUTO
21:24:40,7.48336987,-43.47410562,0,439,OFF,RETRACTED,AUTO
21:24:40,8.755998999,-42.83217022,0,444,OFF,RETRACTED,AUTO
21:24:40,9.939384086,-42.08102528,0,446,OFF,RETRACTED,AUTO
21:24:41,11.02146368,-41.22258602,0,442,OFF,RETRACTED,AUTO
21:24:41,11.99120886,-40.2590412,0,437,OFF,RETRACTED,AUTO
21:24:41,12.83873567,-39.19284758,0,428,OFF,RETRACTED,AUTO
21:24:41,13.55540584,-38.02672363,0,418,OFF,RETRACTED,AUTO
21:24:41,14.13391481,-36.76364265,0,415,OFF,RETRACTED,AUTO
21:24:41,14.56836625,-35.40682511,0,418,OFF,RETRACTED,AUTO
21:24:41,14.85433207,-33.9597305,0,427,OFF,RETRACTED,AUTO
21:24:41,14.98889762,-32.42604849,0,434,OFF,RETRACTED,AUTO
21:24:41,14.97069136,-30.80968952,0,440,OFF,RETRACTED,AUTO
21:24:41,14.79989885,-29.11477484,0,446,OFF,RETRACTED,AUTO
21:24:42,14.47826087,-27.34562598,0,447,OFF,RETRACTED,AUTO
21:24:42,14.00905566,-25.50675376,0,441,OFF,RETRACTED,AUTO
21:24:42,13.39706552,-23.60284677,0,436,OFF,RETRACTED,AUTO
21:24:42,12.64852805,-21.6387594,0,427,OFF,RETRACTED,AUTO
21:24:42,11.77107258,-19.61949952,0,417,OFF,RETRACTED,AUTO
21:24:42,10.77364245,-17.55021564,0,416,OFF,RETRACTED,AUTO
21:24:42,9.666403786,-15.43618383,0,423,OFF,RETRACTED,AUTO
21:24:42,8.460641931,-13.28279427,0,428,OFF,RETRACTED,AUTO
21:24:42,7.168646411,-11.09553745,0,437,OFF,RETRACTED,AUTO
21:24:42,5.803585673,-8.879990252,0,442,OFF,RETRACTED,AUTO
21:24:43,4.379372866,-6.641801672,0,446,OFF,RETRACTED,AUTO
21:24:43,2.910524041,-4.386678437,0,446,OFF,RETRACTED,AUTO
21:24:43,1.412010191,-2.120370452,0,439,OFF,RETRACTED,AUTO
21:24:43,-0.100895335,0.151343859,0,433,OFF,RETRACTED,AUTO
21:24:43,-1.612772502,2.422672286,0,423,OFF,RETRACTED,AUTO
21:24:43,-3.108211758,4.687823607,0,415,OFF,RETRACTED,AUTO
21:24:43,-4.57197109,6.941022346,0,415,OFF,RETRACTED,AUTO
21:24:43,-5.989131378,9.176523505,0,422,OFF,RETRACTED,AUTO
21:24:43,-7.345248455,11.38862721,0,428,OFF,RETRACTED,AUTO
21:24:43,-8.626500327,13.57169324,0,437,OFF,RETRACTED,AUTO
21:24:44,-9.81982805,15.72015541,0,441,OFF,RETRACTED,AUTO
21:24:44,-10.91306883,17.82853577,0,446,OFF,RETRACTED,AUTO
21:24:44,-11.89508,19.89145858,0,442,OFF,RETRACTED,AUTO
21:24:44,-12.75585258,21.90366397,0,438,OFF,RETRACTED,AUTO
21:24:44,-13.48661328,23.86002141,0,429,OFF,RETRACTED,AUTO
21:24:44,-14.07991395,25.75554276,0,422,OFF,RETRACTED,AUTO
21:24:44,-14.52970747,27.585395,0,415,OFF,RETRACTED,AUTO
21:24:44,-14.8314094,29.34491254,0,416,OFF,RETRACTED,AUTO
21:24:44,-14.9819447,31.02960911,0,424,OFF,RETRACTED,AUTO
21:24:44,-14.97977905,32.63518924,0,430,OFF,RETRACTED,AUTO
21:24:45,-14.82493453,34.15755917,0,438,OFF,RETRACTED,AUTO
21:24:45,-14.51898936,35.59283729,0,442,OFF,RETRACTED,AUTO
21:24:45,-14.06506185,36.93736406,0,446,OFF,RETRACTED,AUTO
21:24:45,-13.46777857,38.18771134,0,441,OFF,RETRACTED,AUTO
21:24:45,-12.73322723,39.34069111,0,436,OFF,RETRACTED,AUTO
21:24:45,-11.86889462,40.3933636,0,427,OFF,RETRACTED,AUTO
21:24:45,-10.8835903,41.3430448,0,416,OFF,RETRACTED,AUTO
21:24:45,-9.787356828,42.18731331,0,415,OFF,RETRACTED,AUTO
21:24:45,-8.591367371,42.92401648,0,417,OFF,RETRACTED,AUTO
21:24:45,-7.307811852,43.55127595,0,427,OFF,RETRACTED,AUTO
21:24:46,-5.949772694,44.06749237,0,434,OFF,RETRACTED,AUTO
21:24:46,-4.531091481,44.47134956,0,440,OFF,RETRACTED,AUTO
21:24:46,-3.066227884,44.76181778,0,446,OFF,RETRACTED,AUTO
21:24:46,-1.570112276,44.93815644,0,446,OFF,RETRACTED,AUTO
21:24:46,-0.057993563,44.99991592,0,440,OFF,RETRACTED,AUTO
21:24:46,1.454716239,44.94693875,0,433,OFF,RETRACTED,AUTO
21:24:46,2.952599091,44.77936,0,424,OFF,RETRACTED,AUTO
21:24:46,4.420388075,44.49760697,0,415,OFF,RETRACTED,AUTO
21:24:46,5.843123,44.10239802,0,415,OFF,RETRACTED,AUTO
21:24:46,7.206302879,43.59474084,0,422,OFF,RETRACTED,AUTO
21:24:47,8.496033733,42.97592979,0,428,OFF,RETRACTED,AUTO
21:24:47,9.699170196,42.24754267,0,436,OFF,RETRACTED,AUTO
21:24:47,10.8034495,41.41143664,0,441,OFF,RETRACTED,AUTO
21:24:47,11.79761648,40.46974355,0,446,OFF,RETRACTED,AUTO
21:24:47,12.67153823,39.42486442,0,442,OFF,RETRACTED,AUTO
21:24:47,13.41630748,38.27946339,0,438,OFF,RETRACTED,AUTO
21:24:47,14.02433327,37.03646092,0,429,OFF,RETRACTED,AUTO
21:24:47,14.48941841,35.69902627,0,422,OFF,RETRACTED,AUTO
21:24:47,14.8068226,34.27056953,0,415,OFF,RETRACTED,AUTO
21:24:47,14.97331075,32.75473285,0,415,OFF,RETRACTED,AUTO
21:24:48,14.98718595,31.15538116,0,423,OFF,RETRACTED,AUTO
21:24:48,14.8483068,29.47659234,0,430,OFF,RETRACTED,AUTO
21:24:48,14.55808878,27.72264682,0,438,OFF,RETRACTED,AUTO
21:24:48,14.1194899,25.89801664,0,442,OFF,RETRACTED,AUTO
21:24:48,13.53698049,24.00735407,0,446,OFF,RETRACTED,AUTO
21:24:48,12.81649771,22.05547977,0,441,OFF,RETRACTED,AUTO
21:24:48,11.96538493,20.04737043,0,436,OFF,RETRACTED,AUTO
21:24:48,10.99231698,17.98814614,0,427,OFF,RETRACTED,AUTO
21:24:48,9.907211698,15.88305734,0,416,OFF,RETRACTED,AUTO
21:24:49,8.721128832,13.73747138,0,415,OFF,RETRACTED,AUTO
21:24:49,7.446157333,11.55685887,0,416,OFF,RETRACTED,AUTO
21:24:49,6.095292131,9.346779751,0,426,OFF,RETRACTED,AUTO
21:24:49,4.682301693,7.11286907,0,433,OFF,RETRACTED,AUTO
21:24:49,3.221587686,4.86082265,0,439,OFF,RETRACTED,AUTO
21:24:49,1.728038189,2.596382551,0,444,OFF,RETRACTED,AUTO
21:24:49,0.216875955,0.325322434,0,446,OFF,RETRACTED,AUTO
21:24:49,-1.296496751,-1.94656716,0,440,OFF,RETRACTED,AUTO
21:24:49,-2.796655132,-4.213493576,0,433,OFF,RETRACTED,AUTO
21:24:49,-4.268309078,-6.469676814,0,424,OFF,RETRACTED,AUTO
21:24:50,-5.696459004,-8.709364264,0,415,OFF,RETRACTED,AUTO
21:24:50,-7.066548733,-10.92684538,0,415,OFF,RETRACTED,AUTO
21:24:50,-8.364613856,-13.11646623,0,421,OFF,RETRACTED,AUTO
21:24:50,-9.577424065,-15.27264392,0,428,OFF,RETRACTED,AUTO
21:24:50,-10.69261799,-17.38988082,0,436,OFF,RETRACTED,AUTO
21:24:50,-11.69882922,-19.46277861,0,441,OFF,RETRACTED,AUTO
21:24:50,-12.5858021,-21.48605199,0,446,OFF,RETRACTED,AUTO
21:24:50,-13.34449632,-23.45454221,0,442,OFF,RETRACTED,AUTO
21:24:50,-13.96717901,-25.3632302,0,438,OFF,RETRACTED,AUTO
21:24:50,-14.44750359,-27.20724935,0,429,OFF,RETRACTED,AUTO
21:24:51,-14.78057442,-28.98189796,0,422,OFF,RETRACTED,AUTO
21:24:51,-14.96299675,-30.68265119,0,415,OFF,RETRACTED,AUTO
21:24:51,-14.99291125,-32.30517262,0,416,OFF,RETRACTED,AUTO
21:24:51,-14.87001304,-33.84532529,0,424,OFF,RETRACTED,AUTO
21:24:51,-14.59555473,-35.29918226,0,430,OFF,RETRACTED,AUTO
21:24:51,-14.17233368,-36.66303663,0,438,OFF,RETRACTED,AUTO
21:24:51,-13.60466352,-37.93341095,0,442,OFF,RETRACTED,AUTO
21:24:51,-12.89833013,-39.10706614,0,446,OFF,RETRACTED,AUTO
21:24:51,-12.06053268,-40.18100974,0,441,OFF,RETRACTED,AUTO
21:24:51,-11.09981028,-41.15250349,0,436,OFF,RETRACTED,AUTO
21:24:52,-10.02595495,-42.01907037,0,427,OFF,RETRACTED,AUTO
21:24:52,-8.849911754,-42.77850089,0,416,OFF,RETRACTED,AUTO
21:24:52,-7.58366733,-43.42885872,0,415,OFF,RETRACTED,AUTO
21:24:52,-6.240127657,-43.96848564,0,416,OFF,RETRACTED,AUTO
21:24:52,-4.832986536,-44.39600575,0,426,OFF,RETRACTED,AUTO
21:24:52,-3.376586015,-44.71032901,0,434,OFF,RETRACTED,AUTO
21:24:52,-1.885770211,-44.91065399,0,440,OFF,RETRACTED,AUTO
21:24:52,-0.375734012,-44.99646991,0,446,OFF,RETRACTED,AUTO
21:24:52,1.138131792,-44.96755796,0,445,OFF,RETRACTED,AUTO
21:24:52,2.64039738,-44.82399187,0,439,OFF,RETRACTED,AUTO
21:24:53,4.115751163,-44.56613769,0,430,OFF,RETRACTED,AUTO
21:24:53,5.549155847,-44.19465287,0,423,OFF,RETRACTED,AUTO
21:24:53,6.926001697,-43.71048458,0,415,OFF,RETRACTED,AUTO
21:24:53,8.232255443,-43.11486732,0,415,OFF,RETRACTED,AUTO
21:24:53,9.454603315,-42.40931974,0,423,OFF,RETRACTED,AUTO
21:24:53,10.58058674,-41.59564077,0,429,OFF,RETRACTED,AUTO
21:24:53,11.59872932,-40.67590505,0,437,OFF,RETRACTED,AUTO
21:24:53,12.4986538,-39.65245766,0,441,OFF,RETRACTED,AUTO
21:24:53,13.27118787,-38.52790807,0,446,OFF,RETRACTED,AUTO
21:24:53,13.90845759,-37.30512357,0,442,OFF,RETRACTED,AUTO
21:24:54,14.40396771,-35.98722189,0,437,OFF,RETRACTED,AUTO
21:24:54,14.75266782,-34.57756331,0,428,OFF,RETRACTED,AUTO
21:24:54,14.95100385,-33.07974203,0,417,OFF,RETRACTED,AUTO
21:24:54,14.99695429,-31.49757706,0,414,OFF,RETRACTED,AUTO
21:24:54,14.89005081,-29.83510247,0,416,OFF,RETRACTED,AUTO
21:24:54,14.631383,-28.09655708,0,426,OFF,RETRACTED,AUTO
21:24:54,14.22358729,-26.28637367,0,433,OFF,RETRACTED,AUTO
21:24:54,13.67082007,-24.40916768,0,439,OFF,RETRACTED,AUTO
21:24:54,12.97871532,-22.46972544,0,446,OFF,RETRACTED,AUTO
21:24:54,12.1543272,-20.47299195,0,446,OFF,RETRACTED,AUTO
21:24:55,11.20605815,-18.42405832,0,440,OFF,RETRACTED,AUTO
21:24:55,10.14357325,-16.32814872,0,433,OFF,RETRACTED,AUTO
21:24:55,8.977701686,-14.1906071,0,423,OFF,RETRACTED,AUTO
21:24:55,7.720326415,-12.01688358,0,415,OFF,RETRACTED,AUTO
21:24:55,6.38426302,-9.812520511,0,415,OFF,RETRACTED,AUTO
21:24:55,4.983129101,-7.583138381,0,423,OFF,RETRACTED,AUTO
21:24:55,3.53120548,-5.334421463,0,429,OFF,RETRACTED,AUTO
21:24:55,2.043290643,-3.072103327,0,437,OFF,RETRACTED,AUTO
21:24:55,0.534549911,-0.801952224,0,441,OFF,RETRACTED,AUTO
21:24:55,-0.979639131,1.470243623,0,446,OFF,RETRACTED,AUTO
21:24:56,-2.483843367,3.738690778,0,442,OFF,RETRACTED,AUTO
21:24:56,-3.962731448,5.997605362,0,437,OFF,RETRACTED,AUTO
21:24:56,-5.401230057,8.241227804,0,427,OFF,RETRACTED,AUTO
21:24:56,-6.784677541,10.46383752,0,416,OFF,RETRACTED,AUTO
21:24:56,-8.098973344,12.65976751,0,414,OFF,RETRACTED,AUTO
21:24:56,-9.330721727,14.82341878,0,416,OFF,RETRACTED,AUTO
21:24:56,-10.4673683,16.94927467,0,426,OFF,RETRACTED,AUTO
21:24:56,-11.497328,19.03191485,0,433,OFF,RETRACTED,AUTO
21:24:56,-12.41010311,21.0660292,0,440,OFF,RETRACTED,AUTO
21:24:56,-13.19639035,23.04643133,0,445,OFF,RETRACTED,AUTO
21:24:57,-13.8481756,24.96807179,0,446,OFF,RETRACTED,AUTO
21:24:57,-14.35881566,26.82605096,0,439,OFF,RETRACTED,AUTO
21:24:57,-14.72310592,28.61563152,0,432,OFF,RETRACTED,AUTO
21:24:57,-14.9373334,30.33225058,0,423,OFF,RETRACTED,AUTO
21:24:57,-14.99931463,31.97153126,0,415,OFF,RETRACTED,AUTO
21:24:57,-14.90841788,33.52929387,0,415,OFF,RETRACTED,AUTO
21:24:57,-14.66556959,35.00156656,0,423,OFF,RETRACTED,AUTO
21:24:57,-14.27324497,36.38459548,0,429,OFF,RETRACTED,AUTO
21:24:57,-13.7354427,37.6748543,0,437,OFF,RETRACTED,AUTO
21:24:57,-13.05764425,38.86905324,0,442,OFF,RETRACTED,AUTO
21:24:58,-12.24675796,39.96414744,0,446,OFF,RETRACTED,AUTO
21:24:58,-11.31104866,40.95734473,0,441,OFF,RETRACTED,AUTO
21:24:58,-10.26005341,41.84611276,0,436,OFF,RETRACTED,AUTO
21:24:58,-9.104484292,42.62818541,0,427,OFF,RETRACTED,AUTO
21:24:58,-7.856119255,43.30156863,0,416,OFF,RETRACTED,AUTO
21:24:58,-6.527682048,43.86454549,0,415,OFF,RETRACTED,AUTO
21:24:58,-5.132712544,44.31568057,0,417,OFF,RETRACTED,AUTO
21:24:58,-3.685428733,44.6538236,0,427,OFF,RETRACTED,AUTO
21:24:58,-2.200581811,44.87811241,0,434,OFF,RETRACTED,AUTO
21:24:59,-0.693305831,44.98797514,0,440,OFF,RETRACTED,AUTO
21:24:59,0.821036551,44.98313167,0,446,OFF,RETRACTED,AUTO
21:24:59,2.327010658,44.86359435,0,442,OFF,RETRACTED,AUTO
21:24:59,3.809267101,44.62966795,0,438,OFF,RETRACTED,AUTO
21:24:59,5.252698231,44.28194893,0,429,OFF,RETRACTED,AUTO
21:24:59,6.642592122,43.82132387,0,422,OFF,RETRACTED,AUTO
21:24:59,7.964782513,43.24896723,0,415,OFF,RETRACTED,AUTO
21:24:59,9.205793202,42.56633834,0,415,OFF,RETRACTED,AUTO
21:24:59,10.3529754,41.77517772,0,424,OFF,RETRACTED,AUTO
21:24:59,11.39463664,40.87750259,0,430,OFF,RETRACTED,AUTO
21:25:00,12.32015997,39.87560177,0,438,OFF,RETRACTED,AUTO
21:25:00,13.12011215,38.7720298,0,442,OFF,RETRACTED,AUTO
21:25:00,13.7863398,37.56960047,0,445,OFF,RETRACTED,AUTO
21:25:00,14.31205251,36.27137963,0,440,OFF,RETRACTED,AUTO
21:25:00,14.69189203,34.88067736,0,433,OFF,RETRACTED,AUTO
21:25:00,14.92198693,33.40103955,0,424,OFF,RETRACTED,AUTO
21:25:00,14.99999199,31.83623883,0,415,OFF,RETRACTED,AUTO
21:25:00,14.92511217,30.190265,0,415,OFF,RETRACTED,AUTO
21:25:00,14.69811066,28.46731481,0,422,OFF,RETRACTED,AUTO
21:25:00,14.32130114,26.67178128,0,428,OFF,RETRACTED,AUTO
21:25:01,13.79852417,24.80824249,0,437,OFF,RETRACTED,AUTO
21:25:01,13.13510807,22.88144993,0,441,OFF,RETRACTED,AUTO
21:25:01,12.3378146,20.89631635,0,446,OFF,RETRACTED,AUTO
21:25:01,11.41477004,18.85790326,0,442,OFF,RETRACTED,AUTO
21:25:01,10.37538236,16.77140802,0,437,OFF,RETRACTED,AUTO
21:25:01,9.230245344,14.64215059,0,427,OFF,RETRACTED,AUTO
21:25:01,7.991030612,12.47555995,0,416,OFF,RETRACTED,AUTO
21:25:01,6.670368649,10.27716027,0,415,OFF,RETRACTED,AUTO
21:25:01,5.281720079,8.05255684,0,417,OFF,RETRACTED,AUTO
21:25:01,3.839238468,5.807421736,0,427,OFF,RETRACTED,AUTO
21:25:02,2.357626067,3.547479403,0,434,OFF,RETRACTED,AUTO
21:25:02,0.851983961,1.278492032,0,441,OFF,RETRACTED,AUTO
21:25:02,-0.662341849,-0.993755119,0,446,OFF,RETRACTED,AUTO
21:25:02,-2.169916851,-3.263468486,0,444,OFF,RETRACTED,AUTO
21:25:02,-3.655375341,-5.52486096,0,438,OFF,RETRACTED,AUTO
21:25:02,-5.103577036,-7.772166652,0,429,OFF,RETRACTED,AUTO
21:25:02,-6.499761382,-9.999655588,0,420,OFF,RETRACTED,AUTO
21:25:02,-7.829698008,-12.20164832,0,414,OFF,RETRACTED,AUTO
21:25:02,-9.079831758,-14.37253041,0,416,OFF,RETRACTED,AUTO
21:25:02,-10.23742085,-16.50676675,0,424,OFF,RETRACTED,AUTO
21:25:03,-11.29066677,-18.59891565,0,433,OFF,RETRACTED,AUTO
21:25:03,-12.22883446,-20.64364274,0,439,OFF,RETRACTED,AUTO
21:25:03,-13.04236183,-22.63573457,0,442,OFF,RETRACTED,AUTO
21:25:03,-13.72295712,-24.57011189,0,445,OFF,RETRACTED,AUTO
21:25:03,-14.26368349,-26.44184259,0,439,OFF,RETRACTED,AUTO
21:25:03,-14.65902967,-28.24615432,0,430,OFF,RETRACTED,AUTO
21:25:03,-14.90496617,-29.9784466,0,423,OFF,RETRACTED,AUTO
21:25:03,-14.99898631,-31.63430259,0,415,OFF,RETRACTED,AUTO
21:25:03,-14.94013182,-33.20950034,0,415,OFF,RETRACTED,AUTO
21:25:03,-14.72900255,-34.70002356,0,423,OFF,RETRACTED,AUTO
21:25:04,-14.36775041,-36.10207186,0,429,OFF,RETRACTED,AUTO
21:25:04,-13.8600574,-37.41207041,0,438,OFF,RETRACTED,AUTO
21:25:04,-13.21109809,-38.6266791,0,442,OFF,RETRACTED,AUTO
21:25:04,-12.4274869,-39.74280104,0,446,OFF,RETRACTED,AUTO
21:25:04,-11.51721064,-40.75759043,0,440,OFF,RETRACTED,AUTO
21:25:04,-10.48954716,-41.66845987,0,434,OFF,RETRACTED,AUTO
21:25:04,-9.354970733,-42.4730869,0,424,OFF,RETRACTED,AUTO
21:25:04,-8.12504535,-43.16941996,0,415,OFF,RETRACTED,AUTO
21:25:04,-6.812306812,-43.7556836,0,415,OFF,RETRACTED,AUTO
21:25:04,-5.430134988,-44.23038302,0,422,OFF,RETRACTED,AUTO
21:25:05,-3.992617428,-44.59230788,0,428,OFF,RETRACTED,AUTO
21:25:05,-2.51440579,-44.84053537,0,437,OFF,RETRACTED,AUTO
21:25:05,-1.010566494,-44.97443258,0,442,OFF,RETRACTED,AUTO
21:25:05,0.503572829,-44.99365813,0,446,OFF,RETRACTED,AUTO
21:25:05,2.012579572,-44.89816297,0,441,OFF,RETRACTED,AUTO
21:25:05,3.501073437,-44.68819062,0,436,OFF,RETRACTED,AUTO
21:25:05,4.953883202,-44.36427642,0,426,OFF,RETRACTED,AUTO
21:25:05,6.356201348,-43.92724626,0,416,OFF,RETRACTED,AUTO
21:25:05,7.693734985,-43.37821446,0,415,OFF,RETRACTED,AUTO
21:25:05,8.952851526,-42.71858087,0,417,OFF,RETRACTED,AUTO
21:25:06,10.12071764,-41.95002737,0,427,OFF,RETRACTED,AUTO
21:25:06,11.18543005,-41.07451354,0,436,OFF,RETRACTED,AUTO
21:25:06,12.13613684,-40.0942717,0,441,OFF,RETRACTED,AUTO
21:25:06,12.96314811,-39.01180117,0,446,OFF,RETRACTED,AUTO
21:25:06,13.65803469,-37.82986194,0,442,OFF,RETRACTED,AUTO
21:25:06,14.21371404,-36.5514676,0,437,OFF,RETRACTED,AUTO
21:25:06,14.62452252,-35.17987769,0,428,OFF,RETRACTED,AUTO
21:25:06,14.88627302,-33.71858936,0,416,OFF,RETRACTED,AUTO
21:25:06,14.99629769,-32.17132847,0,414,OFF,RETRACTED,AUTO
21:25:06,14.95347513,-30.54204009,0,416,OFF,RETRACTED,AUTO
21:25:07,14.7582418,-28.83487842,0,427,OFF,RETRACTED,AUTO
21:25:07,14.41258758,-27.05419623,0,434,OFF,RETRACTED,AUTO
21:25:07,13.92003549,-25.20453374,0,440,OFF,RETRACTED,AUTO
21:25:07,13.28560579,-23.29060705,0,446,OFF,RETRACTED,AUTO
21:25:07,12.51576479,-21.3172961,0,442,OFF,RETRACTED,AUTO
21:25:07,11.61835897,-19.28963228,0,437,OFF,RETRACTED,AUTO
21:25:07,10.60253499,-17.21278552,0,429,OFF,RETRACTED,AUTO
21:25:07,9.478646464,-15.09205118,0,417,OFF,RETRACTED,AUTO
21:25:07,8.258148431,-12.93283652,0,414,OFF,RETRACTED,AUTO
21:25:07,6.953480613,-10.74064691,0,416,OFF,RETRACTED,AUTO
21:25:08,5.577940618,-8.521071775,0,426,OFF,RETRACTED,AUTO
21:25:08,4.145548404,-6.279770398,0,434,OFF,RETRACTED,AUTO
21:25:08,2.670903388,-4.02245744,0,440,OFF,RETRACTED,AUTO
21:25:08,1.16903564,-1.75488839,0,445,OFF,RETRACTED,AUTO
21:25:08,-0.344747307,0.517155113,0,442,OFF,RETRACTED,AUTO
21:25:08,-1.855016475,2.787880022,0,438,OFF,RETRACTED,AUTO
21:25:08,-3.346378701,5.051496651,0,429,OFF,RETRACTED,AUTO
21:25:08,-4.803633526,7.302233437,0,418,OFF,RETRACTED,AUTO
21:25:08,-6.211928128,9.534351661,0,414,OFF,RETRACTED,AUTO
21:25:09,-7.5569087,11.74216007,0,416,OFF,RETRACTED,AUTO
21:25:09,-8.824866755,13.9200294,0,426,OFF,RETRACTED,AUTO
21:25:09,-10.00287885,16.06240672,0,433,OFF,RETRACTED,AUTO
21:25:09,-11.07893828,18.16382959,0,440,OFF,RETRACTED,AUTO
21:25:09,-12.04207751,20.21894,0,445,OFF,RETRACTED,AUTO
21:25:09,-12.88247989,22.22249801,0,444,OFF,RETRACTED,AUTO
21:25:09,-13.59157977,24.16939514,0,438,OFF,RETRACTED,AUTO
21:25:09,-14.16214977,26.05466737,0,430,OFF,RETRACTED,AUTO
21:25:09,-14.58837445,27.8735078,0,422,OFF,RETRACTED,AUTO
21:25:09,-14.86590958,29.62127893,0,415,OFF,RETRACTED,AUTO
21:25:10,-14.99192644,31.29352444,0,415,OFF,RETRACTED,AUTO
21:25:10,-14.96514061,32.8859806,0,424,OFF,RETRACTED,AUTO
21:25:10,-14.78582512,34.39458711,0,433,OFF,RETRACTED,AUTO
21:25:10,-14.4558076,35.81549747,0,439,OFF,RETRACTED,AUTO
21:25:10,-13.9784517,37.14508876,0,444,OFF,RETRACTED,AUTO
21:25:10,-13.35862279,38.37997092,0,445,OFF,RETRACTED,AUTO
21:25:10,-12.60263837,39.51699536,0,439,OFF,RETRACTED,AUTO
21:25:10,-11.71820369,40.55326299,0,430,OFF,RETRACTED,AUTO
21:25:10,-10.71433319,41.48613165,0,422,OFF,RETRACTED,AUTO
21:25:10,-9.601258659,42.31322278,0,415,OFF,RETRACTED,AUTO
21:25:11,-8.39032492,43.03242754,0,416,OFF,RETRACTED,AUTO
21:25:11,-7.09387421,43.64191218,0,424,OFF,RETRACTED,AUTO
21:25:11,-5.725120385,44.14012268,0,432,OFF,RETRACTED,AUTO
21:25:11,-4.298014236,44.52578876,0,439,OFF,RETRACTED,AUTO
21:25:11,-2.827101302,44.79792707,0,444,OFF,RETRACTED,AUTO
21:25:11,-1.327373615,44.95584375,0,446,OFF,RETRACTED,AUTO
21:25:11,0.185883103,44.99913615,0,439,OFF,RETRACTED,AUTO
21:25:11,1.69724524,44.92769388,0,430,OFF,RETRACTED,AUTO
21:25:11,3.19130849,44.74169912,0,423,OFF,RETRACTED,AUTO
21:25:11,4.652844868,44.44162608,0,415,OFF,RETRACTED,AUTO
21:25:12,6.066957909,44.02823988,0,415,OFF,RETRACTED,AUTO
21:25:12,7.419234505,43.50259451,0,424,OFF,RETRACTED,AUTO
21:25:12,8.695891806,42.86603023,0,430,OFF,RETRACTED,AUTO
21:25:12,9.883917697,42.12017008,0,439,OFF,RETRACTED,AUTO
21:25:12,10.97120342,41.2669158,0,444,OFF,RETRACTED,AUTO
21:25:12,11.94666701,40.30844293,0,445,OFF,RETRACTED,AUTO
21:25:12,12.80036621,39.24719529,0,440,OFF,RETRACTED,AUTO
21:25:12,13.52359984,38.08587877,0,430,OFF,RETRACTED,AUTO
21:25:12,14.10899646,36.82745437,0,423,OFF,RETRACTED,AUTO
21:25:12,14.55058951,35.47513072,0,415,OFF,RETRACTED,AUTO
21:25:13,14.84387814,34.03235584,0,415,OFF,RETRACTED,AUTO
21:25:13,14.98587304,32.50280839,0,424,OFF,RETRACTED,AUTO
21:25:13,14.97512696,30.89038826,0,430,OFF,RETRACTED,AUTO
21:25:13,14.81174943,29.19920667,0,439,OFF,RETRACTED,AUTO
21:25:13,14.49740564,27.43357562,0,444,OFF,RETRACTED,AUTO
21:25:13,14.03529949,25.59799696,0,445,OFF,RETRACTED,AUTO
21:25:13,13.43014091,23.69715088,0,439,OFF,RETRACTED,AUTO
21:25:13,12.6880979,21.73588399,0,430,OFF,RETRACTED,AUTO
21:25:13,11.81673358,19.71919693,0,423,OFF,RETRACTED,AUTO
21:25:13,10.8249292,17.65223169,0,415,OFF,RETRACTED,AUTO
21:25:14,9.722793562,15.5402584,0,415,OFF,RETRACTED,AUTO
21:25:14,8.521559988,13.38866199,0,424,OFF,RETRACTED,AUTO
21:25:14,7.233471852,11.2029284,0,430,OFF,RETRACTED,AUTO
21:25:14,5.871657775,8.988630618,0,439,OFF,RETRACTED,AUTO
21:25:14,4.449997816,6.751414449,0,442,OFF,RETRACTED,AUTO
21:25:14,2.982982006,4.496984145,0,446,OFF,RETRACTED,AUTO
21:25:14,1.485562655,2.231087843,0,440,OFF,RETRACTED,AUTO
21:25:14,-0.026998043,-0.040497081,0,430,OFF,RETRACTED,AUTO
21:25:14,-1.539283568,-2.311978749,0,423,OFF,RETRACTED,AUTO
21:25:14,-3.035880204,-4.577565546,0,414,OFF,RETRACTED,AUTO
21:25:15,-4.501534144,-6.831480888,0,416,OFF,RETRACTED,AUTO
21:25:15,-5.921306957,-9.067977948,0,424,OFF,RETRACTED,AUTO
21:25:15,-7.280727848,-11.28135431,0,430,OFF,RETRACTED,AUTO
21:25:15,-8.565941149,-13.46596651,0,439,OFF,RETRACTED,AUTO
21:25:15,-9.76384754,-15.61624443,0,445,OFF,RETRACTED,AUTO
21:25:15,-10.86223756,-17.72670549,0,446,OFF,RETRACTED,AUTO
21:25:15,-11.84991606,-19.79196862,0,439,OFF,RETRACTED,AUTO
21:25:15,-12.71681629,-21.80676801,0,430,OFF,RETRACTED,AUTO
21:25:15,-13.45410252,-23.76596651,0,422,OFF,RETRACTED,AUTO
21:25:15,-14.05426007,-25.66456873,0,415,OFF,RETRACTED,AUTO
21:25:16,-14.51117196,-27.49773379,0,415,OFF,RETRACTED,AUTO
21:25:16,-14.82018117,-29.26078766,0,425,OFF,RETRACTED,AUTO
21:25:16,-14.97813818,-30.94923506,0,433,OFF,RETRACTED,AUTO
21:25:16,-14.98343305,-32.55877095,0,440,OFF,RETRACTED,AUTO
21:25:16,-14.83601181,-34.08529148,0,445,OFF,RETRACTED,AUTO
21:25:16,-14.53737702,-35.52490446,0,444,OFF,RETRACTED,AUTO
21:25:16,-14.09057247,-36.87393931,0,439,OFF,RETRACTED,AUTO
21:25:16,-13.50015213,-38.12895638,0,430,OFF,RETRACTED,AUTO
21:25:16,-12.77213377,-39.28675574,0,422,OFF,RETRACTED,AUTO
21:25:16,-11.9139376,-40.34438535,0,415,OFF,RETRACTED,AUTO
21:25:17,-10.93431063,-41.29914855,0,416,OFF,RETRACTED,AUTO
21:25:17,-9.843237536,-42.14861097,0,426,OFF,RETRACTED,AUTO
21:25:17,-8.651838909,-42.89060675,0,433,OFF,RETRACTED,AUTO
21:25:17,-7.372257874,-43.523244,0,440,OFF,RETRACTED,AUTO
21:25:17,-6.017536345,-44.04490968,0,445,OFF,RETRACTED,AUTO
21:25:17,-4.601482092,-44.4542737,0,444,OFF,RETRACTED,AUTO
21:25:17,-3.138528009,-44.7502923,0,438,OFF,RETRACTED,AUTO
21:25:17,-1.64358501,-44.93221072,0,429,OFF,RETRACTED,AUTO
21:25:17,-0.131890047,-44.99956511,0,418,OFF,RETRACTED,AUTO
21:25:17,1.381149183,-44.95218376,0,415,OFF,RETRACTED,AUTO
21:25:18,2.880111283,-44.79018746,0,416,OFF,RETRACTED,AUTO
21:25:18,4.349718334,-44.51398926,0,426,OFF,RETRACTED,AUTO
21:25:18,5.774991616,-44.12429338,0,433,OFF,RETRACTED,AUTO
21:25:18,7.14140427,-43.62209343,0,440,OFF,RETRACTED,AUTO
21:25:18,8.435029366,-43.00866988,0,446,OFF,RETRACTED,AUTO
21:25:18,9.642681848,-42.28558677,0,444,OFF,RETRACTED,AUTO
21:25:18,10.75205292,-41.45468777,0,438,OFF,RETRACTED,AUTO
21:25:18,11.75183551,-40.51809141,0,429,OFF,RETRACTED,AUTO
21:25:18,12.6318395,-39.47818575,0,417,OFF,RETRACTED,AUTO
21:25:19,13.3830956,-38.33762224,0,414,OFF,RETRACTED,AUTO
21:25:19,13.99794675,-37.09930899,0,416,OFF,RETRACTED,AUTO
21:25:19,14.4701262,-35.76640333,0,426,OFF,RETRACTED,AUTO
21:25:19,14.79482132,-34.34230378,0,433,OFF,RETRACTED,AUTO
21:25:19,14.96872273,-32.83064138,0,440,OFF,RETRACTED,AUTO
21:25:19,14.99005795,-31.23527043,0,446,OFF,RETRACTED,AUTO
21:25:19,14.85860954,-29.56025866,0,442,OFF,RETRACTED,AUTO
21:25:19,14.57571726,-27.80987687,0,438,OFF,RETRACTED,AUTO
21:25:19,14.14426444,-25.988588,0,429,OFF,RETRACTED,AUTO
21:25:19,13.56864859,-24.10103582,0,417,OFF,RETRACTED,AUTO
21:25:20,12.85473658,-22.15203304,0,415,OFF,RETRACTED,AUTO
21:25:20,12.00980483,-20.14654903,0,416,OFF,RETRACTED,AUTO
21:25:20,11.04246518,-18.08969721,0,426,OFF,RETRACTED,AUTO
21:25:20,9.962577067,-15.98672195,0,434,OFF,RETRACTED,AUTO
21:25:20,8.781147066,-13.84298521,0,440,OFF,RETRACTED,AUTO
21:25:20,7.510216706,-11.66395289,0,446,OFF,RETRACTED,AUTO
21:25:20,6.162739729,-9.455180907,0,442,OFF,RETRACTED,AUTO
21:25:20,4.752450067,-7.222300969,0,438,OFF,RETRACTED,AUTO
21:25:20,3.29372186,-4.971006273,0,428,OFF,RETRACTED,AUTO
21:25:20,1.801422949,-2.707036961,0,417,OFF,RETRACTED,AUTO
21:25:21,0.290763338,-0.436165496,0,415,OFF,RETRACTED,AUTO
21:25:21,-1.222859829,1.835818065,0,416,OFF,RETRACTED,AUTO
21:25:21,-2.724019203,4.103120825,0,426,OFF,RETRACTED,AUTO
21:25:21,-4.197414472,6.359961824,0,434,OFF,RETRACTED,AUTO
21:25:21,-5.628028301,8.600586778,0,441,OFF,RETRACTED,AUTO
21:25:21,-7.001279402,10.81928275,0,446,OFF,RETRACTED,AUTO
21:25:21,-8.303171144,13.0103927,0,442,OFF,RETRACTED,AUTO
21:25:21,-9.520434216,15.16832996,0,437,OFF,RETRACTED,AUTO
21:25:21,-10.64066187,17.28759239,0,428,OFF,RETRACTED,AUTO
21:25:21,-11.65243637,19.36277652,0,417,OFF,RETRACTED,AUTO
21:25:22,-12.54544538,21.38859122,0,414,OFF,RETRACTED,AUTO
21:25:22,-13.31058706,23.35987125,0,416,OFF,RETRACTED,AUTO
21:25:22,-13.94006282,25.27159044,0,427,OFF,RETRACTED,AUTO
21:25:22,-14.42745684,27.11887444,0,434,OFF,RETRACTED,AUTO
21:25:22,-14.76780145,28.89701323,0,440,OFF,RETRACTED,AUTO
21:25:22,-14.95762773,30.60147308,0,446,OFF,RETRACTED,AUTO
21:25:22,-14.99500092,32.2279081,0,442,OFF,RETRACTED,AUTO
21:25:22,-14.87954009,33.77217136,0,437,OFF,RETRACTED,AUTO
21:25:22,-14.61242205,35.23032545,0,428,OFF,RETRACTED,AUTO
21:25:22,-14.19636938,36.59865249,0,416,OFF,RETRACTED,AUTO
21:25:23,-13.6356226,37.87366365,0,415,OFF,RETRACTED,AUTO
21:25:23,-12.93589704,39.05210803,0,417,OFF,RETRACTED,AUTO
21:25:23,-12.10432453,40.13098093,0,427,OFF,RETRACTED,AUTO
21:25:23,-11.14938074,41.10753155,0,434,OFF,RETRACTED,AUTO
21:25:23,-10.08079876,41.97926996,0,440,OFF,RETRACTED,AUTO
21:25:23,-8.909469949,42.74397349,0,446,OFF,RETRACTED,AUTO
21:25:23,-7.647332866,43.39969236,0,442,OFF,RETRACTED,AUTO
21:25:23,-6.307251633,43.94475469,0,437,OFF,RETRACTED,AUTO
21:25:23,-4.902884801,44.37777072,0,428,OFF,RETRACTED,AUTO
21:25:23,-3.448546144,44.6976364,0,417,OFF,RETRACTED,AUTO
21:25:24,-1.959058762,44.90353615,0,415,OFF,RETRACTED,AUTO
21:25:24,-0.449604005,44.99494499,0,416,OFF,RETRACTED,AUTO
21:25:24,1.064433266,44.97162985,0,427,OFF,RETRACTED,AUTO
21:25:24,2.56762148,44.83365019,0,434,OFF,RETRACTED,AUTO
21:25:24,4.044639645,44.58135781,0,440,OFF,RETRACTED,AUTO
21:25:24,5.480433504,44.21539599,0,446,OFF,RETRACTED,AUTO
21:25:24,6.860368969,43.73669781,0,442,OFF,RETRACTED,AUTO
21:25:24,8.17038128,43.14648382,0,437,OFF,RETRACTED,AUTO
21:25:24,9.39711836,42.44625889,0,428,OFF,RETRACTED,AUTO
21:25:24,10.5280769,41.63780839,0,417,OFF,RETRACTED,AUTO
21:25:25,11.55172978,40.72319364,0,414,OFF,RETRACTED,AUTO
21:25:25,12.45764362,39.70474663,0,417,OFF,RETRACTED,AUTO
21:25:25,13.23658502,38.58506411,0,427,OFF,RETRACTED,AUTO
21:25:25,13.88061476,37.36700094,0,434,OFF,RETRACTED,AUTO
21:25:25,14.38316868,36.05366283,0,440,OFF,RETRACTED,AUTO
21:25:25,14.73912458,34.6483984,0,446,OFF,RETRACTED,AUTO
21:25:25,14.94485444,33.15479067,0,442,OFF,RETRACTED,AUTO
21:25:25,14.9982614,31.5766479,0,438,OFF,RETRACTED,AUTO
21:25:25,14.8988011,29.9179939,0,428,OFF,RETRACTED,AUTO
21:25:25,14.64748729,28.18305775,0,417,OFF,RETRACTED,AUTO
21:25:26,14.24688144,26.37626303,0,415,OFF,RETRACTED,AUTO
21:25:26,13.70106665,24.50221654,0,416,OFF,RETRACTED,AUTO
21:25:26,13.01560605,22.56569655,0,427,OFF,RETRACTED,AUTO
21:25:26,12.19748608,20.57164063,0,434,OFF,RETRACTED,AUTO
21:25:26,11.2550453,18.52513302,0,440,OFF,RETRACTED,AUTO
21:25:26,10.19788936,16.43139173,0,446,OFF,RETRACTED,AUTO
21:25:26,9.036793161,14.29575519,0,442,OFF,RETRACTED,AUTO
21:25:26,7.78359097,12.12366865,0,438,OFF,RETRACTED,AUTO
21:25:26,6.451055842,9.920670294,0,429,OFF,RETRACTED,AUTO
21:25:26,5.052769416,7.692377124,0,417,OFF,RETRACTED,AUTO
21:25:27,3.60298349,5.444470638,0,414,OFF,RETRACTED,AUTO
21:25:27,2.116474763,3.182682341,0,416,OFF,RETRACTED,AUTO
21:25:27,0.608394225,0.912779133,0,426,OFF,RETRACTED,AUTO
21:25:27,-0.90588727,-1.359451395,0,433,OFF,RETRACTED,AUTO
21:25:27,-2.410935661,-3.628215719,0,440,OFF,RETRACTED,AUTO
21:25:27,-3.891410997,-5.887729152,0,446,OFF,RETRACTED,AUTO
21:25:27,-5.332223784,-8.132230595,0,442,OFF,RETRACTED,AUTO
21:25:27,-6.718688779,-10.35599722,0,438,OFF,RETRACTED,AUTO
21:25:27,-8.036674673,-12.55335908,0,429,OFF,RETRACTED,AUTO
21:25:27,-9.272748116,-14.71871354,0,422,OFF,RETRACTED,AUTO
21:25:28,-10.41431064,-16.84653958,0,415,OFF,RETRACTED,AUTO
21:25:28,-11.44972706,-18.93141185,0,416,OFF,RETRACTED,AUTO
21:25:28,-12.36844407,-20.96801456,0,426,OFF,RETRACTED,AUTO
21:25:28,-13.1610978,-22.95115495,0,433,OFF,RETRACTED,AUTO
21:25:28,-13.81960926,-24.87577659,0,440,OFF,RETRACTED,AUTO
21:25:28,-14.33726668,-26.73697227,0,446,OFF,RETRACTED,AUTO
21:25:28,-14.70879394,-28.52999647,0,446,OFF,RETRACTED,AUTO
21:25:28,-14.93040429,-30.25027751,0,440,OFF,RETRACTED,AUTO
21:25:28,-14.99983902,-31.89342917,0,430,OFF,RETRACTED,AUTO
21:25:29,-14.91639042,-33.4552619,0,423,OFF,RETRACTED,AUTO
21:25:29,-14.68090903,-34.93179348,0,415,OFF,RETRACTED,AUTO
21:25:29,-14.29579495,-36.31925918,0,415,OFF,RETRACTED,AUTO
21:25:29,-13.76497339,-37.61412137,0,424,OFF,RETRACTED,AUTO
21:25:29,-13.09385467,-38.81307854,0,430,OFF,RETRACTED,AUTO
21:25:29,-12.28927904,-39.91307369,0,438,OFF,RETRACTED,AUTO
21:25:29,-11.359447,-40.91130215,0,444,OFF,RETRACTED,AUTO
21:25:29,-10.31383572,-41.80521873,0,446,OFF,RETRACTED,AUTO
21:25:29,-9.163102415,-42.59254421,0,440,OFF,RETRACTED,AUTO
21:25:29,-7.918975731,-43.27127114,0,433,OFF,RETRACTED,AUTO
21:25:30,-6.594136222,-43.83966896,0,424,OFF,RETRACTED,AUTO
21:25:30,-5.202087094,-44.29628842,0,415,OFF,RETRACTED,AUTO
21:25:30,-3.75701657,-44.63996527,0,415,OFF,RETRACTED,AUTO
21:25:30,-2.273653289,-44.86982325,0,423,OFF,RETRACTED,AUTO
21:25:30,-0.76711618,-44.98527628,0,430,OFF,RETRACTED,AUTO
21:25:30,0.74723963,-44.98602998,0,438,OFF,RETRACTED,AUTO
21:25:30,2.253979327,-44.87208245,0,442,OFF,RETRACTED,AUTO
21:25:30,3.73774572,-44.6437242,0,446,OFF,RETRACTED,AUTO
21:25:30,5.183415771,-44.30153748,0,441,OFF,RETRACTED,AUTO
21:25:30,6.576254731,-43.84639478,0,434,OFF,RETRACTED,AUTO
21:25:31,7.902066324,-43.27945658,0,426,OFF,RETRACTED,AUTO
21:25:31,9.14733744,-42.60216839,0,416,OFF,RETRACTED,AUTO
21:25:31,10.29937586,-41.81625712,0,415,OFF,RETRACTED,AUTO
21:25:31,11.34643963,-40.92372659,0,422,OFF,RETRACTED,AUTO
21:25:31,12.27785674,-39.92685251,0,428,OFF,RETRACTED,AUTO
21:25:31,13.08413385,-38.82817661,0,437,OFF,RETRACTED,AUTO
21:25:31,13.75705315,-37.63050019,0,442,OFF,RETRACTED,AUTO
21:25:31,14.28975599,-36.33687699,0,446,OFF,RETRACTED,AUTO
21:25:31,14.67681292,-34.95060536,0,442,OFF,RETRACTED,AUTO
21:25:31,14.9142789,-33.47521988,0,437,OFF,RETRACTED,AUTO
21:25:32,14.99973361,-31.91448237,0,429,OFF,RETRACTED,AUTO
21:25:32,14.93230607,-30.27237225,0,422,OFF,RETRACTED,AUTO
21:25:32,14.71268352,-28.55307641,0,416,OFF,RETRACTED,AUTO
21:25:32,14.34310443,-26.76097857,0,422,OFF,RETRACTED,AUTO
21:25:32,13.82733566,-24.90064804,0,429,OFF,RETRACTED,AUTO
21:25:32,13.17063411,-22.97682813,0,437,OFF,RETRACTED,AUTO
21:25:32,12.37969309,-20.99442401,0,442,OFF,RETRACTED,AUTO
21:25:32,11.46257414,-18.95849025,0,447,OFF,RETRACTED,AUTO
21:25:32,10.42862484,-16.87421786,0,447,OFF,RETRACTED,AUTO
21:25:32,9.288383539,-14.74692115,0,440,OFF,RETRACTED,AUTO
21:25:33,8.053471956,-12.58202409,0,433,OFF,RETRACTED,AUTO
21:25:33,6.736476719,-10.38504655,0,424,OFF,RETRACTED,AUTO
21:25:33,5.35082108,-8.161590169,0,416,OFF,RETRACTED,AUTO
21:25:33,3.9106281,-5.917324116,0,422,OFF,RETRACTED,AUTO
21:25:33,2.430576703,-3.657970613,0,427,OFF,RETRACTED,AUTO
21:25:33,0.925752063,-1.389290353,0,435,OFF,RETRACTED,AUTO
21:25:33,-0.588508148,0.882932191,0,441,OFF,RETRACTED,AUTO
21:25:33,-2.09677009,3.152903516,0,447,OFF,RETRACTED,AUTO
21:25:33,-3.583661056,5.414835858,0,448,OFF,RETRACTED,AUTO
21:25:33,-5.034026162,7.662961949,0,442,OFF,RETRACTED,AUTO
21:25:34,-6.433082805,9.891549724,0,436,OFF,RETRACTED,AUTO
21:25:34,-7.766571338,12.09491693,0,427,OFF,RETRACTED,AUTO
21:25:34,-9.020900403,14.26744564,0,417,OFF,RETRACTED,AUTO
21:25:34,-10.18328546,16.40359652,0,417,OFF,RETRACTED,AUTO
21:25:34,-11.2418791,18.49792302,0,426,OFF,RETRACTED,AUTO
21:25:34,-12.18589179,20.54508522,0,433,OFF,RETRACTED,AUTO
21:25:34,-13.00570183,22.53986345,0,440,OFF,RETRACTED,AUTO
21:25:34,-13.69295345,24.4771716,0,446,OFF,RETRACTED,AUTO
21:25:34,-14.24064195,26.35207011,0,448,OFF,RETRACTED,AUTO
21:25:34,-14.64318511,28.15977854,0,446,OFF,RETRACTED,AUTO
21:25:35,-14.89648008,29.89568776,0,438,OFF,RETRACTED,AUTO
21:25:35,-14.99794519,31.55537169,0,428,OFF,RETRACTED,AUTO
21:25:35,-14.94654627,33.13459865,0,421,OFF,RETRACTED,AUTO
21:25:35,-14.7428072,34.62934204,0,416,OFF,RETRACTED,AUTO
21:25:35,-14.38880456,36.03579073,0,424,OFF,RETRACTED,AUTO
21:25:35,-13.88814646,37.35035867,0,430,OFF,RETRACTED,AUTO
21:25:35,-13.24593577,38.5696941,0,438,OFF,RETRACTED,AUTO
21:25:35,-12.46871811,39.69068807,0,446,OFF,RETRACTED,AUTO
21:25:35,-11.56441514,40.71048237,0,448,OFF,RETRACTED,AUTO
21:25:35,-10.54224383,41.62647682,0,446,OFF,RETRACTED,AUTO
21:25:36,-9.412622476,42.43633592,0,439,OFF,RETRACTED,AUTO
21:25:36,-8.187064556,43.13799474,0,430,OFF,RETRACTED,AUTO
21:25:36,-6.878061361,43.72966427,0,423,OFF,RETRACTED,AUTO
21:25:36,-5.498954687,44.20983592,0,417,OFF,RETRACTED,AUTO
21:25:36,-4.063800845,44.5772854,0,423,OFF,RETRACTED,AUTO
21:25:36,-2.587227399,44.83107582,0,428,OFF,RETRACTED,AUTO
21:25:36,-1.084284074,44.97056008,0,436,OFF,RETRACTED,AUTO
21:25:36,0.429710634,44.99538253,0,442,OFF,RETRACTED,AUTO
21:25:36,1.939325588,44.9054799,0,447,OFF,RETRACTED,AUTO
21:25:36,3.429174293,44.70108141,0,447,OFF,RETRACTED,AUTO
21:25:37,4.884071718,44.38270821,0,441,OFF,RETRACTED,AUTO
21:25:37,6.289189067,43.95117205,0,433,OFF,RETRACTED,AUTO
21:25:37,7.630204917,43.40757324,0,424,OFF,RETRACTED,AUTO
21:25:37,8.893451191,42.7532978,0,417,OFF,RETRACTED,AUTO
21:25:37,10.06605246,41.99001392,0,421,OFF,RETRACTED,AUTO
21:25:37,11.1360572,41.11966776,0,428,OFF,RETRACTED,AUTO
21:25:37,12.09255955,40.14447846,0,436,OFF,RETRACTED,AUTO
21:25:37,12.92581052,39.06693246,0,441,OFF,RETRACTED,AUTO
21:25:37,13.62731736,37.88977718,0,447,OFF,RETRACTED,AUTO
21:25:37,14.18993006,36.61601403,0,448,OFF,RETRACTED,AUTO
21:25:38,14.60791429,35.24889074,0,442,OFF,RETRACTED,AUTO
21:25:38,14.87700982,33.79189307,0,436,OFF,RETRACTED,AUTO
21:25:38,14.99447394,32.24873593,0,427,OFF,RETRACTED,AUTO
21:25:38,14.95910942,30.62335393,0,417,OFF,RETRACTED,AUTO
21:25:38,14.7712767,28.91989132,0,417,OFF,RETRACTED,AUTO
21:25:38,14.43289023,27.14269143,0,426,OFF,RETRACTED,AUTO
21:25:38,13.94739896,25.2962856,0,433,OFF,RETRACTED,AUTO
21:25:38,13.31975118,23.38538163,0,440,OFF,RETRACTED,AUTO
21:25:38,12.55634409,21.41485176,0,446,OFF,RETRACTED,AUTO
21:25:39,11.66495858,19.38972027,0,448,OFF,RETRACTED,AUTO
21:25:39,10.65467995,17.31515065,0,445,OFF,RETRACTED,AUTO
21:25:39,9.535805286,15.19643245,0,437,OFF,RETRACTED,AUTO
21:25:39,8.31973854,13.03896779,0,428,OFF,RETRACTED,AUTO
21:25:39,7.018874262,10.84825757,0,422,OFF,RETRACTED,AUTO
21:25:39,5.646471293,8.629887457,0,417,OFF,RETRACTED,AUTO
21:25:39,4.216517618,6.38951365,0,424,OFF,RETRACTED,AUTO
21:25:39,2.743587799,4.132848449,0,430,OFF,RETRACTED,AUTO
21:25:39,1.242694424,1.865645691,0,438,OFF,RETRACTED,AUTO
21:25:39,-0.270864904,-0.406313919,0,446,OFF,RETRACTED,AUTO
21:25:40,-1.781663487,-2.677237547,0,448,OFF,RETRACTED,AUTO
21:25:40,-3.274302766,-4.941335001,0,446,OFF,RETRACTED,AUTO
21:25:40,-4.733569266,-7.192833493,0,438,OFF,RETRACTED,AUTO
21:25:40,-6.144589661,-9.42599236,0,429,OFF,RETRACTED,AUTO
21:25:40,-7.492982362,-11.6351177,0,423,OFF,RETRACTED,AUTO
21:25:40,-8.765004105,-13.81457688,0,416,OFF,RETRACTED,AUTO
21:25:40,-9.947690023,-15.95881293,0,423,OFF,RETRACTED,AUTO
21:25:40,-11.02898579,-18.06235866,0,429,OFF,RETRACTED,AUTO
21:25:40,-11.99787048,-20.11985065,0,437,OFF,RETRACTED,AUTO
21:25:40,-12.8444689,-22.1260429,0,442,OFF,RETRACTED,AUTO
21:25:41,-13.56015223,-24.07582019,0,447,OFF,RETRACTED,AUTO
21:25:41,-14.13762601,-25.96421118,0,447,OFF,RETRACTED,AUTO
21:25:41,-14.57100442,-27.786401,0,440,OFF,RETRACTED,AUTO
21:25:41,-14.85587032,-29.53774361,0,432,OFF,RETRACTED,AUTO
21:25:41,-14.98932027,-31.2137736,0,423,OFF,RETRACTED,AUTO
21:25:41,-14.96999411,-32.81021758,0,416,OFF,RETRACTED,AUTO
21:25:41,-14.7980888,-34.32300509,0,422,OFF,RETRACTED,AUTO
21:25:41,-14.47535647,-35.74827895,0,428,OFF,RETRACTED,AUTO
21:25:41,-14.00508652,-37.08240513,0,436,OFF,RETRACTED,AUTO
21:25:41,-13.39207208,-38.32198201,0,441,OFF,RETRACTED,AUTO
21:25:42,-12.64256121,-39.46384902,0,447,OFF,RETRACTED,AUTO
21:25:42,-11.76419317,-40.50509474,0,447,OFF,RETRACTED,AUTO
21:25:42,-10.76592057,-41.44306429,0,441,OFF,RETRACTED,AUTO
21:25:42,-9.657918148,-42.27536612,0,434,OFF,RETRACTED,AUTO
21:25:42,-8.451479022,-42.99987812,0,426,OFF,RETRACTED,AUTO
21:25:42,-7.158899623,-43.61475297,0,417,OFF,RETRACTED,AUTO
21:25:42,-5.793354347,-44.11842294,0,422,OFF,RETRACTED,AUTO
21:25:42,-4.368761284,-44.50960381,0,427,OFF,RETRACTED,AUTO
21:25:42,-2.89964036,-44.78729819,0,436,OFF,RETRACTED,AUTO
21:25:42,-1.40096534,-44.95079803,0,441,OFF,RETRACTED,AUTO
21:25:43,0.111988782,-44.99968646,0,447,OFF,RETRACTED,AUTO
21:25:43,1.623801478,-44.93383882,0,447,OFF,RETRACTED,AUTO
21:25:43,3.119063851,-44.75342301,0,442,OFF,RETRACTED,AUTO
21:25:43,4.582535693,-44.45889904,0,436,OFF,RETRACTED,AUTO
21:25:43,5.999300812,-44.05101786,0,427,OFF,RETRACTED,AUTO
21:25:43,7.35491907,-43.53081944,0,417,OFF,RETRACTED,AUTO
21:25:43,8.635573557,-42.89963014,0,417,OFF,RETRACTED,AUTO
21:25:43,9.828211418,-42.15905931,0,426,OFF,RETRACTED,AUTO
21:25:43,10.92067689,-41.31099518,0,433,OFF,RETRACTED,AUTO
21:25:43,11.90183521,-40.35760007,0,440,OFF,RETRACTED,AUTO
21:25:44,12.76168608,-39.30130487,0,446,OFF,RETRACTED,AUTO
21:25:44,13.49146562,-38.14480281,0,448,OFF,RETRACTED,AUTO
21:25:44,14.08373567,-36.89104264,0,442,OFF,RETRACTED,AUTO
21:25:44,14.53245963,-35.54322109,0,437,OFF,RETRACTED,AUTO
21:25:44,14.83306394,-34.10477469,0,427,OFF,RETRACTED,AUTO
21:25:44,14.98248475,-32.57937108,0,417,OFF,RETRACTED,AUTO
21:25:44,14.97919911,-30.97089958,0,416,OFF,RETRACTED,AUTO
21:25:44,14.82324051,-29.28346132,0,424,OFF,RETRACTED,AUTO
21:25:44,14.51619854,-27.5213588,0,430,OFF,RETRACTED,AUTO
21:25:44,14.06120266,-25.68908484,0,439,OFF,RETRACTED,AUTO
21:25:45,13.46289035,-23.79131121,0,446,OFF,RETRACTED,AUTO
21:25:45,12.7273598,-21.83287668,0,447,OFF,RETRACTED,AUTO
21:25:45,11.86210778,-19.8187747,0,446,OFF,RETRACTED,AUTO
21:25:45,10.87595323,-17.75414062,0,438,OFF,RETRACTED,AUTO
21:25:45,9.77894736,-15.64423867,0,428,OFF,RETRACTED,AUTO
21:25:45,8.582271221,-13.49444848,0,422,OFF,RETRACTED,AUTO
21:25:45,7.298121731,-11.31025138,0,416,OFF,RETRACTED,AUTO
21:25:45,5.939587367,-9.097216443,0,423,OFF,RETRACTED,AUTO
21:25:45,4.520514761,-6.860986261,0,430,OFF,RETRACTED,AUTO
21:25:45,3.055367571,-4.607262566,0,438,OFF,RETRACTED,AUTO
21:25:46,1.559079063,-2.341791697,0,446,OFF,RETRACTED,AUTO
21:25:46,0.046899905,-0.070349943,0,447,OFF,RETRACTED,AUTO
21:25:46,-1.465757273,2.201271183,0,446,OFF,RETRACTED,AUTO
21:25:46,-2.963474968,4.46727971,0,440,OFF,RETRACTED,AUTO
21:25:46,-4.430987943,6.721897978,0,430,OFF,RETRACTED,AUTO
21:25:46,-5.853338822,8.959377369,0,423,OFF,RETRACTED,AUTO
21:25:46,-7.216030533,11.17401296,0,416,OFF,RETRACTED,AUTO
21:25:46,-8.50517407,13.36015809,0,423,OFF,RETRACTED,AUTO
21:25:46,-9.707630056,15.51223871,0,429,OFF,RETRACTED,AUTO
21:25:46,-10.81114266,17.62476765,0,437,OFF,RETRACTED,AUTO
21:25:47,-11.80446452,19.69235857,0,442,OFF,RETRACTED,AUTO
21:25:47,-12.67747136,21.70973974,0,447,OFF,RETRACTED,AUTO
21:25:47,-13.42126522,23.6717674,0,447,OFF,RETRACTED,AUTO
21:25:47,-14.0282651,25.57343897,0,440,OFF,RETRACTED,AUTO
21:25:47,-14.49228425,27.40990573,0,430,OFF,RETRACTED,AUTO
21:25:47,-14.80859324,29.17648524,0,424,OFF,RETRACTED,AUTO
21:25:47,-14.97396814,30.86867322,0,416,OFF,RETRACTED,AUTO
21:25:47,-14.9867234,32.48215511,0,422,OFF,RETRACTED,AUTO
21:25:47,-14.84672901,34.01281697,0,428,OFF,RETRACTED,AUTO
21:25:47,-14.55541184,35.45675609,0,436,OFF,RETRACTED,AUTO
21:25:48,-14.11574109,36.81029083,0,442,OFF,RETRACTED,AUTO
21:25:48,-13.53219803,38.06997007,0,447,OFF,RETRACTED,AUTO
21:25:48,-12.81073033,39.232582,0,447,OFF,RETRACTED,AUTO
21:25:48,-11.95869142,40.2951623,0,441,OFF,RETRACTED,AUTO
21:25:48,-10.98476557,41.25500171,0,433,OFF,RETRACTED,AUTO
21:25:48,-9.898879342,42.1096529,0,424,OFF,RETRACTED,AUTO
21:25:48,-8.712100461,42.85693677,0,416,OFF,RETRACTED,AUTO
21:25:48,-7.436524967,43.49494796,0,422,OFF,RETRACTED,AUTO
21:25:48,-6.085153947,44.02205973,0,427,OFF,RETRACTED,AUTO
21:25:48,-4.671761022,44.4369281,0,434,OFF,RETRACTED,AUTO
21:25:49,-3.210751961,44.73849528,0,441,OFF,RETRACTED,AUTO
21:25:49,-1.717017852,44.92599236,0,447,OFF,RETRACTED,AUTO
21:25:49,-0.205783329,44.99894127,0,447,OFF,RETRACTED,AUTO
21:25:49,1.307548606,44.95715602,0,441,OFF,RETRACTED,AUTO
21:25:49,2.807553572,44.80074314,0,434,OFF,RETRACTED,AUTO
21:25:49,4.278943023,44.53010145,0,426,OFF,RETRACTED,AUTO
21:25:49,5.706720068,44.145921,0,417,OFF,RETRACTED,AUTO
21:25:49,7.076332333,43.64918134,0,417,OFF,RETRACTED,AUTO
21:25:49,8.373820274,43.041149,0,426,OFF,RETRACTED,AUTO
21:25:50,9.585959465,42.32337431,0,434,OFF,RETRACTED,AUTO
21:25:50,10.70039538,41.49768736,0,440,OFF,RETRACTED,AUTO
21:25:50,11.70576933,40.56619343,0,447,OFF,RETRACTED,AUTO
21:25:50,12.59183419,39.53126755,0,447,OFF,RETRACTED,AUTO
21:25:50,13.34955891,38.39554847,0,442,OFF,RETRACTED,AUTO
21:25:50,13.9712205,37.16193196,0,436,OFF,RETRACTED,AUTO
21:25:50,14.45048279,35.83356336,0,427,OFF,RETRACTED,AUTO
21:25:50,14.78246097,34.41382965,0,417,OFF,RETRACTED,AUTO
21:25:50,14.96377141,32.90635071,0,416,OFF,RETRACTED,AUTO
21:25:50,14.99256613,31.31497018,0,426,OFF,RETRACTED,AUTO
21:25:51,14.86855165,29.64374563,0,433,OFF,RETRACTED,AUTO
21:25:51,14.59299197,27.89693817,0,440,OFF,RETRACTED,AUTO
21:25:51,14.16869569,26.07900167,0,446,OFF,RETRACTED,AUTO
21:25:51,13.59998736,24.19457133,0,447,OFF,RETRACTED,AUTO
21:25:51,12.89266346,22.24845189,0,442,OFF,RETRACTED,AUTO
21:25:51,12.05393326,20.2456054,0,437,OFF,RETRACTED,AUTO
21:25:51,11.09234538,18.19113852,0,427,OFF,RETRACTED,AUTO
21:25:51,10.01770064,16.09028955,0,418,OFF,RETRACTED,AUTO
21:25:51,8.840952175,13.94841504,0,417,OFF,RETRACTED,AUTO
21:25:51,7.5740938,11.77097614,0,424,OFF,RETRACTED,AUTO
21:25:52,6.230037752,9.563524692,0,430,OFF,RETRACTED,AUTO
21:25:52,4.822483095,7.331689046,0,439,OFF,RETRACTED,AUTO
21:25:52,3.365776093,5.081159733,0,446,OFF,RETRACTED,AUTO
21:25:52,1.874763987,2.817674946,0,448,OFF,RETRACTED,AUTO
21:25:52,0.364643664,0.547005911,0,446,OFF,RETRACTED,AUTO
21:25:52,-1.149193227,-1.72505783,0,438,OFF,RETRACTED,AUTO
21:25:52,-2.65131716,-3.992723176,0,428,OFF,RETRACTED,AUTO
21:25:52,-4.126417991,-6.250208245,0,422,OFF,RETRACTED,AUTO
21:25:52,-5.559461002,-8.491757107,0,416,OFF,RETRACTED,AUTO
21:25:52,-6.935840145,-10.71165447,0,424,OFF,RETRACTED,AUTO
21:25:53,-8.241526908,-12.90424024,0,430,OFF,RETRACTED,AUTO
21:25:53,-9.463213299,-15.06392396,0,439,OFF,RETRACTED,AUTO
21:25:53,-10.58844749,-17.18519907,0,446,OFF,RETRACTED,AUTO
21:25:53,-11.60576071,-19.26265695,0,448,OFF,RETRACTED,AUTO
21:25:53,-12.50478417,-21.29100067,0,446,OFF,RETRACTED,AUTO
21:25:53,-13.27635473,-23.26505856,0,438,OFF,RETRACTED,AUTO
21:25:53,-13.91260829,-25.17979734,0,429,OFF,RETRACTED,AUTO
21:25:53,-14.40705994,-27.03033498,0,422,OFF,RETRACTED,AUTO
21:25:53,-14.75467005,-28.81195317,0,417,OFF,RETRACTED,AUTO
21:25:53,-14.95189569,-30.52010928,0,424,OFF,RETRACTED,AUTO
21:25:54,-14.99672665,-32.15044802,0,430,OFF,RETRACTED,AUTO
21:25:54,-14.888706,-33.69881251,0,438,OFF,RETRACTED,AUTO
21:25:54,-14.62893473,-35.16125487,0,446,OFF,RETRACTED,AUTO
21:25:54,-14.22006051,-36.53404629,0,448,OFF,RETRACTED,AUTO
21:25:54,-13.66625073,-37.81368655,0,447,OFF,RETRACTED,AUTO
21:25:54,-12.97314999,-38.99691296,0,439,OFF,RETRACTED,AUTO
21:25:54,-12.1478226,-40.08070862,0,430,OFF,RETRACTED,AUTO
21:25:54,-11.19868059,-41.06231018,0,423,OFF,RETRACTED,AUTO
21:25:54,-10.13539791,-41.93921483,0,417,OFF,RETRACTED,AUTO
21:25:54,-8.968811906,-42.70918673,0,423,OFF,RETRACTED,AUTO
21:25:55,-7.710812795,-43.37026267,0,429,OFF,RETRACTED,AUTO
21:25:55,-6.374222527,-43.9207571,0,437,OFF,RETRACTED,AUTO
21:25:55,-4.97266407,-44.35926642,0,446,OFF,RETRACTED,AUTO
21:25:55,-3.520422575,-44.68467257,0,448,OFF,RETRACTED,AUTO
21:25:55,-2.032299766,-44.89614584,0,447,OFF,RETRACTED,AUTO
21:25:55,-0.523463085,-44.99314705,0,440,OFF,RETRACTED,AUTO
21:25:55,0.990708905,-44.97542887,0,430,OFF,RETRACTED,AUTO
21:25:55,2.494783262,-44.84303648,0,423,OFF,RETRACTED,AUTO
21:25:55,3.973429961,-44.59630743,0,417,OFF,RETRACTED,AUTO
21:25:55,5.411578146,-44.23587082,0,423,OFF,RETRACTED,AUTO
21:25:56,6.794569734,-43.76264565,0,429,OFF,RETRACTED,AUTO
21:25:56,8.108308817,-43.17783851,0,437,OFF,RETRACTED,AUTO
21:25:56,9.33940533,-42.48294049,0,442,OFF,RETRACTED,AUTO
21:25:56,10.47531153,-41.67972337,0,448,OFF,RETRACTED,AUTO
21:25:56,11.50444989,-40.77023513,0,447,OFF,RETRACTED,AUTO
21:25:56,12.41633108,-39.75679469,0,440,OFF,RETRACTED,AUTO
21:25:56,13.20166091,-38.64198603,0,432,OFF,RETRACTED,AUTO
21:25:56,13.85243504,-37.42865158,0,424,OFF,RETRACTED,AUTO
21:25:56,14.36202057,-36.119885,0,417,OFF,RETRACTED,AUTO
21:25:56,14.72522362,-34.71902326,0,423,OFF,RETRACTED,AUTO
21:25:57,14.93834232,-33.22963814,0,428,OFF,RETRACTED,AUTO
21:25:57,14.99920448,-31.65552715,0,437,OFF,RETRACTED,AUTO
21:25:57,14.90718978,-30.00070381,0,442,OFF,RETRACTED,AUTO
21:25:57,14.66323607,-28.26938743,0,448,OFF,RETRACTED,AUTO
21:25:57,14.2698298,-26.46599236,0,447,OFF,RETRACTED,AUTO
21:25:57,13.73098069,-24.59511674,0,440,OFF,RETRACTED,AUTO
21:25:57,13.05218088,-22.66153075,0,432,OFF,RETRACTED,AUTO
21:25:57,12.24034893,-20.67016447,0,423,OFF,RETRACTED,AUTO
21:25:57,11.30375928,-18.62609531,0,417,OFF,RETRACTED,AUTO
21:25:57,10.25195797,-16.53453505,0,422,OFF,RETRACTED,AUTO
21:25:58,9.095665306,-14.40081654,0,428,OFF,RETRACTED,AUTO
21:25:58,7.846666612,-12.23038016,0,437,OFF,RETRACTED,AUTO
21:25:58,6.517692093,-10.02875988,0,442,OFF,RETRACTED,AUTO
21:25:58,5.122287097,-7.801569192,0,448,OFF,RETRACTED,AUTO
21:25:58,3.674674054,-5.554486778,0,447,OFF,RETRACTED,AUTO
21:25:58,2.189607515,-3.293242043,0,440,OFF,RETRACTED,AUTO
21:25:58,0.682223772,-1.023600504,0,433,OFF,RETRACTED,AUTO
21:25:58,-0.832113422,1.248650919,0,424,OFF,RETRACTED,AUTO
21:25:58,-2.33796944,3.517718646,0,417,OFF,RETRACTED,AUTO
21:25:58,-3.8199961,5.777817217,0,422,OFF,RETRACTED,AUTO
21:25:59,-5.263088093,8.023184042,0,428,OFF,RETRACTED,AUTO
21:25:59,-6.65253695,10.24809409,0,436,OFF,RETRACTED,AUTO
21:25:59,-7.974180946,12.44687449,0,442,OFF,RETRACTED,AUTO
21:25:59,-9.214549449,14.61391899,0,447,OFF,RETRACTED,AUTO
21:25:59,-10.36100021,16.74370227,0,447,OFF,RETRACTED,AUTO
21:25:59,-11.40184823,18.83079399,0,441,OFF,RETRACTED,AUTO
21:25:59,-12.32648483,20.86987269,0,434,OFF,RETRACTED,AUTO
21:25:59,-13.12548582,22.8557393,0,425,OFF,RETRACTED,AUTO
21:25:59,-13.7907075,24.78333045,0,417,OFF,RETRACTED,AUTO
21:26:00,-14.31536973,26.64773134,0,422,OFF,RETRACTED,AUTO
21:26:00,-14.69412497,28.4441883,0,427,OFF,RETRACTED,AUTO
21:26:00,-14.92311281,30.16812088,0,435,OFF,RETRACTED,AUTO
21:26:00,-14.99999935,31.81513356,0,441,OFF,RETRACTED,AUTO
21:26:00,-14.92400093,33.38102694,0,447,OFF,RETRACTED,AUTO
21:26:00,-14.69589215,34.86180844,0,447,OFF,RETRACTED,AUTO
21:26:00,-14.31799796,36.25370251,0,441,OFF,RETRACTED,AUTO
21:26:00,-13.79417,37.55316022,0,433,OFF,RETRACTED,AUTO
21:26:00,-13.12974729,38.75686834,0,424,OFF,RETRACTED,AUTO
21:26:00,-12.33150184,39.86175775,0,416,OFF,RETRACTED,AUTO
21:26:01,-11.40756964,40.86501132,0,417,OFF,RETRACTED,AUTO
21:26:01,-10.36736772,41.76407105,0,427,OFF,RETRACTED,AUTO
21:26:01,-9.221498143,42.55664458,0,436,OFF,RETRACTED,AUTO
21:26:01,-7.981640007,43.24071109,0,441,OFF,RETRACTED,AUTO
21:26:01,-6.660430353,43.81452642,0,447,OFF,RETRACTED,AUTO
21:26:01,-5.271335385,44.27662749,0,447,OFF,RETRACTED,AUTO
21:26:01,-3.828513222,44.62583609,0,441,OFF,RETRACTED,AUTO
21:26:01,-2.346669583,44.86126183,0,434,OFF,RETRACTED,AUTO
21:26:01,-0.840907911,44.98230446,0,424,OFF,RETRACTED,AUTO
21:26:01,0.673424573,44.98865533,0,416,OFF,RETRACTED,AUTO
21:26:02,2.180893291,44.88029828,0,417,OFF,RETRACTED,AUTO
21:26:02,3.666133622,44.65750956,0,427,OFF,RETRACTED,AUTO
21:26:02,5.114007505,44.32085723,0,434,OFF,RETRACTED,AUTO
21:26:02,6.509757729,43.87119965,0,441,OFF,RETRACTED,AUTO
21:26:02,7.839158347,43.30968332,0,447,OFF,RETRACTED,AUTO
21:26:02,9.088659665,42.63773995,0,447,OFF,RETRACTED,AUTO
21:26:02,10.24552635,41.85708278,0,441,OFF,RETRACTED,AUTO
21:26:02,11.29796724,40.96970227,0,433,OFF,RETRACTED,AUTO
21:26:02,12.23525551,39.97786099,0,426,OFF,RETRACTED,AUTO
21:26:02,13.047838,38.88408782,0,417,OFF,RETRACTED,AUTO
21:26:03,13.7274326,37.69117159,0,421,OFF,RETRACTED,AUTO
21:26:03,14.26711266,36.40215387,0,427,OFF,RETRACTED,AUTO
21:26:03,14.66137758,35.02032128,0,435,OFF,RETRACTED,AUTO
21:26:03,14.90620889,33.5491971,0,441,OFF,RETRACTED,AUTO
21:26:03,14.99911118,31.99253226,0,447,OFF,RETRACTED,AUTO
21:26:03,14.93913756,30.35429581,0,447,OFF,RETRACTED,AUTO
21:26:03,14.7268993,28.63866476,0,441,OFF,RETRACTED,AUTO
21:26:03,14.3645596,26.85001348,0,434,OFF,RETRACTED,AUTO
21:26:03,13.85581155,24.9929025,0,425,OFF,RETRACTED,AUTO
21:26:03,13.20584049,23.07206691,0,417,OFF,RETRACTED,AUTO
21:26:04,12.42127112,21.09240429,0,421,OFF,RETRACTED,AUTO
21:26:04,11.51010004,19.0589622,0,427,OFF,RETRACTED,AUTO
21:26:04,10.48161421,16.97692532,0,435,OFF,RETRACTED,AUTO
21:26:04,9.346296298,14.85160223,0,441,OFF,RETRACTED,AUTO
21:26:04,8.115717837,12.6884119,0,447,OFF,RETRACTED,AUTO
21:26:04,6.80242129,10.49286981,0,447,OFF,RETRACTED,AUTO
21:26:04,5.419792213,8.270573976,0,441,OFF,RETRACTED,AUTO
21:26:04,3.981922818,6.02719059,0,433,OFF,RETRACTED,AUTO
21:26:04,2.503468347,3.768439628,0,424,OFF,RETRACTED,AUTO
21:26:04,0.999497697,1.500080245,0,417,OFF,RETRACTED,AUTO
21:26:05,-0.514660164,-0.772103905,0,421,OFF,RETRACTED,AUTO
21:26:05,-2.023572439,-3.042319416,0,427,OFF,RETRACTED,AUTO
21:26:05,-3.511859793,-5.3047779,0,434,OFF,RETRACTED,AUTO
21:26:05,-4.964353108,-7.553710749,0,441,OFF,RETRACTED,AUTO
21:26:05,-6.366248093,-9.783383841,0,447,OFF,RETRACTED,AUTO
21:26:05,-7.703256168,-11.98811216,0,447,OFF,RETRACTED,AUTO
21:26:05,-8.961750104,-14.16227429,0,440,OFF,RETRACTED,AUTO
21:26:05,-10.12890292,-16.30032676,0,433,OFF,RETRACTED,AUTO
21:26:05,-11.19281859,-18.39681815,0,424,OFF,RETRACTED,AUTO
21:26:05,-12.14265335,-20.44640303,0,416,OFF,RETRACTED,AUTO
21:26:06,-12.96872617,-22.44385555,0,421,OFF,RETRACTED,AUTO
21:26:06,-13.66261744,-24.38408279,0,427,OFF,RETRACTED,AUTO
21:26:06,-14.21725478,-26.26213774,0,436,OFF,RETRACTED,AUTO
21:26:06,-14.62698515,-28.0732319,0,442,OFF,RETRACTED,AUTO
21:26:06,-14.88763244,-29.81274752,0,447,OFF,RETRACTED,AUTO
21:26:06,-14.99654006,-31.47624933,0,447,OFF,RETRACTED,AUTO
21:26:06,-14.95259796,-33.0594959,0,440,OFF,RETRACTED,AUTO
21:26:06,-14.75625404,-34.5584504,0,433,OFF,RETRACTED,AUTO
21:26:06,-14.40950949,-35.96929095,0,424,OFF,RETRACTED,AUTO
21:26:06,-13.91589844,-37.2884203,0,417,OFF,RETRACTED,AUTO
21:26:07,-13.28045195,-38.51247507,0,423,OFF,RETRACTED,AUTO
21:26:07,-12.50964669,-39.63833427,0,429,OFF,RETRACTED,AUTO
21:26:07,-11.61133897,-40.66312728,0,437,OFF,RETRACTED,AUTO
21:26:07,-10.59468464,-41.5842412,0,442,OFF,RETRACTED,AUTO
21:26:07,-9.470045768,-42.39932744,0,447,OFF,RETRACTED,AUTO
21:26:07,-8.248885056,-43.10630777,0,447,OFF,RETRACTED,AUTO
21:26:07,-6.943648974,-43.7033796,0,440,OFF,RETRACTED,AUTO
21:26:07,-5.567640923,-44.18902058,0,430,OFF,RETRACTED,AUTO
21:26:07,-4.13488563,-44.56199245,0,423,OFF,RETRACTED,AUTO
21:26:07,-2.659986214,-44.82134424,0,417,OFF,RETRACTED,AUTO
21:26:08,-1.157975337,-44.9664147,0,423,OFF,RETRACTED,AUTO
21:26:08,0.355838009,-44.99683393,0,429,OFF,RETRACTED,AUTO
21:26:08,1.866024535,-44.91252436,0,438,OFF,RETRACTED,AUTO
21:26:08,3.357191921,-44.71370097,0,445,OFF,RETRACTED,AUTO
21:26:08,4.814141695,-44.4008707,0,448,OFF,RETRACTED,AUTO
21:26:08,6.222024142,-43.97483116,0,446,OFF,RETRACTED,AUTO
21:26:08,7.566489659,-43.43666865,0,439,OFF,RETRACTED,AUTO
21:26:08,8.833835006,-42.78775531,0,429,OFF,RETRACTED,AUTO
21:26:08,10.01114298,-42.02974569,0,422,OFF,RETRACTED,AUTO
21:26:08,11.08641407,-41.16457248,0,416,OFF,RETRACTED,AUTO
21:26:09,12.04868875,-40.19444164,0,424,OFF,RETRACTED,AUTO
21:26:09,12.88815921,-39.1218267,0,430,OFF,RETRACTED,AUTO
21:26:09,13.59626928,-37.94946252,0,439,OFF,RETRACTED,AUTO
21:26:09,14.16580167,-36.68033829,0,446,OFF,RETRACTED,AUTO
21:26:09,14.59095152,-35.31768991,0,448,OFF,RETRACTED,AUTO
21:26:09,14.86738555,-33.86499173,0,446,OFF,RETRACTED,AUTO
21:26:09,14.99228627,-32.32594771,0,438,OFF,RETRACTED,AUTO
21:26:09,14.96438064,-30.70448196,0,428,OFF,RETRACTED,AUTO
21:26:09,14.78395308,-29.00472874,0,420,OFF,RETRACTED,AUTO
21:26:10,14.45284258,-27.23102193,0,417,OFF,RETRACTED,AUTO
21:26:10,13.97442392,-25.38788397,0,426,OFF,RETRACTED,AUTO
21:26:10,13.3535733,-23.48001431,0,433,OFF,RETRACTED,AUTO
21:26:10,12.59661864,-21.51227747,0,440,OFF,RETRACTED,AUTO
21:26:10,11.71127507,-19.48969061,0,447,OFF,RETRACTED,AUTO
21:26:10,10.7065663,-17.41741072,0,448,OFF,RETRACTED,AUTO
21:26:10,9.592732668,-15.30072152,0,442,OFF,RETRACTED,AUTO
21:26:10,8.381126723,-13.14501995,0,436,OFF,RETRACTED,AUTO
21:26:10,7.084097558,-10.95580241,0,427,OFF,RETRACTED,AUTO
21:26:10,5.714864924,-8.738650775,0,417,OFF,RETRACTED,AUTO
21:26:11,4.287384494,-6.499218133,0,418,OFF,RETRACTED,AUTO
21:26:11,2.816205621,-4.243214381,0,427,OFF,RETRACTED,AUTO
21:26:11,1.316323048,-1.976391672,0,434,OFF,RETRACTED,AUTO
21:26:11,-0.196975927,0.295470259,0,441,OFF,RETRACTED,AUTO
21:26:11,-1.708267257,2.566578828,0,447,OFF,RETRACTED,AUTO
21:26:11,-3.202147362,4.831143369,0,447,OFF,RETRACTED,AUTO
21:26:11,-4.663390119,7.083389906,0,441,OFF,RETRACTED,AUTO
21:26:11,-6.077102061,9.317575866,0,434,OFF,RETRACTED,AUTO
21:26:11,-7.428874164,11.52800473,0,426,OFF,RETRACTED,AUTO
21:26:11,-8.704928722,13.70904054,0,416,OFF,RETRACTED,AUTO
21:26:12,-9.892259763,15.85512231,0,421,OFF,RETRACTED,AUTO
21:26:12,-10.97876561,17.96077814,0,427,OFF,RETRACTED,AUTO
21:26:12,-11.95337225,20.02063923,0,436,OFF,RETRACTED,AUTO
21:26:12,-12.80614616,22.02945353,0,441,OFF,RETRACTED,AUTO
21:26:12,-13.52839558,23.98209916,0,447,OFF,RETRACTED,AUTO
21:26:12,-14.11275912,25.87359744,0,447,OFF,RETRACTED,AUTO
21:26:12,-14.55328073,27.69912559,0,440,OFF,RETRACTED,AUTO
21:26:12,-14.84547049,29.45402907,0,432,OFF,RETRACTED,AUTO
21:26:12,-14.9863503,31.13383337,0,423,OFF,RETRACTED,AUTO
21:26:12,-14.97448426,32.73425548,0,416,OFF,RETRACTED,AUTO
21:26:13,-14.80999332,34.2512148,0,423,OFF,RETRACTED,AUTO
21:26:13,-14.49455402,35.68084351,0,428,OFF,RETRACTED,AUTO
21:26:13,-14.03138142,37.0194965,0,437,OFF,RETRACTED,AUTO
21:26:13,-13.42519634,38.26376057,0,442,OFF,RETRACTED,AUTO
21:26:13,-12.68217721,39.41046323,0,448,OFF,RETRACTED,AUTO
21:26:13,-11.80989713,40.45668071,0,446,OFF,RETRACTED,AUTO
21:26:13,-10.81724666,41.39974546,0,439,OFF,RETRACTED,AUTO
21:26:13,-9.714343232,42.23725295,0,429,OFF,RETRACTED,AUTO
21:26:13,-8.512428001,42.96706778,0,423,OFF,RETRACTED,AUTO
21:26:13,-7.223751283,43.58732913,0,417,OFF,RETRACTED,AUTO
21:26:14,-5.8614477,44.09645551,0,423,OFF,RETRACTED,AUTO
21:26:14,-4.4394023,44.4931488,0,429,OFF,RETRACTED,AUTO
21:26:14,-2.972109041,44.77639755,0,438,OFF,RETRACTED,AUTO
21:26:14,-1.474523063,44.94547957,0,446,OFF,RETRACTED,AUTO
21:26:14,0.038091743,44.99996373,0,448,OFF,RETRACTED,AUTO
21:26:14,1.550318306,44.93971111,0,446,OFF,RETRACTED,AUTO
21:26:14,3.046743511,44.76487536,0,438,OFF,RETRACTED,AUTO
21:26:14,4.512115296,44.47590224,0,428,OFF,RETRACTED,AUTO
21:26:14,5.931498108,44.07352856,0,420,OFF,RETRACTED,AUTO
21:26:14,7.290425127,43.55878024,0,417,OFF,RETRACTED,AUTO
21:26:15,8.575045717,42.93296975,0,424,OFF,RETRACTED,AUTO
21:26:15,9.772266601,42.19769272,0,432,OFF,RETRACTED,AUTO
21:26:15,10.86988531,41.3548239,0,440,OFF,RETRACTED,AUTO
21:26:15,11.85671454,40.40651234,0,447,OFF,RETRACTED,AUTO
21:26:15,12.72269621,39.35517598,0,448,OFF,RETRACTED,AUTO
21:26:15,13.45900395,38.2034954,0,442,OFF,RETRACTED,AUTO
21:26:15,14.05813306,36.95440707,0,436,OFF,RETRACTED,AUTO
21:26:15,14.51397703,35.61109578,0,427,OFF,RETRACTED,AUTO
21:26:15,14.82188973,34.1769866,0,417,OFF,RETRACTED,AUTO
21:26:15,14.97873282,32.65573608,0,418,OFF,RETRACTED,AUTO
21:26:16,14.9829077,31.05122297,0,427,OFF,RETRACTED,AUTO
21:26:16,14.83437183,29.3675383,0,434,OFF,RETRACTED,AUTO
21:26:16,14.53463912,27.60897498,0,441,OFF,RETRACTED,AUTO
21:26:16,14.08676456,25.78001684,0,447,OFF,RETRACTED,AUTO
21:26:16,13.49531303,23.88532718,0,447,OFF,RETRACTED,AUTO
21:26:16,12.7663128,21.92973691,0,441,OFF,RETRACTED,AUTO
21:26:16,11.90719407,19.91823221,0,434,OFF,RETRACTED,AUTO
21:26:16,10.92671329,17.85594183,0,425,OFF,RETRACTED,AUTO
21:26:16,9.834863816,15.74812402,0,417,OFF,RETRACTED,AUTO
21:26:16,8.642774156,13.60015308,0,422,OFF,RETRACTED,AUTO
21:26:17,7.36259448,11.41750573,0,428,OFF,RETRACTED,AUTO
21:26:17,6.007372802,9.205747069,0,436,OFF,RETRACTED,AUTO
21:26:17,4.59092199,6.970516442,0,442,OFF,RETRACTED,AUTO
21:26:17,3.127678981,4.717513032,0,448,OFF,RETRACTED,AUTO
21:26:17,1.632557631,2.452481342,0,447,OFF,RETRACTED,AUTO
21:26:17,0.120796714,0.18119654,0,440,OFF,RETRACTED,AUTO
21:26:17,-1.392195404,-2.090550261,0,430,OFF,RETRACTED,AUTO
21:26:17,-2.890997805,-4.356966768,0,423,OFF,RETRACTED,AUTO
21:26:17,-4.360334199,-6.612274283,0,416,OFF,RETRACTED,AUTO
21:26:17,-5.785228622,-8.850722428,0,423,OFF,RETRACTED,AUTO
21:26:18,-7.151158079,-11.06660381,0,429,OFF,RETRACTED,AUTO
21:26:18,-8.444200564,-13.25426859,0,438,OFF,RETRACTED,AUTO
21:26:18,-9.65117696,-15.40813885,0,446,OFF,RETRACTED,AUTO
21:26:18,-10.75978536,-17.52272286,0,448,OFF,RETRACTED,AUTO
21:26:18,-11.75872647,-19.59262904,0,446,OFF,RETRACTED,AUTO
21:26:18,-12.63781874,-21.61257973,0,438,OFF,RETRACTED,AUTO
21:26:18,-13.38810218,-23.57742466,0,428,OFF,RETRACTED,AUTO
21:26:18,-14.00192964,-25.48215403,0,420,OFF,RETRACTED,AUTO
21:26:18,-14.4730448,-27.32191136,0,417,OFF,RETRACTED,AUTO
21:26:19,-14.79664589,-29.09200578,0,426,OFF,RETRACTED,AUTO
21:26:19,-14.96943467,-30.78792408,0,433,OFF,RETRACTED,AUTO
21:26:19,-14.98965001,-32.40534217,0,440,OFF,RETRACTED,AUTO
21:26:19,-14.85708587,-33.94013609,0,447,OFF,RETRACTED,AUTO
21:26:19,-14.57309339,-35.38839257,0,448,OFF,RETRACTED,AUTO
21:26:19,-14.14056712,-36.74641899,0,442,OFF,RETRACTED,AUTO
21:26:19,-13.5639155,-38.01075276,0,436,OFF,RETRACTED,AUTO
21:26:19,-12.84901596,-39.17817021,0,426,OFF,RETRACTED,AUTO
21:26:19,-12.00315499,-40.24569476,0,417,OFF,RETRACTED,AUTO
21:26:19,-11.0349539,-41.21060454,0,422,OFF,RETRACTED,AUTO
21:26:20,-9.954280895,-42.07043931,0,427,OFF,RETRACTED,AUTO
21:26:20,-8.772150564,-42.82300674,0,436,OFF,RETRACTED,AUTO
21:26:20,-7.50061157,-43.46638801,0,441,OFF,RETRACTED,AUTO
21:26:20,-6.152623857,-43.99894267,0,447,OFF,RETRACTED,AUTO
21:26:20,-4.741926564,-44.41931288,0,447,OFF,RETRACTED,AUTO
21:26:20,-3.282897985,-44.72642681,0,440,OFF,RETRACTED,AUTO
21:26:20,-1.790409022,-44.9195014,0,433,OFF,RETRACTED,AUTO
21:26:20,-0.279671617,-44.99804438,0,423,OFF,RETRACTED,AUTO
21:26:20,1.233916293,-44.96185549,0,416,OFF,RETRACTED,AUTO
21:26:20,2.73492772,-44.81102698,0,423,OFF,RETRACTED,AUTO
21:26:21,4.208063858,-44.54594344,0,429,OFF,RETRACTED,AUTO
21:26:21,5.638310015,-44.16728075,0,438,OFF,RETRACTED,AUTO
21:26:21,7.011088648,-43.67600439,0,446,OFF,RETRACTED,AUTO
21:26:21,8.312407944,-43.07336697,0,448,OFF,RETRACTED,AUTO
21:26:21,9.529004425,-42.36090504,0,446,OFF,RETRACTED,AUTO
21:26:21,10.64847814,-41.54043516,0,438,OFF,RETRACTED,AUTO
21:26:21,11.65941903,-40.6140493,0,429,OFF,RETRACTED,AUTO
21:26:21,12.55152326,-39.58410948,0,422,OFF,RETRACTED,AUTO
21:26:21,13.31569821,-38.45324173,0,417,OFF,RETRACTED,AUTO
21:26:21,13.94415516,-37.22432944,0,426,OFF,RETRACTED,AUTO
21:26:22,14.43048865,-35.90050597,0,433,OFF,RETRACTED,AUTO
21:26:22,14.76974183,-34.4851467,0,440,OFF,RETRACTED,AUTO
21:26:22,14.9584569,-32.98186037,0,447,OFF,RETRACTED,AUTO
21:26:22,14.99471043,-31.39447993,0,448,OFF,RETRACTED,AUTO
21:26:22,14.8781329,-29.72705272,0,442,OFF,RETRACTED,AUTO
21:26:22,14.60991251,-27.98383021,0,436,OFF,RETRACTED,AUTO
21:26:22,14.19278305,-26.16925711,0,426,OFF,RETRACTED,AUTO
21:26:22,13.63099605,-24.28796003,0,416,OFF,RETRACTED,AUTO
21:26:22,12.93027742,-22.34473575,0,416,OFF,RETRACTED,AUTO
21:26:22,12.09776912,-20.34453892,0,426,OFF,RETRACTED,AUTO
21:26:23,11.14195635,-18.29246945,0,433,OFF,RETRACTED,AUTO
21:26:23,10.07258107,-16.19375952,0,440,OFF,RETRACTED,AUTO
21:26:23,8.900542709,-14.05376024,0,446,OFF,RETRACTED,AUTO
21:26:23,7.637787066,-11.87792797,0,446,OFF,RETRACTED,AUTO
21:26:23,6.297184568,-9.671810449,0,440,OFF,RETRACTED,AUTO
21:26:23,4.892399078,-7.441032636,0,432,OFF,RETRACTED,AUTO
21:26:23,3.437748637,-5.191282363,0,423,OFF,RETRACTED,AUTO
21:26:23,1.948059523,-2.928295835,0,416,OFF,RETRACTED,AUTO
21:26:23,0.43851514,-0.657843007,0,417,OFF,RETRACTED,AUTO
21:26:23,-1.075498733,1.614287128,0,427,OFF,RETRACTED,AUTO
21:26:24,-2.578550768,3.882301302,0,436,OFF,RETRACTED,AUTO
21:26:24,-4.055321359,6.140416741,0,442,OFF,RETRACTED,AUTO
21:26:24,-5.490758771,8.38287591,0,447,OFF,RETRACTED,AUTO
21:26:24,-6.870232551,10.60396119,0,446,OFF,RETRACTED,AUTO
21:26:24,-8.179682645,12.79800947,0,438,OFF,RETRACTED,AUTO
21:26:24,-9.405762704,14.95942656,0,428,OFF,RETRACTED,AUTO
21:26:24,-10.53597611,17.08270148,0,417,OFF,RETRACTED,AUTO
21:26:24,-11.55880337,19.1624205,0,415,OFF,RETRACTED,AUTO
21:26:24,-12.46381946,21.19328093,0,422,OFF,RETRACTED,AUTO
21:26:24,-13.24180019,23.17010469,0,429,OFF,RETRACTED,AUTO
21:26:25,-13.88481609,25.08785145,0,437,OFF,RETRACTED,AUTO
21:26:25,-14.38631336,26.94163151,0,442,OFF,RETRACTED,AUTO
21:26:25,-14.74118055,28.72671828,0,446,OFF,RETRACTED,AUTO
21:26:25,-14.94580075,30.4385603,0,442,OFF,RETRACTED,AUTO
21:26:25,-14.99808839,32.07279287,0,436,OFF,RETRACTED,AUTO
21:26:25,-14.89751055,33.62524919,0,427,OFF,RETRACTED,AUTO
21:26:25,-14.64509235,35.09197094,0,416,OFF,RETRACTED,AUTO
21:26:25,-14.24340652,36.46921841,0,416,OFF,RETRACTED,AUTO
21:26:25,-13.69654716,37.75348001,0,424,OFF,RETRACTED,AUTO
21:26:25,-13.01008807,38.94148127,0,430,OFF,RETRACTED,AUTO
21:26:26,-12.19102584,40.03019312,0,439,OFF,RETRACTED,AUTO
21:26:26,-11.24770864,41.01683966,0,446,OFF,RETRACTED,AUTO
21:26:26,-10.18975107,41.89890523,0,447,OFF,RETRACTED,AUTO
21:26:26,-9.027936183,42.67414082,0,441,OFF,RETRACTED,AUTO
21:26:26,-7.774105578,43.34056982,0,434,OFF,RETRACTED,AUTO
21:26:26,-6.441038714,43.89649302,0,424,OFF,RETRACTED,AUTO
21:26:26,-5.042322649,44.34049297,0,416,OFF,RETRACTED,AUTO
21:26:26,-3.592213562,44.67143761,0,416,OFF,RETRACTED,AUTO
21:26:26,-2.105491445,44.88848312,0,425,OFF,RETRACTED,AUTO
21:26:26,-0.597309461,44.99107611,0,433,OFF,RETRACTED,AUTO
21:26:27,0.916960499,44.97895499,0,440,OFF,RETRACTED,AUTO
21:26:27,2.421884493,44.85215066,0,446,OFF,RETRACTED,AUTO
21:26:27,3.902123839,44.61098645,0,446,OFF,RETRACTED,AUTO
21:26:27,5.342591446,44.25607724,0,440,OFF,RETRACTED,AUTO
21:26:27,6.728605591,43.78832796,0,430,OFF,RETRACTED,AUTO
21:26:27,8.046039559,43.20893122,0,423,OFF,RETRACTED,AUTO
21:26:27,9.281465626,42.51936432,0,415,OFF,RETRACTED,AUTO
21:26:27,10.42229192,41.72138545,0,417,OFF,RETRACTED,AUTO
21:26:27,11.45689077,40.81702924,0,427,OFF,RETRACTED,AUTO
21:26:27,12.37471718,39.80860151,0,436,OFF,RETRACTED,AUTO
21:26:28,13.16641639,38.69867347,0,441,OFF,RETRACTED,AUTO
21:26:28,13.82391911,37.49007511,0,446,OFF,RETRACTED,AUTO
21:26:28,14.34052387,36.18588801,0,446,OFF,RETRACTED,AUTO
21:26:28,14.71096526,34.78943745,0,438,OFF,RETRACTED,AUTO
21:26:28,14.93146762,33.30428399,0,429,OFF,RETRACTED,AUTO
21:26:28,14.99978352,31.73421432,0,418,OFF,RETRACTED,AUTO
21:26:28,14.91521666,30.08323167,0,415,OFF,RETRACTED,AUTO
21:26:28,14.67862896,28.35554557,0,422,OFF,RETRACTED,AUTO
21:26:28,14.29243182,26.5555611,0,428,OFF,RETRACTED,AUTO
21:26:28,13.76056148,24.6878677,0,437,OFF,RETRACTED,AUTO
21:26:29,13.08843893,22.75722744,0,442,OFF,RETRACTED,AUTO
21:26:29,12.28291469,20.7685629,0,447,OFF,RETRACTED,AUTO
21:26:29,11.3521989,18.72694459,0,442,OFF,RETRACTED,AUTO
21:26:29,10.30577775,16.63757804,0,437,OFF,RETRACTED,AUTO
21:26:29,9.154316693,14.50579052,0,427,OFF,RETRACTED,AUTO
21:26:29,7.90955181,12.33701746,0,416,OFF,RETRACTED,AUTO
21:26:29,6.584170154,10.13678862,0,415,OFF,RETRACTED,AUTO
21:26:29,5.191680455,7.910713922,0,423,OFF,RETRACTED,AUTO
21:26:29,3.74627543,5.664469214,0,430,OFF,RETRACTED,AUTO
21:26:30,2.262687124,3.403781764,0,439,OFF,RETRACTED,AUTO
21:26:30,0.756036761,1.134415663,0,445,OFF,RETRACTED,AUTO
21:26:30,-0.758319378,-1.137842866,0,447,OFF,RETRACTED,AUTO
21:26:30,-2.264946475,-3.407200228,0,441,OFF,RETRACTED,AUTO
21:26:30,-3.748488488,-5.667870224,0,434,OFF,RETRACTED,AUTO
21:26:30,-5.193824664,-7.914088806,0,424,OFF,RETRACTED,AUTO
21:26:30,-6.586223659,-10.14012877,0,416,OFF,RETRACTED,AUTO
21:26:30,-7.911493681,-12.34031437,0,416,OFF,RETRACTED,AUTO
21:26:30,-9.156127138,-14.50903577,0,426,OFF,RETRACTED,AUTO
21:26:30,-10.30743831,-16.64076336,0,433,OFF,RETRACTED,AUTO
21:26:31,-11.35369267,-18.73006187,0,440,OFF,RETRACTED,AUTO
21:26:31,-12.28422642,-20.77160418,0,446,OFF,RETRACTED,AUTO
21:26:31,-13.08955527,-22.76018497,0,446,OFF,RETRACTED,AUTO
21:26:31,-13.76147104,-24.69073393,0,440,OFF,RETRACTED,AUTO
21:26:31,-14.29312533,-26.55832873,0,432,OFF,RETRACTED,AUTO
21:26:31,-14.67909936,-28.35820754,0,423,OFF,RETRACTED,AUTO
21:26:31,-14.91545914,-30.0857812,0,415,OFF,RETRACTED,AUTO
21:26:31,-14.99979563,-31.7366449,0,417,OFF,RETRACTED,AUTO
21:26:31,-14.93124922,-33.30658943,0,427,OFF,RETRACTED,AUTO
21:26:31,-14.71051858,-34.79161187,0,435,OFF,RETRACTED,AUTO
21:26:32,-14.33985347,-36.18792586,0,441,OFF,RETRACTED,AUTO
21:26:32,-13.82303181,-37.49197121,0,446,OFF,RETRACTED,AUTO
21:26:32,-13.16532124,-38.70042297,0,446,OFF,RETRACTED,AUTO
21:26:32,-12.37342535,-39.81019995,0,438,OFF,RETRACTED,AUTO
21:26:32,-11.45541541,-40.81847255,0,428,OFF,RETRACTED,AUTO
21:26:32,-10.42064808,-41.72266995,0,417,OFF,RETRACTED,AUTO
21:26:32,-9.279670059,-42.52048673,0,415,OFF,RETRACTED,AUTO
21:26:32,-8.044110564,-43.20988868,0,422,OFF,RETRACTED,AUTO
21:26:32,-6.726562829,-43.78911803,0,428,OFF,RETRACTED,AUTO
21:26:32,-5.340455738,-44.25669791,0,437,OFF,RETRACTED,AUTO
21:26:33,-3.899916953,-44.61143613,0,442,OFF,RETRACTED,AUTO
21:26:33,-2.419628922,-44.85242821,0,447,OFF,RETRACTED,AUTO
21:26:33,-0.914679232,-44.9790597,0,442,OFF,RETRACTED,AUTO
21:26:33,0.599593172,-44.99100771,0,436,OFF,RETRACTED,AUTO
21:26:33,2.107754323,-44.88824179,0,426,OFF,RETRACTED,AUTO
21:26:33,3.594432545,-44.67102395,0,416,OFF,RETRACTED,AUTO
21:26:33,5.044475119,-44.33990805,0,415,OFF,RETRACTED,AUTO
21:26:33,6.443102732,-43.89573832,0,424,OFF,RETRACTED,AUTO
21:26:33,7.776060107,-43.33964728,0,430,OFF,RETRACTED,AUTO
21:26:33,9.029761302,-42.67305279,0,439,OFF,RETRACTED,AUTO
21:26:34,10.19142818,-41.89765447,0,446,OFF,RETRACTED,AUTO
21:26:34,11.24922064,-41.01542937,0,446,OFF,RETRACTED,AUTO
21:26:34,12.19235733,-40.02862689,0,440,OFF,RETRACTED,AUTO
21:26:34,13.01122546,-38.9397631,0,433,OFF,RETRACTED,AUTO
21:26:34,13.69747888,-37.75161428,0,423,OFF,RETRACTED,AUTO
21:26:34,14.24412306,-36.46720987,0,415,OFF,RETRACTED,AUTO
21:26:34,14.64558641,-35.08982472,0,417,OFF,RETRACTED,AUTO
21:26:34,14.8977771,-33.62297076,0,426,OFF,RETRACTED,AUTO
21:26:34,14.99812471,-32.07038804,0,434,OFF,RETRACTED,AUTO
21:26:34,14.94560646,-30.43603519,0,441,OFF,RETRACTED,AUTO
21:26:35,14.74075764,-28.72407934,0,447,OFF,RETRACTED,AUTO
21:26:35,14.38566614,-26.93888547,0,446,OFF,RETRACTED,AUTO
21:26:35,13.88395116,-25.0850053,0,439,OFF,RETRACTED,AUTO
21:26:35,13.24072635,-23.1671657,0,429,OFF,RETRACTED,AUTO
21:26:35,12.46254767,-21.19025659,0,417,OFF,RETRACTED,AUTO
21:26:35,11.55734658,-19.15931851,0,415,OFF,RETRACTED,AUTO
21:26:35,10.53434919,-17.07952976,0,422,OFF,RETRACTED,AUTO
21:26:35,9.403982216,-14.9561932,0,428,OFF,RETRACTED,AUTO
21:26:35,8.177766743,-12.79472271,0,437,OFF,RETRACTED,AUTO
21:26:35,6.868200762,-10.60062941,0,442,OFF,RETRACTED,AUTO
21:26:36,5.488631804,-8.379507601,0,447,OFF,RETRACTED,AUTO
21:26:36,4.053120892,-6.137020494,0,442,OFF,RETRACTED,AUTO
21:26:36,2.57629923,-3.878885777,0,436,OFF,RETRACTED,AUTO
21:26:36,1.073219073,-1.610861034,0,427,OFF,RETRACTED,AUTO
21:26:36,-0.440799689,0.661270935,0,416,OFF,RETRACTED,AUTO
21:26:36,-1.950325674,2.931716856,0,416,OFF,RETRACTED,AUTO
21:26:36,-3.439973294,5.194687754,0,426,OFF,RETRACTED,AUTO
21:26:36,-4.894559567,7.444413716,0,433,OFF,RETRACTED,AUTO
21:26:36,-6.299258867,9.675158596,0,440,OFF,RETRACTED,AUTO
21:26:36,-7.639754034,11.88123465,0,447,OFF,RETRACTED,AUTO
21:26:37,-8.902382298,14.05701702,0,447,OFF,RETRACTED,AUTO
21:26:37,-10.07427453,16.1969581,0,441,OFF,RETRACTED,AUTO
21:26:37,-11.14348642,18.29560166,0,433,OFF,RETRACTED,AUTO
21:26:37,-12.09912021,20.34759678,0,424,OFF,RETRACTED,AUTO
21:26:37,-12.93143575,22.34771148,0,417,OFF,RETRACTED,AUTO
21:26:37,-13.63194982,24.29084603,0,423,OFF,RETRACTED,AUTO
21:26:37,-14.19352254,26.17204601,0,429,OFF,RETRACTED,AUTO
21:26:37,-14.61043018,27.98651492,0,437,OFF,RETRACTED,AUTO
21:26:37,-14.87842347,29.72962638,0,444,OFF,RETRACTED,AUTO
21:26:37,-14.99477095,31.39693598,0,448,OFF,RETRACTED,AUTO
21:26:38,-14.95828675,32.98419256,0,446,OFF,RETRACTED,AUTO
21:26:38,-14.76934273,34.48734907,0,439,OFF,RETRACTED,AUTO
21:26:38,-14.42986469,35.90257291,0,429,OFF,RETRACTED,AUTO
21:26:38,-13.94331268,37.22625568,0,422,OFF,RETRACTED,AUTO
21:26:38,-13.31464581,38.45502236,0,417,OFF,RETRACTED,AUTO
21:26:38,-12.55027166,39.58573995,0,425,OFF,RETRACTED,AUTO
21:26:38,-11.65798098,40.61552547,0,433,OFF,RETRACTED,AUTO
21:26:38,-10.6468683,41.54175325,0,440,OFF,RETRACTED,AUTO
21:26:38,-9.527239216,42.3620617,0,447,OFF,RETRACTED,AUTO
21:26:38,-8.31050535,43.07435925,0,448,OFF,RETRACTED,AUTO
21:26:39,-7.00906806,43.67682976,0,442,OFF,RETRACTED,AUTO
21:26:39,-5.636192028,44.1679371,0,436,OFF,RETRACTED,AUTO
21:26:39,-4.205870059,44.5464291,0,426,OFF,RETRACTED,AUTO
21:26:39,-2.732680469,44.81134071,0,417,OFF,RETRACTED,AUTO
21:26:39,-1.231638495,44.96199648,0,422,OFF,RETRACTED,AUTO
21:26:39,0.281956747,44.99801229,0,428,OFF,RETRACTED,AUTO
21:26:39,1.792678192,44.9192963,0,437,OFF,RETRACTED,AUTO
21:26:39,3.285128067,44.72604922,0,444,OFF,RETRACTED,AUTO
21:26:39,4.744094829,44.41876378,0,448,OFF,RETRACTED,AUTO
21:26:40,6.154708205,43.99822345,0,446,OFF,RETRACTED,AUTO
21:26:40,7.502590756,43.4655005,0,439,OFF,RETRACTED,AUTO
21:26:40,8.774004417,42.82195321,0,429,OFF,RETRACTED,AUTO
21:26:40,9.955990518,42.06922244,0,423,OFF,RETRACTED,AUTO
21:26:40,11.03650187,41.20922743,0,417,OFF,RETRACTED,AUTO
21:26:40,12.00452553,40.24416093,0,425,OFF,RETRACTED,AUTO
21:26:40,12.8501951,39.17648356,0,433,OFF,RETRACTED,AUTO
21:26:40,13.56489122,38.0089176,0,440,OFF,RETRACTED,AUTO
21:26:40,14.14132947,36.74443999,0,446,OFF,RETRACTED,AUTO
21:26:40,14.57363461,35.38627479,0,448,OFF,RETRACTED,AUTO
21:26:41,14.85740044,33.93788492,0,442,OFF,RETRACTED,AUTO
21:26:41,14.98973472,32.40296335,0,435,OFF,RETRACTED,AUTO
21:26:41,14.96928866,30.78542368,0,426,OFF,RETRACTED,AUTO
21:26:41,14.79627066,29.08939017,0,417,OFF,RETRACTED,AUTO
21:26:41,14.47244416,27.31918721,0,422,OFF,RETRACTED,AUTO
21:26:41,14.00110971,25.47932829,0,428,OFF,RETRACTED,AUTO
21:26:41,13.38707132,23.57450453,0,437,OFF,RETRACTED,AUTO
21:26:41,12.63658746,21.60957266,0,442,OFF,RETRACTED,AUTO
21:26:41,11.75730732,19.58954269,0,448,OFF,RETRACTED,AUTO
21:26:41,10.75819281,17.51956511,0,447,OFF,RETRACTED,AUTO
21:26:42,9.649427228,15.40491774,0,439,OFF,RETRACTED,AUTO
21:26:42,8.442311491,13.25099234,0,429,OFF,RETRACTED,AUTO
21:26:42,7.149148918,11.06328077,0,423,OFF,RETRACTED,AUTO
21:26:42,5.783119852,8.847361071,0,417,OFF,RETRACTED,AUTO
21:26:42,4.358147313,6.60888318,0,424,OFF,RETRACTED,AUTO
21:26:42,2.888755092,4.353554567,0,432,OFF,RETRACTED,AUTO
21:26:42,1.389919723,2.087125661,0,440,OFF,RETRACTED,AUTO
21:26:42,-0.123082169,-0.184624807,0,447,OFF,RETRACTED,AUTO
21:26:42,-1.634829566,-2.455904535,0,448,OFF,RETRACTED,AUTO
21:26:42,-3.129914239,-4.720922423,0,442,OFF,RETRACTED,AUTO
21:26:43,-4.593097789,-6.973903338,0,436,OFF,RETRACTED,AUTO
21:26:43,-6.009466965,-9.209102835,0,426,OFF,RETRACTED,AUTO
21:26:43,-7.364585663,-11.42082181,0,417,OFF,RETRACTED,AUTO
21:26:43,-8.644642064,-13.60342102,0,422,OFF,RETRACTED,AUTO
21:26:43,-9.83658941,-15.75133548,0,428,OFF,RETRACTED,AUTO
21:26:43,-10.92827898,-17.85908863,0,437,OFF,RETRACTED,AUTO
21:26:43,-11.90858391,-19.92130632,0,442,OFF,RETRACTED,AUTO
21:26:43,-12.7675126,-21.9327305,0,448,OFF,RETRACTED,AUTO
21:26:43,-13.49631058,-23.88823261,0,447,OFF,RETRACTED,AUTO
21:26:43,-14.0875497,-25.78282671,0,439,OFF,RETRACTED,AUTO
21:26:44,-14.53520383,-27.61168212,0,429,OFF,RETRACTED,AUTO
21:26:44,-14.83471036,-29.37013581,0,423,OFF,RETRACTED,AUTO
21:26:44,-14.9830166,-31.05370422,0,417,OFF,RETRACTED,AUTO
21:26:44,-14.97861098,-32.65809475,0,425,OFF,RETRACTED,AUTO
21:26:44,-14.82153839,-34.17921668,0,433,OFF,RETRACTED,AUTO
21:26:44,-14.51339977,-35.61319158,0,440,OFF,RETRACTED,AUTO
21:26:44,-14.05733578,-36.95636324,0,447,OFF,RETRACTED,AUTO
21:26:44,-13.45799476,-38.20530696,0,448,OFF,RETRACTED,AUTO
21:26:44,-12.7214854,-39.35683831,0,442,OFF,RETRACTED,AUTO
21:26:44,-11.85531445,-40.4080212,0,436,OFF,RETRACTED,AUTO
21:26:45,-10.8683102,-41.35617544,0,426,OFF,RETRACTED,AUTO
21:26:45,-9.770532543,-42.1988835,0,417,OFF,RETRACTED,AUTO
21:26:45,-8.573170377,-42.93399673,0,422,OFF,RETRACTED,AUTO
21:26:45,-7.288427619,-43.5596408,0,427,OFF,RETRACTED,AUTO
21:26:45,-5.929398792,-44.07422051,0,434,OFF,RETRACTED,AUTO
21:26:45,-4.509935568,-44.47642382,0,441,OFF,RETRACTED,AUTO
21:26:45,-3.044505588,-44.76522523,0,447,OFF,RETRACTED,AUTO
21:26:45,-1.548044998,-44.93988839,0,446,OFF,RETRACTED,AUTO
21:26:45,-0.03580622,-44.99996795,0,437,OFF,RETRACTED,AUTO
21:26:45,1.476797506,-44.94531073,0,428,OFF,RETRACTED,AUTO
21:26:46,2.974349223,-44.77605609,0,417,OFF,RETRACTED,AUTO
21:26:46,4.441585388,-44.49263557,0,415,OFF,RETRACTED,AUTO
21:26:46,5.863551443,-44.09577183,0,423,OFF,RETRACTED,AUTO
21:26:46,7.225754239,-43.58647674,0,430,OFF,RETRACTED,AUTO
21:26:46,8.514309755,-42.96604886,0,439,OFF,RETRACTED,AUTO
21:26:46,9.716084605,-42.2360701,0,446,OFF,RETRACTED,AUTO
21:26:46,10.8188299,-41.39840169,0,447,OFF,RETRACTED,AUTO
21:26:46,11.8113061,-40.45517944,0,441,OFF,RETRACTED,AUTO
21:26:46,12.68339756,-39.40880829,0,434,OFF,RETRACTED,AUTO
21:26:46,13.42621562,-38.26195619,0,424,OFF,RETRACTED,AUTO
21:26:47,14.03218925,-37.01754727,0,416,OFF,RETRACTED,AUTO
21:26:47,14.49514216,-35.67875441,0,417,OFF,RETRACTED,AUTO
21:26:47,14.81035578,-34.24899114,0,427,OFF,RETRACTED,AUTO
21:26:47,14.97461734,-32.73190294,0,436,OFF,RETRACTED,AUTO
21:26:47,14.98625265,-31.13135795,0,441,OFF,RETRACTED,AUTO
21:26:47,14.8451431,-29.45143708,0,447,OFF,RETRACTED,AUTO
21:26:47,14.55272694,-27.69642364,0,445,OFF,RETRACTED,AUTO
21:26:47,14.11198456,-25.87079242,0,438,OFF,RETRACTED,AUTO
21:26:47,13.52740817,-23.97919822,0,428,OFF,RETRACTED,AUTO
21:26:47,12.80495595,-22.02646407,0,417,OFF,RETRACTED,AUTO
21:26:48,11.95199137,-20.01756886,0,415,OFF,RETRACTED,AUTO
21:26:48,10.97720814,-17.9576347,0,423,OFF,RETRACTED,AUTO
21:26:48,9.890541572,-15.85191381,0,430,OFF,RETRACTED,AUTO
21:26:48,8.703067325,-13.70577517,0,438,OFF,RETRACTED,AUTO
21:26:48,7.426888533,-11.5246908,0,446,OFF,RETRACTED,AUTO
21:26:48,6.075012433,-9.314221838,0,447,OFF,RETRACTED,AUTO
21:26:48,4.661217794,-7.080004328,0,441,OFF,RETRACTED,AUTO
21:26:48,3.19991448,-4.827734874,0,434,OFF,RETRACTED,AUTO
21:26:48,1.705996576,-2.563156105,0,424,OFF,RETRACTED,AUTO
21:26:48,0.194690591,-0.292042037,0,416,OFF,RETRACTED,AUTO
21:26:49,-1.318599745,1.979816654,0,417,OFF,RETRACTED,AUTO
21:26:49,-2.818450476,4.24662739,0,427,OFF,RETRACTED,AUTO
21:26:49,-4.289574626,6.502610465,0,434,OFF,RETRACTED,AUTO
21:26:49,-5.716978011,8.742013783,0,441,OFF,RETRACTED,AUTO
21:26:49,-7.086112062,10.95912752,0,447,OFF,RETRACTED,AUTO
21:26:49,-8.383022112,13.14829868,0,446,OFF,RETRACTED,AUTO
21:26:49,-9.594489623,15.30394551,0,438,OFF,RETRACTED,AUTO
21:26:49,-10.70816692,17.42057175,0,428,OFF,RETRACTED,AUTO
21:26:49,-11.71270303,19.49278062,0,417,OFF,RETRACTED,AUTO
21:26:50,-12.59785939,21.51528859,0,415,OFF,RETRACTED,AUTO
21:26:50,-13.3546142,23.48293886,0,423,OFF,RETRACTED,AUTO
21:26:50,-13.97525435,25.39071448,0,429,OFF,RETRACTED,AUTO
21:26:50,-14.45345408,27.2337512,0,438,OFF,RETRACTED,AUTO
21:26:50,-14.78433942,29.0073498,0,445,OFF,RETRACTED,AUTO
21:26:50,-14.96453788,30.70698813,0,446,OFF,RETRACTED,AUTO
21:26:50,-14.99221281,32.3283326,0,441,OFF,RETRACTED,AUTO
21:26:50,-14.86708214,33.86724927,0,434,OFF,RETRACTED,AUTO
21:26:50,-14.59042124,35.31981433,0,424,OFF,RETRACTED,AUTO
21:26:50,-14.16504994,36.68232418,0,415,OFF,RETRACTED,AUTO
21:26:51,-13.59530376,37.95130481,0,417,OFF,RETRACTED,AUTO
21:26:51,-12.88698973,39.12352069,0,427,OFF,RETRACTED,AUTO
21:26:51,-12.04732724,40.19598302,0,434,OFF,RETRACTED,AUTO
21:26:51,-11.0848744,41.16595732,0,441,OFF,RETRACTED,AUTO
21:26:51,-10.00944085,42.03097046,0,446,OFF,RETRACTED,AUTO
21:26:51,-8.831987761,42.78881688,0,445,OFF,RETRACTED,AUTO
21:26:51,-7.564516127,43.43756432,0,438,OFF,RETRACTED,AUTO
21:26:51,-6.219944439,43.97555864,0,428,OFF,RETRACTED,AUTO
21:26:51,-4.811977017,44.40142813,0,417,OFF,RETRACTED,AUTO
21:26:51,-3.354964331,44.71408695,0,415,OFF,RETRACTED,AUTO
21:26:52,-1.863756737,44.91273789,0,423,OFF,RETRACTED,AUTO
21:26:52,-0.353553117,44.99687446,0,429,OFF,RETRACTED,AUTO
21:26:52,1.160254033,44.96628214,0,438,OFF,RETRACTED,AUTO
21:26:52,2.66223549,44.82103893,0,445,OFF,RETRACTED,AUTO
21:26:52,4.137082561,44.56151515,0,446,OFF,RETRACTED,AUTO
21:26:52,5.569763116,44.18837252,0,441,OFF,RETRACTED,AUTO
21:26:52,6.9456748,43.70256244,0,433,OFF,RETRACTED,AUTO
21:26:52,8.250793866,43.10532358,0,424,OFF,RETRACTED,AUTO
21:26:52,9.471818108,42.39817873,0,415,OFF,RETRACTED,AUTO
21:26:52,10.59630244,41.58293091,0,416,OFF,RETRACTED,AUTO
21:26:53,11.61278575,40.66165874,0,426,OFF,RETRACTED,AUTO
21:26:53,12.5109077,39.63671122,0,434,OFF,RETRACTED,AUTO
21:26:53,13.28151434,38.51070166,0,441,OFF,RETRACTED,AUTO
21:26:53,13.91675138,37.28650105,0,447,OFF,RETRACTED,AUTO
21:26:53,14.41014428,35.96723075,0,446,OFF,RETRACTED,AUTO
21:26:53,14.75666422,34.55625451,0,438,OFF,RETRACTED,AUTO
21:26:53,14.95277935,33.05716991,0,428,OFF,RETRACTED,AUTO
21:26:53,14.99649079,31.47379918,0,417,OFF,RETRACTED,AUTO
21:26:53,14.88735304,29.81017944,0,415,OFF,RETRACTED,AUTO
21:26:53,14.62647845,28.07055245,0,423,OFF,RETRACTED,AUTO
21:26:54,14.21652595,26.25935375,0,429,OFF,RETRACTED,AUTO
21:26:54,13.66167391,24.38120136,0,438,OFF,RETRACTED,AUTO
21:26:54,12.96757756,22.44088403,0,445,OFF,RETRACTED,AUTO
21:26:54,12.14131137,20.44334899,0,446,OFF,RETRACTED,AUTO
21:26:54,11.1912969,18.39368938,0,441,OFF,RETRACTED,AUTO
21:26:54,10.12721704,16.29713124,0,434,OFF,RETRACTED,AUTO
21:26:54,8.959917219,14.15902016,0,424,OFF,RETRACTED,AUTO
21:26:54,7.701294957,11.98480772,0,415,OFF,RETRACTED,AUTO
21:26:54,6.364178546,9.780037519,0,416,OFF,RETRACTED,AUTO
21:26:54,4.962196319,7.550331076,0,426,OFF,RETRACTED,AUTO
21:26:55,3.509637744,5.301373493,0,434,OFF,RETRACTED,AUTO
21:26:55,2.021307778,3.038898955,0,441,OFF,RETRACTED,AUTO
21:26:55,0.512375974,0.768676112,0,447,OFF,RETRACTED,AUTO
21:26:55,-1.001778137,-1.503506631,0,446,OFF,RETRACTED,AUTO
21:26:55,-2.505721792,-3.77185587,0,438,OFF,RETRACTED,AUTO
21:26:55,-3.984126301,-6.030587979,0,429,OFF,RETRACTED,AUTO
21:26:55,-5.421923275,-8.273943848,0,417,OFF,RETRACTED,AUTO
21:26:55,-6.804458211,-10.49620358,0,415,OFF,RETRACTED,AUTO
21:26:55,-8.117639855,-12.69170105,0,422,OFF,RETRACTED,AUTO
21:26:55,-9.348083824,-14.85483839,0,429,OFF,RETRACTED,AUTO
21:26:56,-10.48324903,-16.98010023,0,438,OFF,RETRACTED,AUTO
21:26:56,-11.51156548,-19.06206777,0,446,OFF,RETRACTED,AUTO
21:26:56,-12.42255225,-21.0954326,0,447,OFF,RETRACTED,AUTO
21:26:56,-13.20692425,-23.07501024,0,442,OFF,RETRACTED,AUTO
21:26:56,-13.8566869,-24.99575334,0,434,OFF,RETRACTED,AUTO
21:26:56,-14.36521761,-26.85276457,0,426,OFF,RETRACTED,AUTO
21:26:56,-14.72733327,-28.64130908,0,416,OFF,RETRACTED,AUTO
21:26:56,-14.93934306,-30.35682662,0,416,OFF,RETRACTED,AUTO
21:26:56,-14.99908612,-31.99494311,0,426,OFF,RETRACTED,AUTO
21:26:56,-14.90595353,-33.55148184,0,433,OFF,RETRACTED,AUTO
21:26:57,-14.66089452,-35.02247408,0,440,OFF,RETRACTED,AUTO
21:26:57,-14.26640682,-36.40416924,0,446,OFF,RETRACTED,AUTO
21:26:57,-13.72651118,-37.6930444,0,446,OFF,RETRACTED,AUTO
21:26:57,-13.04671038,-38.88581329,0,439,OFF,RETRACTED,AUTO
21:26:57,-12.23393319,-39.97943472,0,429,OFF,RETRACTED,AUTO
21:26:57,-11.2964637,-40.97112025,0,422,OFF,RETRACTED,AUTO
21:26:57,-10.24385692,-41.8583414,0,416,OFF,RETRACTED,AUTO
21:26:57,-9.086841345,-42.63883599,0,423,OFF,RETRACTED,AUTO
21:26:57,-7.837209677,-43.31061399,0,429,OFF,RETRACTED,AUTO
21:26:57,-6.507698572,-43.87196258,0,438,OFF,RETRACTED,AUTO
21:26:58,-5.111858848,-44.32145047,0,446,OFF,RETRACTED,AUTO
21:26:58,-3.663917364,-44.6579316,0,447,OFF,RETRACTED,AUTO
21:26:58,-2.178632022,-44.88054804,0,445,OFF,RETRACTED,AUTO
21:26:58,-0.67114134,-44.98873218,0,437,OFF,RETRACTED,AUTO
21:26:58,0.843189837,-44.98220819,0,427,OFF,RETRACTED,AUTO
21:26:58,2.348926944,-44.8609927,0,417,OFF,RETRACTED,AUTO
21:26:58,3.830723009,-44.62539478,0,417,OFF,RETRACTED,AUTO
21:26:58,5.273475077,-44.27601513,0,427,OFF,RETRACTED,AUTO
21:26:58,6.662478139,-43.81374457,0,434,OFF,RETRACTED,AUTO
21:26:58,7.983575018,-43.23976174,0,441,OFF,RETRACTED,AUTO
21:26:59,9.223300655,-42.55553015,0,447,OFF,RETRACTED,AUTO
21:26:59,10.36901936,-41.76279438,0,447,OFF,RETRACTED,AUTO
21:26:59,11.40905358,-40.86357568,0,440,OFF,RETRACTED,AUTO
21:26:59,12.33280295,-39.86016679,0,433,OFF,RETRACTED,AUTO
21:26:59,13.1308523,-38.75512611,0,424,OFF,RETRACTED,AUTO
21:26:59,13.79506766,-37.55127117,0,416,OFF,RETRACTED,AUTO
21:26:59,14.31867912,-36.25167145,0,423,OFF,RETRACTED,AUTO
21:26:59,14.69634986,-34.85964056,0,429,OFF,RETRACTED,AUTO
21:26:59,14.92423054,-33.37872775,0,438,OFF,RETRACTED,AUTO
21:27:00,14.99999851,-31.81270894,0,446,OFF,RETRACTED,AUTO
21:27:00,14.92288153,-30.165577,0,448,OFF,RETRACTED,AUTO
21:27:00,14.69366559,-28.44153166,0,446,OFF,RETRACTED,AUTO
21:27:00,14.31468695,-26.6449687,0,438,OFF,RETRACTED,AUTO
21:27:00,13.78980828,-24.78046886,0,428,OFF,RETRACTED,AUTO
21:27:00,13.12437932,-22.85278605,0,421,OFF,RETRACTED,AUTO
21:27:00,12.32518233,-20.86683532,0,417,OFF,RETRACTED,AUTO
21:27:00,11.40036301,-18.82768024,0,424,OFF,RETRACTED,AUTO
21:27:00,10.3593474,-16.74052007,0,433,OFF,RETRACTED,AUTO
21:27:00,9.212745898,-14.61067647,0,440,OFF,RETRACTED,AUTO
21:27:01,7.972245037,-12.44357991,0,446,OFF,RETRACTED,AUTO
21:27:01,6.650488413,-10.24475585,0,446,OFF,RETRACTED,AUTO
21:27:01,5.260947809,-8.019810653,0,440,OFF,RETRACTED,AUTO
21:27:01,3.817785881,-5.774417281,0,430,OFF,RETRACTED,AUTO
21:27:01,2.335711816,-3.514300831,0,423,OFF,RETRACTED,AUTO
21:27:01,0.829831401,-1.24522394,0,415,OFF,RETRACTED,AUTO
21:27:01,-0.684506929,1.027027909,0,417,OFF,RETRACTED,AUTO
21:27:01,-2.191868539,3.296661137,0,428,OFF,RETRACTED,AUTO
21:27:01,-3.676889898,5.55788884,0,436,OFF,RETRACTED,AUTO
21:27:01,-5.124435177,7.80494555,0,441,OFF,RETRACTED,AUTO
21:27:02,-6.519750516,10.03210193,0,447,OFF,RETRACTED,AUTO
21:27:02,-7.848614397,12.23367937,0,442,OFF,RETRACTED,AUTO
21:27:02,-9.097482601,14.40406451,0,437,OFF,RETRACTED,AUTO
21:27:02,-10.25362625,16.53772348,0,427,OFF,RETRACTED,AUTO
21:27:02,-11.30526154,18.62921609,0,416,OFF,RETRACTED,AUTO
21:27:02,-12.24166986,20.67320964,0,415,OFF,RETRACTED,AUTO
21:27:02,-13.05330703,22.66449254,0,423,OFF,RETRACTED,AUTO
21:27:02,-13.73190057,24.59798759,0,430,OFF,RETRACTED,AUTO
21:27:02,-14.27053403,26.46876496,0,439,OFF,RETRACTED,AUTO
21:27:02,-14.66371748,28.27205471,0,446,OFF,RETRACTED,AUTO
21:27:03,-14.90744346,30.00325897,0,447,OFF,RETRACTED,AUTO
21:27:03,-14.99922784,31.65796368,0,441,OFF,RETRACTED,AUTO
21:27:03,-14.93813513,33.23194983,0,433,OFF,RETRACTED,AUTO
21:27:03,-14.72478799,34.7212042,0,423,OFF,RETRACTED,AUTO
21:27:03,-14.36136093,36.12192964,0,415,OFF,RETRACTED,AUTO
21:27:03,-13.85155813,37.4305547,0,416,OFF,RETRACTED,AUTO
21:27:03,-13.20057566,38.64374278,0,426,OFF,RETRACTED,AUTO
21:27:03,-12.41504855,39.75840059,0,434,OFF,RETRACTED,AUTO
21:27:03,-11.50298315,40.77168609,0,441,OFF,RETRACTED,AUTO
21:27:03,-10.47367553,41.6810157,0,446,OFF,RETRACTED,AUTO
21:27:04,-9.337616751,42.48407088,0,445,OFF,RETRACTED,AUTO
21:27:04,-8.106385884,43.17880408,0,438,OFF,RETRACTED,AUTO
21:27:04,-6.792532048,43.76344394,0,428,OFF,RETRACTED,AUTO
21:27:04,-5.409446474,44.23649979,0,417,OFF,RETRACTED,AUTO
21:27:04,-3.97122603,44.59676548,0,415,OFF,RETRACTED,AUTO
21:27:04,-2.492529535,44.84332244,0,422,OFF,RETRACTED,AUTO
21:27:04,-0.988428353,44.97554202,0,428,OFF,RETRACTED,AUTO
21:27:04,0.525747217,44.99308709,0,437,OFF,RETRACTED,AUTO
21:27:04,2.034564199,44.89591293,0,442,OFF,RETRACTED,AUTO
21:27:04,3.522644227,44.6842673,0,446,OFF,RETRACTED,AUTO
21:27:05,4.974820299,44.35868983,0,442,OFF,RETRACTED,AUTO
21:27:05,6.376291355,43.92001065,0,436,OFF,RETRACTED,AUTO
21:27:05,7.712773137,43.36934827,0,426,OFF,RETRACTED,AUTO
21:27:05,8.97064378,42.70810671,0,416,OFF,RETRACTED,AUTO
21:27:05,10.13708265,41.93797194,0,416,OFF,RETRACTED,AUTO
21:27:05,11.20020102,41.06090759,0,424,OFF,RETRACTED,AUTO
21:27:05,12.14916322,40.07914991,0,430,OFF,RETRACTED,AUTO
21:27:05,12.97429714,38.9952021,0,439,OFF,RETRACTED,AUTO
21:27:05,13.66719271,37.81182791,0,446,OFF,RETRACTED,AUTO
21:27:05,14.22078773,36.5320446,0,446,OFF,RETRACTED,AUTO
21:27:06,14.62943978,35.15911524,0,440,OFF,RETRACTED,AUTO
21:27:06,14.88898372,33.6965404,0,432,OFF,RETRACTED,AUTO
21:27:06,14.99677422,32.14804921,0,423,OFF,RETRACTED,AUTO
21:27:06,14.95171262,30.51758989,0,415,OFF,RETRACTED,AUTO
21:27:06,14.75425821,28.80931962,0,416,OFF,RETRACTED,AUTO
