timestamp,pitch,roll,yaw,light,led_status,solar_status,mode
19:44:18.679,-9.47,-8.23,0.00,13.1562219088797,ON,RETRACTED,AUTO
19:44:18.779,-9.30,-7.34,0.00,17.452117781693005,ON,RETRACTED,AUTO
19:44:18.879,-9.11,-6.45,0.00,22.32926225146045,ON,RETRACTED,AUTO
19:44:18.980,-8.89,-5.56,0.00,27.775464996975245,ON,RETRACTED,AUTO
19:44:19.081,-8.65,-4.66,0.00,33.77711334770106,ON,RETRACTED,AUTO
19:44:19.182,-8.39,-3.77,0.00,40.319206308359014,ON,RETRACTED,AUTO
19:44:19.284,-8.10,-2.87,0.00,47.38539205360348,ON,RETRACTED,AUTO
19:44:19.384,-7.80,-1.97,0.00,54.95800879906963,ON,RETRACTED,AUTO
19:44:19.484,-7.48,-1.07,0.00,63.01812894663621,ON,RETRACTED,AUTO
19:44:19.586,-7.14,-0.17,0.00,71.54560639356362,ON,RETRACTED,AUTO
19:44:19.685,-6.78,0.73,0.00,80.51912688725872,ON,RETRACTED,AUTO
19:44:19.787,-6.40,1.63,0.00,89.91626129980634,ON,RETRACTED,AUTO
19:44:19.887,-6.01,2.53,0.00,99.71352168910789,ON,RETRACTED,AUTO
19:44:19.987,-5.60,3.43,0.00,109.88642000650447,ON,RETRACTED,AUTO
19:44:20.088,-5.18,4.32,0.00,120.40952930414548,ON,RETRACTED,AUTO
19:44:20.189,-4.75,5.22,0.00,131.25654728911599,ON,RETRACTED,AUTO
19:44:20.289,-4.30,6.11,0.00,142.40036206547117,ON,RETRACTED,AUTO
19:44:20.390,-3.85,7.00,0.00,153.81311989985642,ON,RETRACTED,AUTO
19:44:20.490,-3.38,7.89,0.00,165.466294841335,ON,RETRACTED,AUTO
19:44:20.591,-2.91,8.77,0.00,177.33076002140922,ON,RETRACTED,AUTO
19:44:20.691,-2.42,9.65,0.00,189.3768604560226,ON,RETRACTED,AUTO
19:44:20.792,-1.94,10.53,0.00,603.1489743351526,ON,DEPLOYED,AUTO
19:44:20.893,-1.44,11.40,0.00,627.7863048833847,ON,DEPLOYED,AUTO
19:44:20.993,-0.95,12.27,0.00,652.6041320612444,ON,DEPLOYED,AUTO
19:44:21.093,-0.45,13.13,0.00,677.5404242256608,ON,DEPLOYED,AUTO
19:44:21.194,0.05,13.99,0.00,702.5328536327926,ON,DEPLOYED,AUTO
19:44:21.294,0.55,14.84,0.00,727.518952224927,ON,DEPLOYED,AUTO
19:44:21.395,1.05,15.69,0.00,752.4362677680919,ON,DEPLOYED,AUTO
19:44:21.496,1.54,16.53,0.00,777.222519950116,ON,DEPLOYED,AUTO
19:44:21.597,2.04,17.37,0.00,801.8157560489742,ON,DEPLOYED,AUTO
19:44:21.697,2.52,18.19,0.00,826.154505782329,ON,DEPLOYED,AUTO
19:44:21.798,3.00,19.01,0.00,850.1779349512221,ON,DEPLOYED,AUTO
19:44:21.899,3.48,19.82,0.00,873.8259974938911,ON,DEPLOYED,AUTO
19:44:21.999,3.94,20.63,0.00,897.0395855696518,ON,DEPLOYED,AUTO
19:44:22.099,4.40,21.42,0.00,919.7606772977172,ON,DEPLOYED,AUTO
19:44:22.200,4.84,22.21,0.00,941.9324817816826,ON,DEPLOYED,AUTO
19:44:22.302,5.27,22.99,0.00,963.4995810571902,ON,DEPLOYED,AUTO
19:44:22.401,5.69,23.76,0.00,984.408068607979,ON,DEPLOYED,AUTO
19:44:22.503,6.09,24.52,0.00,1004.6056841041016,ON,DEPLOYED,AUTO
19:44:22.603,6.48,25.27,0.00,1024.041944025532,ON,DEPLOYED,AUTO
19:44:22.703,6.85,26.01,0.00,1042.668267844675,ON,DEPLOYED,AUTO
19:44:22.804,7.21,26.74,0.00,1060.438099452384,ON,DEPLOYED,AUTO
19:44:22.905,7.55,27.45,0.00,1077.307023523989,ON,DEPLOYED,AUTO
19:44:23.005,7.86,28.16,0.00,1093.2328765344766,ON,DEPLOYED,AUTO
19:44:23.105,8.16,28.86,0.00,1108.175852145344,ON,DEPLOYED,AUTO
19:44:23.206,8.44,29.54,0.00,1122.0986006997152,ON,DEPLOYED,AUTO
19:44:23.307,8.70,30.22,0.00,1134.966322577031,ON,DEPLOYED,AUTO
19:44:23.407,8.93,30.88,0.00,1146.7468551739782,ON,DEPLOYED,AUTO
19:44:23.509,9.15,31.53,0.00,1157.410753294247,ON,DEPLOYED,AUTO
19:44:23.608,9.34,32.16,0.00,1166.931362746187,ON,DEPLOYED,AUTO
19:44:23.709,9.51,32.78,0.00,1175.284886964406,ON,DEPLOYED,AUTO
19:44:23.810,9.65,33.39,0.00,1182.4504464887896,ON,DEPLOYED,AUTO
19:44:23.910,9.77,33.99,0.00,1188.4101311522777,ON,DEPLOYED,AUTO
19:44:24.011,9.86,34.57,0.00,1193.1490448469556,ON,DEPLOYED,AUTO
19:44:24.111,9.93,35.14,0.00,1196.655342756565,ON,DEPLOYED,AUTO
19:44:24.211,9.98,35.70,0.00,1198.9202609623762,ON,DEPLOYED,AUTO
19:44:24.312,10.00,36.24,0.00,1199.9381383484215,ON,DEPLOYED,AUTO
19:44:24.413,9.99,36.76,0.00,1199.706430751336,ON,DEPLOYED,AUTO
19:44:24.514,9.96,37.28,0.00,1198.2257173194414,ON,DEPLOYED,AUTO
19:44:24.614,9.91,37.77,0.00,1195.4996990651769,ON,DEPLOYED,AUTO
19:44:24.714,9.83,38.25,0.00,1191.5351896144953,ON,DEPLOYED,AUTO
19:44:24.815,9.73,38.72,0.00,1186.3420981763466,ON,DEPLOYED,AUTO
19:44:24.915,9.60,39.17,0.00,1179.9334047748166,ON,DEPLOYED,AUTO
19:44:25.016,9.45,39.61,0.00,1172.3251278058265,ON,DEPLOYED,AUTO
19:44:25.116,9.27,40.03,0.00,1163.5362839994846,ON,DEPLOYED,AUTO
19:44:25.217,9.07,40.43,0.00,1153.5888408881656,ON,DEPLOYED,AUTO
19:44:25.318,8.85,40.82,0.00,1142.5076618991197,ON,DEPLOYED,AUTO
19:44:25.418,8.61,41.19,0.00,1130.3204442088536,ON,DEPLOYED,AUTO
19:44:25.519,8.34,41.54,0.00,1117.0576495146124,ON,DEPLOYED,AUTO
19:44:25.619,8.06,41.88,0.00,1102.7524278960022,ON,DEPLOYED,AUTO
19:44:25.719,7.75,42.20,0.00,1087.4405349570543,ON,DEPLOYED,AUTO
19:44:25.820,7.42,42.50,0.00,1071.160242455837,ON,DEPLOYED,AUTO
19:44:25.920,7.08,42.79,0.00,1053.952242644991,ON,DEPLOYED,AUTO
19:44:26.022,6.72,43.06,0.00,1035.8595465622905,ON,DEPLOYED,AUTO
19:44:26.122,6.34,43.31,0.00,1016.9273765254488,ON,DEPLOYED,AUTO
19:44:26.222,5.94,43.55,0.00,997.2030530998748,ON,DEPLOYED,AUTO
19:44:26.324,5.53,43.77,0.00,976.7358768219035,ON,DEPLOYED,AUTO
19:44:26.423,5.11,43.97,0.00,955.5770049731311,ON,DEPLOYED,AUTO
19:44:26.524,4.68,44.15,0.00,933.7793237138524,ON,DEPLOYED,AUTO
19:44:26.625,4.23,44.32,0.00,911.3973158952031,ON,DEPLOYED,AUTO
19:44:26.726,3.77,44.46,0.00,888.4869248804057,ON,DEPLOYED,AUTO
19:44:26.826,3.30,44.59,0.00,865.1054147154969,ON,DEPLOYED,AUTO
19:44:26.927,2.83,44.70,0.00,841.3112269990339,ON,DEPLOYED,AUTO
19:44:27.028,2.34,44.80,0.00,817.1638348085353,ON,DEPLOYED,AUTO
19:44:27.128,1.85,44.87,0.00,792.7235940487589,ON,DEPLOYED,AUTO
19:44:27.229,1.36,44.93,0.00,768.051592593373,ON,DEPLOYED,AUTO
19:44:27.330,0.86,44.97,0.00,743.2094975970869,ON,DEPLOYED,AUTO
19:44:27.430,0.37,45.00,0.00,718.2594013598786,ON,DEPLOYED,AUTO
19:44:27.530,-0.13,45.00,0.00,693.2636661285826,ON,DEPLOYED,AUTO
19:44:27.631,-0.63,44.99,0.00,668.2847682237505,ON,DEPLOYED,AUTO
19:44:27.731,-1.13,44.95,0.00,643.3851418813861,ON,DEPLOYED,AUTO
19:44:27.832,-1.63,44.90,0.00,618.6270231998712,ON,DEPLOYED,AUTO
19:44:27.932,-2.12,44.84,0.00,197.0361472910655,ON,RETRACTED,AUTO
19:44:28.032,-2.60,44.75,0.00,184.89116503092743,ON,RETRACTED,AUTO
19:44:28.133,-3.08,44.65,0.00,172.90892095018742,ON,RETRACTED,AUTO
19:44:28.233,-3.56,44.53,0.00,161.1193644188155,ON,RETRACTED,AUTO
19:44:28.334,-4.02,44.39,0.00,149.55196318825796,ON,RETRACTED,AUTO
19:44:28.434,-4.47,44.23,0.00,138.2356297374053,ON,RETRACTED,AUTO
19:44:28.534,-4.91,44.05,0.00,127.19864900645233,ON,RETRACTED,AUTO
19:44:28.635,-5.34,43.86,0.00,116.46860769927812,ON,RETRACTED,AUTO
19:44:28.736,-5.76,43.65,0.00,106.0723253310534,ON,RETRACTED,AUTO
19:44:28.836,-6.16,43.42,0.00,96.03578719341968,ON,RETRACTED,AUTO
19:44:28.936,-6.54,43.18,0.00,86.3840794047932,ON,RETRACTED,AUTO
19:44:29.037,-6.91,42.92,0.00,77.1413262081335,ON,RETRACTED,AUTO
19:44:29.137,-7.27,42.64,0.00,68.33062967289953,ON,RETRACTED,AUTO
19:44:29.239,-7.60,42.34,0.00,59.97401195190753,ON,RETRACTED,AUTO
19:44:29.339,-7.92,42.03,0.00,52.092360237417694,ON,RETRACTED,AUTO
19:44:29.440,-8.21,41.70,0.00,44.70537455403158,ON,RETRACTED,AUTO
19:44:29.540,-8.49,41.35,0.00,37.83151851888999,ON,RETRACTED,AUTO
19:44:29.640,-8.74,40.99,0.00,31.487973192245875,ON,RETRACTED,AUTO
19:44:29.741,-8.97,40.61,0.00,25.690594133761465,ON,RETRACTED,AUTO
19:44:29.843,-9.18,40.21,0.00,20.453871771866375,ON,RETRACTED,AUTO
19:44:29.942,-9.37,39.80,0.00,15.790895185233126,ON,RETRACTED,AUTO
19:44:30.043,-9.53,39.37,0.00,11.713319386897211,ON,RETRACTED,AUTO
19:44:30.144,-9.67,38.93,0.00,8.23133619279406,ON,RETRACTED,AUTO
19:44:30.244,-9.79,38.47,0.00,5.353648747527217,ON,RETRACTED,AUTO
19:44:30.345,-9.88,38.00,0.00,3.087449771039246,ON,RETRACTED,AUTO
19:44:30.445,-9.94,37.51,0.00,1.4384035805578321,ON,RETRACTED,AUTO
19:44:30.546,-9.98,37.00,0.00,0.4106319327524943,ON,RETRACTED,AUTO
19:44:30.646,-10.00,36.48,0.00,0.006703721489657255,ON,RETRACTED,AUTO
19:44:30.747,-9.99,35.95,0.00,0.22762855693576967,ON,RETRACTED,AUTO
19:44:30.847,-9.96,35.40,0.00,1.0728542420576161,ON,RETRACTED,AUTO
19:44:30.948,-9.90,34.84,0.00,2.5402681528273945,ON,RETRACTED,AUTO
19:44:31.049,-9.81,34.26,0.00,4.6262025186825895,ON,RETRACTED,AUTO
19:44:31.149,-9.71,33.67,0.00,7.325443590042113,ON,RETRACTED,AUTO
19:44:31.250,-9.57,33.07,0.00,10.63124466996507,ON,RETRACTED,AUTO
19:44:31.350,-9.42,32.45,0.00,14.535342977379543,ON,RETRACTED,AUTO
19:44:31.451,-9.24,31.82,0.00,19.027980299732008,ON,RETRACTED,AUTO
19:44:31.552,-9.04,31.18,0.00,24.097927383436826,ON,RETRACTED,AUTO
19:44:31.652,-8.81,30.52,0.00,29.73251200116198,ON,RETRACTED,AUTO
19:44:31.753,-8.56,29.85,0.00,35.917650625798046,ON,RETRACTED,AUTO
19:44:31.853,-8.29,29.18,0.00,42.63788363194121,ON,RETRACTED,AUTO
19:44:31.954,-8.00,28.48,0.00,49.87641393690572,ON,RETRACTED,AUTO
19:44:32.055,-7.70,27.78,0.00,57.61514898468272,ON,RETRACTED,AUTO
19:44:32.155,-7.37,27.07,0.00,65.83474596790793,ON,RETRACTED,AUTO
19:44:32.256,-7.02,26.34,0.00,74.51466017480655,ON,RETRACTED,AUTO
19:44:32.355,-6.65,25.61,0.00,83.63319634027303,ON,RETRACTED,AUTO
19:44:32.456,-6.27,24.86,0.00,93.16756287273543,ON,RETRACTED,AUTO
19:44:32.556,-5.88,24.11,0.00,103.09392882126446,ON,RETRACTED,AUTO
19:44:32.658,-5.46,23.34,0.00,113.38748344054011,ON,RETRACTED,AUTO
19:44:32.758,-5.04,22.57,0.00,124.02249820479364,ON,RETRACTED,AUTO
19:44:32.858,-4.60,21.79,0.00,134.97239111572281,ON,RETRACTED,AUTO
19:44:32.959,-4.15,21.00,0.00,146.2097931436441,ON,RETRACTED,AUTO
19:44:33.059,-3.69,20.20,0.00,157.70661663581336,ON,RETRACTED,AUTO
19:44:33.160,-3.22,19.39,0.00,169.43412552092985,ON,RETRACTED,AUTO
19:44:33.260,-2.75,18.57,0.00,181.36300713434917,ON,RETRACTED,AUTO
19:44:33.361,-2.26,17.75,0.00,193.46344548447897,ON,RETRACTED,AUTO
19:44:33.461,-1.77,16.92,0.00,611.4103915544604,ON,DEPLOYED,AUTO
19:44:33.562,-1.28,16.08,0.00,636.1153200245021,ON,DEPLOYED,AUTO
19:44:33.662,-0.78,15.24,0.00,660.9799269239854,ON,DEPLOYED,AUTO
19:44:33.763,-0.28,14.39,0.00,685.9420636848985,ON,DEPLOYED,AUTO
19:44:33.864,0.22,13.53,0.00,710.9393379653677,ON,DEPLOYED,AUTO
19:44:33.964,0.72,12.67,0.00,735.9092695980205,ON,DEPLOYED,AUTO
19:44:34.064,1.22,11.80,0.00,760.7894467578636,ON,DEPLOYED,AUTO
19:44:34.165,1.71,10.93,0.00,785.5176819593428,ON,DEPLOYED,AUTO
19:44:34.267,2.20,10.06,0.00,810.0321674926699,ON,DEPLOYED,AUTO
19:44:34.367,2.69,9.18,0.00,834.2716299109085,ON,DEPLOYED,AUTO
19:44:34.467,3.16,8.30,0.00,858.1754831816804,ON,DEPLOYED,AUTO
19:44:34.567,3.63,7.41,0.00,881.6839801206944,ON,DEPLOYED,AUTO
19:44:34.668,4.09,6.52,0.00,904.7383617285911,ON,DEPLOYED,AUTO
19:44:34.768,4.55,5.63,0.00,927.2810040578402,ON,DEPLOYED,AUTO
19:44:34.869,4.99,4.73,0.00,949.2555622425994,ON,DEPLOYED,AUTO
19:44:34.970,5.41,3.84,0.00,970.607111331535,ON,DEPLOYED,AUTO
19:44:35.071,5.83,2.94,0.00,991.2822835715959,ON,DEPLOYED,AUTO
19:44:35.171,6.22,2.04,0.00,1011.2294017996035,ON,DEPLOYED,AUTO
19:44:35.272,6.61,1.14,0.00,1030.3986086082455,ON,DEPLOYED,AUTO
19:44:35.372,6.97,0.24,0.00,1048.74199096363,ON,DEPLOYED,AUTO
19:44:35.473,7.32,-0.66,0.00,1066.213699962917,ON,DEPLOYED,AUTO
19:44:35.578,7.66,-1.56,0.00,1082.7700654326982,ON,DEPLOYED,AUTO
19:44:35.680,7.97,-2.46,0.00,1098.369705081687,ON,DEPLOYED,AUTO
19:44:35.781,8.26,-3.35,0.00,1112.9736279348963,ON,DEPLOYED,AUTO
19:44:35.882,8.53,-4.25,0.00,1126.5453317907686,ON,DEPLOYED,AUTO
19:44:35.984,8.78,-5.15,0.00,1139.050894457671,ON,DEPLOYED,AUTO
19:44:36.085,9.01,-6.04,0.00,1150.4590585417068,ON,DEPLOYED,AUTO
19:44:36.185,9.21,-6.93,0.00,1160.7413095739228,ON,DEPLOYED,AUTO
19:44:36.286,9.40,-7.82,0.00,1169.871947281631,ON,DEPLOYED,AUTO
19:44:36.387,9.56,-8.70,0.00,1177.8281498257065,ON,DEPLOYED,AUTO
19:44:36.487,9.69,-9.58,0.00,1184.5900308432988,ON,DEPLOYED,AUTO
19:44:36.588,9.80,-10.46,0.00,1190.1406891533836,ON,DEPLOYED,AUTO
19:44:36.688,9.89,-11.33,0.00,1194.4662510009125,ON,DEPLOYED,AUTO
19:44:36.789,9.95,-12.20,0.00,1197.5559047339752,ON,DEPLOYED,AUTO
19:44:36.889,9.99,-13.07,0.00,1199.4019278273004,ON,DEPLOYED,AUTO
19:44:36.990,10.00,-13.92,0.00,1199.9997061845445,ON,DEPLOYED,AUTO
19:44:37.090,9.99,-14.78,0.00,1199.3477456711312,ON,DEPLOYED,AUTO
19:44:37.191,9.95,-15.62,0.00,1197.44767584881,ON,DEPLOYED,AUTO
19:44:37.292,9.89,-16.47,0.00,1194.304245902599,ON,DEPLOYED,AUTO
19:44:37.393,9.80,-17.30,0.00,1189.9253127702973,ON,DEPLOYED,AUTO
19:44:37.494,9.69,-18.13,0.00,1184.3218215042316,ON,DEPLOYED,AUTO
19:44:37.594,9.55,-18.95,0.00,1177.5077779143253,ON,DEPLOYED,AUTO
19:44:37.694,9.39,-19.76,0.00,1169.5002135608681,ON,DEPLOYED,AUTO
19:44:37.795,9.21,-20.56,0.00,1160.3191431844846,ON,DEPLOYED,AUTO
19:44:37.895,9.00,-21.36,0.00,1149.987514679707,ON,DEPLOYED,AUTO
19:44:37.996,8.77,-22.15,0.00,1138.5311517371892,ON,DEPLOYED,AUTO
19:44:38.099,8.52,-22.93,0.00,1125.9786892979296,ON,DEPLOYED,AUTO
19:44:38.200,8.25,-23.70,0.00,1112.36150198083,ON,DEPLOYED,AUTO
19:44:38.300,7.95,-24.46,0.00,1097.71362566249,ON,DEPLOYED,AUTO
19:44:38.400,7.64,-25.21,0.00,1082.0716724052384,ON,DEPLOYED,AUTO
19:44:38.500,7.31,-25.95,0.00,1065.4747389460474,ON,DEPLOYED,AUTO
19:44:38.601,6.96,-26.68,0.00,1047.9643089750493,ON,DEPLOYED,AUTO
19:44:38.702,6.59,-27.40,0.00,1029.5841494479162,ON,DEPLOYED,AUTO
19:44:38.802,6.21,-28.11,0.00,1010.3802011912642,ON,DEPLOYED,AUTO
19:44:38.902,5.81,-28.80,0.00,990.4004640745125,ON,DEPLOYED,AUTO
19:44:39.003,5.39,-29.49,0.00,969.6948770352072,ON,DEPLOYED,AUTO
19:44:39.104,4.97,-30.16,0.00,948.3151932576859,ON,DEPLOYED,AUTO
19:44:39.204,4.53,-30.82,0.00,926.3148508170686,ON,DEPLOYED,AUTO
19:44:39.305,4.07,-31.47,0.00,903.7488391119005,ON,DEPLOYED,AUTO
19:44:39.406,3.61,-32.11,0.00,880.6735614192929,ON,DEPLOYED,AUTO
19:44:39.506,3.14,-32.74,0.00,857.1466939161057,ON,DEPLOYED,AUTO
19:44:39.607,2.66,-33.35,0.00,833.2270415185416,ON,DEPLOYED,AUTO
19:44:39.707,2.18,-33.94,0.00,808.9743909004806,ON,DEPLOYED,AUTO
19:44:39.807,1.69,-34.53,0.00,784.449361057932,ON,DEPLOYED,AUTO
19:44:39.909,1.19,-35.10,0.00,759.7132517931142,ON,DEPLOYED,AUTO
19:44:40.009,0.70,-35.65,0.00,734.8278904968729,ON,DEPLOYED,AUTO
19:44:40.109,0.20,-36.20,0.00,709.8554776124035,ON,DEPLOYED,AUTO
19:44:40.210,-0.30,-36.72,0.00,684.8584311665364,ON,DEPLOYED,AUTO
19:44:40.310,-0.80,-37.24,0.00,659.8992307571766,ON,DEPLOYED,AUTO
19:44:40.412,-1.30,-37.73,0.00,635.0402613868478,ON,DEPLOYED,AUTO
19:44:40.512,-1.79,-38.22,0.00,610.3436575326751,ON,DEPLOYED,AUTO
19:44:40.613,-2.28,-38.68,0.00,192.93557392127593,ON,RETRACTED,AUTO
19:44:40.713,-2.77,-39.14,0.00,180.84195042283352,ON,RETRACTED,AUTO
19:44:40.814,-3.24,-39.57,0.00,168.9211860315193,ON,RETRACTED,AUTO
19:44:40.914,-3.71,-39.99,0.00,157.20307645009774,ON,RETRACTED,AUTO
19:44:41.015,-4.17,-40.40,0.00,145.71691084984906,ON,RETRACTED,AUTO
19:44:41.115,-4.62,-40.79,0.00,134.4913986628947,ON,RETRACTED,AUTO
19:44:41.216,-5.06,-41.16,0.00,123.55459782356851,ON,RETRACTED,AUTO
19:44:41.318,-5.48,-41.51,0.00,112.93384463819322,ON,RETRACTED,AUTO
19:44:41.417,-5.89,-41.85,0.00,102.65568545855115,ON,RETRACTED,AUTO
19:44:41.518,-6.29,-42.18,0.00,92.74581032982977,ON,RETRACTED,AUTO
19:44:41.619,-6.67,-42.48,0.00,83.22898877888781,ON,RETRACTED,AUTO
19:44:41.719,-7.03,-42.77,0.00,74.12900790333805,ON,RETRACTED,AUTO
19:44:41.819,-7.38,-43.04,0.00,65.468612916191,ON,RETRACTED,AUTO
19:44:41.920,-7.71,-43.29,0.00,57.26945029466822,ON,RETRACTED,AUTO
19:44:42.020,-8.02,-43.53,0.00,49.55201367528227,ON,RETRACTED,AUTO
19:44:42.121,-8.31,-43.75,0.00,42.33559263041852,ON,RETRACTED,AUTO
19:44:42.222,-8.57,-43.95,0.00,35.63822445444981,ON,RETRACTED,AUTO
19:44:42.322,-8.82,-44.14,0.00,29.47664907989426,ON,RETRACTED,AUTO
19:44:42.422,-9.05,-44.30,0.00,23.866267236301923,ON,RETRACTED,AUTO
19:44:42.523,-9.25,-44.45,0.00,18.821101956451542,ON,RETRACTED,AUTO
19:44:42.623,-9.43,-44.58,0.00,14.353763526071504,ON,RETRACTED,AUTO
19:44:42.724,-9.58,-44.70,0.00,10.475417964693008,ON,RETRACTED,AUTO
19:44:42.825,-9.71,-44.79,0.00,7.195759116416241,ON,RETRACTED,AUTO
19:44:42.926,-9.82,-44.87,0.00,4.5229844203485925,ON,RETRACTED,AUTO
19:44:43.027,-9.90,-44.93,0.00,2.4637744212761845,ON,RETRACTED,AUTO
19:44:43.134,-9.96,-44.97,0.00,1.0232760717808844,ON,RETRACTED,AUTO
19:44:43.234,-9.99,-44.99,0.00,0.2050898675393853,ON,RETRACTED,AUTO
19:44:43.335,-10.00,-45.00,0.00,0.01126084795922111,ON,RETRACTED,AUTO
19:44:43.435,-9.98,-44.99,0.00,0.4422734846450851,ON,RETRACTED,AUTO
19:44:43.536,-9.94,-44.96,0.00,1.4970504704723737,ON,RETRACTED,AUTO
19:44:43.637,-9.87,-44.91,0.00,3.1729554122936747,ON,RETRACTED,AUTO
19:44:43.737,-9.78,-44.84,0.00,5.465799420548848,ON,RETRACTED,AUTO
19:44:43.838,-9.67,-44.76,0.00,8.369851579307266,ON,RETRACTED,AUTO
19:44:43.938,-9.52,-44.66,0.00,11.877853270573127,ON,RETRACTED,AUTO
19:44:44.039,-9.36,-44.54,0.00,15.981036317050155,ON,RETRACTED,AUTO
19:44:44.139,-9.17,-44.40,0.00,20.669144898018516,ON,RETRACTED,AUTO
19:44:44.240,-8.96,-44.24,0.00,25.930461183545475,ON,RETRACTED,AUTO
19:44:44.342,-8.73,-44.07,0.00,31.75183462295763,ON,RETRACTED,AUTO
19:44:44.445,-8.48,-43.88,0.00,38.11871481436907,ON,RETRACTED,AUTO
19:44:44.546,-8.20,-43.67,0.00,45.015187873108204,ON,RETRACTED,AUTO
19:44:44.646,-7.90,-43.44,0.00,52.424016208141836,ON,RETRACTED,AUTO
19:44:44.747,-7.59,-43.20,0.00,60.32668160707544,ON,RETRACTED,AUTO
19:44:44.847,-7.25,-42.94,0.00,68.70343152204015,ON,RETRACTED,AUTO
19:44:44.948,-6.90,-42.66,0.00,77.53332844077536,ON,RETRACTED,AUTO
19:44:45.048,-6.53,-42.37,0.00,86.79430221950554,ON,RETRACTED,AUTO
19:44:45.149,-6.14,-42.05,0.00,96.46320524680559,ON,RETRACTED,AUTO
19:44:45.249,-5.74,-41.73,0.00,106.51587030057448,ON,RETRACTED,AUTO
19:44:45.350,-5.32,-41.38,0.00,116.92717095350426,ON,RETRACTED,AUTO
19:44:45.450,-4.89,-41.02,0.00,127.67108437606309,ON,RETRACTED,AUTO
19:44:45.551,-4.45,-40.64,0.00,138.72075638001627,ON,RETRACTED,AUTO
19:44:45.651,-4.00,-40.25,0.00,150.04856853991166,ON,RETRACTED,AUTO
19:44:45.752,-3.53,-39.84,0.00,161.6262072247598,ON,RETRACTED,AUTO
19:44:45.852,-3.06,-39.41,0.00,173.4247343673661,ON,RETRACTED,AUTO
19:44:45.953,-2.58,-38.97,0.00,185.41465979442802,ON,RETRACTED,AUTO
19:44:46.053,-2.10,-38.51,0.00,197.56601493661003,ON,RETRACTED,AUTO
19:44:46.153,-1.61,-38.04,0.00,619.6968554687198,ON,DEPLOYED,AUTO
19:44:46.254,-1.11,-37.55,0.00,644.46239710448,ON,DEPLOYED,AUTO
19:44:46.354,-0.61,-37.04,0.00,669.3667538240556,ON,DEPLOYED,AUTO
19:44:46.459,-0.11,-36.52,0.00,694.3476777055854,ON,DEPLOYED,AUTO
19:44:46.558,0.39,-35.99,0.00,719.3427294491788,ON,DEPLOYED,AUTO
19:44:46.659,0.89,-35.44,0.00,744.2894344426477,ON,DEPLOYED,AUTO
19:44:46.759,1.38,-34.88,0.00,769.1254389155006,ON,DEPLOYED,AUTO
19:44:46.859,1.88,-34.31,0.00,793.7886657908963,ON,DEPLOYED,AUTO
19:44:46.961,2.36,-33.72,0.00,818.2174698460059,ON,DEPLOYED,AUTO
19:44:47.061,2.85,-33.12,0.00,842.3507917929666,ON,DEPLOYED,AUTO
19:44:47.161,3.32,-32.50,0.00,866.1283108953014,ON,DEPLOYED,AUTO
19:44:47.262,3.79,-31.87,0.00,889.4905957383468,ON,DEPLOYED,AUTO
19:44:47.363,4.25,-31.23,0.00,912.3792527768375,ON,DEPLOYED,AUTO
19:44:47.463,4.69,-30.57,0.00,934.7370722883588,ON,DEPLOYED,AUTO
19:44:47.563,5.13,-29.91,0.00,956.5081713678592,ON,DEPLOYED,AUTO
19:44:47.664,5.55,-29.23,0.00,977.6381336058083,ON,DEPLOYED,AUTO
19:44:47.765,5.96,-28.54,0.00,998.0741451008828,ON,DEPLOYED,AUTO
19:44:47.866,6.36,-27.84,0.00,1017.7651264672136,ON,DEPLOYED,AUTO
19:44:47.967,6.73,-27.13,0.00,1036.6618605062495,ON,DEPLOYED,AUTO
19:44:48.067,7.09,-26.40,0.00,1054.7171152241208,ON,DEPLOYED,AUTO
19:44:48.168,7.44,-25.67,0.00,1071.8857618870284,ON,DEPLOYED,AUTO
19:44:48.268,7.76,-24.92,0.00,1088.124887819572,ON,DEPLOYED,AUTO
19:44:48.368,8.07,-24.17,0.00,1103.393903664094,ON,DEPLOYED,AUTO
19:44:48.468,8.35,-23.41,0.00,1117.6546448329323,ON,DEPLOYED,AUTO
19:44:48.569,8.62,-22.63,0.00,1130.8714669000149,ON,DEPLOYED,AUTO
19:44:48.669,8.86,-21.85,0.00,1143.0113346933617,ON,DEPLOYED,AUTO
19:44:48.771,9.08,-21.06,0.00,1154.0439048658104,ON,DEPLOYED,AUTO
19:44:48.871,9.28,-20.26,0.00,1163.9416017375806,ON,DEPLOYED,AUTO
19:44:48.971,9.45,-19.45,0.00,1172.679686221114,ON,DEPLOYED,AUTO
19:44:49.071,9.60,-18.64,0.00,1180.236317655908,ON,DEPLOYED,AUTO
19:44:49.172,9.73,-17.81,0.00,1186.592608398793,ON,DEPLOYED,AUTO
19:44:49.272,9.83,-16.98,0.00,1191.7326710332036,ON,DEPLOYED,AUTO
19:44:49.373,9.91,-16.15,0.00,1195.6436580794466,ON,DEPLOYED,AUTO
19:44:49.474,9.97,-15.30,0.00,1198.3157941067097,ON,DEPLOYED,AUTO
19:44:49.574,9.99,-14.45,0.00,1199.7424001665454,ON,DEPLOYED,AUTO
19:44:49.675,10.00,-13.60,0.00,1199.9199104867666,ON,DEPLOYED,AUTO
19:44:49.775,9.98,-12.74,0.00,1198.8478813840184,ON,DEPLOYED,AUTO
19:44:49.876,9.93,-11.87,0.00,1196.5289923727553,ON,DEPLOYED,AUTO
19:44:49.977,9.86,-11.00,0.00,1192.9690394678519,ON,DEPLOYED,AUTO
19:44:50.077,9.76,-10.13,0.00,1188.1769206975825,ON,DEPLOYED,AUTO
19:44:50.177,9.64,-9.25,0.00,1182.1646138631859,ON,DEPLOYED,AUTO
19:44:50.278,9.50,-8.37,0.00,1174.9471466005994,ON,DEPLOYED,AUTO
19:44:50.378,9.33,-7.48,0.00,1166.5425588191952,ON,DEPLOYED,AUTO
19:44:50.479,9.14,-6.59,0.00,1156.971857611402,ON,DEPLOYED,AUTO
19:44:50.580,8.93,-5.70,0.00,1146.258964745915,ON,DEPLOYED,AUTO
19:44:50.680,8.69,-4.81,0.00,1134.430656875731,ON,DEPLOYED,AUTO
19:44:50.781,8.43,-3.91,0.00,1121.5164986104628,ON,DEPLOYED,AUTO
19:44:50.881,8.15,-3.01,0.00,1107.548768620209,ON,DEPLOYED,AUTO
19:44:50.982,7.85,-2.11,0.00,1092.5623789556935,ON,DEPLOYED,AUTO
19:44:51.083,7.53,-1.21,0.00,1076.5947877863161,ON,DEPLOYED,AUTO
19:44:51.183,7.19,-0.31,0.00,1059.6859057742404,ON,DEPLOYED,AUTO
19:44:51.285,6.84,0.58,0.00,1041.8779963185211,ON,DEPLOYED,AUTO
19:44:51.386,6.46,1.48,0.00,1023.2155699186178,ON,DEPLOYED,AUTO
19:44:51.487,6.07,2.38,0.00,1003.7452729213269,ON,DEPLOYED,AUTO
19:44:51.586,5.67,3.28,0.00,983.5157709292074,ON,DEPLOYED,AUTO
19:44:51.687,5.25,4.18,0.00,962.5776271619189,ON,DEPLOYED,AUTO
19:44:51.788,4.82,5.07,0.00,940.9831760745056,ON,DEPLOYED,AUTO
19:44:51.888,4.38,5.97,0.00,918.7863925485137,ON,DEPLOYED,AUTO
19:44:51.988,3.92,6.86,0.00,896.0427569828971,ON,DEPLOYED,AUTO
19:44:52.089,3.46,7.75,0.00,872.8091166219137,ON,DEPLOYED,AUTO
19:44:52.189,2.98,8.63,0.00,849.1435434666208,ON,DEPLOYED,AUTO
19:44:52.289,2.50,9.51,0.00,825.1051891251145,ON,DEPLOYED,AUTO
19:44:52.390,2.02,10.39,0.00,800.7541369643161,ON,DEPLOYED,AUTO
19:44:52.491,1.52,11.26,0.00,776.1512519328453,ON,DEPLOYED,AUTO
19:44:52.591,1.03,12.13,0.00,751.3580284303463,ON,DEPLOYED,AUTO
19:44:52.692,0.53,13.00,0.00,726.4364366035147,ON,DEPLOYED,AUTO
19:44:52.791,0.03,13.86,0.00,701.4487674530039,ON,DEPLOYED,AUTO
19:44:52.892,-0.47,14.71,0.00,676.4574771383641,ON,DEPLOYED,AUTO
19:44:52.992,-0.97,15.56,0.00,651.5250308701698,ON,DEPLOYED,AUTO
19:44:53.093,-1.47,16.40,0.00,626.7137467795251,ON,DEPLOYED,AUTO
19:44:53.194,-1.96,17.23,0.00,602.08564015519,ON,DEPLOYED,AUTO
19:44:53.294,-2.45,18.06,0.00,188.85113421882798,ON,RETRACTED,AUTO
19:44:53.395,-2.93,18.88,0.00,176.8122886788013,ON,RETRACTED,AUTO
19:44:53.495,-3.40,19.69,0.00,164.9563743016557,ON,RETRACTED,AUTO
19:44:53.595,-3.87,20.50,0.00,153.31302469889343,ON,RETRACTED,AUTO
19:44:53.696,-4.32,21.30,0.00,141.91134218078236,ON,RETRACTED,AUTO
19:44:53.803,-4.77,22.09,0.00,130.77982501573644,ON,RETRACTED,AUTO
19:44:53.906,-5.20,22.87,0.00,119.94629619948651,ON,RETRACTED,AUTO
19:44:54.006,-5.62,23.64,0.00,109.43783391208058,ON,RETRACTED,AUTO
19:44:54.106,-6.03,24.40,0.00,99.28070383653602,ON,RETRACTED,AUTO
19:44:54.207,-6.42,25.15,0.00,89.50029350831082,ON,RETRACTED,AUTO
19:44:54.308,-6.80,25.89,0.00,80.12104885968643,ON,RETRACTED,AUTO
19:44:54.408,-7.15,26.62,0.00,71.16641311766841,ON,RETRACTED,AUTO
19:44:54.508,-7.49,27.34,0.00,62.65876820812781,ON,RETRACTED,AUTO
19:44:54.609,-7.82,28.05,0.00,54.61937881264291,ON,RETRACTED,AUTO
19:44:54.710,-8.12,28.75,0.00,47.06833921786938,ON,RETRACTED,AUTO
19:44:54.810,-8.40,29.43,0.00,40.02452309028894,ON,RETRACTED,AUTO
19:44:54.911,-8.66,30.11,0.00,33.505536301872155,ON,RETRACTED,AUTO
19:44:55.011,-8.90,30.77,0.00,27.527672924567497,ON,RETRACTED,AUTO
19:44:55.112,-9.12,31.42,0.00,22.105874503607282,ON,RETRACTED,AUTO
19:44:55.212,-9.31,32.06,0.00,17.25369271142597,ON,RETRACTED,AUTO
19:44:55.313,-9.48,32.69,0.00,12.983255475536623,ON,RETRACTED,AUTO
19:44:55.413,-9.63,33.30,0.00,9.305236665028389,ON,RETRACTED,AUTO
19:44:55.515,-9.75,33.90,0.00,6.228829411452409,ON,RETRACTED,AUTO
19:44:55.616,-9.85,34.48,0.00,3.7617231307807515,ON,RETRACTED,AUTO
19:44:55.715,-9.92,35.05,0.00,1.9100843038710593,ON,RETRACTED,AUTO
19:44:55.816,-9.97,35.61,0.00,0.6785410634757056,ON,RETRACTED,AUTO
19:44:55.916,-10.00,36.15,0.00,0.0701716263204446,ON,RETRACTED,AUTO
19:44:56.017,-10.00,36.68,0.00,0.08649659916548558,ON,RETRACTED,AUTO
19:44:56.117,-9.97,37.20,0.00,0.7274751780805957,ON,RETRACTED,AUTO
19:44:56.218,-9.92,37.70,0.00,1.9915052504336472,ON,RETRACTED,AUTO
19:44:56.318,-9.84,38.18,0.00,3.875427399337923,ON,RETRACTED,AUTO
19:44:56.419,-9.75,38.65,0.00,6.374532800548735,ON,RETRACTED,AUTO
19:44:56.519,-9.62,39.10,0.00,9.482574992071989,ON,RETRACTED,AUTO
19:44:56.619,-9.47,39.54,0.00,13.191785487065914,ON,RETRACTED,AUTO
19:44:56.722,-9.30,39.96,0.00,17.492893191012428,ON,RETRACTED,AUTO
19:44:56.822,-9.10,40.37,0.00,22.375147574625203,ON,RETRACTED,AUTO
19:44:56.922,-8.89,40.76,0.00,27.826345544574025,ON,RETRACTED,AUTO
19:44:57.023,-8.65,41.13,0.00,33.83286194486294,ON,RETRACTED,AUTO
19:44:57.124,-8.38,41.49,0.00,40.379683612624376,ON,RETRACTED,AUTO
19:44:57.224,-8.10,41.83,0.00,47.45044690320762,ON,RETRACTED,AUTO
19:44:57.325,-7.80,42.15,0.00,55.02747859076848,ON,RETRACTED,AUTO
19:44:57.425,-7.48,42.46,0.00,63.09184004212969,ON,RETRACTED,AUTO
19:44:57.526,-7.14,42.75,0.00,71.62337455350098,ON,RETRACTED,AUTO
19:44:57.626,-6.78,43.02,0.00,80.60075773174103,ON,RETRACTED,AUTO
19:44:57.727,-6.40,43.27,0.00,90.00155079423484,ON,RETRACTED,AUTO
19:44:57.827,-6.01,43.51,0.00,99.80225665416444,ON,RETRACTED,AUTO
19:44:57.928,-5.60,43.73,0.00,109.97837865098876,ON,RETRACTED,AUTO
19:44:58.029,-5.18,43.94,0.00,120.50448177933737,ON,RETRACTED,AUTO
19:44:58.129,-4.75,44.12,0.00,131.35425626327782,ON,RETRACTED,AUTO
19:44:58.230,-4.30,44.29,0.00,142.50058331705338,ON,RETRACTED,AUTO
19:44:58.330,-3.84,44.44,0.00,153.91560292792428,ON,RETRACTED,AUTO
19:44:58.433,-3.38,44.57,0.00,165.57078349169046,ON,RETRACTED,AUTO
19:44:58.532,-2.90,44.69,0.00,177.436993126843,ON,RETRACTED,AUTO
19:44:58.640,-2.42,44.78,0.00,189.48457248909628,ON,RETRACTED,AUTO
19:44:58.741,-1.93,44.86,0.00,603.366817808605,ON,DEPLOYED,AUTO
19:44:58.841,-1.44,44.92,0.00,628.0060232689093,ON,DEPLOYED,AUTO
19:44:58.943,-0.94,44.97,0.00,652.8251761773043,ON,DEPLOYED,AUTO
19:44:59.044,-0.44,44.99,0.00,677.7622415770836,ON,DEPLOYED,AUTO
19:44:59.145,0.06,45.00,0.00,702.75488979172,ON,DEPLOYED,AUTO
19:44:59.245,0.55,44.99,0.00,727.7406522165959,ON,DEPLOYED,AUTO
19:44:59.346,1.05,44.96,0.00,752.657077457982,ON,DEPLOYED,AUTO
19:44:59.447,1.55,44.91,0.00,777.4418874289983,ON,DEPLOYED,AUTO
19:44:59.549,2.04,44.85,0.00,802.0331330123958,ON,DEPLOYED,AUTO
19:44:59.649,2.53,44.77,0.00,826.3693489010889,ON,DEPLOYED,AUTO
19:44:59.749,3.01,44.66,0.00,850.3897072294118,ON,DEPLOYED,AUTO
19:44:59.850,3.48,44.55,0.00,874.0341696111038,ON,DEPLOYED,AUTO
19:44:59.951,3.94,44.41,0.00,897.2436372040083,ON,DEPLOYED,AUTO
19:45:00.052,4.40,44.26,0.00,919.9600984263998,ON,DEPLOYED,AUTO
19:45:00.152,4.84,44.08,0.00,942.1267739557261,ON,DEPLOYED,AUTO
19:45:00.252,5.27,43.89,0.00,963.6882586473449,ON,DEPLOYED,AUTO
19:45:00.352,5.69,43.69,0.00,984.590660018531,ON,DEPLOYED,AUTO
19:45:00.453,6.10,43.46,0.00,1004.7817329516163,ON,DEPLOYED,AUTO
19:45:00.553,6.48,43.22,0.00,1024.211010279575,ON,DEPLOYED,AUTO
19:45:00.653,6.86,42.96,0.00,1042.829928927659,ON,DEPLOYED,AUTO
19:45:00.754,7.21,42.68,0.00,1060.5919512957933,ON,DEPLOYED,AUTO
19:45:00.855,7.55,42.39,0.00,1077.4526815783393,ON,DEPLOYED,AUTO
19:45:00.955,7.87,42.08,0.00,1093.3699767304893,ON,DEPLOYED,AUTO
19:45:01.055,8.17,41.75,0.00,1108.3040518039297,ON,DEPLOYED,AUTO
19:45:01.156,8.44,41.41,0.00,1122.2175793884921,ON,DEPLOYED,AUTO
19:45:01.257,8.70,41.05,0.00,1135.0757829112406,ON,DEPLOYED,AUTO
19:45:01.357,8.94,40.67,0.00,1146.8465235597905,ON,DEPLOYED,AUTO
19:45:01.457,9.15,40.28,0.00,1157.5003806126037,ON,DEPLOYED,AUTO
19:45:01.557,9.34,39.87,0.00,1167.0107249754694,ON,DEPLOYED,AUTO
19:45:01.658,9.51,39.44,0.00,1175.353785740372,ON,DEPLOYED,AUTO
19:45:01.758,9.65,39.00,0.00,1182.5087096003808,ON,DEPLOYED,AUTO
19:45:01.859,9.77,38.55,0.00,1188.457612972058,ON,DEPLOYED,AUTO
19:45:01.961,9.86,38.07,0.00,1193.185626695104,ON,DEPLOYED,AUTO
19:45:02.060,9.93,37.59,0.00,1196.680933197512,ON,DEPLOYED,AUTO
19:45:02.161,9.98,37.08,0.00,1198.9347960333473,ON,DEPLOYED,AUTO
19:45:02.261,10.00,36.57,0.00,1199.9415817193085,ON,DEPLOYED,AUTO
19:45:02.362,9.99,36.03,0.00,1199.6987738155053,ON,DEPLOYED,AUTO
19:45:02.463,9.96,35.49,0.00,1198.2069792152447,ON,DEPLOYED,AUTO
19:45:02.564,9.91,34.93,0.00,1195.469926628116,ON,DEPLOYED,AUTO
19:45:02.664,9.83,34.35,0.00,1191.4944572601576,ON,DEPLOYED,AUTO
19:45:02.765,9.73,33.77,0.00,1186.2905077144053,ON,DEPLOYED,AUTO
19:45:02.866,9.60,33.16,0.00,1179.8710851545586,ON,DEPLOYED,AUTO
19:45:02.966,9.45,32.55,0.00,1172.252234793847,ON,DEPLOYED,AUTO
19:45:03.067,9.27,31.92,0.00,1163.4529997903517,ON,DEPLOYED,AUTO
19:45:03.167,9.07,31.28,0.00,1153.4953736490284,ON,DEPLOYED,AUTO
19:45:03.268,8.85,30.63,0.00,1142.4042452493993,ON,DEPLOYED,AUTO
19:45:03.368,8.60,29.96,0.00,1130.2073366363159,ON,DEPLOYED,AUTO
19:45:03.468,8.34,29.28,0.00,1116.9351337292835,ON,DEPLOYED,AUTO
19:45:03.569,8.05,28.60,0.00,1102.6208101235404,ON,DEPLOYED,AUTO
19:45:03.670,7.75,27.89,0.00,1087.3001441733459,ON,DEPLOYED,AUTO
19:45:03.770,7.42,27.18,0.00,1071.0114295647268,ON,DEPLOYED,AUTO
19:45:03.870,7.08,26.46,0.00,1053.7953796012064,ON,DEPLOYED,AUTO
19:45:03.970,6.71,25.73,0.00,1035.6950254417484,ON,DEPLOYED,AUTO
19:45:04.071,6.34,24.98,0.00,1016.7556085452698,ON,DEPLOYED,AUTO
19:45:04.172,5.94,24.23,0.00,997.0244675905542,ON,DEPLOYED,AUTO
19:45:04.272,5.53,23.47,0.00,976.550920154209,ON,DEPLOYED,AUTO
19:45:04.373,5.11,22.69,0.00,955.3861394424085,ON,DEPLOYED,AUTO
19:45:04.473,4.67,21.91,0.00,933.5830263845277,ON,DEPLOYED,AUTO
19:45:04.574,4.22,21.12,0.00,911.1960774083698,ON,DEPLOYED,AUTO
19:45:04.675,3.77,20.32,0.00,888.2812482274779,ON,DEPLOYED,AUTO
19:45:04.775,3.30,19.52,0.00,864.8958139809926,ON,DEPLOYED,AUTO
19:45:04.876,2.82,18.70,0.00,841.0982260756316,ON,DEPLOYED,AUTO
19:45:04.975,2.34,17.88,0.00,816.9479660876145,ON,DEPLOYED,AUTO
19:45:05.076,1.85,17.05,0.00,792.5053970896997,ON,DEPLOYED,AUTO
19:45:05.176,1.36,16.21,0.00,767.8316127749385,ON,DEPLOYED,AUTO
19:45:05.277,0.86,15.37,0.00,742.9882847542597,ON,DEPLOYED,AUTO
19:45:05.377,0.36,14.52,0.00,718.0375084095604,ON,DEPLOYED,AUTO
19:45:05.480,-0.14,13.67,0.00,693.0416476875896,ON,DEPLOYED,AUTO
19:45:05.584,-0.64,12.81,0.00,668.0631792225603,ON,DEPLOYED,AUTO
19:45:05.695,-1.14,11.94,0.00,643.1645361771002,ON,DEPLOYED,AUTO
19:45:05.796,-1.63,11.07,0.00,618.4079521918612,ON,DEPLOYED,AUTO
19:45:05.898,-2.12,10.20,0.00,196.92765291691347,ON,RETRACTED,AUTO
19:45:05.998,-2.61,9.32,0.00,184.78398296606093,ON,RETRACTED,AUTO
19:45:06.099,-3.09,8.44,0.00,172.80331909394934,ON,RETRACTED,AUTO
19:45:06.199,-3.56,7.55,0.00,161.01560672085006,ON,RETRACTED,AUTO
19:45:06.300,-4.02,6.66,0.00,149.45030898877405,ON,RETRACTED,AUTO
19:45:06.401,-4.47,5.77,0.00,138.1363331189612,ON,RETRACTED,AUTO
19:45:06.501,-4.92,4.88,0.00,127.1019581588814,ON,RETRACTED,AUTO
19:45:06.601,-5.35,3.98,0.00,116.37476429934375,ON,RETRACTED,AUTO
19:45:06.702,-5.76,3.08,0.00,105.98156393838269,ON,RETRACTED,AUTO
19:45:06.802,-6.16,2.19,0.00,95.9483346642267,ON,RETRACTED,AUTO
19:45:06.903,-6.55,1.29,0.00,86.30015432485655,ON,RETRACTED,AUTO
19:45:07.004,-6.92,0.39,0.00,77.06113834644566,ON,RETRACTED,AUTO
19:45:07.105,-7.27,-0.51,0.00,68.25437945735368,ON,RETRACTED,AUTO
19:45:07.205,-7.60,-1.41,0.00,59.9018899683322,ON,RETRACTED,AUTO
19:45:07.311,-7.92,-2.31,0.00,52.02454675321144,ON,RETRACTED,AUTO
19:45:07.411,-8.21,-3.21,0.00,44.64203906758834,ON,RETRACTED,AUTO
19:45:07.512,-8.49,-4.11,0.00,37.772819335941364,ON,RETRACTED,AUTO
19:45:07.613,-8.74,-5.00,0.00,31.434057030179332,ON,RETRACTED,AUTO
19:45:07.713,-8.97,-5.90,0.00,25.641595754903136,ON,RETRACTED,AUTO
19:45:07.814,-9.18,-6.79,0.00,20.40991364664555,ON,RETRACTED,AUTO
19:45:07.914,-9.37,-7.68,0.00,15.752087186069929,ON,RETRACTED,AUTO
19:45:08.015,-9.53,-8.56,0.00,11.679758513578719,ON,RETRACTED,AUTO
19:45:08.116,-9.67,-9.44,0.00,8.203106330025406,ON,RETRACTED,AUTO
19:45:08.216,-9.79,-10.32,0.00,5.3308204552635345,ON,RETRACTED,AUTO
19:45:08.317,-9.88,-11.19,0.00,3.070080108122397,ON,RETRACTED,AUTO
19:45:08.416,-9.94,-12.06,0.00,1.4265359620991944,ON,RETRACTED,AUTO
19:45:08.517,-9.98,-12.93,0.00,0.4042960216176539,ON,RETRACTED,AUTO
19:45:08.618,-10.00,-13.79,0.00,0.005915354156798003,ON,RETRACTED,AUTO
19:45:08.719,-9.99,-14.64,0.00,0.23238970391264502,ON,RETRACTED,AUTO
19:45:08.818,-9.96,-15.49,0.00,1.0831530029563226,ON,RETRACTED,AUTO
19:45:08.919,-9.90,-16.33,0.00,2.5560787861091967,ON,RETRACTED,AUTO
19:45:09.019,-9.81,-17.17,0.00,4.647485505998276,ON,RETRACTED,AUTO
19:45:09.120,-9.71,-18.00,0.00,7.352145735007355,ON,RETRACTED,AUTO
19:45:09.221,-9.57,-18.82,0.00,10.663299231123716,ON,RETRACTED,AUTO
19:45:09.321,-9.42,-19.63,0.00,14.572669835022367,ON,RETRACTED,AUTO
19:45:09.421,-9.24,-20.44,0.00,19.070486156154345,ON,RETRACTED,AUTO
19:45:09.522,-9.03,-21.23,0.00,24.145505996134204,ON,RETRACTED,AUTO
19:45:09.622,-8.81,-22.02,0.00,29.78504444838117,ON,RETRACTED,AUTO
19:45:09.723,-8.56,-22.80,0.00,35.97500560377932,ON,RETRACTED,AUTO
19:45:09.823,-8.29,-23.57,0.00,42.69991778310958,ON,RETRACTED,AUTO
19:45:09.924,-8.00,-24.34,0.00,49.942972208189985,ON,RETRACTED,AUTO
19:45:10.025,-7.69,-25.09,0.00,57.686065015067555,ON,RETRACTED,AUTO
19:45:10.125,-7.36,-25.83,0.00,65.90984250424972,ON,RETRACTED,AUTO
19:45:10.226,-7.02,-26.56,0.00,74.59374951487393,ON,RETRACTED,AUTO
19:45:10.326,-6.65,-27.28,0.00,83.71608080190478,ON,RETRACTED,AUTO
19:45:10.427,-6.27,-27.99,0.00,93.25403528794288,ON,RETRACTED,AUTO
19:45:10.527,-5.87,-28.69,0.00,103.18377305404354,ON,RETRACTED,AUTO
19:45:10.627,-5.46,-29.38,0.00,113.48047492709887,ON,RETRACTED,AUTO
19:45:10.728,-5.04,-30.06,0.00,124.11840451484468,ON,RETRACTED,AUTO
19:45:10.829,-4.60,-30.72,0.00,135.07097253343807,ON,RETRACTED,AUTO
19:45:10.929,-4.15,-31.37,0.00,146.31080326681948,ON,RETRACTED,AUTO
19:45:11.030,-3.69,-32.01,0.00,157.80980299174595,ON,RETRACTED,AUTO
19:45:11.130,-3.22,-32.64,0.00,169.53923019746827,ON,RETRACTED,AUTO
19:45:11.231,-2.74,-33.25,0.00,181.4697674245395,ON,RETRACTED,AUTO
19:45:11.332,-2.26,-33.85,0.00,193.57159454319543,ON,RETRACTED,AUTO
19:45:11.433,-1.77,-34.44,0.00,611.6289265762979,ON,DEPLOYED,AUTO
19:45:11.533,-1.27,-35.01,0.00,636.3355457270004,ON,DEPLOYED,AUTO
19:45:11.634,-0.78,-35.57,0.00,661.2012928575797,ON,DEPLOYED,AUTO
19:45:11.734,-0.28,-36.11,0.00,686.1640165500397,ON,DEPLOYED,AUTO
19:45:11.835,0.22,-36.64,0.00,711.1613229954839,ON,DEPLOYED,AUTO
19:45:11.936,0.72,-37.16,0.00,736.130731946144,ON,DEPLOYED,AUTO
19:45:12.036,1.22,-37.66,0.00,761.0098328834595,ON,DEPLOYED,AUTO
19:45:12.137,1.71,-38.14,0.00,785.7364410118719,ON,DEPLOYED,AUTO
19:45:12.237,2.20,-38.61,0.00,810.2487526884283,ON,DEPLOYED,AUTO
19:45:12.338,2.69,-39.07,0.00,834.4854998997023,ON,DEPLOYED,AUTO
19:45:12.438,3.17,-39.50,0.00,858.386103399919,ON,DEPLOYED,AUTO
19:45:12.539,3.64,-39.93,0.00,881.890824127521,ON,DEPLOYED,AUTO
19:45:12.639,4.10,-40.33,0.00,904.940912521711,ON,DEPLOYED,AUTO
19:45:12.739,4.55,-40.73,0.00,927.4787553657568,ON,DEPLOYED,AUTO
19:45:12.840,4.99,-41.10,0.00,949.4480197900299,ON,DEPLOYED,AUTO
19:45:12.940,5.42,-41.46,0.00,970.7937940748408,ON,DEPLOYED,AUTO
19:45:13.041,5.83,-41.80,0.00,991.4627249011413,ON,DEPLOYED,AUTO
19:45:13.141,6.23,-42.13,0.00,1011.4031507060365,ON,DEPLOYED,AUTO
19:45:13.242,6.61,-42.43,0.00,1030.565230809787,ON,DEPLOYED,AUTO
19:45:13.342,6.98,-42.72,0.00,1048.901069991551,ON,DEPLOYED,AUTO
19:45:13.443,7.33,-43.00,0.00,1066.3648382024944,ON,DEPLOYED,AUTO
19:45:13.543,7.66,-43.26,0.00,1082.9128851170444,ON,DEPLOYED,AUTO
19:45:13.644,7.97,-43.49,0.00,1098.5038492359704,ON,DEPLOYED,AUTO
19:45:13.745,8.26,-43.72,0.00,1113.0987612685922,ON,DEPLOYED,AUTO
19:45:13.845,8.53,-43.92,0.00,1126.6611415357106,ON,DEPLOYED,AUTO
19:45:13.946,8.78,-44.11,0.00,1139.1570911498093,ON,DEPLOYED,AUTO
19:45:14.046,9.01,-44.28,0.00,1150.5553767446172,ON,DEPLOYED,AUTO
19:45:14.146,9.22,-44.43,0.00,1160.8275085422597,ON,DEPLOYED,AUTO
19:45:14.247,9.40,-44.56,0.00,1169.9478115628654,ON,DEPLOYED,AUTO
19:45:14.347,9.56,-44.68,0.00,1177.8934897986442,ON,DEPLOYED,AUTO
19:45:14.448,9.69,-44.78,0.00,1184.6446831920362,ON,DEPLOYED,AUTO
19:45:14.548,9.80,-44.86,0.00,1190.1845172755109,ON,DEPLOYED,AUTO
19:45:14.649,9.89,-44.92,0.00,1194.4991453489497,ON,DEPLOYED,AUTO
19:45:14.749,9.95,-44.97,0.00,1197.5777830891836,ON,DEPLOYED,AUTO
19:45:14.850,9.99,-44.99,0.00,1199.4127355051855,ON,DEPLOYED,AUTO
19:45:14.950,10.00,-45.00,0.00,1199.9994161715404,ON,DEPLOYED,AUTO
19:45:15.051,9.99,-44.99,0.00,1199.3363586921196,ON,DEPLOYED,AUTO
19:45:15.151,9.95,-44.96,0.00,1197.4252203653077,ON,DEPLOYED,AUTO
19:45:15.251,9.89,-44.92,0.00,1194.2707780416204,ON,DEPLOYED,AUTO
19:45:15.352,9.80,-44.85,0.00,1189.8809161840654,ON,DEPLOYED,AUTO
19:45:15.453,9.69,-44.77,0.00,1184.2666071610904,ON,DEPLOYED,AUTO
19:45:15.553,9.55,-44.67,0.00,1177.4418838213776,ON,DEPLOYED,AUTO
19:45:15.654,9.39,-44.56,0.00,1169.4238044190292,ON,DEPLOYED,AUTO
19:45:15.754,9.20,-44.42,0.00,1160.2324099768161,ON,DEPLOYED,AUTO
19:45:15.854,9.00,-44.27,0.00,1149.8906741940582,ON,DEPLOYED,AUTO
19:45:15.955,8.77,-44.10,0.00,1138.4244460243408,ON,DEPLOYED,AUTO
19:45:16.055,8.52,-43.91,0.00,1125.8623850665924,ON,DEPLOYED,AUTO
19:45:16.156,8.24,-43.70,0.00,1112.2358899310125,ON,DEPLOYED,AUTO
19:45:16.256,7.95,-43.48,0.00,1097.5790197588988,ON,DEPLOYED,AUTO
19:45:16.357,7.64,-43.24,0.00,1081.9284090925314,ON,DEPLOYED,AUTO
19:45:16.458,7.31,-42.98,0.00,1065.3231763078961,ON,DEPLOYED,AUTO
19:45:16.558,6.96,-42.71,0.00,1047.8048258391168,ON,DEPLOYED,AUTO
19:45:16.659,6.59,-42.41,0.00,1029.4171444389854,ON,DEPLOYED,AUTO
19:45:16.759,6.20,-42.11,0.00,1010.2060917348826,ON,DEPLOYED,AUTO
19:45:16.860,5.80,-41.78,0.00,990.2196853536468,ON,DEPLOYED,AUTO
19:45:16.960,5.39,-41.44,0.00,969.5078809025118,ON,DEPLOYED,AUTO
19:45:17.061,4.96,-41.08,0.00,948.1224471061068,ON,DEPLOYED,AUTO
19:45:17.162,4.52,-40.70,0.00,926.1168364116045,ON,DEPLOYED,AUTO
19:45:17.262,4.07,-40.31,0.00,903.5460513854409,ON,DEPLOYED,AUTO
19:45:17.363,3.61,-39.90,0.00,880.4665072355446,ON,DEPLOYED,AUTO
19:45:17.464,3.14,-39.48,0.00,856.9358908026961,ON,DEPLOYED,AUTO
19:45:17.564,2.66,-39.04,0.00,833.01301637347,ON,DEPLOYED,AUTO
19:45:17.664,2.18,-38.58,0.00,808.7576786751476,ON,DEPLOYED,AUTO
19:45:17.764,1.68,-38.11,0.00,784.2305034200397,ON,DEPLOYED,AUTO
19:45:17.865,1.19,-37.63,0.00,759.4927957727781,ON,DEPLOYED,AUTO
19:45:17.965,0.69,-37.12,0.00,734.6063871193327,ON,DEPLOYED,AUTO
19:45:18.066,0.19,-36.61,0.00,709.6334805207463,ON,DEPLOYED,AUTO
19:45:18.166,-0.31,-36.08,0.00,684.6364952378776,ON,DEPLOYED,AUTO
19:45:18.267,-0.81,-35.53,0.00,659.6779107157558,ON,DEPLOYED,AUTO
19:45:18.368,-1.30,-34.97,0.00,634.8201104175072,ON,DEPLOYED,AUTO
19:45:18.468,-1.80,-34.40,0.00,610.1252258981857,ON,DEPLOYED,AUTO
19:45:18.568,-2.29,-33.81,0.00,192.82749075412144,ON,RETRACTED,AUTO
19:45:18.669,-2.77,-33.21,0.00,180.73527005739854,ON,RETRACTED,AUTO
19:45:18.769,-3.25,-32.60,0.00,168.81617511315937,ON,RETRACTED,AUTO
19:45:18.870,-3.72,-31.97,0.00,157.09999745142008,ON,RETRACTED,AUTO
19:45:18.970,-4.18,-31.33,0.00,145.61602141466787,ON,RETRACTED,AUTO
19:45:19.071,-4.62,-30.68,0.00,134.39295096225572,ON,RETRACTED,AUTO
19:45:19.171,-5.06,-30.02,0.00,123.45883792545281,ON,RETRACTED,AUTO
19:45:19.271,-5.49,-29.34,0.00,112.84101189247528,ON,RETRACTED,AUTO
19:45:19.372,-5.90,-28.65,0.00,102.56601189874891,ON,RETRACTED,AUTO
19:45:19.473,-6.29,-27.95,0.00,92.65952009314162,ON,RETRACTED,AUTO
19:45:19.573,-6.67,-27.24,0.00,83.14629754596643,ON,RETRACTED,AUTO
19:45:19.674,-7.04,-26.52,0.00,74.05012235920097,ON,RETRACTED,AUTO
19:45:19.775,-7.38,-25.79,0.00,65.39373023361577,ON,RETRACTED,AUTO
19:45:19.875,-7.71,-25.04,0.00,57.19875764136313,ON,RETRACTED,AUTO
19:45:19.977,-8.02,-24.29,0.00,49.48568774606457,ON,RETRACTED,AUTO
19:45:20.076,-8.31,-23.53,0.00,42.27379920556936,ON,RETRACTED,AUTO
19:45:20.177,-8.58,-22.76,0.00,35.58111798534995,ON,RETRACTED,AUTO
19:45:20.278,-8.82,-21.98,0.00,29.42437230297594,ON,RETRACTED,AUTO
19:45:20.377,-9.05,-21.19,0.00,23.81895081628224,ON,RETRACTED,AUTO
19:45:20.478,-9.25,-20.39,0.00,18.778864159738617,ON,RETRACTED,AUTO
19:45:20.578,-9.43,-19.58,0.00,14.316709925160126,ON,RETRACTED,AUTO
19:45:20.679,-9.58,-18.77,0.00,10.443641174288274,ON,RETRACTED,AUTO
19:45:20.780,-9.71,-17.95,0.00,7.169338561945153,ON,RETRACTED,AUTO
19:45:20.880,-9.82,-17.12,0.00,4.501986139437804,ON,RETRACTED,AUTO
19:45:20.980,-9.90,-16.28,0.00,2.448250898692237,ON,RETRACTED,AUTO
19:45:21.081,-9.96,-15.44,0.00,1.0132661082457446,ON,RETRACTED,AUTO
19:45:21.181,-9.99,-14.59,0.00,0.20061848274883687,ON,RETRACTED,AUTO
19:45:21.282,-10.00,-13.74,0.00,0.012339218046548694,ON,RETRACTED,AUTO
19:45:21.382,-9.98,-12.88,0.00,0.4488989142467119,ON,RETRACTED,AUTO
19:45:21.482,-9.94,-12.01,0.00,1.5092063994647162,ON,RETRACTED,AUTO
19:45:21.588,-9.87,-11.14,0.00,3.1906114571849287,ON,RETRACTED,AUTO
19:45:21.688,-9.78,-10.27,0.00,5.488911450421909,ON,RETRACTED,AUTO
19:45:21.788,-9.66,-9.39,0.00,8.398361826123931,ON,RETRACTED,AUTO
19:45:21.888,-9.52,-8.51,0.00,11.91169047356425,ON,RETRACTED,AUTO
19:45:21.989,-9.36,-7.62,0.00,16.02011590083032,ON,RETRACTED,AUTO
19:45:22.090,-9.17,-6.73,0.00,20.713369183980518,ON,RETRACTED,AUTO
19:45:22.191,-8.96,-5.84,0.00,25.97971963400593,ON,RETRACTED,AUTO
19:45:22.291,-8.73,-4.95,0.00,31.806004117443734,ON,RETRACTED,AUTO
19:45:22.391,-8.47,-4.05,0.00,38.17765995735553,ON,RETRACTED,AUTO
19:45:22.492,-8.20,-3.16,0.00,45.07876133243559,ON,RETRACTED,AUTO
19:45:22.592,-7.90,-2.26,0.00,52.49205908327025,ON,RETRACTED,AUTO
19:45:22.693,-7.58,-1.36,0.00,60.399023826253114,ON,RETRACTED,AUTO
19:45:22.794,-7.25,-0.46,0.00,68.77989226739419,ON,RETRACTED,AUTO
19:45:22.894,-6.90,0.44,0.00,77.61371660026242,ON,RETRACTED,AUTO
19:45:22.994,-6.52,1.34,0.00,86.87841686459223,ON,RETRACTED,AUTO
19:45:23.094,-6.14,2.24,0.00,96.55083613468526,ON,RETRACTED,AUTO
19:45:23.196,-5.74,3.14,0.00,106.60679839966465,ON,RETRACTED,AUTO
19:45:23.297,-5.32,4.04,0.00,117.02116899091172,ON,RETRACTED,AUTO
19:45:23.396,-4.89,4.93,0.00,127.76791740564752,ON,RETRACTED,AUTO
19:45:23.497,-4.45,5.83,0.00,138.82018236963336,ON,RETRACTED,AUTO
19:45:23.597,-3.99,6.72,0.00,150.15033897636744,ON,RETRACTED,AUTO
19:45:23.698,-3.53,7.60,0.00,161.73006773496417,ON,RETRACTED,AUTO
19:45:23.799,-3.06,8.49,0.00,173.53042535413306,ON,RETRACTED,AUTO
19:45:23.899,-2.58,9.37,0.00,185.52191708533337,ON,RETRACTED,AUTO
19:45:24.000,-2.09,10.25,0.00,197.67457044428505,ON,RETRACTED,AUTO
19:45:24.101,-1.60,11.13,0.00,619.9160202531401,ON,DEPLOYED,AUTO
19:45:24.201,-1.11,11.99,0.00,644.6830678601484,ON,DEPLOYED,AUTO
19:45:24.302,-0.61,12.86,0.00,669.5883789890058,ON,DEPLOYED,AUTO
19:45:24.402,-0.11,13.72,0.00,694.5697033323254,ON,DEPLOYED,AUTO
19:45:24.503,0.39,14.57,0.00,719.5646005892703,ON,DEPLOYED,AUTO
19:45:24.603,0.89,15.42,0.00,744.5105965337888,ON,DEPLOYED,AUTO
19:45:24.704,1.39,16.26,0.00,769.3453391676425,ON,DEPLOYED,AUTO
19:45:24.805,1.88,17.10,0.00,794.0067545679303,ON,DEPLOYED,AUTO
19:45:24.905,2.37,17.93,0.00,818.433202039568,ON,DEPLOYED,AUTO
19:45:25.006,2.85,18.75,0.00,842.5636281849239,ON,DEPLOYED,AUTO
19:45:25.106,3.33,19.57,0.00,866.3377195055172,ON,DEPLOYED,AUTO
19:45:25.207,3.79,20.37,0.00,889.6960531543534,ON,DEPLOYED,AUTO
19:45:25.307,4.25,21.17,0.00,912.5802454620949,ON,DEPLOYED,AUTO
19:45:25.408,4.70,21.96,0.00,934.933097865829,ON,DEPLOYED,AUTO
19:45:25.508,5.13,22.74,0.00,956.6987398756867,ON,DEPLOYED,AUTO
19:45:25.609,5.56,23.51,0.00,977.8227687219696,ON,DEPLOYED,AUTO
19:45:25.709,5.97,24.28,0.00,998.2523853337436,ON,DEPLOYED,AUTO
19:45:25.810,6.36,25.03,0.00,1017.9365263090175,ON,DEPLOYED,AUTO
19:45:25.911,6.74,25.77,0.00,1036.8259915466551,ON,DEPLOYED,AUTO
19:45:26.012,7.10,26.50,0.00,1054.8735672210053,ON,DEPLOYED,AUTO
19:45:26.112,7.44,27.23,0.00,1072.0341437918778,ON,DEPLOYED,AUTO
19:45:26.213,7.77,27.94,0.00,1088.2648287549002,ON,DEPLOYED,AUTO
19:45:26.313,8.07,28.64,0.00,1103.5250538504424,ON,DEPLOYED,AUTO
19:45:26.413,8.36,29.33,0.00,1117.776676463137,ON,DEPLOYED,AUTO
19:45:26.514,8.62,30.00,0.00,1130.9840749585528,ON,DEPLOYED,AUTO
19:45:26.615,8.86,30.67,0.00,1143.114237718732,ON,DEPLOYED,AUTO
19:45:26.715,9.08,31.32,0.00,1154.13684565404,ON,DEPLOYED,AUTO
19:45:26.815,9.28,31.96,0.00,1164.024347985102,ON,DEPLOYED,AUTO
19:45:26.916,9.46,32.59,0.00,1172.7520311054018,ON,DEPLOYED,AUTO
19:45:27.016,9.61,33.20,0.00,1180.2980803524276,ON,DEPLOYED,AUTO
19:45:27.117,9.73,33.80,0.00,1186.6436345329687,ON,DEPLOYED,AUTO
19:45:27.218,9.84,34.39,0.00,1191.772833066274,ON,DEPLOYED,AUTO
19:45:27.318,9.91,34.96,0.00,1195.672855627245,ON,DEPLOYED,AUTO
19:45:27.419,9.97,35.52,0.00,1198.333954190572,ON,DEPLOYED,AUTO
19:45:27.519,9.99,36.07,0.00,1199.74947739572,ON,DEPLOYED,AUTO
19:45:27.619,10.00,36.60,0.00,1199.9158871718664,ON,DEPLOYED,AUTO
19:45:27.720,9.98,37.12,0.00,1198.8327675812347,ON,DEPLOYED,AUTO
19:45:27.820,9.93,37.62,0.00,1196.5028258587245,ON,DEPLOYED,AUTO
19:45:27.921,9.86,38.10,0.00,1192.9318856452317,ON,DEPLOYED,AUTO
19:45:28.021,9.76,38.57,0.00,1188.12887243158,ON,DEPLOYED,AUTO
19:45:28.122,9.64,39.03,0.00,1182.1057912494432,ON,DEPLOYED,AUTO
19:45:28.223,9.50,39.47,0.00,1174.8776966650166,ON,DEPLOYED,AUTO
19:45:28.323,9.33,39.89,0.00,1166.4626551504423,ON,DEPLOYED,AUTO
19:45:28.424,9.14,40.30,0.00,1156.881699927038,ON,DEPLOYED,AUTO
19:45:28.524,8.92,40.69,0.00,1146.1587783931975,ON,DEPLOYED,AUTO
19:45:28.626,8.69,41.07,0.00,1134.320692268366,ON,DEPLOYED,AUTO
19:45:28.726,8.43,41.43,0.00,1121.3970306026997,ON,DEPLOYED,AUTO
19:45:28.826,8.15,41.77,0.00,1107.4200958198503,ON,DEPLOYED,AUTO
19:45:28.927,7.85,42.10,0.00,1092.4248229777277,ON,DEPLOYED,AUTO
19:45:29.027,7.53,42.41,0.00,1076.448692449051,ON,DEPLOYED,AUTO
19:45:29.128,7.19,42.70,0.00,1059.5316362399337,ON,DEPLOYED,AUTO
19:45:29.228,6.83,42.98,0.00,1041.7159381806669,ON,DEPLOYED,AUTO
19:45:29.329,6.46,43.24,0.00,1023.0461282381623,ON,DEPLOYED,AUTO
19:45:29.429,6.07,43.48,0.00,1003.568871214228,ON,DEPLOYED,AUTO
19:45:29.530,5.67,43.70,0.00,983.3328501078645,ON,DEPLOYED,AUTO
19:45:29.630,5.25,43.91,0.00,962.388644433122,ON,DEPLOYED,AUTO
19:45:29.731,4.82,44.09,0.00,940.7886037966562,ON,DEPLOYED,AUTO
19:45:29.832,4.37,44.27,0.00,918.5867170509753,ON,DEPLOYED,AUTO
19:45:29.933,3.92,44.42,0.00,895.8384773504246,ON,DEPLOYED,AUTO
19:45:30.033,3.45,44.55,0.00,872.6007434472016,ON,DEPLOYED,AUTO
19:45:30.134,2.98,44.67,0.00,848.9315975740869,ON,DEPLOYED,AUTO
19:45:30.234,2.50,44.77,0.00,824.8902002691111,ON,DEPLOYED,AUTO
19:45:30.334,2.01,44.85,0.00,800.5366425050192,ON,DEPLOYED,AUTO
19:45:30.435,1.52,44.92,0.00,775.9317954931341,ON,DEPLOYED,AUTO
19:45:30.536,1.02,44.96,0.00,751.1371585370296,ON,DEPLOYED,AUTO
19:45:30.636,0.52,44.99,0.00,726.2147053162987,ON,DEPLOYED,AUTO
19:45:30.737,0.02,45.00,0.00,701.2267289846313,ON,DEPLOYED,AUTO
19:45:30.838,-0.48,44.99,0.00,676.2356864693704,ON,DEPLOYED,AUTO
19:45:30.938,-0.97,44.97,0.00,651.3040423617213,ON,DEPLOYED,AUTO
19:45:31.038,-1.47,44.92,0.00,626.4941127878043,ON,DEPLOYED,AUTO
19:45:31.139,-1.96,44.86,0.00,601.8679096507931,ON,DEPLOYED,AUTO
19:45:31.240,-2.45,44.78,0.00,188.74349281672593,ON,RETRACTED,AUTO
19:45:31.340,-2.93,44.68,0.00,176.70614017424242,ON,RETRACTED,AUTO
19:45:31.441,-3.41,44.57,0.00,164.8519840106203,ON,RETRACTED,AUTO
19:45:31.541,-3.87,44.43,0.00,153.21065354274373,ON,RETRACTED,AUTO
19:45:31.641,-4.33,44.28,0.00,141.81124603409478,ON,RETRACTED,AUTO
19:45:31.743,-4.77,44.11,0.00,130.68225406674873,ON,RETRACTED,AUTO
19:45:31.843,-5.21,43.93,0.00,119.85149432475714,ON,RETRACTED,AUTO
19:45:31.944,-5.63,43.72,0.00,109.34603806692454,ON,RETRACTED,AUTO
19:45:32.044,-6.03,43.50,0.00,99.19214346275982,ON,RETRACTED,AUTO
19:45:32.144,-6.42,43.26,0.00,89.4151899607275,ON,RETRACTED,AUTO
19:45:32.246,-6.80,43.00,0.00,80.03961485284395,ON,RETRACTED,AUTO
19:45:32.345,-7.16,42.73,0.00,71.08885219417382,ON,RETRACTED,AUTO
19:45:32.446,-7.50,42.44,0.00,62.58527422989695,ON,RETRACTED,AUTO
19:45:32.547,-7.82,42.13,0.00,54.550135476346384,ON,RETRACTED,AUTO
19:45:32.648,-8.12,41.81,0.00,47.00351959578671,ON,RETRACTED,AUTO
19:45:32.750,-8.40,41.46,0.00,39.96428919771796,ON,RETRACTED,AUTO
19:45:32.850,-8.66,41.11,0.00,33.45003869217507,ON,RETRACTED,AUTO
19:45:32.951,-8.90,40.73,0.00,27.477050312865998,ON,RETRACTED,AUTO
19:45:33.050,-9.12,40.34,0.00,22.0602534200668,ON,RETRACTED,AUTO
19:45:33.151,-9.31,39.94,0.00,17.21318718499637,ON,RETRACTED,AUTO
19:45:33.252,-9.48,39.51,0.00,12.947966748939137,ON,RETRACTED,AUTO
19:45:33.352,-9.63,39.07,0.00,9.275252941701496,ON,RETRACTED,AUTO
19:45:33.452,-9.75,38.62,0.00,6.204225635089216,ON,RETRACTED,AUTO
19:45:33.553,-9.85,38.15,0.00,3.742560798008725,ON,RETRACTED,AUTO
19:45:33.653,-9.92,37.67,0.00,1.8964113105425895,ON,RETRACTED,AUTO
19:45:33.754,-9.97,37.17,0.00,0.6703915849533928,ON,RETRACTED,AUTO
19:45:33.855,-10.00,36.65,0.00,0.06756603205639067,ON,RETRACTED,AUTO
19:45:33.955,-10.00,36.12,0.00,0.0894414017884344,ON,RETRACTED,AUTO
19:45:34.056,-9.97,35.58,0.00,0.7359630171175695,ON,RETRACTED,AUTO
19:45:34.155,-9.92,35.02,0.00,2.005514910707433,ON,RETRACTED,AUTO
19:45:34.256,-9.84,34.45,0.00,3.894923863993938,ON,RETRACTED,AUTO
19:45:34.357,-9.74,33.86,0.00,6.399467338578916,ON,RETRACTED,AUTO
19:45:34.458,-9.62,33.26,0.00,9.512885280116905,ON,RETRACTED,AUTO
19:45:34.558,-9.47,32.65,0.00,13.22739576519075,ON,RETRACTED,AUTO
19:45:34.658,-9.30,32.02,0.00,17.53371445206733,ON,RETRACTED,AUTO
19:45:34.759,-9.10,31.38,0.00,22.421077786716836,ON,RETRACTED,AUTO
19:45:34.859,-8.88,30.73,0.00,27.877269906092124,ON,RETRACTED,AUTO
19:45:34.961,-8.64,30.07,0.00,33.888653171424636,ON,RETRACTED,AUTO
19:45:35.061,-8.38,29.39,0.00,40.440202255218765,ON,RETRACTED,AUTO
19:45:35.162,-8.10,28.71,0.00,47.51554169674577,ON,RETRACTED,AUTO
19:45:35.262,-7.80,28.01,0.00,55.096986832167204,ON,RETRACTED,AUTO
19:45:35.363,-7.47,27.30,0.00,63.1655879969847,ON,RETRACTED,AUTO
19:45:35.463,-7.13,26.58,0.00,71.70117789033227,ON,RETRACTED,AUTO
19:45:35.566,-6.77,25.84,0.00,80.6824219827258,ON,RETRACTED,AUTO
19:45:35.667,-6.40,25.10,0.00,90.0868718412755,ON,RETRACTED,AUTO
19:45:35.769,-6.00,24.35,0.00,99.89102123907776,ON,RETRACTED,AUTO
19:45:35.870,-5.60,23.59,0.00,110.07036490854011,ON,RETRACTED,AUTO
19:45:35.977,-5.18,22.82,0.00,120.59945979178843,ON,RETRACTED,AUTO
19:45:36.077,-4.74,22.04,0.00,131.45198863506104,ON,RETRACTED,AUTO
19:45:36.178,-4.30,21.25,0.00,142.60082576813733,ON,RETRACTED,AUTO
19:45:36.279,-3.84,20.45,0.00,154.01810490438652,ON,RETRACTED,AUTO
19:45:36.380,-3.37,19.65,0.00,165.6752887919718,ON,RETRACTED,AUTO
19:45:36.481,-2.90,18.83,0.00,177.54324054211807,ON,RETRACTED,AUTO
19:45:36.581,-2.42,18.01,0.00,189.59229645615946,ON,RETRACTED,AUTO
19:45:36.682,-1.93,17.18,0.00,603.5846803386754,ON,DEPLOYED,AUTO
19:45:36.782,-1.44,16.35,0.00,628.2257558520591,ON,DEPLOYED,AUTO
19:45:36.883,-0.94,15.51,0.00,653.0462295965103,ON,DEPLOYED,AUTO
19:45:36.983,-0.44,14.66,0.00,677.9840633139202,ON,DEPLOYED,AUTO
19:45:37.084,0.06,13.80,0.00,702.9769254073674,ON,DEPLOYED,AUTO
19:45:37.184,0.56,12.94,0.00,727.9623467376489,ON,DEPLOYED,AUTO
19:45:37.285,1.06,12.08,0.00,752.8778767635945,ON,DEPLOYED,AUTO
19:45:37.385,1.55,11.21,0.00,777.661239635896,ON,DEPLOYED,AUTO
19:45:37.486,2.05,10.34,0.00,802.250489854298,ON,DEPLOYED,AUTO
19:45:37.586,2.53,9.46,0.00,826.5841670990883,ON,DEPLOYED,AUTO
19:45:37.687,3.01,8.58,0.00,850.6014498498882,ON,DEPLOYED,AUTO
19:45:37.787,3.48,7.69,0.00,874.2423074077797,ON,DEPLOYED,AUTO
19:45:37.888,3.95,6.80,0.00,897.4476499407881,ON,DEPLOYED,AUTO
19:45:37.988,4.40,5.91,0.00,920.1594761776892,ON,DEPLOYED,AUTO
19:45:38.089,4.85,5.02,0.00,942.3210183809807,ON,DEPLOYED,AUTO
19:45:38.190,5.28,4.12,0.00,963.8768842366622,ON,DEPLOYED,AUTO
19:45:38.291,5.70,3.23,0.00,984.773195306172,ON,DEPLOYED,AUTO
19:45:38.391,6.10,2.33,0.00,1004.9577216944244,ON,DEPLOYED,AUTO
19:45:38.491,6.49,1.43,0.00,1024.3800125973464,ON,DEPLOYED,AUTO
19:45:38.592,6.86,0.53,0.00,1042.991522402614,ON,DEPLOYED,AUTO
19:45:38.692,7.21,-0.37,0.00,1060.7457320284007,ON,DEPLOYED,AUTO
19:45:38.793,7.55,-1.27,0.00,1077.5982651968552,ON,DEPLOYED,AUTO
19:45:38.894,7.87,-2.17,0.00,1093.5069993516859,ON,DEPLOYED,AUTO
19:45:38.994,8.17,-3.07,0.00,1108.4321709426138,ON,DEPLOYED,AUTO
19:45:39.095,8.45,-3.96,0.00,1122.3364748135402,ON,DEPLOYED,AUTO
19:45:39.195,8.70,-4.86,0.00,1135.1851574460095,ON,DEPLOYED,AUTO
19:45:39.296,8.94,-5.75,0.00,1146.9461038249046,ON,DEPLOYED,AUTO
19:45:39.397,9.15,-6.65,0.00,1157.5899177092606,ON,DEPLOYED,AUTO
19:45:39.497,9.34,-7.53,0.00,1167.0899951075576,ON,DEPLOYED,AUTO
19:45:39.597,9.51,-8.42,0.00,1175.422590773844,ON,DEPLOYED,AUTO
19:45:39.698,9.65,-9.30,0.00,1182.566877558486,ON,DEPLOYED,AUTO
19:45:39.799,9.77,-10.18,0.00,1188.5049984651948,ON,DEPLOYED,AUTO
19:45:39.900,9.86,-11.06,0.00,1193.2221112842171,ON,DEPLOYED,AUTO
19:45:40.000,9.93,-11.93,0.00,1196.7064256901297,ON,DEPLOYED,AUTO
19:45:40.100,9.98,-12.79,0.00,1198.9492327115138,ON,DEPLOYED,AUTO
19:45:40.201,10.00,-13.65,0.00,1199.9449264988473,ON,DEPLOYED,AUTO
19:45:40.302,9.99,-14.51,0.00,1199.6910183362093,ON,DEPLOYED,AUTO
19:45:40.402,9.96,-15.36,0.00,1198.188142861773,ON,DEPLOYED,AUTO
19:45:40.503,9.91,-16.20,0.00,1195.4400564815428,ON,DEPLOYED,AUTO
19:45:40.603,9.83,-17.03,0.00,1191.4536279802933,ON,DEPLOYED,AUTO
19:45:40.703,9.72,-17.86,0.00,1186.2388213531858,ON,DEPLOYED,AUTO
19:45:40.803,9.60,-18.69,0.00,1179.8086709009694,ON,DEPLOYED,AUTO
19:45:40.904,9.44,-19.50,0.00,1172.1792486510171,ON,DEPLOYED,AUTO
19:45:41.004,9.27,-20.31,0.00,1163.369624185628,ON,DEPLOYED,AUTO
19:45:41.104,9.07,-21.11,0.00,1153.4018169780015,ON,DEPLOYED,AUTO
19:45:41.206,8.85,-21.90,0.00,1142.3007413550235,ON,DEPLOYED,AUTO
19:45:41.305,8.60,-22.68,0.00,1130.094144224423,ON,DEPLOYED,AUTO
19:45:41.406,8.34,-23.45,0.00,1116.8125357219542,ON,DEPLOYED,AUTO
19:45:41.506,8.05,-24.22,0.00,1102.4891129519451,ON,DEPLOYED,AUTO
19:45:41.607,7.74,-24.97,0.00,1087.1596770118267,ON,DEPLOYED,AUTO
19:45:41.708,7.42,-25.71,0.00,1070.862543508034,ON,DEPLOYED,AUTO
19:45:41.808,7.07,-26.45,0.00,1053.6384467869432,ON,DEPLOYED,AUTO
19:45:41.908,6.71,-27.17,0.00,1035.5304381202216,ON,DEPLOYED,AUTO
19:45:42.009,6.33,-27.88,0.00,1016.5837780990674,ON,DEPLOYED,AUTO
19:45:42.110,5.94,-28.58,0.00,996.8458235063044,ON,DEPLOYED,AUTO
19:45:42.211,5.53,-29.27,0.00,976.3659089490866,ON,DEPLOYED,AUTO
19:45:42.311,5.10,-29.95,0.00,955.195223548074,ON,DEPLOYED,AUTO
19:45:42.412,4.67,-30.62,0.00,933.3866829912898,ON,DEPLOYED,AUTO
19:45:42.512,4.22,-31.27,0.00,910.9947972724582,ON,DEPLOYED,AUTO
19:45:42.613,3.76,-31.91,0.00,888.0755344444077,ON,DEPLOYED,AUTO
19:45:42.713,3.29,-32.54,0.00,864.6861807280877,ON,DEPLOYED,AUTO
19:45:42.813,2.82,-33.15,0.00,840.8851973268495,ON,DEPLOYED,AUTO
19:45:42.914,2.33,-33.75,0.00,816.7320743038839,ON,DEPLOYED,AUTO
19:45:43.015,1.85,-34.34,0.00,792.2871818880456,ON,DEPLOYED,AUTO
19:45:43.115,1.35,-34.92,0.00,767.6116195797208,ON,DEPLOYED,AUTO
19:45:43.216,0.86,-35.48,0.00,742.7670634338962,ON,DEPLOYED,AUTO
19:45:43.316,0.36,-36.03,0.00,717.8156119021421,ON,DEPLOYED,AUTO
19:45:43.417,-0.14,-36.56,0.00,692.8196306188238,ON,DEPLOYED,AUTO
19:45:43.518,-0.64,-37.07,0.00,667.8415965194943,ON,DEPLOYED,AUTO
19:45:43.618,-1.14,-37.58,0.00,642.943941681094,ON,DEPLOYED,AUTO
19:45:43.719,-1.64,-38.06,0.00,618.1888972742712,ON,DEPLOYED,AUTO
19:45:43.819,-2.13,-38.54,0.00,196.8191690089328,ON,RETRACTED,AUTO
19:45:43.920,-2.61,-38.99,0.00,184.67681376216723,ON,RETRACTED,AUTO
19:45:44.021,-3.09,-39.44,0.00,172.69773246133968,ON,RETRACTED,AUTO
19:45:44.121,-3.56,-39.86,0.00,160.91186657111746,ON,RETRACTED,AUTO
19:45:44.222,-4.03,-40.27,0.00,149.3486746182661,ON,RETRACTED,AUTO
19:45:44.322,-4.48,-40.66,0.00,138.03705856067398,ON,RETRACTED,AUTO
19:45:44.423,-4.92,-41.04,0.00,127.00529154750947,ON,RETRACTED,AUTO
19:45:44.524,-5.35,-41.40,0.00,116.28094725107252,ON,RETRACTED,AUTO
19:45:44.624,-5.76,-41.75,0.00,105.89083094697386,ON,RETRACTED,AUTO
19:45:44.724,-6.17,-42.07,0.00,95.86091251490598,ON,RETRACTED,AUTO
19:45:44.825,-6.55,-42.39,0.00,86.21626152746865,ON,RETRACTED,AUTO
19:45:44.926,-6.92,-42.68,0.00,76.98098458929354,ON,RETRACTED,AUTO
19:45:45.026,-7.27,-42.96,0.00,68.17816508308695,ON,RETRACTED,AUTO
19:45:45.126,-7.61,-43.22,0.00,59.82980547319485,ON,RETRACTED,AUTO
19:45:45.227,-7.92,-43.46,0.00,51.95677231090042,ON,RETRACTED,AUTO
19:45:45.328,-8.22,-43.68,0.00,44.57874407891319,ON,RETRACTED,AUTO
19:45:45.428,-8.49,-43.89,0.00,37.71416200541043,ON,RETRACTED,AUTO
19:45:45.529,-8.74,-44.08,0.00,31.380183970570727,ON,RETRACTED,AUTO
19:45:45.630,-8.98,-44.25,0.00,25.59264162080936,ON,RETRACTED,AUTO
19:45:45.731,-9.19,-44.41,0.00,20.36600079790702,ON,RETRACTED,AUTO
19:45:45.831,-9.37,-44.54,0.00,15.713325381939114,ON,RETRACTED,AUTO
19:45:45.931,-9.53,-44.66,0.00,11.646244638379216,ON,RETRACTED,AUTO
19:45:46.032,-9.67,-44.76,0.00,8.174924150991501,ON,RETRACTED,AUTO
19:45:46.133,-9.79,-44.85,0.00,5.3080404131657986,ON,RETRACTED,AUTO
19:45:46.233,-9.88,-44.91,0.00,3.0527591412025004,ON,RETRACTED,AUTO
19:45:46.334,-9.94,-44.96,0.00,1.414717363753823,ON,RETRACTED,AUTO
19:45:46.434,-9.98,-44.99,0.00,0.39800933218768364,ON,RETRACTED,AUTO
19:45:46.535,-10.00,-45.00,0.00,0.0051762870917571036,ON,RETRACTED,AUTO
19:45:46.635,-9.99,-44.99,0.00,0.23720010649526557,ON,RETRACTED,AUTO
19:45:46.736,-9.96,-44.97,0.00,1.0935008516854055,ON,RETRACTED,AUTO
19:45:46.837,-9.90,-44.93,0.00,2.5719382167519598,ON,RETRACTED,AUTO
19:45:46.937,-9.81,-44.87,0.00,4.6688168782375215,ON,RETRACTED,AUTO
19:45:47.037,-9.70,-44.79,0.00,7.3788957315216805,ON,RETRACTED,AUTO
19:45:47.138,-9.57,-44.69,0.00,10.695400990852931,ON,RETRACTED,AUTO
19:45:47.239,-9.42,-44.58,0.00,14.610043120285411,ON,RETRACTED,AUTO
19:45:47.340,-9.24,-44.44,0.00,19.113037553201735,ON,RETRACTED,AUTO
19:45:47.440,-9.03,-44.29,0.00,24.19312914863363,ON,RETRACTED,AUTO
19:45:47.541,-8.81,-44.13,0.00,29.837620323253077,ON,RETRACTED,AUTO
19:45:47.641,-8.56,-43.94,0.00,36.03240278871749,ON,RETRACTED,AUTO
19:45:47.741,-8.29,-43.74,0.00,42.76199281504353,ON,RETRACTED,AUTO
19:45:47.842,-8.00,-43.52,0.00,50.00956993186796,ON,RETRACTED,AUTO
19:45:47.942,-7.69,-43.28,0.00,57.757018970863754,ON,RETRACTED,AUTO
19:45:48.043,-7.36,-43.02,0.00,65.98497534422677,ON,RETRACTED,AUTO
19:45:48.144,-7.01,-42.75,0.00,74.6728734460603,ON,RETRACTED,AUTO
19:45:48.243,-6.65,-42.46,0.00,83.79899805567948,ON,RETRACTED,AUTO
19:45:48.344,-6.27,-42.16,0.00,93.34053861435387,ON,RETRACTED,AUTO
19:45:48.444,-5.87,-41.83,0.00,103.27364623982493,ON,RETRACTED,AUTO
19:45:48.544,-5.46,-41.49,0.00,113.57349333609125,ON,RETRACTED,AUTO
19:45:48.645,-5.03,-41.14,0.00,124.2143356494686,ON,RETRACTED,AUTO
19:45:48.746,-4.59,-40.76,0.00,135.1695766158169,ON,RETRACTED,AUTO
19:45:48.846,-4.14,-40.37,0.00,146.4118338380993,ON,RETRACTED,AUTO
19:45:48.946,-3.68,-39.97,0.00,157.91300752811432,ON,RETRACTED,AUTO
19:45:49.047,-3.21,-39.55,0.00,169.64435074133212,ON,RETRACTED,AUTO
19:45:49.147,-2.74,-39.11,0.00,181.57654122928489,ON,RETRACTED,AUTO
19:45:49.248,-2.25,-38.66,0.00,193.67975472991722,ON,RETRACTED,AUTO
19:45:49.348,-1.76,-38.19,0.00,611.8474790254181,ON,DEPLOYED,AUTO
19:45:49.449,-1.27,-37.70,0.00,636.5557839844944,ON,DEPLOYED,AUTO
19:45:49.550,-0.77,-37.21,0.00,661.4226664425015,ON,DEPLOYED,AUTO
19:45:49.651,-0.27,-36.69,0.00,686.3859721437162,ON,DEPLOYED,AUTO
19:45:49.752,0.23,-36.16,0.00,711.3833058245233,ON,DEPLOYED,AUTO
19:45:49.853,0.73,-35.62,0.00,736.3521871690798,ON,DEPLOYED,AUTO
19:45:49.953,1.22,-35.06,0.00,761.2302069775661,ON,DEPLOYED,AUTO
19:45:50.054,1.72,-34.49,0.00,785.9551831566828,ON,DEPLOYED,AUTO
19:45:50.155,2.21,-33.91,0.00,810.4653161425002,ON,DEPLOYED,AUTO
19:45:50.255,2.69,-33.31,0.00,834.6993433671839,ON,DEPLOYED,AUTO
19:45:50.355,3.17,-32.70,0.00,858.5966923835091,ON,DEPLOYED,AUTO
19:45:50.456,3.64,-32.07,0.00,882.0976322644334,ON,DEPLOYED,AUTO
19:45:50.556,4.10,-31.43,0.00,905.1434228993069,ON,DEPLOYED,AUTO
19:45:50.657,4.55,-30.78,0.00,927.6764618135578,ON,DEPLOYED,AUTO
19:45:50.757,4.99,-30.12,0.00,949.6404281448798,ON,DEPLOYED,AUTO
19:45:50.858,5.42,-29.45,0.00,970.9804234160567,ON,DEPLOYED,AUTO
19:45:50.959,5.83,-28.76,0.00,991.6431087525651,ON,DEPLOYED,AUTO
19:45:51.059,6.23,-28.06,0.00,1011.5768382019817,ON,DEPLOYED,AUTO
19:45:51.159,6.61,-27.35,0.00,1030.7317878219683,ON,DEPLOYED,AUTO
19:45:51.261,6.98,-26.63,0.00,1049.0600802141792,ON,DEPLOYED,AUTO
19:45:51.361,7.33,-25.90,0.00,1066.5159041928239,ON,DEPLOYED,AUTO
19:45:51.463,7.66,-25.16,0.00,1083.055629288773,ON,DEPLOYED,AUTO
19:45:51.563,7.97,-24.41,0.00,1098.6379148030085,ON,DEPLOYED,AUTO
19:45:51.663,8.26,-23.65,0.00,1113.223813136842,ON,DEPLOYED,AUTO
19:45:51.764,8.54,-22.88,0.00,1126.7768671406275,ON,DEPLOYED,AUTO
19:45:51.864,8.79,-22.10,0.00,1139.2632012376496,ON,DEPLOYED,AUTO
19:45:51.965,9.01,-21.31,0.00,1150.6516060954225,ON,DEPLOYED,AUTO
19:45:52.066,9.22,-20.51,0.00,1160.9136166327683,ON,DEPLOYED,AUTO
19:45:52.166,9.40,-19.71,0.00,1170.0235831676948,ON,DEPLOYED,AUTO
19:45:52.267,9.56,-18.90,0.00,1177.9587355282438,ON,DEPLOYED,AUTO
19:45:52.367,9.69,-18.08,0.00,1184.6992399660612,ON,DEPLOYED,AUTO
19:45:52.468,9.80,-17.25,0.00,1190.2282487304392,ON,DEPLOYED,AUTO
19:45:52.569,9.89,-16.41,0.00,1194.5319421789184,ON,DEPLOYED,AUTO
19:45:52.669,9.95,-15.57,0.00,1197.5995633191983,ON,DEPLOYED,AUTO
19:45:52.769,9.99,-14.73,0.00,1199.423444696014,ON,DEPLOYED,AUTO
19:45:52.870,10.00,-13.87,0.00,1199.999027555783,ON,DEPLOYED,AUTO
19:45:52.971,9.99,-13.01,0.00,1199.324873241113,ON,DEPLOYED,AUTO
19:45:53.071,9.95,-12.15,0.00,1197.402666786698,ON,DEPLOYED,AUTO
19:45:53.172,9.88,-11.28,0.00,1194.2372127076087,ON,DEPLOYED,AUTO
19:45:53.273,9.80,-10.41,0.00,1189.836422990506,ON,DEPLOYED,AUTO
19:45:53.373,9.68,-9.53,0.00,1184.211297317796,ON,DEPLOYED,AUTO
19:45:53.474,9.55,-8.65,0.00,1177.3758955741512,ON,DEPLOYED,AUTO
19:45:53.575,9.39,-7.76,0.00,1169.3473027041227,ON,DEPLOYED,AUTO
19:45:53.676,9.20,-6.87,0.00,1160.1455860086758,ON,DEPLOYED,AUTO
19:45:53.776,9.00,-5.98,0.00,1149.7937449873873,ON,DEPLOYED,AUTO
19:45:53.877,8.77,-5.09,0.00,1138.3176538516764,ON,DEPLOYED,AUTO
19:45:53.977,8.51,-4.20,0.00,1125.7459968527496,ON,DEPLOYED,AUTO
19:45:54.078,8.24,-3.30,0.00,1112.110196585912,ON,DEPLOYED,AUTO
19:45:54.179,7.95,-2.40,0.00,1097.4443354504438,ON,DEPLOYED,AUTO
19:45:54.280,7.64,-1.50,0.00,1081.7850704613509,ON,DEPLOYED,AUTO
19:45:54.380,7.30,-0.60,0.00,1065.1715416259185,ON,DEPLOYED,AUTO
19:45:54.480,6.95,0.30,0.00,1047.6452741140774,ON,DEPLOYED,AUTO
19:45:54.581,6.59,1.20,0.00,1029.2500744671038,ON,DEPLOYED,AUTO
19:45:54.682,6.20,2.10,0.00,1010.0319211040802,ON,DEPLOYED,AUTO
19:45:54.782,5.80,3.00,0.00,990.0388493997941,ON,DEPLOYED,AUTO
19:45:54.883,5.39,3.89,0.00,969.3208316213161,ON,DEPLOYED,AUTO
19:45:54.983,4.96,4.79,0.00,947.9296520233574,ON,DEPLOYED,AUTO
19:45:55.084,4.52,5.68,0.00,925.9187774146028,ON,DEPLOYED,AUTO
19:45:55.184,4.07,6.57,0.00,903.3432235185323,ON,DEPLOYED,AUTO
19:45:55.285,3.61,7.46,0.00,880.2594174627656,ON,DEPLOYED,AUTO
19:45:55.386,3.13,8.35,0.00,856.7250567406284,ON,DEPLOYED,AUTO
19:45:55.486,2.66,9.23,0.00,832.7989649974686,ON,DEPLOYED,AUTO
19:45:55.586,2.17,10.11,0.00,808.5409450021766,ON,DEPLOYED,AUTO
19:45:55.688,1.68,10.99,0.00,784.0116291714087,ON,DEPLOYED,AUTO
19:45:55.788,1.19,11.86,0.00,759.2723280201213,ON,DEPLOYED,AUTO
19:45:55.889,0.69,12.72,0.00,734.3848769172143,ON,DEPLOYED,AUTO
19:45:55.990,0.19,13.58,0.00,709.4114815293115,ON,DEPLOYED,AUTO
19:45:56.091,-0.31,14.44,0.00,684.41456233899,ON,DEPLOYED,AUTO
19:45:56.190,-0.81,15.29,0.00,659.4565986260823,ON,DEPLOYED,AUTO
19:45:56.291,-1.31,16.13,0.00,634.5999723020147,ON,DEPLOYED,AUTO
19:45:56.392,-1.80,16.97,0.00,609.9068119875174,ON,DEPLOYED,AUTO
19:45:56.493,-2.29,17.80,0.00,192.7194188617138,ON,RETRACTED,AUTO
19:45:56.593,-2.77,18.62,0.00,180.62860335136568,ON,RETRACTED,AUTO
19:45:56.693,-3.25,19.44,0.00,168.71118020471545,ON,RETRACTED,AUTO
19:45:56.794,-3.72,20.24,0.00,156.99693677315588,ON,RETRACTED,AUTO
19:45:56.894,-4.18,21.04,0.00,145.51515256460613,ON,RETRACTED,AUTO
19:45:56.994,-4.63,21.84,0.00,134.29452605999012,ON,RETRACTED,AUTO
19:45:57.095,-5.07,22.62,0.00,123.36310298198028,ON,RETRACTED,AUTO
19:45:57.196,-5.49,23.39,0.00,112.74820619529675,ON,RETRACTED,AUTO
19:45:57.296,-5.90,24.16,0.00,102.47636741377502,ON,RETRACTED,AUTO
19:45:57.397,-6.30,24.91,0.00,92.57326088489887,ON,RETRACTED,AUTO
19:45:57.498,-6.68,25.65,0.00,83.06363921755252,ON,RETRACTED,AUTO
19:45:57.598,-7.04,26.39,0.00,73.97127151338924,ON,RETRACTED,AUTO
19:45:57.699,-7.39,27.11,0.00,65.31888395645609,ON,RETRACTED,AUTO
19:45:57.800,-7.71,27.83,0.00,57.12810300956923,ON,RETRACTED,AUTO
19:45:57.900,-8.02,28.53,0.00,49.41940135941965,ON,RETRACTED,AUTO
19:45:58.000,-8.31,29.22,0.00,42.21204674551882,ON,RETRACTED,AUTO
19:45:58.101,-8.58,29.90,0.00,35.52405380088379,ON,RETRACTED,AUTO
19:45:58.202,-8.83,30.56,0.00,29.37213902483694,ON,RETRACTED,AUTO
19:45:58.302,-9.05,31.22,0.00,23.771679000463138,ON,RETRACTED,AUTO
19:45:58.402,-9.25,31.86,0.00,18.73667196116031,ON,RETRACTED,AUTO
19:45:58.503,-9.43,32.49,0.00,14.279702802345753,ON,RETRACTED,AUTO
19:45:58.604,-9.58,33.10,0.00,10.41191162577195,ON,RETRACTED,AUTO
19:45:58.704,-9.71,33.71,0.00,7.142965895073729,ON,RETRACTED,AUTO
19:45:58.804,-9.82,34.30,0.00,4.481036272143854,ON,RETRACTED,AUTO
19:45:58.906,-9.90,34.87,0.00,2.432776194733492,ON,RETRACTED,AUTO
19:45:59.006,-9.96,35.43,0.00,1.0033052463230945,ON,RETRACTED,AUTO
19:45:59.107,-9.99,35.98,0.00,0.19619635982951422,ON,RETRACTED,AUTO
19:45:59.207,-10.00,36.52,0.00,0.013466887134853778,ON,RETRACTED,AUTO
19:45:59.308,-9.98,37.03,0.00,0.4555735567572299,ON,RETRACTED,AUTO
19:45:59.408,-9.94,37.54,0.00,1.5214113322672347,ON,RETRACTED,AUTO
19:45:59.509,-9.87,38.03,0.00,3.2083161743036896,ON,RETRACTED,AUTO
19:45:59.609,-9.78,38.50,0.00,5.5120716992844905,ON,RETRACTED,AUTO
19:45:59.711,-9.66,38.96,0.00,8.42691971816987,ON,RETRACTED,AUTO
19:45:59.811,-9.52,39.40,0.00,11.945574628936015,ON,RETRACTED,AUTO
19:45:59.912,-9.36,39.83,0.00,16.059241626786076,ON,RETRACTED,AUTO
19:46:00.013,-9.17,40.24,0.00,20.75763868658163,ON,RETRACTED,AUTO
19:46:00.113,-8.96,40.63,0.00,26.029022262551024,ON,RETRACTED,AUTO
19:46:00.213,-8.73,41.01,0.00,31.860216641037738,ON,RETRACTED,AUTO
19:46:00.314,-8.47,41.37,0.00,38.23664687292279,ON,RETRACTED,AUTO
19:46:00.415,-8.19,41.72,0.00,45.142375203407,ON,RETRACTED,AUTO
19:46:00.515,-7.90,42.05,0.00,52.56014090809782,ON,RETRACTED,AUTO
19:46:00.616,-7.58,42.36,0.00,60.47140343583109,ON,RETRACTED,AUTO
19:46:00.716,-7.25,42.66,0.00,68.85638875039325,ON,RETRACTED,AUTO
19:46:00.817,-6.89,42.93,0.00,77.69413875531365,ON,RETRACTED,AUTO
19:46:00.917,-6.52,43.20,0.00,86.962563678191,ON,RETRACTED,AUTO
19:46:01.017,-6.13,43.44,0.00,96.63849728362041,ON,RETRACTED,AUTO
19:46:01.118,-5.73,43.67,0.00,106.69775477671692,ON,RETRACTED,AUTO
19:46:01.218,-5.32,43.87,0.00,117.11519325250762,ON,RETRACTED,AUTO
19:46:01.319,-4.89,44.07,0.00,127.86477454009994,ON,RETRACTED,AUTO
19:46:01.420,-4.44,44.24,0.00,138.91963028454842,ON,RETRACTED,AUTO
19:46:01.520,-3.99,44.39,0.00,150.25212910374927,ON,RETRACTED,AUTO
19:46:01.621,-3.53,44.53,0.00,161.8339456525056,ON,RETRACTED,AUTO
19:46:01.722,-3.05,44.65,0.00,173.63613142113883,ON,RETRACTED,AUTO
19:46:01.823,-2.57,44.76,0.00,185.6291870916866,ON,RETRACTED,AUTO
19:46:01.924,-2.09,44.84,0.00,197.78313627083503,ON,RETRACTED,AUTO
19:46:02.024,-1.60,44.91,0.00,620.1352008305807,ON,DEPLOYED,AUTO
19:46:02.125,-1.10,44.96,0.00,644.9037495246331,ON,DEPLOYED,AUTO
19:46:02.225,-0.60,44.99,0.00,669.8100101513023,ON,DEPLOYED,AUTO
19:46:02.326,-0.10,45.00,0.00,694.7917300299509,ON,DEPLOYED,AUTO
19:46:02.426,0.40,44.99,0.00,719.7864678711103,ON,DEPLOYED,AUTO
19:46:02.526,0.89,44.97,0.00,744.7317498471848,ON,DEPLOYED,AUTO
19:46:02.627,1.39,44.93,0.00,769.5652257444855,ON,DEPLOYED,AUTO
19:46:02.727,1.88,44.87,0.00,794.2248248062929,ON,DEPLOYED,AUTO
19:46:02.828,2.37,44.79,0.00,818.6489108774231,ON,DEPLOYED,AUTO
19:46:02.928,2.86,44.70,0.00,842.7764364625158,ON,DEPLOYED,AUTO
19:46:03.029,3.33,44.59,0.00,866.5470953129803,ON,DEPLOYED,AUTO
19:46:03.130,3.80,44.45,0.00,889.9014731612099,ON,DEPLOYED,AUTO
19:46:03.231,4.26,44.31,0.00,912.7811962253083,ON,DEPLOYED,AUTO
19:46:03.331,4.70,44.14,0.00,935.1290771131446,ON,DEPLOYED,AUTO
19:46:03.432,5.14,43.96,0.00,956.8892577610497,ON,DEPLOYED,AUTO
19:46:03.532,5.56,43.75,0.00,978.0073490498869,ON,DEPLOYED,AUTO
19:46:03.632,5.97,43.54,0.00,998.4305667495228,ON,DEPLOYED,AUTO
19:46:03.738,6.36,43.30,0.00,1018.1078634519142,ON,DEPLOYED,AUTO
19:46:03.839,6.74,43.05,0.00,1036.9900561630427,ON,DEPLOYED,AUTO
19:46:03.938,7.10,42.77,0.00,1055.0299492347863,ON,DEPLOYED,AUTO
19:46:04.039,7.44,42.49,0.00,1072.1824523294595,ON,DEPLOYED,AUTO
19:46:04.140,7.77,42.18,0.00,1088.4046931221765,ON,DEPLOYED,AUTO
19:46:04.240,8.07,41.86,0.00,1103.656124459335,ON,DEPLOYED,AUTO
19:46:04.341,8.36,41.52,0.00,1117.8986257053837,ON,DEPLOYED,AUTO
19:46:04.441,8.62,41.17,0.00,1131.0965980245585,ON,DEPLOYED,AUTO
19:46:04.542,8.86,40.79,0.00,1143.217053359432,ON,DEPLOYED,AUTO
19:46:04.642,9.08,40.41,0.00,1154.2296968838782,ON,DEPLOYED,AUTO
19:46:04.743,9.28,40.00,0.00,1164.1070027243597,ON,DEPLOYED,AUTO
19:46:04.843,9.46,39.58,0.00,1172.8242827602764,ON,DEPLOYED,AUTO
19:46:04.943,9.61,39.14,0.00,1180.3597483314102,ON,DEPLOYED,AUTO
19:46:05.044,9.73,38.69,0.00,1186.6945646982276,ON,DEPLOYED,AUTO
19:46:05.145,9.84,38.23,0.00,1191.8128981189202,ON,DEPLOYED,AUTO
19:46:05.245,9.91,37.74,0.00,1195.7019554255126,ON,DEPLOYED,AUTO
19:46:05.345,9.97,37.25,0.00,1198.3520160001199,ON,DEPLOYED,AUTO
19:46:05.448,10.00,36.73,0.00,1199.7564560714306,ON,DEPLOYED,AUTO
19:46:05.552,10.00,36.21,0.00,1199.9117652706848,ON,DEPLOYED,AUTO
19:46:05.655,9.98,35.66,0.00,1198.8175554057675,ON,DEPLOYED,AUTO
19:46:05.756,9.93,35.11,0.00,1196.4765614314879,ON,DEPLOYED,AUTO
19:46:05.858,9.86,34.54,0.00,1192.8946346136154,ON,DEPLOYED,AUTO
19:46:05.959,9.76,33.95,0.00,1188.0807279037635,ON,DEPLOYED,AUTO
19:46:06.059,9.64,33.36,0.00,1182.0468735616726,ON,DEPLOYED,AUTO
19:46:06.160,9.50,32.75,0.00,1174.8081530808272,ON,DEPLOYED,AUTO
19:46:06.260,9.33,32.12,0.00,1166.3826594925774,ON,DEPLOYED,AUTO
19:46:06.361,9.14,31.49,0.00,1156.7914521429814,ON,DEPLOYED,AUTO
19:46:06.461,8.92,30.84,0.00,1146.0585040554092,ON,DEPLOYED,AUTO
19:46:06.562,8.68,30.18,0.00,1134.2106420104685,ON,DEPLOYED,AUTO
19:46:06.662,8.43,29.50,0.00,1121.2774794930247,ON,DEPLOYED,AUTO
19:46:06.763,8.15,28.82,0.00,1107.2913426739108,ON,DEPLOYED,AUTO
19:46:06.864,7.85,28.12,0.00,1092.2871896113354,ON,DEPLOYED,AUTO
19:46:06.965,7.53,27.41,0.00,1076.3025228739436,ON,DEPLOYED,AUTO
19:46:07.066,7.19,26.69,0.00,1059.3772958039258,ON,DEPLOYED,AUTO
19:46:07.166,6.83,25.96,0.00,1041.553812654469,ON,DEPLOYED,AUTO
19:46:07.266,6.46,25.22,0.00,1022.876622851157,ON,DEPLOYED,AUTO
19:46:07.367,6.07,24.47,0.00,1003.3924096416059,ON,DEPLOYED,AUTO
19:46:07.468,5.66,23.71,0.00,983.1498734116577,ON,DEPLOYED,AUTO
19:46:07.568,5.24,22.94,0.00,962.1996099597786,ON,DEPLOYED,AUTO
19:46:07.669,4.81,22.16,0.00,940.5939840339126,ON,DEPLOYED,AUTO
19:46:07.769,4.37,21.37,0.00,918.3869984468822,ON,DEPLOYED,AUTO
19:46:07.869,3.91,20.58,0.00,895.6341590974807,ON,DEPLOYED,AUTO
19:46:07.970,3.45,19.77,0.00,872.3923362346325,ON,DEPLOYED,AUTO
19:46:08.071,2.97,18.96,0.00,848.7196223113876,ON,DEPLOYED,AUTO
19:46:08.171,2.49,18.14,0.00,824.6751867840437,ON,DEPLOYED,AUTO
19:46:08.271,2.01,17.31,0.00,800.3191282193195,ON,DEPLOYED,AUTO
19:46:08.372,1.51,16.48,0.00,775.7123240792373,ON,DEPLOYED,AUTO
19:46:08.472,1.02,15.64,0.00,750.9162785591716,ON,DEPLOYED,AUTO
19:46:08.573,0.52,14.79,0.00,725.9929688593925,ON,DEPLOYED,AUTO
19:46:08.674,0.02,13.94,0.00,701.0046902743408,ON,DEPLOYED,AUTO
19:46:08.773,-0.48,13.08,0.00,676.0139004868358,ON,DEPLOYED,AUTO
19:46:08.874,-0.98,12.22,0.00,651.0830634563952,ON,DEPLOYED,AUTO
19:46:08.976,-1.47,11.35,0.00,626.2744932918662,ON,DEPLOYED,AUTO
19:46:09.076,-1.97,10.48,0.00,601.6501984986073,ON,DEPLOYED,AUTO
19:46:09.176,-2.45,9.60,0.00,188.63586349475855,ON,RETRACTED,AUTO
19:46:09.277,-2.94,8.72,0.00,176.6000061236532,ON,RETRACTED,AUTO
19:46:09.377,-3.41,7.83,0.00,164.7476105112622,ON,RETRACTED,AUTO
19:46:09.478,-3.88,6.95,0.00,153.10830147400844,ON,RETRACTED,AUTO
19:46:09.578,-4.33,6.05,0.00,141.71117122285028,ON,RETRACTED,AUTO
19:46:09.679,-4.78,5.16,0.00,130.58470664790508,ON,RETRACTED,AUTO
19:46:09.779,-5.21,4.27,0.00,119.75671811605977,ON,RETRACTED,AUTO
19:46:09.880,-5.63,3.37,0.00,109.25426995953671,ON,RETRACTED,AUTO
19:46:09.980,-6.04,2.47,0.00,99.10361282915812,ON,RETRACTED,AUTO
19:46:10.081,-6.43,1.57,0.00,89.33011808139008,ON,RETRACTED,AUTO
19:46:10.182,-6.80,0.67,0.00,79.95821436316453,ON,RETRACTED,AUTO
19:46:10.283,-7.16,-0.23,0.00,71.01132655298409,ON,RETRACTED,AUTO
19:46:10.383,-7.50,-1.13,0.00,62.51181721092527,ON,RETRACTED,AUTO
19:46:10.483,-7.82,-2.03,0.00,54.48093068388451,ON,RETRACTED,AUTO
19:46:10.584,-8.12,-2.92,0.00,46.93874000577469,ON,RETRACTED,AUTO
19:46:10.684,-8.40,-3.82,0.00,39.904096725394226,ON,RETRACTED,AUTO
19:46:10.785,-8.66,-4.72,0.00,33.394583787372824,ON,RETRACTED,AUTO
19:46:10.885,-8.90,-5.61,0.00,27.426471583966816,ON,RETRACTED,AUTO
19:46:10.986,-9.12,-6.50,0.00,22.014677287552132,ON,RETRACTED,AUTO
19:46:11.088,-9.31,-7.39,0.00,17.172727565461884,ON,RETRACTED,AUTO
19:46:11.187,-9.48,-8.28,0.00,12.912724770362672,ON,RETRACTED,AUTO
19:46:11.289,-9.63,-9.16,0.00,9.24531669067585,ON,RETRACTED,AUTO
19:46:11.388,-9.75,-10.04,0.00,6.179669936651436,ON,RETRACTED,AUTO
19:46:11.489,-9.85,-10.92,0.00,3.72344702861659,ON,RETRACTED,AUTO
19:46:11.589,-9.92,-11.79,0.00,1.882787244665309,ON,RETRACTED,AUTO
19:46:11.690,-9.97,-12.65,0.00,0.6622912756603512,ON,RETRACTED,AUTO
19:46:11.790,-10.00,-13.51,0.00,0.06500972590231413,ON,RETRACTED,AUTO
19:46:11.891,-10.00,-14.37,0.00,0.09243548820734304,ON,RETRACTED,AUTO
19:46:11.992,-9.97,-15.22,0.00,0.7445000124527326,ON,RETRACTED,AUTO
19:46:12.092,-9.92,-16.06,0.00,2.01957347691652,ON,RETRACTED,AUTO
19:46:12.193,-9.84,-16.90,0.00,3.9144688619829537,ON,RETRACTED,AUTO
19:46:12.294,-9.74,-17.73,0.00,6.424449916031762,ON,RETRACTED,AUTO
19:46:12.394,-9.62,-18.56,0.00,9.543242993600586,ON,RETRACTED,AUTO
19:46:12.495,-9.47,-19.37,0.00,13.263052736231572,ON,RETRACTED,AUTO
19:46:12.595,-9.30,-20.18,0.00,17.574581556807487,ON,RETRACTED,AUTO
19:46:12.695,-9.10,-20.98,0.00,22.467052878677606,ON,RETRACTED,AUTO
19:46:12.797,-8.88,-21.77,0.00,27.928238071487044,ON,RETRACTED,AUTO
19:46:12.897,-8.64,-22.56,0.00,33.944487016383874,ON,RETRACTED,AUTO
19:46:12.998,-8.38,-23.33,0.00,40.50076222420765,ON,RETRACTED,AUTO
19:46:13.098,-8.10,-24.10,0.00,47.58067642138084,ON,RETRACTED,AUTO
19:46:13.200,-7.79,-24.85,0.00,55.16653350955835,ON,RETRACTED,AUTO
19:46:13.300,-7.47,-25.60,0.00,63.239372796657676,ON,RETRACTED,AUTO
19:46:13.401,-7.13,-26.33,0.00,71.77901638871433,ON,RETRACTED,AUTO
19:46:13.501,-6.77,-27.06,0.00,80.76411962410839,ON,RETRACTED,AUTO
19:46:13.602,-6.39,-27.77,0.00,90.17222442410255,ON,RETRACTED,AUTO
19:46:13.703,-6.00,-28.47,0.00,99.9798154263429,ON,RETRACTED,AUTO
19:46:13.803,-5.59,-29.16,0.00,110.16237876101835,ON,RETRACTED,AUTO
19:46:13.903,-5.17,-29.84,0.00,120.69446332276843,ON,RETRACTED,AUTO
19:46:14.004,-4.74,-30.51,0.00,131.54974438519224,ON,RETRACTED,AUTO
19:46:14.104,-4.29,-31.17,0.00,142.7010893989546,ON,RETRACTED,AUTO
19:46:14.205,-3.84,-31.81,0.00,154.12062580902915,ON,RETRACTED,AUTO
19:46:14.306,-3.37,-32.44,0.00,165.77981072157002,ON,RETRACTED,AUTO
19:46:14.406,-2.89,-33.06,0.00,177.6495022462818,ON,RETRACTED,AUTO
19:46:14.507,-2.41,-33.66,0.00,189.70003233596836,ON,RETRACTED,AUTO
19:46:14.608,-1.92,-34.25,0.00,603.8025618824,ON,DEPLOYED,AUTO
19:46:14.708,-1.43,-34.83,0.00,628.4455025895018,ON,DEPLOYED,AUTO
19:46:14.808,-0.93,-35.39,0.00,653.2672922752693,ON,DEPLOYED,AUTO
19:46:14.909,-0.44,-35.94,0.00,678.2058893924257,ON,DEPLOYED,AUTO
19:46:15.009,0.06,-36.47,0.00,703.1989604359479,ON,DEPLOYED,AUTO
19:46:15.110,0.56,-36.99,0.00,728.1840357443667,ON,DEPLOYED,AUTO
19:46:15.211,1.06,-37.50,0.00,753.0986656413861,ON,DEPLOYED,AUTO
19:46:15.312,1.56,-37.99,0.00,777.8805765275516,ON,DEPLOYED,AUTO
19:46:15.412,2.05,-38.46,0.00,802.4678265318171,ON,DEPLOYED,AUTO
19:46:15.512,2.54,-38.92,0.00,826.7989603339635,ON,DEPLOYED,AUTO
19:46:15.613,3.02,-39.37,0.00,850.8131627708947,ON,DEPLOYED,AUTO
19:46:15.714,3.49,-39.79,0.00,874.4504108428729,ON,DEPLOYED,AUTO
19:46:15.814,3.95,-40.21,0.00,897.6516237397583,ON,DEPLOYED,AUTO
19:46:15.915,4.41,-40.60,0.00,920.3588105122666,ON,DEPLOYED,AUTO
19:46:16.015,4.85,-40.98,0.00,942.5152150191402,ON,DEPLOYED,AUTO
19:46:16.115,5.28,-41.35,0.00,964.0654577879441,ON,DEPLOYED,AUTO
19:46:16.216,5.70,-41.69,0.00,984.9556744349051,ON,DEPLOYED,AUTO
19:46:16.316,6.10,-42.02,0.00,1005.1336502978202,ON,DEPLOYED,AUTO
19:46:16.417,6.49,-42.34,0.00,1024.5489509455183,ON,DEPLOYED,AUTO
19:46:16.517,6.86,-42.63,0.00,1043.153048237673,ON,DEPLOYED,AUTO
19:46:16.618,7.22,-42.91,0.00,1060.89944161988,ON,DEPLOYED,AUTO
19:46:16.717,7.55,-43.18,0.00,1077.7437743508267,ON,DEPLOYED,AUTO
19:46:16.818,7.87,-43.42,0.00,1093.6439443710442,ON,DEPLOYED,AUTO
19:46:16.919,8.17,-43.65,0.00,1108.5602095361303,ON,DEPLOYED,AUTO
19:46:17.020,8.45,-43.86,0.00,1122.4552869514123,ON,DEPLOYED,AUTO
19:46:17.120,8.71,-44.05,0.00,1135.2944461597685,ON,DEPLOYED,AUTO
19:46:17.220,8.94,-44.23,0.00,1147.0455959496828,ON,DEPLOYED,AUTO
19:46:17.321,9.15,-44.38,0.00,1157.6793645665603,ON,DEPLOYED,AUTO
19:46:17.421,9.34,-44.52,0.00,1167.1691731268186,ON,DEPLOYED,AUTO
19:46:17.522,9.51,-44.64,0.00,1175.4913020512536,ON,DEPLOYED,AUTO
19:46:17.623,9.65,-44.75,0.00,1182.6249503516347,ON,DEPLOYED,AUTO
19:46:17.723,9.77,-44.83,0.00,1188.552287622343,ON,DEPLOYED,AUTO
19:46:17.824,9.87,-44.90,0.00,1193.2584986071,ON,DEPLOYED,AUTO
19:46:17.924,9.93,-44.95,0.00,1196.7318202293902,ON,DEPLOYED,AUTO
19:46:18.025,9.98,-44.99,0.00,1198.963570994029,ON,DEPLOYED,AUTO
19:46:18.125,10.00,-45.00,0.00,1199.9481726863783,ON,DEPLOYED,AUTO
19:46:18.225,9.99,-45.00,0.00,1199.6831643149774,ON,DEPLOYED,AUTO
19:46:18.326,9.96,-44.97,0.00,1198.1692082627414,ON,DEPLOYED,AUTO
19:46:18.426,9.91,-44.93,0.00,1195.410088631348,ON,DEPLOYED,AUTO
19:46:18.527,9.83,-44.88,0.00,1191.4127017829537,ON,DEPLOYED,AUTO
19:46:18.628,9.72,-44.80,0.00,1186.187039102881,ON,DEPLOYED,AUTO
19:46:18.728,9.59,-44.71,0.00,1179.7461620263575,ON,DEPLOYED,AUTO
19:46:18.829,9.44,-44.60,0.00,1172.1061693917306,ON,DEPLOYED,AUTO
19:46:18.930,9.27,-44.47,0.00,1163.286157201756,ON,DEPLOYED,AUTO
19:46:19.030,9.07,-44.32,0.00,1153.3081708935351,ON,DEPLOYED,AUTO
19:46:19.130,8.84,-44.15,0.00,1142.1971502364038,ON,DEPLOYED,AUTO
19:46:19.232,8.60,-43.97,0.00,1129.9808669954973,ON,DEPLOYED,AUTO
19:46:19.332,8.33,-43.77,0.00,1116.6898555168013,ON,DEPLOYED,AUTO
19:46:19.432,8.05,-43.55,0.00,1102.3573364071872,ON,DEPLOYED,AUTO
19:46:19.533,7.74,-43.32,0.00,1087.019133500198,ON,DEPLOYED,AUTO
19:46:19.633,7.41,-43.07,0.00,1070.7135843151195,ON,DEPLOYED,AUTO
19:46:19.734,7.07,-42.80,0.00,1053.4814442331492,ON,DEPLOYED,AUTO
19:46:19.835,6.71,-42.51,0.00,1035.3657846301671,ON,DEPLOYED,AUTO
19:46:19.935,6.33,-42.21,0.00,1016.4118852207278,ON,DEPLOYED,AUTO
19:46:20.035,5.93,-41.89,0.00,996.6671208823551,ON,DEPLOYED,AUTO
19:46:20.136,5.52,-41.55,0.00,976.1808432430212,ON,DEPLOYED,AUTO
19:46:20.237,5.10,-41.19,0.00,955.0042573277772,ON,DEPLOYED,AUTO
19:46:20.337,4.66,-40.82,0.00,933.1902935728592,ON,DEPLOYED,AUTO
19:46:20.438,4.22,-40.44,0.00,910.7934755271621,ON,DEPLOYED,AUTO
19:46:20.538,3.76,-40.03,0.00,887.869783571763,ON,DEPLOYED,AUTO
19:46:20.638,3.29,-39.61,0.00,864.4765149981232,ON,DEPLOYED,AUTO
19:46:20.739,2.81,-39.18,0.00,840.6721407946982,ON,DEPLOYED,AUTO
19:46:20.840,2.33,-38.73,0.00,816.5161594999184,ON,DEPLOYED,AUTO
19:46:20.940,1.84,-38.26,0.00,792.0689484868298,ON,DEPLOYED,AUTO
19:46:21.041,1.35,-37.78,0.00,767.3916130511037,ON,DEPLOYED,AUTO
19:46:21.142,0.85,-37.29,0.00,742.5458336796223,ON,DEPLOYED,AUTO
19:46:21.243,0.35,-36.77,0.00,717.593711881383,ON,DEPLOYED,AUTO
19:46:21.343,-0.15,-36.25,0.00,692.5976149660678,ON,DEPLOYED,AUTO
19:46:21.443,-0.65,-35.71,0.00,667.6200201582501,ON,DEPLOYED,AUTO
19:46:21.544,-1.15,-35.15,0.00,642.7233584368698,ON,DEPLOYED,AUTO
19:46:21.644,-1.64,-34.58,0.00,617.9698584903001,ON,DEPLOYED,AUTO
19:46:21.745,-2.13,-34.00,0.00,196.7106955885171,ON,RETRACTED,AUTO
19:46:21.845,-2.62,-33.41,0.00,184.56965744038058,ON,RETRACTED,AUTO
19:46:21.946,-3.10,-32.80,0.00,172.59216107318065,ON,RETRACTED,AUTO
19:46:22.046,-3.57,-32.17,0.00,160.80814399007596,ON,RETRACTED,AUTO
19:46:22.146,-4.03,-31.54,0.00,149.24706009677703,ON,RETRACTED,AUTO
19:46:22.247,-4.48,-30.89,0.00,137.9378060821212,ON,RETRACTED,AUTO
19:46:22.348,-4.92,-30.23,0.00,126.9086491913997,ON,RETRACTED,AUTO
19:46:22.448,-5.35,-29.56,0.00,116.18715657296568,ON,RETRACTED,AUTO
19:46:22.548,-5.77,-28.87,0.00,105.80012637471998,ON,RETRACTED,AUTO
19:46:22.650,-6.17,-28.17,0.00,95.77352076269761,ON,RETRACTED,AUTO
19:46:22.751,-6.55,-27.47,0.00,86.13240102917365,ON,RETRACTED,AUTO
19:46:22.850,-6.92,-26.75,0.00,76.90086495248391,ON,RETRACTED,AUTO
19:46:22.951,-7.28,-26.02,0.00,68.10198656512927,ON,RETRACTED,AUTO
19:46:23.051,-7.61,-25.28,0.00,59.75775848071095,ON,RETRACTED,AUTO
19:46:23.151,-7.92,-24.53,0.00,51.8890369238502,ON,RETRACTED,AUTO
19:46:23.252,-8.22,-23.77,0.00,44.51548960048831,ON,RETRACTED,AUTO
19:46:23.352,-8.49,-23.00,0.00,37.655546538864655,ON,RETRACTED,AUTO
19:46:23.453,-8.75,-22.22,0.00,31.32635402404415,ON,RETRACTED,AUTO
19:46:23.553,-8.98,-21.44,0.00,25.543731741134167,ON,RETRACTED,AUTO
19:46:23.654,-9.19,-20.64,0.00,20.322133234310627,ON,RETRACTED,AUTO
19:46:23.755,-9.37,-19.84,0.00,15.67460978048473,ON,RETRACTED,AUTO
19:46:23.855,-9.54,-19.03,0.00,11.612777767907772,ON,RETRACTED,AUTO
19:46:23.956,-9.67,-18.21,0.00,8.146789661249983,ON,RETRACTED,AUTO
19:46:24.057,-9.79,-17.38,0.00,5.285308625726401,ON,RETRACTED,AUTO
19:46:24.158,-9.88,-16.55,0.00,3.0354868736953335,ON,RETRACTED,AUTO
19:46:24.259,-9.94,-15.71,0.00,1.402947787852412,ON,RETRACTED,AUTO
19:46:24.359,-9.98,-14.86,0.00,0.3917718657023386,ON,RETRACTED,AUTO
19:46:24.460,-10.00,-14.01,0.00,0.0044865204402526615,ON,RETRACTED,AUTO
19:46:24.561,-9.99,-13.15,0.00,0.24205976373502835,ON,RETRACTED,AUTO
19:46:24.661,-9.96,-12.29,0.00,1.103897786204186,ON,RETRACTED,AUTO
19:46:24.761,-9.90,-11.42,0.00,2.5878464416280735,ON,RETRACTED,AUTO
19:46:24.862,-9.81,-10.55,0.00,4.690196631193658,ON,RETRACTED,AUTO
19:46:24.963,-9.70,-9.67,0.00,7.405693574309765,ON,RETRACTED,AUTO
19:46:25.063,-9.57,-8.79,0.00,10.727549942822037,ON,RETRACTED,AUTO
19:46:25.164,-9.41,-7.90,0.00,14.647462825798499,ON,RETRACTED,AUTO
19:46:25.264,-9.23,-7.02,0.00,19.15563448248281,ON,RETRACTED,AUTO
19:46:25.366,-9.03,-6.13,0.00,24.240796831543577,ON,RETRACTED,AUTO
19:46:25.466,-8.80,-5.23,0.00,29.8902396154094,ON,RETRACTED,AUTO
19:46:25.566,-8.56,-4.34,0.00,36.08984216929346,ON,RETRACTED,AUTO
19:46:25.667,-8.29,-3.44,0.00,42.824108715501495,ON,RETRACTED,AUTO
19:46:25.768,-8.00,-2.54,0.00,50.07620709480611,ON,RETRACTED,AUTO
19:46:25.868,-7.69,-1.64,0.00,57.82801083807877,ON,RETRACTED,AUTO
19:46:25.969,-7.36,-0.74,0.00,66.0601444730224,ON,RETRACTED,AUTO
19:46:26.069,-7.01,0.15,0.00,74.75203195276194,ON,RETRACTED,AUTO
19:46:26.169,-6.64,1.05,0.00,83.88194808524528,ON,RETRACTED,AUTO
19:46:26.270,-6.26,1.95,0.00,93.4270728349095,ON,RETRACTED,AUTO
19:46:26.370,-5.87,2.85,0.00,103.36354836088512,ON,RETRACTED,AUTO
19:46:26.471,-5.45,3.75,0.00,113.66653864917345,ON,RETRACTED,AUTO
19:46:26.572,-5.03,4.65,0.00,124.31029158974718,ON,RETRACTED,AUTO
19:46:26.672,-4.59,5.54,0.00,135.2682033434141,ON,RETRACTED,AUTO
19:46:26.773,-4.14,6.43,0.00,146.5128848375599,ON,RETRACTED,AUTO
19:46:26.873,-3.68,7.32,0.00,158.01623022456596,ON,RETRACTED,AUTO
19:46:26.973,-3.21,8.21,0.00,169.74948713179106,ON,RETRACTED,AUTO
19:46:27.074,-2.73,9.09,0.00,181.68332852752891,ON,RETRACTED,AUTO
19:46:27.175,-2.25,9.97,0.00,193.7879260233145,ON,RETRACTED,AUTO
19:46:27.275,-1.76,10.85,0.00,612.0660488587212,ON,DEPLOYED,AUTO
19:46:27.376,-1.26,11.72,0.00,636.7760347535517,ON,DEPLOYED,AUTO
19:46:27.477,-0.77,12.58,0.00,661.6440476350949,ON,DEPLOYED,AUTO
19:46:27.577,-0.27,13.45,0.00,686.6079304221572,ON,DEPLOYED,AUTO
19:46:27.678,0.23,14.30,0.00,711.6052864087094,ON,DEPLOYED,AUTO
19:46:27.778,0.73,15.15,0.00,736.5736352231559,ON,DEPLOYED,AUTO
19:46:27.879,1.23,16.00,0.00,761.4505689967248,ON,DEPLOYED,AUTO
19:46:27.980,1.72,16.84,0.00,786.1739083506385,ON,DEPLOYED,AUTO
19:46:28.080,2.21,17.67,0.00,810.6818578121779,ON,DEPLOYED,AUTO
19:46:28.181,2.70,18.49,0.00,834.9131602711822,ON,DEPLOYED,AUTO
19:46:28.281,3.18,19.31,0.00,858.8072500909217,ON,DEPLOYED,AUTO
19:46:28.381,3.65,20.12,0.00,882.304404490648,ON,DEPLOYED,AUTO
19:46:28.482,4.11,20.92,0.00,905.3458928214429,ON,DEPLOYED,AUTO
19:46:28.583,4.56,21.71,0.00,927.8741233622542,ON,DEPLOYED,AUTO
19:46:28.684,5.00,22.49,0.00,949.8327872692049,ON,DEPLOYED,AUTO
19:46:28.784,5.42,23.27,0.00,971.1669993183785,ON,DEPLOYED,AUTO
19:46:28.884,5.84,24.03,0.00,991.8234350902947,ON,DEPLOYED,AUTO
19:46:28.985,6.24,24.79,0.00,1011.7504642531867,ON,DEPLOYED,AUTO
19:46:29.086,6.62,25.54,0.00,1030.8982796119433,ON,DEPLOYED,AUTO
19:46:29.187,6.98,26.27,0.00,1049.2190216001568,ON,DEPLOYED,AUTO
19:46:29.287,7.33,27.00,0.00,1066.6668979041142,ON,DEPLOYED,AUTO
19:46:29.387,7.66,27.71,0.00,1083.1982979197337,ON,DEPLOYED,AUTO
19:46:29.488,7.98,28.42,0.00,1098.7719017563625,ON,DEPLOYED,AUTO
19:46:29.589,8.27,29.11,0.00,1113.348783514985,ON,DEPLOYED,AUTO
19:46:29.689,8.54,29.79,0.00,1126.8925085826977,ON,DEPLOYED,AUTO
19:46:29.790,8.79,30.46,0.00,1139.3692247002664,ON,DEPLOYED,AUTO
19:46:29.891,9.01,31.11,0.00,1150.7477465751454,ON,DEPLOYED,AUTO
19:46:29.990,9.22,31.76,0.00,1160.999633828467,ON,DEPLOYED,AUTO
19:46:30.091,9.40,32.39,0.00,1170.0992620811771,ON,DEPLOYED,AUTO
19:46:30.192,9.56,33.01,0.00,1178.0238870016387,ON,DEPLOYED,AUTO
19:46:30.292,9.70,33.61,0.00,1184.7537011546153,ON,DEPLOYED,AUTO
19:46:30.393,9.81,34.20,0.00,1190.2718835095438,ON,DEPLOYED,AUTO
19:46:30.494,9.89,34.78,0.00,1194.564641484351,ON,DEPLOYED,AUTO
19:46:30.594,9.95,35.35,0.00,1197.6212454197241,ON,DEPLOYED,AUTO
19:46:30.695,9.99,35.90,0.00,1199.434055397674,ON,DEPLOYED,AUTO
19:46:30.795,10.00,36.43,0.00,1199.9985403373485,ON,DEPLOYED,AUTO
19:46:30.896,9.99,36.95,0.00,1199.3132893203765,ON,DEPLOYED,AUTO
19:46:30.997,9.95,37.46,0.00,1197.380015117429,ON,DEPLOYED,AUTO
19:46:31.098,9.88,37.95,0.00,1194.203549907183,ON,DEPLOYED,AUTO
19:46:31.198,9.80,38.43,0.00,1189.7918331983938,ON,DEPLOYED,AUTO
19:46:31.299,9.68,38.89,0.00,1184.1558919852553,ON,DEPLOYED,AUTO
19:46:31.399,9.55,39.33,0.00,1177.309813185659,ON,DEPLOYED,AUTO
19:46:31.500,9.39,39.76,0.00,1169.2707084312356,ON,DEPLOYED,AUTO
19:46:31.600,9.20,40.17,0.00,1160.0586712971858,ON,DEPLOYED,AUTO
19:46:31.701,8.99,40.57,0.00,1149.6967270788093,ON,DEPLOYED,AUTO
19:46:31.802,8.76,40.95,0.00,1138.2107752402558,ON,DEPLOYED,AUTO
19:46:31.902,8.51,41.32,0.00,1125.6295246793534,ON,DEPLOYED,AUTO
19:46:32.002,8.24,41.67,0.00,1111.9844219703166,ON,DEPLOYED,AUTO
19:46:32.103,7.95,42.00,0.00,1097.3095727636858,ON,DEPLOYED,AUTO
19:46:32.204,7.63,42.31,0.00,1081.641656539964,ON,DEPLOYED,AUTO
19:46:32.305,7.30,42.61,0.00,1065.019834930018,ON,DEPLOYED,AUTO
19:46:32.405,6.95,42.89,0.00,1047.4856538313954,ON,DEPLOYED,AUTO
19:46:32.506,6.58,43.15,0.00,1029.0829395652183,ON,DEPLOYED,AUTO
19:46:32.606,6.20,43.40,0.00,1009.857689333204,ON,DEPLOYED,AUTO
19:46:32.706,5.80,43.63,0.00,989.8579562486162,ON,DEPLOYED,AUTO
19:46:32.808,5.38,43.84,0.00,969.133729228507,ON,DEPLOYED,AUTO
19:46:32.908,4.95,44.04,0.00,947.7368080474585,ON,DEPLOYED,AUTO
19:46:33.009,4.51,44.21,0.00,925.7206738651221,ON,DEPLOYED,AUTO
19:46:33.109,4.06,44.37,0.00,903.1403555511735,ON,DEPLOYED,AUTO
19:46:33.210,3.60,44.51,0.00,880.0522921417953,ON,DEPLOYED,AUTO
19:46:33.311,3.13,44.64,0.00,856.5141917714803,ON,DEPLOYED,AUTO
19:46:33.411,2.65,44.74,0.00,832.5848874327493,ON,DEPLOYED,AUTO
19:46:33.512,2.17,44.83,0.00,808.3241899243085,ON,DEPLOYED,AUTO
19:46:33.613,1.68,44.90,0.00,783.7927383552025,ON,DEPLOYED,AUTO
19:46:33.713,1.18,44.95,0.00,759.0518485786215,ON,DEPLOYED,AUTO
19:46:33.813,0.68,44.98,0.00,734.1633599342011,ON,DEPLOYED,AUTO
19:46:33.915,0.18,45.00,0.00,709.1894806818785,ON,DEPLOYED,AUTO
19:46:34.014,-0.32,45.00,0.00,684.1926325136401,ON,DEPLOYED,AUTO
19:46:34.115,-0.82,44.98,0.00,659.2352945318,ON,DEPLOYED,AUTO
19:46:34.216,-1.31,44.94,0.00,634.379847083783,ON,DEPLOYED,AUTO
19:46:34.316,-1.81,44.88,0.00,609.6884158437426,ON,DEPLOYED,AUTO
19:46:34.417,-2.30,44.81,0.00,192.61135826536542,ON,RETRACTED,AUTO
19:46:34.517,-2.78,44.71,0.00,180.52195032577026,ON,RETRACTED,AUTO
19:46:34.617,-3.26,44.60,0.00,168.60620132689314,ON,RETRACTED,AUTO
19:46:34.718,-3.72,44.48,0.00,156.8938944356294,ON,RETRACTED,AUTO
19:46:34.819,-4.18,44.33,0.00,145.4143043195558,ON,RETRACTED,AUTO
19:46:34.920,-4.63,44.17,0.00,134.19612397550782,ON,RETRACTED,AUTO
19:46:35.020,-5.07,43.99,0.00,123.26739301203041,ON,RETRACTED,AUTO
19:46:35.120,-5.49,43.79,0.00,112.65542756495938,ON,RETRACTED,AUTO
19:46:35.221,-5.90,43.57,0.00,102.38675202130787,ON,RETRACTED,AUTO
19:46:35.322,-6.30,43.34,0.00,92.4870327221123,ON,RETRACTED,AUTO
19:46:35.422,-6.68,43.09,0.00,82.98101380994672,ON,RETRACTED,AUTO
19:46:35.524,-7.04,42.82,0.00,73.89245538145278,ON,RETRACTED,AUTO
19:46:35.629,-7.39,42.53,0.00,65.2440740994721,ON,RETRACTED,AUTO
19:46:35.735,-7.72,42.23,0.00,57.057486413219976,ON,RETRACTED,AUTO
19:46:35.836,-8.03,41.91,0.00,49.35315452841965,ON,RETRACTED,AUTO
19:46:35.938,-8.31,41.58,0.00,42.15033526244483,ON,RETRACTED,AUTO
19:46:36.039,-8.58,41.22,0.00,35.467031912304805,ON,RETRACTED,AUTO
19:46:36.139,-8.83,40.85,0.00,29.319949255777942,ON,RETRACTED,AUTO
19:46:36.239,-9.05,40.47,0.00,23.72445179816691,ON,RETRACTED,AUTO
19:46:36.340,-9.25,40.07,0.00,18.694525369037137,ON,RETRACTED,AUTO
19:46:36.441,-9.43,39.65,0.00,14.242742164926398,ON,RETRACTED,AUTO
19:46:36.541,-9.58,39.22,0.00,10.380229325401274,ON,RETRACTED,AUTO
19:46:36.641,-9.72,38.77,0.00,7.116641121002829,ON,RETRACTED,AUTO
19:46:36.742,-9.82,38.30,0.00,4.460134822598178,ON,RETRACTED,AUTO
19:46:36.843,-9.90,37.82,0.00,2.4173503124517026,ON,RETRACTED,AUTO
19:46:36.943,-9.96,37.33,0.00,0.9933934879772153,ON,RETRACTED,AUTO
19:46:37.044,-9.99,36.82,0.00,0.19182349965348067,ON,RETRACTED,AUTO
19:46:37.145,-10.00,36.29,0.00,0.014643855001793327,ON,RETRACTED,AUTO
19:46:37.245,-9.98,35.75,0.00,0.4622974108603728,ON,RETRACTED,AUTO
19:46:37.345,-9.94,35.20,0.00,1.5336652664730934,ON,RETRACTED,AUTO
19:46:37.446,-9.87,34.63,0.00,3.2260695601584075,ON,RETRACTED,AUTO
19:46:37.546,-9.78,34.05,0.00,5.535280162569279,ON,RETRACTED,AUTO
19:46:37.647,-9.66,33.45,0.00,8.455525249813206,ON,RETRACTED,AUTO
19:46:37.746,-9.52,32.84,0.00,11.97950573000631,ON,RETRACTED,AUTO
19:46:37.847,-9.36,32.22,0.00,16.098413487201555,ON,RETRACTED,AUTO
19:46:37.947,-9.17,31.59,0.00,20.80195339709161,ON,RETRACTED,AUTO
19:46:38.048,-8.96,30.94,0.00,26.07836905945794,ON,RETRACTED,AUTO
19:46:38.149,-8.72,30.28,0.00,31.914472183048588,ON,RETRACTED,AUTO
19:46:38.249,-8.47,29.61,0.00,38.29567554943824,ON,RETRACTED,AUTO
19:46:38.350,-8.19,28.93,0.00,45.206029473477344,ON,RETRACTED,AUTO
19:46:38.450,-7.89,28.23,0.00,52.628261669198366,ON,RETRACTED,AUTO
19:46:38.550,-7.58,27.52,0.00,60.54382042153574,ON,RETRACTED,AUTO
19:46:38.651,-7.24,26.81,0.00,68.93292095595172,ON,RETRACTED,AUTO
19:46:38.752,-6.89,26.08,0.00,77.77459489006927,ON,RETRACTED,AUTO
19:46:38.852,-6.52,25.34,0.00,87.04674264370766,ON,RETRACTED,AUTO
19:46:38.952,-6.13,24.59,0.00,96.72618867632383,ON,RETRACTED,AUTO
19:46:39.053,-5.73,23.83,0.00,106.78873941379413,ON,RETRACTED,AUTO
19:46:39.153,-5.31,23.06,0.00,117.2092437197498,ON,RETRACTED,AUTO
19:46:39.254,-4.88,22.29,0.00,127.96165576031954,ON,RETRACTED,AUTO
19:46:39.355,-4.44,21.50,0.00,139.01910010514965,ON,RETRACTED,AUTO
19:46:39.456,-3.99,20.71,0.00,150.3539389019835,ON,RETRACTED,AUTO
19:46:39.556,-3.52,19.90,0.00,161.9378409568988,ON,RETRACTED,AUTO
19:46:39.656,-3.05,19.09,0.00,173.7418525475376,ON,RETRACTED,AUTO
19:46:39.757,-2.57,18.27,0.00,185.73646979233348,ON,RETRACTED,AUTO
19:46:39.857,-2.08,17.45,0.00,197.8917123948501,ON,RETRACTED,AUTO
19:46:39.958,-1.59,16.61,0.00,620.354397157818,ON,DEPLOYED,AUTO
19:46:40.058,-1.10,15.77,0.00,645.1244420544144,ON,DEPLOYED,AUTO
19:46:40.160,-0.60,14.93,0.00,670.0316472672379,ON,DEPLOYED,AUTO
19:46:40.260,-0.10,14.08,0.00,695.0137577546773,ON,DEPLOYED,AUTO
19:46:40.360,0.40,13.22,0.00,720.0083312509454,ON,DEPLOYED,AUTO
19:46:40.461,0.90,12.36,0.00,744.9528943392231,ON,DEPLOYED,AUTO
19:46:40.562,1.40,11.49,0.00,769.785098602667,ON,DEPLOYED,AUTO
19:46:40.663,1.89,10.62,0.00,794.4428764629795,ON,DEPLOYED,AUTO
19:46:40.763,2.38,9.74,0.00,818.8645963170322,ON,DEPLOYED,AUTO
19:46:40.864,2.86,8.86,0.00,842.9892165837753,ON,DEPLOYED,AUTO
19:46:40.964,3.34,7.97,0.00,866.7564382764007,ON,DEPLOYED,AUTO
19:46:41.065,3.80,7.09,0.00,890.1068557184065,ON,DEPLOYED,AUTO
19:46:41.165,4.26,6.20,0.00,912.9821050268491,ON,DEPLOYED,AUTO
19:46:41.266,4.71,5.30,0.00,935.325009991657,ON,DEPLOYED,AUTO
19:46:41.365,5.14,4.41,0.00,957.0797249863774,ON,DEPLOYED,AUTO
19:46:41.466,5.56,3.51,0.00,978.19187455316,ON,DEPLOYED,AUTO
19:46:41.567,5.97,2.62,0.00,998.6086893130821,ON,DEPLOYED,AUTO
19:46:41.667,6.37,1.72,0.00,1018.2791378621152,ON,DEPLOYED,AUTO
19:46:41.768,6.74,0.82,0.00,1037.154054323058,ON,DEPLOYED,AUTO
19:46:41.869,7.10,-0.08,0.00,1055.1862612346242,ON,DEPLOYED,AUTO
19:46:41.969,7.45,-0.98,0.00,1072.3306874705263,ON,DEPLOYED,AUTO
19:46:42.070,7.77,-1.88,0.00,1088.5444808938191,ON,DEPLOYED,AUTO
19:46:42.170,8.08,-2.78,0.00,1103.787115464924,ON,DEPLOYED,AUTO
19:46:42.271,8.36,-3.68,0.00,1118.020492535624,ON,DEPLOYED,AUTO
19:46:42.372,8.62,-4.58,0.00,1131.2090360758416,ON,DEPLOYED,AUTO
19:46:42.472,8.87,-5.47,0.00,1143.3197815951862,ON,DEPLOYED,AUTO
19:46:42.572,9.09,-6.36,0.00,1154.3224585370142,ON,DEPLOYED,AUTO
19:46:42.673,9.28,-7.25,0.00,1164.1895659390536,ON,DEPLOYED,AUTO
19:46:42.774,9.46,-8.14,0.00,1172.8964411714899,ON,DEPLOYED,AUTO
19:46:42.875,9.61,-9.02,0.00,1180.4213215806944,ON,DEPLOYED,AUTO
19:46:42.975,9.73,-9.90,0.00,1186.7453988845264,ON,DEPLOYED,AUTO
19:46:43.076,9.84,-10.78,0.00,1191.8528661832413,ON,DEPLOYED,AUTO
19:46:43.176,9.91,-11.65,0.00,1195.73095746851,ON,DEPLOYED,AUTO
19:46:43.277,9.97,-12.52,0.00,1198.3699795317907,ON,DEPLOYED,AUTO
19:46:43.378,10.00,-13.38,0.00,1199.7633361923008,ON,DEPLOYED,AUTO
19:46:43.479,10.00,-14.23,0.00,1199.907544784035,ON,DEPLOYED,AUTO
19:46:43.579,9.98,-15.09,0.00,1198.8022448606166,ON,DEPLOYED,AUTO
19:46:43.680,9.93,-15.93,0.00,1196.4501990962249,ON,DEPLOYED,AUTO
19:46:43.780,9.86,-16.77,0.00,1192.8572863803493,ON,DEPLOYED,AUTO
19:46:43.880,9.76,-17.60,0.00,1188.0324871236269,ON,DEPLOYED,AUTO
19:46:43.981,9.64,-18.43,0.00,1181.9878608114925,ON,DEPLOYED,AUTO
19:46:44.082,9.49,-19.24,0.00,1174.7385158617462,ON,DEPLOYED,AUTO
19:46:44.183,9.33,-20.05,0.00,1166.3025718613765,ON,DEPLOYED,AUTO
19:46:44.283,9.13,-20.85,0.00,1156.7011142770298,ON,DEPLOYED,AUTO
19:46:44.384,8.92,-21.65,0.00,1145.9581417523245,ON,DEPLOYED,AUTO
19:46:44.484,8.68,-22.43,0.00,1134.100506123741,ON,DEPLOYED,AUTO
19:46:44.584,8.42,-23.21,0.00,1121.1578453050136,ON,DEPLOYED,AUTO
19:46:44.685,8.14,-23.97,0.00,1107.1625092077816,ON,DEPLOYED,AUTO
19:46:44.786,7.84,-24.73,0.00,1092.1494788836585,ON,DEPLOYED,AUTO
19:46:44.887,7.52,-25.48,0.00,1076.15627908982,ON,DEPLOYED,AUTO
19:46:44.987,7.18,-26.21,0.00,1059.222884496653,ON,DEPLOYED,AUTO
19:46:45.088,6.83,-26.94,0.00,1041.3916197719,ON,DEPLOYED,AUTO
19:46:45.188,6.45,-27.66,0.00,1022.7070537910292,ON,DEPLOYED,AUTO
19:46:45.290,6.06,-28.36,0.00,1003.2158882382599,ON,DEPLOYED,AUTO
19:46:45.390,5.66,-29.05,0.00,982.9668408766714,ON,DEPLOYED,AUTO
19:46:45.491,5.24,-29.73,0.00,962.0105237791681,ON,DEPLOYED,AUTO
19:46:45.591,4.81,-30.40,0.00,940.3993168246551,ON,DEPLOYED,AUTO
19:46:45.692,4.36,-31.06,0.00,918.18723677562,ON,DEPLOYED,AUTO
19:46:45.792,3.91,-31.71,0.00,895.4298022643583,ON,DEPLOYED,AUTO
19:46:45.893,3.44,-32.34,0.00,872.1838950253056,ON,DEPLOYED,AUTO
19:46:45.993,2.97,-32.96,0.00,848.5076177203255,ON,DEPLOYED,AUTO
19:46:46.093,2.49,-33.56,0.00,824.4601487123142,ON,DEPLOYED,AUTO
19:46:46.196,2.00,-34.16,0.00,800.1015941501123,ON,DEPLOYED,AUTO
19:46:46.297,1.51,-34.74,0.00,775.4928377344356,ON,DEPLOYED,AUTO
19:46:46.397,1.01,-35.30,0.00,750.6953885403315,ON,DEPLOYED,AUTO
19:46:46.498,0.52,-35.85,0.00,725.7712272765235,ON,DEPLOYED,AUTO
19:46:46.599,0.02,-36.39,0.00,700.7826513659195,ON,DEPLOYED,AUTO
19:46:46.700,-0.48,-36.91,0.00,675.7921192344977,ON,DEPLOYED,AUTO
19:46:46.800,-0.98,-37.42,0.00,650.8620941977695,ON,DEPLOYED,AUTO
19:46:46.900,-1.48,-37.91,0.00,626.0548883350209,ON,DEPLOYED,AUTO
19:46:47.001,-1.97,-38.39,0.00,601.4325067415666,ON,DEPLOYED,AUTO
19:46:47.102,-2.46,-38.85,0.00,188.52824627415097,ON,RETRACTED,AUTO
19:46:47.202,-2.94,-39.30,0.00,176.49388654796394,ON,RETRACTED,AUTO
19:46:47.303,-3.41,-39.73,0.00,164.64325382416445,ON,RETRACTED,AUTO
19:46:47.404,-3.88,-40.14,0.00,153.00596851287202,ON,RETRACTED,AUTO
19:46:47.505,-4.34,-40.54,0.00,141.61111776678405,ON,RETRACTED,AUTO
19:46:47.606,-4.78,-40.92,0.00,130.48718277844245,ON,RETRACTED,AUTO
19:46:47.706,-5.21,-41.29,0.00,119.66196759208489,ON,RETRACTED,AUTO
19:46:47.806,-5.63,-41.64,0.00,109.16252960801441,ON,RETRACTED,AUTO
19:46:47.907,-6.04,-41.97,0.00,99.01511195318975,ON,RETRACTED,AUTO
19:46:48.008,-6.43,-42.29,0.00,89.24507788707518,ON,RETRACTED,AUTO
19:46:48.108,-6.80,-42.59,0.00,79.87684740670085,ON,RETRACTED,AUTO
19:46:48.209,-7.16,-42.87,0.00,70.93383620938766,ON,RETRACTED,AUTO
19:46:48.309,-7.50,-43.13,0.00,62.438397165698944,ON,RETRACTED,AUTO
19:46:48.409,-7.82,-43.38,0.00,54.411764448904904,ON,RETRACTED,AUTO
19:46:48.511,-8.13,-43.61,0.00,46.87400046060816,ON,RETRACTED,AUTO
19:46:48.611,-8.41,-43.83,0.00,39.843945685188004,ON,RETRACTED,AUTO
19:46:48.712,-8.67,-44.02,0.00,33.33917159840135,ON,RETRACTED,AUTO
19:46:48.812,-8.90,-44.20,0.00,27.375936747844463,ON,RETRACTED,AUTO
19:46:48.912,-9.12,-44.36,0.00,21.96914611505113,ON,RETRACTED,AUTO
19:46:49.013,-9.31,-44.50,0.00,17.132313860801304,ON,RETRACTED,AUTO
19:46:49.114,-9.48,-44.63,0.00,12.87752954675716,ON,RETRACTED,AUTO
19:46:49.214,-9.63,-44.73,0.00,9.215427917855067,ON,RETRACTED,AUTO
19:46:49.314,-9.75,-44.82,0.00,6.155162320981674,ON,RETRACTED,AUTO
19:46:49.415,-9.85,-44.89,0.00,3.704381826373691,ON,RETRACTED,AUTO
19:46:49.515,-9.93,-44.95,0.00,1.8692121089258933,ON,RETRACTED,AUTO
19:46:49.617,-9.97,-44.98,0.00,0.654240137194023,ON,RETRACTED,AUTO
19:46:49.717,-10.00,-45.00,0.00,0.062502708362274,ON,RETRACTED,AUTO
19:46:49.817,-10.00,-45.00,0.00,0.09547885783180732,ON,RETRACTED,AUTO
19:46:49.918,-9.97,-44.98,0.00,0.7530861624026102,ON,RETRACTED,AUTO
19:46:50.019,-9.92,-44.94,0.00,2.033680946288513,ON,RETRACTED,AUTO
19:46:50.119,-9.84,-44.89,0.00,3.9340623894506166,ON,RETRACTED,AUTO
19:46:50.220,-9.74,-44.81,0.00,6.449480527980569,ON,RETRACTED,AUTO
19:46:50.321,-9.62,-44.72,0.00,9.57364812653637,ON,RETRACTED,AUTO
19:46:50.420,-9.47,-44.61,0.00,13.29875639315668,ON,RETRACTED,AUTO
19:46:50.522,-9.30,-44.49,0.00,17.61549449717367,ON,RETRACTED,AUTO
19:46:50.622,-9.10,-44.34,0.00,22.513072841441044,ON,RETRACTED,AUTO
19:46:50.723,-8.88,-44.18,0.00,27.979250030707533,ON,RETRACTED,AUTO
19:46:50.823,-8.64,-44.00,0.00,34.00036346872986,ON,RETRACTED,AUTO
19:46:50.925,-8.38,-43.80,0.00,40.561363507648196,ON,RETRACTED,AUTO
19:46:51.024,-8.09,-43.59,0.00,47.645851064267845,ON,RETRACTED,AUTO
19:46:51.125,-7.79,-43.36,0.00,55.236118609226935,ON,RETRACTED,AUTO
19:46:51.225,-7.47,-43.11,0.00,63.313194426597846,ON,RETRACTED,AUTO
19:46:51.326,-7.13,-42.84,0.00,71.85689003329682,ON,RETRACTED,AUTO
19:46:51.426,-6.77,-42.56,0.00,80.84585063977755,ON,RETRACTED,AUTO
19:46:51.527,-6.39,-42.26,0.00,90.25760852588391,ON,RETRACTED,AUTO
19:46:51.627,-6.00,-41.94,0.00,100.06863919844918,ON,RETRACTED,AUTO
19:46:51.727,-5.59,-41.60,0.00,110.25442019027778,ON,RETRACTED,AUTO
19:46:51.828,-5.17,-41.25,0.00,120.78949235354216,ON,RETRACTED,AUTO
19:46:51.928,-4.73,-40.88,0.00,131.64752349439345,ON,RETRACTED,AUTO
19:46:52.029,-4.29,-40.50,0.00,142.8013741897327,ON,RETRACTED,AUTO
19:46:52.130,-3.83,-40.10,0.00,154.22316562163445,ON,RETRACTED,AUTO
19:46:52.230,-3.36,-39.68,0.00,165.88434925987275,ON,RETRACTED,AUTO
19:46:52.331,-2.89,-39.25,0.00,177.7557782183788,ON,RETRACTED,AUTO
19:46:52.431,-2.41,-38.80,0.00,189.80778010727687,ON,RETRACTED,AUTO
19:46:52.532,-1.92,-38.34,0.00,604.0204623968114,ON,DEPLOYED,AUTO
19:46:52.632,-1.43,-37.86,0.00,628.6652634379018,ON,DEPLOYED,AUTO
19:46:52.733,-0.93,-37.37,0.00,653.4883641699862,ON,DEPLOYED,AUTO
19:46:52.834,-0.43,-36.86,0.00,678.4277197688548,ON,DEPLOYED,AUTO
19:46:52.934,0.07,-36.33,0.00,703.4209948336752,ON,DEPLOYED,AUTO
19:46:53.034,0.57,-35.80,0.00,728.405719193031,ON,DEPLOYED,AUTO
19:46:53.135,1.07,-35.24,0.00,753.3194440478163,ON,DEPLOYED,AUTO
19:46:53.235,1.56,-34.68,0.00,778.0998980607109,ON,DEPLOYED,AUTO
19:46:53.335,2.05,-34.10,0.00,802.6851430020928,ON,DEPLOYED,AUTO
19:46:53.436,2.54,-33.50,0.00,827.0137285633564,ON,DEPLOYED,AUTO
19:46:53.536,3.02,-32.89,0.00,851.0248459506803,ON,DEPLOYED,AUTO
19:46:53.636,3.49,-32.27,0.00,874.6584798753441,ON,DEPLOYED,AUTO
19:46:53.737,3.96,-31.64,0.00,897.8555585606944,ON,DEPLOYED,AUTO
19:46:53.838,4.41,-30.99,0.00,920.5581013908222,ON,DEPLOYED,AUTO
19:46:53.939,4.85,-30.33,0.00,942.7093638319078,ON,DEPLOYED,AUTO
19:46:54.040,5.29,-29.66,0.00,964.2539792640024,ON,DEPLOYED,AUTO
19:46:54.140,5.70,-28.98,0.00,985.1380973687442,ON,DEPLOYED,AUTO
19:46:54.241,6.11,-28.29,0.00,1005.3095187271094,ON,DEPLOYED,AUTO
19:46:54.342,6.49,-27.58,0.00,1024.717825290775,ON,DEPLOYED,AUTO
19:46:54.441,6.87,-26.86,0.00,1043.314506400982,ON,DEPLOYED,AUTO
19:46:54.542,7.22,-26.14,0.00,1061.053080039919,ON,DEPLOYED,AUTO
19:46:54.643,7.56,-25.40,0.00,1077.8892090115587,ON,DEPLOYED,AUTO
19:46:54.743,7.88,-24.65,0.00,1093.7808117615584,ON,DEPLOYED,AUTO
19:46:54.844,8.17,-23.89,0.00,1108.6881675592294,ON,DEPLOYED,AUTO
19:46:54.945,8.45,-23.13,0.00,1122.5740157786781,ON,DEPLOYED,AUTO
19:46:55.045,8.71,-22.35,0.00,1135.4036490309654,ON,DEPLOYED,AUTO
19:46:55.146,8.94,-21.56,0.00,1147.1449999145045,ON,DEPLOYED,AUTO
19:46:55.247,9.16,-20.77,0.00,1157.7687211668635,ON,DEPLOYED,AUTO
19:46:55.348,9.34,-19.97,0.00,1167.2482590176385,ON,DEPLOYED,AUTO
19:46:55.448,9.51,-19.16,0.00,1175.55991955905,ON,DEPLOYED,AUTO
19:46:55.548,9.65,-18.34,0.00,1182.6829279683739,ON,DEPLOYED,AUTO
19:46:55.649,9.77,-17.51,0.00,1188.5994804341772,ON,DEPLOYED,AUTO
19:46:55.750,9.87,-16.68,0.00,1193.2947886565769,ON,DEPLOYED,AUTO
19:46:55.851,9.94,-15.84,0.00,1196.7571168102859,ON,DEPLOYED,AUTO
19:46:55.951,9.98,-15.00,0.00,1198.9778108780652,ON,DEPLOYED,AUTO
19:46:56.052,10.00,-14.14,0.00,1199.951320281261,ON,DEPLOYED,AUTO
19:46:56.152,9.99,-13.29,0.00,1199.6752117533588,ON,DEPLOYED,AUTO
19:46:56.253,9.96,-12.42,0.00,1198.1501754218837,ON,DEPLOYED,AUTO
19:46:56.353,9.91,-11.56,0.00,1195.3800230834413,ON,DEPLOYED,AUTO
19:46:56.454,9.83,-10.69,0.00,1191.37167867621,ON,DEPLOYED,AUTO
19:46:56.555,9.72,-9.81,0.00,1186.1351609737026,ON,DEPLOYED,AUTO
19:46:56.655,9.59,-8.93,0.00,1179.68355854305,ON,DEPLOYED,AUTO
19:46:56.756,9.44,-8.04,0.00,1172.0329970303987,ON,DEPLOYED,AUTO
19:46:56.856,9.26,-7.16,0.00,1163.2025988551957,ON,DEPLOYED,AUTO
19:46:56.957,9.06,-6.27,0.00,1153.2144354140964,ON,DEPLOYED,AUTO
19:46:57.057,8.84,-5.38,0.00,1142.0934719139689,ON,DEPLOYED,AUTO
19:46:57.157,8.60,-4.48,0.00,1129.867504971878,ON,DEPLOYED,AUTO
19:46:57.258,8.33,-3.58,0.00,1116.5670931380182,ON,DEPLOYED,AUTO
19:46:57.358,8.04,-2.69,0.00,1102.2254805152543,ON,DEPLOYED,AUTO
19:46:57.458,7.74,-1.79,0.00,1086.8785136661756,ON,DEPLOYED,AUTO
19:46:57.559,7.41,-0.89,0.00,1070.5645520153596,ON,DEPLOYED,AUTO
19:46:57.660,7.07,0.01,0.00,1053.3243719707866,ON,DEPLOYED,AUTO
19:46:57.760,6.70,0.91,0.00,1035.2010650040556,ON,DEPLOYED,AUTO
19:46:57.860,6.32,1.81,0.00,1016.2399299441488,ON,DEPLOYED,AUTO
19:46:57.960,5.93,2.71,0.00,996.4883597539475,ON,DEPLOYED,AUTO
19:46:58.061,5.52,3.61,0.00,975.9957230725088,ON,DEPLOYED,AUTO
19:46:58.161,5.10,4.50,0.00,954.8132408191778,ON,DEPLOYED,AUTO
19:46:58.262,4.66,5.40,0.00,932.9938581679647,ON,DEPLOYED,AUTO
19:46:58.362,4.21,6.29,0.00,910.5921122121832,ON,DEPLOYED,AUTO
19:46:58.463,3.75,7.18,0.00,887.6639956501192,ON,DEPLOYED,AUTO
19:46:58.563,3.29,8.07,0.00,864.2668168324462,ON,DEPLOYED,AUTO
19:46:58.664,2.81,8.95,0.00,840.4590565211936,ON,DEPLOYED,AUTO
19:46:58.764,2.33,9.83,0.00,816.3002217182978,ON,DEPLOYED,AUTO
19:46:58.865,1.84,10.71,0.00,791.8506969290889,ON,DEPLOYED,AUTO
19:46:58.965,1.34,11.58,0.00,767.1715932324739,ON,DEPLOYED,AUTO
19:46:59.066,0.85,12.45,0.00,742.324595535066,ON,DEPLOYED,AUTO
19:46:59.167,0.35,13.31,0.00,717.3718083910429,ON,DEPLOYED,AUTO
19:46:59.267,-0.15,14.17,0.00,692.3756007731047,ON,DEPLOYED,AUTO
19:46:59.368,-0.65,15.02,0.00,667.3984501825237,ON,DEPLOYED,AUTO
19:46:59.468,-1.15,15.86,0.00,642.5027864879279,ON,DEPLOYED,AUTO
19:46:59.569,-1.64,16.70,0.00,617.7508358831434,ON,DEPLOYED,AUTO
19:46:59.669,-2.14,17.53,0.00,196.60223267705797,ON,RETRACTED,AUTO
19:46:59.770,-2.62,18.36,0.00,184.46251402183293,ON,RETRACTED,AUTO
19:46:59.870,-3.10,19.18,0.00,172.48660495029156,ON,RETRACTED,AUTO
19:46:59.971,-3.57,19.99,0.00,160.70443899818014,ON,RETRACTED,AUTO
19:47:00.071,-4.03,20.79,0.00,149.14546544434572,ON,RETRACTED,AUTO
19:47:00.172,-4.49,21.58,0.00,137.838575702876,ON,RETRACTED,AUTO
19:47:00.272,-4.93,22.37,0.00,126.81203110961054,ON,RETRACTED,AUTO
19:47:00.373,-5.36,23.15,0.00,116.09339228351931,ON,RETRACTED,AUTO
19:47:00.473,-5.77,23.91,0.00,105.7094502395085,ON,RETRACTED,AUTO
19:47:00.575,-6.17,24.67,0.00,95.68615942483589,ON,RETRACTED,AUTO
19:47:00.675,-6.56,25.42,0.00,86.04857284650939,ON,RETRACTED,AUTO
19:47:00.776,-6.93,26.16,0.00,76.82077945181689,ON,RETRACTED,AUTO
19:47:00.877,-7.28,26.88,0.00,68.02584391850343,ON,RETRACTED,AUTO
19:47:00.977,-7.61,27.60,0.00,59.68574900508855,ON,RETRACTED,AUTO
19:47:01.077,-7.93,28.30,0.00,51.8213406054185,ON,RETRACTED,AUTO
19:47:01.177,-8.22,29.00,0.00,44.452275644787846,ON,RETRACTED,AUTO
19:47:01.278,-8.50,29.68,0.00,37.59697294786346,ON,RETRACTED,AUTO
19:47:01.379,-8.75,30.35,0.00,31.272567201215196,ON,RETRACTED,AUTO
19:47:01.479,-8.98,31.01,0.00,25.49486612552286,ON,RETRACTED,AUTO
19:47:01.579,-9.19,31.66,0.00,20.278310964507313,ON,RETRACTED,AUTO
19:47:01.680,-9.37,32.29,0.00,15.635940389341727,ON,RETRACTED,AUTO
19:47:01.781,-9.54,32.91,0.00,11.579357908764308,ON,RETRACTED,AUTO
19:47:01.881,-9.68,33.52,0.00,8.118702866349167,ON,RETRACTED,AUTO
19:47:01.982,-9.79,34.11,0.00,5.262625097428156,ON,RETRACTED,AUTO
19:47:02.082,-9.88,34.69,0.00,3.0182633090070965,ON,RETRACTED,AUTO
19:47:02.183,-9.94,35.26,0.00,1.3912272367159915,ON,RETRACTED,AUTO
19:47:02.283,-9.98,35.81,0.00,0.3855836233916534,ON,RETRACTED,AUTO
19:47:02.384,-10.00,36.35,0.00,0.0038460543383393997,ON,RETRACTED,AUTO
19:47:02.485,-9.99,36.87,0.00,0.24696867467358175,ON,RETRACTED,AUTO
19:47:02.585,-9.96,37.38,0.00,1.1143438044623508,ON,RETRACTED,AUTO
19:47:02.687,-9.90,37.87,0.00,2.603803457600378,ON,RETRACTED,AUTO
19:47:02.787,-9.81,38.35,0.00,4.711624760650437,ON,RETRACTED,AUTO
19:47:02.888,-9.70,38.81,0.00,7.432539258086933,ON,RETRACTED,AUTO
19:47:02.988,-9.57,39.26,0.00,10.759746080691116,ON,RETRACTED,AUTO
19:47:03.089,-9.41,39.69,0.00,14.684928944182246,ON,RETRACTED,AUTO
19:47:03.189,-9.23,40.11,0.00,19.198276935597193,ON,RETRACTED,AUTO
19:47:03.290,-9.03,40.51,0.00,24.28850903546362,ON,RETRACTED,AUTO
19:47:03.390,-8.80,40.89,0.00,29.942902314473343,ON,RETRACTED,AUTO
19:47:03.491,-8.55,41.26,0.00,36.14732373417982,ON,RETRACTED,AUTO
19:47:03.591,-8.28,41.61,0.00,42.88626547223387,ON,RETRACTED,AUTO
19:47:03.692,-7.99,41.95,0.00,50.14288368386332,ON,RETRACTED,AUTO
19:47:03.793,-7.68,42.26,0.00,57.8990406027126,ON,RETRACTED,AUTO
19:47:03.893,-7.35,42.56,0.00,66.13534987581292,ON,RETRACTED,AUTO
19:47:03.993,-7.01,42.85,0.00,74.83122501936836,ON,RETRACTED,AUTO
19:47:04.094,-6.64,43.11,0.00,83.96493087424403,ON,RETRACTED,AUTO
19:47:04.195,-6.26,43.36,0.00,93.5136379325447,ON,RETRACTED,AUTO
19:47:04.297,-5.86,43.60,0.00,103.45347939949491,ON,RETRACTED,AUTO
19:47:04.396,-5.45,43.81,0.00,113.75961084799644,ON,RETRACTED,AUTO
19:47:04.497,-5.02,44.01,0.00,124.40627231675741,ON,RETRACTED,AUTO
19:47:04.598,-4.59,44.19,0.00,135.3668526967798,ON,RETRACTED,AUTO
19:47:04.699,-4.14,44.35,0.00,146.6139562452733,ON,RETRACTED,AUTO
19:47:04.800,-3.68,44.49,0.00,158.11947106074473,ON,RETRACTED,AUTO
19:47:04.901,-3.21,44.62,0.00,169.85463934811153,ON,RETRACTED,AUTO
19:47:05.001,-2.73,44.73,0.00,181.79012929821252,ON,RETRACTED,AUTO
19:47:05.101,-2.24,44.82,0.00,193.89610840205526,ON,RETRACTED,AUTO
19:47:05.202,-1.75,44.89,0.00,612.284636033104,ON,DEPLOYED,AUTO
19:47:05.303,-1.26,44.94,0.00,636.9962979907377,ON,DEPLOYED,AUTO
19:47:05.403,-0.76,44.98,0.00,661.8654363917021,ON,DEPLOYED,AUTO
19:47:05.504,-0.26,45.00,0.00,686.8298913415911,ON,DEPLOYED,AUTO
19:47:05.612,0.24,45.00,0.00,711.8272647042663,ON,DEPLOYED,AUTO
19:47:05.712,0.74,44.98,0.00,736.7950760647011,ON,DEPLOYED,AUTO
19:47:05.813,1.23,44.94,0.00,761.6709188974786,ON,DEPLOYED,AUTO
19:47:05.914,1.73,44.89,0.00,786.392616550605,ON,DEPLOYED,AUTO
19:47:06.015,2.22,44.82,0.00,810.8983776547583,ON,DEPLOYED,AUTO
19:47:06.116,2.70,44.73,0.00,835.1269505695312,ON,DEPLOYED,AUTO
19:47:06.218,3.18,44.62,0.00,859.0177764806333,ON,DEPLOYED,AUTO
19:47:06.319,3.65,44.50,0.00,882.5111407653881,ON,DEPLOYED,AUTO
19:47:06.420,4.11,44.36,0.00,905.5483222481907,ON,DEPLOYED,AUTO
19:47:06.520,4.56,44.19,0.00,928.071739972866,ON,DEPLOYED,AUTO
19:47:06.621,5.00,44.02,0.00,950.025097125071,ON,DEPLOYED,AUTO
19:47:06.721,5.43,43.82,0.00,971.3535217450124,ON,DEPLOYED,AUTO
19:47:06.822,5.84,43.61,0.00,992.0037038787684,ON,DEPLOYED,AUTO
19:47:06.923,6.24,43.38,0.00,1011.9240288254114,ON,DEPLOYED,AUTO
19:47:07.023,6.62,43.13,0.00,1031.0647061468792,ON,DEPLOYED,AUTO
19:47:07.124,6.99,42.86,0.00,1049.3778941181397,ON,DEPLOYED,AUTO
19:47:07.225,7.34,42.58,0.00,1066.8178193065885,ON,DEPLOYED,AUTO
19:47:07.325,7.67,42.28,0.00,1083.3408909817913,ON,DEPLOYED,AUTO
19:47:07.426,7.98,41.96,0.00,1098.9058100696097,ON,DEPLOYED,AUTO
19:47:07.526,8.27,41.63,0.00,1113.4736723783765,ON,DEPLOYED,AUTO
19:47:07.626,8.54,41.28,0.00,1127.0080658391157,ON,DEPLOYED,AUTO
19:47:07.727,8.79,40.91,0.00,1139.4751615167513,ON,DEPLOYED,AUTO
19:47:07.827,9.02,40.53,0.00,1150.8437981648267,ON,DEPLOYED,AUTO
19:47:07.928,9.22,40.13,0.00,1161.085560112393,ON,DEPLOYED,AUTO
19:47:08.029,9.40,39.72,0.00,1170.1748482883877,ON,DEPLOYED,AUTO
19:47:08.129,9.56,39.29,0.00,1178.0889442059804,ON,DEPLOYED,AUTO
19:47:08.229,9.70,38.84,0.00,1184.8080667469583,ON,DEPLOYED,AUTO
19:47:08.330,9.81,38.38,0.00,1190.3154216042205,ON,DEPLOYED,AUTO
19:47:08.430,9.89,37.90,0.00,1194.5972432587985,ON,DEPLOYED,AUTO
19:47:08.531,9.95,37.41,0.00,1197.6428293864853,ON,DEPLOYED,AUTO
19:47:08.632,9.99,36.90,0.00,1199.4445676080725,ON,DEPLOYED,AUTO
19:47:08.732,10.00,36.38,0.00,1199.997954516333,ON,DEPLOYED,AUTO
19:47:08.832,9.99,35.84,0.00,1199.3016069321948,ON,DEPLOYED,AUTO
19:47:08.933,9.95,35.29,0.00,1197.357265361967,ON,DEPLOYED,AUTO
19:47:09.033,9.88,34.72,0.00,1194.1697896469818,ON,DEPLOYED,AUTO
19:47:09.133,9.79,34.14,0.00,1189.7471468165218,ON,DEPLOYED,AUTO
19:47:09.234,9.68,33.55,0.00,1184.100391174395,ON,DEPLOYED,AUTO
19:47:09.334,9.54,32.94,0.00,1177.2436366689335,ON,DEPLOYED,AUTO
19:47:09.435,9.38,32.32,0.00,1169.1940216154721,ON,DEPLOYED,AUTO
19:47:09.536,9.20,31.69,0.00,1159.9716658594866,ON,DEPLOYED,AUTO
19:47:09.636,8.99,31.04,0.00,1149.5996204874566,ON,DEPLOYED,AUTO
19:47:09.736,8.76,30.39,0.00,1138.103810211156,ON,DEPLOYED,AUTO
19:47:09.838,8.51,29.72,0.00,1125.5129685693732,ON,DEPLOYED,AUTO
19:47:09.938,8.24,29.04,0.00,1111.8585661090292,ON,DEPLOYED,AUTO
19:47:10.038,7.94,28.34,0.00,1097.1747317252002,ON,DEPLOYED,AUTO
19:47:10.139,7.63,27.64,0.00,1081.4981673566529,ON,DEPLOYED,AUTO
19:47:10.239,7.30,26.92,0.00,1064.8680562501115,ON,DEPLOYED,AUTO
19:47:10.339,6.95,26.20,0.00,1047.3259650225486,ON,DEPLOYED,AUTO
19:47:10.440,6.58,25.46,0.00,1028.915739766289,ON,DEPLOYED,AUTO
19:47:10.540,6.19,24.71,0.00,1009.6833964566138,ON,DEPLOYED,AUTO
19:47:10.641,5.79,23.95,0.00,989.6770059357863,ON,DEPLOYED,AUTO
19:47:10.741,5.38,23.19,0.00,968.9465737609826,ON,DEPLOYED,AUTO
19:47:10.842,4.95,22.41,0.00,947.5439152164394,ON,DEPLOYED,AUTO
19:47:10.943,4.51,21.63,0.00,925.5225258022294,ON,DEPLOYED,AUTO
19:47:11.043,4.06,20.83,0.00,902.937447523371,ON,DEPLOYED,AUTO
19:47:11.143,3.60,20.03,0.00,879.8451313134799,ON,DEPLOYED,AUTO
19:47:11.244,3.13,19.22,0.00,856.3032959368356,ON,DEPLOYED,AUTO
19:47:11.345,2.65,18.40,0.00,832.3707837215295,ON,DEPLOYED,AUTO
19:47:11.446,2.16,17.58,0.00,808.1074134842885,ON,DEPLOYED,AUTO
19:47:11.546,1.67,16.75,0.00,783.5738310145874,ON,DEPLOYED,AUTO
19:47:11.648,1.18,15.91,0.00,758.8313574917582,ON,DEPLOYED,AUTO
19:47:11.748,0.68,15.06,0.00,733.9418362139772,ON,DEPLOYED,AUTO
19:47:11.848,0.18,14.21,0.00,708.9674780222272,ON,DEPLOYED,AUTO
19:47:11.949,-0.32,13.36,0.00,683.9707058055938,ON,DEPLOYED,AUTO
19:47:12.049,-0.82,12.49,0.00,659.0139984765517,ON,DEPLOYED,AUTO
19:47:12.150,-1.32,11.63,0.00,634.1597348062219,ON,DEPLOYED,AUTO
19:47:12.250,-1.81,10.75,0.00,609.4700375099305,ON,DEPLOYED,AUTO
19:47:12.351,-2.30,9.88,0.00,192.50330898638646,ON,RETRACTED,AUTO
19:47:12.451,-2.78,9.00,0.00,180.41531100164488,ON,RETRACTED,AUTO
19:47:12.552,-3.26,8.12,0.00,168.501238500395,ON,RETRACTED,AUTO
19:47:12.652,-3.73,7.23,0.00,156.79087045916108,ON,RETRACTED,AUTO
19:47:12.753,-4.19,6.34,0.00,145.3134766994047,ON,RETRACTED,AUTO
19:47:12.853,-4.64,5.45,0.00,134.0977447282143,ON,RETRACTED,AUTO
19:47:12.954,-5.07,4.55,0.00,123.17170803447777,ON,RETRACTED,AUTO
19:47:13.054,-5.50,3.66,0.00,112.56267601975975,ON,RETRACTED,AUTO
19:47:13.155,-5.91,2.76,0.00,102.29716573902016,ON,RETRACTED,AUTO
19:47:13.256,-6.30,1.86,0.00,92.40083562178657,ON,RETRACTED,AUTO
19:47:13.356,-6.68,0.96,0.00,82.89842133944325,ON,RETRACTED,AUTO
19:47:13.457,-7.05,0.06,0.00,73.81367397893447,ON,RETRACTED,AUTO
19:47:13.558,-7.39,-0.84,0.00,65.16930067741674,ON,RETRACTED,AUTO
19:47:13.658,-7.72,-1.74,0.00,56.98690786624138,ON,RETRACTED,AUTO
19:47:13.758,-8.03,-2.64,0.00,49.28694726612872,ON,RETRACTED,AUTO
19:47:13.859,-8.32,-3.54,0.00,42.08866476851722,ON,RETRACTED,AUTO
19:47:13.959,-8.58,-4.43,0.00,35.41005233085795,ON,RETRACTED,AUTO
19:47:14.060,-8.83,-5.33,0.00,29.26780300609107,ON,RETRACTED,AUTO
19:47:14.160,-9.05,-6.22,0.00,23.67726921870704,ON,RETRACTED,AUTO
19:47:14.261,-9.25,-7.11,0.00,18.652424391680626,ON,RETRACTED,AUTO
19:47:14.361,-9.43,-8.00,0.00,14.20582802019095,ON,RETRACTED,AUTO
19:47:14.462,-9.59,-8.88,0.00,10.348594279424162,ON,RETRACTED,AUTO
19:47:14.562,-9.72,-9.76,0.00,7.090364244923791,ON,RETRACTED,AUTO
19:47:14.671,-9.82,-10.64,0.00,4.439281794922692,ON,RETRACTED,AUTO
19:47:14.772,-9.90,-11.51,0.00,2.401973254888958,ON,RETRACTED,AUTO
19:47:14.873,-9.96,-12.38,0.00,0.98353083516281,ON,RETRACTED,AUTO
19:47:14.973,-9.99,-13.24,0.00,0.1874999030831077,ON,RETRACTED,AUTO
19:47:15.074,-10.00,-14.10,0.00,0.01587012141521882,ON,RETRACTED,AUTO
19:47:15.174,-9.98,-14.95,0.00,0.46907047523018264,ON,RETRACTED,AUTO
19:47:15.274,-9.94,-15.80,0.00,1.5459681996656798,ON,RETRACTED,AUTO
19:47:15.375,-9.87,-16.64,0.00,3.243871611248096,ON,RETRACTED,AUTO
19:47:15.476,-9.78,-17.47,0.00,5.558536835699414,ON,RETRACTED,AUTO
19:47:15.576,-9.66,-18.29,0.00,8.484178415412828,ON,RETRACTED,AUTO
19:47:15.677,-9.52,-19.11,0.00,12.013483770083695,ON,RETRACTED,AUTO
19:47:15.777,-9.35,-19.92,0.00,16.137631474351934,ON,RETRACTED,AUTO
19:47:15.878,-9.17,-20.73,0.00,20.846313306771435,ON,RETRACTED,AUTO
19:47:15.978,-8.95,-21.52,0.00,26.127760014995175,ON,RETRACTED,AUTO
19:47:16.079,-8.72,-22.31,0.00,31.968770732776704,ON,RETRACTED,AUTO
19:47:16.179,-8.47,-23.08,0.00,38.354745975261125,ON,RETRACTED,AUTO
19:47:16.280,-8.19,-23.85,0.00,45.269724130093664,ON,RETRACTED,AUTO
19:47:16.381,-7.89,-24.61,0.00,52.69642135313816,ON,RETRACTED,AUTO
19:47:16.481,-7.58,-25.36,0.00,60.616274769085976,ON,RETRACTED,AUTO
19:47:16.582,-7.24,-26.10,0.00,69.00948886897706,ON,RETRACTED,AUTO
19:47:16.682,-6.89,-26.83,0.00,77.8550849886629,ON,RETRACTED,AUTO
19:47:16.782,-6.51,-27.54,0.00,87.13095374454156,ON,RETRACTED,AUTO
19:47:16.883,-6.13,-28.25,0.00,96.81391029550221,ON,RETRACTED,AUTO
19:47:16.984,-5.72,-28.94,0.00,106.87975229295358,ON,RETRACTED,AUTO
19:47:17.084,-5.31,-29.63,0.00,117.30332037409102,ON,RETRACTED,AUTO
19:47:17.185,-4.88,-30.30,0.00,128.05856104720084,ON,RETRACTED,AUTO
19:47:17.286,-4.44,-30.96,0.00,139.1185918118211,ON,RETRACTED,AUTO
19:47:17.386,-3.98,-31.60,0.00,150.45576835099274,ON,RETRACTED,AUTO
19:47:17.487,-3.52,-32.24,0.00,162.04175362765503,ON,RETRACTED,AUTO
19:47:17.588,-3.05,-32.86,0.00,173.84758871248056,ON,RETRACTED,AUTO
19:47:17.688,-2.57,-33.47,0.00,185.84376516611718,ON,RETRACTED,AUTO
19:47:17.789,-2.08,-34.06,0.00,198.00029879491845,ON,RETRACTED,AUTO
19:47:17.890,-1.59,-34.64,0.00,620.573609191625,ON,DEPLOYED,AUTO
19:47:17.990,-1.09,-35.21,0.00,645.3451454059707,ON,DEPLOYED,AUTO
19:47:18.091,-0.59,-35.77,0.00,670.2532902931046,ON,DEPLOYED,AUTO
19:47:18.191,-0.10,-36.30,0.00,695.2357864627193,ON,DEPLOYED,AUTO
19:47:18.292,0.40,-36.83,0.00,720.2301906850226,ON,DEPLOYED,AUTO
19:47:18.392,0.90,-37.34,0.00,745.1740299662929,ON,DEPLOYED,AUTO
19:47:18.493,1.40,-37.83,0.00,770.0049576988265,ON,DEPLOYED,AUTO
19:47:18.593,1.89,-38.31,0.00,794.660909494989,ON,DEPLOYED,AUTO
19:47:18.694,2.38,-38.78,0.00,819.080258315861,ON,DEPLOYED,AUTO
19:47:18.794,2.86,-39.23,0.00,843.2019685067409,ON,DEPLOYED,AUTO
19:47:18.895,3.34,-39.66,0.00,866.9657483544947,ON,DEPLOYED,AUTO
19:47:18.995,3.81,-40.08,0.00,890.3122007854402,ON,DEPLOYED,AUTO
19:47:19.096,4.26,-40.48,0.00,913.1829718270967,ON,DEPLOYED,AUTO
19:47:19.198,4.71,-40.86,0.00,935.5208964627273,ON,DEPLOYED,AUTO
19:47:19.297,5.15,-41.23,0.00,957.2701415141084,ON,DEPLOYED,AUTO
19:47:19.398,5.57,-41.58,0.00,978.3763451953992,ON,DEPLOYED,AUTO
19:47:19.498,5.98,-41.92,0.00,998.7867529892945,ON,DEPLOYED,AUTO
19:47:19.599,6.37,-42.24,0.00,1018.4503495058441,ON,DEPLOYED,AUTO
19:47:19.699,6.75,-42.54,0.00,1037.3179859943593,ON,DEPLOYED,AUTO
19:47:19.801,7.11,-42.83,0.00,1055.3425031896936,ON,DEPLOYED,AUTO
19:47:19.901,7.45,-43.09,0.00,1072.4788491858453,ON,DEPLOYED,AUTO
19:47:20.002,7.77,-43.34,0.00,1088.6841920422605,ON,DEPLOYED,AUTO
19:47:20.102,8.08,-43.58,0.00,1103.918026841377,ON,DEPLOYED,AUTO
19:47:20.202,8.36,-43.79,0.00,1118.142276929825,ON,DEPLOYED,AUTO
19:47:20.303,8.63,-43.99,0.00,1131.3213890902286,ON,DEPLOYED,AUTO
19:47:20.404,8.87,-44.17,0.00,1143.4224224057361,ON,DEPLOYED,AUTO
19:47:20.504,9.09,-44.33,0.00,1154.4151305951546,ON,DEPLOYED,AUTO
19:47:20.605,9.29,-44.48,0.00,1164.272037612902,ON,DEPLOYED,AUTO
19:47:20.705,9.46,-44.61,0.00,1172.968506324812,ON,DEPLOYED,AUTO
19:47:20.806,9.61,-44.72,0.00,1180.4828000881378,ON,DEPLOYED,AUTO
19:47:20.906,9.74,-44.81,0.00,1186.7961370818396,ON,DEPLOYED,AUTO
19:47:21.006,9.84,-44.88,0.00,1191.8927372513551,ON,DEPLOYED,AUTO
19:47:21.107,9.92,-44.94,0.00,1195.759861750519,ON,DEPLOYED,AUTO
19:47:21.207,9.97,-44.98,0.00,1198.3878447820423,ON,DEPLOYED,AUTO
19:47:21.308,10.00,-45.00,0.00,1199.7701177569734,ON,DEPLOYED,AUTO
19:47:21.409,10.00,-45.00,0.00,1199.9032257127492,ON,DEPLOYED,AUTO
19:47:21.509,9.98,-44.98,0.00,1198.786835948801,ON,DEPLOYED,AUTO
19:47:21.610,9.93,-44.95,0.00,1196.4237388581341,ON,DEPLOYED,AUTO
19:47:21.711,9.86,-44.90,0.00,1192.8198409527986,ON,DEPLOYED,AUTO
19:47:21.811,9.76,-44.83,0.00,1187.984150100684,ON,DEPLOYED,AUTO
19:47:21.912,9.64,-44.74,0.00,1181.9287530105412,ON,DEPLOYED,AUTO
19:47:22.012,9.49,-44.63,0.00,1174.668785021506,ON,DEPLOYED,AUTO
19:47:22.113,9.32,-44.51,0.00,1166.222392272633,ON,DEPLOYED,AUTO
19:47:22.214,9.13,-44.37,0.00,1156.610686346998,ON,DEPLOYED,AUTO
19:47:22.314,8.92,-44.21,0.00,1145.8576915037359,ON,DEPLOYED,AUTO
19:47:22.415,8.68,-44.03,0.00,1133.9902846299033,ON,DEPLOYED,AUTO
19:47:22.515,8.42,-43.84,0.00,1121.038128062259,ON,DEPLOYED,AUTO
19:47:22.616,8.14,-43.62,0.00,1107.0335954468699,ON,DEPLOYED,AUTO
19:47:22.717,7.84,-43.40,0.00,1092.0116908218547,ON,DEPLOYED,AUTO
19:47:22.817,7.52,-43.15,0.00,1076.0099611255198,ON,DEPLOYED,AUTO
19:47:22.918,7.18,-42.88,0.00,1059.0684023485667,ON,DEPLOYED,AUTO
19:47:23.018,6.82,-42.60,0.00,1041.2293595649444,ON,DEPLOYED,AUTO
19:47:23.119,6.45,-42.30,0.00,1022.5374210912189,ON,DEPLOYED,AUTO
19:47:23.218,6.06,-41.99,0.00,1003.0393070390012,ON,DEPLOYED,AUTO
19:47:23.320,5.66,-41.66,0.00,982.7837525390007,ON,DEPLOYED,AUTO
19:47:23.421,5.24,-41.31,0.00,961.8213859285789,ON,DEPLOYED,AUTO
19:47:23.521,4.80,-40.94,0.00,940.204602207273,ON,DEPLOYED,AUTO
19:47:23.622,4.36,-40.56,0.00,917.9874320765829,ON,DEPLOYED,AUTO
19:47:23.722,3.90,-40.16,0.00,895.2254068913575,ON,DEPLOYED,AUTO
19:47:23.822,3.44,-39.75,0.00,871.9754198603266,ON,DEPLOYED,AUTO
19:47:23.923,2.97,-39.32,0.00,848.2955838427091,ON,DEPLOYED,AUTO
19:47:24.023,2.48,-38.87,0.00,824.2450860963293,ON,DEPLOYED,AUTO
19:47:24.124,2.00,-38.41,0.00,799.8840403402962,ON,DEPLOYED,AUTO
19:47:24.224,1.51,-37.94,0.00,775.2733365020133,ON,DEPLOYED,AUTO
19:47:24.325,1.01,-37.45,0.00,750.4744885240699,ON,DEPLOYED,AUTO
19:47:24.426,0.51,-36.94,0.00,725.5494806114208,ON,DEPLOYED,AUTO
19:47:24.526,0.01,-36.42,0.00,700.560612303155,ON,DEPLOYED,AUTO
19:47:24.626,-0.49,-35.88,0.00,675.5703427560925,ON,DEPLOYED,AUTO
19:47:24.727,-0.99,-35.33,0.00,650.6411346294207,ON,DEPLOYED,AUTO
19:47:24.827,-1.48,-34.77,0.00,625.8352979605761,ON,DEPLOYED,AUTO
19:47:24.928,-1.98,-34.19,0.00,601.2148344226011,ON,DEPLOYED,AUTO
19:47:25.029,-2.46,-33.60,0.00,188.4206411761259,ON,RETRACTED,AUTO
19:47:25.130,-2.94,-32.99,0.00,176.38778146810193,ON,RETRACTED,AUTO
19:47:25.229,-3.42,-32.37,0.00,164.53891396990673,ON,RETRACTED,AUTO
19:47:25.330,-3.88,-31.74,0.00,152.90365467951509,ON,RETRACTED,AUTO
19:47:25.431,-4.34,-31.10,0.00,141.51108568562728,ON,RETRACTED,AUTO
19:47:25.531,-4.78,-30.44,0.00,130.38968247759306,ON,RETRACTED,AUTO
19:47:25.632,-5.22,-29.77,0.00,119.56724277151778,ON,RETRACTED,AUTO
19:47:25.732,-5.64,-29.09,0.00,109.07081703044929,ON,RETRACTED,AUTO
19:47:25.833,-6.04,-28.40,0.00,98.92664085230754,ON,RETRACTED,AUTO
19:47:25.933,-6.43,-27.69,0.00,89.16006939455326,ON,RETRACTED,AUTO
19:47:26.034,-6.81,-26.98,0.00,79.79551399949892,ON,RETRACTED,AUTO
19:47:26.134,-7.17,-26.25,0.00,70.85638117866614,ON,RETRACTED,AUTO
19:47:26.235,-7.51,-25.52,0.00,62.36501410869681,ON,RETRACTED,AUTO
19:47:26.335,-7.83,-24.77,0.00,54.34263678504749,ON,RETRACTED,AUTO
19:47:26.435,-8.13,-24.01,0.00,46.80930097305415,ON,RETRACTED,AUTO
19:47:26.536,-8.41,-23.25,0.00,39.783836088961465,ON,RETRACTED,AUTO
19:47:26.636,-8.67,-22.47,0.00,33.28380213618837,ON,RETRACTED,AUTO
19:47:26.737,-8.91,-21.69,0.00,27.325445814464672,ON,RETRACTED,AUTO
19:47:26.838,-9.12,-20.90,0.00,21.923659911542813,ON,RETRACTED,AUTO
19:47:26.939,-9.32,-20.10,0.00,17.091946078984506,ON,RETRACTED,AUTO
19:47:27.039,-9.49,-19.29,0.00,12.842381085063266,ON,RETRACTED,AUTO
19:47:27.139,-9.63,-18.47,0.00,9.185586629133383,ON,RETRACTED,AUTO
19:47:27.241,-9.75,-17.65,0.00,6.130702792912928,ON,RETRACTED,AUTO
19:47:27.341,-9.85,-16.81,0.00,3.6853651950398216,ON,RETRACTED,AUTO
19:47:27.441,-9.93,-15.98,0.00,1.8556859060015256,ON,RETRACTED,AUTO
19:47:27.542,-9.97,-15.13,0.00,0.646238171142187,ON,RETRACTED,AUTO
19:47:27.642,-10.00,-14.28,0.00,0.06004497993069435,ON,RETRACTED,AUTO
19:47:27.742,-10.00,-13.42,0.00,0.098571510061646,ON,RETRACTED,AUTO
19:47:27.842,-9.97,-12.56,0.00,0.7617214652739221,ON,RETRACTED,AUTO
19:47:27.943,-9.92,-11.70,0.00,2.0478373160412673,ON,RETRACTED,AUTO
19:47:28.043,-9.84,-10.82,0.00,3.9537044425329952,ON,RETRACTED,AUTO
19:47:28.143,-9.74,-9.95,0.00,6.474559169489169,ON,RETRACTED,AUTO
19:47:28.244,-9.62,-9.07,0.00,9.604100672928155,ON,RETRACTED,AUTO
19:47:28.344,-9.47,-8.19,0.00,13.334506728925021,ON,RETRACTED,AUTO
19:47:28.445,-9.29,-7.30,0.00,17.65645326509764,ON,RETRACTED,AUTO
19:47:28.545,-9.10,-6.41,0.00,22.559137665931672,ON,RETRACTED,AUTO
19:47:28.646,-8.88,-5.52,0.00,28.030305773693698,ON,RETRACTED,AUTO
19:47:28.747,-8.64,-4.62,0.00,34.056282517443464,ON,RETRACTED,AUTO
19:47:28.846,-8.38,-3.73,0.00,40.62200609358948,ON,RETRACTED,AUTO
19:47:28.947,-8.09,-2.83,0.00,47.71106561255402,ON,RETRACTED,AUTO
19:47:29.048,-7.79,-1.93,0.00,55.305742117450365,ON,RETRACTED,AUTO
19:47:29.149,-7.46,-1.03,0.00,63.38705287224721,ON,RETRACTED,AUTO
19:47:29.249,-7.12,-0.13,0.00,71.93479880872269,ON,RETRACTED,AUTO
19:47:29.350,-6.76,0.77,0.00,80.92761501361551,ON,RETRACTED,AUTO
19:47:29.450,-6.39,1.67,0.00,90.34302412978138,ON,RETRACTED,AUTO
19:47:29.550,-5.99,2.57,0.00,100.15749253788005,ON,RETRACTED,AUTO
19:47:29.651,-5.59,3.46,0.00,110.34648917816733,ON,RETRACTED,AUTO
19:47:29.751,-5.16,4.36,0.00,120.88454686536932,ON,RETRACTED,AUTO
19:47:29.851,-4.73,5.26,0.00,131.74532594338208,ON,RETRACTED,AUTO
19:47:29.952,-4.28,6.15,0.00,142.90168012069483,ON,RETRACTED,AUTO
19:47:30.053,-3.83,7.04,0.00,154.325724321981,ON,RETRACTED,AUTO
19:47:30.153,-3.36,7.93,0.00,165.9889043862644,ON,RETRACTED,AUTO
19:47:30.254,-2.89,8.81,0.00,177.86206843745083,ON,RETRACTED,AUTO
19:47:30.355,-2.40,9.69,0.00,189.91553974883647,ON,RETRACTED,AUTO
19:47:30.455,-1.92,10.57,0.00,604.2383818389382,ON,DEPLOYED,AUTO
19:47:30.556,-1.42,11.44,0.00,628.8850383539211,ON,DEPLOYED,AUTO
19:47:30.657,-0.93,12.31,0.00,653.7094452370645,ON,DEPLOYED,AUTO
19:47:30.757,-0.43,13.17,0.00,678.6495543994613,ON,DEPLOYED,AUTO
19:47:30.857,0.07,14.03,0.00,703.6430285567626,ON,DEPLOYED,AUTO
19:47:30.958,0.57,14.88,0.00,728.6273970399245,ON,DEPLOYED,AUTO
19:47:31.058,1.07,15.73,0.00,753.5402119393462,ON,DEPLOYED,AUTO
19:47:31.159,1.57,16.57,0.00,778.319204192122,ON,DEPLOYED,AUTO
19:47:31.259,2.06,17.40,0.00,802.9024392222692,ON,DEPLOYED,AUTO
19:47:31.360,2.54,18.23,0.00,827.2284717449131,ON,DEPLOYED,AUTO
19:47:31.461,3.02,19.05,0.00,851.2364993474997,ON,DEPLOYED,AUTO
19:47:31.561,3.50,19.86,0.00,874.8665144641611,ON,DEPLOYED,AUTO
19:47:31.662,3.96,20.66,0.00,898.0594543633791,ON,DEPLOYED,AUTO
19:47:31.762,4.42,21.46,0.00,920.7573487740549,ON,DEPLOYED,AUTO
19:47:31.863,4.86,22.25,0.00,942.9034647809964,ON,DEPLOYED,AUTO
19:47:31.963,5.29,23.02,0.00,964.44244862766,ON,DEPLOYED,AUTO
19:47:32.064,5.71,23.79,0.00,985.3204640717147,ON,DEPLOYED,AUTO
19:47:32.165,6.11,24.55,0.00,1005.48532694761,ON,DEPLOYED,AUTO
19:47:32.265,6.50,25.30,0.00,1024.8866355998136,ON,DEPLOYED,AUTO
19:47:32.366,6.87,26.04,0.00,1043.4758968607007,ON,DEPLOYED,AUTO
19:47:32.467,7.22,26.77,0.00,1061.206647258219,ON,DEPLOYED,AUTO
19:47:32.567,7.56,27.49,0.00,1078.0345691503705,ON,DEPLOYED,AUTO
19:47:32.667,7.88,28.19,0.00,1093.9176014962372,ON,DEPLOYED,AUTO
19:47:32.767,8.18,28.89,0.00,1108.816044986677,ON,DEPLOYED,AUTO
19:47:32.868,8.45,29.57,0.00,1122.6926612719233,ON,DEPLOYED,AUTO
19:47:32.969,8.71,30.25,0.00,1135.5127660380647,ON,DEPLOYED,AUTO
19:47:33.069,8.94,30.91,0.00,1147.2443156997667,ON,DEPLOYED,AUTO
19:47:33.169,9.16,31.55,0.00,1157.8579874925485,ON,DEPLOYED,AUTO
19:47:33.270,9.35,32.19,0.00,1167.3272527644208,ON,DEPLOYED,AUTO
19:47:33.371,9.51,32.81,0.00,1175.6284432837022,ON,DEPLOYED,AUTO
19:47:33.472,9.65,33.42,0.00,1182.7408103972703,ON,DEPLOYED,AUTO
19:47:33.573,9.77,34.02,0.00,1188.6465768913906,ON,DEPLOYED,AUTO
19:47:33.673,9.87,34.60,0.00,1193.3309814254912,ON,DEPLOYED,AUTO
19:47:33.774,9.94,35.17,0.00,1196.7823154278278,ON,DEPLOYED,AUTO
19:47:33.874,9.98,35.72,0.00,1198.9919523608144,ON,DEPLOYED,AUTO
19:47:33.975,10.00,36.26,0.00,1199.9543692828747,ON,DEPLOYED,AUTO
19:47:34.075,9.99,36.79,0.00,1199.6671606529214,ON,DEPLOYED,AUTO
19:47:34.176,9.96,37.30,0.00,1198.1310443429534,ON,DEPLOYED,AUTO
19:47:34.276,9.91,37.79,0.00,1195.3498598437518,ON,DEPLOYED,AUTO
19:47:34.377,9.83,38.28,0.00,1191.330558668152,ON,DEPLOYED,AUTO
19:47:34.477,9.72,38.74,0.00,1186.0831869758813,ON,DEPLOYED,AUTO
19:47:34.578,9.59,39.19,0.00,1179.620860463392,ON,DEPLOYED,AUTO
19:47:34.678,9.44,39.63,0.00,1171.9597315814515,ON,DEPLOYED,AUTO
19:47:34.779,9.26,40.04,0.00,1163.1189491624252,ON,DEPLOYED,AUTO
19:47:34.879,9.06,40.45,0.00,1153.120610558171,ON,DEPLOYED,AUTO
19:47:34.980,8.84,40.83,0.00,1141.989706408165,ON,DEPLOYED,AUTO
19:47:35.081,8.60,41.20,0.00,1129.75405817592,ON,DEPLOYED,AUTO
19:47:35.183,8.33,41.56,0.00,1116.4442486098144,ON,DEPLOYED,AUTO
19:47:35.283,8.04,41.89,0.00,1102.0935453021489,ON,DEPLOYED,AUTO
19:47:35.384,7.73,42.21,0.00,1086.7378175374906,ON,DEPLOYED,AUTO
19:47:35.484,7.41,42.52,0.00,1070.4154466381437,ON,DEPLOYED,AUTO
19:47:35.592,7.06,42.80,0.00,1053.1672300308303,ON,DEPLOYED,AUTO
19:47:35.693,6.70,43.07,0.00,1035.0362792743713,ON,DEPLOYED,AUTO
19:47:35.794,6.32,43.32,0.00,1016.0679123032413,ON,DEPLOYED,AUTO
19:47:35.896,5.93,43.56,0.00,996.3095401563344,ON,DEPLOYED,AUTO
19:47:35.997,5.52,43.78,0.00,975.8105484740565,ON,DEPLOYED,AUTO
19:47:36.098,5.09,43.98,0.00,954.6221740599455,ON,DEPLOYED,AUTO
19:47:36.200,4.66,44.16,0.00,932.7973768153447,ON,DEPLOYED,AUTO
19:47:36.302,4.21,44.32,0.00,910.3907073672315,ON,DEPLOYED,AUTO
19:47:36.402,3.75,44.47,0.00,887.4581707200588,ON,DEPLOYED,AUTO
19:47:36.503,3.28,44.60,0.00,864.0570862724105,ON,DEPLOYED,AUTO
19:47:36.603,2.80,44.71,0.00,840.2459445483571,ON,DEPLOYED,AUTO
19:47:36.704,2.32,44.80,0.00,816.0842610016063,ON,DEPLOYED,AUTO
19:47:36.804,1.83,44.88,0.00,791.6324272578638,ON,DEPLOYED,AUTO
19:47:36.904,1.34,44.94,0.00,766.9515601672206,ON,DEPLOYED,AUTO
19:47:37.005,0.84,44.97,0.00,742.1033490438566,ON,DEPLOYED,AUTO
19:47:37.105,0.34,45.00,0.00,717.1499014748824,ON,DEPLOYED,AUTO
19:47:37.206,-0.16,45.00,0.00,692.1535880837168,ON,DEPLOYED,AUTO
19:47:37.306,-0.66,44.98,0.00,667.1768866360098,ON,DEPLOYED,AUTO
19:47:37.407,-1.15,44.95,0.00,642.2822258777663,ON,DEPLOYED,AUTO
19:47:37.507,-1.65,44.90,0.00,617.5318294959939,ON,DEPLOYED,AUTO
19:47:37.607,-2.14,44.83,0.00,196.49378029594493,ON,RETRACTED,AUTO
19:47:37.707,-2.63,44.75,0.00,184.3553835276535,ON,RETRACTED,AUTO
19:47:37.808,-3.10,44.64,0.00,172.38106411348878,ON,RETRACTED,AUTO
19:47:37.909,-3.58,44.52,0.00,160.60075161588134,ON,RETRACTED,AUTO
19:47:38.009,-4.04,44.38,0.00,149.04389068100727,ON,RETRACTED,AUTO
19:47:38.109,-4.49,44.22,0.00,137.73936744250722,ON,RETRACTED,AUTO
19:47:38.210,-4.93,44.05,0.00,126.71543732119562,ON,RETRACTED,AUTO
19:47:38.311,-5.36,43.85,0.00,115.99965440122426,ON,RETRACTED,AUTO
19:47:38.411,-5.78,43.64,0.00,105.61880255922128,ON,RETRACTED,AUTO
19:47:38.511,-6.18,43.41,0.00,95.59882851854886,ON,RETRACTED,AUTO
19:47:38.612,-6.56,43.17,0.00,85.96477699600715,ON,RETRACTED,AUTO
19:47:38.713,-6.93,42.91,0.00,76.74072810308573,ON,RETRACTED,AUTO
19:47:38.813,-7.28,42.63,0.00,67.94973715822525,ON,RETRACTED,AUTO
19:47:38.913,-7.62,42.33,0.00,59.61377706052838,ON,RETRACTED,AUTO
19:47:39.014,-7.93,42.02,0.00,51.75368336895548,ON,RETRACTED,AUTO
19:47:39.115,-8.22,41.68,0.00,44.389102224277906,ON,RETRACTED,AUTO
19:47:39.215,-8.50,41.34,0.00,37.538441243957834,ON,RETRACTED,AUTO
19:47:39.316,-8.75,40.97,0.00,31.218823512690875,ON,RETRACTED,AUTO
19:47:39.416,-8.98,40.59,0.00,25.446044783612024,ON,RETRACTED,AUTO
19:47:39.517,-9.19,40.20,0.00,20.234533997139096,ON,RETRACTED,AUTO
19:47:39.618,-9.38,39.78,0.00,15.597317216135906,ON,RETRACTED,AUTO
19:47:39.718,-9.54,39.36,0.00,11.545985067539334,ON,RETRACTED,AUTO
19:47:39.820,-9.68,38.91,0.00,8.090663771827906,ON,RETRACTED,AUTO
19:47:39.920,-9.79,38.45,0.00,5.239989832744442,ON,RETRACTED,AUTO
19:47:40.021,-9.88,37.98,0.00,3.001088450534354,ON,RETRACTED,AUTO
19:47:40.121,-9.94,37.49,0.00,1.3795557126559572,ON,RETRACTED,AUTO
19:47:40.221,-9.98,36.98,0.00,0.3794446064760564,ON,RETRACTED,AUTO
19:47:40.323,-10.00,36.46,0.00,0.003254888912323395,ON,RETRACTED,AUTO
19:47:40.423,-9.99,35.92,0.00,0.2519268383428255,ON,RETRACTED,AUTO
19:47:40.523,-9.96,35.38,0.00,1.1248389043998372,ON,RETRACTED,AUTO
19:47:40.624,-9.90,34.81,0.00,2.6198092615220503,ON,RETRACTED,AUTO
19:47:40.724,-9.81,34.24,0.00,4.733101262382121,ON,RETRACTED,AUTO
19:47:40.826,-9.70,33.64,0.00,7.459432777559073,ON,RETRACTED,AUTO
19:47:40.926,-9.57,33.04,0.00,10.791989398110871,ON,RETRACTED,AUTO
19:47:41.026,-9.41,32.42,0.00,14.722441468048089,ON,RETRACTED,AUTO
19:47:41.127,-9.23,31.79,0.00,19.24096490413561,ON,RETRACTED,AUTO
19:47:41.228,-9.03,31.15,0.00,24.336265750984694,ON,RETRACTED,AUTO
19:47:41.328,-8.80,30.49,0.00,29.995608410059475,ON,RETRACTED,AUTO
19:47:41.429,-8.55,29.82,0.00,36.20484747204085,ON,RETRACTED,AUTO
19:47:41.529,-8.28,29.15,0.00,42.948463072983,ON,RETRACTED,AUTO
19:47:41.630,-7.99,28.45,0.00,50.20959968589051,ON,RETRACTED,AUTO
19:47:41.730,-7.68,27.75,0.00,57.97010825075782,ON,RETRACTED,AUTO
19:47:41.831,-7.35,27.04,0.00,66.21059153776739,ON,RETRACTED,AUTO
19:47:41.931,-7.00,26.31,0.00,74.91045263026223,ON,RETRACTED,AUTO
19:47:42.032,-6.64,25.58,0.00,84.04794640631101,ON,RETRACTED,AUTO
19:47:42.135,-6.26,24.83,0.00,93.60023389018829,ON,RETRACTED,AUTO
19:47:42.235,-5.86,24.08,0.00,103.54343933791932,ON,RETRACTED,AUTO
19:47:42.335,-5.45,23.31,0.00,113.85270991420586,ON,RETRACTED,AUTO
19:47:42.437,-5.02,22.54,0.00,124.50227781157133,ON,RETRACTED,AUTO
19:47:42.537,-4.58,21.75,0.00,135.46552465645988,ON,RETRACTED,AUTO
19:47:42.637,-4.13,20.96,0.00,146.7150480413077,ON,RETRACTED,AUTO
19:47:42.738,-3.67,20.16,0.00,158.222730016291,ON,RETRACTED,AUTO
19:47:42.837,-3.20,19.35,0.00,169.95980736955696,ON,RETRACTED,AUTO
19:47:42.938,-2.72,18.53,0.00,181.89694352027396,ON,RETRACTED,AUTO
19:47:43.039,-2.24,17.71,0.00,194.00430184480535,ON,RETRACTED,AUTO
19:47:43.139,-1.75,16.88,0.00,612.5032405054598,ON,DEPLOYED,AUTO
19:47:43.241,-1.26,16.04,0.00,637.2165736526154,ON,DEPLOYED,AUTO
19:47:43.341,-0.76,15.20,0.00,662.0868326686641,ON,DEPLOYED,AUTO
19:47:43.441,-0.26,14.35,0.00,687.051854858246,ON,DEPLOYED,AUTO
19:47:43.541,0.24,13.49,0.00,712.0492406674189,ON,DEPLOYED,AUTO
19:47:43.642,0.74,12.63,0.00,737.0165096500463,ON,DEPLOYED,AUTO
19:47:43.743,1.24,11.77,0.00,761.8912566363734,ON,DEPLOYED,AUTO
19:47:43.844,1.73,10.89,0.00,786.6113077134519,ON,DEPLOYED,AUTO
19:47:43.945,2.22,10.02,0.00,811.1148756275423,ON,DEPLOYED,AUTO
19:47:44.045,2.71,9.14,0.00,835.3407142200704,ON,DEPLOYED,AUTO
19:47:44.146,3.18,8.26,0.00,859.2282715111272,ON,DEPLOYED,AUTO
19:47:44.246,3.65,7.37,0.00,882.7178410478841,ON,DEPLOYED,AUTO
19:47:44.346,4.12,6.48,0.00,905.7507111396301,ON,DEPLOYED,AUTO
19:47:44.447,4.57,5.59,0.00,928.2693116064222,ON,DEPLOYED,AUTO
19:47:44.547,5.00,4.69,0.00,950.2173576745536,ON,DEPLOYED,AUTO
19:47:44.649,5.43,3.80,0.00,971.5399906591747,ON,DEPLOYED,AUTO
19:47:44.749,5.84,2.90,0.00,992.1839150824364,ON,DEPLOYED,AUTO
19:47:44.850,6.24,2.00,0.00,1012.0975318844281,ON,DEPLOYED,AUTO
19:47:44.950,6.62,1.10,0.00,1031.2310673939555,ON,DEPLOYED,AUTO
19:47:45.051,6.99,0.20,0.00,1049.5366977367976,ON,DEPLOYED,AUTO
19:47:45.152,7.34,-0.70,0.00,1066.9686683704842,ON,DEPLOYED,AUTO
19:47:45.252,7.67,-1.60,0.00,1083.4834084468262,ON,DEPLOYED,AUTO
19:47:45.353,7.98,-2.50,0.00,1099.0396397163422,ON,DEPLOYED,AUTO
19:47:45.454,8.27,-3.39,0.00,1113.5984797023875,ON,DEPLOYED,AUTO
19:47:45.555,8.54,-4.29,0.00,1127.1235388870934,ON,DEPLOYED,AUTO
19:47:45.655,8.79,-5.19,0.00,1139.5810116662128,ON,DEPLOYED,AUTO
19:47:45.755,9.02,-6.08,0.00,1150.9397608455242,ON,DEPLOYED,AUTO
19:47:45.856,9.22,-6.97,0.00,1161.171395467601,ON,DEPLOYED,AUTO
19:47:45.956,9.41,-7.86,0.00,1170.2503417744206,ON,DEPLOYED,AUTO
19:47:46.057,9.56,-8.74,0.00,1178.1539071284392,ON,DEPLOYED,AUTO
19:47:46.159,9.70,-9.62,0.00,1184.862336732369,ON,DEPLOYED,AUTO
19:47:46.265,9.81,-10.50,0.00,1190.3588630058828,ON,DEPLOYED,AUTO
19:47:46.378,9.89,-11.37,0.00,1194.629747495832,ON,DEPLOYED,AUTO
19:47:46.480,9.95,-12.24,0.00,1197.6643152152255,ON,DEPLOYED,AUTO
19:47:46.581,9.99,-13.10,0.00,1199.454981325137,ON,DEPLOYED,AUTO
19:47:46.682,10.00,-13.96,0.00,1199.9972700928524,ON,DEPLOYED,AUTO
